0.015 0.092
0.000000 0.000000 0.000000 0.000000 0.000000 0.000000 0.000000 0.000000 0.000000 0.000000 0.000000 0.000000 0.000000 0.000000 0.000000 0.000000 0.000000 0.000000 0.000000 0.000000 0.000000 0.000000 0.000000 0.000000 0.000000 0.000000 0.000000 0.000000 0.000000 0.000000 0.000000 0.000000 0.000000 0.000000 0.000000 0.000000 0.000000 0.000000 0.000000 0.000000 0.000000 0.000000 0.000000 0.000000 0.000000 0.000000 0.000000 0.000000 0.000000 0.000000 0.000000 0.000000 0.000000 0.000000 0.000000 0.000000 0.000000 0.000000 0.000000 0.000000 0.000000 0.000000 0.000000 0.000000 0.000000 0.000000 0.000000 0.000000 0.000000 0.000000 0.000000 0.000000 0.000000 0.000000 0.000000 0.000000 0.000000 0.000000 0.000000 0.000000 0.000000 0.000000 0.000000 0.000000 0.000000 0.000000 0.000000 0.000000 0.000000 0.000000 0.000000 0.000000 0.000000 0.000000 0.000000 0.000000 0.000000 0.000000 0.000000 0.000000 0.000000 0.000000 0.000000 0.000000 0.000000 0.000000 0.000000 0.000000 0.000000 0.000000 0.000000 0.000000 0.000000 0.000000 0.000000 0.000000 0.000000 0.000000 0.000000 0.000000 0.000000 0.000000 0.000000 0.000000 0.000000 0.000000 0.000000 0.000000 0.000000 0.000000 0.000000 0.000000 0.000000 0.000000 0.000000 0.000000 0.000000 0.000000 0.000000 0.000000 0.000000 0.000000 0.000000 0.000000 0.000000 0.000000 0.000000 0.000000 0.000000 0.000000 0.000000 0.000000 0.000000 0.000000 0.000000 0.000000 0.000000 0.000000 0.000000 0.000000 0.000000 0.000000 0.000000 0.000000 0.000000 0.000000 0.000000 0.000000 0.000000 0.000000 0.000000 0.000000 0.000000 0.000000 0.000000 0.000000 0.000000 0.000000 0.000000 0.000000 0.000000 0.000000 0.000000 0.000000 0.000000 0.000000 0.000000 0.000000 0.000000 0.000000 0.000000 0.000000 0.000000 0.000000 0.000000 0.000000 0.000000 0.000000 0.000000 0.000000 0.000000 0.000000
0.000000 0.009654 0.008633 -0.000009 -0.000009 -0.000009 -0.000009 -0.000009 -0.000009 -0.000009 -0.000009 -0.000009 -0.000009 -0.000009 -0.000009 -0.000009 -0.000009 -0.000009 -0.000009 -0.000009 -0.000009 -0.000009 -0.000009 -0.000009 -0.000009 -0.000009 -0.000009 -0.000009 -0.000009 -0.000009 -0.000009 -0.000009 -0.000009 -0.000009 -0.000009 -0.000009 -0.000009 -0.000009 -0.000009 -0.000009 -0.000009 -0.000009 -0.000009 -0.000009 -0.000009 -0.000009 -0.000009 -0.000009 -0.000009 -0.000009 -0.000009 -0.000009 -0.000009 -0.000009 -0.000009 -0.000009 -0.000009 -0.000009 -0.000009 -0.000009 -0.000009 -0.000009 -0.000009 -0.000009 -0.000009 -0.000009 -0.000009 -0.000009 -0.000009 -0.000009 -0.000009 -0.000009 -0.000009 -0.000009 -0.000009 -0.000009 -0.000009 -0.000009 -0.000009 -0.000009 -0.000009 -0.000009 -0.000009 -0.000009 -0.000009 -0.000009 -0.000009 -0.000009 -0.000009 -0.000009 -0.000009 -0.000009 -0.000009 -0.000009 -0.000009 -0.000009 -0.000009 -0.000009 -0.000009 -0.000009 -0.000009 -0.000009 -0.000009 -0.000009 -0.000009 -0.000009 -0.000009 -0.000009 -0.000009 -0.000009 -0.000009 -0.000009 -0.000009 -0.000009 -0.000009 -0.000009 -0.000009 -0.000009 -0.000009 -0.000009 -0.000009 -0.000009 -0.000009 -0.000009 -0.000009 -0.000009 -0.000009 -0.000009 -0.000009 -0.000009 -0.000009 -0.000009 -0.000009 -0.000009 -0.000009 -0.000009 -0.000009 -0.000009 -0.000009 -0.000009 -0.000009 -0.000009 -0.000009 -0.000009 -0.000009 -0.000009 -0.000009 -0.000009 -0.000009 -0.000009 -0.000009 -0.000009 -0.000009 -0.000009 -0.000009 -0.000009 -0.000009 -0.000009 -0.000009 -0.000009 -0.000009 -0.000009 -0.000009 -0.000009 -0.000009 -0.000009 -0.000009 -0.000009 -0.000009 -0.000009 -0.000009 -0.000009 -0.000009 -0.000009 -0.000009 -0.000009 -0.000009 -0.000009 -0.000009 -0.000009 -0.000009 -0.000009 -0.000009 -0.000009 -0.000009 -0.000009 -0.000009 -0.000009 -0.000009 -0.000009 -0.000009 -0.000009 -0.000009 -0.000009 -0.000009 -0.000009 -0.000009 -0.000009 -0.000009 0.008632 0.009653 0.000000
0.000000 0.132910 0.032097 0.007526 0.001126 0.000450 0.001828 0.004063 0.005759 0.005631 0.003458 0.000343 -0.000009 -0.000009 -0.000009 -0.000009 -0.000009 -0.000009 -0.000009 -0.000009 -0.000009 -0.000009 -0.000009 -0.000009 -0.000009 -0.000009 -0.000009 -0.000009 -0.000009 -0.000009 -0.000009 -0.000009 -0.000009 -0.000009 -0.000009 -0.000009 -0.000009 -0.000009 -0.000009 -0.000009 -0.000009 -0.000009 -0.000009 -0.000009 -0.000009 -0.000009 -0.000009 -0.000009 -0.000009 -0.000009 -0.000009 -0.000009 -0.000009 -0.000009 -0.000009 -0.000009 -0.000009 -0.000009 -0.000009 -0.000009 -0.000009 -0.000009 -0.000009 -0.000009 -0.000009 -0.000009 -0.000009 -0.000009 -0.000009 -0.000009 -0.000009 -0.000009 -0.000009 -0.000009 -0.000009 -0.000009 -0.000009 -0.000009 -0.000009 -0.000009 -0.000009 -0.000009 -0.000009 -0.000009 -0.000009 -0.000009 -0.000009 -0.000009 -0.000009 -0.000009 -0.000009 -0.000009 0.000212 0.000585 0.000915 0.001200 0.001439 0.001631 0.001775 0.001872 0.001920 0.001920 0.001872 0.001775 0.001631 0.001439 0.001200 0.000915 0.000585 0.000212 -0.000009 -0.000009 -0.000009 -0.000009 -0.000009 -0.000009 -0.000009 -0.000009 -0.000009 -0.000009 -0.000009 -0.000009 -0.000009 -0.000009 -0.000009 -0.000009 -0.000009 -0.000009 -0.000009 -0.000009 -0.000009 -0.000009 -0.000009 -0.000009 -0.000009 -0.000009 -0.000009 -0.000009 -0.000009 -0.000009 -0.000009 -0.000009 -0.000009 -0.000009 -0.000009 -0.000009 -0.000009 -0.000009 -0.000009 -0.000009 -0.000009 -0.000009 -0.000009 -0.000009 -0.000009 -0.000009 -0.000009 -0.000009 -0.000009 -0.000009 -0.000009 -0.000009 -0.000009 -0.000009 -0.000009 -0.000009 -0.000009 -0.000009 -0.000009 -0.000009 -0.000009 -0.000009 -0.000009 -0.000009 -0.000009 -0.000009 -0.000009 -0.000009 -0.000009 -0.000009 -0.000009 -0.000009 -0.000009 -0.000009 -0.000009 -0.000009 -0.000009 -0.000009 -0.000009 -0.000009 0.000343 0.003458 0.005631 0.005759 0.004062 0.001828 0.000450 0.001126 0.007525 0.032096 0.132908 0.000000
1.000000 0.170773 0.066325 0.031165 0.027707 0.037856 0.056902 0.079585 0.097257 0.101991 0.092025 0.072522 0.051588 0.035120 0.025029 0.020981 0.022195 0.028025 0.037650 0.049315 0.060089 0.067013 0.068789 0.066251 0.061390 0.056134 0.051706 0.048581 0.046688 0.045661 0.045037 0.044420 0.043577 0.042472 0.041213 0.039969 0.038891 0.038065 0.037503 0.037167 0.036991 0.036906 0.036863 0.036837 0.036829 0.036860 0.036960 0.037156 0.037470 0.037910 0.038477 0.039163 0.039960 0.040856 0.041845 0.042922 0.044086 0.045337 0.046678 0.048108 0.049626 0.051231 0.052919 0.054685 0.056524 0.058429 0.060394 0.062414 0.064482 0.066591 0.068735 0.070907 0.073102 0.075312 0.077530 0.079750 0.081964 0.084166 0.086349 0.088507 0.090632 0.092718 0.094759 0.096748 0.098679 0.100546 0.102341 0.104060 0.105695 0.107241 0.108691 0.110039 0.111271 0.112374 0.113341 0.114171 0.114864 0.115419 0.115835 0.116114 0.116253 0.116253 0.116114 0.115835 0.115419 0.114864 0.114171 0.113341 0.112374 0.111271 0.110039 0.108691 0.107241 0.105696 0.104060 0.102342 0.100546 0.098680 0.096749 0.094759 0.092718 0.090632 0.088507 0.086350 0.084167 0.081965 0.079750 0.077531 0.075312 0.073103 0.070908 0.068735 0.066591 0.064482 0.062415 0.060395 0.058429 0.056524 0.054686 0.052920 0.051232 0.049627 0.048108 0.046679 0.045338 0.044086 0.042922 0.041845 0.040856 0.039960 0.039164 0.038477 0.037911 0.037470 0.037157 0.036961 0.036861 0.036830 0.036837 0.036864 0.036907 0.036992 0.037168 0.037504 0.038065 0.038892 0.039970 0.041214 0.042473 0.043578 0.044420 0.045038 0.045661 0.046689 0.048581 0.051707 0.056134 0.061391 0.066252 0.068790 0.067013 0.060090 0.049316 0.037651 0.028025 0.022196 0.020982 0.025029 0.035121 0.051589 0.072523 0.092026 0.101991 0.097257 0.079584 0.056901 0.037855 0.027706 0.031164 0.066323 0.170771 1.000000
0.000000 0.174806 0.082550 0.066345 0.082394 0.126652 0.193505 0.264207 0.314153 0.328785 0.306907 0.257252 0.196229 0.142270 0.106992 0.092923 0.098512 0.121795 0.159244 0.202992 0.242017 0.267686 0.277514 0.274329 0.263444 0.250240 0.238764 0.231191 0.227913 0.228025 0.229981 0.232238 0.233710 0.233957 0.233101 0.231587 0.229934 0.228559 0.227694 0.227388 0.227553 0.228036 0.228683 0.229381 0.230080 0.230793 0.231572 0.232483 0.233590 0.234933 0.236527 0.238369 0.240438 0.242711 0.245166 0.247784 0.250555 0.253474 0.256537 0.259741 0.263082 0.266551 0.270138 0.273828 0.277606 0.281456 0.285362 0.289307 0.293277 0.297256 0.301231 0.305187 0.309113 0.312996 0.316823 0.320583 0.324266 0.327860 0.331356 0.334746 0.338020 0.341170 0.344190 0.347073 0.349812 0.352401 0.354837 0.357114 0.359229 0.361180 0.362963 0.364578 0.366026 0.367307 0.368423 0.369377 0.370169 0.370802 0.371275 0.371591 0.371748 0.371748 0.371591 0.371275 0.370802 0.370169 0.369377 0.368423 0.367307 0.366026 0.364579 0.362963 0.361180 0.359230 0.357114 0.354837 0.352402 0.349812 0.347073 0.344191 0.341171 0.338020 0.334746 0.331357 0.327861 0.324266 0.320584 0.316824 0.312997 0.309114 0.305188 0.301232 0.297257 0.293278 0.289309 0.285363 0.281458 0.277607 0.273829 0.270139 0.266552 0.263083 0.259743 0.256538 0.253475 0.250557 0.247786 0.245167 0.242713 0.240440 0.238370 0.236529 0.234934 0.233592 0.232485 0.231573 0.230795 0.230082 0.229382 0.228685 0.228038 0.227555 0.227389 0.227696 0.228561 0.229935 0.231588 0.233103 0.233959 0.233711 0.232239 0.229983 0.228026 0.227914 0.231193 0.238766 0.250242 0.263446 0.274331 0.277516 0.267687 0.242018 0.202993 0.159245 0.121796 0.098514 0.092925 0.106994 0.142273 0.196231 0.257254 0.306908 0.328785 0.314151 0.264204 0.193503 0.126649 0.082391 0.066343 0.082547 0.174804 0.000000
0.007366 0.064642 0.088745 0.102512 0.153476 0.249025 0.372109 0.482738 0.551039 0.569856 0.542819 0.476881 0.386271 0.295780 0.230981 0.204814 0.218257 0.266564 0.338097 0.413558 0.474490 0.511956 0.526557 0.523936 0.511245 0.495394 0.481975 0.474403 0.473531 0.478034 0.485412 0.493126 0.499385 0.503414 0.505301 0.505651 0.505239 0.504755 0.504663 0.505163 0.506232 0.507707 0.509376 0.511057 0.512638 0.514093 0.515459 0.516808 0.518220 0.519758 0.521457 0.523325 0.525350 0.527506 0.529766 0.532107 0.534513 0.536973 0.539483 0.542039 0.544637 0.547270 0.549929 0.552603 0.555278 0.557941 0.560578 0.563177 0.565727 0.568217 0.570639 0.572986 0.575252 0.577430 0.579516 0.581507 0.583397 0.585187 0.586873 0.588455 0.589933 0.591307 0.592579 0.593749 0.594822 0.595798 0.596683 0.597479 0.598191 0.598823 0.599382 0.599871 0.600297 0.600663 0.600974 0.601234 0.601446 0.601613 0.601736 0.601817 0.601857 0.601857 0.601817 0.601736 0.601613 0.601446 0.601235 0.600974 0.600663 0.600297 0.599871 0.599382 0.598824 0.598191 0.597479 0.596683 0.595799 0.594822 0.593750 0.592579 0.591308 0.589933 0.588456 0.586874 0.585188 0.583398 0.581507 0.579517 0.577431 0.575253 0.572987 0.570640 0.568218 0.565728 0.563178 0.560580 0.557942 0.555280 0.552605 0.549931 0.547272 0.544639 0.542041 0.539485 0.536975 0.534515 0.532109 0.529768 0.527508 0.525352 0.523327 0.521459 0.519760 0.518222 0.516810 0.515461 0.514096 0.512641 0.511059 0.509378 0.507709 0.506235 0.505165 0.504665 0.504757 0.505241 0.505653 0.505303 0.503416 0.499387 0.493128 0.485414 0.478036 0.473533 0.474405 0.481977 0.495396 0.511248 0.523938 0.526559 0.511957 0.474491 0.413559 0.338098 0.266565 0.218259 0.204817 0.230984 0.295784 0.386275 0.476883 0.542820 0.569856 0.551037 0.482734 0.372104 0.249019 0.153472 0.102509 0.088742 0.064640 0.007366
0.026826 0.056900 0.082842 0.123415 0.202659 0.333063 0.483551 0.604661 0.672393 0.688443 0.659966 0.592225 0.495562 0.393822 0.317918 0.288159 0.308663 0.371869 0.458633 0.543044 0.605867 0.641336 0.653119 0.648363 0.634702 0.619243 0.607781 0.603797 0.607868 0.618064 0.631191 0.644175 0.654952 0.662683 0.667507 0.670135 0.671475 0.672363 0.673403 0.674907 0.676917 0.679286 0.681784 0.684186 0.686333 0.688158 0.689671 0.690932 0.692022 0.693016 0.693965 0.694893 0.695801 0.696673 0.697486 0.698220 0.698859 0.699397 0.699831 0.700163 0.700396 0.700532 0.700571 0.700511 0.700351 0.700087 0.699718 0.699241 0.698658 0.697969 0.697178 0.696290 0.695309 0.694242 0.693095 0.691877 0.690595 0.689259 0.687877 0.686458 0.685014 0.683555 0.682090 0.680630 0.679187 0.677769 0.676388 0.675053 0.673774 0.672558 0.671416 0.670354 0.669379 0.668497 0.667714 0.667034 0.666462 0.666000 0.665651 0.665418 0.665300 0.665300 0.665418 0.665651 0.666000 0.666462 0.667034 0.667714 0.668497 0.669379 0.670354 0.671416 0.672559 0.673774 0.675053 0.676388 0.677770 0.679187 0.680631 0.682090 0.683555 0.685015 0.686459 0.687877 0.689259 0.690596 0.691878 0.693096 0.694242 0.695310 0.696291 0.697179 0.697970 0.698658 0.699242 0.699719 0.700088 0.700352 0.700512 0.700572 0.700533 0.700397 0.700165 0.699832 0.699398 0.698861 0.698221 0.697487 0.696674 0.695803 0.694895 0.693966 0.693017 0.692023 0.690933 0.689672 0.688160 0.686335 0.684187 0.681786 0.679288 0.676918 0.674908 0.673404 0.672364 0.671476 0.670137 0.667509 0.662684 0.654953 0.644176 0.631192 0.618066 0.607869 0.603798 0.607782 0.619245 0.634703 0.648364 0.653120 0.641337 0.605867 0.543044 0.458633 0.371870 0.308665 0.288162 0.317921 0.393826 0.495566 0.592227 0.659967 0.688442 0.672391 0.604657 0.483545 0.333056 0.202653 0.123410 0.082839 0.056898 0.026826
0.033223 0.052162 0.074992 0.116550 0.196729 0.323264 0.467062 0.581152 0.642324 0.652207 0.618824 0.549798 0.457985 0.366729 0.302226 0.280010 0.302697 0.363182 0.443656 0.520073 0.574572 0.601883 0.605945 0.594537 0.576252 0.559006 0.548803 0.548679 0.558371 0.575029 0.594635 0.613492 0.629162 0.640679 0.648254 0.652805 0.655513 0.657483 0.659535 0.662108 0.665276 0.668849 0.672505 0.675920 0.678852 0.681178 0.682888 0.684050 0.684768 0.685146 0.685263 0.685162 0.684854 0.684325 0.683552 0.682513 0.681191 0.679583 0.677693 0.675531 0.673111 0.670447 0.667553 0.664439 0.661115 0.657593 0.653883 0.649998 0.645952 0.641761 0.637444 0.633020 0.628507 0.623929 0.619304 0.614654 0.610001 0.605366 0.600769 0.596231 0.591772 0.587411 0.583168 0.579058 0.575100 0.571307 0.567694 0.564274 0.561057 0.558055 0.555275 0.552726 0.550415 0.548346 0.546526 0.544959 0.543648 0.542596 0.541805 0.541277 0.541012 0.541012 0.541277 0.541805 0.542596 0.543648 0.544959 0.546526 0.548346 0.550415 0.552726 0.555275 0.558055 0.561057 0.564274 0.567694 0.571307 0.575100 0.579058 0.583168 0.587411 0.591772 0.596231 0.600769 0.605366 0.610001 0.614654 0.619304 0.623929 0.628508 0.633020 0.637445 0.641762 0.645952 0.649998 0.653884 0.657594 0.661116 0.664439 0.667553 0.670448 0.673111 0.675531 0.677694 0.679584 0.681192 0.682513 0.683553 0.684325 0.684854 0.685163 0.685263 0.685146 0.684768 0.684051 0.682889 0.681179 0.678852 0.675921 0.672506 0.668850 0.665277 0.662109 0.659536 0.657484 0.655514 0.652806 0.648255 0.640679 0.629163 0.613492 0.594635 0.575029 0.558372 0.548679 0.548804 0.559007 0.576253 0.594538 0.605945 0.601883 0.574571 0.520072 0.443655 0.363182 0.302697 0.280012 0.302228 0.366731 0.457987 0.549799 0.618824 0.652207 0.642321 0.581148 0.467056 0.323257 0.196723 0.116546 0.074989 0.052160 0.033222
0.030122 0.042183 0.058721 0.089027 0.144919 0.232825 0.337334 0.424858 0.470701 0.470735 0.432943 0.370448 0.300361 0.240752 0.204100 0.195015 0.213272 0.254995 0.310132 0.362873 0.398868 0.412101 0.405268 0.386169 0.363941 0.346309 0.338074 0.340825 0.353440 0.372889 0.395240 0.416751 0.434757 0.448053 0.456765 0.461923 0.464941 0.467188 0.469678 0.472945 0.477048 0.481701 0.486449 0.490830 0.494494 0.497260 0.499102 0.500110 0.500428 0.500203 0.499545 0.498515 0.497129 0.495369 0.493205 0.490612 0.487576 0.484100 0.480201 0.475907 0.471249 0.466260 0.460971 0.455409 0.449602 0.443577 0.437361 0.430982 0.424471 0.417861 0.411183 0.404471 0.397755 0.391067 0.384437 0.377892 0.371459 0.365163 0.359026 0.353070 0.347314 0.341774 0.336464 0.331399 0.326588 0.322041 0.317765 0.313765 0.310045 0.306609 0.303458 0.300595 0.298019 0.295731 0.293730 0.292017 0.290591 0.289450 0.288596 0.288026 0.287742 0.287742 0.288026 0.288596 0.289450 0.290591 0.292017 0.293730 0.295731 0.298019 0.300595 0.303458 0.306609 0.310045 0.313765 0.317765 0.322041 0.326588 0.331399 0.336464 0.341773 0.347314 0.353070 0.359026 0.365163 0.371459 0.377892 0.384437 0.391067 0.397755 0.404470 0.411183 0.417861 0.424471 0.430982 0.437361 0.443577 0.449602 0.455409 0.460971 0.466260 0.471249 0.475907 0.480201 0.484100 0.487576 0.490612 0.493205 0.495369 0.497129 0.498515 0.499545 0.500203 0.500428 0.500110 0.499102 0.497260 0.494495 0.490830 0.486449 0.481702 0.477048 0.472945 0.469678 0.467188 0.464941 0.461923 0.456766 0.448053 0.434757 0.416751 0.395240 0.372889 0.353440 0.340825 0.338074 0.346310 0.363941 0.386169 0.405268 0.412100 0.398867 0.362871 0.310130 0.254994 0.213271 0.195015 0.204101 0.240753 0.300363 0.370449 0.432943 0.470734 0.470699 0.424854 0.337329 0.232820 0.144914 0.089023 0.058718 0.042180 0.030122
0.023681 0.030089 0.040228 0.057523 0.086062 0.127831 0.176949 0.218179 0.236343 0.227333 0.198972 0.164136 0.133544 0.112563 0.102467 0.102951 0.113297 0.131828 0.154481 0.174506 0.184991 0.182810 0.170278 0.153208 0.137564 0.127192 0.123511 0.126345 0.134619 0.146678 0.160470 0.173872 0.185152 0.193375 0.198511 0.201252 0.202639 0.203694 0.205164 0.207409 0.210425 0.213939 0.217551 0.220859 0.223560 0.225495 0.226644 0.227091 0.226965 0.226395 0.225476 0.224257 0.222745 0.220924 0.218771 0.216270 0.213419 0.210232 0.206737 0.202971 0.198972 0.194776 0.190419 0.185932 0.181344 0.176682 0.171973 0.167243 0.162517 0.157821 0.153180 0.148615 0.144146 0.139792 0.135567 0.131484 0.127554 0.123785 0.120184 0.116755 0.113503 0.110428 0.107532 0.104814 0.102272 0.099905 0.097709 0.095682 0.093819 0.092118 0.090574 0.089184 0.087944 0.086851 0.085902 0.085094 0.084424 0.083891 0.083493 0.083228 0.083096 0.083096 0.083228 0.083493 0.083891 0.084424 0.085094 0.085902 0.086851 0.087944 0.089184 0.090574 0.092118 0.093819 0.095682 0.097709 0.099905 0.102272 0.104814 0.107532 0.110428 0.113503 0.116755 0.120183 0.123785 0.127554 0.131484 0.135567 0.139792 0.144146 0.148615 0.153180 0.157821 0.162517 0.167242 0.171973 0.176682 0.181344 0.185932 0.190419 0.194776 0.198971 0.202971 0.206737 0.210231 0.213418 0.216270 0.218771 0.220924 0.222744 0.224256 0.225476 0.226395 0.226965 0.227090 0.226644 0.225494 0.223560 0.220859 0.217551 0.213939 0.210424 0.207409 0.205164 0.203694 0.202639 0.201252 0.198511 0.193374 0.185152 0.173871 0.160470 0.146677 0.134619 0.126344 0.123511 0.127191 0.137564 0.153207 0.170278 0.182810 0.184990 0.174504 0.154480 0.131827 0.113296 0.102951 0.102467 0.112563 0.133544 0.164136 0.198972 0.227333 0.236342 0.218177 0.176947 0.127828 0.086058 0.057520 0.040225 0.030086 0.023680
0.016837 0.019072 0.024558 0.033095 0.044713 0.058657 0.072061 0.080219 0.079524 0.070867 0.059139 0.049257 0.043440 0.041562 0.042650 0.045860 0.050529 0.055789 0.060187 0.061844 0.059361 0.052860 0.044194 0.035805 0.029561 0.026144 0.025360 0.026703 0.029637 0.033570 0.037840 0.041793 0.044911 0.046938 0.047928 0.048182 0.048106 0.048069 0.048321 0.048953 0.049925 0.051104 0.052317 0.053402 0.054241 0.054778 0.055015 0.054994 0.054773 0.054405 0.053926 0.053351 0.052679 0.051903 0.051011 0.050000 0.048872 0.047638 0.046313 0.044916 0.043463 0.041971 0.040456 0.038929 0.037402 0.035883 0.034383 0.032905 0.031456 0.030038 0.028656 0.027315 0.026020 0.024775 0.023583 0.022447 0.021366 0.020342 0.019374 0.018464 0.017610 0.016810 0.016065 0.015371 0.014729 0.014135 0.013589 0.013089 0.012632 0.012218 0.011844 0.011510 0.011213 0.010952 0.010727 0.010536 0.010378 0.010252 0.010159 0.010096 0.010065 0.010065 0.010096 0.010159 0.010252 0.010378 0.010536 0.010727 0.010952 0.011213 0.011510 0.011844 0.012218 0.012632 0.013089 0.013589 0.014135 0.014729 0.015371 0.016064 0.016810 0.017610 0.018464 0.019374 0.020341 0.021366 0.022446 0.023583 0.024775 0.026020 0.027314 0.028655 0.030038 0.031456 0.032905 0.034382 0.035883 0.037401 0.038929 0.040456 0.041971 0.043463 0.044916 0.046313 0.047638 0.048872 0.049999 0.051011 0.051902 0.052679 0.053350 0.053925 0.054405 0.054773 0.054994 0.055014 0.054777 0.054240 0.053401 0.052317 0.051104 0.049925 0.048953 0.048321 0.048069 0.048105 0.048182 0.047928 0.046937 0.044910 0.041793 0.037840 0.033570 0.029636 0.026703 0.025360 0.026144 0.029560 0.035805 0.044194 0.052860 0.059361 0.061843 0.060186 0.055789 0.050529 0.045860 0.042649 0.041561 0.043440 0.049257 0.059140 0.070867 0.079524 0.080218 0.072060 0.058656 0.044711 0.033093 0.024555 0.019070 0.016837
0.010827 0.010377 0.013098 0.017145 0.021374 0.024730 0.026073 0.024593 0.020584 0.015670 0.011829 0.010180 0.010730 0.012826 0.015604 0.018300 0.020337 0.021254 0.020672 0.018408 0.014709 0.010344 0.006263 0.003101 0.001138 0.000339 0.000277 0.000651 0.001362 0.002237 0.003086 0.003751 0.004140 0.004235 0.004099 0.003838 0.003568 0.003380 0.003318 0.003388 0.003559 0.003786 0.004017 0.004209 0.004334 0.004383 0.004362 0.004287 0.004174 0.004038 0.003887 0.003723 0.003543 0.003345 0.003125 0.002884 0.002622 0.002344 0.002056 0.001763 0.001473 0.001192 0.000924 0.000677 0.000457 0.000269 0.000122 0.000026 -0.000009 -0.000009 -0.000009 -0.000009 -0.000009 -0.000009 -0.000009 -0.000009 -0.000009 -0.000009 -0.000009 -0.000009 -0.000009 -0.000009 -0.000009 -0.000009 -0.000009 -0.000009 -0.000009 -0.000009 -0.000009 -0.000009 -0.000009 -0.000009 -0.000009 -0.000009 -0.000009 -0.000009 -0.000009 -0.000009 -0.000009 -0.000009 -0.000009 -0.000009 -0.000009 -0.000009 -0.000009 -0.000009 -0.000009 -0.000009 -0.000009 -0.000009 -0.000009 -0.000009 -0.000009 -0.000009 -0.000009 -0.000009 -0.000009 -0.000009 -0.000009 -0.000009 -0.000009 -0.000009 -0.000009 -0.000009 -0.000009 -0.000009 -0.000009 -0.000009 -0.000009 -0.000009 -0.000009 -0.000009 -0.000009 -0.000009 0.000026 0.000122 0.000269 0.000457 0.000677 0.000924 0.001192 0.001473 0.001763 0.002056 0.002344 0.002622 0.002884 0.003125 0.003345 0.003543 0.003722 0.003887 0.004038 0.004174 0.004287 0.004362 0.004383 0.004334 0.004209 0.004017 0.003786 0.003559 0.003387 0.003318 0.003379 0.003568 0.003838 0.004099 0.004235 0.004140 0.003751 0.003086 0.002237 0.001362 0.000651 0.000277 0.000339 0.001138 0.003101 0.006263 0.010344 0.014709 0.018408 0.020672 0.021254 0.020337 0.018300 0.015604 0.012826 0.010730 0.010180 0.011829 0.015670 0.020584 0.024593 0.026072 0.024729 0.021372 0.017142 0.013095 0.010374 0.010826
0.006290 0.004270 0.005502 0.007531 0.009127 0.009579 0.008590 0.006382 0.003692 0.001449 0.000326 0.000286 0.001120 0.002661 0.004441 0.005993 0.006897 0.006883 0.005913 0.004206 0.002176 0.000373 -0.000009 -0.000009 -0.000009 -0.000009 -0.000009 -0.000009 -0.000009 -0.000009 -0.000009 -0.000009 -0.000009 -0.000009 -0.000009 -0.000009 -0.000009 -0.000009 -0.000009 -0.000009 -0.000009 -0.000009 -0.000009 -0.000009 -0.000009 -0.000009 -0.000009 -0.000009 -0.000009 -0.000009 -0.000009 -0.000009 -0.000009 -0.000009 -0.000009 -0.000009 -0.000009 -0.000009 -0.000009 -0.000009 -0.000009 -0.000009 -0.000009 -0.000009 -0.000009 -0.000009 -0.000009 -0.000009 -0.000009 -0.000009 -0.000009 -0.000009 -0.000009 -0.000009 -0.000009 -0.000009 -0.000009 -0.000009 -0.000009 -0.000009 -0.000009 -0.000009 -0.000009 -0.000009 -0.000009 -0.000009 -0.000009 -0.000009 -0.000009 -0.000009 -0.000009 -0.000009 -0.000009 -0.000009 -0.000009 -0.000009 -0.000009 -0.000009 -0.000009 -0.000009 -0.000009 -0.000009 -0.000009 -0.000009 -0.000009 -0.000009 -0.000009 -0.000009 -0.000009 -0.000009 -0.000009 -0.000009 -0.000009 -0.000009 -0.000009 -0.000009 -0.000009 -0.000009 -0.000009 -0.000009 -0.000009 -0.000009 -0.000009 -0.000009 -0.000009 -0.000009 -0.000009 -0.000009 -0.000009 -0.000009 -0.000009 -0.000009 -0.000009 -0.000009 -0.000009 -0.000009 -0.000009 -0.000009 -0.000009 -0.000009 -0.000009 -0.000009 -0.000009 -0.000009 -0.000009 -0.000009 -0.000009 -0.000009 -0.000009 -0.000009 -0.000009 -0.000009 -0.000009 -0.000009 -0.000009 -0.000009 -0.000009 -0.000009 -0.000009 -0.000009 -0.000009 -0.000009 -0.000009 -0.000009 -0.000009 -0.000009 -0.000009 -0.000009 -0.000009 -0.000009 -0.000009 -0.000009 -0.000009 -0.000009 -0.000009 -0.000009 -0.000009 -0.000009 -0.000009 -0.000009 0.000373 0.002176 0.004206 0.005913 0.006883 0.006897 0.005993 0.004441 0.002661 0.001120 0.000286 0.000326 0.001449 0.003692 0.006382 0.008590 0.009578 0.009125 0.007528 0.005499 0.004267 0.006289
0.003430 0.000686 0.001139 0.002196 0.002886 0.002830 0.002031 0.000841 -0.000009 -0.000009 -0.000009 -0.000009 -0.000009 -0.000009 0.000431 0.001022 0.001350 0.001262 0.000779 0.000131 -0.000009 -0.000009 -0.000009 -0.000009 -0.000009 -0.000009 -0.000009 -0.000009 -0.000009 -0.000009 -0.000009 -0.000009 -0.000009 -0.000009 -0.000009 -0.000009 -0.000009 -0.000009 -0.000009 -0.000009 -0.000009 -0.000009 -0.000009 -0.000009 -0.000009 -0.000009 -0.000009 -0.000009 -0.000009 -0.000009 -0.000009 -0.000009 -0.000009 -0.000009 -0.000009 -0.000009 -0.000009 -0.000009 -0.000009 -0.000009 -0.000009 -0.000009 -0.000009 -0.000009 -0.000009 -0.000009 -0.000009 -0.000009 -0.000009 -0.000009 -0.000009 -0.000009 -0.000009 -0.000009 -0.000009 -0.000009 -0.000009 -0.000009 -0.000009 -0.000009 -0.000009 -0.000009 -0.000009 -0.000009 -0.000009 -0.000009 -0.000009 -0.000009 -0.000009 -0.000009 -0.000009 -0.000009 -0.000009 -0.000009 -0.000009 -0.000009 -0.000009 -0.000009 -0.000009 -0.000009 -0.000009 -0.000009 -0.000009 -0.000009 -0.000009 -0.000009 -0.000009 -0.000009 -0.000009 -0.000009 -0.000009 -0.000009 -0.000009 -0.000009 -0.000009 -0.000009 -0.000009 -0.000009 -0.000009 -0.000009 -0.000009 -0.000009 -0.000009 -0.000009 -0.000009 -0.000009 -0.000009 -0.000009 -0.000009 -0.000009 -0.000009 -0.000009 -0.000009 -0.000009 -0.000009 -0.000009 -0.000009 -0.000009 -0.000009 -0.000009 -0.000009 -0.000009 -0.000009 -0.000009 -0.000009 -0.000009 -0.000009 -0.000009 -0.000009 -0.000009 -0.000009 -0.000009 -0.000009 -0.000009 -0.000009 -0.000009 -0.000009 -0.000009 -0.000009 -0.000009 -0.000009 -0.000009 -0.000009 -0.000009 -0.000009 -0.000009 -0.000009 -0.000009 -0.000009 -0.000009 -0.000009 -0.000009 -0.000009 -0.000009 -0.000009 -0.000009 -0.000009 -0.000009 -0.000009 -0.000009 -0.000009 -0.000009 0.000131 0.000780 0.001262 0.001350 0.001022 0.000431 -0.000009 -0.000009 -0.000009 -0.000009 -0.000009 -0.000009 0.000841 0.002030 0.002828 0.002885 0.002194 0.001137 0.000683 0.003429
0.002277 -0.000009 -0.000009 -0.000009 0.000152 0.000113 -0.000009 -0.000009 -0.000009 -0.000009 -0.000009 -0.000009 -0.000009 -0.000009 -0.000009 -0.000009 -0.000009 -0.000009 -0.000009 -0.000009 -0.000009 -0.000009 -0.000009 -0.000009 -0.000009 -0.000009 -0.000009 -0.000009 -0.000009 -0.000009 -0.000009 -0.000009 -0.000009 -0.000009 -0.000009 -0.000009 -0.000009 -0.000009 -0.000009 -0.000009 -0.000009 -0.000009 -0.000009 -0.000009 -0.000009 -0.000009 -0.000009 -0.000009 -0.000009 -0.000009 -0.000009 -0.000009 -0.000009 -0.000009 -0.000009 -0.000009 -0.000009 -0.000009 -0.000009 -0.000009 -0.000009 -0.000009 -0.000009 -0.000009 -0.000009 -0.000009 -0.000009 -0.000009 -0.000009 -0.000009 -0.000009 -0.000009 -0.000009 -0.000009 -0.000009 -0.000009 -0.000009 -0.000009 -0.000009 -0.000009 -0.000009 -0.000009 -0.000009 -0.000009 -0.000009 -0.000009 -0.000009 -0.000009 -0.000009 -0.000009 -0.000009 -0.000009 -0.000009 -0.000009 -0.000009 -0.000009 -0.000009 -0.000009 -0.000009 -0.000009 -0.000009 -0.000009 -0.000009 -0.000009 -0.000009 -0.000009 -0.000009 -0.000009 -0.000009 -0.000009 -0.000009 -0.000009 -0.000009 -0.000009 -0.000009 -0.000009 -0.000009 -0.000009 -0.000009 -0.000009 -0.000009 -0.000009 -0.000009 -0.000009 -0.000009 -0.000009 -0.000009 -0.000009 -0.000009 -0.000009 -0.000009 -0.000009 -0.000009 -0.000009 -0.000009 -0.000009 -0.000009 -0.000009 -0.000009 -0.000009 -0.000009 -0.000009 -0.000009 -0.000009 -0.000009 -0.000009 -0.000009 -0.000009 -0.000009 -0.000009 -0.000009 -0.000009 -0.000009 -0.000009 -0.000009 -0.000009 -0.000009 -0.000009 -0.000009 -0.000009 -0.000009 -0.000009 -0.000009 -0.000009 -0.000009 -0.000009 -0.000009 -0.000009 -0.000009 -0.000009 -0.000009 -0.000009 -0.000009 -0.000009 -0.000009 -0.000009 -0.000009 -0.000009 -0.000009 -0.000009 -0.000009 -0.000009 -0.000009 -0.000009 -0.000009 -0.000009 -0.000009 -0.000009 -0.000009 -0.000009 -0.000009 -0.000009 -0.000009 -0.000009 -0.000009 -0.000009 0.000112 0.000151 -0.000009 -0.000009 -0.000009 0.002276
0.002379 -0.000009 -0.000009 -0.000009 -0.000009 -0.000009 -0.000009 -0.000009 -0.000009 -0.000009 -0.000009 -0.000009 -0.000009 -0.000009 -0.000009 -0.000009 -0.000009 -0.000009 -0.000009 -0.000009 -0.000009 -0.000009 -0.000009 -0.000009 -0.000009 -0.000009 -0.000009 -0.000009 -0.000009 -0.000009 -0.000009 -0.000009 -0.000009 -0.000009 -0.000009 -0.000009 -0.000009 -0.000009 -0.000009 -0.000009 -0.000009 -0.000009 -0.000009 -0.000009 -0.000009 -0.000009 -0.000009 -0.000009 -0.000009 -0.000009 -0.000009 -0.000009 -0.000009 -0.000009 -0.000009 -0.000009 -0.000009 -0.000009 -0.000009 -0.000009 -0.000009 -0.000009 -0.000009 -0.000009 -0.000009 -0.000009 -0.000009 -0.000009 -0.000009 -0.000009 -0.000009 -0.000009 -0.000009 -0.000009 -0.000009 -0.000009 -0.000009 -0.000009 -0.000009 -0.000009 -0.000009 -0.000009 -0.000009 -0.000009 -0.000009 -0.000009 -0.000009 -0.000009 -0.000009 -0.000009 -0.000009 -0.000009 -0.000009 -0.000009 -0.000009 -0.000009 -0.000009 -0.000009 -0.000009 -0.000009 -0.000009 -0.000009 -0.000009 -0.000009 -0.000009 -0.000009 -0.000009 -0.000009 -0.000009 -0.000009 -0.000009 -0.000009 -0.000009 -0.000009 -0.000009 -0.000009 -0.000009 -0.000009 -0.000009 -0.000009 -0.000009 -0.000009 -0.000009 -0.000009 -0.000009 -0.000009 -0.000009 -0.000009 -0.000009 -0.000009 -0.000009 -0.000009 -0.000009 -0.000009 -0.000009 -0.000009 -0.000009 -0.000009 -0.000009 -0.000009 -0.000009 -0.000009 -0.000009 -0.000009 -0.000009 -0.000009 -0.000009 -0.000009 -0.000009 -0.000009 -0.000009 -0.000009 -0.000009 -0.000009 -0.000009 -0.000009 -0.000009 -0.000009 -0.000009 -0.000009 -0.000009 -0.000009 -0.000009 -0.000009 -0.000009 -0.000009 -0.000009 -0.000009 -0.000009 -0.000009 -0.000009 -0.000009 -0.000009 -0.000009 -0.000009 -0.000009 -0.000009 -0.000009 -0.000009 -0.000009 -0.000009 -0.000009 -0.000009 -0.000009 -0.000009 -0.000009 -0.000009 -0.000009 -0.000009 -0.000009 -0.000009 -0.000009 -0.000009 -0.000009 -0.000009 -0.000009 -0.000009 -0.000009 -0.000009 -0.000009 -0.000009 0.002378
0.003287 -0.000009 -0.000009 -0.000009 -0.000009 -0.000009 -0.000009 -0.000009 -0.000009 -0.000009 -0.000009 -0.000009 -0.000009 -0.000009 -0.000009 -0.000009 -0.000009 -0.000009 -0.000009 -0.000009 -0.000009 -0.000009 -0.000009 -0.000009 -0.000009 -0.000009 -0.000009 -0.000009 -0.000009 -0.000009 -0.000009 -0.000009 -0.000009 -0.000009 -0.000009 -0.000009 -0.000009 -0.000009 -0.000009 -0.000009 -0.000009 -0.000009 -0.000009 -0.000009 -0.000009 -0.000009 -0.000009 -0.000009 -0.000009 -0.000009 -0.000009 -0.000009 -0.000009 -0.000009 -0.000009 -0.000009 -0.000009 -0.000009 -0.000009 -0.000009 -0.000009 -0.000009 -0.000009 -0.000009 -0.000009 -0.000009 -0.000009 -0.000009 -0.000009 -0.000009 -0.000009 -0.000009 -0.000009 -0.000009 -0.000009 -0.000009 -0.000009 -0.000009 -0.000009 -0.000009 -0.000009 -0.000009 -0.000009 -0.000009 -0.000009 -0.000009 -0.000009 -0.000009 -0.000009 -0.000009 -0.000009 -0.000009 -0.000009 -0.000009 -0.000009 -0.000009 -0.000009 -0.000009 -0.000009 -0.000009 -0.000009 -0.000009 -0.000009 -0.000009 -0.000009 -0.000009 -0.000009 -0.000009 -0.000009 -0.000009 -0.000009 -0.000009 -0.000009 -0.000009 -0.000009 -0.000009 -0.000009 -0.000009 -0.000009 -0.000009 -0.000009 -0.000009 -0.000009 -0.000009 -0.000009 -0.000009 -0.000009 -0.000009 -0.000009 -0.000009 -0.000009 -0.000009 -0.000009 -0.000009 -0.000009 -0.000009 -0.000009 -0.000009 -0.000009 -0.000009 -0.000009 -0.000009 -0.000009 -0.000009 -0.000009 -0.000009 -0.000009 -0.000009 -0.000009 -0.000009 -0.000009 -0.000009 -0.000009 -0.000009 -0.000009 -0.000009 -0.000009 -0.000009 -0.000009 -0.000009 -0.000009 -0.000009 -0.000009 -0.000009 -0.000009 -0.000009 -0.000009 -0.000009 -0.000009 -0.000009 -0.000009 -0.000009 -0.000009 -0.000009 -0.000009 -0.000009 -0.000009 -0.000009 -0.000009 -0.000009 -0.000009 -0.000009 -0.000009 -0.000009 -0.000009 -0.000009 -0.000009 -0.000009 -0.000009 -0.000009 -0.000009 -0.000009 -0.000009 -0.000009 -0.000009 -0.000009 -0.000009 -0.000009 -0.000009 -0.000009 -0.000009 0.003286
0.004977 0.001324 0.000687 0.000691 0.000641 0.000412 0.000072 -0.000009 -0.000009 -0.000009 -0.000009 -0.000009 -0.000009 -0.000009 -0.000009 -0.000009 -0.000009 -0.000009 -0.000009 -0.000009 -0.000009 -0.000009 -0.000009 -0.000009 -0.000009 -0.000009 -0.000009 -0.000009 -0.000009 -0.000009 -0.000009 -0.000009 -0.000009 -0.000009 -0.000009 -0.000009 -0.000009 -0.000009 -0.000009 -0.000009 -0.000009 -0.000009 -0.000009 -0.000009 -0.000009 -0.000009 -0.000009 -0.000009 -0.000009 -0.000009 -0.000009 -0.000009 -0.000009 -0.000009 -0.000009 -0.000009 -0.000009 -0.000009 -0.000009 -0.000009 -0.000009 -0.000009 -0.000009 -0.000009 -0.000009 -0.000009 -0.000009 -0.000009 -0.000009 -0.000009 -0.000009 -0.000009 -0.000009 -0.000009 -0.000009 -0.000009 -0.000009 -0.000009 -0.000009 -0.000009 -0.000009 -0.000009 -0.000009 -0.000009 -0.000009 -0.000009 -0.000009 -0.000009 -0.000009 -0.000009 -0.000009 -0.000009 -0.000009 -0.000009 -0.000009 -0.000009 -0.000009 -0.000009 -0.000009 -0.000009 -0.000009 -0.000009 -0.000009 -0.000009 -0.000009 -0.000009 -0.000009 -0.000009 -0.000009 -0.000009 -0.000009 -0.000009 -0.000009 -0.000009 -0.000009 -0.000009 -0.000009 -0.000009 -0.000009 -0.000009 -0.000009 -0.000009 -0.000009 -0.000009 -0.000009 -0.000009 -0.000009 -0.000009 -0.000009 -0.000009 -0.000009 -0.000009 -0.000009 -0.000009 -0.000009 -0.000009 -0.000009 -0.000009 -0.000009 -0.000009 -0.000009 -0.000009 -0.000009 -0.000009 -0.000009 -0.000009 -0.000009 -0.000009 -0.000009 -0.000009 -0.000009 -0.000009 -0.000009 -0.000009 -0.000009 -0.000009 -0.000009 -0.000009 -0.000009 -0.000009 -0.000009 -0.000009 -0.000009 -0.000009 -0.000009 -0.000009 -0.000009 -0.000009 -0.000009 -0.000009 -0.000009 -0.000009 -0.000009 -0.000009 -0.000009 -0.000009 -0.000009 -0.000009 -0.000009 -0.000009 -0.000009 -0.000009 -0.000009 -0.000009 -0.000009 -0.000009 -0.000009 -0.000009 -0.000009 -0.000009 -0.000009 -0.000009 -0.000009 -0.000009 -0.000009 0.000071 0.000411 0.000639 0.000689 0.000684 0.001322 0.004976
0.007026 0.003344 0.002563 0.002435 0.002273 0.001895 0.001338 0.000730 0.000187 -0.000009 -0.000009 -0.000009 -0.000009 -0.000009 -0.000009 -0.000009 -0.000009 -0.000009 -0.000009 -0.000009 -0.000009 -0.000009 -0.000009 -0.000009 -0.000009 -0.000009 -0.000009 -0.000009 -0.000009 -0.000009 -0.000009 -0.000009 -0.000009 -0.000009 -0.000009 -0.000009 -0.000009 -0.000009 -0.000009 -0.000009 -0.000009 -0.000009 -0.000009 -0.000009 -0.000009 -0.000009 -0.000009 -0.000009 -0.000009 -0.000009 -0.000009 -0.000009 -0.000009 -0.000009 -0.000009 -0.000009 -0.000009 -0.000009 -0.000009 -0.000009 -0.000009 -0.000009 -0.000009 -0.000009 -0.000009 -0.000009 -0.000009 -0.000009 -0.000009 -0.000009 -0.000009 -0.000009 -0.000009 -0.000009 -0.000009 -0.000009 -0.000009 -0.000009 -0.000009 -0.000009 -0.000009 -0.000009 -0.000009 -0.000009 -0.000009 -0.000009 -0.000009 -0.000009 -0.000009 -0.000009 -0.000009 -0.000009 -0.000009 -0.000009 -0.000009 -0.000009 -0.000009 -0.000009 -0.000009 -0.000009 -0.000009 -0.000009 -0.000009 -0.000009 -0.000009 -0.000009 -0.000009 -0.000009 -0.000009 -0.000009 -0.000009 -0.000009 -0.000009 -0.000009 -0.000009 -0.000009 -0.000009 -0.000009 -0.000009 -0.000009 -0.000009 -0.000009 -0.000009 -0.000009 -0.000009 -0.000009 -0.000009 -0.000009 -0.000009 -0.000009 -0.000009 -0.000009 -0.000009 -0.000009 -0.000009 -0.000009 -0.000009 -0.000009 -0.000009 -0.000009 -0.000009 -0.000009 -0.000009 -0.000009 -0.000009 -0.000009 -0.000009 -0.000009 -0.000009 -0.000009 -0.000009 -0.000009 -0.000009 -0.000009 -0.000009 -0.000009 -0.000009 -0.000009 -0.000009 -0.000009 -0.000009 -0.000009 -0.000009 -0.000009 -0.000009 -0.000009 -0.000009 -0.000009 -0.000009 -0.000009 -0.000009 -0.000009 -0.000009 -0.000009 -0.000009 -0.000009 -0.000009 -0.000009 -0.000009 -0.000009 -0.000009 -0.000009 -0.000009 -0.000009 -0.000009 -0.000009 -0.000009 -0.000009 -0.000009 -0.000009 -0.000009 -0.000009 -0.000009 0.000187 0.000729 0.001337 0.001893 0.002270 0.002432 0.002559 0.003341 0.007025
0.009174 0.005539 0.004682 0.004472 0.004227 0.003774 0.003112 0.002320 0.001499 0.000754 0.000168 -0.000009 -0.000009 -0.000009 -0.000009 -0.000009 -0.000009 -0.000009 -0.000009 -0.000009 -0.000009 -0.000009 -0.000009 -0.000009 -0.000009 -0.000009 -0.000009 -0.000009 -0.000009 -0.000009 -0.000009 -0.000009 -0.000009 -0.000009 -0.000009 -0.000009 -0.000009 -0.000009 -0.000009 -0.000009 -0.000009 -0.000009 -0.000009 -0.000009 -0.000009 -0.000009 -0.000009 -0.000009 -0.000009 -0.000009 -0.000009 -0.000009 -0.000009 -0.000009 -0.000009 -0.000009 -0.000009 -0.000009 -0.000009 -0.000009 -0.000009 -0.000009 -0.000009 -0.000009 -0.000009 -0.000009 -0.000009 -0.000009 -0.000009 -0.000009 -0.000009 -0.000009 -0.000009 -0.000009 -0.000009 -0.000009 -0.000009 -0.000009 -0.000009 -0.000009 -0.000009 -0.000009 -0.000009 -0.000009 -0.000009 -0.000009 -0.000009 -0.000009 -0.000009 -0.000009 -0.000009 -0.000009 -0.000009 -0.000009 -0.000009 -0.000009 -0.000009 -0.000009 -0.000009 -0.000009 -0.000009 -0.000009 -0.000009 -0.000009 -0.000009 -0.000009 -0.000009 -0.000009 -0.000009 -0.000009 -0.000009 -0.000009 -0.000009 -0.000009 -0.000009 -0.000009 -0.000009 -0.000009 -0.000009 -0.000009 -0.000009 -0.000009 -0.000009 -0.000009 -0.000009 -0.000009 -0.000009 -0.000009 -0.000009 -0.000009 -0.000009 -0.000009 -0.000009 -0.000009 -0.000009 -0.000009 -0.000009 -0.000009 -0.000009 -0.000009 -0.000009 -0.000009 -0.000009 -0.000009 -0.000009 -0.000009 -0.000009 -0.000009 -0.000009 -0.000009 -0.000009 -0.000009 -0.000009 -0.000009 -0.000009 -0.000009 -0.000009 -0.000009 -0.000009 -0.000009 -0.000009 -0.000009 -0.000009 -0.000009 -0.000009 -0.000009 -0.000009 -0.000009 -0.000009 -0.000009 -0.000009 -0.000009 -0.000009 -0.000009 -0.000009 -0.000009 -0.000009 -0.000009 -0.000009 -0.000009 -0.000009 -0.000009 -0.000009 -0.000009 -0.000009 -0.000009 -0.000009 -0.000009 -0.000009 -0.000009 -0.000009 0.000168 0.000754 0.001498 0.002319 0.003111 0.003772 0.004225 0.004469 0.004679 0.005536 0.009173
0.011248 0.007689 0.006796 0.006539 0.006257 0.005774 0.005078 0.004220 0.003275 0.002315 0.001423 0.000671 0.000111 -0.000009 -0.000009 -0.000009 -0.000009 -0.000009 -0.000009 -0.000009 -0.000009 -0.000009 -0.000009 -0.000009 -0.000009 -0.000009 -0.000009 -0.000009 -0.000009 -0.000009 -0.000009 -0.000009 -0.000009 -0.000009 -0.000009 -0.000009 -0.000009 -0.000009 -0.000009 -0.000009 -0.000009 -0.000009 -0.000009 -0.000009 -0.000009 -0.000009 -0.000009 -0.000009 -0.000009 -0.000009 -0.000009 -0.000009 -0.000009 -0.000009 -0.000009 -0.000009 -0.000009 -0.000009 -0.000009 -0.000009 -0.000009 -0.000009 -0.000009 -0.000009 -0.000009 -0.000009 -0.000009 -0.000009 -0.000009 -0.000009 -0.000009 -0.000009 -0.000009 -0.000009 -0.000009 -0.000009 -0.000009 -0.000009 -0.000009 -0.000009 0.000001 0.000083 0.000167 0.000249 0.000330 0.000409 0.000486 0.000559 0.000630 0.000697 0.000760 0.000819 0.000874 0.000923 0.000968 0.001007 0.001040 0.001066 0.001087 0.001100 0.001107 0.001107 0.001100 0.001087 0.001066 0.001040 0.001007 0.000968 0.000923 0.000874 0.000819 0.000760 0.000697 0.000630 0.000559 0.000486 0.000409 0.000330 0.000249 0.000167 0.000083 0.000001 -0.000009 -0.000009 -0.000009 -0.000009 -0.000009 -0.000009 -0.000009 -0.000009 -0.000009 -0.000009 -0.000009 -0.000009 -0.000009 -0.000009 -0.000009 -0.000009 -0.000009 -0.000009 -0.000009 -0.000009 -0.000009 -0.000009 -0.000009 -0.000009 -0.000009 -0.000009 -0.000009 -0.000009 -0.000009 -0.000009 -0.000009 -0.000009 -0.000009 -0.000009 -0.000009 -0.000009 -0.000009 -0.000009 -0.000009 -0.000009 -0.000009 -0.000009 -0.000009 -0.000009 -0.000009 -0.000009 -0.000009 -0.000009 -0.000009 -0.000009 -0.000009 -0.000009 -0.000009 -0.000009 -0.000009 -0.000009 -0.000009 -0.000009 -0.000009 -0.000009 -0.000009 -0.000009 -0.000009 -0.000009 -0.000009 -0.000009 -0.000009 0.000111 0.000671 0.001423 0.002315 0.003275 0.004220 0.005077 0.005772 0.006254 0.006535 0.006792 0.007686 0.011247
0.013141 0.009675 0.008773 0.008501 0.008216 0.007742 0.007056 0.006194 0.005213 0.004173 0.003136 0.002154 0.001287 0.000584 0.000072 -0.000009 -0.000009 -0.000009 -0.000009 -0.000009 -0.000009 -0.000009 -0.000009 -0.000009 -0.000009 -0.000009 -0.000009 -0.000009 -0.000009 -0.000009 -0.000009 -0.000009 -0.000009 -0.000009 -0.000009 -0.000009 -0.000009 -0.000009 -0.000009 -0.000009 -0.000009 -0.000009 -0.000009 -0.000009 -0.000009 -0.000009 -0.000009 -0.000009 -0.000009 -0.000009 -0.000009 -0.000009 -0.000009 -0.000009 -0.000009 -0.000009 -0.000009 -0.000009 -0.000009 -0.000009 -0.000009 -0.000009 -0.000009 -0.000009 -0.000009 -0.000009 -0.000009 -0.000009 -0.000009 -0.000009 -0.000009 -0.000009 -0.000009 0.000098 0.000224 0.000355 0.000491 0.000631 0.000776 0.000927 0.001082 0.001239 0.001391 0.001538 0.001679 0.001814 0.001943 0.002064 0.002178 0.002284 0.002382 0.002471 0.002553 0.002625 0.002688 0.002743 0.002788 0.002825 0.002852 0.002871 0.002880 0.002880 0.002871 0.002852 0.002825 0.002788 0.002743 0.002688 0.002625 0.002553 0.002471 0.002382 0.002284 0.002178 0.002064 0.001943 0.001815 0.001679 0.001538 0.001391 0.001239 0.001082 0.000927 0.000776 0.000631 0.000491 0.000355 0.000224 0.000098 -0.000009 -0.000009 -0.000009 -0.000009 -0.000009 -0.000009 -0.000009 -0.000009 -0.000009 -0.000009 -0.000009 -0.000009 -0.000009 -0.000009 -0.000009 -0.000009 -0.000009 -0.000009 -0.000009 -0.000009 -0.000009 -0.000009 -0.000009 -0.000009 -0.000009 -0.000009 -0.000009 -0.000009 -0.000009 -0.000009 -0.000009 -0.000009 -0.000009 -0.000009 -0.000009 -0.000009 -0.000009 -0.000009 -0.000009 -0.000009 -0.000009 -0.000009 -0.000009 -0.000009 -0.000009 -0.000009 -0.000009 -0.000009 -0.000009 -0.000009 -0.000009 -0.000009 -0.000009 -0.000009 -0.000009 -0.000009 -0.000009 -0.000009 0.000072 0.000584 0.001287 0.002154 0.003136 0.004173 0.005213 0.006194 0.007054 0.007740 0.008214 0.008498 0.008770 0.009672 0.013140
0.014800 0.011437 0.010545 0.010280 0.010018 0.009580 0.008936 0.008110 0.007147 0.006098 0.005013 0.003940 0.002922 0.001992 0.001189 0.000547 0.000078 -0.000009 -0.000009 -0.000009 -0.000009 -0.000009 -0.000009 -0.000009 -0.000009 -0.000009 -0.000009 -0.000009 -0.000009 -0.000009 -0.000009 -0.000009 -0.000009 -0.000009 -0.000009 -0.000009 -0.000009 -0.000009 -0.000009 -0.000009 -0.000009 -0.000009 -0.000009 -0.000009 -0.000009 -0.000009 -0.000009 -0.000009 -0.000009 -0.000009 -0.000009 -0.000009 -0.000009 -0.000009 -0.000009 -0.000009 -0.000009 -0.000009 -0.000009 -0.000009 -0.000009 -0.000009 -0.000009 -0.000009 -0.000009 -0.000009 -0.000009 0.000097 0.000248 0.000412 0.000589 0.000781 0.000989 0.001210 0.001436 0.001663 0.001889 0.002114 0.002336 0.002554 0.002766 0.002971 0.003166 0.003353 0.003530 0.003697 0.003854 0.004000 0.004136 0.004261 0.004376 0.004479 0.004572 0.004655 0.004727 0.004789 0.004840 0.004881 0.004912 0.004932 0.004942 0.004942 0.004932 0.004912 0.004881 0.004840 0.004789 0.004727 0.004655 0.004573 0.004479 0.004376 0.004261 0.004136 0.004000 0.003854 0.003697 0.003530 0.003353 0.003166 0.002971 0.002766 0.002554 0.002336 0.002114 0.001889 0.001663 0.001436 0.001211 0.000989 0.000781 0.000589 0.000412 0.000248 0.000097 -0.000009 -0.000009 -0.000009 -0.000009 -0.000009 -0.000009 -0.000009 -0.000009 -0.000009 -0.000009 -0.000009 -0.000009 -0.000009 -0.000009 -0.000009 -0.000009 -0.000009 -0.000009 -0.000009 -0.000009 -0.000009 -0.000009 -0.000009 -0.000009 -0.000009 -0.000009 -0.000009 -0.000009 -0.000009 -0.000009 -0.000009 -0.000009 -0.000009 -0.000009 -0.000009 -0.000009 -0.000009 -0.000009 -0.000009 -0.000009 -0.000009 -0.000009 -0.000009 -0.000009 -0.000009 -0.000009 -0.000009 -0.000009 -0.000009 -0.000009 0.000078 0.000547 0.001190 0.001992 0.002922 0.003940 0.005013 0.006097 0.007147 0.008109 0.008934 0.009578 0.010015 0.010277 0.010542 0.011433 0.014799
0.016216 0.012954 0.012083 0.011839 0.011614 0.011230 0.010650 0.009887 0.008977 0.007963 0.006889 0.005798 0.004727 0.003706 0.002761 0.001911 0.001180 0.000589 0.000147 -0.000009 -0.000009 -0.000009 -0.000009 -0.000009 -0.000009 -0.000009 -0.000009 -0.000009 -0.000009 -0.000009 -0.000009 -0.000009 -0.000009 -0.000009 -0.000009 -0.000009 -0.000009 -0.000009 -0.000009 -0.000009 -0.000009 -0.000009 -0.000009 -0.000009 -0.000009 -0.000009 -0.000009 -0.000009 -0.000009 -0.000009 -0.000009 -0.000009 -0.000009 -0.000009 -0.000009 -0.000009 -0.000009 -0.000009 -0.000009 -0.000009 -0.000009 -0.000009 0.000123 0.000290 0.000475 0.000681 0.000912 0.001166 0.001432 0.001707 0.001990 0.002277 0.002568 0.002858 0.003146 0.003429 0.003707 0.003977 0.004238 0.004489 0.004730 0.004959 0.005176 0.005381 0.005574 0.005754 0.005921 0.006076 0.006219 0.006350 0.006469 0.006576 0.006672 0.006757 0.006831 0.006894 0.006946 0.006987 0.007018 0.007039 0.007049 0.007049 0.007039 0.007018 0.006987 0.006946 0.006894 0.006831 0.006757 0.006672 0.006576 0.006469 0.006350 0.006219 0.006076 0.005921 0.005754 0.005574 0.005381 0.005176 0.004959 0.004730 0.004490 0.004238 0.003977 0.003707 0.003430 0.003146 0.002859 0.002568 0.002277 0.001990 0.001708 0.001433 0.001166 0.000912 0.000682 0.000476 0.000290 0.000123 -0.000009 -0.000009 -0.000009 -0.000009 -0.000009 -0.000009 -0.000009 -0.000009 -0.000009 -0.000009 -0.000009 -0.000009 -0.000009 -0.000009 -0.000009 -0.000009 -0.000009 -0.000009 -0.000009 -0.000009 -0.000009 -0.000009 -0.000009 -0.000009 -0.000009 -0.000009 -0.000009 -0.000009 -0.000009 -0.000009 -0.000009 -0.000009 -0.000009 -0.000009 -0.000009 -0.000009 -0.000009 -0.000009 -0.000009 -0.000009 -0.000009 -0.000009 -0.000009 0.000147 0.000590 0.001180 0.001912 0.002761 0.003706 0.004727 0.005798 0.006889 0.007963 0.008977 0.009886 0.010648 0.011228 0.011612 0.011836 0.012080 0.012951 0.016215
0.017405 0.014236 0.013388 0.013170 0.012990 0.012668 0.012162 0.011478 0.010643 0.009694 0.008668 0.007604 0.006537 0.005495 0.004499 0.003569 0.002715 0.001947 0.001279 0.000726 0.000296 -0.000009 -0.000009 -0.000009 -0.000009 -0.000009 -0.000009 -0.000009 -0.000009 -0.000009 -0.000009 -0.000009 -0.000009 -0.000009 -0.000009 -0.000009 -0.000009 -0.000009 -0.000009 -0.000009 -0.000009 -0.000009 -0.000009 -0.000009 -0.000009 -0.000009 -0.000009 -0.000009 -0.000009 -0.000009 -0.000009 -0.000009 -0.000009 -0.000009 -0.000009 -0.000009 -0.000009 0.000109 0.000275 0.000462 0.000674 0.000914 0.001181 0.001466 0.001765 0.002077 0.002400 0.002732 0.003068 0.003407 0.003746 0.004084 0.004417 0.004745 0.005065 0.005376 0.005676 0.005965 0.006241 0.006503 0.006752 0.006987 0.007208 0.007414 0.007606 0.007785 0.007950 0.008102 0.008241 0.008367 0.008482 0.008585 0.008677 0.008758 0.008828 0.008887 0.008937 0.008976 0.009005 0.009025 0.009035 0.009035 0.009025 0.009005 0.008976 0.008937 0.008887 0.008828 0.008758 0.008677 0.008585 0.008482 0.008367 0.008241 0.008102 0.007950 0.007785 0.007606 0.007414 0.007208 0.006987 0.006752 0.006503 0.006241 0.005965 0.005676 0.005376 0.005065 0.004745 0.004418 0.004084 0.003746 0.003407 0.003068 0.002732 0.002400 0.002077 0.001765 0.001466 0.001181 0.000914 0.000674 0.000462 0.000275 0.000109 -0.000009 -0.000009 -0.000009 -0.000009 -0.000009 -0.000009 -0.000009 -0.000009 -0.000009 -0.000009 -0.000009 -0.000009 -0.000009 -0.000009 -0.000009 -0.000009 -0.000009 -0.000009 -0.000009 -0.000009 -0.000009 -0.000009 -0.000009 -0.000009 -0.000009 -0.000009 -0.000009 -0.000009 -0.000009 -0.000009 -0.000009 -0.000009 -0.000009 -0.000009 -0.000009 -0.000009 0.000296 0.000726 0.001280 0.001948 0.002715 0.003569 0.004500 0.005495 0.006537 0.007604 0.008668 0.009693 0.010643 0.011477 0.012160 0.012666 0.012987 0.013167 0.013385 0.014233 0.017404
0.018395 0.015306 0.014480 0.014287 0.014151 0.013891 0.013461 0.012862 0.012113 0.011245 0.010291 0.009285 0.008257 0.007236 0.006243 0.005293 0.004398 0.003565 0.002802 0.002111 0.001502 0.000979 0.000556 0.000227 -0.000009 -0.000009 -0.000009 -0.000009 -0.000009 -0.000009 -0.000009 -0.000009 -0.000009 -0.000009 -0.000009 -0.000009 -0.000009 -0.000009 -0.000009 -0.000009 -0.000009 -0.000009 -0.000009 -0.000009 -0.000009 -0.000009 -0.000009 -0.000009 -0.000009 -0.000009 -0.000009 -0.000009 0.000118 0.000273 0.000449 0.000649 0.000878 0.001134 0.001412 0.001707 0.002020 0.002348 0.002690 0.003043 0.003403 0.003771 0.004142 0.004516 0.004888 0.005259 0.005624 0.005983 0.006334 0.006674 0.007003 0.007319 0.007622 0.007909 0.008182 0.008439 0.008681 0.008907 0.009117 0.009313 0.009493 0.009660 0.009813 0.009953 0.010080 0.010196 0.010300 0.010394 0.010476 0.010549 0.010612 0.010665 0.010710 0.010745 0.010771 0.010789 0.010797 0.010797 0.010789 0.010771 0.010745 0.010710 0.010665 0.010612 0.010549 0.010476 0.010394 0.010300 0.010196 0.010081 0.009953 0.009813 0.009660 0.009493 0.009313 0.009117 0.008907 0.008681 0.008439 0.008182 0.007909 0.007622 0.007319 0.007003 0.006674 0.006334 0.005983 0.005624 0.005259 0.004889 0.004516 0.004142 0.003771 0.003404 0.003043 0.002691 0.002349 0.002020 0.001708 0.001412 0.001135 0.000878 0.000649 0.000449 0.000273 0.000118 -0.000009 -0.000009 -0.000009 -0.000009 -0.000009 -0.000009 -0.000009 -0.000009 -0.000009 -0.000009 -0.000009 -0.000009 -0.000009 -0.000009 -0.000009 -0.000009 -0.000009 -0.000009 -0.000009 -0.000009 -0.000009 -0.000009 -0.000009 -0.000009 -0.000009 -0.000009 -0.000009 -0.000009 0.000227 0.000556 0.000979 0.001502 0.002112 0.002802 0.003565 0.004398 0.005293 0.006243 0.007237 0.008258 0.009285 0.010291 0.011245 0.012113 0.012861 0.013460 0.013889 0.014148 0.014284 0.014476 0.015303 0.018394
0.019218 0.016195 0.015385 0.015214 0.015116 0.014913 0.014555 0.014038 0.013378 0.012599 0.011728 0.010796 0.009832 0.008860 0.007901 0.006970 0.006078 0.005234 0.004441 0.003704 0.003027 0.002411 0.001862 0.001380 0.000969 0.000635 0.000372 0.000164 0.000001 -0.000009 -0.000009 -0.000009 -0.000009 -0.000009 -0.000009 -0.000009 -0.000009 -0.000009 -0.000009 -0.000009 -0.000009 -0.000009 -0.000009 -0.000009 -0.000009 -0.000006 0.000100 0.000222 0.000360 0.000518 0.000698 0.000905 0.001137 0.001389 0.001659 0.001948 0.002256 0.002580 0.002919 0.003270 0.003634 0.004007 0.004388 0.004775 0.005165 0.005558 0.005950 0.006339 0.006724 0.007102 0.007472 0.007832 0.008180 0.008514 0.008835 0.009140 0.009429 0.009702 0.009959 0.010199 0.010422 0.010629 0.010820 0.010996 0.011158 0.011306 0.011441 0.011563 0.011674 0.011774 0.011864 0.011944 0.012015 0.012077 0.012131 0.012176 0.012214 0.012244 0.012266 0.012281 0.012288 0.012288 0.012281 0.012266 0.012244 0.012214 0.012176 0.012131 0.012077 0.012015 0.011944 0.011864 0.011774 0.011674 0.011563 0.011441 0.011306 0.011158 0.010996 0.010820 0.010629 0.010422 0.010199 0.009959 0.009703 0.009430 0.009140 0.008835 0.008515 0.008180 0.007832 0.007472 0.007103 0.006724 0.006340 0.005950 0.005558 0.005166 0.004775 0.004388 0.004007 0.003634 0.003270 0.002919 0.002580 0.002256 0.001949 0.001659 0.001389 0.001137 0.000905 0.000698 0.000518 0.000360 0.000222 0.000100 -0.000006 -0.000009 -0.000009 -0.000009 -0.000009 -0.000009 -0.000009 -0.000009 -0.000009 -0.000009 -0.000009 -0.000009 -0.000009 -0.000009 -0.000009 -0.000009 -0.000009 0.000002 0.000164 0.000373 0.000636 0.000970 0.001381 0.001862 0.002411 0.003027 0.003704 0.004441 0.005234 0.006079 0.006970 0.007901 0.008860 0.009832 0.010796 0.011728 0.012599 0.013378 0.014038 0.014554 0.014911 0.015114 0.015210 0.015381 0.016191 0.019217
0.019904 0.016932 0.016133 0.015978 0.015912 0.015757 0.015462 0.015021 0.014445 0.013752 0.012968 0.012119 0.011230 0.010324 0.009420 0.008532 0.007673 0.006848 0.006064 0.005323 0.004630 0.003985 0.003393 0.002856 0.002373 0.001949 0.001581 0.001267 0.001004 0.000790 0.000622 0.000493 0.000396 0.000324 0.000276 0.000249 0.000240 0.000249 0.000274 0.000316 0.000374 0.000448 0.000539 0.000649 0.000779 0.000931 0.001105 0.001298 0.001509 0.001738 0.001987 0.002255 0.002540 0.002841 0.003158 0.003490 0.003836 0.004194 0.004563 0.004941 0.005327 0.005719 0.006115 0.006513 0.006911 0.007307 0.007699 0.008086 0.008465 0.008834 0.009192 0.009537 0.009868 0.010185 0.010485 0.010768 0.011035 0.011284 0.011516 0.011730 0.011928 0.012110 0.012276 0.012428 0.012566 0.012691 0.012804 0.012906 0.012998 0.013080 0.013153 0.013219 0.013276 0.013326 0.013369 0.013406 0.013436 0.013460 0.013478 0.013490 0.013496 0.013496 0.013490 0.013478 0.013460 0.013436 0.013406 0.013369 0.013326 0.013276 0.013219 0.013153 0.013080 0.012998 0.012906 0.012804 0.012691 0.012566 0.012428 0.012277 0.012110 0.011928 0.011731 0.011516 0.011284 0.011035 0.010769 0.010485 0.010185 0.009869 0.009537 0.009192 0.008834 0.008465 0.008086 0.007700 0.007307 0.006911 0.006513 0.006115 0.005719 0.005327 0.004941 0.004563 0.004194 0.003836 0.003490 0.003159 0.002841 0.002540 0.002255 0.001987 0.001739 0.001509 0.001298 0.001105 0.000932 0.000779 0.000649 0.000539 0.000448 0.000374 0.000316 0.000274 0.000249 0.000240 0.000249 0.000276 0.000324 0.000396 0.000494 0.000623 0.000790 0.001004 0.001267 0.001582 0.001949 0.002374 0.002856 0.003393 0.003985 0.004630 0.005323 0.006064 0.006849 0.007673 0.008533 0.009420 0.010324 0.011230 0.012119 0.012968 0.013752 0.014444 0.015020 0.015461 0.015755 0.015909 0.015974 0.016129 0.016929 0.019903
0.020477 0.017546 0.016752 0.016607 0.016565 0.016449 0.016207 0.015832 0.015330 0.014718 0.014018 0.013252 0.012442 0.011610 0.010772 0.009943 0.009134 0.008350 0.007597 0.006879 0.006199 0.005559 0.004962 0.004411 0.003908 0.003453 0.003048 0.002692 0.002384 0.002121 0.001901 0.001723 0.001582 0.001475 0.001401 0.001356 0.001340 0.001350 0.001385 0.001444 0.001526 0.001631 0.001757 0.001904 0.002073 0.002261 0.002469 0.002696 0.002940 0.003202 0.003481 0.003777 0.004087 0.004412 0.004749 0.005099 0.005460 0.005830 0.006208 0.006593 0.006982 0.007374 0.007767 0.008160 0.008549 0.008934 0.009313 0.009683 0.010044 0.010392 0.010728 0.011050 0.011356 0.011646 0.011919 0.012174 0.012412 0.012632 0.012834 0.013019 0.013188 0.013341 0.013479 0.013603 0.013715 0.013814 0.013903 0.013983 0.014053 0.014116 0.014172 0.014221 0.014264 0.014301 0.014334 0.014361 0.014383 0.014401 0.014414 0.014423 0.014428 0.014428 0.014423 0.014414 0.014401 0.014383 0.014361 0.014334 0.014301 0.014264 0.014221 0.014172 0.014116 0.014053 0.013983 0.013903 0.013814 0.013715 0.013603 0.013479 0.013341 0.013188 0.013019 0.012834 0.012632 0.012412 0.012174 0.011919 0.011646 0.011356 0.011050 0.010728 0.010393 0.010044 0.009683 0.009313 0.008934 0.008549 0.008160 0.007767 0.007374 0.006982 0.006593 0.006209 0.005830 0.005460 0.005099 0.004750 0.004412 0.004087 0.003777 0.003482 0.003202 0.002940 0.002696 0.002469 0.002261 0.002073 0.001905 0.001757 0.001631 0.001526 0.001444 0.001385 0.001350 0.001340 0.001357 0.001401 0.001475 0.001582 0.001723 0.001902 0.002121 0.002384 0.002692 0.003048 0.003453 0.003908 0.004412 0.004962 0.005559 0.006199 0.006879 0.007597 0.008350 0.009134 0.009944 0.010772 0.011610 0.012442 0.013252 0.014018 0.014718 0.015329 0.015831 0.016206 0.016447 0.016562 0.016603 0.016748 0.017542 0.020476
0.020958 0.018057 0.017264 0.017125 0.017100 0.017014 0.016816 0.016494 0.016057 0.015517 0.014893 0.014205 0.013473 0.012716 0.011950 0.011187 0.010436 0.009705 0.008998 0.008319 0.007671 0.007056 0.006478 0.005938 0.005439 0.004982 0.004570 0.004203 0.003879 0.003600 0.003362 0.003165 0.003007 0.002885 0.002799 0.002747 0.002726 0.002735 0.002773 0.002839 0.002930 0.003046 0.003186 0.003348 0.003532 0.003735 0.003958 0.004199 0.004458 0.004733 0.005023 0.005328 0.005646 0.005977 0.006319 0.006670 0.007030 0.007398 0.007770 0.008147 0.008526 0.008905 0.009283 0.009659 0.010029 0.010393 0.010749 0.011095 0.011430 0.011752 0.012060 0.012353 0.012630 0.012889 0.013131 0.013355 0.013560 0.013748 0.013918 0.014071 0.014208 0.014329 0.014436 0.014531 0.014613 0.014685 0.014749 0.014804 0.014852 0.014894 0.014930 0.014962 0.014990 0.015014 0.015034 0.015051 0.015065 0.015077 0.015085 0.015090 0.015093 0.015093 0.015090 0.015085 0.015077 0.015065 0.015051 0.015034 0.015014 0.014990 0.014962 0.014930 0.014894 0.014852 0.014804 0.014749 0.014686 0.014613 0.014531 0.014436 0.014329 0.014208 0.014071 0.013918 0.013748 0.013560 0.013355 0.013131 0.012889 0.012630 0.012353 0.012060 0.011752 0.011430 0.011096 0.010749 0.010394 0.010029 0.009659 0.009284 0.008905 0.008526 0.008147 0.007770 0.007398 0.007031 0.006670 0.006319 0.005977 0.005647 0.005328 0.005023 0.004733 0.004458 0.004199 0.003958 0.003735 0.003532 0.003348 0.003186 0.003047 0.002930 0.002839 0.002774 0.002735 0.002726 0.002747 0.002800 0.002886 0.003007 0.003165 0.003362 0.003600 0.003880 0.004203 0.004570 0.004983 0.005439 0.005938 0.006478 0.007057 0.007671 0.008320 0.008999 0.009705 0.010436 0.011187 0.011950 0.012716 0.013474 0.014205 0.014893 0.015517 0.016057 0.016494 0.016814 0.017012 0.017097 0.017121 0.017261 0.018053 0.020957
0.021360 0.018482 0.017689 0.017551 0.017538 0.017476 0.017311 0.017034 0.016651 0.016172 0.015615 0.014998 0.014338 0.013653 0.012957 0.012261 0.011574 0.010902 0.010249 0.009618 0.009013 0.008435 0.007888 0.007374 0.006895 0.006453 0.006051 0.005689 0.005368 0.005087 0.004847 0.004646 0.004483 0.004358 0.004268 0.004212 0.004189 0.004198 0.004237 0.004304 0.004399 0.004519 0.004662 0.004829 0.005016 0.005224 0.005451 0.005694 0.005955 0.006230 0.006520 0.006823 0.007137 0.007462 0.007796 0.008138 0.008487 0.008841 0.009198 0.009557 0.009917 0.010276 0.010632 0.010984 0.011329 0.011667 0.011996 0.012314 0.012620 0.012912 0.013190 0.013452 0.013696 0.013923 0.014132 0.014322 0.014493 0.014646 0.014781 0.014899 0.015000 0.015087 0.015160 0.015221 0.015271 0.015313 0.015347 0.015375 0.015398 0.015417 0.015432 0.015445 0.015455 0.015464 0.015472 0.015478 0.015483 0.015486 0.015489 0.015491 0.015492 0.015492 0.015491 0.015489 0.015486 0.015483 0.015478 0.015472 0.015464 0.015455 0.015445 0.015432 0.015417 0.015398 0.015375 0.015347 0.015313 0.015271 0.015221 0.015160 0.015087 0.015000 0.014899 0.014781 0.014646 0.014493 0.014322 0.014132 0.013923 0.013696 0.013452 0.013190 0.012912 0.012620 0.012314 0.011996 0.011667 0.011329 0.010984 0.010632 0.010276 0.009917 0.009557 0.009198 0.008841 0.008487 0.008138 0.007796 0.007462 0.007137 0.006823 0.006520 0.006230 0.005955 0.005695 0.005451 0.005224 0.005017 0.004829 0.004663 0.004519 0.004399 0.004304 0.004237 0.004198 0.004189 0.004212 0.004268 0.004358 0.004484 0.004646 0.004847 0.005088 0.005368 0.005689 0.006051 0.006454 0.006895 0.007374 0.007888 0.008436 0.009013 0.009618 0.010249 0.010902 0.011574 0.012261 0.012957 0.013653 0.014339 0.014998 0.015615 0.016172 0.016650 0.017033 0.017310 0.017474 0.017536 0.017548 0.017685 0.018479 0.021359
0.021694 0.018835 0.018039 0.017901 0.017897 0.017852 0.017714 0.017473 0.017134 0.016707 0.016208 0.015652 0.015057 0.014438 0.013807 0.013176 0.012551 0.011939 0.011342 0.010765 0.010208 0.009674 0.009166 0.008686 0.008236 0.007820 0.007437 0.007091 0.006782 0.006511 0.006277 0.006080 0.005920 0.005796 0.005706 0.005651 0.005628 0.005637 0.005675 0.005742 0.005836 0.005955 0.006097 0.006262 0.006447 0.006652 0.006874 0.007113 0.007367 0.007635 0.007916 0.008208 0.008511 0.008822 0.009141 0.009467 0.009797 0.010131 0.010468 0.010805 0.011141 0.011475 0.011805 0.012130 0.012448 0.012758 0.013059 0.013347 0.013624 0.013886 0.014132 0.014362 0.014573 0.014766 0.014939 0.015092 0.015225 0.015339 0.015434 0.015511 0.015572 0.015618 0.015651 0.015673 0.015686 0.015692 0.015692 0.015688 0.015681 0.015673 0.015664 0.015654 0.015645 0.015636 0.015628 0.015621 0.015616 0.015611 0.015607 0.015605 0.015604 0.015604 0.015605 0.015607 0.015611 0.015616 0.015621 0.015628 0.015636 0.015645 0.015654 0.015664 0.015673 0.015681 0.015688 0.015692 0.015692 0.015686 0.015673 0.015651 0.015618 0.015572 0.015511 0.015434 0.015339 0.015225 0.015092 0.014939 0.014766 0.014573 0.014362 0.014132 0.013886 0.013624 0.013348 0.013059 0.012758 0.012448 0.012130 0.011805 0.011475 0.011141 0.010805 0.010468 0.010132 0.009798 0.009467 0.009142 0.008823 0.008511 0.008209 0.007916 0.007636 0.007368 0.007113 0.006875 0.006652 0.006448 0.006262 0.006098 0.005955 0.005836 0.005742 0.005675 0.005637 0.005628 0.005651 0.005706 0.005796 0.005920 0.006080 0.006277 0.006511 0.006782 0.007092 0.007438 0.007820 0.008237 0.008686 0.009166 0.009674 0.010208 0.010765 0.011343 0.011939 0.012552 0.013176 0.013808 0.014438 0.015057 0.015652 0.016208 0.016707 0.017133 0.017473 0.017713 0.017850 0.017894 0.017898 0.018035 0.018832 0.021692
0.021966 0.019124 0.018325 0.018186 0.018189 0.018158 0.018042 0.017831 0.017527 0.017143 0.016692 0.016190 0.015651 0.015090 0.014519 0.013947 0.013382 0.012827 0.012286 0.011761 0.011254 0.010766 0.010301 0.009859 0.009444 0.009057 0.008700 0.008376 0.008085 0.007828 0.007606 0.007418 0.007265 0.007146 0.007060 0.007007 0.006985 0.006994 0.007031 0.007096 0.007187 0.007302 0.007440 0.007599 0.007778 0.007974 0.008188 0.008417 0.008659 0.008915 0.009182 0.009458 0.009744 0.010038 0.010337 0.010642 0.010951 0.011262 0.011575 0.011887 0.012198 0.012506 0.012810 0.013108 0.013399 0.013682 0.013954 0.014214 0.014461 0.014692 0.014906 0.015101 0.015277 0.015431 0.015564 0.015674 0.015762 0.015828 0.015874 0.015902 0.015912 0.015908 0.015892 0.015866 0.015833 0.015795 0.015754 0.015711 0.015669 0.015628 0.015589 0.015553 0.015520 0.015490 0.015464 0.015442 0.015423 0.015408 0.015397 0.015390 0.015386 0.015386 0.015390 0.015397 0.015408 0.015423 0.015442 0.015464 0.015490 0.015520 0.015553 0.015589 0.015628 0.015669 0.015711 0.015754 0.015795 0.015833 0.015866 0.015892 0.015908 0.015912 0.015902 0.015874 0.015828 0.015762 0.015674 0.015564 0.015431 0.015277 0.015102 0.014906 0.014692 0.014461 0.014214 0.013954 0.013682 0.013400 0.013109 0.012810 0.012506 0.012198 0.011887 0.011575 0.011262 0.010951 0.010643 0.010338 0.010038 0.009744 0.009459 0.009182 0.008915 0.008660 0.008417 0.008188 0.007975 0.007778 0.007599 0.007440 0.007302 0.007187 0.007096 0.007031 0.006994 0.006985 0.007007 0.007060 0.007146 0.007265 0.007418 0.007606 0.007828 0.008085 0.008376 0.008700 0.009057 0.009444 0.009859 0.010301 0.010767 0.011254 0.011761 0.012286 0.012827 0.013382 0.013948 0.014519 0.015090 0.015651 0.016190 0.016692 0.017143 0.017527 0.017830 0.018041 0.018156 0.018186 0.018183 0.018321 0.019120 0.021964
0.022182 0.019355 0.018554 0.018415 0.018424 0.018406 0.018308 0.018121 0.017848 0.017499 0.017089 0.016631 0.016140 0.015630 0.015112 0.014593 0.014081 0.013579 0.013090 0.012616 0.012157 0.011715 0.011292 0.010890 0.010511 0.010156 0.009828 0.009528 0.009258 0.009019 0.008811 0.008635 0.008491 0.008379 0.008299 0.008249 0.008228 0.008237 0.008273 0.008335 0.008421 0.008531 0.008662 0.008813 0.008982 0.009168 0.009370 0.009586 0.009814 0.010054 0.010304 0.010563 0.010830 0.011103 0.011382 0.011665 0.011951 0.012239 0.012527 0.012816 0.013102 0.013385 0.013664 0.013937 0.014202 0.014458 0.014703 0.014934 0.015150 0.015349 0.015527 0.015683 0.015816 0.015924 0.016005 0.016061 0.016091 0.016097 0.016080 0.016044 0.015990 0.015922 0.015843 0.015757 0.015666 0.015574 0.015482 0.015393 0.015307 0.015227 0.015153 0.015085 0.015024 0.014969 0.014922 0.014881 0.014847 0.014820 0.014800 0.014786 0.014780 0.014780 0.014786 0.014800 0.014820 0.014847 0.014881 0.014922 0.014970 0.015024 0.015085 0.015153 0.015227 0.015307 0.015393 0.015482 0.015574 0.015666 0.015757 0.015843 0.015922 0.015990 0.016044 0.016080 0.016097 0.016091 0.016061 0.016006 0.015924 0.015816 0.015684 0.015527 0.015349 0.015150 0.014934 0.014703 0.014458 0.014202 0.013937 0.013664 0.013385 0.013102 0.012816 0.012528 0.012239 0.011951 0.011665 0.011382 0.011104 0.010830 0.010563 0.010304 0.010054 0.009814 0.009586 0.009370 0.009169 0.008982 0.008813 0.008662 0.008531 0.008421 0.008335 0.008273 0.008237 0.008228 0.008249 0.008299 0.008380 0.008492 0.008635 0.008811 0.009019 0.009258 0.009528 0.009828 0.010156 0.010511 0.010890 0.011293 0.011716 0.012157 0.012616 0.013090 0.013580 0.014081 0.014594 0.015112 0.015631 0.016141 0.016631 0.017089 0.017499 0.017847 0.018120 0.018307 0.018404 0.018421 0.018412 0.018550 0.019352 0.022181
0.022346 0.019534 0.018732 0.018594 0.018609 0.018603 0.018522 0.018356 0.018108 0.017790 0.017414 0.016994 0.016544 0.016078 0.015604 0.015133 0.014668 0.014213 0.013772 0.013343 0.012929 0.012531 0.012149 0.011785 0.011440 0.011118 0.010818 0.010543 0.010296 0.010075 0.009884 0.009721 0.009587 0.009483 0.009409 0.009362 0.009344 0.009352 0.009386 0.009444 0.009526 0.009629 0.009752 0.009894 0.010052 0.010227 0.010415 0.010616 0.010829 0.011053 0.011285 0.011525 0.011773 0.012026 0.012284 0.012545 0.012809 0.013075 0.013341 0.013607 0.013871 0.014131 0.014387 0.014636 0.014877 0.015107 0.015324 0.015525 0.015707 0.015866 0.016001 0.016108 0.016185 0.016231 0.016246 0.016229 0.016181 0.016107 0.016007 0.015887 0.015749 0.015600 0.015443 0.015282 0.015120 0.014962 0.014810 0.014665 0.014530 0.014404 0.014289 0.014185 0.014092 0.014010 0.013938 0.013876 0.013825 0.013784 0.013753 0.013733 0.013723 0.013723 0.013733 0.013753 0.013784 0.013825 0.013876 0.013938 0.014010 0.014092 0.014185 0.014290 0.014404 0.014530 0.014665 0.014810 0.014962 0.015120 0.015282 0.015443 0.015600 0.015750 0.015887 0.016007 0.016107 0.016182 0.016229 0.016246 0.016231 0.016185 0.016108 0.016001 0.015866 0.015707 0.015525 0.015324 0.015107 0.014877 0.014636 0.014387 0.014131 0.013871 0.013607 0.013342 0.013075 0.012810 0.012546 0.012284 0.012026 0.011773 0.011526 0.011285 0.011053 0.010829 0.010617 0.010415 0.010227 0.010052 0.009894 0.009752 0.009629 0.009526 0.009445 0.009386 0.009352 0.009344 0.009362 0.009409 0.009484 0.009588 0.009721 0.009884 0.010075 0.010296 0.010544 0.010818 0.011118 0.011441 0.011785 0.012149 0.012531 0.012930 0.013344 0.013772 0.014214 0.014668 0.015133 0.015605 0.016078 0.016545 0.016994 0.017414 0.017790 0.018108 0.018355 0.018521 0.018601 0.018606 0.018590 0.018728 0.019531 0.022345
0.022462 0.019665 0.018863 0.018727 0.018750 0.018756 0.018691 0.018544 0.018320 0.018028 0.017681 0.017293 0.016879 0.016449 0.016015 0.015583 0.015159 0.014746 0.014346 0.013959 0.013586 0.013227 0.012882 0.012554 0.012242 0.011950 0.011678 0.011428 0.011202 0.011000 0.010824 0.010675 0.010552 0.010456 0.010387 0.010345 0.010328 0.010336 0.010368 0.010423 0.010499 0.010595 0.010710 0.010842 0.010989 0.011151 0.011326 0.011513 0.011711 0.011918 0.012133 0.012356 0.012584 0.012819 0.013057 0.013299 0.013543 0.013789 0.014035 0.014281 0.014525 0.014765 0.014999 0.015226 0.015442 0.015645 0.015830 0.015994 0.016133 0.016243 0.016319 0.016359 0.016361 0.016322 0.016244 0.016129 0.015978 0.015797 0.015589 0.015362 0.015121 0.014871 0.014618 0.014368 0.014125 0.013892 0.013671 0.013465 0.013275 0.013101 0.012943 0.012800 0.012673 0.012561 0.012463 0.012380 0.012311 0.012255 0.012214 0.012186 0.012172 0.012172 0.012186 0.012214 0.012255 0.012311 0.012380 0.012463 0.012561 0.012673 0.012800 0.012943 0.013101 0.013275 0.013466 0.013671 0.013892 0.014125 0.014368 0.014619 0.014871 0.015121 0.015362 0.015589 0.015797 0.015978 0.016129 0.016244 0.016322 0.016361 0.016359 0.016319 0.016243 0.016134 0.015995 0.015830 0.015645 0.015442 0.015226 0.014999 0.014765 0.014525 0.014281 0.014036 0.013789 0.013544 0.013299 0.013057 0.012819 0.012585 0.012356 0.012133 0.011918 0.011711 0.011514 0.011327 0.011152 0.010990 0.010842 0.010710 0.010595 0.010499 0.010423 0.010368 0.010336 0.010328 0.010345 0.010388 0.010457 0.010552 0.010675 0.010824 0.011000 0.011202 0.011428 0.011678 0.011950 0.012243 0.012554 0.012883 0.013227 0.013586 0.013959 0.014346 0.014747 0.015159 0.015583 0.016015 0.016449 0.016879 0.017294 0.017681 0.018028 0.018320 0.018544 0.018690 0.018754 0.018747 0.018724 0.018859 0.019662 0.022461
0.022534 0.019751 0.018950 0.018819 0.018850 0.018870 0.018821 0.018694 0.018490 0.018222 0.017901 0.017541 0.017156 0.016758 0.016357 0.015959 0.015571 0.015194 0.014830 0.014479 0.014142 0.013817 0.013506 0.013210 0.012929 0.012664 0.012417 0.012190 0.011985 0.011801 0.011640 0.011504 0.011391 0.011304 0.011240 0.011202 0.011187 0.011195 0.011225 0.011276 0.011346 0.011436 0.011542 0.011665 0.011802 0.011952 0.012114 0.012288 0.012471 0.012662 0.012862 0.013068 0.013280 0.013498 0.013719 0.013944 0.014171 0.014400 0.014629 0.014857 0.015083 0.015304 0.015517 0.015721 0.015910 0.016079 0.016225 0.016341 0.016422 0.016462 0.016457 0.016403 0.016299 0.016145 0.015943 0.015696 0.015411 0.015094 0.014753 0.014396 0.014031 0.013665 0.013306 0.012958 0.012626 0.012314 0.012024 0.011757 0.011513 0.011291 0.011092 0.010913 0.010755 0.010615 0.010494 0.010390 0.010304 0.010236 0.010184 0.010150 0.010132 0.010132 0.010150 0.010184 0.010236 0.010304 0.010391 0.010494 0.010615 0.010755 0.010913 0.011092 0.011291 0.011513 0.011757 0.012024 0.012315 0.012626 0.012958 0.013306 0.013666 0.014031 0.014396 0.014753 0.015094 0.015411 0.015696 0.015943 0.016145 0.016299 0.016404 0.016457 0.016462 0.016422 0.016341 0.016225 0.016080 0.015910 0.015721 0.015518 0.015304 0.015083 0.014857 0.014629 0.014400 0.014171 0.013944 0.013719 0.013498 0.013281 0.013068 0.012862 0.012663 0.012471 0.012288 0.012114 0.011952 0.011802 0.011665 0.011543 0.011436 0.011347 0.011276 0.011225 0.011195 0.011187 0.011202 0.011241 0.011304 0.011392 0.011504 0.011640 0.011801 0.011985 0.012191 0.012418 0.012664 0.012929 0.013210 0.013507 0.013817 0.014142 0.014479 0.014830 0.015194 0.015571 0.015960 0.016357 0.016759 0.017157 0.017542 0.017901 0.018222 0.018490 0.018693 0.018820 0.018868 0.018848 0.018815 0.018947 0.019748 0.022532
0.022563 0.019796 0.018998 0.018872 0.018915 0.018949 0.018917 0.018809 0.018626 0.018379 0.018082 0.017747 0.017388 0.017017 0.016644 0.016276 0.015917 0.015571 0.015238 0.014918 0.014611 0.014317 0.014036 0.013767 0.013513 0.013273 0.013050 0.012844 0.012656 0.012489 0.012342 0.012218 0.012115 0.012035 0.011977 0.011942 0.011929 0.011937 0.011965 0.012012 0.012078 0.012161 0.012260 0.012374 0.012501 0.012641 0.012792 0.012953 0.013123 0.013301 0.013487 0.013680 0.013878 0.014080 0.014288 0.014498 0.014711 0.014925 0.015139 0.015352 0.015561 0.015763 0.015954 0.016129 0.016284 0.016410 0.016502 0.016550 0.016549 0.016491 0.016372 0.016189 0.015942 0.015634 0.015270 0.014858 0.014407 0.013928 0.013432 0.012930 0.012431 0.011943 0.011474 0.011030 0.010615 0.010231 0.009880 0.009561 0.009272 0.009014 0.008782 0.008577 0.008395 0.008236 0.008097 0.007979 0.007882 0.007803 0.007744 0.007705 0.007686 0.007686 0.007705 0.007744 0.007803 0.007882 0.007980 0.008097 0.008236 0.008395 0.008577 0.008782 0.009014 0.009272 0.009561 0.009880 0.010232 0.010615 0.011030 0.011474 0.011943 0.012431 0.012930 0.013432 0.013929 0.014407 0.014858 0.015270 0.015634 0.015942 0.016189 0.016372 0.016491 0.016549 0.016550 0.016502 0.016410 0.016284 0.016129 0.015954 0.015763 0.015561 0.015352 0.015140 0.014925 0.014711 0.014498 0.014288 0.014081 0.013878 0.013680 0.013487 0.013302 0.013123 0.012953 0.012792 0.012641 0.012502 0.012374 0.012261 0.012162 0.012079 0.012013 0.011965 0.011937 0.011929 0.011942 0.011978 0.012035 0.012115 0.012218 0.012343 0.012489 0.012657 0.012844 0.013050 0.013273 0.013513 0.013768 0.014036 0.014317 0.014611 0.014918 0.015238 0.015571 0.015917 0.016276 0.016644 0.017017 0.017388 0.017747 0.018082 0.018379 0.018626 0.018808 0.018916 0.018947 0.018912 0.018869 0.018994 0.019792 0.022562
0.022555 0.019802 0.019009 0.018891 0.018946 0.018996 0.018983 0.018893 0.018731 0.018506 0.018230 0.017917 0.017581 0.017234 0.016885 0.016542 0.016209 0.015889 0.015582 0.015289 0.015008 0.014740 0.014484 0.014240 0.014009 0.013791 0.013588 0.013400 0.013230 0.013077 0.012943 0.012829 0.012736 0.012663 0.012610 0.012578 0.012567 0.012574 0.012601 0.012646 0.012707 0.012785 0.012877 0.012984 0.013102 0.013233 0.013374 0.013524 0.013683 0.013851 0.014025 0.014206 0.014392 0.014583 0.014779 0.014977 0.015178 0.015380 0.015581 0.015779 0.015970 0.016150 0.016313 0.016452 0.016559 0.016625 0.016640 0.016593 0.016477 0.016284 0.016010 0.015656 0.015224 0.014721 0.014160 0.013552 0.012913 0.012256 0.011597 0.010948 0.010320 0.009721 0.009159 0.008637 0.008159 0.007726 0.007335 0.006986 0.006674 0.006398 0.006154 0.005939 0.005750 0.005585 0.005442 0.005321 0.005220 0.005140 0.005079 0.005039 0.005019 0.005019 0.005039 0.005079 0.005140 0.005220 0.005321 0.005442 0.005585 0.005750 0.005939 0.006154 0.006398 0.006674 0.006986 0.007335 0.007726 0.008159 0.008637 0.009159 0.009721 0.010320 0.010948 0.011597 0.012256 0.012913 0.013552 0.014160 0.014722 0.015224 0.015656 0.016010 0.016284 0.016477 0.016593 0.016640 0.016625 0.016560 0.016452 0.016313 0.016150 0.015970 0.015779 0.015582 0.015381 0.015179 0.014978 0.014779 0.014583 0.014392 0.014206 0.014025 0.013851 0.013684 0.013524 0.013374 0.013233 0.013103 0.012984 0.012878 0.012785 0.012708 0.012646 0.012601 0.012575 0.012567 0.012579 0.012610 0.012663 0.012736 0.012830 0.012944 0.013077 0.013230 0.013401 0.013588 0.013792 0.014009 0.014241 0.014485 0.014741 0.015009 0.015289 0.015582 0.015889 0.016209 0.016542 0.016886 0.017234 0.017582 0.017917 0.018230 0.018506 0.018731 0.018893 0.018982 0.018994 0.018943 0.018888 0.019005 0.019799 0.022553
0.022511 0.019774 0.018986 0.018877 0.018947 0.019015 0.019021 0.018952 0.018810 0.018605 0.018350 0.018058 0.017743 0.017417 0.017090 0.016768 0.016457 0.016158 0.015874 0.015603 0.015345 0.015099 0.014865 0.014642 0.014430 0.014231 0.014046 0.013874 0.013718 0.013578 0.013456 0.013352 0.013266 0.013199 0.013152 0.013123 0.013113 0.013121 0.013147 0.013189 0.013247 0.013320 0.013407 0.013507 0.013618 0.013741 0.013874 0.014016 0.014167 0.014325 0.014490 0.014662 0.014839 0.015021 0.015207 0.015396 0.015587 0.015778 0.015966 0.016147 0.016317 0.016468 0.016593 0.016682 0.016722 0.016702 0.016608 0.016430 0.016158 0.015786 0.015313 0.014743 0.014085 0.013355 0.012569 0.011750 0.010917 0.010088 0.009280 0.008509 0.007783 0.007108 0.006490 0.005932 0.005433 0.004990 0.004600 0.004257 0.003957 0.003696 0.003469 0.003273 0.003103 0.002955 0.002828 0.002721 0.002632 0.002560 0.002507 0.002471 0.002454 0.002454 0.002471 0.002507 0.002561 0.002632 0.002721 0.002828 0.002955 0.003103 0.003273 0.003469 0.003696 0.003957 0.004257 0.004600 0.004990 0.005433 0.005932 0.006490 0.007108 0.007783 0.008509 0.009280 0.010088 0.010917 0.011750 0.012569 0.013355 0.014085 0.014743 0.015313 0.015786 0.016158 0.016430 0.016608 0.016702 0.016722 0.016682 0.016594 0.016469 0.016317 0.016148 0.015966 0.015778 0.015588 0.015397 0.015207 0.015021 0.014839 0.014662 0.014490 0.014325 0.014167 0.014016 0.013874 0.013741 0.013619 0.013507 0.013407 0.013320 0.013247 0.013189 0.013147 0.013121 0.013113 0.013123 0.013152 0.013200 0.013266 0.013352 0.013456 0.013579 0.013718 0.013875 0.014046 0.014232 0.014431 0.014642 0.014865 0.015099 0.015345 0.015603 0.015874 0.016159 0.016457 0.016768 0.017090 0.017417 0.017744 0.018059 0.018350 0.018605 0.018810 0.018951 0.019020 0.019013 0.018944 0.018874 0.018983 0.019770 0.022509
0.022434 0.019712 0.018932 0.018834 0.018920 0.019007 0.019034 0.018986 0.018866 0.018682 0.018447 0.018175 0.017879 0.017572 0.017263 0.016960 0.016668 0.016388 0.016123 0.015870 0.015631 0.015404 0.015188 0.014983 0.014788 0.014605 0.014435 0.014277 0.014134 0.014006 0.013893 0.013797 0.013719 0.013658 0.013614 0.013589 0.013580 0.013589 0.013614 0.013655 0.013710 0.013780 0.013862 0.013957 0.014063 0.014180 0.014307 0.014442 0.014586 0.014737 0.014896 0.015060 0.015231 0.015406 0.015585 0.015766 0.015948 0.016127 0.016300 0.016460 0.016602 0.016714 0.016785 0.016801 0.016747 0.016608 0.016368 0.016015 0.015541 0.014945 0.014230 0.013407 0.012496 0.011520 0.010507 0.009484 0.008481 0.007517 0.006609 0.005773 0.005013 0.004328 0.003725 0.003202 0.002752 0.002365 0.002032 0.001747 0.001510 0.001318 0.001160 0.001029 0.000917 0.000822 0.000741 0.000672 0.000615 0.000569 0.000535 0.000512 0.000501 0.000501 0.000512 0.000535 0.000569 0.000615 0.000672 0.000741 0.000822 0.000917 0.001029 0.001160 0.001318 0.001510 0.001747 0.002032 0.002365 0.002752 0.003202 0.003725 0.004328 0.005013 0.005774 0.006609 0.007517 0.008481 0.009484 0.010507 0.011520 0.012496 0.013407 0.014230 0.014945 0.015542 0.016015 0.016368 0.016608 0.016747 0.016801 0.016785 0.016714 0.016602 0.016461 0.016300 0.016127 0.015948 0.015766 0.015585 0.015406 0.015231 0.015061 0.014896 0.014737 0.014586 0.014442 0.014307 0.014180 0.014063 0.013957 0.013862 0.013780 0.013710 0.013655 0.013614 0.013589 0.013581 0.013589 0.013615 0.013658 0.013719 0.013798 0.013893 0.014006 0.014134 0.014278 0.014435 0.014606 0.014789 0.014983 0.015188 0.015404 0.015632 0.015871 0.016123 0.016389 0.016668 0.016961 0.017264 0.017572 0.017880 0.018175 0.018447 0.018682 0.018865 0.018985 0.019033 0.019005 0.018917 0.018831 0.018928 0.019709 0.022433
0.022328 0.019621 0.018849 0.018763 0.018867 0.018975 0.019025 0.018999 0.018901 0.018738 0.018523 0.018270 0.017993 0.017703 0.017412 0.017125 0.016849 0.016585 0.016336 0.016100 0.015876 0.015664 0.015464 0.015273 0.015093 0.014924 0.014766 0.014621 0.014488 0.014370 0.014266 0.014178 0.014106 0.014050 0.014011 0.013988 0.013981 0.013991 0.014016 0.014055 0.014109 0.014176 0.014255 0.014347 0.014449 0.014561 0.014683 0.014814 0.014953 0.015100 0.015253 0.015413 0.015579 0.015748 0.015921 0.016095 0.016267 0.016432 0.016585 0.016717 0.016818 0.016874 0.016870 0.016786 0.016604 0.016305 0.015876 0.015303 0.014586 0.013726 0.012739 0.011646 0.010476 0.009266 0.008053 0.006874 0.005764 0.004743 0.003830 0.003036 0.002346 0.001762 0.001294 0.000929 0.000637 0.000394 0.000194 0.000031 -0.000009 -0.000009 -0.000009 -0.000009 -0.000009 -0.000009 -0.000009 -0.000009 -0.000009 -0.000009 -0.000009 -0.000009 -0.000009 -0.000009 -0.000009 -0.000009 -0.000009 -0.000009 -0.000009 -0.000009 -0.000009 -0.000009 -0.000009 -0.000009 -0.000009 -0.000009 0.000032 0.000194 0.000394 0.000637 0.000929 0.001294 0.001762 0.002346 0.003036 0.003830 0.004744 0.005764 0.006874 0.008053 0.009266 0.010476 0.011646 0.012740 0.013726 0.014586 0.015304 0.015876 0.016306 0.016604 0.016786 0.016870 0.016875 0.016819 0.016717 0.016585 0.016432 0.016267 0.016095 0.015921 0.015749 0.015579 0.015413 0.015254 0.015100 0.014953 0.014814 0.014683 0.014562 0.014449 0.014347 0.014256 0.014176 0.014109 0.014055 0.014016 0.013991 0.013982 0.013988 0.014011 0.014050 0.014106 0.014178 0.014266 0.014370 0.014488 0.014621 0.014767 0.014924 0.015094 0.015273 0.015464 0.015665 0.015876 0.016100 0.016336 0.016586 0.016849 0.017125 0.017412 0.017704 0.017993 0.018271 0.018523 0.018738 0.018900 0.018999 0.019023 0.018973 0.018864 0.018760 0.018845 0.019618 0.022327
0.022194 0.019502 0.018739 0.018668 0.018791 0.018922 0.018995 0.018994 0.018918 0.018777 0.018582 0.018348 0.018088 0.017815 0.017539 0.017267 0.017005 0.016756 0.016520 0.016297 0.016087 0.015888 0.015700 0.015522 0.015354 0.015197 0.015050 0.014914 0.014791 0.014681 0.014585 0.014504 0.014437 0.014386 0.014351 0.014331 0.014326 0.014337 0.014362 0.014402 0.014454 0.014520 0.014597 0.014686 0.014786 0.014895 0.015015 0.015142 0.015278 0.015422 0.015573 0.015729 0.015891 0.016056 0.016223 0.016388 0.016547 0.016694 0.016819 0.016911 0.016955 0.016933 0.016824 0.016606 0.016256 0.015757 0.015094 0.014263 0.013269 0.012127 0.010862 0.009511 0.008114 0.006719 0.005381 0.004144 0.003050 0.002113 0.001363 0.000795 0.000350 0.000005 -0.000009 -0.000009 -0.000009 -0.000009 -0.000009 -0.000009 -0.000009 -0.000009 -0.000009 -0.000009 -0.000009 -0.000009 -0.000009 -0.000009 -0.000009 -0.000009 -0.000009 -0.000009 -0.000009 -0.000009 -0.000009 -0.000009 -0.000009 -0.000009 -0.000009 -0.000009 -0.000009 -0.000009 -0.000009 -0.000009 -0.000009 -0.000009 -0.000009 -0.000009 -0.000009 -0.000009 -0.000009 -0.000009 0.000005 0.000350 0.000795 0.001363 0.002114 0.003050 0.004144 0.005381 0.006719 0.008114 0.009511 0.010863 0.012127 0.013270 0.014264 0.015094 0.015757 0.016256 0.016606 0.016824 0.016934 0.016956 0.016912 0.016819 0.016694 0.016548 0.016388 0.016223 0.016057 0.015891 0.015730 0.015573 0.015422 0.015279 0.015143 0.015015 0.014896 0.014786 0.014687 0.014598 0.014520 0.014455 0.014402 0.014363 0.014337 0.014327 0.014331 0.014351 0.014386 0.014437 0.014504 0.014585 0.014681 0.014791 0.014915 0.015050 0.015197 0.015355 0.015522 0.015700 0.015888 0.016087 0.016297 0.016520 0.016756 0.017005 0.017268 0.017539 0.017816 0.018089 0.018348 0.018582 0.018776 0.018917 0.018993 0.018994 0.018920 0.018788 0.018664 0.018735 0.019499 0.022193
0.022035 0.019357 0.018604 0.018549 0.018693 0.018849 0.018948 0.018971 0.018919 0.018800 0.018626 0.018411 0.018168 0.017911 0.017649 0.017391 0.017141 0.016904 0.016679 0.016468 0.016269 0.016081 0.015904 0.015737 0.015579 0.015431 0.015293 0.015167 0.015051 0.014949 0.014859 0.014784 0.014723 0.014676 0.014644 0.014627 0.014625 0.014637 0.014664 0.014703 0.014756 0.014821 0.014897 0.014985 0.015083 0.015192 0.015309 0.015436 0.015570 0.015712 0.015861 0.016016 0.016174 0.016335 0.016495 0.016648 0.016790 0.016910 0.016996 0.017031 0.016996 0.016868 0.016620 0.016228 0.015670 0.014930 0.014000 0.012886 0.011606 0.010189 0.008676 0.007118 0.005574 0.004106 0.002776 0.001667 0.000823 0.000203 -0.000009 -0.000009 -0.000009 -0.000009 -0.000009 -0.000009 -0.000009 -0.000009 -0.000009 -0.000009 -0.000009 -0.000009 -0.000009 -0.000009 -0.000009 -0.000009 -0.000009 -0.000009 -0.000009 -0.000009 -0.000009 -0.000009 -0.000009 -0.000009 -0.000009 -0.000009 -0.000009 -0.000009 -0.000009 -0.000009 -0.000009 -0.000009 -0.000009 -0.000009 -0.000009 -0.000009 -0.000009 -0.000009 -0.000009 -0.000009 -0.000009 -0.000009 -0.000009 -0.000009 -0.000009 -0.000009 0.000204 0.000823 0.001667 0.002776 0.004106 0.005574 0.007118 0.008677 0.010189 0.011606 0.012886 0.014000 0.014930 0.015670 0.016229 0.016620 0.016868 0.016996 0.017031 0.016996 0.016910 0.016790 0.016649 0.016495 0.016335 0.016175 0.016016 0.015862 0.015713 0.015571 0.015436 0.015310 0.015192 0.015084 0.014985 0.014898 0.014821 0.014756 0.014703 0.014664 0.014638 0.014625 0.014628 0.014645 0.014676 0.014723 0.014784 0.014860 0.014949 0.015052 0.015167 0.015294 0.015431 0.015579 0.015737 0.015905 0.016082 0.016269 0.016468 0.016680 0.016904 0.017142 0.017391 0.017649 0.017911 0.018169 0.018411 0.018626 0.018800 0.018919 0.018970 0.018946 0.018847 0.018690 0.018545 0.018601 0.019354 0.022034
0.021853 0.019188 0.018447 0.018408 0.018576 0.018758 0.018884 0.018933 0.018906 0.018810 0.018658 0.018461 0.018236 0.017993 0.017745 0.017499 0.017261 0.017034 0.016820 0.016618 0.016428 0.016250 0.016082 0.015923 0.015774 0.015634 0.015504 0.015385 0.015277 0.015180 0.015097 0.015027 0.014970 0.014928 0.014900 0.014886 0.014886 0.014900 0.014928 0.014968 0.015022 0.015087 0.015164 0.015251 0.015350 0.015458 0.015575 0.015701 0.015835 0.015977 0.016125 0.016278 0.016433 0.016588 0.016737 0.016875 0.016991 0.017073 0.017103 0.017060 0.016919 0.016651 0.016228 0.015624 0.014821 0.013808 0.012593 0.011195 0.009649 0.008003 0.006315 0.004654 0.003098 0.001761 0.000703 -0.000009 -0.000009 -0.000009 -0.000009 -0.000009 -0.000009 -0.000009 -0.000009 -0.000009 -0.000009 -0.000009 -0.000009 -0.000009 -0.000009 -0.000009 -0.000009 -0.000009 -0.000009 -0.000009 -0.000009 -0.000009 -0.000009 -0.000009 -0.000009 -0.000009 -0.000009 -0.000009 -0.000009 -0.000009 -0.000009 -0.000009 -0.000009 -0.000009 -0.000009 -0.000009 -0.000009 -0.000009 -0.000009 -0.000009 -0.000009 -0.000009 -0.000009 -0.000009 -0.000009 -0.000009 -0.000009 -0.000009 -0.000009 -0.000009 -0.000009 -0.000009 -0.000009 0.000704 0.001761 0.003098 0.004654 0.006315 0.008003 0.009649 0.011195 0.012593 0.013808 0.014821 0.015625 0.016228 0.016651 0.016919 0.017060 0.017103 0.017073 0.016991 0.016875 0.016738 0.016588 0.016433 0.016278 0.016125 0.015977 0.015836 0.015701 0.015575 0.015458 0.015350 0.015252 0.015164 0.015087 0.015022 0.014969 0.014928 0.014900 0.014886 0.014886 0.014900 0.014928 0.014971 0.015027 0.015097 0.015181 0.015277 0.015385 0.015504 0.015634 0.015774 0.015923 0.016082 0.016250 0.016429 0.016618 0.016820 0.017034 0.017261 0.017499 0.017745 0.017993 0.018236 0.018462 0.018658 0.018810 0.018906 0.018933 0.018882 0.018756 0.018573 0.018405 0.018443 0.019185 0.021851
0.021648 0.018997 0.018268 0.018248 0.018440 0.018650 0.018805 0.018883 0.018882 0.018810 0.018678 0.018501 0.018292 0.018065 0.017829 0.017594 0.017367 0.017149 0.016944 0.016751 0.016569 0.016398 0.016238 0.016086 0.015944 0.015811 0.015688 0.015575 0.015473 0.015382 0.015304 0.015239 0.015187 0.015149 0.015124 0.015113 0.015116 0.015132 0.015162 0.015204 0.015259 0.015325 0.015403 0.015491 0.015590 0.015699 0.015817 0.015944 0.016079 0.016221 0.016368 0.016519 0.016669 0.016815 0.016950 0.017064 0.017144 0.017172 0.017126 0.016978 0.016699 0.016257 0.015622 0.014771 0.013694 0.012396 0.010900 0.009246 0.007491 0.005703 0.003959 0.002365 0.001041 0.000090 -0.000009 -0.000009 -0.000009 -0.000009 -0.000009 -0.000009 -0.000009 -0.000009 -0.000009 -0.000009 -0.000009 -0.000009 -0.000009 -0.000009 -0.000009 -0.000009 -0.000009 -0.000009 -0.000009 -0.000009 -0.000009 -0.000009 -0.000009 -0.000009 -0.000009 -0.000009 -0.000009 -0.000009 -0.000009 -0.000009 -0.000009 -0.000009 -0.000009 -0.000009 -0.000009 -0.000009 -0.000009 -0.000009 -0.000009 -0.000009 -0.000009 -0.000009 -0.000009 -0.000009 -0.000009 -0.000009 -0.000009 -0.000009 -0.000009 -0.000009 -0.000009 -0.000009 -0.000009 -0.000009 0.000090 0.001042 0.002365 0.003959 0.005703 0.007491 0.009246 0.010900 0.012396 0.013694 0.014771 0.015622 0.016257 0.016700 0.016979 0.017126 0.017172 0.017144 0.017064 0.016950 0.016816 0.016670 0.016519 0.016369 0.016221 0.016079 0.015945 0.015818 0.015699 0.015591 0.015492 0.015403 0.015325 0.015259 0.015204 0.015162 0.015133 0.015116 0.015113 0.015124 0.015149 0.015187 0.015239 0.015305 0.015383 0.015473 0.015575 0.015689 0.015812 0.015945 0.016087 0.016238 0.016399 0.016569 0.016751 0.016944 0.017150 0.017367 0.017595 0.017829 0.018065 0.018293 0.018502 0.018679 0.018810 0.018881 0.018882 0.018804 0.018648 0.018438 0.018245 0.018264 0.018994 0.021647
0.021423 0.018785 0.018069 0.018069 0.018288 0.018528 0.018713 0.018820 0.018847 0.018800 0.018691 0.018533 0.018341 0.018127 0.017904 0.017680 0.017462 0.017253 0.017055 0.016869 0.016695 0.016530 0.016376 0.016231 0.016095 0.015968 0.015850 0.015743 0.015646 0.015560 0.015487 0.015426 0.015378 0.015344 0.015323 0.015315 0.015321 0.015340 0.015372 0.015416 0.015473 0.015541 0.015620 0.015710 0.015811 0.015921 0.016041 0.016169 0.016305 0.016448 0.016594 0.016740 0.016884 0.017016 0.017129 0.017209 0.017237 0.017192 0.017045 0.016764 0.016313 0.015661 0.014781 0.013658 0.012296 0.010719 0.008975 0.007127 0.005255 0.003450 0.001846 0.000555 -0.000009 -0.000009 -0.000009 -0.000009 -0.000009 -0.000009 0.000044 0.000929 0.001381 0.001108 0.000280 -0.000009 -0.000009 -0.000009 -0.000009 -0.000009 -0.000009 -0.000009 0.000627 0.002964 0.006003 0.009479 0.013195 0.016957 0.020560 0.023790 0.026438 0.028321 0.029299 0.029299 0.028321 0.026439 0.023790 0.020560 0.016957 0.013195 0.009479 0.006003 0.002965 0.000627 -0.000009 -0.000009 -0.000009 -0.000009 -0.000009 -0.000009 -0.000009 0.000278 0.001106 0.001379 0.000928 0.000043 -0.000009 -0.000009 -0.000009 -0.000009 -0.000009 -0.000009 0.000555 0.001846 0.003451 0.005255 0.007127 0.008975 0.010719 0.012296 0.013658 0.014781 0.015661 0.016314 0.016764 0.017045 0.017192 0.017238 0.017209 0.017129 0.017017 0.016884 0.016741 0.016594 0.016448 0.016306 0.016170 0.016041 0.015922 0.015811 0.015711 0.015621 0.015541 0.015473 0.015417 0.015372 0.015341 0.015322 0.015316 0.015323 0.015344 0.015379 0.015427 0.015487 0.015561 0.015646 0.015743 0.015851 0.015968 0.016095 0.016231 0.016376 0.016531 0.016695 0.016870 0.017056 0.017253 0.017462 0.017681 0.017905 0.018128 0.018341 0.018533 0.018691 0.018800 0.018846 0.018820 0.018712 0.018526 0.018286 0.018066 0.018065 0.018782 0.021422
0.021180 0.018553 0.017851 0.017874 0.018122 0.018393 0.018610 0.018748 0.018803 0.018782 0.018696 0.018558 0.018383 0.018184 0.017973 0.017759 0.017549 0.017348 0.017157 0.016977 0.016808 0.016649 0.016500 0.016361 0.016230 0.016108 0.015995 0.015892 0.015800 0.015719 0.015650 0.015594 0.015550 0.015519 0.015502 0.015498 0.015507 0.015529 0.015563 0.015610 0.015669 0.015739 0.015821 0.015913 0.016016 0.016128 0.016250 0.016380 0.016517 0.016659 0.016802 0.016943 0.017074 0.017187 0.017268 0.017299 0.017259 0.017117 0.016841 0.016393 0.015738 0.014844 0.013694 0.012288 0.010649 0.008827 0.006896 0.004947 0.003085 0.001462 0.000207 -0.000009 -0.000009 -0.000009 -0.000009 0.003620 0.010861 0.020698 0.031853 0.042210 0.049484 0.052472 0.051610 0.048386 0.044442 0.041089 0.039264 0.039517 0.042051 0.046881 0.054076 0.063591 0.075029 0.087761 0.101134 0.114445 0.126965 0.137987 0.146872 0.153102 0.156312 0.156312 0.153103 0.146873 0.137988 0.126967 0.114446 0.101135 0.087761 0.075030 0.063591 0.054076 0.046880 0.042049 0.039514 0.039260 0.041085 0.044437 0.048380 0.051604 0.052465 0.049478 0.042205 0.031849 0.020696 0.010860 0.003620 -0.000009 -0.000009 -0.000009 -0.000009 0.000207 0.001462 0.003085 0.004947 0.006896 0.008828 0.010649 0.012288 0.013694 0.014844 0.015738 0.016393 0.016841 0.017117 0.017259 0.017300 0.017268 0.017187 0.017074 0.016943 0.016803 0.016659 0.016517 0.016380 0.016250 0.016129 0.016016 0.015913 0.015821 0.015740 0.015669 0.015610 0.015564 0.015529 0.015507 0.015498 0.015502 0.015520 0.015550 0.015594 0.015651 0.015720 0.015800 0.015893 0.015995 0.016108 0.016230 0.016361 0.016501 0.016650 0.016809 0.016977 0.017157 0.017348 0.017550 0.017759 0.017973 0.018184 0.018383 0.018558 0.018696 0.018782 0.018803 0.018747 0.018609 0.018391 0.018119 0.017871 0.017848 0.018550 0.021178
0.020919 0.018304 0.017618 0.017664 0.017941 0.018246 0.018497 0.018668 0.018753 0.018758 0.018695 0.018578 0.018420 0.018235 0.018036 0.017832 0.017631 0.017436 0.017251 0.017076 0.016912 0.016758 0.016614 0.016478 0.016352 0.016234 0.016125 0.016027 0.015939 0.015863 0.015798 0.015745 0.015706 0.015679 0.015665 0.015665 0.015677 0.015702 0.015740 0.015789 0.015851 0.015924 0.016008 0.016103 0.016208 0.016323 0.016447 0.016578 0.016716 0.016855 0.016994 0.017124 0.017237 0.017320 0.017356 0.017322 0.017190 0.016926 0.016490 0.015844 0.014954 0.013796 0.012365 0.010683 0.008799 0.006791 0.004764 0.002842 0.001193 -0.000009 -0.000009 -0.000009 -0.000009 0.003671 0.016418 0.040296 0.076443 0.121420 0.166975 0.204656 0.229739 0.241723 0.242934 0.237117 0.228326 0.220203 0.215551 0.216106 0.222575 0.234836 0.252178 0.273527 0.297461 0.322473 0.347109 0.370122 0.390517 0.407550 0.420703 0.429636 0.434149 0.434149 0.429637 0.420704 0.407552 0.390518 0.370124 0.347110 0.322474 0.297462 0.273526 0.252176 0.234832 0.222570 0.216098 0.215540 0.220191 0.228311 0.237101 0.242917 0.241706 0.229723 0.204642 0.166963 0.121412 0.076439 0.040294 0.016418 0.003671 -0.000009 -0.000009 -0.000009 -0.000009 0.001193 0.002842 0.004764 0.006791 0.008799 0.010683 0.012365 0.013796 0.014954 0.015845 0.016490 0.016926 0.017191 0.017323 0.017356 0.017320 0.017237 0.017124 0.016994 0.016856 0.016716 0.016579 0.016447 0.016323 0.016208 0.016103 0.016008 0.015924 0.015851 0.015790 0.015740 0.015702 0.015677 0.015665 0.015666 0.015679 0.015706 0.015746 0.015798 0.015863 0.015940 0.016027 0.016126 0.016234 0.016352 0.016479 0.016614 0.016759 0.016913 0.017077 0.017251 0.017437 0.017631 0.017833 0.018037 0.018236 0.018420 0.018578 0.018696 0.018758 0.018752 0.018667 0.018496 0.018244 0.017939 0.017661 0.017614 0.018301 0.020918
0.020645 0.018039 0.017369 0.017440 0.017750 0.018090 0.018376 0.018580 0.018697 0.018730 0.018692 0.018595 0.018454 0.018284 0.018097 0.017902 0.017708 0.017520 0.017340 0.017170 0.017010 0.016860 0.016719 0.016587 0.016464 0.016350 0.016245 0.016151 0.016067 0.015994 0.015933 0.015885 0.015849 0.015826 0.015816 0.015819 0.015835 0.015864 0.015905 0.015957 0.016022 0.016098 0.016184 0.016282 0.016390 0.016507 0.016633 0.016765 0.016901 0.017037 0.017166 0.017280 0.017365 0.017407 0.017382 0.017262 0.017013 0.016597 0.015971 0.015099 0.013950 0.012516 0.010812 0.008884 0.006812 0.004708 0.002720 0.001037 -0.000009 -0.000009 -0.000009 0.000005 0.010170 0.037248 0.090987 0.175327 0.276954 0.372288 0.446702 0.497541 0.527878 0.542271 0.545265 0.541081 0.533636 0.526448 0.522372 0.523283 0.529892 0.541827 0.557946 0.576720 0.596564 0.616090 0.634235 0.650284 0.663819 0.674645 0.682713 0.688049 0.690701 0.690701 0.688050 0.682714 0.674646 0.663820 0.650285 0.634236 0.616090 0.596564 0.576719 0.557943 0.541823 0.529886 0.523274 0.522361 0.526435 0.533622 0.541065 0.545248 0.542254 0.527861 0.497525 0.446687 0.372276 0.276945 0.175322 0.090985 0.037248 0.010171 0.000005 -0.000009 -0.000009 -0.000009 0.001037 0.002720 0.004709 0.006812 0.008884 0.010812 0.012517 0.013951 0.015099 0.015972 0.016597 0.017014 0.017262 0.017382 0.017407 0.017366 0.017280 0.017166 0.017037 0.016902 0.016766 0.016633 0.016508 0.016390 0.016282 0.016185 0.016098 0.016022 0.015958 0.015905 0.015864 0.015836 0.015820 0.015817 0.015826 0.015849 0.015885 0.015933 0.015994 0.016067 0.016151 0.016246 0.016350 0.016464 0.016587 0.016719 0.016860 0.017010 0.017170 0.017340 0.017520 0.017708 0.017902 0.018097 0.018284 0.018455 0.018595 0.018692 0.018730 0.018696 0.018580 0.018375 0.018088 0.017747 0.017437 0.017365 0.018036 0.020643
0.020356 0.017759 0.017105 0.017203 0.017547 0.017925 0.018249 0.018488 0.018637 0.018699 0.018685 0.018610 0.018487 0.018331 0.018155 0.017970 0.017783 0.017601 0.017425 0.017259 0.017102 0.016955 0.016817 0.016689 0.016569 0.016458 0.016357 0.016265 0.016185 0.016116 0.016059 0.016015 0.015983 0.015964 0.015958 0.015965 0.015985 0.016017 0.016061 0.016117 0.016185 0.016263 0.016353 0.016453 0.016564 0.016683 0.016810 0.016941 0.017074 0.017201 0.017314 0.017403 0.017450 0.017433 0.017327 0.017097 0.016705 0.016108 0.015264 0.014143 0.012726 0.011022 0.009073 0.006956 0.004787 0.002724 0.000989 -0.000009 -0.000009 -0.000009 0.001099 0.016774 0.060544 0.151793 0.290803 0.438860 0.559117 0.642800 0.695834 0.727131 0.744190 0.752217 0.754592 0.753567 0.750865 0.747982 0.746192 0.746371 0.748841 0.753368 0.759319 0.765909 0.772396 0.778224 0.783062 0.786786 0.789432 0.791147 0.792143 0.792647 0.792845 0.792845 0.792647 0.792143 0.791147 0.789432 0.786786 0.783062 0.778224 0.772395 0.765908 0.759318 0.753365 0.748838 0.746367 0.746186 0.747976 0.750858 0.753560 0.754584 0.752209 0.744182 0.727123 0.695826 0.642792 0.559109 0.438855 0.290801 0.151794 0.060545 0.016775 0.001099 -0.000009 -0.000009 -0.000009 0.000990 0.002725 0.004787 0.006956 0.009073 0.011022 0.012726 0.014143 0.015265 0.016108 0.016705 0.017098 0.017328 0.017434 0.017450 0.017403 0.017315 0.017201 0.017074 0.016942 0.016810 0.016683 0.016564 0.016454 0.016353 0.016264 0.016185 0.016117 0.016061 0.016017 0.015985 0.015966 0.015959 0.015965 0.015983 0.016015 0.016060 0.016117 0.016185 0.016266 0.016357 0.016458 0.016569 0.016689 0.016818 0.016956 0.017103 0.017260 0.017426 0.017601 0.017784 0.017970 0.018156 0.018332 0.018487 0.018610 0.018686 0.018699 0.018636 0.018487 0.018247 0.017923 0.017545 0.017200 0.017102 0.017756 0.020355
0.020054 0.017463 0.016826 0.016954 0.017334 0.017751 0.018115 0.018392 0.018574 0.018667 0.018679 0.018625 0.018520 0.018378 0.018214 0.018037 0.017857 0.017680 0.017509 0.017346 0.017192 0.017048 0.016912 0.016786 0.016668 0.016560 0.016462 0.016374 0.016297 0.016232 0.016179 0.016138 0.016110 0.016096 0.016094 0.016105 0.016128 0.016164 0.016212 0.016271 0.016341 0.016423 0.016515 0.016618 0.016730 0.016850 0.016976 0.017104 0.017229 0.017342 0.017432 0.017483 0.017475 0.017382 0.017171 0.016805 0.016240 0.015435 0.014353 0.012972 0.011292 0.009347 0.007209 0.004995 0.002860 0.001051 -0.000009 -0.000009 -0.000009 0.001716 0.020462 0.076896 0.200563 0.381347 0.552491 0.673518 0.745438 0.782549 0.798743 0.804287 0.805825 0.806908 0.808692 0.810824 0.812493 0.813121 0.812542 0.810846 0.808173 0.804591 0.800096 0.794667 0.788333 0.781210 0.773510 0.765534 0.757667 0.750379 0.744211 0.739709 0.737328 0.737328 0.739708 0.744210 0.750379 0.757666 0.765533 0.773510 0.781210 0.788333 0.794667 0.800096 0.804591 0.808173 0.810845 0.812542 0.813121 0.812493 0.810825 0.808694 0.806909 0.805826 0.804287 0.798742 0.782548 0.745436 0.673516 0.552490 0.381349 0.200567 0.076899 0.020464 0.001717 -0.000009 -0.000009 -0.000009 0.001052 0.002860 0.004995 0.007209 0.009348 0.011292 0.012972 0.014353 0.015435 0.016241 0.016805 0.017172 0.017382 0.017475 0.017483 0.017432 0.017342 0.017229 0.017105 0.016977 0.016851 0.016731 0.016618 0.016516 0.016423 0.016342 0.016271 0.016212 0.016164 0.016129 0.016105 0.016094 0.016096 0.016111 0.016139 0.016179 0.016232 0.016298 0.016374 0.016462 0.016561 0.016669 0.016786 0.016913 0.017048 0.017193 0.017347 0.017509 0.017681 0.017858 0.018038 0.018214 0.018379 0.018520 0.018625 0.018679 0.018667 0.018574 0.018391 0.018114 0.017749 0.017331 0.016950 0.016823 0.017460 0.020053
0.019735 0.017145 0.016528 0.016687 0.017108 0.017568 0.017975 0.018292 0.018511 0.018634 0.018673 0.018641 0.018554 0.018427 0.018273 0.018106 0.017932 0.017760 0.017592 0.017432 0.017281 0.017138 0.017004 0.016880 0.016765 0.016659 0.016563 0.016478 0.016405 0.016343 0.016294 0.016257 0.016234 0.016223 0.016225 0.016240 0.016267 0.016307 0.016358 0.016420 0.016494 0.016578 0.016673 0.016777 0.016890 0.017009 0.017132 0.017252 0.017362 0.017451 0.017505 0.017503 0.017421 0.017227 0.016886 0.016355 0.015592 0.014558 0.013227 0.011591 0.009677 0.007546 0.005310 0.003123 0.001232 -0.000009 -0.000009 -0.000009 0.001358 0.019587 0.079688 0.221068 0.428367 0.611368 0.725854 0.779533 0.791815 0.779435 0.755774 0.732154 0.716383 0.711342 0.715273 0.723743 0.732112 0.737120 0.737167 0.731928 0.721797 0.707505 0.689924 0.669977 0.648561 0.626502 0.604537 0.583337 0.563578 0.546040 0.531642 0.521348 0.515969 0.515969 0.521347 0.531641 0.546039 0.563577 0.583336 0.604536 0.626501 0.648560 0.669977 0.689925 0.707506 0.721799 0.731931 0.737171 0.737126 0.732120 0.723753 0.715284 0.711353 0.716393 0.732163 0.755781 0.779439 0.791816 0.779534 0.725855 0.611371 0.428373 0.221075 0.079693 0.019589 0.001359 -0.000009 -0.000009 -0.000009 0.001232 0.003123 0.005310 0.007546 0.009677 0.011592 0.013227 0.014559 0.015592 0.016355 0.016886 0.017228 0.017421 0.017504 0.017505 0.017452 0.017362 0.017252 0.017132 0.017010 0.016890 0.016777 0.016673 0.016578 0.016494 0.016421 0.016358 0.016307 0.016268 0.016241 0.016226 0.016223 0.016234 0.016258 0.016294 0.016344 0.016405 0.016479 0.016564 0.016659 0.016765 0.016880 0.017005 0.017138 0.017281 0.017433 0.017593 0.017760 0.017933 0.018106 0.018274 0.018427 0.018554 0.018641 0.018673 0.018634 0.018510 0.018291 0.017974 0.017566 0.017105 0.016684 0.016525 0.017142 0.019733
0.019388 0.016797 0.016201 0.016396 0.016861 0.017370 0.017825 0.018187 0.018445 0.018602 0.018669 0.018660 0.018591 0.018478 0.018336 0.018176 0.018009 0.017841 0.017677 0.017519 0.017369 0.017228 0.017096 0.016973 0.016859 0.016756 0.016662 0.016580 0.016510 0.016452 0.016406 0.016374 0.016354 0.016348 0.016354 0.016373 0.016404 0.016447 0.016502 0.016567 0.016644 0.016730 0.016826 0.016931 0.017042 0.017157 0.017271 0.017376 0.017462 0.017514 0.017515 0.017439 0.017258 0.016937 0.016436 0.015714 0.014732 0.013459 0.011884 0.010022 0.007927 0.005698 0.003484 0.001522 0.000061 -0.000009 -0.000009 0.000456 0.015161 0.069249 0.210252 0.432459 0.628124 0.740463 0.777773 0.760374 0.704983 0.628661 0.551282 0.491146 0.457649 0.449825 0.460629 0.480068 0.498771 0.510151 0.511124 0.501408 0.482445 0.456538 0.426281 0.394114 0.362000 0.331279 0.302715 0.276675 0.253397 0.233289 0.217064 0.205596 0.199649 0.199649 0.205596 0.217062 0.233288 0.253395 0.276673 0.302714 0.331278 0.361999 0.394114 0.426282 0.456540 0.482449 0.501415 0.511133 0.510163 0.498786 0.480087 0.460650 0.449846 0.457670 0.491164 0.551296 0.628671 0.704989 0.760377 0.777775 0.740466 0.628131 0.432469 0.210262 0.069254 0.015163 0.000457 -0.000009 -0.000009 0.000061 0.001522 0.003484 0.005698 0.007927 0.010022 0.011884 0.013459 0.014732 0.015714 0.016436 0.016937 0.017258 0.017439 0.017515 0.017515 0.017462 0.017376 0.017271 0.017157 0.017043 0.016931 0.016826 0.016730 0.016644 0.016568 0.016502 0.016448 0.016405 0.016374 0.016354 0.016348 0.016355 0.016374 0.016407 0.016452 0.016510 0.016581 0.016663 0.016756 0.016860 0.016973 0.017096 0.017229 0.017370 0.017520 0.017677 0.017842 0.018009 0.018177 0.018336 0.018478 0.018591 0.018661 0.018670 0.018602 0.018445 0.018186 0.017824 0.017368 0.016859 0.016393 0.016197 0.016794 0.019387
0.018995 0.016399 0.015827 0.016063 0.016581 0.017147 0.017658 0.018071 0.018375 0.018570 0.018668 0.018683 0.018632 0.018533 0.018401 0.018250 0.018088 0.017925 0.017763 0.017608 0.017459 0.017319 0.017188 0.017066 0.016954 0.016852 0.016761 0.016681 0.016614 0.016559 0.016517 0.016489 0.016473 0.016471 0.016482 0.016505 0.016540 0.016587 0.016645 0.016713 0.016792 0.016880 0.016976 0.017078 0.017185 0.017290 0.017386 0.017465 0.017511 0.017508 0.017431 0.017254 0.016945 0.016465 0.015778 0.014844 0.013632 0.012126 0.010335 0.008300 0.006108 0.003897 0.001883 0.000332 -0.000009 -0.000009 -0.000009 0.009737 0.051541 0.175015 0.399505 0.613471 0.734514 0.763676 0.719071 0.615275 0.474613 0.333787 0.225779 0.162634 0.136444 0.135372 0.150692 0.173958 0.195759 0.209143 0.210937 0.201440 0.183253 0.160026 0.135430 0.112341 0.092393 0.076004 0.062726 0.051659 0.041908 0.033074 0.025457 0.019781 0.016745 0.016744 0.019780 0.025456 0.033073 0.041907 0.051659 0.062726 0.076004 0.092393 0.112341 0.135430 0.160027 0.183256 0.201445 0.210945 0.209154 0.195773 0.173974 0.150709 0.135388 0.136459 0.162650 0.225794 0.333800 0.474621 0.615279 0.719073 0.763678 0.734519 0.613480 0.399518 0.175025 0.051546 0.009739 -0.000009 -0.000009 -0.000009 0.000333 0.001883 0.003897 0.006108 0.008301 0.010335 0.012127 0.013632 0.014844 0.015778 0.016466 0.016945 0.017255 0.017432 0.017508 0.017512 0.017465 0.017387 0.017290 0.017185 0.017079 0.016976 0.016880 0.016792 0.016714 0.016645 0.016587 0.016541 0.016505 0.016482 0.016472 0.016474 0.016489 0.016518 0.016559 0.016614 0.016682 0.016761 0.016852 0.016954 0.017066 0.017188 0.017319 0.017460 0.017608 0.017764 0.017925 0.018089 0.018250 0.018402 0.018534 0.018633 0.018683 0.018668 0.018570 0.018374 0.018070 0.017656 0.017145 0.016578 0.016060 0.015823 0.016397 0.018994
0.018524 0.015920 0.015376 0.015663 0.016244 0.016878 0.017457 0.017934 0.018292 0.018533 0.018667 0.018709 0.018678 0.018594 0.018472 0.018328 0.018172 0.018011 0.017853 0.017699 0.017551 0.017412 0.017281 0.017160 0.017049 0.016948 0.016859 0.016782 0.016718 0.016666 0.016628 0.016604 0.016592 0.016595 0.016610 0.016637 0.016677 0.016727 0.016789 0.016860 0.016940 0.017028 0.017122 0.017218 0.017312 0.017398 0.017464 0.017498 0.017482 0.017395 0.017211 0.016899 0.016427 0.015760 0.014863 0.013706 0.012270 0.010559 0.008605 0.006478 0.004305 0.002263 0.000635 -0.000009 -0.000009 -0.000009 0.005310 0.033674 0.128329 0.336664 0.571411 0.715030 0.750352 0.691261 0.548996 0.354515 0.174135 0.060520 0.009884 -0.000009 -0.000009 -0.000009 0.008883 0.022718 0.035489 0.043888 0.046522 0.043991 0.038027 0.030882 0.024849 0.021665 0.022125 0.026017 0.032239 0.038891 0.043807 0.045668 0.044777 0.042682 0.041110 0.041110 0.042682 0.044777 0.045668 0.043807 0.038892 0.032240 0.026018 0.022125 0.021665 0.024848 0.030882 0.038027 0.043992 0.046524 0.043891 0.035494 0.022722 0.008887 -0.000009 -0.000009 -0.000009 0.009888 0.060526 0.174141 0.354518 0.548996 0.691260 0.750354 0.715036 0.571422 0.336679 0.128338 0.033678 0.005311 -0.000009 -0.000009 -0.000009 0.000635 0.002264 0.004305 0.006479 0.008605 0.010559 0.012271 0.013706 0.014863 0.015761 0.016428 0.016900 0.017211 0.017395 0.017483 0.017498 0.017464 0.017398 0.017313 0.017218 0.017122 0.017029 0.016941 0.016860 0.016789 0.016728 0.016677 0.016638 0.016610 0.016595 0.016593 0.016604 0.016629 0.016667 0.016718 0.016783 0.016860 0.016949 0.017049 0.017160 0.017282 0.017412 0.017552 0.017699 0.017853 0.018012 0.018172 0.018328 0.018473 0.018594 0.018679 0.018709 0.018667 0.018533 0.018292 0.017933 0.017456 0.016877 0.016241 0.015660 0.015373 0.015918 0.018523
0.017928 0.015315 0.014807 0.015156 0.015814 0.016534 0.017199 0.017755 0.018183 0.018482 0.018660 0.018736 0.018729 0.018660 0.018549 0.018411 0.018259 0.018102 0.017946 0.017793 0.017646 0.017507 0.017377 0.017256 0.017145 0.017046 0.016959 0.016884 0.016822 0.016774 0.016739 0.016719 0.016712 0.016719 0.016738 0.016771 0.016815 0.016870 0.016935 0.017009 0.017090 0.017175 0.017262 0.017345 0.017416 0.017466 0.017481 0.017444 0.017333 0.017125 0.016794 0.016309 0.015642 0.014761 0.013642 0.012268 0.010637 0.008775 0.006738 0.004633 0.002613 0.000933 -0.000009 -0.000009 -0.000009 0.002372 0.019858 0.084028 0.255224 0.501754 0.680397 0.739581 0.686201 0.528113 0.300132 0.098166 0.003922 -0.000009 -0.000009 0.004248 0.011710 0.017434 0.023879 0.032536 0.042414 0.052282 0.061693 0.070346 0.077406 0.082729 0.088092 0.096753 0.111936 0.135182 0.165022 0.196429 0.222706 0.239392 0.246577 0.247760 0.247072 0.247071 0.247760 0.246577 0.239393 0.222709 0.196432 0.165026 0.135185 0.111937 0.096754 0.088091 0.082728 0.077405 0.070345 0.061693 0.052282 0.042414 0.032536 0.023877 0.017430 0.011705 0.004245 -0.000009 -0.000009 0.003923 0.098166 0.300129 0.528109 0.686199 0.739583 0.680405 0.501769 0.255239 0.084036 0.019861 0.002373 -0.000009 -0.000009 -0.000009 0.000933 0.002614 0.004634 0.006738 0.008775 0.010638 0.012269 0.013643 0.014762 0.015642 0.016310 0.016794 0.017126 0.017334 0.017444 0.017481 0.017467 0.017417 0.017345 0.017262 0.017176 0.017090 0.017009 0.016935 0.016870 0.016815 0.016771 0.016739 0.016719 0.016712 0.016719 0.016740 0.016774 0.016822 0.016884 0.016959 0.017047 0.017146 0.017256 0.017377 0.017508 0.017647 0.017793 0.017946 0.018103 0.018260 0.018412 0.018549 0.018661 0.018729 0.018736 0.018661 0.018482 0.018183 0.017754 0.017197 0.016532 0.015812 0.015153 0.014804 0.015312 0.017927
0.017140 0.014522 0.014061 0.014487 0.015243 0.016070 0.016844 0.017504 0.018025 0.018400 0.018639 0.018758 0.018781 0.018732 0.018632 0.018501 0.018353 0.018198 0.018043 0.017891 0.017745 0.017606 0.017475 0.017355 0.017244 0.017146 0.017059 0.016986 0.016927 0.016882 0.016851 0.016834 0.016832 0.016844 0.016869 0.016907 0.016957 0.017017 0.017086 0.017162 0.017242 0.017320 0.017393 0.017450 0.017481 0.017471 0.017403 0.017256 0.017007 0.016632 0.016108 0.015411 0.014518 0.013411 0.012076 0.010514 0.008745 0.006813 0.004808 0.002860 0.001188 0.000015 -0.000009 -0.000009 0.000618 0.010582 0.050117 0.172148 0.405386 0.623139 0.723596 0.697802 0.550982 0.311891 0.090786 0.000056 0.010102 0.055485 0.099813 0.122715 0.126019 0.121129 0.118856 0.125082 0.141156 0.166250 0.198317 0.232021 0.259273 0.275353 0.283185 0.292093 0.312826 0.351379 0.404473 0.460228 0.505650 0.534483 0.548341 0.552817 0.553453 0.553453 0.552817 0.548342 0.534485 0.505654 0.460234 0.404480 0.351384 0.312829 0.292093 0.283183 0.275351 0.259272 0.232020 0.198317 0.166250 0.141155 0.125079 0.118851 0.121121 0.126007 0.122703 0.099803 0.055478 0.010099 0.000054 0.090781 0.311883 0.550976 0.697800 0.723600 0.623151 0.405403 0.172161 0.050122 0.010584 0.000619 -0.000009 -0.000009 0.000015 0.001188 0.002861 0.004808 0.006813 0.008745 0.010515 0.012077 0.013411 0.014519 0.015411 0.016109 0.016633 0.017007 0.017256 0.017403 0.017472 0.017481 0.017450 0.017393 0.017321 0.017242 0.017162 0.017087 0.017017 0.016957 0.016908 0.016870 0.016844 0.016833 0.016835 0.016851 0.016882 0.016927 0.016987 0.017060 0.017146 0.017245 0.017355 0.017476 0.017606 0.017745 0.017891 0.018043 0.018199 0.018353 0.018501 0.018632 0.018732 0.018782 0.018758 0.018639 0.018400 0.018024 0.017504 0.016843 0.016069 0.015240 0.014484 0.014058 0.014520 0.017139
0.016082 0.013469 0.013069 0.013591 0.014467 0.015430 0.016344 0.017139 0.017782 0.018261 0.018582 0.018763 0.018828 0.018805 0.018720 0.018597 0.018453 0.018299 0.018144 0.017993 0.017847 0.017707 0.017577 0.017456 0.017345 0.017247 0.017161 0.017089 0.017032 0.016990 0.016963 0.016951 0.016954 0.016972 0.017003 0.017048 0.017105 0.017171 0.017245 0.017321 0.017396 0.017461 0.017506 0.017519 0.017482 0.017377 0.017181 0.016873 0.016431 0.015836 0.015072 0.014127 0.012992 0.011664 0.010146 0.008457 0.006634 0.004752 0.002916 0.001322 0.000158 -0.000009 -0.000009 -0.000009 0.004564 0.026973 0.103230 0.291045 0.533787 0.687993 0.709134 0.599292 0.375498 0.136117 0.027479 0.054103 0.148517 0.252815 0.314681 0.322636 0.294488 0.258242 0.236305 0.239336 0.269187 0.323188 0.392285 0.458186 0.502338 0.517846 0.510656 0.496622 0.496937 0.526905 0.584023 0.649135 0.702256 0.735393 0.751503 0.757380 0.758798 0.758798 0.757380 0.751504 0.735396 0.702261 0.649143 0.584032 0.526911 0.496939 0.496620 0.510652 0.517843 0.502338 0.458189 0.392291 0.323194 0.269190 0.239335 0.236300 0.258231 0.294472 0.322617 0.314663 0.252801 0.148510 0.054099 0.027475 0.136108 0.375488 0.599286 0.709134 0.688001 0.533803 0.291062 0.103239 0.026976 0.004565 -0.000009 -0.000009 -0.000009 0.000158 0.001322 0.002916 0.004752 0.006635 0.008458 0.010147 0.011665 0.012993 0.014128 0.015073 0.015836 0.016431 0.016873 0.017181 0.017377 0.017483 0.017519 0.017507 0.017462 0.017397 0.017322 0.017245 0.017172 0.017105 0.017049 0.017004 0.016972 0.016954 0.016951 0.016963 0.016990 0.017033 0.017090 0.017162 0.017247 0.017346 0.017456 0.017577 0.017708 0.017847 0.017993 0.018145 0.018300 0.018453 0.018598 0.018721 0.018805 0.018828 0.018763 0.018582 0.018261 0.017781 0.017138 0.016343 0.015428 0.014464 0.013588 0.013066 0.013466 0.016081
0.014669 0.012082 0.011760 0.012396 0.013417 0.014546 0.015635 0.016604 0.017407 0.018026 0.018462 0.018730 0.018857 0.018873 0.018811 0.018699 0.018559 0.018407 0.018251 0.018099 0.017952 0.017812 0.017681 0.017559 0.017448 0.017349 0.017263 0.017192 0.017137 0.017098 0.017075 0.017068 0.017077 0.017103 0.017143 0.017197 0.017262 0.017336 0.017414 0.017489 0.017552 0.017591 0.017590 0.017529 0.017385 0.017134 0.016753 0.016220 0.015522 0.014650 0.013605 0.012392 0.011021 0.009508 0.007873 0.006152 0.004403 0.002716 0.001252 0.000172 -0.000009 -0.000009 -0.000009 0.000805 0.011618 0.053881 0.179014 0.408508 0.615311 0.697809 0.643557 0.462963 0.224074 0.081744 0.107395 0.245534 0.406070 0.508906 0.531768 0.486028 0.402758 0.324200 0.281009 0.283296 0.330889 0.419237 0.527746 0.620124 0.670931 0.676373 0.643280 0.587886 0.542700 0.543841 0.599665 0.681444 0.752751 0.797796 0.820029 0.828726 0.831258 0.831258 0.828727 0.820031 0.797800 0.752758 0.681455 0.599676 0.543848 0.542699 0.587880 0.643274 0.676370 0.670932 0.620132 0.527759 0.419251 0.330900 0.283301 0.281008 0.324192 0.402743 0.486009 0.531750 0.508891 0.406059 0.245528 0.107392 0.081737 0.224062 0.462953 0.643553 0.697813 0.615324 0.408527 0.179029 0.053887 0.011620 0.000805 -0.000009 -0.000009 -0.000009 0.000172 0.001253 0.002716 0.004403 0.006152 0.007873 0.009509 0.011022 0.012393 0.013606 0.014651 0.015523 0.016221 0.016753 0.017135 0.017385 0.017529 0.017590 0.017592 0.017553 0.017490 0.017414 0.017337 0.017263 0.017197 0.017143 0.017103 0.017078 0.017068 0.017075 0.017098 0.017138 0.017193 0.017264 0.017349 0.017448 0.017559 0.017681 0.017813 0.017952 0.018099 0.018252 0.018407 0.018560 0.018700 0.018812 0.018874 0.018857 0.018731 0.018463 0.018027 0.017407 0.016603 0.015634 0.014544 0.013415 0.012394 0.011758 0.012079 0.014668
0.012834 0.010305 0.010080 0.010847 0.012032 0.013354 0.014653 0.015835 0.016843 0.017647 0.018239 0.018630 0.018847 0.018923 0.018897 0.018804 0.018671 0.018520 0.018363 0.018209 0.018061 0.017919 0.017787 0.017663 0.017551 0.017451 0.017365 0.017295 0.017241 0.017205 0.017187 0.017186 0.017204 0.017239 0.017291 0.017357 0.017434 0.017516 0.017597 0.017665 0.017705 0.017699 0.017622 0.017446 0.017142 0.016682 0.016044 0.015215 0.014196 0.012999 0.011647 0.010172 0.008606 0.006985 0.005345 0.003736 0.002243 0.000970 0.000040 -0.000009 -0.000009 -0.000009 -0.000009 0.002096 0.021380 0.090717 0.262939 0.493823 0.642784 0.654321 0.533712 0.325585 0.160150 0.162626 0.316866 0.509449 0.640412 0.683310 0.638993 0.519860 0.369598 0.254514 0.205053 0.214480 0.279140 0.403362 0.557937 0.680697 0.738990 0.734939 0.673388 0.563008 0.447326 0.399661 0.454963 0.573138 0.686357 0.760508 0.798313 0.814024 0.819081 0.819081 0.814025 0.798315 0.760514 0.686368 0.573154 0.454977 0.399665 0.447318 0.562995 0.673378 0.734935 0.738993 0.680708 0.557957 0.403384 0.279157 0.214491 0.205058 0.254512 0.369588 0.519844 0.638977 0.683298 0.640404 0.509445 0.316863 0.162623 0.160142 0.325574 0.533706 0.654322 0.642794 0.493842 0.262957 0.090727 0.021383 0.002097 -0.000009 -0.000009 -0.000009 -0.000009 0.000040 0.000970 0.002244 0.003736 0.005346 0.006986 0.008607 0.010173 0.011648 0.013000 0.014197 0.015216 0.016044 0.016683 0.017142 0.017446 0.017622 0.017699 0.017706 0.017665 0.017597 0.017517 0.017434 0.017357 0.017291 0.017240 0.017205 0.017187 0.017187 0.017205 0.017242 0.017295 0.017366 0.017451 0.017551 0.017664 0.017787 0.017920 0.018061 0.018210 0.018364 0.018520 0.018671 0.018804 0.018898 0.018924 0.018847 0.018631 0.018239 0.017647 0.016842 0.015834 0.014652 0.013352 0.012030 0.010844 0.010077 0.010303 0.012833
0.010558 0.008133 0.008018 0.008921 0.010279 0.011808 0.013340 0.014769 0.016025 0.017062 0.017860 0.018421 0.018768 0.018935 0.018966 0.018904 0.018785 0.018638 0.018481 0.018324 0.018172 0.018029 0.017894 0.017768 0.017654 0.017552 0.017466 0.017396 0.017344 0.017312 0.017299 0.017308 0.017337 0.017386 0.017452 0.017533 0.017624 0.017715 0.017794 0.017845 0.017845 0.017764 0.017570 0.017225 0.016694 0.015950 0.014978 0.013781 0.012386 0.010834 0.009185 0.007500 0.005838 0.004248 0.002788 0.001522 0.000514 -0.000009 -0.000009 -0.000009 -0.000009 -0.000009 -0.000009 0.002618 0.032873 0.134144 0.336141 0.535150 0.616233 0.558613 0.395970 0.231441 0.205669 0.352160 0.557494 0.705963 0.770059 0.750667 0.635409 0.428184 0.213913 0.097542 0.072539 0.095570 0.168054 0.321566 0.526779 0.683998 0.752552 0.744266 0.662758 0.504328 0.315104 0.207754 0.244138 0.381824 0.532489 0.639127 0.696649 0.721691 0.730054 0.730054 0.721692 0.696653 0.639136 0.532504 0.381842 0.244151 0.207751 0.315086 0.504307 0.662744 0.744261 0.752555 0.684012 0.526803 0.321592 0.168072 0.095580 0.072545 0.097544 0.213905 0.428167 0.635393 0.750657 0.770054 0.705960 0.557494 0.352161 0.205667 0.231434 0.395963 0.558612 0.616240 0.535166 0.336161 0.134157 0.032879 0.002619 -0.000009 -0.000009 -0.000009 -0.000009 -0.000009 -0.000009 0.000514 0.001522 0.002789 0.004249 0.005839 0.007501 0.009185 0.010835 0.012387 0.013782 0.014979 0.015951 0.016695 0.017226 0.017570 0.017765 0.017845 0.017845 0.017795 0.017715 0.017624 0.017534 0.017453 0.017386 0.017337 0.017308 0.017300 0.017312 0.017344 0.017396 0.017466 0.017553 0.017654 0.017769 0.017894 0.018029 0.018173 0.018324 0.018481 0.018639 0.018786 0.018905 0.018967 0.018935 0.018768 0.018422 0.017860 0.017062 0.016025 0.014769 0.013339 0.011807 0.010277 0.008918 0.008015 0.008131 0.010557
0.007915 0.005657 0.005655 0.006676 0.008186 0.009906 0.011669 0.013361 0.014897 0.016212 0.017269 0.018053 0.018579 0.018878 0.018998 0.018989 0.018896 0.018759 0.018602 0.018442 0.018287 0.018139 0.018001 0.017872 0.017755 0.017652 0.017564 0.017495 0.017446 0.017419 0.017415 0.017436 0.017480 0.017546 0.017631 0.017731 0.017835 0.017932 0.018001 0.018018 0.017950 0.017756 0.017391 0.016811 0.015978 0.014870 0.013490 0.011869 0.010070 0.008181 0.006305 0.004541 0.002982 0.001684 0.000666 0.000002 -0.000009 -0.000009 -0.000009 -0.000009 -0.000009 -0.000009 -0.000009 0.001836 0.047595 0.185508 0.393968 0.538279 0.543929 0.424213 0.265207 0.210650 0.337928 0.554557 0.722421 0.806204 0.819498 0.758330 0.584937 0.296238 0.051850 -0.000009 -0.000009 0.030995 0.113011 0.285630 0.514977 0.681761 0.752232 0.746078 0.668737 0.511267 0.305917 0.161120 0.145717 0.227532 0.344606 0.441707 0.499594 0.525744 0.534237 0.534237 0.525745 0.499597 0.441714 0.344616 0.227542 0.145719 0.161109 0.305894 0.511244 0.668724 0.746073 0.752236 0.681773 0.515000 0.285653 0.113024 0.031002 -0.000009 -0.000009 0.051841 0.296215 0.584915 0.758319 0.819493 0.806203 0.722422 0.554562 0.337933 0.210651 0.265203 0.424209 0.543931 0.538290 0.393987 0.185524 0.047602 0.001838 -0.000009 -0.000009 -0.000009 -0.000009 -0.000009 -0.000009 -0.000009 0.000002 0.000667 0.001685 0.002983 0.004542 0.006306 0.008182 0.010071 0.011870 0.013490 0.014871 0.015979 0.016812 0.017391 0.017756 0.017950 0.018019 0.018002 0.017932 0.017836 0.017731 0.017632 0.017546 0.017480 0.017436 0.017416 0.017420 0.017446 0.017495 0.017565 0.017652 0.017756 0.017873 0.018001 0.018140 0.018287 0.018443 0.018603 0.018759 0.018897 0.018989 0.018999 0.018879 0.018579 0.018054 0.017269 0.016212 0.014897 0.013361 0.011668 0.009904 0.008184 0.006674 0.005652 0.005655 0.007914
0.005121 0.003116 0.003216 0.004296 0.005876 0.007715 0.009664 0.011600 0.013423 0.015046 0.016407 0.017471 0.018232 0.018716 0.018966 0.019040 0.018994 0.018877 0.018725 0.018563 0.018403 0.018250 0.018107 0.017975 0.017855 0.017749 0.017661 0.017593 0.017549 0.017530 0.017538 0.017575 0.017638 0.017726 0.017834 0.017952 0.018068 0.018162 0.018206 0.018163 0.017988 0.017628 0.017030 0.016141 0.014931 0.013390 0.011553 0.009492 0.007327 0.005195 0.003295 0.001743 0.000606 -0.000009 -0.000009 -0.000009 -0.000009 -0.000009 -0.000009 -0.000009 -0.000009 -0.000009 -0.000009 0.002094 0.079140 0.259926 0.449941 0.525276 0.454993 0.295526 0.190553 0.269913 0.492126 0.693572 0.804698 0.843459 0.831464 0.756732 0.571367 0.266731 0.016858 -0.000009 0.007779 0.071405 0.185670 0.365096 0.556190 0.687505 0.745334 0.746876 0.699195 0.596584 0.448969 0.304656 0.216393 0.189815 0.201415 0.226204 0.246047 0.254863 0.256714 0.256714 0.254863 0.246048 0.226204 0.201413 0.189809 0.216380 0.304637 0.448948 0.596568 0.699187 0.746875 0.745339 0.687516 0.556207 0.365113 0.185680 0.071408 0.007780 -0.000009 0.016840 0.266697 0.571341 0.756720 0.831460 0.843459 0.804700 0.693578 0.492137 0.269922 0.190553 0.295520 0.454990 0.525281 0.449955 0.259943 0.079151 0.002097 -0.000009 -0.000009 -0.000009 -0.000009 -0.000009 -0.000009 -0.000009 -0.000009 -0.000009 -0.000009 0.000606 0.001744 0.003296 0.005196 0.007328 0.009493 0.011554 0.013391 0.014931 0.016142 0.017030 0.017629 0.017988 0.018163 0.018206 0.018163 0.018069 0.017953 0.017834 0.017727 0.017639 0.017575 0.017539 0.017531 0.017549 0.017594 0.017661 0.017750 0.017855 0.017975 0.018107 0.018250 0.018403 0.018563 0.018726 0.018877 0.018995 0.019041 0.018967 0.018716 0.018233 0.017471 0.016407 0.015046 0.013423 0.011600 0.009663 0.007714 0.005874 0.004295 0.003214 0.003115 0.005120
0.002539 0.000971 0.001136 0.002115 0.003589 0.005403 0.007425 0.009534 0.011609 0.013540 0.015232 0.016621 0.017676 0.018403 0.018836 0.019035 0.019063 0.018984 0.018846 0.018685 0.018519 0.018361 0.018212 0.018076 0.017953 0.017846 0.017758 0.017694 0.017657 0.017650 0.017674 0.017731 0.017818 0.017931 0.018061 0.018196 0.018314 0.018389 0.018381 0.018241 0.017911 0.017326 0.016424 0.015159 0.013509 0.011502 0.009211 0.006776 0.004386 0.002304 0.000716 -0.000009 -0.000009 -0.000009 -0.000009 -0.000009 -0.000009 -0.000009 -0.000009 -0.000009 -0.000009 -0.000009 -0.000009 0.023866 0.166058 0.376600 0.522231 0.530012 0.405273 0.243292 0.216298 0.384400 0.607450 0.758996 0.827280 0.844480 0.829281 0.770620 0.633495 0.409273 0.196947 0.115677 0.152914 0.240391 0.358320 0.484585 0.592279 0.663967 0.702279 0.718710 0.715856 0.684711 0.614672 0.502531 0.360635 0.223948 0.127529 0.077383 0.057899 0.050221 0.046991 0.046990 0.050220 0.057897 0.077377 0.127516 0.223927 0.360610 0.502510 0.614659 0.684705 0.715857 0.718715 0.702287 0.663977 0.592290 0.484594 0.358324 0.240390 0.152908 0.115660 0.196914 0.409236 0.633472 0.770610 0.829279 0.844481 0.827284 0.759003 0.607463 0.384412 0.216301 0.243282 0.405262 0.530008 0.522237 0.376614 0.166071 0.023872 -0.000009 -0.000009 -0.000009 -0.000009 -0.000009 -0.000009 -0.000009 -0.000009 -0.000009 -0.000009 -0.000009 -0.000009 0.000717 0.002305 0.004387 0.006777 0.009212 0.011503 0.013510 0.015160 0.016425 0.017326 0.017911 0.018241 0.018381 0.018389 0.018315 0.018196 0.018062 0.017931 0.017818 0.017732 0.017675 0.017650 0.017658 0.017695 0.017759 0.017846 0.017953 0.018076 0.018213 0.018361 0.018520 0.018685 0.018847 0.018985 0.019064 0.019035 0.018837 0.018403 0.017677 0.016621 0.015232 0.013540 0.011609 0.009534 0.007424 0.005402 0.003588 0.002114 0.001135 0.000970 0.002539
0.000706 -0.000009 -0.000009 0.000566 0.001675 0.003230 0.005144 0.007285 0.009520 0.011708 0.013725 0.015466 0.016863 0.017892 0.018568 0.018942 0.019084 0.019068 0.018959 0.018804 0.018636 0.018472 0.018317 0.018176 0.018051 0.017945 0.017861 0.017804 0.017778 0.017786 0.017831 0.017912 0.018025 0.018162 0.018310 0.018450 0.018553 0.018581 0.018484 0.018199 0.017657 0.016783 0.015518 0.013824 0.011713 0.009254 0.006605 0.003991 0.001722 0.000061 -0.000009 -0.000009 -0.000009 -0.000009 -0.000009 -0.000009 -0.000009 -0.000009 -0.000009 -0.000009 -0.000009 -0.000009 0.009736 0.130261 0.337696 0.526719 0.613333 0.577664 0.444853 0.318715 0.339348 0.492273 0.651389 0.748447 0.792029 0.809926 0.813548 0.792543 0.728449 0.618369 0.496530 0.422310 0.415814 0.451546 0.494799 0.526779 0.542036 0.549693 0.570136 0.617051 0.677661 0.719764 0.714992 0.641915 0.484388 0.270972 0.096295 0.013720 -0.000009 -0.000009 -0.000009 -0.000009 -0.000009 -0.000009 0.013713 0.096276 0.270940 0.484357 0.641897 0.714986 0.719769 0.677674 0.617067 0.570151 0.549704 0.542043 0.526783 0.494799 0.451541 0.415800 0.422287 0.496502 0.618344 0.728434 0.792538 0.813550 0.809932 0.792038 0.748458 0.651403 0.492285 0.339350 0.318703 0.444836 0.577654 0.613333 0.526726 0.337709 0.130271 0.009740 -0.000009 -0.000009 -0.000009 -0.000009 -0.000009 -0.000009 -0.000009 -0.000009 -0.000009 -0.000009 -0.000009 -0.000009 0.000061 0.001723 0.003992 0.006606 0.009255 0.011714 0.013825 0.015519 0.016784 0.017657 0.018200 0.018485 0.018582 0.018554 0.018451 0.018311 0.018162 0.018025 0.017913 0.017832 0.017787 0.017778 0.017804 0.017861 0.017945 0.018052 0.018177 0.018318 0.018472 0.018637 0.018805 0.018959 0.019069 0.019085 0.018943 0.018568 0.017892 0.016864 0.015466 0.013726 0.011709 0.009520 0.007285 0.005143 0.003229 0.001675 0.000565 -0.000009 -0.000009 0.000706
0.000002 -0.000009 -0.000009 -0.000009 0.000423 0.001491 0.003058 0.005038 0.007278 0.009622 0.011908 0.013992 0.015759 0.017140 0.018119 0.018728 0.019032 0.019114 0.019054 0.018918 0.018752 0.018583 0.018423 0.018280 0.018155 0.018052 0.017975 0.017930 0.017920 0.017949 0.018018 0.018125 0.018261 0.018415 0.018568 0.018691 0.018749 0.018691 0.018456 0.017971 0.017157 0.015941 0.014268 0.012132 0.009585 0.006784 0.003974 0.001556 -0.000009 -0.000009 -0.000009 -0.000009 -0.000009 -0.000009 -0.000009 -0.000009 -0.000009 -0.000009 -0.000009 -0.000009 -0.000009 0.029231 0.156421 0.352544 0.546034 0.669558 0.705042 0.658424 0.556171 0.469780 0.469266 0.533531 0.595989 0.632249 0.664948 0.715887 0.772027 0.803302 0.797392 0.759094 0.701079 0.639950 0.587035 0.541271 0.493044 0.434767 0.370036 0.320169 0.325956 0.421193 0.574414 0.701783 0.752663 0.714059 0.568216 0.323716 0.100361 0.006757 -0.000009 0.003383 0.009288 0.009288 0.003384 -0.000009 0.006751 0.100338 0.323678 0.568185 0.714045 0.752664 0.701798 0.574441 0.421223 0.325976 0.320179 0.370040 0.434767 0.493041 0.541265 0.587024 0.639935 0.701065 0.759082 0.797387 0.803304 0.772037 0.715905 0.664969 0.632269 0.596005 0.533542 0.469267 0.469769 0.556155 0.658412 0.705038 0.669560 0.546041 0.352552 0.156426 0.029234 -0.000009 -0.000009 -0.000009 -0.000009 -0.000009 -0.000009 -0.000009 -0.000009 -0.000009 -0.000009 -0.000009 -0.000009 -0.000009 0.001556 0.003975 0.006785 0.009586 0.012133 0.014269 0.015942 0.017158 0.017972 0.018457 0.018692 0.018750 0.018692 0.018568 0.018415 0.018261 0.018125 0.018019 0.017950 0.017921 0.017930 0.017976 0.018053 0.018155 0.018280 0.018424 0.018584 0.018753 0.018919 0.019055 0.019114 0.019032 0.018728 0.018120 0.017141 0.015760 0.013993 0.011909 0.009622 0.007278 0.005038 0.003058 0.001491 0.000422 -0.000009 -0.000009 -0.000009 0.000002
0.000000 -0.000009 -0.000009 -0.000009 -0.000009 0.000354 0.001405 0.003002 0.005056 0.007396 0.009847 0.012220 0.014351 0.016117 0.017453 0.018356 0.018877 0.019101 0.019121 0.019021 0.018866 0.018696 0.018534 0.018391 0.018270 0.018176 0.018112 0.018085 0.018097 0.018150 0.018244 0.018372 0.018522 0.018676 0.018808 0.018881 0.018849 0.018654 0.018225 0.017483 0.016348 0.014753 0.012667 0.010118 0.007237 0.004266 0.001660 -0.000009 -0.000009 -0.000009 -0.000009 -0.000009 -0.000009 -0.000009 -0.000009 -0.000009 -0.000009 -0.000009 -0.000009 0.014662 0.096752 0.240126 0.422430 0.593471 0.712760 0.771484 0.776293 0.735634 0.662827 0.584613 0.524528 0.477343 0.425714 0.383907 0.414132 0.548461 0.705325 0.798060 0.823544 0.804597 0.751728 0.668957 0.564122 0.451027 0.341062 0.238491 0.148132 0.085035 0.084168 0.211530 0.458416 0.668300 0.762031 0.751703 0.638325 0.420012 0.184023 0.071801 0.063646 0.088133 0.107967 0.107968 0.088136 0.063647 0.071794 0.183996 0.419976 0.638300 0.751693 0.762036 0.668323 0.458456 0.211567 0.084184 0.085040 0.148132 0.238491 0.341060 0.451023 0.564115 0.668948 0.751720 0.804592 0.823543 0.798067 0.705345 0.548496 0.414168 0.383932 0.425729 0.477350 0.524527 0.584604 0.662815 0.735625 0.776288 0.771483 0.712762 0.593475 0.422434 0.240127 0.096750 0.014660 -0.000009 -0.000009 -0.000009 -0.000009 -0.000009 -0.000009 -0.000009 -0.000009 -0.000009 -0.000009 -0.000009 -0.000009 0.001661 0.004267 0.007238 0.010119 0.012668 0.014754 0.016349 0.017484 0.018226 0.018655 0.018850 0.018882 0.018809 0.018677 0.018523 0.018372 0.018244 0.018151 0.018097 0.018085 0.018113 0.018176 0.018270 0.018391 0.018535 0.018697 0.018867 0.019022 0.019121 0.019101 0.018878 0.018356 0.017453 0.016118 0.014352 0.012220 0.009847 0.007397 0.005056 0.003002 0.001405 0.000354 -0.000009 -0.000009 -0.000009 -0.000009 0.000000
0.000000 -0.000009 -0.000009 -0.000009 -0.000009 -0.000009 0.000331 0.001395 0.003046 0.005192 0.007647 0.010207 0.012655 0.014809 0.016538 0.017793 0.018591 0.019007 0.019145 0.019106 0.018976 0.018814 0.018655 0.018516 0.018405 0.018327 0.018284 0.018281 0.018319 0.018398 0.018513 0.018651 0.018795 0.018920 0.018990 0.018964 0.018786 0.018395 0.017715 0.016669 0.015182 0.013207 0.010745 0.007882 0.004821 0.002005 -0.000009 -0.000009 -0.000009 -0.000009 -0.000009 -0.000009 0.004795 0.019384 0.029164 0.034903 0.044829 0.070781 0.127356 0.227379 0.367330 0.522000 0.657658 0.753687 0.807620 0.826358 0.816664 0.779936 0.713171 0.613522 0.484121 0.338231 0.201053 0.113806 0.150005 0.388673 0.654436 0.788241 0.814699 0.772606 0.673721 0.528189 0.367148 0.230105 0.135729 0.074609 0.032959 0.008686 0.024707 0.160198 0.438359 0.666376 0.769313 0.776404 0.705909 0.562512 0.391450 0.283108 0.272242 0.307550 0.337940 0.337942 0.307554 0.272243 0.283098 0.391427 0.562487 0.705892 0.776399 0.769320 0.666398 0.438398 0.160230 0.024715 0.008686 0.032958 0.074608 0.135730 0.230104 0.367144 0.528182 0.673714 0.772601 0.814698 0.788249 0.654461 0.388716 0.150037 0.113820 0.201059 0.338232 0.484118 0.613516 0.713164 0.779931 0.816660 0.826356 0.807620 0.753688 0.657660 0.522000 0.367326 0.227370 0.127344 0.070767 0.044812 0.034884 0.029145 0.019366 0.004783 -0.000009 -0.000009 -0.000009 -0.000009 -0.000009 -0.000009 0.002006 0.004822 0.007883 0.010746 0.013208 0.015184 0.016670 0.017716 0.018396 0.018787 0.018964 0.018991 0.018920 0.018796 0.018652 0.018513 0.018399 0.018320 0.018282 0.018285 0.018327 0.018405 0.018516 0.018655 0.018814 0.018976 0.019107 0.019145 0.019008 0.018591 0.017793 0.016539 0.014809 0.012656 0.010207 0.007647 0.005192 0.003047 0.001395 0.000332 -0.000009 -0.000009 -0.000009 -0.000009 -0.000009 0.000000
0.000000 -0.000009 -0.000009 -0.000009 -0.000009 -0.000009 -0.000009 0.000345 0.001449 0.003183 0.005453 0.008047 0.010721 0.013225 0.015362 0.017011 0.018143 0.018809 0.019110 0.019164 0.019080 0.018938 0.018789 0.018663 0.018570 0.018516 0.018503 0.018531 0.018598 0.018699 0.018822 0.018949 0.019053 0.019103 0.019058 0.018870 0.018484 0.017836 0.016857 0.015479 0.013644 0.011334 0.008594 0.005579 0.002635 0.000253 -0.000009 -0.000009 -0.000009 -0.000009 0.019017 0.070153 0.138779 0.198125 0.236255 0.260950 0.289114 0.337088 0.412805 0.510830 0.614333 0.705046 0.772166 0.813594 0.832855 0.833914 0.816819 0.774416 0.691841 0.554367 0.369182 0.183246 0.056442 0.017913 0.108864 0.396525 0.668772 0.785336 0.778029 0.673875 0.485594 0.270860 0.112318 0.045703 0.040938 0.063658 0.092524 0.124227 0.188759 0.339638 0.544197 0.701420 0.774654 0.784061 0.749096 0.681254 0.604066 0.554980 0.553282 0.579918 0.602483 0.602484 0.579921 0.553283 0.554975 0.604055 0.681243 0.749088 0.784059 0.774659 0.701434 0.544221 0.339659 0.188766 0.124225 0.092522 0.063660 0.040941 0.045706 0.112317 0.270853 0.485581 0.673863 0.778024 0.785340 0.668789 0.396553 0.108879 0.017915 0.056441 0.183242 0.369178 0.554363 0.691838 0.774414 0.816819 0.833915 0.832857 0.813597 0.772168 0.705048 0.614331 0.510821 0.412790 0.337065 0.289083 0.260913 0.236214 0.198083 0.138743 0.070128 0.019005 -0.000009 -0.000009 -0.000009 -0.000009 0.000253 0.002636 0.005580 0.008595 0.011335 0.013645 0.015480 0.016858 0.017837 0.018485 0.018871 0.019059 0.019104 0.019054 0.018949 0.018823 0.018700 0.018599 0.018532 0.018504 0.018517 0.018571 0.018663 0.018790 0.018938 0.019080 0.019165 0.019110 0.018810 0.018144 0.017011 0.015363 0.013226 0.010722 0.008047 0.005453 0.003183 0.001449 0.000345 -0.000009 -0.000009 -0.000009 -0.000009 -0.000009 -0.000009 0.000000
0.000000 -0.000009 -0.000009 -0.000009 -0.000009 -0.000009 -0.000009 -0.000009 0.000378 0.001548 0.003417 0.005867 0.008627 0.011405 0.013924 0.015990 0.017506 0.018480 0.018997 0.019186 0.019174 0.019070 0.018945 0.018840 0.018775 0.018755 0.018779 0.018842 0.018936 0.019048 0.019157 0.019236 0.019252 0.019167 0.018939 0.018521 0.017862 0.016908 0.015601 0.013891 0.011752 0.009201 0.006346 0.003426 0.000915 -0.000009 -0.000009 -0.000009 0.004035 0.038289 0.129197 0.264257 0.387498 0.469551 0.515823 0.543708 0.568844 0.599829 0.636838 0.674050 0.705823 0.730748 0.750168 0.764828 0.773437 0.771751 0.750761 0.695464 0.587626 0.421631 0.233919 0.097390 0.054720 0.114573 0.306851 0.561257 0.736397 0.789635 0.723566 0.529338 0.253003 0.040816 -0.000009 0.021705 0.110477 0.228715 0.335219 0.414697 0.488545 0.574522 0.660583 0.721715 0.747063 0.744906 0.727844 0.706055 0.689439 0.687015 0.700442 0.720728 0.734948 0.734949 0.720731 0.700444 0.687015 0.689437 0.706052 0.727842 0.744905 0.747065 0.721721 0.660591 0.574529 0.488548 0.414696 0.335219 0.228719 0.110483 0.021710 -0.000009 0.040810 0.252983 0.529314 0.723552 0.789632 0.736403 0.561267 0.306857 0.114571 0.054716 0.097385 0.233915 0.421631 0.587629 0.695469 0.750768 0.771759 0.773445 0.764837 0.750176 0.730755 0.705827 0.674048 0.636829 0.599813 0.568820 0.543677 0.515786 0.469509 0.387452 0.264214 0.129168 0.038276 0.004032 -0.000009 -0.000009 -0.000009 0.000916 0.003427 0.006347 0.009202 0.011753 0.013893 0.015602 0.016909 0.017863 0.018522 0.018940 0.019168 0.019253 0.019236 0.019157 0.019048 0.018937 0.018843 0.018779 0.018755 0.018775 0.018841 0.018945 0.019070 0.019175 0.019186 0.018998 0.018480 0.017507 0.015991 0.013925 0.011406 0.008628 0.005867 0.003418 0.001548 0.000378 -0.000009 -0.000009 -0.000009 -0.000009 -0.000009 -0.000009 -0.000009 0.000000
0.000000 -0.000009 -0.000009 -0.000009 -0.000009 -0.000009 -0.000009 -0.000009 -0.000009 0.000399 0.001712 0.003802 0.006481 0.009404 0.012245 0.014721 0.016656 0.017993 0.018785 0.019157 0.019254 0.019210 0.019123 0.019052 0.019024 0.019046 0.019112 0.019210 0.019322 0.019423 0.019482 0.019463 0.019327 0.019036 0.018550 0.017833 0.016848 0.015555 0.013919 0.011914 0.009552 0.006902 0.004131 0.001608 -0.000009 -0.000009 -0.000009 0.004783 0.038276 0.141079 0.322660 0.500539 0.618466 0.681081 0.711218 0.725672 0.730511 0.723646 0.700287 0.660159 0.613984 0.578995 0.566203 0.573090 0.589150 0.598484 0.581407 0.519601 0.406075 0.264162 0.153462 0.128129 0.207699 0.380821 0.578426 0.728187 0.804066 0.796035 0.676743 0.409840 0.093372 -0.000009 0.009864 0.139698 0.335430 0.509040 0.615043 0.666057 0.685290 0.687243 0.677566 0.658148 0.632777 0.609293 0.596594 0.599329 0.616420 0.642835 0.671870 0.696396 0.710380 0.710381 0.696399 0.671874 0.642839 0.616424 0.599332 0.596595 0.609292 0.632776 0.658147 0.677564 0.687242 0.685288 0.666056 0.615043 0.509045 0.335440 0.139707 0.009868 -0.000009 0.093344 0.409801 0.676719 0.796026 0.804065 0.728189 0.578427 0.380818 0.207695 0.128125 0.153460 0.264166 0.406084 0.519615 0.581424 0.598502 0.589168 0.573107 0.566219 0.579009 0.613995 0.660165 0.700286 0.723640 0.730501 0.725657 0.711199 0.681057 0.618435 0.500502 0.322623 0.141055 0.038268 0.004781 -0.000009 -0.000009 -0.000009 0.001609 0.004133 0.006904 0.009553 0.011916 0.013920 0.015557 0.016849 0.017834 0.018551 0.019036 0.019328 0.019463 0.019482 0.019423 0.019323 0.019211 0.019113 0.019047 0.019025 0.019053 0.019124 0.019211 0.019255 0.019157 0.018786 0.017994 0.016657 0.014722 0.012246 0.009405 0.006482 0.003802 0.001712 0.000399 -0.000009 -0.000009 -0.000009 -0.000009 -0.000009 -0.000009 -0.000009 -0.000009 0.000000
0.000000 -0.000009 -0.000009 -0.000009 -0.000009 -0.000009 -0.000009 -0.000009 -0.000009 -0.000009 0.000456 0.002018 0.004393 0.007305 0.010355 0.013203 0.015573 0.017323 0.018451 0.019061 0.019309 0.019355 0.019325 0.019299 0.019316 0.019384 0.019491 0.019615 0.019724 0.019779 0.019737 0.019555 0.019193 0.018616 0.017801 0.016729 0.015385 0.013751 0.011818 0.009593 0.007132 0.004563 0.002153 0.000282 -0.000009 -0.000009 0.001323 0.023446 0.106006 0.295829 0.519671 0.674795 0.752593 0.784600 0.795615 0.794016 0.772919 0.716068 0.612228 0.475437 0.352684 0.288305 0.275672 0.289514 0.315878 0.337569 0.332590 0.288136 0.216763 0.160618 0.173008 0.287787 0.473091 0.645101 0.762683 0.826030 0.842023 0.802206 0.668574 0.404633 0.116136 0.030116 0.159398 0.387787 0.593558 0.714291 0.759277 0.750870 0.704913 0.632429 0.546199 0.462268 0.395863 0.356897 0.348670 0.368281 0.407548 0.455829 0.502734 0.539461 0.559560 0.559562 0.539465 0.502741 0.455837 0.407556 0.368288 0.348674 0.356897 0.395859 0.462261 0.546192 0.632422 0.704907 0.750867 0.759276 0.714294 0.593565 0.387795 0.159402 0.030110 0.116094 0.404584 0.668546 0.802195 0.842020 0.826029 0.762683 0.645099 0.473088 0.287785 0.173009 0.160623 0.216774 0.288153 0.332611 0.337592 0.315898 0.289532 0.275688 0.288322 0.352701 0.475449 0.612233 0.716069 0.772917 0.794012 0.795610 0.784591 0.752579 0.674773 0.519641 0.295800 0.105991 0.023442 0.001322 -0.000009 -0.000009 0.000283 0.002154 0.004564 0.007133 0.009595 0.011819 0.013753 0.015386 0.016730 0.017802 0.018617 0.019193 0.019556 0.019738 0.019779 0.019724 0.019616 0.019492 0.019384 0.019316 0.019299 0.019325 0.019356 0.019310 0.019061 0.018452 0.017324 0.015573 0.013204 0.010356 0.007306 0.004394 0.002018 0.000457 -0.000009 -0.000009 -0.000009 -0.000009 -0.000009 -0.000009 -0.000009 -0.000009 -0.000009 0.000000
0.000000 -0.000009 -0.000009 -0.000009 -0.000009 -0.000009 -0.000009 -0.000009 -0.000009 -0.000009 -0.000009 0.000617 0.002509 0.005178 0.008297 0.011443 0.014244 0.016447 0.017969 0.018876 0.019324 0.019494 0.019541 0.019570 0.019635 0.019745 0.019883 0.020011 0.020081 0.020041 0.019835 0.019414 0.018745 0.017809 0.016606 0.015147 0.013443 0.011505 0.009350 0.007026 0.004637 0.002396 0.000596 -0.000009 -0.000009 -0.000009 0.006931 0.054154 0.203317 0.451871 0.658999 0.766682 0.806250 0.815355 0.812789 0.796762 0.745206 0.622851 0.418033 0.203537 0.090805 0.074609 0.081843 0.096387 0.113907 0.127533 0.127332 0.111408 0.102109 0.145506 0.293550 0.512085 0.690188 0.795095 0.844622 0.859087 0.847703 0.802732 0.699328 0.525298 0.352750 0.322240 0.459902 0.635225 0.750157 0.789204 0.762965 0.681805 0.558513 0.415412 0.283027 0.184286 0.127808 0.107966 0.116244 0.145550 0.190498 0.245046 0.300809 0.347137 0.373563 0.373565 0.347143 0.300817 0.245055 0.190506 0.145557 0.116247 0.107967 0.127805 0.184280 0.283018 0.415401 0.558503 0.681797 0.762961 0.789204 0.750159 0.635227 0.459898 0.322215 0.352707 0.525259 0.699307 0.802725 0.847702 0.859087 0.844622 0.795095 0.690187 0.512085 0.293553 0.145513 0.102118 0.111420 0.127347 0.127548 0.113920 0.096397 0.081852 0.074618 0.090815 0.203547 0.418038 0.622852 0.745207 0.796763 0.812790 0.815355 0.806247 0.766673 0.658981 0.451847 0.203299 0.054148 0.006930 -0.000009 -0.000009 -0.000009 0.000597 0.002397 0.004638 0.007027 0.009352 0.011507 0.013445 0.015148 0.016607 0.017810 0.018746 0.019415 0.019835 0.020041 0.020082 0.020012 0.019884 0.019746 0.019636 0.019571 0.019542 0.019495 0.019325 0.018877 0.017969 0.016447 0.014244 0.011444 0.008298 0.005178 0.002509 0.000617 -0.000009 -0.000009 -0.000009 -0.000009 -0.000009 -0.000009 -0.000009 -0.000009 -0.000009 -0.000009 0.000000
0.000000 -0.000009 -0.000009 -0.000009 -0.000009 -0.000009 -0.000009 -0.000009 -0.000009 -0.000009 -0.000009 -0.000009 0.000906 0.003127 0.006117 0.009464 0.012668 0.015344 0.017314 0.018579 0.019280 0.019610 0.019755 0.019845 0.019951 0.020088 0.020229 0.020322 0.020303 0.020103 0.019657 0.018921 0.017872 0.016519 0.014899 0.013057 0.011040 0.008884 0.006638 0.004389 0.002318 0.000652 -0.000009 -0.000009 -0.000009 -0.000009 0.014667 0.097189 0.313298 0.573888 0.738112 0.803018 0.816005 0.811157 0.800594 0.773655 0.694657 0.512712 0.234554 0.021433 -0.000009 0.000983 0.005790 0.011674 0.017367 0.020803 0.019771 0.025215 0.071344 0.222905 0.476696 0.688947 0.805210 0.851145 0.856620 0.839437 0.809770 0.770737 0.718968 0.658294 0.619219 0.639913 0.710881 0.779971 0.804763 0.766248 0.655073 0.479276 0.286539 0.134181 0.046430 0.012314 0.013288 0.035897 0.070023 0.110832 0.156761 0.207098 0.258699 0.303121 0.329204 0.329207 0.303127 0.258706 0.207105 0.156768 0.110837 0.070027 0.035900 0.013289 0.012313 0.046425 0.134173 0.286527 0.479264 0.655063 0.766243 0.804761 0.779970 0.710874 0.639897 0.619197 0.658279 0.718964 0.770741 0.809776 0.839441 0.856622 0.851146 0.805211 0.688948 0.476700 0.222910 0.071350 0.025222 0.019779 0.020810 0.017373 0.011678 0.005793 0.000985 -0.000009 0.021435 0.234550 0.512707 0.694656 0.773657 0.800597 0.811161 0.816007 0.803017 0.738104 0.573871 0.313278 0.097180 0.014666 -0.000009 -0.000009 -0.000009 -0.000009 0.000653 0.002319 0.004391 0.006640 0.008886 0.011041 0.013059 0.014900 0.016521 0.017873 0.018922 0.019658 0.020103 0.020304 0.020323 0.020229 0.020089 0.019952 0.019846 0.019755 0.019611 0.019281 0.018580 0.017315 0.015345 0.012668 0.009465 0.006117 0.003128 0.000906 -0.000009 -0.000009 -0.000009 -0.000009 -0.000009 -0.000009 -0.000009 -0.000009 -0.000009 -0.000009 -0.000009 0.000000
0.000000 -0.000009 -0.000009 -0.000009 -0.000009 0.001373 0.005205 0.006548 0.003916 -0.000009 -0.000009 -0.000009 -0.000009 0.001252 0.003901 0.007311 0.010855 0.014014 0.016467 0.018147 0.019151 0.019679 0.019936 0.020085 0.020214 0.020344 0.020441 0.020442 0.020265 0.019830 0.019070 0.017950 0.016471 0.014681 0.012658 0.010493 0.008267 0.006046 0.003909 0.001999 0.000501 -0.000009 -0.000009 -0.000009 -0.000009 -0.000009 0.026238 0.157238 0.422253 0.658930 0.776854 0.809678 0.805824 0.793884 0.781002 0.751503 0.665099 0.470727 0.187706 -0.000009 -0.000009 -0.000009 -0.000009 -0.000009 -0.000009 -0.000009 -0.000009 0.016800 0.145339 0.399497 0.645546 0.790496 0.847530 0.849049 0.812614 0.749617 0.683647 0.647475 0.657764 0.700887 0.751752 0.795729 0.826596 0.833761 0.795266 0.678340 0.464195 0.213966 0.043490 -0.000009 -0.000009 0.017029 0.075343 0.154672 0.237004 0.307511 0.363118 0.408568 0.447260 0.477553 0.494661 0.494662 0.477557 0.447265 0.408574 0.363123 0.307517 0.237011 0.154679 0.075348 0.017032 -0.000009 -0.000009 0.043483 0.213951 0.464179 0.678329 0.795261 0.833758 0.826592 0.795725 0.751751 0.700895 0.657783 0.647499 0.683668 0.749630 0.812620 0.849052 0.847531 0.790497 0.645547 0.399496 0.145337 0.016802 -0.000009 -0.000009 -0.000009 -0.000009 -0.000009 -0.000009 -0.000009 -0.000009 0.187689 0.470712 0.665093 0.751503 0.781005 0.793888 0.805828 0.809680 0.776851 0.658919 0.422233 0.157224 0.026236 -0.000009 -0.000009 -0.000009 -0.000009 -0.000009 0.000502 0.002001 0.003911 0.006047 0.008268 0.010494 0.012659 0.014682 0.016472 0.017951 0.019072 0.019831 0.020266 0.020443 0.020442 0.020344 0.020215 0.020086 0.019937 0.019679 0.019152 0.018147 0.016468 0.014014 0.010856 0.007311 0.003901 0.001253 -0.000009 -0.000009 -0.000009 -0.000009 0.003917 0.006551 0.005207 0.001374 -0.000009 -0.000009 -0.000009 -0.000009 0.000000
0.000000 -0.000009 -0.000009 -0.000009 0.003264 0.017401 0.034328 0.041691 0.032836 0.015668 0.002648 -0.000009 -0.000009 -0.000009 0.001809 0.005048 0.008869 0.012471 0.015434 0.017567 0.018916 0.019668 0.020047 0.020238 0.020353 0.020421 0.020408 0.020239 0.019824 0.019078 0.017940 0.016395 0.014480 0.012285 0.009939 0.007580 0.005326 0.003280 0.001537 0.000250 -0.000009 -0.000009 -0.000009 -0.000009 -0.000009 -0.000009 0.051097 0.247306 0.525807 0.716352 0.792004 0.801685 0.788325 0.775320 0.766475 0.745741 0.679519 0.529999 0.304618 0.101518 0.009346 -0.000009 0.003674 0.013419 0.019889 0.030362 0.064228 0.166191 0.369365 0.599751 0.760917 0.836444 0.847204 0.804131 0.703301 0.554324 0.417880 0.379502 0.472304 0.632498 0.765752 0.837538 0.859482 0.840477 0.758859 0.566035 0.268637 0.025034 -0.000009 -0.000009 0.028969 0.128430 0.276501 0.428264 0.539143 0.606009 0.644384 0.667587 0.682986 0.693321 0.698792 0.698792 0.693322 0.682988 0.667589 0.644387 0.606013 0.539150 0.428274 0.276512 0.128439 0.028973 -0.000009 -0.000009 0.025024 0.268616 0.566017 0.758849 0.840473 0.859481 0.837541 0.765764 0.632525 0.472346 0.379548 0.417917 0.554346 0.703311 0.804135 0.847206 0.836445 0.760916 0.599747 0.369353 0.166174 0.064211 0.030346 0.019875 0.013406 0.003662 -0.000009 0.009328 0.101491 0.304589 0.529978 0.679510 0.745738 0.766476 0.775324 0.788329 0.801689 0.792005 0.716345 0.525787 0.247284 0.051089 -0.000009 -0.000009 -0.000009 -0.000009 -0.000009 -0.000009 0.000250 0.001538 0.003281 0.005328 0.007582 0.009940 0.012286 0.014481 0.016397 0.017942 0.019079 0.019825 0.020240 0.020409 0.020422 0.020354 0.020239 0.020047 0.019669 0.018917 0.017567 0.015434 0.012472 0.008870 0.005049 0.001810 -0.000009 -0.000009 -0.000009 0.002650 0.015672 0.032843 0.041700 0.034336 0.017407 0.003266 -0.000009 -0.000009 -0.000009 0.000000
0.000000 -0.000009 -0.000009 0.000233 0.023180 0.071832 0.129749 0.158397 0.135359 0.079443 0.030107 0.005258 -0.000009 -0.000009 -0.000009 0.002910 0.006793 0.010802 0.014254 0.016849 0.018562 0.019549 0.020039 0.020239 0.020282 0.020212 0.020000 0.019571 0.018835 0.017713 0.016166 0.014205 0.011909 0.009419 0.006913 0.004580 0.002582 0.001012 0.000028 -0.000009 -0.000009 -0.000009 -0.000009 -0.000009 -0.000009 0.002623 0.118480 0.373760 0.620266 0.753425 0.792718 0.786630 0.770634 0.762748 0.763489 0.759026 0.727314 0.647086 0.516761 0.374177 0.278350 0.241367 0.241634 0.252874 0.265938 0.290829 0.351940 0.467861 0.617406 0.746579 0.824158 0.849221 0.822381 0.724068 0.530340 0.281945 0.104065 0.080242 0.221784 0.484146 0.712044 0.829078 0.861042 0.835080 0.730955 0.492240 0.159231 -0.000009 -0.000009 0.015681 0.125267 0.322630 0.537527 0.683007 0.758179 0.791308 0.803354 0.805428 0.802857 0.798896 0.796204 0.796204 0.798895 0.802857 0.805428 0.803355 0.791310 0.758183 0.683015 0.537540 0.322646 0.125278 0.015686 -0.000009 -0.000009 0.159210 0.492218 0.730944 0.835075 0.861042 0.829085 0.712063 0.484183 0.221828 0.080275 0.104092 0.281966 0.530352 0.724073 0.822382 0.849221 0.824157 0.746574 0.617393 0.467838 0.351909 0.290795 0.265905 0.252843 0.241604 0.241337 0.278317 0.374143 0.516733 0.647068 0.727304 0.759022 0.763488 0.762750 0.770638 0.786635 0.792720 0.753421 0.620248 0.373729 0.118457 0.002618 -0.000009 -0.000009 -0.000009 -0.000009 -0.000009 -0.000009 0.000029 0.001013 0.002584 0.004581 0.006915 0.009420 0.011911 0.014207 0.016167 0.017715 0.018836 0.019572 0.020001 0.020213 0.020283 0.020240 0.020040 0.019550 0.018563 0.016850 0.014255 0.010803 0.006794 0.002911 -0.000009 -0.000009 -0.000009 0.005260 0.030113 0.079456 0.135380 0.158421 0.129771 0.071847 0.023187 0.000236 -0.000009 -0.000009 0.000000
0.000000 -0.000009 -0.000009 0.013018 0.078381 0.202459 0.330141 0.389524 0.354885 0.243847 0.117122 0.037745 0.006713 -0.000009 -0.000009 0.001100 0.004931 0.009194 0.013044 0.016051 0.018101 0.019300 0.019865 0.020015 0.019907 0.019603 0.019092 0.018310 0.017184 0.015656 0.013717 0.011418 0.008883 0.006300 0.003905 0.001923 0.000510 -0.000009 -0.000009 -0.000009 -0.000009 -0.000009 -0.000009 -0.000009 -0.000009 0.057276 0.260281 0.517702 0.696395 0.771931 0.782210 0.768302 0.757760 0.760988 0.773805 0.785049 0.782417 0.756312 0.705426 0.644013 0.595905 0.572872 0.570590 0.577826 0.589353 0.610649 0.650994 0.710518 0.774808 0.825199 0.851188 0.846082 0.788615 0.631574 0.350279 0.068013 -0.000009 -0.000009 0.063083 0.323612 0.628377 0.800910 0.854015 0.834068 0.734229 0.504895 0.182137 -0.000009 -0.000009 0.073201 0.267711 0.527484 0.715540 0.808253 0.842582 0.849267 0.843234 0.829236 0.809369 0.788598 0.775165 0.775164 0.788596 0.809367 0.829234 0.843233 0.849267 0.842583 0.808258 0.715550 0.527500 0.267728 0.073210 -0.000009 -0.000009 0.182116 0.504873 0.734217 0.834064 0.854016 0.800919 0.628400 0.323645 0.063101 -0.000009 -0.000009 0.068021 0.350284 0.631575 0.788614 0.846081 0.851187 0.825196 0.774801 0.710504 0.650973 0.610623 0.589326 0.577799 0.570563 0.572845 0.595878 0.643989 0.705407 0.756299 0.782408 0.785044 0.773802 0.760987 0.757762 0.768307 0.782214 0.771930 0.696382 0.517671 0.260240 0.057252 -0.000009 -0.000009 -0.000009 -0.000009 -0.000009 -0.000009 -0.000009 -0.000009 0.000511 0.001924 0.003907 0.006302 0.008885 0.011419 0.013718 0.015657 0.017185 0.018311 0.019093 0.019604 0.019908 0.020016 0.019866 0.019301 0.018102 0.016052 0.013045 0.009194 0.004931 0.001100 -0.000009 -0.000009 0.006715 0.037752 0.117138 0.243874 0.354918 0.389561 0.330178 0.202489 0.078397 0.013024 -0.000009 -0.000009 0.000000
0.000000 -0.000009 -0.000009 0.047581 0.192533 0.402573 0.565923 0.632464 0.602442 0.479547 0.290379 0.121228 0.035576 0.006590 -0.000009 0.000443 0.003728 0.007959 0.012000 0.015284 0.017580 0.018919 0.019484 0.019498 0.019137 0.018494 0.017585 0.016378 0.014828 0.012917 0.010677 0.008205 0.005668 0.003311 0.001381 0.000146 -0.000009 -0.000009 -0.000009 -0.000009 -0.000009 -0.000009 -0.000009 -0.000009 0.044886 0.213243 0.449136 0.641753 0.741913 0.768188 0.759150 0.748618 0.753379 0.771687 0.794907 0.815687 0.828474 0.829738 0.819922 0.804484 0.791294 0.784112 0.781953 0.781577 0.782153 0.786638 0.798452 0.817075 0.837629 0.853399 0.857896 0.839075 0.763073 0.566892 0.242513 -0.000009 -0.000009 -0.000009 0.024314 0.220398 0.549695 0.769127 0.845503 0.839098 0.765248 0.595713 0.337221 0.117737 0.078713 0.206055 0.449806 0.671708 0.795001 0.842592 0.851510 0.842972 0.822116 0.785238 0.730624 0.670365 0.630194 0.630192 0.670360 0.730618 0.785234 0.822113 0.842971 0.851510 0.842594 0.795006 0.671720 0.449823 0.206067 0.078715 0.117725 0.337200 0.595696 0.765239 0.839095 0.845505 0.769136 0.549715 0.220418 0.024320 -0.000009 -0.000009 -0.000009 0.242509 0.566888 0.763071 0.839074 0.857896 0.853399 0.837628 0.817072 0.798447 0.786631 0.782143 0.781566 0.781941 0.784100 0.791282 0.804473 0.819912 0.829730 0.828468 0.815682 0.794902 0.771683 0.753378 0.748621 0.759157 0.768193 0.741908 0.641730 0.449092 0.213193 0.044858 -0.000009 -0.000009 -0.000009 -0.000009 -0.000009 -0.000009 -0.000009 -0.000009 0.000147 0.001382 0.003313 0.005669 0.008206 0.010679 0.012919 0.014830 0.016379 0.017587 0.018495 0.019138 0.019499 0.019485 0.018920 0.017581 0.015285 0.012001 0.007959 0.003729 0.000444 -0.000009 0.006592 0.035582 0.121243 0.290405 0.479577 0.602471 0.632494 0.565958 0.402611 0.192562 0.047593 -0.000009 -0.000009 0.000000
0.000000 -0.000009 0.011853 0.121638 0.355856 0.592414 0.734048 0.785111 0.765286 0.668787 0.483032 0.253910 0.092428 0.025904 0.006016 0.002331 0.004079 0.007605 0.011431 0.014723 0.017081 0.018422 0.018868 0.018630 0.017905 0.016823 0.015444 0.013781 0.011838 0.009646 0.007284 0.004897 0.002702 0.000935 -0.000005 -0.000009 -0.000009 -0.000009 -0.000009 -0.000009 -0.000009 -0.000009 -0.000009 0.065945 0.222459 0.430758 0.610659 0.713162 0.743216 0.732224 0.719129 0.729566 0.759017 0.791138 0.818494 0.839923 0.854851 0.863039 0.865621 0.864730 0.861842 0.856344 0.846676 0.831543 0.812631 0.797135 0.794369 0.807187 0.828827 0.847543 0.853621 0.834999 0.758649 0.562398 0.241592 -0.000009 -0.000009 -0.000009 0.017105 0.183890 0.507550 0.747224 0.837544 0.844299 0.801833 0.705504 0.553814 0.400439 0.349500 0.453460 0.624587 0.754440 0.818297 0.836767 0.832912 0.815324 0.776407 0.698941 0.576883 0.441224 0.353964 0.353959 0.441212 0.576870 0.698931 0.776402 0.815322 0.832911 0.836767 0.818300 0.754446 0.624597 0.453468 0.349498 0.400427 0.553800 0.705494 0.801828 0.844298 0.837546 0.747231 0.507564 0.183900 0.017108 -0.000009 -0.000009 -0.000009 0.241579 0.562389 0.758645 0.834998 0.853621 0.847546 0.828833 0.807197 0.794382 0.797147 0.812640 0.831548 0.846678 0.856344 0.861841 0.864728 0.865620 0.863037 0.854849 0.839920 0.818489 0.791133 0.759013 0.729567 0.719139 0.732237 0.743223 0.713154 0.610629 0.430703 0.222398 0.065902 -0.000009 -0.000009 -0.000009 -0.000009 -0.000009 -0.000009 -0.000009 -0.000009 -0.000005 0.000936 0.002703 0.004899 0.007286 0.009647 0.011840 0.013782 0.015446 0.016825 0.017907 0.018631 0.018869 0.018422 0.017082 0.014723 0.011431 0.007606 0.004080 0.002332 0.006018 0.025908 0.092439 0.253930 0.483056 0.668806 0.765302 0.785127 0.734070 0.592446 0.355892 0.121660 0.011859 -0.000009 0.000000
0.000000 -0.000009 0.048551 0.242284 0.518053 0.720383 0.818525 0.848949 0.833274 0.761079 0.603589 0.369062 0.158342 0.052590 0.016698 0.006904 0.006008 0.008272 0.011463 0.014462 0.016654 0.017814 0.017991 0.017374 0.016182 0.014592 0.012722 0.010647 0.008430 0.006154 0.003952 0.002000 0.000510 -0.000009 -0.000009 -0.000009 -0.000009 -0.000009 -0.000009 -0.000009 -0.000009 0.040166 0.131695 0.278647 0.454603 0.604333 0.690572 0.708936 0.680835 0.649897 0.662214 0.717000 0.773003 0.809836 0.829073 0.836455 0.836454 0.833601 0.831931 0.830857 0.825257 0.809156 0.778350 0.731431 0.674174 0.626392 0.620895 0.671834 0.750613 0.813966 0.842547 0.835306 0.775263 0.616153 0.338710 0.072426 -0.000009 -0.000009 0.028374 0.209498 0.521880 0.744326 0.830504 0.843727 0.824513 0.782374 0.719864 0.657361 0.636447 0.676070 0.742826 0.793775 0.816062 0.818564 0.810448 0.788346 0.729795 0.599106 0.389192 0.180300 0.070627 0.070622 0.180284 0.389170 0.599089 0.729787 0.788343 0.810447 0.818564 0.816063 0.793777 0.742829 0.676072 0.636445 0.657355 0.719858 0.782370 0.824511 0.843727 0.830506 0.744330 0.521886 0.209502 0.028374 -0.000009 -0.000009 0.072411 0.338691 0.616141 0.775258 0.835305 0.842548 0.813971 0.750628 0.671862 0.620933 0.626431 0.674208 0.731458 0.778371 0.809172 0.825271 0.830871 0.831945 0.833613 0.836463 0.836460 0.829072 0.809831 0.772997 0.716998 0.662225 0.649923 0.680861 0.708949 0.690564 0.604298 0.454540 0.278570 0.131628 0.040124 -0.000009 -0.000009 -0.000009 -0.000009 -0.000009 -0.000009 -0.000009 -0.000009 0.000510 0.002001 0.003954 0.006155 0.008432 0.010649 0.012724 0.014594 0.016183 0.017375 0.017992 0.017815 0.016655 0.014463 0.011464 0.008273 0.006009 0.006906 0.016701 0.052595 0.158353 0.369076 0.603601 0.761087 0.833279 0.848955 0.818536 0.720404 0.518085 0.242315 0.048564 -0.000009 0.000000
0.000000 0.000975 0.122982 0.387508 0.644756 0.790085 0.846089 0.854328 0.830350 0.761328 0.618103 0.400181 0.189844 0.071634 0.026648 0.012158 0.008741 0.009594 0.011970 0.014457 0.016275 0.017071 0.016825 0.015714 0.013987 0.011882 0.009588 0.007247 0.004984 0.002939 0.001247 0.000130 -0.000009 -0.000009 -0.000009 -0.000009 -0.000009 -0.000009 -0.000009 0.023605 0.115169 0.240685 0.378173 0.509933 0.612776 0.666338 0.661548 0.605927 0.536939 0.525810 0.610516 0.720197 0.790428 0.815408 0.804702 0.766803 0.714859 0.672201 0.654038 0.651915 0.642183 0.609656 0.548024 0.459768 0.360510 0.283315 0.281900 0.412634 0.614786 0.763632 0.828616 0.837639 0.800719 0.695382 0.496676 0.248944 0.076642 0.039291 0.114134 0.328060 0.590978 0.758442 0.823360 0.834900 0.827220 0.812941 0.795334 0.779306 0.773307 0.780292 0.792959 0.801235 0.802124 0.799025 0.793095 0.772737 0.704748 0.538097 0.268720 0.037308 -0.000009 -0.000009 0.037292 0.268693 0.538075 0.704738 0.772734 0.793095 0.799025 0.802124 0.801236 0.792959 0.780292 0.773306 0.779305 0.795333 0.812940 0.827220 0.834901 0.823362 0.758443 0.590977 0.328053 0.114124 0.039278 0.076623 0.248919 0.496656 0.695372 0.800716 0.837638 0.828618 0.763637 0.614803 0.412671 0.281948 0.283365 0.360560 0.459814 0.548066 0.609693 0.642219 0.651952 0.654078 0.672243 0.714894 0.766825 0.804711 0.815408 0.790422 0.720190 0.610520 0.525839 0.536985 0.605967 0.661569 0.666333 0.612740 0.509866 0.378087 0.240599 0.115104 0.023573 -0.000009 -0.000009 -0.000009 -0.000009 -0.000009 -0.000009 -0.000009 0.000130 0.001248 0.002940 0.004985 0.007249 0.009589 0.011884 0.013989 0.015716 0.016827 0.017072 0.016276 0.014458 0.011971 0.009595 0.008742 0.012160 0.026651 0.071638 0.189849 0.400183 0.618101 0.761324 0.830347 0.854327 0.846092 0.790097 0.644781 0.387540 0.123003 0.000981 0.000000
0.000000 0.042210 0.238658 0.525291 0.729490 0.816974 0.830615 0.804332 0.749735 0.658854 0.514975 0.329095 0.164936 0.070782 0.030660 0.015754 0.011204 0.011066 0.012683 0.014573 0.015863 0.016139 0.015345 0.013668 0.011406 0.008870 0.006325 0.003991 0.002033 0.000583 -0.000009 -0.000009 -0.000009 -0.000009 -0.000009 -0.000009 -0.000009 -0.000009 0.035348 0.174553 0.347112 0.492091 0.587265 0.634826 0.636011 0.591212 0.505497 0.403196 0.348625 0.424932 0.600841 0.742275 0.805311 0.799654 0.727383 0.591465 0.435196 0.331887 0.317351 0.329906 0.328996 0.298120 0.236451 0.156730 0.081231 0.032252 0.040811 0.195804 0.504627 0.725109 0.817194 0.838348 0.821206 0.764168 0.652243 0.491562 0.340796 0.280706 0.353283 0.520444 0.681717 0.778407 0.814468 0.818899 0.813925 0.809372 0.806892 0.805189 0.802982 0.799403 0.793983 0.787387 0.782118 0.780979 0.781846 0.770492 0.713488 0.560017 0.298506 0.068424 0.002919 0.002918 0.068409 0.298478 0.559996 0.713479 0.770490 0.781846 0.780980 0.782119 0.787387 0.793983 0.799402 0.802982 0.805189 0.806892 0.809373 0.813925 0.818900 0.814469 0.778407 0.681714 0.520432 0.353262 0.280678 0.340767 0.491538 0.652228 0.764162 0.821204 0.838348 0.817195 0.725110 0.504631 0.195814 0.040825 0.032270 0.081254 0.156760 0.236486 0.298157 0.329036 0.329949 0.317400 0.331950 0.435262 0.591512 0.727406 0.799660 0.805307 0.742264 0.600832 0.424944 0.348669 0.403255 0.505549 0.591242 0.636012 0.634795 0.587205 0.492009 0.347022 0.174480 0.035313 -0.000009 -0.000009 -0.000009 -0.000009 -0.000009 -0.000009 -0.000009 -0.000009 0.000584 0.002034 0.003993 0.006327 0.008872 0.011408 0.013670 0.015347 0.016141 0.015865 0.014574 0.012684 0.011067 0.011205 0.015756 0.030662 0.070783 0.164933 0.329084 0.514957 0.658834 0.749719 0.804322 0.830612 0.816979 0.729506 0.525318 0.238685 0.042221 0.000000
0.000000 0.108893 0.366657 0.632226 0.775964 0.806858 0.762861 0.669780 0.553091 0.432048 0.310704 0.195468 0.106961 0.054414 0.028490 0.017092 0.012949 0.012405 0.013422 0.014679 0.015332 0.014968 0.013547 0.011299 0.008592 0.005817 0.003334 0.001378 0.000147 -0.000009 -0.000009 -0.000009 -0.000009 -0.000009 -0.000009 -0.000009 -0.000009 0.022282 0.183165 0.400472 0.575397 0.667538 0.680506 0.624321 0.514132 0.379790 0.264018 0.197354 0.232586 0.419514 0.641086 0.775184 0.814274 0.767318 0.611075 0.348676 0.109648 0.052501 0.068156 0.091125 0.106774 0.106091 0.084158 0.048683 0.014900 0.001340 0.045725 0.232528 0.519660 0.724631 0.812037 0.834816 0.829231 0.804178 0.755604 0.684359 0.612840 0.581531 0.614169 0.686497 0.753858 0.791944 0.802490 0.798401 0.791543 0.787812 0.787523 0.787859 0.785727 0.779692 0.770893 0.762786 0.759777 0.764535 0.774149 0.776211 0.745862 0.648261 0.467303 0.263700 0.150121 0.150116 0.263683 0.467282 0.648247 0.745856 0.776210 0.774150 0.764536 0.759777 0.762786 0.770893 0.779692 0.785727 0.787860 0.787524 0.787813 0.791544 0.798403 0.802491 0.791944 0.753855 0.686488 0.614153 0.581510 0.612820 0.684346 0.755597 0.804176 0.829232 0.834817 0.812037 0.724627 0.519645 0.232501 0.045704 0.001328 0.014892 0.048680 0.084160 0.106099 0.106787 0.091142 0.068176 0.052526 0.109701 0.348732 0.611107 0.767329 0.814273 0.775174 0.641068 0.419499 0.232598 0.197395 0.264074 0.379848 0.514170 0.624327 0.680482 0.667489 0.575326 0.400389 0.183098 0.022254 -0.000009 -0.000009 -0.000009 -0.000009 -0.000009 -0.000009 -0.000009 -0.000009 0.000148 0.001379 0.003336 0.005819 0.008594 0.011301 0.013549 0.014969 0.015334 0.014680 0.013423 0.012407 0.012950 0.017094 0.028491 0.054413 0.106955 0.195452 0.310675 0.432012 0.553057 0.669756 0.762850 0.806858 0.775974 0.632246 0.366683 0.108908 0.000000
0.000000 0.179411 0.470267 0.700687 0.790176 0.759512 0.628434 0.432904 0.256561 0.159181 0.113029 0.081032 0.054753 0.035603 0.023548 0.016943 0.014084 0.013543 0.014081 0.014674 0.014601 0.013521 0.011459 0.008722 0.005761 0.003074 0.001026 -0.000006 -0.000009 -0.000009 -0.000009 -0.000009 -0.000009 -0.000009 -0.000009 -0.000009 0.006683 0.159572 0.395087 0.603754 0.721484 0.744259 0.670438 0.500020 0.285450 0.138783 0.084586 0.103043 0.249702 0.501066 0.706359 0.806556 0.818316 0.738374 0.522035 0.188316 -0.000009 -0.000009 0.000001 0.030402 0.087675 0.137689 0.165906 0.173215 0.175311 0.199640 0.285825 0.449508 0.631656 0.756617 0.812099 0.826601 0.824562 0.815613 0.800396 0.779142 0.758245 0.748812 0.756308 0.773715 0.788306 0.792537 0.786631 0.775797 0.765708 0.759496 0.756970 0.755661 0.752816 0.747262 0.740431 0.736046 0.738392 0.749594 0.766949 0.781603 0.778903 0.741602 0.660809 0.553709 0.471363 0.471359 0.553698 0.660799 0.741596 0.778901 0.781603 0.766950 0.749596 0.738393 0.736046 0.740431 0.747262 0.752817 0.755662 0.756971 0.759497 0.765709 0.775798 0.786631 0.792537 0.788305 0.773711 0.756301 0.748804 0.758237 0.779138 0.800394 0.815613 0.824564 0.826602 0.812099 0.756610 0.631636 0.449470 0.285777 0.199594 0.175269 0.173178 0.165873 0.137663 0.087657 0.030393 0.000001 -0.000009 -0.000009 0.188345 0.522060 0.738384 0.818317 0.806549 0.706340 0.501035 0.249679 0.103049 0.084614 0.138827 0.285506 0.500057 0.670445 0.744241 0.721445 0.603694 0.395014 0.159514 0.006660 -0.000009 -0.000009 -0.000009 -0.000009 -0.000009 -0.000009 -0.000009 -0.000009 -0.000006 0.001027 0.003076 0.005763 0.008724 0.011461 0.013522 0.014602 0.014675 0.014083 0.013544 0.014085 0.016944 0.023548 0.035601 0.054748 0.081020 0.113008 0.159149 0.256521 0.432869 0.628415 0.759507 0.790181 0.700701 0.470288 0.179425 0.000000
0.000000 0.230111 0.533008 0.733849 0.780114 0.682729 0.448888 0.175806 0.038372 0.015470 0.019120 0.023387 0.023923 0.021630 0.018522 0.016029 0.014702 0.014396 0.014539 0.014445 0.013594 0.011782 0.009149 0.006097 0.003197 0.000958 -0.000009 -0.000009 -0.000009 -0.000009 -0.000009 -0.000009 -0.000009 -0.000009 -0.000009 0.019295 0.156393 0.374310 0.591554 0.734759 0.790841 0.756182 0.603171 0.331193 0.087713 0.012811 0.025414 0.140049 0.375387 0.616497 0.767249 0.827890 0.820252 0.733280 0.524743 0.222792 0.009527 -0.000009 0.053440 0.154429 0.265407 0.358582 0.420173 0.455998 0.481965 0.518665 0.581172 0.663750 0.741499 0.791913 0.812418 0.814618 0.810676 0.806844 0.804212 0.801898 0.799742 0.798349 0.797586 0.795680 0.790360 0.780602 0.767257 0.752811 0.740128 0.731009 0.725479 0.722063 0.718931 0.715304 0.712385 0.713109 0.720673 0.736409 0.758220 0.780557 0.795897 0.797281 0.781601 0.753816 0.730548 0.730547 0.753813 0.781599 0.797280 0.795898 0.780559 0.758222 0.736411 0.720675 0.713110 0.712385 0.715305 0.718931 0.722064 0.725479 0.731009 0.740129 0.752812 0.767258 0.780603 0.790361 0.795680 0.797585 0.798348 0.799741 0.801898 0.804213 0.806846 0.810678 0.814620 0.812418 0.791909 0.741485 0.663724 0.581135 0.518621 0.481921 0.455955 0.420131 0.358540 0.265365 0.154391 0.053410 -0.000009 0.009506 0.222785 0.524749 0.733286 0.820254 0.827887 0.767234 0.616465 0.375343 0.140018 0.025411 0.012824 0.087749 0.331238 0.603195 0.756183 0.790825 0.734725 0.591500 0.374245 0.156340 0.019268 -0.000009 -0.000009 -0.000009 -0.000009 -0.000009 -0.000009 -0.000009 -0.000009 -0.000009 0.000959 0.003199 0.006099 0.009151 0.011784 0.013596 0.014447 0.014540 0.014397 0.014703 0.016029 0.018522 0.021628 0.023920 0.023381 0.019112 0.015458 0.038353 0.175777 0.448866 0.682722 0.780116 0.733859 0.533024 0.230124 0.000000
0.000000 0.248912 0.553712 0.739223 0.756760 0.602623 0.297265 0.041939 -0.000009 -0.000009 -0.000009 0.004396 0.009924 0.013207 0.014510 0.014810 0.014846 0.014857 0.014657 0.013881 0.012257 0.009775 0.006729 0.003651 0.001158 -0.000009 -0.000009 -0.000009 -0.000009 -0.000009 -0.000009 -0.000009 -0.000009 0.010820 0.088436 0.220778 0.399721 0.584477 0.724782 0.802252 0.814812 0.742788 0.539583 0.228672 0.016543 -0.000009 0.084884 0.295050 0.541720 0.718905 0.808613 0.837058 0.821730 0.754153 0.612097 0.412324 0.254011 0.224265 0.295611 0.405404 0.508581 0.586235 0.638898 0.674856 0.703192 0.730442 0.758826 0.785406 0.804591 0.812258 0.809168 0.800377 0.791578 0.786232 0.784996 0.786612 0.789026 0.790145 0.788334 0.782721 0.773299 0.760746 0.746170 0.731149 0.717463 0.706548 0.699011 0.694480 0.692059 0.691212 0.692518 0.697642 0.708407 0.725467 0.747476 0.771337 0.793365 0.810534 0.821234 0.825670 0.826391 0.826391 0.825670 0.821234 0.810535 0.793367 0.771339 0.747478 0.725469 0.708409 0.697643 0.692518 0.691212 0.692059 0.694481 0.699011 0.706549 0.717464 0.731150 0.746171 0.760748 0.773301 0.782723 0.788336 0.790147 0.789028 0.786615 0.784999 0.786234 0.791580 0.800379 0.809169 0.812255 0.804585 0.785395 0.758811 0.730424 0.703174 0.674839 0.638879 0.586211 0.508549 0.405363 0.295563 0.224215 0.253968 0.412298 0.612090 0.754154 0.821732 0.837057 0.808604 0.718881 0.541675 0.294994 0.084847 -0.000009 0.016551 0.228701 0.539608 0.742797 0.814808 0.802236 0.724752 0.584429 0.399662 0.220722 0.088395 0.010796 -0.000009 -0.000009 -0.000009 -0.000009 -0.000009 -0.000009 -0.000009 -0.000009 0.001159 0.003653 0.006731 0.009777 0.012258 0.013882 0.014658 0.014858 0.014847 0.014811 0.014510 0.013206 0.009923 0.004394 -0.000009 -0.000009 -0.000009 0.041929 0.297251 0.602617 0.756762 0.739231 0.553725 0.248922 0.000000
0.000000 0.234061 0.536457 0.723619 0.731660 0.549692 0.228351 0.015756 -0.000009 -0.000009 -0.000009 -0.000009 0.004068 0.008333 0.011497 0.013481 0.014540 0.014827 0.014312 0.012891 0.010566 0.007568 0.004364 0.001606 -0.000006 -0.000009 -0.000009 -0.000009 -0.000009 -0.000009 -0.000009 0.012930 0.093927 0.214983 0.355216 0.496945 0.625868 0.728983 0.798066 0.830756 0.819343 0.732721 0.524933 0.237643 0.061017 0.081369 0.252156 0.492504 0.683916 0.788349 0.829688 0.836300 0.821264 0.782204 0.711451 0.618163 0.542623 0.522876 0.551717 0.596816 0.634913 0.662326 0.686882 0.716378 0.751316 0.785633 0.811756 0.825420 0.826466 0.817539 0.802540 0.785607 0.770297 0.759033 0.752929 0.751692 0.753674 0.756307 0.757059 0.754341 0.747809 0.738013 0.725901 0.712702 0.699902 0.689043 0.681337 0.677273 0.676582 0.678693 0.683379 0.691021 0.702284 0.717458 0.735980 0.756481 0.777234 0.796592 0.813030 0.825018 0.831323 0.831324 0.825019 0.813031 0.796594 0.777236 0.756483 0.735981 0.717459 0.702285 0.691022 0.683380 0.678693 0.676582 0.677273 0.681337 0.689044 0.699903 0.712702 0.725902 0.738015 0.747811 0.754344 0.757062 0.756311 0.753678 0.751696 0.752932 0.759036 0.770299 0.785608 0.802540 0.817538 0.826464 0.825419 0.811757 0.785639 0.751327 0.716392 0.686896 0.662335 0.634911 0.596801 0.551688 0.522839 0.542588 0.618141 0.711442 0.782203 0.821267 0.836301 0.829684 0.788334 0.683882 0.492450 0.252101 0.081335 0.061004 0.237652 0.524950 0.732731 0.819344 0.830751 0.798051 0.728956 0.625826 0.496890 0.355153 0.214922 0.093880 0.012904 -0.000009 -0.000009 -0.000009 -0.000009 -0.000009 -0.000009 -0.000006 0.001607 0.004365 0.007570 0.010567 0.012893 0.014313 0.014828 0.014540 0.013482 0.011497 0.008332 0.004067 -0.000009 -0.000009 -0.000009 -0.000009 0.015754 0.228347 0.549692 0.731664 0.723627 0.536469 0.234070 0.000000
0.000000 0.190772 0.487754 0.693050 0.712440 0.534544 0.225960 0.024514 -0.000009 -0.000009 -0.000009 -0.000009 0.001684 0.005530 0.009297 0.012157 0.013840 0.014268 0.013435 0.011436 0.008555 0.005272 0.002261 0.000167 -0.000009 -0.000009 -0.000009 -0.000009 -0.000009 -0.000009 0.053569 0.186203 0.352155 0.505595 0.625026 0.710549 0.769694 0.809294 0.833577 0.841368 0.819385 0.734517 0.549756 0.308033 0.170562 0.231826 0.436483 0.647572 0.775445 0.827230 0.837397 0.830643 0.818263 0.801421 0.777137 0.746274 0.715752 0.689471 0.660396 0.620782 0.575213 0.539623 0.530765 0.559010 0.623912 0.705043 0.773922 0.813323 0.823724 0.814489 0.795198 0.772142 0.748924 0.728179 0.712621 0.704560 0.704345 0.709552 0.716105 0.720397 0.720580 0.716488 0.708922 0.699189 0.688929 0.679955 0.673886 0.671638 0.673151 0.677630 0.684157 0.692199 0.701715 0.712902 0.725869 0.740412 0.755970 0.771613 0.785977 0.797216 0.803433 0.803434 0.797217 0.785978 0.771614 0.755972 0.740414 0.725870 0.712903 0.701715 0.692200 0.684157 0.677630 0.673151 0.671638 0.673886 0.679955 0.688929 0.699189 0.708923 0.716489 0.720582 0.720400 0.716110 0.709557 0.704350 0.704564 0.712624 0.728180 0.748925 0.772142 0.795198 0.814489 0.823726 0.813330 0.773941 0.705075 0.623957 0.559060 0.530814 0.539666 0.575246 0.620800 0.660397 0.689461 0.715738 0.746263 0.777131 0.801420 0.818265 0.830645 0.837396 0.827222 0.775426 0.647537 0.436438 0.231791 0.170548 0.308040 0.549770 0.734526 0.819388 0.841366 0.833570 0.809281 0.769672 0.710515 0.624978 0.505531 0.352079 0.186131 0.053525 -0.000009 -0.000009 -0.000009 -0.000009 -0.000009 -0.000009 0.000168 0.002262 0.005273 0.008556 0.011438 0.013436 0.014269 0.013840 0.012158 0.009297 0.005530 0.001683 -0.000009 -0.000009 -0.000009 -0.000009 0.024514 0.225963 0.534550 0.712447 0.693059 0.487765 0.190779 0.000000
0.000000 0.132300 0.421485 0.656473 0.701934 0.545912 0.253635 0.042774 -0.000009 -0.000009 -0.000009 -0.000009 0.000646 0.003833 0.007626 0.010825 0.012782 0.013188 0.012021 0.009545 0.006314 0.003092 0.000619 -0.000009 -0.000009 -0.000009 -0.000009 -0.000009 -0.000009 0.069919 0.241051 0.444590 0.610315 0.721327 0.788454 0.825118 0.842655 0.849825 0.851920 0.847035 0.820021 0.738184 0.570228 0.358543 0.247955 0.331751 0.541459 0.725552 0.819036 0.845198 0.839546 0.825345 0.814336 0.809222 0.806094 0.796857 0.769905 0.710202 0.606836 0.471995 0.345647 0.265918 0.236088 0.253946 0.340493 0.499560 0.661780 0.767219 0.808412 0.808712 0.789285 0.761209 0.729203 0.696616 0.668532 0.651277 0.648566 0.658251 0.673605 0.687718 0.696609 0.699420 0.697143 0.691558 0.684725 0.678723 0.675292 0.675363 0.678786 0.684545 0.691363 0.698290 0.704984 0.711665 0.718858 0.727067 0.736478 0.746741 0.756831 0.765104 0.769804 0.769805 0.765104 0.756832 0.746742 0.736478 0.727067 0.718858 0.711665 0.704984 0.698290 0.691363 0.684545 0.678786 0.675363 0.675292 0.678723 0.684725 0.691558 0.697144 0.699421 0.696612 0.687721 0.673610 0.658257 0.648572 0.651282 0.668534 0.696616 0.729202 0.761208 0.789284 0.808712 0.808417 0.767235 0.661816 0.499618 0.340558 0.254002 0.236138 0.265969 0.345700 0.472040 0.606864 0.710213 0.769906 0.796854 0.806093 0.809222 0.814337 0.825346 0.839546 0.845196 0.819029 0.725539 0.541442 0.331741 0.247960 0.358561 0.570247 0.738195 0.820024 0.847034 0.851916 0.849818 0.842645 0.825102 0.788429 0.721287 0.610253 0.444505 0.240962 0.069864 -0.000009 -0.000009 -0.000009 -0.000009 -0.000009 -0.000009 0.000620 0.003094 0.006316 0.009546 0.012022 0.013189 0.012782 0.010825 0.007626 0.003832 0.000646 -0.000009 -0.000009 -0.000009 -0.000009 0.042776 0.253643 0.545922 0.701943 0.656484 0.421497 0.132306 0.000000
0.000000 0.080863 0.365351 0.630024 0.702079 0.569464 0.289442 0.061924 -0.000009 -0.000009 -0.000009 -0.000009 0.000045 0.002688 0.006212 0.009412 0.011383 0.011639 0.010138 0.007326 0.004032 0.001233 -0.000009 -0.000009 -0.000009 -0.000009 -0.000009 -0.000009 0.051554 0.232933 0.468938 0.651953 0.759330 0.815308 0.844150 0.858835 0.865032 0.865495 0.862140 0.852252 0.819870 0.730259 0.552186 0.334574 0.225604 0.310205 0.527600 0.721935 0.821140 0.848135 0.840301 0.823365 0.811923 0.810242 0.812227 0.801790 0.752208 0.631378 0.433341 0.224053 0.102807 0.059907 0.044654 0.044201 0.085716 0.251884 0.515241 0.707898 0.789608 0.802848 0.784860 0.752787 0.712799 0.669030 0.629010 0.603363 0.599365 0.614812 0.639692 0.663514 0.680391 0.689191 0.691430 0.689528 0.685971 0.682962 0.682110 0.684112 0.688639 0.694600 0.700693 0.705927 0.709916 0.712892 0.715532 0.718649 0.722849 0.728209 0.734100 0.739272 0.742319 0.742319 0.739272 0.734101 0.728210 0.722849 0.718650 0.715532 0.712892 0.709916 0.705927 0.700693 0.694601 0.688639 0.684112 0.682110 0.682962 0.685972 0.689528 0.691431 0.689192 0.680394 0.663517 0.639697 0.614818 0.599371 0.603367 0.629012 0.669029 0.712798 0.752785 0.784859 0.802849 0.789615 0.707919 0.515286 0.251939 0.085750 0.044221 0.044671 0.059927 0.102839 0.224101 0.433385 0.631403 0.752217 0.801792 0.812227 0.810242 0.811924 0.823365 0.840301 0.848136 0.821143 0.721942 0.527613 0.310225 0.225632 0.334610 0.552214 0.730273 0.819873 0.852251 0.862138 0.865493 0.865031 0.858834 0.844146 0.815295 0.759299 0.651891 0.468844 0.232836 0.051504 -0.000009 -0.000009 -0.000009 -0.000009 -0.000009 -0.000009 0.001234 0.004033 0.007327 0.010138 0.011639 0.011383 0.009412 0.006212 0.002688 0.000045 -0.000009 -0.000009 -0.000009 -0.000009 0.061928 0.289456 0.569479 0.702091 0.630035 0.365362 0.080869 0.000000
0.000000 0.065108 0.358313 0.633428 0.714716 0.597604 0.324377 0.078461 -0.000009 -0.000009 -0.000009 -0.000009 -0.000009 0.001770 0.004871 0.007864 0.009686 0.009714 0.007928 0.004944 0.001932 -0.000005 -0.000009 -0.000009 -0.000009 -0.000009 -0.000009 0.016159 0.167505 0.423913 0.641090 0.757170 0.794263 0.790410 0.781879 0.793550 0.822228 0.848360 0.860342 0.854710 0.816397 0.706992 0.492008 0.241757 0.126298 0.193324 0.397118 0.632487 0.779201 0.835386 0.839167 0.824402 0.811988 0.809073 0.808442 0.787284 0.704050 0.510811 0.235531 0.043422 0.001974 -0.000009 -0.000009 -0.000009 0.002002 0.128188 0.424159 0.669307 0.776354 0.797591 0.780429 0.745817 0.701002 0.650929 0.604913 0.576116 0.573344 0.593567 0.624480 0.653709 0.674702 0.686537 0.691233 0.691630 0.690383 0.689579 0.690528 0.693626 0.698411 0.703866 0.708867 0.712583 0.714689 0.715404 0.715366 0.715410 0.716263 0.718228 0.721009 0.723766 0.725487 0.725487 0.723766 0.721009 0.718228 0.716263 0.715410 0.715366 0.715404 0.714689 0.712583 0.708867 0.703866 0.698411 0.693626 0.690528 0.689579 0.690383 0.691630 0.691234 0.686538 0.674704 0.653712 0.624484 0.593572 0.573348 0.576118 0.604913 0.650927 0.700999 0.745814 0.780427 0.797592 0.776360 0.669324 0.424190 0.128213 0.002007 -0.000009 -0.000009 -0.000009 0.001979 0.043445 0.235568 0.510838 0.704063 0.787288 0.808443 0.809072 0.811987 0.824402 0.839168 0.835391 0.779215 0.632515 0.397155 0.193356 0.126332 0.241800 0.492042 0.707008 0.816402 0.854711 0.860343 0.848365 0.822241 0.793574 0.781906 0.790428 0.794261 0.757139 0.641019 0.423808 0.167416 0.016128 -0.000009 -0.000009 -0.000009 -0.000009 -0.000009 -0.000005 0.001933 0.004944 0.007929 0.009715 0.009686 0.007864 0.004870 0.001769 -0.000009 -0.000009 -0.000009 -0.000009 -0.000009 0.078469 0.324398 0.597623 0.714729 0.633438 0.358322 0.065113 0.000000
0.000000 0.121481 0.434397 0.667359 0.737405 0.627823 0.358264 0.093238 -0.000009 -0.000009 -0.000009 -0.000009 -0.000009 0.000927 0.003492 0.006182 0.007774 0.007569 0.005582 0.002696 0.000238 -0.000009 -0.000009 -0.000009 -0.000009 -0.000009 -0.000009 0.081171 0.321142 0.582166 0.738358 0.781352 0.733561 0.625591 0.532112 0.549205 0.664504 0.773103 0.836287 0.850176 0.810086 0.678744 0.419205 0.137909 0.030205 0.071730 0.211957 0.461672 0.690539 0.804944 0.833634 0.825905 0.813256 0.807550 0.802369 0.771500 0.664848 0.429717 0.131506 -0.000009 -0.000009 -0.000009 -0.000009 -0.000009 0.010658 0.168801 0.452128 0.675590 0.773936 0.792505 0.774244 0.738918 0.694036 0.645325 0.602526 0.577993 0.578722 0.600401 0.630919 0.658925 0.678763 0.689974 0.694725 0.695805 0.695663 0.696045 0.697878 0.701287 0.705757 0.710424 0.714419 0.717124 0.718313 0.718170 0.717214 0.716138 0.715579 0.715882 0.716943 0.718250 0.719135 0.719135 0.718250 0.716943 0.715882 0.715579 0.716138 0.717214 0.718170 0.718313 0.717124 0.714419 0.710425 0.705757 0.701288 0.697878 0.696045 0.695663 0.695805 0.694725 0.689975 0.678764 0.658927 0.630922 0.600404 0.578724 0.577993 0.602524 0.645323 0.694034 0.738916 0.774242 0.792505 0.773940 0.675598 0.452137 0.168801 0.010654 -0.000009 -0.000009 -0.000009 -0.000009 -0.000009 0.131518 0.429730 0.664855 0.771504 0.802370 0.807550 0.813256 0.825905 0.833636 0.804953 0.690561 0.461714 0.211996 0.071753 0.030225 0.137941 0.419233 0.678758 0.810091 0.850178 0.836292 0.773118 0.664538 0.549268 0.532192 0.625655 0.733592 0.781348 0.738316 0.582081 0.321036 0.081108 -0.000009 -0.000009 -0.000009 -0.000009 -0.000009 -0.000009 0.000238 0.002697 0.005582 0.007569 0.007774 0.006182 0.003491 0.000927 -0.000009 -0.000009 -0.000009 -0.000009 -0.000009 0.093253 0.358295 0.627847 0.737417 0.667364 0.434399 0.121483 0.000000
0.000000 0.366052 0.528220 0.708219 0.760986 0.659163 0.396413 0.112004 -0.000009 -0.000009 -0.000009 -0.000009 -0.000009 0.000167 0.002166 0.004455 0.005807 0.005432 0.003403 0.000867 -0.000009 -0.000009 -0.000009 -0.000009 -0.000009 -0.000009 0.019067 0.198938 0.477468 0.692030 0.784431 0.763576 0.619102 0.365370 0.161836 0.185592 0.383259 0.631500 0.787742 0.838365 0.805362 0.665150 0.382253 0.080303 -0.000009 0.004378 0.067500 0.274782 0.578170 0.763322 0.823040 0.824990 0.813195 0.805069 0.796950 0.764592 0.661854 0.443593 0.165019 -0.000009 -0.000009 -0.000009 -0.000009 0.026598 0.129936 0.332682 0.560811 0.714718 0.778892 0.785970 0.765004 0.730897 0.690651 0.650293 0.618201 0.602950 0.607648 0.627196 0.651933 0.673614 0.688434 0.696431 0.699565 0.700188 0.700262 0.701060 0.703123 0.706367 0.710280 0.714175 0.717427 0.719621 0.720625 0.720592 0.719900 0.719042 0.718476 0.718463 0.718966 0.719678 0.720179 0.720179 0.719678 0.718966 0.718463 0.718476 0.719042 0.719900 0.720592 0.720625 0.719621 0.717427 0.714176 0.710280 0.706367 0.703123 0.701060 0.700262 0.700189 0.699565 0.696431 0.688434 0.673615 0.651934 0.627197 0.607648 0.602949 0.618199 0.650291 0.690649 0.730896 0.765003 0.785970 0.778894 0.714719 0.560806 0.332666 0.129915 0.026584 -0.000009 -0.000009 -0.000009 -0.000009 0.165005 0.443587 0.661854 0.764593 0.796951 0.805070 0.813195 0.824991 0.823043 0.763330 0.578191 0.274815 0.067526 0.004385 -0.000009 0.080315 0.382263 0.665156 0.805365 0.838368 0.787751 0.631523 0.383303 0.185641 0.161914 0.365462 0.619158 0.763590 0.784412 0.691973 0.477374 0.198853 0.019034 -0.000009 -0.000009 -0.000009 -0.000009 -0.000009 -0.000009 0.000867 0.003403 0.005432 0.005807 0.004455 0.002166 0.000167 -0.000009 -0.000009 -0.000009 -0.000009 -0.000009 0.112032 0.396457 0.659191 0.760995 0.708216 0.528208 0.366043 0.000000
1.000000 0.410669 0.570178 0.718651 0.773604 0.689781 0.444710 0.144142 0.004101 -0.000009 -0.000009 -0.000009 -0.000009 -0.000009 0.001033 0.002853 0.004001 0.003550 0.001646 -0.000009 -0.000009 -0.000009 -0.000009 -0.000009 -0.000009 -0.000009 0.113723 0.359642 0.611132 0.761753 0.805336 0.743644 0.536591 0.201814 0.000323 0.006085 0.136577 0.480769 0.733812 0.824740 0.807014 0.680834 0.414706 0.102530 -0.000009 -0.000009 0.001548 0.172737 0.503511 0.728871 0.810028 0.819872 0.809443 0.800096 0.791913 0.767061 0.692632 0.537491 0.322193 0.146135 0.073547 0.073081 0.118004 0.214004 0.363196 0.534430 0.674177 0.754705 0.782020 0.775631 0.751988 0.720982 0.688646 0.660305 0.641492 0.636044 0.643503 0.659001 0.676093 0.689959 0.698703 0.702796 0.703861 0.703673 0.703619 0.704489 0.706495 0.709409 0.712761 0.716030 0.718795 0.720804 0.722005 0.722520 0.722601 0.722556 0.722653 0.723030 0.723643 0.724286 0.724698 0.724698 0.724286 0.723643 0.723030 0.722653 0.722556 0.722601 0.722520 0.722005 0.720804 0.718795 0.716031 0.712761 0.709409 0.706495 0.704489 0.703619 0.703673 0.703861 0.702797 0.698703 0.689959 0.676093 0.659001 0.643503 0.636043 0.641491 0.660305 0.688646 0.720981 0.751988 0.775631 0.782021 0.754704 0.674170 0.534410 0.363164 0.213968 0.117971 0.073051 0.073515 0.146099 0.322162 0.537474 0.692626 0.767060 0.791914 0.800097 0.809445 0.819874 0.810031 0.728874 0.503514 0.172739 0.001552 -0.000009 -0.000009 0.102515 0.414693 0.680830 0.807014 0.824743 0.733818 0.480783 0.136595 0.006092 0.000326 0.201879 0.536647 0.743666 0.805331 0.761720 0.611065 0.359557 0.113666 -0.000009 -0.000009 -0.000009 -0.000009 -0.000009 -0.000009 -0.000009 0.001646 0.003550 0.004001 0.002852 0.001032 -0.000009 -0.000009 -0.000009 -0.000009 -0.000009 0.004114 0.144189 0.444766 0.689809 0.773606 0.718633 0.570149 0.410646 1.000000
0.000000 0.337271 0.481553 0.675094 0.764402 0.715627 0.504427 0.197997 0.018303 -0.000009 -0.000009 -0.000009 -0.000009 -0.000009 0.000174 0.001543 0.002569 0.002214 0.000522 -0.000009 -0.000009 -0.000009 -0.000009 -0.000009 0.005458 0.094257 0.288267 0.528272 0.710654 0.803155 0.818025 0.748753 0.553198 0.244665 0.000432 -0.000009 0.098316 0.437938 0.710868 0.819018 0.817457 0.723905 0.515228 0.229474 0.018942 -0.000009 0.001821 0.209442 0.511472 0.718589 0.798255 0.810196 0.800725 0.791295 0.785143 0.771706 0.731604 0.647111 0.523562 0.402375 0.333552 0.331139 0.386670 0.481531 0.589808 0.684244 0.747010 0.775233 0.776100 0.759775 0.735251 0.709138 0.686208 0.670053 0.662896 0.664790 0.673337 0.684664 0.695104 0.702454 0.706244 0.707246 0.706763 0.706046 0.705962 0.706899 0.708826 0.711440 0.714335 0.717136 0.719579 0.721538 0.723014 0.724103 0.724962 0.725751 0.726588 0.727505 0.728426 0.729195 0.729637 0.729637 0.729195 0.728426 0.727505 0.726588 0.725751 0.724962 0.724103 0.723014 0.721538 0.719579 0.717136 0.714335 0.711440 0.708827 0.706900 0.705963 0.706046 0.706764 0.707246 0.706244 0.702454 0.695104 0.684664 0.673337 0.664790 0.662896 0.670053 0.686208 0.709139 0.735253 0.759776 0.776101 0.775232 0.747005 0.684230 0.589783 0.481494 0.386626 0.331091 0.333504 0.402332 0.523532 0.647096 0.731599 0.771706 0.785144 0.791297 0.800727 0.810199 0.798257 0.718585 0.511454 0.209408 0.001792 -0.000009 0.018902 0.229428 0.515198 0.723893 0.817455 0.819017 0.710865 0.437926 0.098294 -0.000009 0.000429 0.244689 0.553232 0.748772 0.818027 0.803140 0.710615 0.528210 0.288204 0.094220 0.005447 -0.000009 -0.000009 -0.000009 -0.000009 -0.000009 0.000522 0.002214 0.002569 0.001542 0.000174 -0.000009 -0.000009 -0.000009 -0.000009 -0.000009 0.018327 0.198062 0.504486 0.715649 0.764391 0.675055 0.481499 0.337233 0.000000
0.000000 0.072051 0.314710 0.572014 0.727998 0.732446 0.571046 0.276836 0.047405 -0.000009 -0.000009 -0.000009 -0.000009 -0.000009 -0.000009 0.000660 0.001702 0.001728 0.000422 -0.000009 -0.000009 -0.000009 0.004468 0.037376 0.128964 0.292534 0.492595 0.664903 0.774857 0.825853 0.829806 0.779569 0.647509 0.430086 0.221048 0.151940 0.277296 0.532571 0.737806 0.827987 0.835746 0.779088 0.645733 0.439828 0.240942 0.144110 0.187034 0.366593 0.586000 0.731483 0.789269 0.796773 0.787163 0.778221 0.774637 0.771157 0.757235 0.724115 0.673130 0.620598 0.589379 0.591969 0.625508 0.675252 0.723514 0.758068 0.774276 0.773351 0.759628 0.738698 0.716108 0.696501 0.683049 0.677124 0.678231 0.684343 0.692668 0.700592 0.706397 0.709495 0.710249 0.709561 0.708455 0.707753 0.707923 0.709061 0.710989 0.713390 0.715940 0.718386 0.720584 0.722491 0.724141 0.725612 0.726988 0.728336 0.729675 0.730967 0.732116 0.732991 0.733468 0.733468 0.732991 0.732116 0.730967 0.729675 0.728336 0.726988 0.725612 0.724141 0.722491 0.720584 0.718387 0.715941 0.713391 0.710989 0.709061 0.707923 0.707754 0.708455 0.709562 0.710249 0.709496 0.706397 0.700592 0.692668 0.684344 0.678232 0.677125 0.683051 0.696503 0.716110 0.738701 0.759630 0.773353 0.774275 0.758062 0.723502 0.675232 0.625480 0.591936 0.589346 0.620570 0.673112 0.724106 0.757233 0.771158 0.774640 0.778224 0.787166 0.796777 0.789271 0.731476 0.585972 0.366537 0.186963 0.144035 0.240868 0.439769 0.645700 0.779074 0.835741 0.827983 0.737796 0.532541 0.277247 0.151894 0.221021 0.430086 0.647522 0.779581 0.829810 0.825848 0.774838 0.664868 0.492549 0.292494 0.128942 0.037369 0.004467 -0.000009 -0.000009 -0.000009 0.000422 0.001728 0.001702 0.000660 -0.000009 -0.000009 -0.000009 -0.000009 -0.000009 -0.000009 0.047442 0.276912 0.571100 0.732454 0.727963 0.571943 0.314636 0.072020 0.000000
0.000000 -0.000009 0.139783 0.432381 0.666684 0.737804 0.636981 0.376915 0.101721 -0.000009 -0.000009 -0.000009 -0.000009 -0.000009 -0.000009 0.000205 0.001549 0.002563 0.002663 0.002890 0.006477 0.021708 0.068687 0.176813 0.341262 0.514514 0.656408 0.753241 0.808888 0.834298 0.836339 0.810289 0.741711 0.628296 0.511294 0.468395 0.537157 0.675000 0.789694 0.845866 0.854941 0.826616 0.756154 0.642747 0.518314 0.444186 0.460339 0.558616 0.674835 0.752249 0.781583 0.780918 0.769921 0.761288 0.759551 0.762271 0.763444 0.758090 0.746139 0.733166 0.726795 0.730953 0.744044 0.759916 0.771693 0.775050 0.768942 0.754819 0.735621 0.715175 0.697431 0.685428 0.680486 0.681999 0.687923 0.695676 0.702983 0.708396 0.711407 0.712276 0.711724 0.710617 0.709709 0.709491 0.710141 0.711578 0.713563 0.715814 0.718091 0.720244 0.722211 0.724004 0.725674 0.727279 0.728862 0.730433 0.731961 0.733377 0.734580 0.735463 0.735932 0.735932 0.735463 0.734580 0.733377 0.731961 0.730433 0.728862 0.727279 0.725674 0.724005 0.722211 0.720244 0.718092 0.715814 0.713564 0.711579 0.710142 0.709491 0.709710 0.710618 0.711725 0.712277 0.711407 0.708396 0.702984 0.695677 0.687924 0.682000 0.680488 0.685431 0.697434 0.715178 0.735625 0.754822 0.768944 0.775050 0.771690 0.759910 0.744033 0.730940 0.726782 0.733155 0.746132 0.758087 0.763444 0.762273 0.759554 0.761292 0.769926 0.780922 0.781584 0.752242 0.674811 0.558566 0.460266 0.444107 0.518245 0.642701 0.756130 0.826606 0.854938 0.845862 0.789683 0.674972 0.537112 0.468350 0.511266 0.628291 0.741718 0.810297 0.836345 0.834299 0.808882 0.753226 0.656384 0.514488 0.341242 0.176804 0.068685 0.021709 0.006477 0.002891 0.002664 0.002563 0.001549 0.000205 -0.000009 -0.000009 -0.000009 -0.000009 -0.000009 -0.000009 0.101772 0.376989 0.637020 0.737794 0.666618 0.432272 0.139704 -0.000009 0.000000
0.000000 -0.000009 0.043360 0.300605 0.594809 0.733300 0.695301 0.488719 0.192851 0.018104 -0.000009 -0.000009 -0.000009 -0.000009 -0.000009 -0.000009 0.001815 0.004233 0.006876 0.011600 0.026047 0.070898 0.182125 0.363737 0.547666 0.679164 0.757165 0.799408 0.819584 0.824985 0.818997 0.801233 0.769377 0.726798 0.690151 0.682969 0.715084 0.771852 0.821636 0.848691 0.855701 0.846379 0.818259 0.769986 0.713747 0.674234 0.670463 0.701070 0.741866 0.768389 0.773614 0.764249 0.750792 0.741593 0.740309 0.745655 0.753481 0.759974 0.763783 0.765976 0.768272 0.771158 0.773687 0.773850 0.769642 0.760122 0.745708 0.728076 0.709814 0.693944 0.683125 0.678742 0.680445 0.686448 0.694343 0.701950 0.707839 0.711458 0.712975 0.713000 0.712303 0.711589 0.711352 0.711827 0.713010 0.714730 0.716754 0.718860 0.720893 0.722778 0.724511 0.726130 0.727690 0.729234 0.730781 0.732315 0.733786 0.735120 0.736230 0.737028 0.737446 0.737446 0.737028 0.736230 0.735120 0.733786 0.732315 0.730782 0.729235 0.727690 0.726130 0.724511 0.722778 0.720893 0.718860 0.716755 0.714731 0.713010 0.711828 0.711353 0.711589 0.712304 0.713001 0.712975 0.711459 0.707840 0.701951 0.694344 0.686450 0.680447 0.678745 0.683129 0.693948 0.709818 0.728080 0.745713 0.760126 0.769645 0.773851 0.773687 0.771156 0.768270 0.765974 0.763783 0.759976 0.753483 0.745658 0.740313 0.741597 0.750796 0.764253 0.773616 0.768385 0.741850 0.701039 0.670419 0.674187 0.713709 0.769963 0.818251 0.846380 0.855705 0.848693 0.821632 0.771839 0.715063 0.682951 0.690145 0.726806 0.769392 0.801247 0.819007 0.824990 0.819584 0.799403 0.757156 0.679152 0.547657 0.363735 0.182128 0.070901 0.026049 0.011601 0.006877 0.004233 0.001816 -0.000009 -0.000009 -0.000009 -0.000009 -0.000009 -0.000009 0.018123 0.192910 0.488780 0.695325 0.733274 0.594718 0.300467 0.043279 -0.000009 0.000000
0.000000 0.057554 0.027281 0.225266 0.533654 0.722394 0.740789 0.597576 0.319716 0.071516 -0.000009 -0.000009 -0.000009 -0.000009 -0.000009 -0.000009 0.002060 0.005847 0.011429 0.021878 0.049462 0.128055 0.298689 0.517792 0.685437 0.773864 0.809693 0.819281 0.812810 0.788437 0.745161 0.696121 0.665784 0.669120 0.695573 0.726503 0.753472 0.773980 0.784829 0.788355 0.792773 0.802697 0.811985 0.811796 0.801228 0.787706 0.778957 0.777855 0.779524 0.776412 0.765211 0.748443 0.731814 0.720927 0.718637 0.724015 0.733573 0.743647 0.752045 0.758093 0.761722 0.762656 0.760451 0.754649 0.745081 0.732206 0.717238 0.702068 0.688961 0.680019 0.676496 0.678311 0.684124 0.691909 0.699695 0.706088 0.710447 0.712805 0.713633 0.713597 0.713338 0.713344 0.713879 0.714997 0.716593 0.718480 0.720464 0.722395 0.724188 0.725822 0.727324 0.728741 0.730122 0.731499 0.732876 0.734227 0.735506 0.736646 0.737580 0.738243 0.738587 0.738587 0.738243 0.737580 0.736646 0.735506 0.734227 0.732876 0.731499 0.730122 0.728741 0.727324 0.725823 0.724189 0.722396 0.720465 0.718481 0.716594 0.714998 0.713880 0.713345 0.713339 0.713598 0.713634 0.712806 0.710448 0.706089 0.699697 0.691911 0.684126 0.678314 0.676499 0.680023 0.688965 0.702073 0.717243 0.732211 0.745086 0.754653 0.760455 0.762659 0.761726 0.758096 0.752048 0.743650 0.733577 0.724020 0.718641 0.720932 0.731818 0.748446 0.765213 0.776409 0.779515 0.777839 0.778936 0.787687 0.801216 0.811798 0.812001 0.802722 0.792799 0.788375 0.784842 0.773988 0.753479 0.726518 0.695600 0.669158 0.665822 0.696147 0.745175 0.788442 0.812812 0.819280 0.809690 0.773861 0.685438 0.517800 0.298702 0.128064 0.049466 0.021879 0.011430 0.005848 0.002060 -0.000009 -0.000009 -0.000009 -0.000009 -0.000009 -0.000009 0.071541 0.319768 0.597618 0.740804 0.722371 0.533572 0.225139 0.027187 0.057504 0.000000
1.000000 0.361641 0.142683 0.228745 0.493081 0.704309 0.768831 0.688791 0.462962 0.173949 0.014418 -0.000009 -0.000009 -0.000009 -0.000009 -0.000009 0.001972 0.006693 0.014717 0.029980 0.067145 0.166454 0.368591 0.600490 0.754150 0.820521 0.836639 0.828388 0.797676 0.725800 0.598247 0.454213 0.386231 0.432814 0.526097 0.604733 0.645471 0.649358 0.628304 0.603816 0.601409 0.637080 0.702292 0.765760 0.807149 0.823508 0.821946 0.811260 0.796478 0.778526 0.757482 0.735127 0.715204 0.701904 0.697602 0.701494 0.710302 0.720289 0.728832 0.734672 0.737362 0.736711 0.732725 0.725642 0.716044 0.704968 0.693871 0.684447 0.678242 0.676224 0.678431 0.683945 0.691238 0.698708 0.705129 0.709856 0.712810 0.714321 0.714920 0.715165 0.715501 0.716200 0.717352 0.718899 0.720703 0.722600 0.724453 0.726175 0.727732 0.729138 0.730429 0.731651 0.732843 0.734023 0.735189 0.736315 0.737361 0.738278 0.739018 0.739537 0.739805 0.739805 0.739537 0.739018 0.738278 0.737361 0.736315 0.735189 0.734023 0.732843 0.731651 0.730429 0.729138 0.727733 0.726175 0.724453 0.722600 0.720703 0.718900 0.717352 0.716201 0.715502 0.715166 0.714921 0.714322 0.712811 0.709857 0.705130 0.698709 0.691239 0.683947 0.678433 0.676227 0.678246 0.684451 0.693876 0.704973 0.716050 0.725648 0.732730 0.736716 0.737367 0.734677 0.728837 0.720294 0.710307 0.701500 0.697607 0.701908 0.715208 0.735130 0.757482 0.778524 0.796473 0.811252 0.821938 0.823506 0.807162 0.765794 0.702347 0.637147 0.601469 0.603862 0.628340 0.649391 0.645510 0.604785 0.526160 0.432880 0.386284 0.454241 0.598253 0.725798 0.797673 0.828386 0.836638 0.820522 0.754157 0.600507 0.368612 0.166468 0.067151 0.029983 0.014718 0.006693 0.001973 -0.000009 -0.000009 -0.000009 -0.000009 -0.000009 0.014422 0.173971 0.462997 0.688821 0.768850 0.704318 0.493069 0.228704 0.142631 0.361610 1.000000
1.000000 0.652104 0.314374 0.256821 0.446052 0.664330 0.771919 0.751343 0.595391 0.320497 0.076603 -0.000009 -0.000009 -0.000009 -0.000009 -0.000009 0.001414 0.006456 0.015810 0.033388 0.072570 0.170270 0.370641 0.609275 0.768940 0.837152 0.851571 0.836930 0.788015 0.667641 0.441065 0.191352 0.103786 0.158642 0.263137 0.362704 0.416320 0.412705 0.373172 0.333343 0.321669 0.358299 0.465999 0.621428 0.747153 0.814191 0.832287 0.823372 0.802990 0.778194 0.751697 0.725626 0.703085 0.687581 0.681172 0.683077 0.690137 0.698638 0.705846 0.710410 0.711958 0.710602 0.706738 0.700993 0.694226 0.687527 0.682088 0.678972 0.678831 0.681697 0.686955 0.693541 0.700281 0.706217 0.710798 0.713905 0.715756 0.716761 0.717372 0.717972 0.718815 0.720002 0.721509 0.723233 0.725044 0.726819 0.728476 0.729975 0.731317 0.732527 0.733643 0.734702 0.735728 0.736732 0.737704 0.738623 0.739458 0.740175 0.740744 0.741137 0.741338 0.741338 0.741137 0.740744 0.740175 0.739458 0.738623 0.737704 0.736732 0.735729 0.734702 0.733643 0.732527 0.731317 0.729975 0.728476 0.726819 0.725044 0.723234 0.721510 0.720003 0.718816 0.717973 0.717372 0.716762 0.715757 0.713906 0.710799 0.706218 0.700282 0.693542 0.686956 0.681699 0.678834 0.678975 0.682092 0.687531 0.694231 0.700998 0.706744 0.710607 0.711963 0.710416 0.705852 0.698643 0.690143 0.683082 0.681177 0.687585 0.703088 0.725628 0.751697 0.778192 0.802987 0.823368 0.832288 0.814204 0.747191 0.621501 0.466092 0.358377 0.321727 0.333387 0.373213 0.412753 0.416381 0.362773 0.263203 0.158690 0.103816 0.191353 0.441046 0.667624 0.788006 0.836926 0.851571 0.837157 0.768953 0.609299 0.370669 0.170286 0.072576 0.033390 0.015811 0.006457 0.001414 -0.000009 -0.000009 -0.000009 -0.000009 -0.000009 0.076603 0.320508 0.595411 0.751369 0.771959 0.664402 0.446158 0.256926 0.314446 0.652129 1.000000
1.000000 0.692084 0.353347 0.221179 0.343982 0.575534 0.737538 0.778557 0.695710 0.478972 0.194982 0.023533 -0.000009 -0.000009 -0.000009 -0.000009 0.000539 0.005241 0.014590 0.031757 0.066262 0.144887 0.311549 0.545257 0.730163 0.823492 0.853453 0.844900 0.792468 0.653200 0.384740 0.090574 -0.000009 0.014088 0.068618 0.144968 0.190835 0.186376 0.155774 0.130860 0.122330 0.135079 0.207480 0.403018 0.636544 0.777580 0.826438 0.825679 0.804862 0.777325 0.748248 0.720422 0.696772 0.680322 0.672715 0.673044 0.678304 0.685018 0.690647 0.694004 0.694934 0.693826 0.691327 0.688192 0.685220 0.683194 0.682762 0.684291 0.687758 0.692740 0.698525 0.704318 0.709443 0.713495 0.716368 0.718218 0.719351 0.720125 0.720855 0.721755 0.722925 0.724357 0.725977 0.727676 0.729354 0.730932 0.732371 0.733662 0.734821 0.735877 0.736860 0.737794 0.738693 0.739558 0.740377 0.741133 0.741803 0.742365 0.742801 0.743099 0.743249 0.743249 0.743099 0.742801 0.742365 0.741803 0.741133 0.740378 0.739558 0.738693 0.737794 0.736860 0.735877 0.734822 0.733663 0.732372 0.730933 0.729354 0.727677 0.725977 0.724358 0.722925 0.721756 0.720856 0.720126 0.719352 0.718219 0.716369 0.713495 0.709444 0.704318 0.698526 0.692741 0.687760 0.684293 0.682765 0.683197 0.685224 0.688196 0.691331 0.693831 0.694939 0.694009 0.690651 0.685023 0.678309 0.673049 0.672719 0.680325 0.696774 0.720423 0.748247 0.777322 0.804859 0.825678 0.826444 0.777605 0.636606 0.403112 0.207554 0.135124 0.122361 0.130886 0.155802 0.186413 0.190886 0.145021 0.068654 0.014103 -0.000009 0.090544 0.384695 0.653170 0.792455 0.844896 0.853455 0.823503 0.730185 0.545290 0.311578 0.144901 0.066268 0.031760 0.014591 0.005242 0.000539 -0.000009 -0.000009 -0.000009 -0.000009 0.023528 0.194975 0.478974 0.695724 0.778589 0.737612 0.575681 0.344197 0.221398 0.353516 0.692153 1.000000
1.000000 0.519498 0.271083 0.113000 0.183976 0.421332 0.652177 0.766292 0.755509 0.614522 0.352399 0.098466 -0.000009 -0.000009 -0.000009 -0.000009 -0.000009 0.003274 0.011444 0.026322 0.053391 0.108003 0.222250 0.414874 0.620493 0.758424 0.824606 0.839546 0.804203 0.688410 0.456452 0.170615 -0.000009 -0.000009 -0.000009 0.051830 0.078952 0.062723 0.033043 0.023937 0.023038 0.024337 0.053395 0.220804 0.521531 0.733016 0.813408 0.822664 0.803823 0.775943 0.746465 0.718928 0.696156 0.680594 0.673246 0.672938 0.676871 0.682031 0.686316 0.688853 0.689702 0.689400 0.688638 0.688071 0.688236 0.689497 0.692011 0.695690 0.700220 0.705129 0.709899 0.714090 0.717432 0.719862 0.721494 0.722564 0.723345 0.724087 0.724964 0.726063 0.727384 0.728870 0.730435 0.731993 0.733474 0.734840 0.736078 0.737195 0.738212 0.739153 0.740040 0.740884 0.741691 0.742454 0.743161 0.743799 0.744350 0.744802 0.745146 0.745377 0.745492 0.745492 0.745377 0.745146 0.744802 0.744350 0.743799 0.743162 0.742454 0.741691 0.740884 0.740040 0.739154 0.738212 0.737195 0.736078 0.734841 0.733475 0.731993 0.730436 0.728871 0.727385 0.726064 0.724965 0.724088 0.723346 0.722565 0.721495 0.719863 0.717433 0.714090 0.709900 0.705130 0.700221 0.695691 0.692012 0.689499 0.688238 0.688074 0.688641 0.689403 0.689705 0.688856 0.686319 0.682035 0.676875 0.672941 0.673249 0.680596 0.696157 0.718927 0.746464 0.775940 0.803821 0.822665 0.813418 0.733048 0.521597 0.220876 0.053431 0.024355 0.023051 0.023949 0.033056 0.062742 0.078983 0.051865 -0.000009 -0.000009 -0.000009 0.170563 0.456399 0.688380 0.804193 0.839548 0.824618 0.758446 0.620528 0.414910 0.222272 0.108013 0.053395 0.026323 0.011445 0.003274 -0.000009 -0.000009 -0.000009 -0.000009 -0.000009 0.098456 0.352388 0.614520 0.755522 0.766336 0.652284 0.421525 0.184201 0.113208 0.271271 0.519593 1.000000
0.000000 0.464807 0.184544 0.024980 0.043047 0.232191 0.513892 0.713844 0.776988 0.710613 0.510590 0.228475 0.035660 -0.000009 -0.000009 -0.000009 -0.000009 0.000953 0.006968 0.018507 0.038397 0.073681 0.140755 0.262380 0.435467 0.607727 0.730219 0.793982 0.800790 0.738982 0.590724 0.375535 0.189522 0.104913 0.101831 0.125226 0.119634 0.067296 0.003834 -0.000009 -0.000009 -0.000009 0.000004 0.154867 0.469503 0.704998 0.800556 0.816250 0.799870 0.773238 0.745207 0.719859 0.699816 0.686777 0.680968 0.680906 0.684082 0.688079 0.691351 0.693376 0.694362 0.694852 0.695420 0.696508 0.698364 0.701041 0.704422 0.708256 0.712217 0.715970 0.719236 0.721851 0.723785 0.725129 0.726057 0.726778 0.727480 0.728300 0.729307 0.730506 0.731850 0.733273 0.734700 0.736074 0.737358 0.738535 0.739609 0.740594 0.741508 0.742367 0.743184 0.743963 0.744701 0.745390 0.746017 0.746571 0.747040 0.747418 0.747700 0.747887 0.747980 0.747980 0.747887 0.747700 0.747418 0.747040 0.746571 0.746017 0.745390 0.744701 0.743963 0.743185 0.742368 0.741508 0.740594 0.739609 0.738535 0.737358 0.736075 0.734701 0.733273 0.731851 0.730506 0.729308 0.728301 0.727481 0.726779 0.726058 0.725130 0.723786 0.721852 0.719237 0.715970 0.712218 0.708257 0.704422 0.701042 0.698365 0.696510 0.695422 0.694854 0.694364 0.693378 0.691353 0.688081 0.684085 0.680908 0.680970 0.686778 0.699816 0.719858 0.745205 0.773236 0.799869 0.816252 0.800567 0.705026 0.469551 0.154907 0.000005 -0.000009 -0.000009 -0.000009 0.003825 0.067289 0.119640 0.125241 0.101838 0.104898 0.189483 0.375483 0.590684 0.738964 0.800791 0.793999 0.730249 0.607767 0.435507 0.262406 0.140768 0.073686 0.038399 0.018507 0.006968 0.000953 -0.000009 -0.000009 -0.000009 -0.000009 0.035655 0.228466 0.510582 0.710613 0.777001 0.713890 0.514004 0.232349 0.043170 0.025088 0.184671 0.464886 0.000000
1.000000 0.490235 0.190646 -0.000009 -0.000009 0.078321 0.352720 0.632827 0.769510 0.767740 0.639726 0.391595 0.127558 0.002274 -0.000009 -0.000009 -0.000009 -0.000009 0.002106 0.009585 0.023060 0.045430 0.082825 0.145662 0.244010 0.378775 0.534871 0.671880 0.751945 0.764242 0.707244 0.595322 0.472415 0.391806 0.363006 0.353768 0.314573 0.224028 0.107490 0.015756 -0.000009 -0.000009 0.015454 0.215068 0.501687 0.706642 0.792424 0.807605 0.792943 0.768639 0.743567 0.721881 0.705782 0.696154 0.692490 0.693116 0.695898 0.699043 0.701548 0.703187 0.704238 0.705156 0.706343 0.708033 0.710278 0.712980 0.715948 0.718946 0.721750 0.724183 0.726147 0.727631 0.728707 0.729501 0.730162 0.730829 0.731603 0.732535 0.733628 0.734848 0.736140 0.737446 0.738715 0.739915 0.741030 0.742060 0.743013 0.743903 0.744743 0.745544 0.746308 0.747035 0.747719 0.748349 0.748916 0.749409 0.749821 0.750148 0.750390 0.750550 0.750628 0.750628 0.750550 0.750391 0.750148 0.749821 0.749409 0.748916 0.748349 0.747719 0.747035 0.746308 0.745544 0.744744 0.743903 0.743013 0.742060 0.741031 0.739916 0.738716 0.737447 0.736141 0.734849 0.733629 0.732536 0.731604 0.730830 0.730163 0.729502 0.728708 0.727632 0.726148 0.724184 0.721751 0.718947 0.715949 0.712981 0.710279 0.708034 0.706344 0.705158 0.704240 0.703188 0.701549 0.699045 0.695899 0.693117 0.692491 0.696155 0.705783 0.721881 0.743567 0.768638 0.792943 0.807608 0.792432 0.706661 0.501710 0.215078 0.015445 -0.000009 -0.000009 0.015721 0.107445 0.223991 0.314554 0.353762 0.362997 0.391784 0.472381 0.595288 0.707225 0.764243 0.751967 0.671922 0.534924 0.378819 0.244037 0.145675 0.082830 0.045433 0.023061 0.009585 0.002107 -0.000009 -0.000009 -0.000009 -0.000009 0.002273 0.127556 0.391593 0.639724 0.767740 0.769514 0.632848 0.352778 0.078386 -0.000009 -0.000009 0.190689 0.490267 1.000000
1.000000 0.667241 0.254646 0.014477 -0.000009 0.000152 0.234686 0.557338 0.748930 0.795298 0.729729 0.549972 0.283596 0.065641 -0.000009 -0.000009 -0.000009 -0.000009 -0.000009 0.001534 0.008679 0.021789 0.042675 0.073831 0.117866 0.181391 0.286291 0.456913 0.634946 0.742776 0.771854 0.743918 0.692750 0.649375 0.624224 0.603287 0.558827 0.471140 0.344581 0.215698 0.127107 0.109674 0.188985 0.375108 0.587262 0.729185 0.788734 0.797561 0.783612 0.762336 0.741287 0.724108 0.712371 0.706205 0.704600 0.705890 0.708378 0.710842 0.712717 0.713988 0.714936 0.715904 0.717136 0.718728 0.720637 0.722734 0.724855 0.726845 0.728589 0.730024 0.731151 0.732021 0.732721 0.733354 0.734015 0.734773 0.735663 0.736685 0.737812 0.739000 0.740203 0.741382 0.742506 0.743564 0.744550 0.745473 0.746340 0.747163 0.747949 0.748702 0.749422 0.750103 0.750739 0.751320 0.751837 0.752282 0.752652 0.752944 0.753159 0.753300 0.753370 0.753370 0.753300 0.753159 0.752944 0.752652 0.752283 0.751837 0.751320 0.750739 0.750103 0.749422 0.748703 0.747949 0.747163 0.746341 0.745473 0.744551 0.743564 0.742507 0.741382 0.740204 0.739001 0.737813 0.736686 0.735664 0.734774 0.734016 0.733355 0.732722 0.732022 0.731152 0.730025 0.728590 0.726846 0.724856 0.722735 0.720637 0.718729 0.717137 0.715905 0.714938 0.713989 0.712718 0.710843 0.708379 0.705891 0.704602 0.706206 0.712371 0.724108 0.741287 0.762336 0.783613 0.797563 0.788740 0.729194 0.587267 0.375096 0.188948 0.109623 0.127043 0.215625 0.344514 0.471093 0.558802 0.603273 0.624213 0.649359 0.692732 0.743905 0.771855 0.742800 0.634996 0.456979 0.286338 0.181415 0.117876 0.073835 0.042677 0.021790 0.008679 0.001534 -0.000009 -0.000009 -0.000009 -0.000009 -0.000009 0.065644 0.283603 0.549978 0.729733 0.795296 0.748915 0.557300 0.234640 0.000138 -0.000009 0.014453 0.254613 0.667232 1.000000
1.000000 0.589816 0.361628 0.099130 -0.000009 0.010676 0.224520 0.532290 0.733980 0.804643 0.783443 0.675269 0.471125 0.220382 0.043820 -0.000009 -0.000009 -0.000009 -0.000009 -0.000009 -0.000009 0.003684 0.013767 0.029127 0.047979 0.070566 0.111643 0.225758 0.457467 0.675238 0.788712 0.818595 0.809663 0.792390 0.777659 0.761649 0.732051 0.676553 0.591630 0.491567 0.410151 0.386541 0.440835 0.556538 0.676116 0.754230 0.785674 0.786572 0.773003 0.755202 0.738717 0.726235 0.718598 0.715368 0.715320 0.716988 0.719129 0.720992 0.722328 0.723239 0.723979 0.724784 0.725788 0.727012 0.728389 0.729813 0.731178 0.732405 0.733455 0.734329 0.735063 0.735714 0.736350 0.737031 0.737800 0.738677 0.739659 0.740723 0.741835 0.742959 0.744063 0.745124 0.746131 0.747079 0.747973 0.748819 0.749626 0.750398 0.751140 0.751851 0.752528 0.753165 0.753756 0.754291 0.754765 0.755171 0.755507 0.755772 0.755968 0.756096 0.756159 0.756159 0.756096 0.755968 0.755772 0.755508 0.755172 0.754765 0.754292 0.753756 0.753165 0.752528 0.751851 0.751140 0.750398 0.749626 0.748820 0.747974 0.747080 0.746132 0.745125 0.744064 0.742960 0.741836 0.740724 0.739660 0.738678 0.737801 0.737032 0.736351 0.735715 0.735064 0.734330 0.733456 0.732406 0.731179 0.729814 0.728390 0.727013 0.725789 0.724785 0.723980 0.723241 0.722329 0.720993 0.719130 0.716989 0.715322 0.715369 0.718600 0.726236 0.738718 0.755203 0.773004 0.786574 0.785678 0.754233 0.676114 0.556518 0.440790 0.386475 0.410076 0.491497 0.591578 0.676520 0.732034 0.761640 0.777653 0.792383 0.809655 0.818594 0.788730 0.675286 0.457543 0.225814 0.111665 0.070573 0.047982 0.029128 0.013767 0.003684 -0.000009 -0.000009 -0.000009 -0.000009 -0.000009 -0.000009 0.043824 0.220393 0.471140 0.675282 0.783451 0.804639 0.733945 0.532187 0.224357 0.010555 -0.000009 0.099025 0.361539 0.589781 1.000000
0.000000 0.629359 0.483210 0.282603 0.146811 0.160906 0.339257 0.573292 0.735730 0.805264 0.809751 0.757885 0.635508 0.438220 0.216306 0.056488 -0.000009 -0.000009 -0.000009 -0.000009 -0.000009 -0.000009 -0.000009 0.002817 0.009741 0.016123 0.025532 0.076184 0.281410 0.584032 0.776810 0.846347 0.855049 0.842882 0.827482 0.815549 0.804251 0.784180 0.747391 0.696999 0.649480 0.627250 0.642993 0.688583 0.738093 0.770236 0.780543 0.775271 0.762555 0.748458 0.736540 0.728388 0.724158 0.723084 0.723981 0.725700 0.727422 0.728751 0.729640 0.730245 0.730771 0.731373 0.732118 0.732991 0.733934 0.734876 0.735762 0.736565 0.737284 0.737944 0.738581 0.739237 0.739948 0.740739 0.741617 0.742576 0.743597 0.744652 0.745714 0.746757 0.747766 0.748728 0.749643 0.750510 0.751336 0.752126 0.752885 0.753615 0.754316 0.754986 0.755621 0.756215 0.756762 0.757255 0.757690 0.758062 0.758369 0.758612 0.758792 0.758910 0.758969 0.758969 0.758910 0.758792 0.758612 0.758369 0.758062 0.757690 0.757255 0.756762 0.756215 0.755621 0.754986 0.754316 0.753615 0.752885 0.752127 0.751337 0.750511 0.749643 0.748729 0.747766 0.746758 0.745714 0.744653 0.743598 0.742577 0.741618 0.740740 0.739949 0.739238 0.738582 0.737945 0.737285 0.736566 0.735764 0.734877 0.733935 0.732993 0.732119 0.731375 0.730772 0.730246 0.729642 0.728752 0.727424 0.725701 0.723982 0.723086 0.724160 0.728389 0.736542 0.748459 0.762557 0.775274 0.780546 0.770238 0.738089 0.688567 0.642961 0.627206 0.649433 0.696958 0.747364 0.784168 0.804249 0.815552 0.827484 0.842880 0.855048 0.846354 0.776841 0.584103 0.281489 0.076213 0.025537 0.016124 0.009741 0.002816 -0.000009 -0.000009 -0.000009 -0.000009 -0.000009 -0.000009 -0.000009 0.056488 0.216315 0.438236 0.635526 0.757901 0.809761 0.805262 0.735690 0.573166 0.339033 0.160662 0.146600 0.282432 0.483105 0.629322 0.000000
1.000000 0.686589 0.623456 0.495610 0.404399 0.407504 0.511283 0.647903 0.750167 0.802939 0.818510 0.802638 0.745801 0.632310 0.461673 0.271609 0.122788 0.041997 0.010407 -0.000009 -0.000009 -0.000009 -0.000009 -0.000009 -0.000009 -0.000009 -0.000009 0.006702 0.169649 0.512243 0.756598 0.845914 0.850516 0.816446 0.774869 0.758865 0.776755 0.802069 0.810191 0.798342 0.776464 0.757992 0.752018 0.758655 0.769460 0.775414 0.773170 0.764640 0.753569 0.743187 0.735405 0.730841 0.729147 0.729451 0.730768 0.732304 0.733589 0.734476 0.735032 0.735421 0.735798 0.736258 0.736825 0.737477 0.738168 0.738859 0.739527 0.740169 0.740799 0.741442 0.742122 0.742859 0.743665 0.744543 0.745481 0.746464 0.747471 0.748479 0.749470 0.750431 0.751354 0.752236 0.753078 0.753884 0.754657 0.755402 0.756119 0.756809 0.757471 0.758100 0.758693 0.759245 0.759750 0.760204 0.760603 0.760944 0.761227 0.761451 0.761618 0.761728 0.761782 0.761782 0.761728 0.761618 0.761452 0.761227 0.760944 0.760603 0.760204 0.759750 0.759245 0.758693 0.758101 0.757471 0.756810 0.756120 0.755402 0.754658 0.753884 0.753079 0.752236 0.751354 0.750432 0.749471 0.748479 0.747471 0.746465 0.745482 0.744544 0.743667 0.742860 0.742123 0.741443 0.740801 0.740170 0.739528 0.738860 0.738170 0.737479 0.736827 0.736259 0.735800 0.735423 0.735034 0.734477 0.733591 0.732305 0.730770 0.729452 0.729149 0.730842 0.735407 0.743189 0.753572 0.764643 0.773172 0.775415 0.769458 0.758647 0.752002 0.757970 0.776442 0.798326 0.810187 0.802080 0.776779 0.758889 0.774881 0.816447 0.850516 0.845925 0.756639 0.512326 0.169723 0.006710 -0.000009 -0.000009 -0.000009 -0.000009 -0.000009 -0.000009 -0.000009 -0.000009 0.010413 0.041996 0.122783 0.271608 0.461680 0.632324 0.745817 0.802654 0.818523 0.802943 0.750140 0.647809 0.511102 0.407270 0.404183 0.495457 0.623381 0.686569 1.000000
0.991088 0.827289 0.702973 0.647003 0.606818 0.607347 0.651213 0.713300 0.766233 0.800191 0.817557 0.819415 0.799843 0.747737 0.654248 0.525435 0.388978 0.279661 0.210344 0.168053 0.127984 0.076163 0.019614 -0.000009 -0.000009 -0.000009 -0.000009 -0.000009 0.146008 0.498768 0.744084 0.822100 0.791784 0.693087 0.577144 0.546280 0.631777 0.739627 0.808151 0.831472 0.826836 0.811551 0.796677 0.786490 0.779701 0.773119 0.764987 0.755749 0.746957 0.740035 0.735679 0.733803 0.733790 0.734832 0.736213 0.737455 0.738355 0.738917 0.739263 0.739538 0.739850 0.740250 0.740741 0.741297 0.741889 0.742494 0.743107 0.743733 0.744387 0.745082 0.745831 0.746639 0.747502 0.748412 0.749354 0.750311 0.751266 0.752207 0.753122 0.754005 0.754855 0.755671 0.756455 0.757211 0.757941 0.758644 0.759323 0.759974 0.760596 0.761185 0.761737 0.762248 0.762714 0.763131 0.763498 0.763813 0.764074 0.764282 0.764437 0.764540 0.764591 0.764591 0.764540 0.764437 0.764282 0.764074 0.763813 0.763499 0.763132 0.762714 0.762248 0.761737 0.761185 0.760596 0.759975 0.759323 0.758645 0.757941 0.757212 0.756456 0.755671 0.754856 0.754006 0.753123 0.752208 0.751267 0.750312 0.749355 0.748413 0.747503 0.746640 0.745833 0.745084 0.744388 0.743735 0.743108 0.742496 0.741890 0.741299 0.740742 0.740251 0.739851 0.739540 0.739265 0.738919 0.738356 0.737457 0.736215 0.734834 0.733792 0.733805 0.735681 0.740037 0.746960 0.755752 0.764990 0.773120 0.779700 0.786485 0.796669 0.811541 0.826827 0.831472 0.808167 0.739670 0.631843 0.546338 0.577165 0.693083 0.791779 0.822109 0.744126 0.498854 0.146087 -0.000009 -0.000009 -0.000009 -0.000009 -0.000009 0.019624 0.076184 0.128010 0.168076 0.210357 0.279663 0.388973 0.525431 0.654250 0.747744 0.799854 0.819428 0.817572 0.800203 0.766228 0.713258 0.651122 0.607224 0.606704 0.646928 0.702944 0.827287 0.991092
0.998801 0.706767 0.724105 0.708768 0.702442 0.707077 0.725182 0.751021 0.776707 0.797290 0.810291 0.812822 0.801184 0.772609 0.727394 0.669830 0.607698 0.549302 0.498790 0.450771 0.389753 0.300926 0.187585 0.076486 -0.000009 -0.000009 -0.000009 -0.000009 0.236143 0.552565 0.744579 0.774151 0.670384 0.466719 0.279118 0.247261 0.389824 0.607500 0.761246 0.828798 0.841140 0.829244 0.810850 0.793663 0.779531 0.767833 0.757824 0.749468 0.743155 0.739170 0.737393 0.737322 0.738271 0.739599 0.740848 0.741792 0.742400 0.742762 0.743008 0.743253 0.743565 0.743968 0.744451 0.744991 0.745567 0.746169 0.746795 0.747453 0.748150 0.748893 0.749683 0.750517 0.751386 0.752278 0.753181 0.754082 0.754971 0.755839 0.756681 0.757496 0.758284 0.759045 0.759781 0.760494 0.761183 0.761848 0.762488 0.763101 0.763684 0.764234 0.764746 0.765219 0.765650 0.766035 0.766374 0.766665 0.766907 0.767101 0.767245 0.767342 0.767390 0.767390 0.767342 0.767245 0.767101 0.766907 0.766665 0.766374 0.766035 0.765650 0.765220 0.764747 0.764234 0.763685 0.763102 0.762489 0.761849 0.761183 0.760494 0.759782 0.759046 0.758285 0.757497 0.756682 0.755840 0.754972 0.754083 0.753182 0.752279 0.751387 0.750518 0.749685 0.748894 0.748152 0.747454 0.746797 0.746170 0.745569 0.744992 0.744453 0.743970 0.743567 0.743254 0.743009 0.742763 0.742402 0.741794 0.740850 0.739601 0.738273 0.737324 0.737395 0.739173 0.743158 0.749471 0.757827 0.767834 0.779531 0.793660 0.810845 0.829239 0.841139 0.828810 0.761287 0.607579 0.389921 0.247316 0.279126 0.466696 0.670363 0.774150 0.744611 0.552642 0.236234 -0.000009 -0.000009 -0.000009 -0.000009 0.076501 0.187608 0.300955 0.389782 0.450795 0.498804 0.549306 0.607695 0.669821 0.727383 0.772599 0.801180 0.812828 0.810305 0.797307 0.776721 0.751020 0.725162 0.707046 0.702414 0.708757 0.724111 0.706781 0.998804
0.000000 0.677305 0.700493 0.716515 0.725814 0.736887 0.749964 0.765111 0.780935 0.793561 0.795709 0.778472 0.738682 0.688391 0.653556 0.651840 0.672544 0.691576 0.694319 0.676366 0.633286 0.558327 0.449108 0.318511 0.199039 0.121532 0.111737 0.210366 0.427626 0.649218 0.754391 0.708833 0.503402 0.226491 0.081728 0.067435 0.175825 0.440119 0.685765 0.807305 0.839860 0.832794 0.813402 0.793253 0.776204 0.762890 0.753003 0.746188 0.742121 0.740363 0.740314 0.741293 0.742677 0.744013 0.745059 0.745760 0.746184 0.746450 0.746676 0.746944 0.747293 0.747726 0.748229 0.748781 0.749369 0.749986 0.750634 0.751316 0.752035 0.752792 0.753582 0.754400 0.755236 0.756081 0.756924 0.757758 0.758578 0.759377 0.760156 0.760913 0.761648 0.762363 0.763056 0.763729 0.764380 0.765008 0.765611 0.766186 0.766731 0.767243 0.767720 0.768158 0.768557 0.768914 0.769227 0.769497 0.769723 0.769903 0.770039 0.770129 0.770175 0.770175 0.770129 0.770039 0.769903 0.769723 0.769497 0.769227 0.768914 0.768557 0.768159 0.767720 0.767244 0.766732 0.766186 0.765611 0.765008 0.764380 0.763729 0.763057 0.762363 0.761649 0.760914 0.760157 0.759378 0.758578 0.757759 0.756925 0.756082 0.755237 0.754401 0.753583 0.752793 0.752037 0.751318 0.750636 0.749988 0.749370 0.748782 0.748230 0.747728 0.747294 0.746946 0.746677 0.746451 0.746185 0.745762 0.745061 0.744015 0.742679 0.741295 0.740317 0.740366 0.742123 0.746191 0.753006 0.762891 0.776203 0.793250 0.813398 0.832790 0.839864 0.807329 0.685829 0.440226 0.175905 0.067461 0.081724 0.226455 0.503356 0.708814 0.754407 0.649272 0.427709 0.210439 0.111784 0.121563 0.199066 0.318538 0.449133 0.558350 0.633305 0.676381 0.694332 0.691585 0.672547 0.651825 0.653518 0.688343 0.738644 0.778456 0.795714 0.793579 0.780958 0.765133 0.749982 0.736902 0.725831 0.716538 0.700519 0.677326 0.000000
0.982138 0.672551 0.695561 0.699145 0.715670 0.733186 0.749918 0.766215 0.781333 0.788951 0.773742 0.713530 0.599492 0.470844 0.408977 0.459220 0.576333 0.688805 0.758694 0.783216 0.772347 0.733160 0.668781 0.585636 0.499282 0.437836 0.434627 0.508257 0.635616 0.744584 0.769150 0.651843 0.361555 0.077875 0.004604 0.002171 0.055802 0.302993 0.608912 0.779354 0.831850 0.830636 0.811963 0.791007 0.773197 0.759904 0.750967 0.745738 0.743413 0.743134 0.744075 0.745533 0.747007 0.748213 0.749062 0.749597 0.749927 0.750172 0.750425 0.750738 0.751130 0.751594 0.752115 0.752677 0.753272 0.753895 0.754546 0.755228 0.755939 0.756677 0.757437 0.758213 0.758997 0.759782 0.760562 0.761331 0.762088 0.762829 0.763554 0.764261 0.764952 0.765625 0.766279 0.766915 0.767529 0.768121 0.768687 0.769226 0.769736 0.770214 0.770657 0.771064 0.771435 0.771766 0.772058 0.772309 0.772519 0.772688 0.772816 0.772901 0.772943 0.772943 0.772901 0.772816 0.772688 0.772519 0.772309 0.772058 0.771766 0.771435 0.771065 0.770657 0.770214 0.769736 0.769227 0.768688 0.768121 0.767529 0.766915 0.766280 0.765625 0.764953 0.764262 0.763555 0.762830 0.762089 0.761332 0.760563 0.759783 0.758998 0.758214 0.757438 0.756678 0.755940 0.755229 0.754548 0.753896 0.753273 0.752679 0.752117 0.751596 0.751132 0.750740 0.750427 0.750174 0.749929 0.749599 0.749063 0.748215 0.747009 0.745535 0.744077 0.743137 0.743415 0.745741 0.750969 0.759905 0.773197 0.791005 0.811960 0.830634 0.831858 0.779387 0.608994 0.303103 0.055858 0.002177 0.004601 0.077837 0.361485 0.651803 0.769149 0.744613 0.635669 0.508318 0.434682 0.437879 0.499314 0.585660 0.668798 0.733171 0.772357 0.783228 0.758711 0.688828 0.576351 0.459208 0.408908 0.470731 0.599390 0.713474 0.773730 0.788965 0.781359 0.766245 0.749949 0.733218 0.715704 0.699179 0.695591 0.672569 0.982138
0.968378 0.787613 0.676278 0.676504 0.694313 0.717802 0.740601 0.762053 0.780109 0.784846 0.751307 0.637974 0.425479 0.205858 0.123801 0.181569 0.354480 0.568058 0.725946 0.805478 0.827856 0.818206 0.791921 0.757400 0.722558 0.699116 0.700127 0.730963 0.779588 0.814279 0.789849 0.638814 0.321264 0.027220 -0.000009 -0.000009 0.004110 0.244367 0.566517 0.758071 0.822080 0.825641 0.808788 0.788609 0.771451 0.759088 0.751395 0.747515 0.746372 0.746922 0.748292 0.749851 0.751223 0.752255 0.752947 0.753388 0.753691 0.753957 0.754254 0.754612 0.755036 0.755518 0.756044 0.756602 0.757188 0.757799 0.758434 0.759094 0.759776 0.760477 0.761192 0.761917 0.762645 0.763372 0.764093 0.764807 0.765510 0.766202 0.766881 0.767546 0.768197 0.768832 0.769450 0.770050 0.770629 0.771186 0.771718 0.772223 0.772699 0.773145 0.773559 0.773938 0.774283 0.774592 0.774864 0.775099 0.775296 0.775454 0.775574 0.775654 0.775694 0.775694 0.775654 0.775574 0.775454 0.775296 0.775099 0.774864 0.774592 0.774283 0.773939 0.773559 0.773145 0.772700 0.772223 0.771718 0.771186 0.770630 0.770050 0.769451 0.768833 0.768198 0.767547 0.766882 0.766203 0.765511 0.764808 0.764094 0.763372 0.762646 0.761918 0.761193 0.760478 0.759777 0.759095 0.758435 0.757800 0.757189 0.756604 0.756045 0.755519 0.755038 0.754613 0.754255 0.753959 0.753693 0.753390 0.752949 0.752257 0.751225 0.749853 0.748294 0.746925 0.746374 0.747517 0.751397 0.759089 0.771450 0.788606 0.808785 0.825640 0.822090 0.758107 0.566600 0.244469 0.004157 -0.000009 -0.000009 0.027173 0.321180 0.638762 0.789837 0.814290 0.779613 0.730994 0.700159 0.699143 0.722578 0.757413 0.791929 0.818211 0.827864 0.805495 0.725979 0.568105 0.354521 0.181573 0.123749 0.205717 0.425309 0.637871 0.751275 0.784853 0.780133 0.762083 0.740634 0.717836 0.694349 0.676538 0.676304 0.787625 0.968377
0.987076 0.647187 0.653571 0.652342 0.674024 0.701706 0.729828 0.756406 0.778231 0.783162 0.740290 0.594497 0.320718 0.071326 0.003171 0.021032 0.126802 0.371559 0.627749 0.780613 0.839479 0.849346 0.840304 0.826947 0.816867 0.814558 0.821905 0.836803 0.852634 0.855646 0.816390 0.677707 0.394322 0.088501 -0.000009 -0.000009 0.027049 0.279487 0.576325 0.752005 0.813564 0.818879 0.804289 0.786118 0.770705 0.759897 0.753555 0.750741 0.750310 0.751214 0.752649 0.754095 0.755288 0.756155 0.756741 0.757141 0.757454 0.757758 0.758096 0.758487 0.758928 0.759413 0.759929 0.760472 0.761037 0.761623 0.762231 0.762857 0.763501 0.764160 0.764828 0.765503 0.766180 0.766856 0.767529 0.768195 0.768854 0.769504 0.770144 0.770772 0.771386 0.771986 0.772570 0.773135 0.773681 0.774204 0.774703 0.775177 0.775623 0.776040 0.776426 0.776781 0.777103 0.777392 0.777647 0.777867 0.778051 0.778200 0.778312 0.778387 0.778425 0.778425 0.778387 0.778312 0.778200 0.778051 0.777867 0.777647 0.777392 0.777103 0.776781 0.776427 0.776040 0.775623 0.775177 0.774704 0.774205 0.773681 0.773136 0.772571 0.771987 0.771387 0.770772 0.770144 0.769505 0.768855 0.768196 0.767530 0.766857 0.766181 0.765504 0.764829 0.764161 0.763503 0.762858 0.762232 0.761625 0.761038 0.760473 0.759931 0.759414 0.758930 0.758488 0.758098 0.757759 0.757456 0.757142 0.756742 0.756157 0.755290 0.754097 0.752652 0.751217 0.750313 0.750743 0.753556 0.759898 0.770705 0.786116 0.804287 0.818879 0.813573 0.752038 0.576395 0.279574 0.027097 -0.000009 -0.000009 0.088436 0.394239 0.677658 0.816374 0.855647 0.852642 0.836814 0.821915 0.814565 0.816870 0.826947 0.840304 0.849348 0.839490 0.780646 0.627813 0.371633 0.126840 0.021038 0.003159 0.071213 0.320524 0.594368 0.740246 0.783163 0.778252 0.756433 0.729857 0.701736 0.674054 0.652369 0.653590 0.647195 0.987075
0.000000 0.628643 0.627974 0.641401 0.662388 0.691563 0.722134 0.751610 0.776537 0.785197 0.748181 0.612282 0.346767 0.077017 -0.000009 -0.000009 0.007114 0.188588 0.507555 0.737139 0.831605 0.850905 0.836720 0.810081 0.789685 0.791309 0.815537 0.846382 0.867728 0.870774 0.840428 0.740971 0.535537 0.271014 0.092661 0.059178 0.165992 0.397336 0.626693 0.759326 0.807017 0.810952 0.798626 0.783307 0.770428 0.761598 0.756648 0.754682 0.754647 0.755618 0.756928 0.758175 0.759181 0.759918 0.760442 0.760835 0.761176 0.761517 0.761888 0.762296 0.762741 0.763217 0.763716 0.764236 0.764775 0.765333 0.765908 0.766500 0.767107 0.767725 0.768351 0.768982 0.769616 0.770250 0.770881 0.771508 0.772129 0.772743 0.773347 0.773941 0.774522 0.775089 0.775640 0.776173 0.776686 0.777178 0.777647 0.778091 0.778509 0.778899 0.779261 0.779593 0.779895 0.780166 0.780405 0.780611 0.780784 0.780924 0.781029 0.781100 0.781135 0.781135 0.781100 0.781029 0.780924 0.780784 0.780611 0.780405 0.780166 0.779895 0.779594 0.779262 0.778900 0.778509 0.778091 0.777647 0.777179 0.776687 0.776173 0.775640 0.775090 0.774523 0.773942 0.773348 0.772744 0.772130 0.771509 0.770882 0.770251 0.769617 0.768983 0.768352 0.767726 0.767108 0.766501 0.765909 0.765334 0.764776 0.764237 0.763717 0.763218 0.762743 0.762298 0.761889 0.761519 0.761178 0.760837 0.760443 0.759920 0.759183 0.758177 0.756930 0.755621 0.754649 0.754685 0.756650 0.761599 0.770427 0.783306 0.798625 0.810952 0.807025 0.759351 0.626743 0.397401 0.166035 0.059180 0.092627 0.270947 0.535471 0.740935 0.840415 0.870771 0.867729 0.846382 0.815531 0.791293 0.789663 0.810060 0.836706 0.850903 0.831622 0.737196 0.507663 0.188680 0.007124 -0.000009 -0.000009 0.076904 0.346590 0.612164 0.748138 0.785196 0.776553 0.751631 0.722156 0.691585 0.662409 0.641419 0.627987 0.628648 0.000000
0.988393 0.650313 0.649419 0.641967 0.661344 0.689935 0.720341 0.749976 0.776404 0.790672 0.770510 0.675686 0.469112 0.199260 0.014197 -0.000009 -0.000009 0.101781 0.437458 0.705157 0.818276 0.833630 0.787486 0.696383 0.606595 0.585718 0.650307 0.742041 0.814077 0.851339 0.849130 0.795289 0.673362 0.499031 0.351033 0.308014 0.387692 0.544958 0.688239 0.771014 0.801089 0.802246 0.792150 0.780143 0.770235 0.763602 0.760037 0.758779 0.758969 0.759880 0.761004 0.762051 0.762904 0.763554 0.764050 0.764457 0.764827 0.765199 0.765589 0.766004 0.766444 0.766904 0.767383 0.767879 0.768393 0.768923 0.769469 0.770029 0.770602 0.771185 0.771775 0.772370 0.772968 0.773566 0.774163 0.774756 0.775343 0.775924 0.776496 0.777058 0.777607 0.778143 0.778662 0.779164 0.779648 0.780110 0.780550 0.780967 0.781359 0.781725 0.782065 0.782376 0.782659 0.782913 0.783138 0.783331 0.783494 0.783625 0.783724 0.783790 0.783823 0.783823 0.783790 0.783724 0.783625 0.783494 0.783331 0.783138 0.782914 0.782660 0.782377 0.782065 0.781726 0.781360 0.780968 0.780551 0.780110 0.779648 0.779165 0.778663 0.778143 0.777608 0.777058 0.776497 0.775925 0.775344 0.774756 0.774163 0.773567 0.772969 0.772371 0.771776 0.771186 0.770603 0.770030 0.769470 0.768924 0.768394 0.767881 0.767384 0.766905 0.766445 0.766006 0.765590 0.765200 0.764829 0.764458 0.764052 0.763555 0.762905 0.762053 0.761006 0.759883 0.758972 0.758781 0.760039 0.763603 0.770236 0.780142 0.792149 0.802247 0.801094 0.771029 0.688269 0.544998 0.387719 0.308010 0.350998 0.498981 0.673321 0.795267 0.849122 0.851339 0.814077 0.742036 0.650287 0.585669 0.606525 0.696322 0.787451 0.833621 0.818299 0.705236 0.437609 0.101903 -0.000009 -0.000009 0.014149 0.199138 0.468976 0.675603 0.770480 0.790671 0.776416 0.749991 0.720356 0.689948 0.661357 0.641978 0.649427 0.650315 0.988393
0.981517 0.782834 0.652913 0.644529 0.665023 0.695827 0.725708 0.753566 0.779332 0.797837 0.794881 0.744534 0.614963 0.401127 0.176064 0.033049 0.007861 0.166963 0.467619 0.706900 0.808922 0.807532 0.710061 0.508043 0.291651 0.230727 0.311889 0.481582 0.658762 0.781154 0.833270 0.824402 0.765899 0.674651 0.589569 0.555178 0.588261 0.663945 0.736020 0.779018 0.794329 0.793213 0.785490 0.776917 0.770057 0.765608 0.763349 0.762701 0.763046 0.763873 0.764831 0.765723 0.766473 0.767078 0.767573 0.768000 0.768398 0.768790 0.769190 0.769604 0.770033 0.770477 0.770936 0.771411 0.771902 0.772407 0.772928 0.773461 0.774005 0.774558 0.775118 0.775683 0.776249 0.776816 0.777382 0.777944 0.778502 0.779052 0.779594 0.780125 0.780644 0.781149 0.781639 0.782112 0.782567 0.783002 0.783416 0.783807 0.784175 0.784519 0.784838 0.785130 0.785396 0.785635 0.785845 0.786027 0.786180 0.786303 0.786395 0.786457 0.786488 0.786488 0.786457 0.786395 0.786303 0.786180 0.786027 0.785845 0.785635 0.785396 0.785131 0.784838 0.784519 0.784176 0.783808 0.783416 0.783002 0.782568 0.782113 0.781640 0.781150 0.780645 0.780126 0.779594 0.779053 0.778502 0.777945 0.777383 0.776817 0.776250 0.775683 0.775119 0.774559 0.774006 0.773462 0.772929 0.772409 0.771903 0.771412 0.770937 0.770478 0.770034 0.769605 0.769191 0.768791 0.768399 0.768002 0.767574 0.767080 0.766475 0.765725 0.764832 0.763875 0.763049 0.762704 0.763351 0.765610 0.770058 0.776918 0.785491 0.793214 0.794333 0.779028 0.736037 0.663965 0.588273 0.555173 0.589548 0.674624 0.765879 0.824393 0.833273 0.781165 0.658773 0.481583 0.311867 0.230674 0.291548 0.507935 0.710001 0.807515 0.808945 0.706984 0.467784 0.167130 0.007928 0.033047 0.176010 0.401035 0.614882 0.744488 0.794865 0.797838 0.779339 0.753573 0.725715 0.695832 0.665028 0.644534 0.652918 0.782836 0.981516
1.000000 0.631650 0.618883 0.624293 0.665639 0.705957 0.737504 0.762934 0.785464 0.803275 0.808364 0.786228 0.717043 0.587993 0.418492 0.276418 0.244790 0.369589 0.577798 0.738505 0.806924 0.785605 0.648225 0.366278 0.089331 0.022513 0.047019 0.150577 0.412709 0.663727 0.795245 0.830089 0.811934 0.769232 0.725549 0.701687 0.707011 0.733554 0.762469 0.780859 0.786893 0.784901 0.779679 0.774317 0.770208 0.767675 0.766518 0.766359 0.766816 0.767575 0.768418 0.769217 0.769917 0.770513 0.771022 0.771473 0.771892 0.772296 0.772699 0.773106 0.773523 0.773951 0.774393 0.774849 0.775320 0.775805 0.776303 0.776813 0.777333 0.777860 0.778393 0.778931 0.779470 0.780009 0.780546 0.781080 0.781608 0.782130 0.782642 0.783145 0.783635 0.784112 0.784574 0.785019 0.785447 0.785856 0.786245 0.786613 0.786959 0.787282 0.787581 0.787856 0.788105 0.788329 0.788527 0.788698 0.788841 0.788956 0.789043 0.789101 0.789130 0.789130 0.789101 0.789043 0.788956 0.788841 0.788698 0.788527 0.788330 0.788106 0.787856 0.787581 0.787282 0.786959 0.786613 0.786245 0.785856 0.785447 0.785020 0.784574 0.784112 0.783636 0.783145 0.782643 0.782130 0.781609 0.781081 0.780547 0.780009 0.779470 0.778931 0.778394 0.777861 0.777334 0.776814 0.776304 0.775806 0.775321 0.774850 0.774394 0.773952 0.773524 0.773107 0.772700 0.772298 0.771893 0.771475 0.771024 0.770514 0.769919 0.769219 0.768420 0.767577 0.766818 0.766361 0.766520 0.767677 0.770210 0.774318 0.779680 0.784902 0.786896 0.780865 0.762477 0.733562 0.707015 0.701684 0.725538 0.769219 0.811925 0.830090 0.795262 0.663766 0.412751 0.150581 0.047006 0.022493 0.089255 0.366163 0.648152 0.785583 0.806940 0.738572 0.577932 0.369754 0.244903 0.276456 0.418474 0.587954 0.717010 0.786211 0.808360 0.803277 0.785467 0.762936 0.737503 0.705955 0.665639 0.624296 0.618887 0.631653 1.000000
0.000000 0.543743 0.512338 0.586648 0.661449 0.718491 0.753928 0.776720 0.792798 0.801192 0.797007 0.775472 0.732974 0.668620 0.591636 0.530055 0.523316 0.590071 0.693643 0.776129 0.809171 0.777310 0.641526 0.372888 0.090112 -0.000009 -0.000009 0.000255 0.227474 0.560094 0.755562 0.822794 0.826984 0.806581 0.781588 0.763745 0.758426 0.763845 0.772840 0.779215 0.780977 0.779333 0.776354 0.773505 0.771427 0.770224 0.769772 0.769880 0.770362 0.771053 0.771823 0.772578 0.773270 0.773880 0.774413 0.774888 0.775321 0.775731 0.776130 0.776528 0.776932 0.777346 0.777772 0.778212 0.778666 0.779132 0.779611 0.780100 0.780597 0.781101 0.781610 0.782122 0.782635 0.783148 0.783659 0.784165 0.784667 0.785160 0.785645 0.786120 0.786583 0.787032 0.787467 0.787887 0.788289 0.788674 0.789040 0.789385 0.789710 0.790014 0.790295 0.790553 0.790787 0.790998 0.791183 0.791343 0.791477 0.791585 0.791666 0.791721 0.791748 0.791748 0.791721 0.791667 0.791585 0.791477 0.791343 0.791183 0.790998 0.790788 0.790553 0.790295 0.790014 0.789711 0.789386 0.789040 0.788674 0.788290 0.787887 0.787468 0.787033 0.786583 0.786120 0.785646 0.785161 0.784667 0.784166 0.783660 0.783149 0.782636 0.782123 0.781611 0.781102 0.780598 0.780101 0.779612 0.779133 0.778667 0.778213 0.777773 0.777347 0.776933 0.776529 0.776131 0.775732 0.775322 0.774889 0.774415 0.773881 0.773271 0.772580 0.771824 0.771055 0.770364 0.769882 0.769774 0.770226 0.771428 0.773507 0.776355 0.779335 0.780979 0.779218 0.772844 0.763848 0.758427 0.763743 0.781583 0.806575 0.826981 0.822803 0.755597 0.560172 0.227561 0.000255 -0.000009 -0.000009 0.090056 0.372801 0.641466 0.777288 0.809180 0.776171 0.693726 0.590180 0.523410 0.530109 0.591656 0.668626 0.732980 0.775481 0.797016 0.801198 0.792799 0.776717 0.753923 0.718485 0.661446 0.586649 0.512343 0.543747 0.000000
1.000000 0.309325 0.433143 0.539811 0.656032 0.731652 0.772067 0.792163 0.798468 0.785326 0.743765 0.678675 0.618045 0.592507 0.605073 0.637102 0.677048 0.723143 0.768675 0.801711 0.811673 0.782961 0.685062 0.493351 0.256944 0.084839 0.009857 0.044440 0.261001 0.552502 0.741520 0.814520 0.826666 0.814980 0.797526 0.783123 0.775599 0.774778 0.777380 0.779852 0.780466 0.779424 0.777691 0.776032 0.774766 0.773948 0.773557 0.773551 0.773872 0.774433 0.775129 0.775863 0.776566 0.777203 0.777763 0.778256 0.778698 0.779108 0.779500 0.779887 0.780278 0.780678 0.781089 0.781514 0.781951 0.782400 0.782860 0.783330 0.783806 0.784288 0.784774 0.785262 0.785751 0.786239 0.786724 0.787204 0.787679 0.788146 0.788604 0.789052 0.789489 0.789913 0.790323 0.790718 0.791096 0.791458 0.791801 0.792126 0.792431 0.792716 0.792980 0.793222 0.793442 0.793639 0.793813 0.793963 0.794089 0.794190 0.794266 0.794317 0.794342 0.794342 0.794317 0.794266 0.794190 0.794089 0.793963 0.793813 0.793640 0.793442 0.793223 0.792980 0.792717 0.792432 0.792127 0.791802 0.791458 0.791097 0.790718 0.790323 0.789913 0.789490 0.789053 0.788605 0.788147 0.787679 0.787205 0.786724 0.786239 0.785752 0.785263 0.784775 0.784289 0.783807 0.783330 0.782861 0.782401 0.781952 0.781515 0.781090 0.780679 0.780279 0.779888 0.779501 0.779109 0.778699 0.778257 0.777764 0.777204 0.776568 0.775865 0.775131 0.774435 0.773874 0.773553 0.773559 0.773950 0.774767 0.776033 0.777692 0.779424 0.780466 0.779853 0.777381 0.774779 0.775598 0.783121 0.797523 0.814977 0.826666 0.814533 0.741563 0.552596 0.261119 0.044512 0.009884 0.084840 0.256909 0.493299 0.685025 0.782946 0.811676 0.801732 0.768716 0.723198 0.677105 0.637151 0.605114 0.592548 0.618091 0.678716 0.743793 0.785339 0.798470 0.792158 0.772059 0.731644 0.656026 0.539811 0.433149 0.309332 1.000000
0.000000 0.421965 0.355816 0.509003 0.651968 0.743971 0.789007 0.806798 0.801922 0.757145 0.645628 0.479516 0.347757 0.344311 0.449820 0.587596 0.699084 0.766486 0.799196 0.812188 0.812575 0.794967 0.742525 0.639745 0.497466 0.361912 0.286603 0.314602 0.460177 0.639645 0.761653 0.813286 0.822181 0.812852 0.799182 0.788227 0.782924 0.783056 0.786013 0.788650 0.789212 0.787860 0.785619 0.783289 0.781222 0.779550 0.778356 0.777699 0.777568 0.777862 0.778434 0.779132 0.779844 0.780504 0.781085 0.781590 0.782035 0.782439 0.782821 0.783195 0.783572 0.783957 0.784354 0.784763 0.785185 0.785617 0.786059 0.786509 0.786965 0.787426 0.787890 0.788355 0.788820 0.789283 0.789743 0.790198 0.790648 0.791089 0.791522 0.791945 0.792357 0.792756 0.793141 0.793513 0.793869 0.794209 0.794531 0.794836 0.795123 0.795390 0.795637 0.795864 0.796070 0.796255 0.796418 0.796558 0.796675 0.796770 0.796841 0.796888 0.796912 0.796912 0.796888 0.796841 0.796770 0.796676 0.796558 0.796418 0.796255 0.796071 0.795865 0.795638 0.795390 0.795123 0.794837 0.794532 0.794209 0.793869 0.793513 0.793142 0.792756 0.792357 0.791946 0.791523 0.791090 0.790648 0.790199 0.789744 0.789284 0.788820 0.788355 0.787890 0.787427 0.786966 0.786510 0.786060 0.785618 0.785186 0.784764 0.784355 0.783958 0.783573 0.783196 0.782822 0.782440 0.782036 0.781591 0.781086 0.780505 0.779846 0.779134 0.778436 0.777864 0.777569 0.777701 0.778357 0.779551 0.781222 0.783288 0.785618 0.787859 0.789211 0.788648 0.786012 0.783054 0.782922 0.788224 0.799178 0.812849 0.822182 0.813298 0.761689 0.639721 0.460284 0.314696 0.286658 0.361928 0.497454 0.639723 0.742507 0.794958 0.812575 0.812196 0.799213 0.766512 0.699117 0.587635 0.449863 0.344364 0.347830 0.479590 0.645677 0.757166 0.801925 0.806793 0.788999 0.743962 0.651962 0.509003 0.355823 0.421972 0.000000
1.000000 0.253618 0.348474 0.485578 0.650354 0.753579 0.802444 0.819058 0.805762 0.732228 0.545848 0.265692 0.082257 0.078654 0.205480 0.428311 0.635471 0.754858 0.801371 0.812709 0.812394 0.805822 0.786344 0.745824 0.686552 0.626435 0.591405 0.604755 0.667428 0.744297 0.798066 0.820063 0.820201 0.810695 0.800331 0.794078 0.793668 0.798069 0.804146 0.808208 0.808315 0.805132 0.800459 0.795605 0.791149 0.787357 0.784449 0.782552 0.781624 0.781469 0.781824 0.782441 0.783136 0.783802 0.784392 0.784899 0.785339 0.785732 0.786101 0.786461 0.786822 0.787193 0.787574 0.787968 0.788373 0.788788 0.789212 0.789642 0.790078 0.790518 0.790960 0.791402 0.791844 0.792284 0.792720 0.793151 0.793575 0.793992 0.794401 0.794799 0.795187 0.795563 0.795925 0.796274 0.796609 0.796928 0.797230 0.797516 0.797785 0.798035 0.798267 0.798479 0.798672 0.798845 0.798997 0.799128 0.799238 0.799326 0.799392 0.799436 0.799458 0.799458 0.799436 0.799392 0.799326 0.799238 0.799128 0.798997 0.798845 0.798672 0.798480 0.798267 0.798035 0.797785 0.797517 0.797231 0.796928 0.796609 0.796275 0.795926 0.795563 0.795188 0.794800 0.794401 0.793993 0.793576 0.793151 0.792720 0.792284 0.791845 0.791403 0.790960 0.790519 0.790079 0.789643 0.789213 0.788789 0.788374 0.787969 0.787575 0.787194 0.786823 0.786462 0.786102 0.785734 0.785340 0.784901 0.784393 0.783804 0.783138 0.782442 0.781825 0.781470 0.781625 0.782553 0.784449 0.787357 0.791149 0.795603 0.800457 0.805129 0.808311 0.808204 0.804142 0.798065 0.793665 0.794074 0.800327 0.810692 0.820201 0.820071 0.798089 0.744342 0.667490 0.604815 0.591446 0.626453 0.686552 0.745816 0.786337 0.805819 0.812393 0.812712 0.801377 0.754869 0.635490 0.428336 0.205504 0.078675 0.082298 0.265769 0.545909 0.732253 0.805766 0.819053 0.802436 0.753571 0.650347 0.485577 0.348480 0.253625 1.000000
0.000000 0.389894 0.305752 0.474758 0.648324 0.759714 0.811149 0.827912 0.812547 0.729926 0.514986 0.188193 -0.000009 -0.000009 0.027706 0.257772 0.545903 0.723139 0.792193 0.809864 0.812659 0.812797 0.807771 0.792300 0.768875 0.748921 0.744096 0.758714 0.786783 0.814293 0.829793 0.831138 0.823423 0.813557 0.806940 0.806239 0.811389 0.820340 0.829454 0.834468 0.833299 0.827394 0.819501 0.811369 0.803689 0.796979 0.791711 0.788119 0.786102 0.785321 0.785354 0.785827 0.786467 0.787114 0.787694 0.788191 0.788617 0.788995 0.789346 0.789689 0.790034 0.790388 0.790753 0.791130 0.791518 0.791916 0.792321 0.792732 0.793148 0.793567 0.793987 0.794407 0.794826 0.795243 0.795656 0.796063 0.796464 0.796858 0.797242 0.797618 0.797982 0.798335 0.798676 0.799003 0.799317 0.799616 0.799900 0.800167 0.800419 0.800653 0.800870 0.801068 0.801248 0.801409 0.801551 0.801673 0.801776 0.801858 0.801920 0.801961 0.801981 0.801981 0.801961 0.801920 0.801858 0.801776 0.801674 0.801551 0.801410 0.801248 0.801068 0.800870 0.800653 0.800419 0.800168 0.799900 0.799616 0.799317 0.799004 0.798676 0.798336 0.797983 0.797618 0.797243 0.796858 0.796465 0.796064 0.795656 0.795244 0.794827 0.794408 0.793988 0.793567 0.793149 0.792733 0.792322 0.791917 0.791519 0.791131 0.790754 0.790389 0.790035 0.789690 0.789347 0.788996 0.788618 0.788192 0.787695 0.787115 0.786468 0.785828 0.785356 0.785322 0.786103 0.788120 0.791711 0.796978 0.803687 0.811366 0.819497 0.827389 0.833294 0.834463 0.829450 0.820336 0.811385 0.806235 0.806937 0.813554 0.823422 0.831142 0.829803 0.814312 0.786808 0.758737 0.744110 0.748925 0.768873 0.792296 0.807768 0.812795 0.812659 0.809864 0.792195 0.723145 0.545912 0.257781 0.027708 -0.000009 -0.000009 0.188246 0.515037 0.729948 0.812550 0.827908 0.811142 0.759706 0.648317 0.474756 0.305757 0.389899 0.000000
1.000000 0.227043 0.310598 0.461225 0.647312 0.762523 0.815044 0.832670 0.821591 0.753649 0.573285 0.277953 0.027405 -0.000009 -0.000009 0.202789 0.506705 0.704508 0.785384 0.809065 0.815359 0.816817 0.808149 0.780095 0.737679 0.708583 0.718824 0.761672 0.807725 0.836834 0.846298 0.841582 0.830967 0.821999 0.819175 0.822996 0.831075 0.840503 0.848743 0.852519 0.850311 0.843932 0.835750 0.826459 0.816575 0.807233 0.799577 0.794165 0.790928 0.789411 0.789040 0.789309 0.789850 0.790447 0.790996 0.791469 0.791872 0.792228 0.792559 0.792883 0.793210 0.793546 0.793894 0.794254 0.794624 0.795003 0.795389 0.795781 0.796176 0.796574 0.796973 0.797372 0.797769 0.798163 0.798553 0.798938 0.799316 0.799686 0.800048 0.800401 0.800744 0.801075 0.801394 0.801701 0.801995 0.802275 0.802540 0.802790 0.803025 0.803244 0.803446 0.803631 0.803799 0.803949 0.804081 0.804195 0.804290 0.804366 0.804424 0.804462 0.804481 0.804481 0.804462 0.804424 0.804367 0.804290 0.804195 0.804081 0.803949 0.803799 0.803631 0.803446 0.803244 0.803025 0.802791 0.802540 0.802275 0.801995 0.801702 0.801395 0.801075 0.800744 0.800402 0.800049 0.799687 0.799316 0.798938 0.798554 0.798164 0.797770 0.797373 0.796974 0.796575 0.796177 0.795782 0.795390 0.795004 0.794625 0.794254 0.793895 0.793547 0.793210 0.792884 0.792560 0.792229 0.791873 0.791470 0.790997 0.790448 0.789851 0.789310 0.789041 0.789412 0.790929 0.794165 0.799577 0.807231 0.816572 0.826456 0.835746 0.843929 0.850309 0.852517 0.848740 0.840500 0.831071 0.822993 0.819172 0.821997 0.830966 0.841583 0.846301 0.836838 0.807728 0.761668 0.718812 0.708568 0.737668 0.780090 0.808147 0.816817 0.815358 0.809065 0.785384 0.704510 0.506708 0.202790 -0.000009 -0.000009 0.027419 0.277988 0.573317 0.753664 0.821593 0.832666 0.815038 0.762516 0.647306 0.461222 0.310601 0.227047 1.000000
0.000000 0.374209 0.286924 0.468305 0.651227 0.764746 0.815400 0.833408 0.829526 0.788029 0.673331 0.466280 0.236203 0.102359 0.128456 0.318870 0.557786 0.718218 0.789363 0.814059 0.822802 0.821818 0.796237 0.720133 0.593218 0.484802 0.494018 0.607731 0.730620 0.810959 0.844402 0.847998 0.840269 0.833768 0.833757 0.838386 0.841152 0.837626 0.830515 0.825923 0.827229 0.833050 0.837103 0.834714 0.826679 0.816517 0.807231 0.800289 0.795917 0.793662 0.792855 0.792879 0.793284 0.793802 0.794300 0.794734 0.795106 0.795435 0.795742 0.796044 0.796351 0.796668 0.796998 0.797340 0.797691 0.798052 0.798419 0.798791 0.799166 0.799543 0.799921 0.800299 0.800674 0.801046 0.801414 0.801776 0.802132 0.802480 0.802820 0.803151 0.803472 0.803783 0.804082 0.804369 0.804643 0.804904 0.805152 0.805385 0.805604 0.805808 0.805996 0.806169 0.806325 0.806464 0.806587 0.806693 0.806781 0.806852 0.806905 0.806941 0.806959 0.806959 0.806941 0.806905 0.806852 0.806781 0.806693 0.806587 0.806464 0.806325 0.806169 0.805996 0.805808 0.805605 0.805386 0.805152 0.804905 0.804644 0.804369 0.804082 0.803783 0.803473 0.803152 0.802821 0.802481 0.802132 0.801777 0.801414 0.801047 0.800674 0.800299 0.799922 0.799544 0.799167 0.798791 0.798419 0.798052 0.797692 0.797340 0.796999 0.796669 0.796352 0.796045 0.795743 0.795435 0.795106 0.794734 0.794301 0.793803 0.793285 0.792880 0.792856 0.793663 0.795917 0.800289 0.807230 0.816515 0.826677 0.834712 0.837104 0.833056 0.827238 0.825932 0.830521 0.837627 0.841150 0.838384 0.833755 0.833766 0.840268 0.847998 0.844401 0.810954 0.730606 0.607703 0.493978 0.484766 0.593198 0.720126 0.796236 0.821818 0.822802 0.814058 0.789362 0.718218 0.557785 0.318870 0.128458 0.102367 0.236220 0.466303 0.673347 0.788036 0.829526 0.833405 0.815395 0.764741 0.651222 0.468301 0.286924 0.374210 0.000000
1.000000 0.237870 0.338608 0.491478 0.665760 0.768622 0.813923 0.830790 0.832991 0.815151 0.759170 0.651602 0.512726 0.413263 0.417130 0.526335 0.661300 0.756365 0.804088 0.825232 0.835293 0.831278 0.786573 0.651142 0.404362 0.190132 0.162077 0.319857 0.560178 0.741159 0.826114 0.849502 0.849046 0.845994 0.847146 0.846941 0.829689 0.780562 0.713421 0.676464 0.701579 0.761694 0.809905 0.830803 0.831645 0.823599 0.813973 0.806093 0.800851 0.797964 0.796744 0.796510 0.796757 0.797172 0.797600 0.797983 0.798316 0.798613 0.798894 0.799172 0.799458 0.799756 0.800067 0.800389 0.800722 0.801063 0.801411 0.801763 0.802119 0.802475 0.802833 0.803189 0.803543 0.803893 0.804239 0.804580 0.804914 0.805241 0.805560 0.805870 0.806170 0.806460 0.806739 0.807007 0.807263 0.807506 0.807737 0.807954 0.808157 0.808347 0.808521 0.808681 0.808826 0.808955 0.809069 0.809167 0.809249 0.809315 0.809364 0.809397 0.809413 0.809413 0.809397 0.809364 0.809315 0.809249 0.809167 0.809069 0.808956 0.808826 0.808681 0.808522 0.808347 0.808158 0.807954 0.807737 0.807507 0.807263 0.807007 0.806740 0.806460 0.806170 0.805870 0.805560 0.805241 0.804915 0.804580 0.804240 0.803894 0.803543 0.803189 0.802833 0.802476 0.802119 0.801764 0.801412 0.801064 0.800723 0.800390 0.800068 0.799757 0.799459 0.799173 0.798894 0.798614 0.798317 0.797984 0.797601 0.797173 0.796758 0.796511 0.796744 0.797964 0.800852 0.806093 0.813972 0.823597 0.831644 0.830805 0.809915 0.761717 0.701617 0.676503 0.713446 0.780571 0.829690 0.846939 0.847144 0.845993 0.849045 0.849501 0.826112 0.741152 0.560157 0.319818 0.162040 0.190103 0.404348 0.651138 0.786572 0.831276 0.835291 0.825230 0.804086 0.756363 0.661299 0.526335 0.417134 0.413272 0.512738 0.651613 0.759177 0.815153 0.832990 0.830787 0.813919 0.768618 0.665756 0.491475 0.338607 0.237870 1.000000
0.000000 0.429883 0.376099 0.542772 0.689251 0.775272 0.812151 0.826100 0.831209 0.827978 0.808853 0.767525 0.711390 0.666725 0.661492 0.699778 0.753900 0.796444 0.821739 0.837044 0.846574 0.840391 0.785272 0.617772 0.310589 0.048895 0.003679 0.071143 0.367197 0.656056 0.800721 0.847373 0.855696 0.856341 0.857475 0.848429 0.797314 0.659705 0.449216 0.329623 0.431973 0.617468 0.754002 0.815977 0.831873 0.828331 0.819503 0.811305 0.805536 0.802188 0.800628 0.800157 0.800240 0.800542 0.800888 0.801212 0.801499 0.801761 0.802013 0.802268 0.802532 0.802810 0.803101 0.803404 0.803718 0.804040 0.804368 0.804700 0.805035 0.805372 0.805708 0.806044 0.806377 0.806706 0.807031 0.807350 0.807663 0.807969 0.808267 0.808557 0.808837 0.809107 0.809367 0.809616 0.809854 0.810080 0.810294 0.810496 0.810684 0.810860 0.811022 0.811170 0.811304 0.811423 0.811528 0.811619 0.811694 0.811755 0.811800 0.811831 0.811846 0.811846 0.811831 0.811801 0.811755 0.811694 0.811619 0.811528 0.811423 0.811304 0.811170 0.811022 0.810860 0.810685 0.810496 0.810295 0.810081 0.809855 0.809617 0.809368 0.809108 0.808837 0.808557 0.808268 0.807970 0.807664 0.807351 0.807031 0.806707 0.806377 0.806044 0.805709 0.805372 0.805036 0.804701 0.804368 0.804040 0.803718 0.803405 0.803101 0.802810 0.802533 0.802269 0.802014 0.801762 0.801500 0.801213 0.800889 0.800543 0.800241 0.800158 0.800628 0.802189 0.805536 0.811304 0.819502 0.828330 0.831873 0.815984 0.754024 0.617515 0.432044 0.329693 0.449254 0.659717 0.797314 0.848427 0.857474 0.856340 0.855695 0.847373 0.800721 0.656056 0.367191 0.071126 0.003672 0.048890 0.310592 0.617774 0.785270 0.840387 0.846570 0.837040 0.821736 0.796442 0.753898 0.699778 0.661494 0.666729 0.711395 0.767529 0.808855 0.827977 0.831208 0.826097 0.812148 0.775270 0.689249 0.542772 0.376100 0.429885 0.000000
1.000000 0.327712 0.467474 0.593597 0.715840 0.782878 0.810618 0.820662 0.825781 0.828911 0.827261 0.817856 0.802270 0.788118 0.784006 0.793236 0.809162 0.822785 0.830577 0.835235 0.838284 0.829312 0.776751 0.623780 0.342160 0.067312 -0.000009 0.008579 0.291636 0.610916 0.783647 0.844201 0.859106 0.862872 0.863764 0.846739 0.765058 0.541052 0.192264 0.033350 0.173402 0.474170 0.698453 0.800039 0.830198 0.831275 0.823728 0.815704 0.809774 0.806194 0.804414 0.803761 0.803699 0.803889 0.804151 0.804411 0.804651 0.804877 0.805100 0.805330 0.805572 0.805829 0.806100 0.806384 0.806679 0.806981 0.807289 0.807602 0.807917 0.808234 0.808550 0.808865 0.809177 0.809486 0.809790 0.810088 0.810381 0.810666 0.810944 0.811214 0.811474 0.811725 0.811967 0.812198 0.812419 0.812628 0.812826 0.813012 0.813186 0.813348 0.813498 0.813634 0.813757 0.813868 0.813965 0.814048 0.814117 0.814173 0.814215 0.814243 0.814257 0.814257 0.814243 0.814215 0.814173 0.814117 0.814048 0.813965 0.813868 0.813758 0.813634 0.813498 0.813348 0.813187 0.813012 0.812826 0.812628 0.812419 0.812198 0.811967 0.811726 0.811475 0.811214 0.810944 0.810667 0.810381 0.810089 0.809790 0.809486 0.809177 0.808865 0.808550 0.808234 0.807918 0.807603 0.807290 0.806981 0.806679 0.806385 0.806101 0.805830 0.805573 0.805330 0.805100 0.804878 0.804652 0.804412 0.804152 0.803889 0.803700 0.803761 0.804415 0.806194 0.809774 0.815703 0.823727 0.831274 0.830200 0.800048 0.698481 0.474226 0.173465 0.033372 0.192277 0.541053 0.765056 0.846736 0.863763 0.862871 0.859105 0.844202 0.783652 0.610932 0.291663 0.008601 -0.000009 0.067330 0.342174 0.623781 0.776743 0.829302 0.838275 0.835228 0.830572 0.822781 0.809159 0.793235 0.784006 0.788119 0.802271 0.817857 0.827262 0.828910 0.825780 0.820661 0.810616 0.782877 0.715841 0.593600 0.467480 0.327716 1.000000
0.000000 0.514708 0.503953 0.640181 0.737281 0.789231 0.809190 0.815524 0.819107 0.823499 0.827825 0.830077 0.829607 0.827939 0.827544 0.830042 0.833197 0.831111 0.817457 0.793086 0.769555 0.752421 0.720252 0.625775 0.437760 0.218065 0.094261 0.148351 0.384130 0.638255 0.785317 0.842153 0.858790 0.864254 0.865037 0.845061 0.756161 0.523535 0.186195 0.020468 0.150852 0.445015 0.681552 0.793508 0.829095 0.832784 0.826501 0.819074 0.813386 0.809853 0.808017 0.807264 0.807096 0.807190 0.807374 0.807573 0.807767 0.807956 0.808150 0.808356 0.808577 0.808814 0.809065 0.809330 0.809605 0.809888 0.810177 0.810470 0.810766 0.811062 0.811358 0.811653 0.811945 0.812233 0.812517 0.812795 0.813067 0.813333 0.813591 0.813841 0.814083 0.814315 0.814539 0.814752 0.814956 0.815149 0.815332 0.815503 0.815664 0.815812 0.815950 0.816075 0.816188 0.816290 0.816378 0.816455 0.816519 0.816570 0.816608 0.816634 0.816647 0.816647 0.816634 0.816608 0.816570 0.816519 0.816455 0.816378 0.816290 0.816189 0.816075 0.815950 0.815813 0.815664 0.815503 0.815332 0.815149 0.814956 0.814753 0.814539 0.814316 0.814083 0.813841 0.813591 0.813333 0.813068 0.812795 0.812517 0.812233 0.811945 0.811653 0.811359 0.811062 0.810766 0.810471 0.810177 0.809889 0.809605 0.809331 0.809066 0.808814 0.808577 0.808357 0.808151 0.807957 0.807767 0.807574 0.807374 0.807191 0.807097 0.807265 0.808017 0.809853 0.813386 0.819074 0.826501 0.832784 0.829096 0.793517 0.681576 0.445055 0.150883 0.020469 0.186179 0.523522 0.756155 0.845059 0.865036 0.864253 0.858789 0.842155 0.785325 0.638280 0.384182 0.148411 0.094310 0.218101 0.437775 0.625769 0.720235 0.752405 0.769545 0.793082 0.817455 0.831108 0.833194 0.830040 0.827543 0.827939 0.829607 0.830077 0.827825 0.823498 0.819106 0.815523 0.809189 0.789231 0.737284 0.640188 0.503964 0.514715 0.000000
1.000000 0.392373 0.559479 0.665434 0.750895 0.792460 0.807336 0.811111 0.813042 0.816586 0.821648 0.826847 0.831138 0.834527 0.837701 0.840786 0.840138 0.824858 0.775885 0.681547 0.579337 0.540627 0.569402 0.586769 0.535713 0.435719 0.370934 0.413621 0.558313 0.708535 0.801355 0.841456 0.855240 0.860820 0.861840 0.845017 0.775589 0.610185 0.380239 0.254589 0.338909 0.541931 0.712334 0.799792 0.829659 0.833194 0.827909 0.821415 0.816340 0.813122 0.811396 0.810636 0.810408 0.810429 0.810545 0.810689 0.810840 0.810996 0.811163 0.811346 0.811546 0.811763 0.811996 0.812241 0.812497 0.812761 0.813031 0.813304 0.813580 0.813857 0.814133 0.814408 0.814680 0.814948 0.815212 0.815471 0.815723 0.815969 0.816208 0.816439 0.816663 0.816877 0.817083 0.817280 0.817467 0.817645 0.817812 0.817969 0.818116 0.818253 0.818378 0.818493 0.818597 0.818689 0.818770 0.818840 0.818898 0.818945 0.818980 0.819003 0.819015 0.819015 0.819003 0.818980 0.818945 0.818898 0.818840 0.818770 0.818689 0.818597 0.818493 0.818379 0.818253 0.818117 0.817970 0.817812 0.817645 0.817467 0.817280 0.817083 0.816878 0.816663 0.816440 0.816209 0.815970 0.815724 0.815471 0.815213 0.814949 0.814680 0.814409 0.814134 0.813858 0.813581 0.813305 0.813031 0.812762 0.812498 0.812242 0.811996 0.811764 0.811546 0.811346 0.811164 0.810997 0.810840 0.810690 0.810546 0.810429 0.810408 0.810636 0.811396 0.813122 0.816340 0.821415 0.827908 0.833194 0.829661 0.799798 0.712348 0.541948 0.338917 0.254576 0.380217 0.610169 0.775582 0.845015 0.861840 0.860820 0.855240 0.841457 0.801363 0.708559 0.558361 0.413685 0.370992 0.435755 0.535719 0.586751 0.569375 0.540612 0.579344 0.681563 0.775895 0.824859 0.840135 0.840783 0.837699 0.834526 0.831138 0.826847 0.821648 0.816586 0.813041 0.811110 0.807336 0.792461 0.750900 0.665444 0.559494 0.392385 1.000000
0.000000 0.550576 0.561209 0.683890 0.757144 0.792532 0.804672 0.807369 0.808402 0.810858 0.815056 0.820232 0.825691 0.831324 0.837271 0.842420 0.840487 0.813239 0.722879 0.529755 0.291384 0.224029 0.360448 0.524750 0.609306 0.620964 0.616450 0.642710 0.706098 0.773747 0.819068 0.840875 0.849757 0.854419 0.856082 0.846138 0.805878 0.718027 0.603778 0.539058 0.575187 0.673719 0.763224 0.813326 0.831451 0.832930 0.828362 0.822989 0.818772 0.816059 0.814566 0.813871 0.813625 0.813596 0.813658 0.813755 0.813867 0.813993 0.814136 0.814297 0.814478 0.814677 0.814891 0.815118 0.815355 0.815600 0.815851 0.816106 0.816362 0.816620 0.816877 0.817132 0.817384 0.817633 0.817877 0.818116 0.818350 0.818577 0.818797 0.819010 0.819215 0.819412 0.819601 0.819781 0.819952 0.820115 0.820268 0.820411 0.820545 0.820670 0.820784 0.820888 0.820982 0.821066 0.821140 0.821203 0.821256 0.821299 0.821330 0.821352 0.821362 0.821362 0.821352 0.821331 0.821299 0.821256 0.821204 0.821140 0.821067 0.820983 0.820888 0.820784 0.820670 0.820546 0.820412 0.820268 0.820115 0.819953 0.819781 0.819601 0.819412 0.819215 0.819010 0.818797 0.818577 0.818350 0.818117 0.817877 0.817633 0.817384 0.817132 0.816877 0.816620 0.816363 0.816106 0.815852 0.815601 0.815356 0.815118 0.814891 0.814677 0.814479 0.814298 0.814136 0.813994 0.813868 0.813755 0.813659 0.813596 0.813625 0.813872 0.814566 0.816059 0.818772 0.822989 0.828361 0.832930 0.831452 0.813329 0.763229 0.673723 0.575184 0.539045 0.603762 0.718015 0.805872 0.846137 0.856082 0.854419 0.849757 0.840876 0.819073 0.773762 0.706127 0.642749 0.616485 0.620983 0.609303 0.524729 0.360426 0.224038 0.291448 0.529817 0.722908 0.813246 0.840485 0.842416 0.837268 0.831322 0.825690 0.820232 0.815056 0.810858 0.808402 0.807368 0.804673 0.792534 0.757150 0.683902 0.561226 0.550589 0.000000
1.000000 0.423566 0.606108 0.696833 0.760218 0.790111 0.801094 0.804029 0.805160 0.807113 0.810446 0.814927 0.820362 0.826879 0.834451 0.841205 0.839246 0.806514 0.695837 0.453962 0.160602 0.078052 0.256917 0.504579 0.664070 0.730087 0.752192 0.767439 0.789562 0.813215 0.830298 0.839309 0.843810 0.847261 0.849707 0.846423 0.828981 0.792344 0.747621 0.722298 0.733468 0.769353 0.804876 0.826100 0.833347 0.832439 0.828424 0.824189 0.820907 0.818775 0.817573 0.816985 0.816748 0.816687 0.816707 0.816765 0.816846 0.816946 0.817068 0.817210 0.817373 0.817554 0.817750 0.817960 0.818179 0.818406 0.818638 0.818874 0.819112 0.819350 0.819588 0.819824 0.820057 0.820286 0.820512 0.820732 0.820946 0.821155 0.821357 0.821552 0.821740 0.821920 0.822092 0.822256 0.822412 0.822560 0.822699 0.822829 0.822951 0.823063 0.823167 0.823261 0.823346 0.823422 0.823489 0.823546 0.823594 0.823632 0.823660 0.823680 0.823689 0.823689 0.823680 0.823660 0.823632 0.823594 0.823546 0.823489 0.823422 0.823347 0.823261 0.823167 0.823064 0.822951 0.822830 0.822699 0.822560 0.822413 0.822257 0.822092 0.821920 0.821740 0.821552 0.821357 0.821155 0.820947 0.820732 0.820512 0.820287 0.820057 0.819824 0.819588 0.819351 0.819112 0.818874 0.818639 0.818406 0.818179 0.817960 0.817751 0.817554 0.817373 0.817210 0.817068 0.816947 0.816846 0.816766 0.816708 0.816687 0.816748 0.816985 0.817573 0.818776 0.820907 0.824189 0.828424 0.832439 0.833347 0.826101 0.804877 0.769352 0.733464 0.722290 0.747612 0.792338 0.828978 0.846422 0.849707 0.847261 0.843810 0.839310 0.830301 0.813222 0.789575 0.767455 0.752205 0.730092 0.664063 0.504567 0.256925 0.078109 0.160718 0.454063 0.695881 0.806525 0.839244 0.841201 0.834448 0.826877 0.820361 0.814926 0.810446 0.807113 0.805160 0.804029 0.801095 0.790113 0.760224 0.696844 0.606124 0.423580 1.000000
0.000000 0.619365 0.643293 0.716648 0.761705 0.786344 0.796960 0.800980 0.803005 0.805142 0.808056 0.811892 0.816856 0.823314 0.831242 0.838613 0.837830 0.809219 0.714313 0.518154 0.288367 0.211268 0.349240 0.562645 0.713098 0.783365 0.808747 0.817836 0.824098 0.829977 0.834243 0.836647 0.838447 0.840913 0.843782 0.844623 0.839821 0.827860 0.813258 0.804865 0.807511 0.817774 0.828171 0.833869 0.834505 0.832046 0.828572 0.825364 0.822950 0.821375 0.820464 0.819993 0.819779 0.819700 0.819691 0.819719 0.819774 0.819853 0.819957 0.820082 0.820229 0.820394 0.820574 0.820766 0.820968 0.821177 0.821392 0.821609 0.821829 0.822048 0.822267 0.822485 0.822699 0.822910 0.823116 0.823318 0.823514 0.823705 0.823889 0.824067 0.824238 0.824401 0.824558 0.824706 0.824848 0.824981 0.825107 0.825224 0.825333 0.825435 0.825528 0.825612 0.825689 0.825757 0.825816 0.825867 0.825910 0.825944 0.825970 0.825987 0.825996 0.825996 0.825987 0.825970 0.825944 0.825910 0.825868 0.825816 0.825757 0.825689 0.825613 0.825528 0.825435 0.825334 0.825224 0.825107 0.824981 0.824848 0.824707 0.824558 0.824402 0.824238 0.824067 0.823890 0.823705 0.823515 0.823318 0.823117 0.822910 0.822699 0.822485 0.822268 0.822049 0.821829 0.821610 0.821392 0.821178 0.820969 0.820767 0.820574 0.820394 0.820229 0.820083 0.819957 0.819854 0.819774 0.819719 0.819691 0.819701 0.819779 0.819993 0.820464 0.821375 0.822950 0.825364 0.828572 0.832046 0.834505 0.833869 0.828170 0.817773 0.807508 0.804862 0.813255 0.827858 0.839820 0.844623 0.843782 0.840913 0.838447 0.836647 0.834244 0.829980 0.824102 0.817841 0.808749 0.783363 0.713092 0.562647 0.349276 0.211359 0.288491 0.518249 0.714355 0.809229 0.837828 0.838609 0.831238 0.823312 0.816855 0.811892 0.808056 0.805143 0.803005 0.800980 0.796961 0.786346 0.761710 0.716657 0.643305 0.619374 0.000000
0.989726 0.678727 0.711515 0.733188 0.763039 0.782533 0.793092 0.798488 0.801760 0.804504 0.807379 0.810743 0.815036 0.820777 0.828046 0.835195 0.836439 0.818463 0.759681 0.646961 0.519654 0.471275 0.541759 0.663960 0.759286 0.808599 0.827431 0.832633 0.833674 0.833837 0.833732 0.833671 0.834300 0.836125 0.838896 0.841374 0.841850 0.839572 0.835991 0.833784 0.834170 0.836064 0.837390 0.836940 0.834846 0.831957 0.829094 0.826741 0.825040 0.823932 0.823272 0.822909 0.822723 0.822636 0.822607 0.822614 0.822650 0.822714 0.822802 0.822914 0.823046 0.823196 0.823361 0.823537 0.823723 0.823915 0.824112 0.824312 0.824513 0.824715 0.824916 0.825115 0.825311 0.825503 0.825692 0.825876 0.826054 0.826227 0.826394 0.826555 0.826709 0.826857 0.826998 0.827132 0.827258 0.827378 0.827490 0.827596 0.827693 0.827784 0.827866 0.827942 0.828010 0.828070 0.828123 0.828169 0.828206 0.828237 0.828260 0.828275 0.828282 0.828282 0.828275 0.828260 0.828237 0.828207 0.828169 0.828123 0.828070 0.828010 0.827942 0.827867 0.827784 0.827693 0.827596 0.827491 0.827378 0.827259 0.827132 0.826998 0.826857 0.826710 0.826555 0.826394 0.826227 0.826054 0.825876 0.825692 0.825504 0.825311 0.825115 0.824916 0.824715 0.824514 0.824312 0.824112 0.823915 0.823723 0.823538 0.823361 0.823197 0.823047 0.822914 0.822803 0.822714 0.822651 0.822614 0.822607 0.822637 0.822723 0.822909 0.823272 0.823932 0.825040 0.826741 0.829095 0.831957 0.834846 0.836940 0.837390 0.836063 0.834169 0.833783 0.835990 0.839571 0.841850 0.841375 0.838897 0.836125 0.834300 0.833671 0.833732 0.833837 0.833674 0.832633 0.827429 0.808595 0.759283 0.663967 0.541795 0.471347 0.519737 0.647021 0.759707 0.818469 0.836437 0.835190 0.828043 0.820776 0.815035 0.810743 0.807379 0.804504 0.801760 0.798488 0.793093 0.782535 0.763043 0.733195 0.711522 0.678732 0.989726
0.969492 0.815202 0.731196 0.744226 0.763394 0.779714 0.790355 0.796977 0.801438 0.804871 0.807874 0.810888 0.814447 0.819136 0.825184 0.831588 0.834821 0.827700 0.800808 0.751440 0.697963 0.675659 0.700750 0.751290 0.795638 0.821164 0.831521 0.833978 0.833606 0.832626 0.831741 0.831295 0.831662 0.833100 0.835455 0.838074 0.840062 0.840896 0.840893 0.840777 0.840769 0.840477 0.839382 0.837386 0.834850 0.832289 0.830088 0.828410 0.827242 0.826483 0.826017 0.825742 0.825584 0.825497 0.825456 0.825451 0.825475 0.825527 0.825604 0.825704 0.825824 0.825961 0.826112 0.826273 0.826443 0.826618 0.826799 0.826981 0.827166 0.827350 0.827533 0.827714 0.827892 0.828067 0.828238 0.828404 0.828566 0.828722 0.828872 0.829016 0.829155 0.829287 0.829413 0.829532 0.829645 0.829752 0.829851 0.829944 0.830031 0.830111 0.830184 0.830250 0.830310 0.830363 0.830410 0.830450 0.830483 0.830509 0.830529 0.830543 0.830549 0.830549 0.830543 0.830529 0.830510 0.830483 0.830450 0.830410 0.830363 0.830310 0.830251 0.830184 0.830111 0.830031 0.829945 0.829852 0.829752 0.829646 0.829533 0.829413 0.829287 0.829155 0.829017 0.828872 0.828722 0.828566 0.828405 0.828238 0.828068 0.827893 0.827714 0.827533 0.827350 0.827166 0.826982 0.826799 0.826619 0.826443 0.826273 0.826112 0.825961 0.825825 0.825705 0.825605 0.825527 0.825475 0.825451 0.825457 0.825497 0.825584 0.825742 0.826018 0.826484 0.827242 0.828410 0.830089 0.832289 0.834850 0.837386 0.839382 0.840477 0.840769 0.840777 0.840893 0.840896 0.840062 0.838074 0.835455 0.833100 0.831663 0.831294 0.831741 0.832625 0.833605 0.833976 0.831518 0.821160 0.795636 0.751294 0.700769 0.675693 0.698000 0.751466 0.800819 0.827701 0.834818 0.831584 0.825181 0.819135 0.814446 0.810888 0.807874 0.804871 0.801437 0.796977 0.790355 0.779715 0.763397 0.744230 0.731200 0.815204 0.969492
0.982856 0.691858 0.730469 0.744359 0.763346 0.778495 0.789346 0.796829 0.802128 0.806073 0.809178 0.811890 0.814742 0.818318 0.822977 0.828334 0.832634 0.832486 0.824136 0.807239 0.788707 0.779882 0.786235 0.802138 0.817635 0.827252 0.831185 0.831845 0.831314 0.830624 0.830138 0.830040 0.830524 0.831729 0.833584 0.835754 0.837754 0.839231 0.840156 0.840661 0.840711 0.840146 0.838878 0.837054 0.835008 0.833086 0.831512 0.830351 0.829556 0.829039 0.828709 0.828500 0.828367 0.828286 0.828242 0.828231 0.828249 0.828294 0.828363 0.828454 0.828563 0.828688 0.828826 0.828973 0.829128 0.829288 0.829452 0.829619 0.829786 0.829953 0.830119 0.830283 0.830444 0.830602 0.830756 0.830905 0.831050 0.831189 0.831323 0.831452 0.831575 0.831692 0.831804 0.831909 0.832009 0.832102 0.832190 0.832271 0.832347 0.832416 0.832480 0.832538 0.832590 0.832636 0.832677 0.832711 0.832740 0.832763 0.832780 0.832791 0.832797 0.832797 0.832791 0.832780 0.832763 0.832740 0.832711 0.832677 0.832636 0.832590 0.832538 0.832480 0.832417 0.832347 0.832271 0.832190 0.832102 0.832009 0.831909 0.831804 0.831693 0.831575 0.831452 0.831324 0.831189 0.831050 0.830905 0.830756 0.830602 0.830444 0.830283 0.830119 0.829953 0.829786 0.829619 0.829452 0.829288 0.829128 0.828973 0.828826 0.828689 0.828564 0.828454 0.828364 0.828294 0.828250 0.828232 0.828243 0.828286 0.828368 0.828500 0.828709 0.829039 0.829556 0.830351 0.831512 0.833086 0.835008 0.837055 0.838878 0.840147 0.840712 0.840661 0.840157 0.839231 0.837755 0.835754 0.833584 0.831729 0.830524 0.830040 0.830138 0.830623 0.831313 0.831843 0.831182 0.827249 0.817632 0.802138 0.786241 0.779891 0.788718 0.807246 0.824137 0.832484 0.832630 0.828331 0.822975 0.818317 0.814741 0.811890 0.809178 0.806072 0.802127 0.796828 0.789346 0.778495 0.763347 0.744361 0.730471 0.691859 0.982856
0.000000 0.676681 0.717249 0.747904 0.766191 0.780343 0.790816 0.798415 0.803959 0.808042 0.811086 0.813482 0.815704 0.818284 0.821646 0.825804 0.830029 0.832795 0.832443 0.828644 0.823470 0.820295 0.820929 0.824235 0.827684 0.829692 0.830230 0.830018 0.829703 0.829563 0.829651 0.829991 0.830653 0.831705 0.833127 0.834758 0.836352 0.837691 0.838684 0.839299 0.839461 0.839094 0.838213 0.836968 0.835595 0.834313 0.833263 0.832485 0.831948 0.831589 0.831351 0.831190 0.831081 0.831009 0.830969 0.830958 0.830975 0.831016 0.831080 0.831163 0.831264 0.831378 0.831503 0.831637 0.831778 0.831924 0.832072 0.832223 0.832374 0.832525 0.832675 0.832822 0.832967 0.833108 0.833245 0.833378 0.833506 0.833630 0.833749 0.833862 0.833970 0.834073 0.834170 0.834262 0.834349 0.834430 0.834506 0.834576 0.834641 0.834701 0.834756 0.834805 0.834850 0.834889 0.834924 0.834953 0.834977 0.834997 0.835012 0.835021 0.835026 0.835026 0.835021 0.835012 0.834997 0.834978 0.834953 0.834924 0.834889 0.834850 0.834806 0.834756 0.834701 0.834641 0.834576 0.834506 0.834430 0.834349 0.834262 0.834171 0.834073 0.833970 0.833862 0.833749 0.833630 0.833507 0.833378 0.833245 0.833108 0.832967 0.832822 0.832675 0.832526 0.832375 0.832223 0.832073 0.831924 0.831778 0.831637 0.831503 0.831378 0.831264 0.831163 0.831080 0.831016 0.830975 0.830959 0.830969 0.831009 0.831081 0.831190 0.831351 0.831589 0.831948 0.832485 0.833263 0.834313 0.835595 0.836969 0.838213 0.839094 0.839461 0.839300 0.838684 0.837691 0.836352 0.834759 0.833127 0.831706 0.830653 0.829991 0.829651 0.829562 0.829702 0.830016 0.830229 0.829690 0.827682 0.824233 0.820928 0.820295 0.823470 0.828643 0.832441 0.832791 0.830026 0.825802 0.821644 0.818283 0.815704 0.813482 0.811085 0.808042 0.803958 0.798414 0.790815 0.780342 0.766191 0.747904 0.717249 0.676681 0.000000
0.968992 0.694235 0.744556 0.759688 0.774127 0.785792 0.794871 0.801733 0.806864 0.810668 0.813441 0.815485 0.817177 0.818963 0.821256 0.824240 0.827682 0.830886 0.832984 0.833531 0.832915 0.832044 0.831531 0.831315 0.831014 0.830474 0.829882 0.829507 0.829490 0.829789 0.830295 0.830937 0.831713 0.832650 0.833750 0.834949 0.836131 0.837180 0.838017 0.838586 0.838823 0.838686 0.838205 0.837484 0.836667 0.835888 0.835233 0.834731 0.834370 0.834119 0.833944 0.833819 0.833732 0.833673 0.833642 0.833636 0.833654 0.833694 0.833755 0.833833 0.833925 0.834030 0.834144 0.834266 0.834394 0.834526 0.834660 0.834796 0.834932 0.835067 0.835200 0.835331 0.835460 0.835585 0.835706 0.835823 0.835936 0.836044 0.836148 0.836247 0.836340 0.836429 0.836513 0.836592 0.836666 0.836736 0.836800 0.836860 0.836915 0.836965 0.837011 0.837053 0.837090 0.837123 0.837152 0.837176 0.837197 0.837213 0.837225 0.837233 0.837237 0.837237 0.837233 0.837225 0.837213 0.837197 0.837176 0.837152 0.837123 0.837090 0.837053 0.837012 0.836966 0.836915 0.836860 0.836800 0.836736 0.836667 0.836592 0.836514 0.836430 0.836341 0.836247 0.836148 0.836045 0.835937 0.835824 0.835707 0.835585 0.835460 0.835332 0.835200 0.835067 0.834932 0.834796 0.834660 0.834526 0.834394 0.834267 0.834145 0.834030 0.833925 0.833833 0.833755 0.833695 0.833654 0.833636 0.833642 0.833673 0.833732 0.833820 0.833944 0.834119 0.834371 0.834731 0.835233 0.835889 0.836667 0.837484 0.838205 0.838686 0.838823 0.838587 0.838017 0.837180 0.836131 0.834949 0.833750 0.832650 0.831713 0.830937 0.830295 0.829789 0.829489 0.829507 0.829881 0.830473 0.831012 0.831313 0.831529 0.832041 0.832912 0.833528 0.832981 0.830883 0.827680 0.824238 0.821255 0.818963 0.817176 0.815484 0.813440 0.810667 0.806862 0.801731 0.794869 0.785790 0.774125 0.759686 0.744555 0.694235 0.968992
0.941852 0.837389 0.779210 0.777687 0.785405 0.793812 0.800796 0.806276 0.810517 0.813725 0.816067 0.817737 0.819007 0.820222 0.821723 0.823730 0.826216 0.828861 0.831173 0.832755 0.833518 0.833629 0.833292 0.832639 0.831795 0.830966 0.830393 0.830231 0.830489 0.831052 0.831774 0.832557 0.833365 0.834205 0.835086 0.835990 0.836871 0.837672 0.838343 0.838838 0.839110 0.839138 0.838941 0.838584 0.838151 0.837717 0.837334 0.837025 0.836790 0.836616 0.836488 0.836394 0.836328 0.836285 0.836265 0.836267 0.836289 0.836331 0.836390 0.836463 0.836549 0.836645 0.836750 0.836861 0.836976 0.837095 0.837215 0.837336 0.837457 0.837577 0.837696 0.837812 0.837925 0.838034 0.838140 0.838242 0.838340 0.838433 0.838522 0.838607 0.838687 0.838762 0.838833 0.838900 0.838962 0.839019 0.839073 0.839123 0.839168 0.839209 0.839247 0.839281 0.839311 0.839338 0.839361 0.839381 0.839397 0.839410 0.839420 0.839426 0.839430 0.839430 0.839426 0.839420 0.839410 0.839397 0.839381 0.839361 0.839338 0.839311 0.839281 0.839247 0.839210 0.839168 0.839123 0.839073 0.839020 0.838962 0.838900 0.838833 0.838762 0.838687 0.838607 0.838523 0.838434 0.838340 0.838242 0.838140 0.838034 0.837925 0.837812 0.837696 0.837578 0.837458 0.837337 0.837215 0.837095 0.836976 0.836861 0.836750 0.836646 0.836549 0.836463 0.836390 0.836331 0.836289 0.836267 0.836265 0.836285 0.836328 0.836395 0.836488 0.836616 0.836790 0.837025 0.837334 0.837717 0.838151 0.838584 0.838941 0.839138 0.839110 0.838838 0.838343 0.837672 0.836872 0.835990 0.835086 0.834205 0.833365 0.832557 0.831774 0.831052 0.830489 0.830231 0.830392 0.830964 0.831793 0.832637 0.833289 0.833626 0.833515 0.832752 0.831170 0.828859 0.826215 0.823729 0.821722 0.820221 0.819007 0.817736 0.816066 0.813724 0.810515 0.806274 0.800793 0.793809 0.785402 0.777684 0.779208 0.837388 0.941852
0.946200 0.847515 0.793485 0.791235 0.796535 0.802389 0.807295 0.811254 0.814431 0.816916 0.818765 0.820080 0.821038 0.821879 0.822860 0.824173 0.825863 0.827789 0.829676 0.831244 0.832322 0.832875 0.832957 0.832687 0.832238 0.831828 0.831647 0.831797 0.832266 0.832955 0.833747 0.834554 0.835337 0.836093 0.836831 0.837553 0.838243 0.838876 0.839425 0.839857 0.840144 0.840271 0.840251 0.840120 0.839926 0.839712 0.839508 0.839332 0.839187 0.839073 0.838986 0.838921 0.838877 0.838851 0.838844 0.838855 0.838884 0.838928 0.838986 0.839056 0.839136 0.839225 0.839320 0.839421 0.839524 0.839631 0.839738 0.839846 0.839953 0.840058 0.840162 0.840263 0.840361 0.840456 0.840547 0.840634 0.840717 0.840797 0.840872 0.840943 0.841009 0.841072 0.841130 0.841185 0.841235 0.841282 0.841325 0.841365 0.841401 0.841434 0.841464 0.841490 0.841514 0.841534 0.841552 0.841567 0.841580 0.841590 0.841597 0.841602 0.841605 0.841605 0.841602 0.841598 0.841590 0.841580 0.841568 0.841552 0.841535 0.841514 0.841490 0.841464 0.841434 0.841401 0.841365 0.841326 0.841282 0.841236 0.841185 0.841131 0.841072 0.841010 0.840943 0.840872 0.840797 0.840718 0.840634 0.840547 0.840456 0.840361 0.840263 0.840162 0.840058 0.839953 0.839846 0.839738 0.839631 0.839525 0.839421 0.839321 0.839225 0.839137 0.839056 0.838986 0.838928 0.838884 0.838856 0.838845 0.838852 0.838877 0.838922 0.838986 0.839074 0.839187 0.839332 0.839509 0.839712 0.839926 0.840120 0.840251 0.840271 0.840144 0.839857 0.839425 0.838877 0.838243 0.837553 0.836831 0.836093 0.835337 0.834554 0.833747 0.832955 0.832265 0.831797 0.831647 0.831827 0.832237 0.832685 0.832955 0.832873 0.832320 0.831242 0.829675 0.827787 0.825862 0.824173 0.822860 0.821878 0.821037 0.820080 0.818764 0.816914 0.814428 0.811250 0.807291 0.802385 0.796531 0.791231 0.793482 0.847513 0.946200
0.978401 0.728313 0.785951 0.798266 0.805644 0.810135 0.813395 0.816011 0.818193 0.819981 0.821368 0.822385 0.823129 0.823757 0.824445 0.825339 0.826498 0.827871 0.829312 0.830643 0.831723 0.832480 0.832912 0.833089 0.833137 0.833203 0.833411 0.833823 0.834426 0.835158 0.835941 0.836714 0.837446 0.838132 0.838779 0.839393 0.839972 0.840505 0.840977 0.841369 0.841661 0.841846 0.841931 0.841935 0.841885 0.841807 0.841719 0.841634 0.841557 0.841493 0.841443 0.841406 0.841384 0.841377 0.841384 0.841405 0.841439 0.841486 0.841544 0.841612 0.841688 0.841769 0.841856 0.841947 0.842040 0.842134 0.842229 0.842324 0.842417 0.842509 0.842599 0.842686 0.842770 0.842850 0.842927 0.843000 0.843070 0.843135 0.843197 0.843255 0.843309 0.843359 0.843405 0.843448 0.843488 0.843524 0.843557 0.843587 0.843615 0.843639 0.843661 0.843681 0.843698 0.843713 0.843726 0.843736 0.843745 0.843752 0.843758 0.843761 0.843763 0.843763 0.843761 0.843758 0.843753 0.843746 0.843737 0.843726 0.843713 0.843698 0.843681 0.843661 0.843639 0.843615 0.843588 0.843557 0.843524 0.843488 0.843449 0.843406 0.843359 0.843309 0.843255 0.843197 0.843136 0.843070 0.843001 0.842927 0.842850 0.842770 0.842686 0.842599 0.842509 0.842418 0.842324 0.842230 0.842135 0.842040 0.841947 0.841857 0.841770 0.841688 0.841612 0.841545 0.841487 0.841440 0.841405 0.841384 0.841377 0.841384 0.841407 0.841443 0.841493 0.841557 0.841634 0.841719 0.841807 0.841885 0.841935 0.841931 0.841847 0.841661 0.841369 0.840977 0.840505 0.839972 0.839393 0.838779 0.838132 0.837446 0.836714 0.835941 0.835158 0.834425 0.833822 0.833411 0.833202 0.833136 0.833088 0.832911 0.832478 0.831722 0.830642 0.829310 0.827870 0.826497 0.825338 0.824444 0.823756 0.823128 0.822384 0.821367 0.819978 0.818189 0.816006 0.813389 0.810129 0.805638 0.798260 0.785946 0.728310 0.978401
0.000000 0.725934 0.778871 0.804854 0.813072 0.816721 0.818721 0.820233 0.821576 0.822775 0.823782 0.824575 0.825192 0.825723 0.826281 0.826969 0.827838 0.828877 0.830012 0.831139 0.832159 0.833007 0.833663 0.834161 0.834572 0.834980 0.835458 0.836038 0.836712 0.837444 0.838189 0.838911 0.839589 0.840220 0.840809 0.841362 0.841881 0.842360 0.842790 0.843160 0.843457 0.843678 0.843825 0.843910 0.843949 0.843957 0.843946 0.843926 0.843902 0.843881 0.843864 0.843855 0.843855 0.843866 0.843886 0.843917 0.843959 0.844009 0.844067 0.844133 0.844204 0.844280 0.844359 0.844440 0.844523 0.844606 0.844690 0.844772 0.844853 0.844931 0.845007 0.845081 0.845151 0.845218 0.845281 0.845341 0.845397 0.845450 0.845498 0.845544 0.845585 0.845624 0.845659 0.845691 0.845719 0.845746 0.845769 0.845790 0.845809 0.845826 0.845840 0.845853 0.845864 0.845874 0.845882 0.845888 0.845894 0.845898 0.845901 0.845903 0.845904 0.845904 0.845903 0.845901 0.845898 0.845894 0.845888 0.845882 0.845874 0.845864 0.845853 0.845840 0.845826 0.845809 0.845790 0.845769 0.845746 0.845720 0.845691 0.845659 0.845624 0.845586 0.845544 0.845499 0.845450 0.845397 0.845341 0.845282 0.845218 0.845151 0.845081 0.845008 0.844932 0.844853 0.844772 0.844690 0.844607 0.844523 0.844440 0.844359 0.844280 0.844204 0.844133 0.844068 0.844009 0.843959 0.843918 0.843886 0.843866 0.843856 0.843855 0.843864 0.843881 0.843903 0.843926 0.843946 0.843957 0.843949 0.843910 0.843825 0.843678 0.843458 0.843160 0.842790 0.842360 0.841881 0.841362 0.840809 0.840220 0.839589 0.838911 0.838189 0.837444 0.836712 0.836037 0.835458 0.834980 0.834571 0.834160 0.833662 0.833005 0.832158 0.831138 0.830011 0.828876 0.827837 0.826968 0.826281 0.825722 0.825190 0.824573 0.823779 0.822771 0.821571 0.820227 0.818714 0.816713 0.813064 0.804846 0.778864 0.725929 0.000000
0.986431 0.743057 0.799586 0.812240 0.819565 0.822162 0.823170 0.823815 0.824504 0.825254 0.825983 0.826630 0.827189 0.827703 0.828237 0.828857 0.829603 0.830478 0.831444 0.832443 0.833409 0.834293 0.835072 0.835756 0.836381 0.836990 0.837621 0.838290 0.838991 0.839706 0.840411 0.841085 0.841720 0.842312 0.842867 0.843387 0.843874 0.844326 0.844736 0.845098 0.845403 0.845648 0.845836 0.845973 0.846070 0.846136 0.846179 0.846208 0.846227 0.846242 0.846256 0.846273 0.846294 0.846321 0.846355 0.846396 0.846443 0.846497 0.846556 0.846619 0.846686 0.846756 0.846828 0.846901 0.846974 0.847047 0.847119 0.847190 0.847259 0.847325 0.847388 0.847449 0.847506 0.847560 0.847610 0.847657 0.847700 0.847740 0.847777 0.847810 0.847840 0.847867 0.847891 0.847912 0.847931 0.847947 0.847962 0.847974 0.847985 0.847994 0.848001 0.848008 0.848013 0.848017 0.848021 0.848023 0.848026 0.848027 0.848028 0.848029 0.848029 0.848029 0.848029 0.848028 0.848027 0.848026 0.848023 0.848021 0.848017 0.848013 0.848008 0.848002 0.847994 0.847985 0.847974 0.847962 0.847948 0.847931 0.847912 0.847891 0.847867 0.847840 0.847810 0.847777 0.847740 0.847701 0.847657 0.847610 0.847560 0.847506 0.847449 0.847388 0.847325 0.847259 0.847190 0.847120 0.847048 0.846975 0.846901 0.846828 0.846757 0.846687 0.846620 0.846556 0.846497 0.846444 0.846396 0.846356 0.846322 0.846294 0.846273 0.846256 0.846242 0.846227 0.846208 0.846179 0.846136 0.846070 0.845973 0.845836 0.845648 0.845403 0.845098 0.844736 0.844326 0.843874 0.843387 0.842867 0.842312 0.841719 0.841085 0.840411 0.839706 0.838991 0.838289 0.837621 0.836990 0.836380 0.835756 0.835071 0.834292 0.833408 0.832442 0.831444 0.830477 0.829602 0.828856 0.828236 0.827702 0.827188 0.826628 0.825979 0.825249 0.824497 0.823807 0.823161 0.822152 0.819555 0.812230 0.799578 0.743052 0.986431
0.972921 0.861819 0.808411 0.819778 0.824734 0.826450 0.826696 0.826744 0.826993 0.827448 0.828005 0.828578 0.829132 0.829676 0.830243 0.830873 0.831591 0.832405 0.833294 0.834224 0.835153 0.836046 0.836881 0.837659 0.838392 0.839102 0.839806 0.840513 0.841218 0.841913 0.842585 0.843225 0.843829 0.844397 0.844932 0.845436 0.845909 0.846349 0.846752 0.847113 0.847427 0.847692 0.847910 0.848084 0.848222 0.848330 0.848414 0.848481 0.848536 0.848582 0.848623 0.848664 0.848704 0.848747 0.848793 0.848843 0.848896 0.848952 0.849011 0.849073 0.849136 0.849201 0.849266 0.849331 0.849395 0.849458 0.849520 0.849579 0.849636 0.849690 0.849742 0.849790 0.849834 0.849876 0.849914 0.849948 0.849979 0.850007 0.850032 0.850054 0.850073 0.850089 0.850102 0.850114 0.850123 0.850130 0.850135 0.850140 0.850142 0.850144 0.850145 0.850145 0.850145 0.850144 0.850143 0.850142 0.850141 0.850140 0.850139 0.850139 0.850139 0.850139 0.850139 0.850139 0.850140 0.850141 0.850142 0.850143 0.850144 0.850145 0.850145 0.850145 0.850144 0.850143 0.850140 0.850136 0.850130 0.850123 0.850114 0.850103 0.850089 0.850073 0.850054 0.850032 0.850008 0.849980 0.849949 0.849914 0.849876 0.849835 0.849790 0.849742 0.849691 0.849636 0.849579 0.849520 0.849459 0.849395 0.849331 0.849266 0.849201 0.849137 0.849073 0.849012 0.848952 0.848896 0.848843 0.848793 0.848747 0.848704 0.848664 0.848624 0.848582 0.848536 0.848481 0.848414 0.848330 0.848222 0.848084 0.847910 0.847692 0.847427 0.847113 0.846752 0.846349 0.845909 0.845435 0.844932 0.844397 0.843829 0.843225 0.842585 0.841913 0.841218 0.840512 0.839806 0.839101 0.838391 0.837658 0.836881 0.836045 0.835153 0.834224 0.833294 0.832404 0.831591 0.830872 0.830242 0.829674 0.829130 0.828574 0.828000 0.827440 0.826983 0.826733 0.826683 0.826437 0.824721 0.819766 0.808401 0.861813 0.972921
0.990136 0.752545 0.810696 0.822502 0.828304 0.829498 0.829350 0.829099 0.829129 0.829437 0.829917 0.830474 0.831058 0.831656 0.832281 0.832954 0.833690 0.834494 0.835354 0.836250 0.837154 0.838042 0.838896 0.839711 0.840490 0.841242 0.841975 0.842692 0.843392 0.844069 0.844719 0.845337 0.845923 0.846478 0.847003 0.847499 0.847967 0.848404 0.848807 0.849172 0.849496 0.849778 0.850019 0.850222 0.850391 0.850532 0.850649 0.850747 0.850831 0.850904 0.850969 0.851030 0.851088 0.851145 0.851201 0.851259 0.851317 0.851375 0.851435 0.851495 0.851555 0.851614 0.851673 0.851730 0.851786 0.851840 0.851891 0.851940 0.851986 0.852029 0.852068 0.852105 0.852138 0.852167 0.852193 0.852216 0.852236 0.852252 0.852265 0.852276 0.852284 0.852290 0.852294 0.852295 0.852295 0.852293 0.852291 0.852287 0.852282 0.852277 0.852271 0.852266 0.852260 0.852255 0.852249 0.852245 0.852241 0.852237 0.852235 0.852233 0.852232 0.852232 0.852233 0.852235 0.852237 0.852241 0.852245 0.852250 0.852255 0.852260 0.852266 0.852272 0.852277 0.852282 0.852287 0.852291 0.852294 0.852295 0.852295 0.852294 0.852290 0.852285 0.852277 0.852266 0.852252 0.852236 0.852216 0.852194 0.852167 0.852138 0.852105 0.852069 0.852029 0.851986 0.851940 0.851891 0.851840 0.851786 0.851730 0.851673 0.851614 0.851555 0.851495 0.851435 0.851376 0.851317 0.851259 0.851202 0.851145 0.851088 0.851030 0.850969 0.850904 0.850831 0.850747 0.850649 0.850532 0.850391 0.850222 0.850019 0.849779 0.849497 0.849172 0.848807 0.848404 0.847967 0.847499 0.847003 0.846478 0.845923 0.845337 0.844719 0.844069 0.843392 0.842692 0.841975 0.841242 0.840490 0.839710 0.838896 0.838041 0.837154 0.836250 0.835354 0.834493 0.833690 0.832953 0.832280 0.831654 0.831054 0.830468 0.829909 0.829427 0.829117 0.829085 0.829334 0.829481 0.828288 0.822487 0.810683 0.752536 0.990136
0.000000 0.744625 0.801193 0.825590 0.831113 0.831971 0.831563 0.831166 0.831101 0.831350 0.831811 0.832385 0.833014 0.833672 0.834358 0.835081 0.835848 0.836662 0.837514 0.838392 0.839278 0.840153 0.841006 0.841829 0.842621 0.843385 0.844125 0.844840 0.845531 0.846196 0.846832 0.847438 0.848015 0.848563 0.849085 0.849579 0.850046 0.850484 0.850890 0.851261 0.851595 0.851892 0.852152 0.852378 0.852572 0.852739 0.852883 0.853007 0.853115 0.853210 0.853296 0.853374 0.853447 0.853516 0.853582 0.853646 0.853708 0.853769 0.853828 0.853886 0.853942 0.853997 0.854049 0.854100 0.854147 0.854192 0.854234 0.854273 0.854308 0.854340 0.854369 0.854394 0.854416 0.854434 0.854449 0.854460 0.854469 0.854474 0.854477 0.854477 0.854475 0.854471 0.854465 0.854458 0.854449 0.854439 0.854428 0.854416 0.854405 0.854393 0.854381 0.854370 0.854359 0.854349 0.854340 0.854332 0.854325 0.854319 0.854315 0.854312 0.854310 0.854310 0.854312 0.854315 0.854319 0.854325 0.854332 0.854340 0.854349 0.854359 0.854370 0.854381 0.854393 0.854405 0.854417 0.854428 0.854439 0.854449 0.854458 0.854466 0.854472 0.854476 0.854478 0.854478 0.854475 0.854469 0.854461 0.854449 0.854434 0.854416 0.854395 0.854369 0.854341 0.854309 0.854273 0.854234 0.854192 0.854148 0.854100 0.854050 0.853997 0.853943 0.853886 0.853828 0.853769 0.853708 0.853646 0.853582 0.853516 0.853447 0.853374 0.853296 0.853210 0.853115 0.853007 0.852883 0.852739 0.852572 0.852378 0.852152 0.851892 0.851595 0.851261 0.850890 0.850484 0.850046 0.849579 0.849085 0.848563 0.848015 0.847438 0.846832 0.846196 0.845531 0.844840 0.844124 0.843385 0.842621 0.841828 0.841005 0.840153 0.839277 0.838392 0.837514 0.836661 0.835848 0.835080 0.834357 0.833669 0.833009 0.832378 0.831801 0.831337 0.831085 0.831148 0.831544 0.831951 0.831094 0.825572 0.801177 0.744614 0.000000
0.981827 0.754400 0.818298 0.830430 0.834259 0.834427 0.833746 0.833212 0.833077 0.833301 0.833766 0.834369 0.835041 0.835751 0.836488 0.837254 0.838049 0.838874 0.839724 0.840590 0.841459 0.842319 0.843161 0.843978 0.844767 0.845529 0.846265 0.846974 0.847657 0.848313 0.848940 0.849540 0.850113 0.850660 0.851180 0.851675 0.852144 0.852584 0.852994 0.853371 0.853715 0.854025 0.854301 0.854545 0.854759 0.854948 0.855113 0.855259 0.855387 0.855502 0.855604 0.855697 0.855783 0.855862 0.855936 0.856005 0.856071 0.856133 0.856192 0.856248 0.856301 0.856351 0.856397 0.856440 0.856480 0.856517 0.856550 0.856579 0.856604 0.856626 0.856644 0.856659 0.856670 0.856677 0.856681 0.856682 0.856680 0.856675 0.856668 0.856658 0.856646 0.856633 0.856618 0.856601 0.856584 0.856566 0.856547 0.856529 0.856510 0.856492 0.856475 0.856458 0.856442 0.856428 0.856415 0.856404 0.856394 0.856386 0.856380 0.856376 0.856374 0.856374 0.856376 0.856380 0.856386 0.856394 0.856404 0.856415 0.856428 0.856443 0.856458 0.856475 0.856492 0.856511 0.856529 0.856548 0.856566 0.856584 0.856602 0.856618 0.856633 0.856647 0.856659 0.856668 0.856676 0.856681 0.856683 0.856682 0.856678 0.856670 0.856659 0.856645 0.856627 0.856605 0.856579 0.856550 0.856517 0.856481 0.856441 0.856398 0.856351 0.856301 0.856248 0.856192 0.856133 0.856071 0.856005 0.855936 0.855862 0.855783 0.855698 0.855605 0.855502 0.855388 0.855259 0.855114 0.854948 0.854760 0.854545 0.854301 0.854025 0.853715 0.853371 0.852994 0.852584 0.852144 0.851675 0.851180 0.850660 0.850113 0.849540 0.848940 0.848312 0.847657 0.846974 0.846264 0.845529 0.844767 0.843977 0.843160 0.842319 0.841459 0.840590 0.839724 0.838874 0.838048 0.837252 0.836486 0.835746 0.835034 0.834359 0.833754 0.833285 0.833057 0.833191 0.833724 0.834405 0.834238 0.830411 0.818282 0.754389 0.981827
0.955551 0.877632 0.837645 0.837128 0.837682 0.837064 0.836058 0.835353 0.835142 0.835348 0.835824 0.836452 0.837158 0.837906 0.838679 0.839473 0.840288 0.841120 0.841967 0.842821 0.843673 0.844516 0.845343 0.846147 0.846926 0.847680 0.848408 0.849110 0.849785 0.850434 0.851057 0.851654 0.852225 0.852771 0.853292 0.853788 0.854259 0.854702 0.855116 0.855499 0.855851 0.856171 0.856460 0.856720 0.856951 0.857157 0.857340 0.857503 0.857649 0.857779 0.857895 0.858001 0.858096 0.858184 0.858264 0.858338 0.858406 0.858469 0.858528 0.858581 0.858631 0.858676 0.858717 0.858754 0.858786 0.858815 0.858839 0.858859 0.858875 0.858887 0.858895 0.858900 0.858900 0.858898 0.858891 0.858882 0.858870 0.858855 0.858838 0.858819 0.858798 0.858775 0.858751 0.858726 0.858701 0.858675 0.858650 0.858624 0.858599 0.858575 0.858552 0.858530 0.858510 0.858491 0.858475 0.858460 0.858448 0.858438 0.858430 0.858425 0.858423 0.858423 0.858425 0.858430 0.858438 0.858448 0.858460 0.858475 0.858492 0.858510 0.858530 0.858552 0.858575 0.858599 0.858624 0.858650 0.858676 0.858701 0.858727 0.858752 0.858775 0.858798 0.858819 0.858838 0.858856 0.858870 0.858883 0.858892 0.858898 0.858901 0.858900 0.858896 0.858888 0.858875 0.858859 0.858839 0.858815 0.858787 0.858754 0.858717 0.858676 0.858631 0.858582 0.858528 0.858470 0.858407 0.858338 0.858264 0.858184 0.858097 0.858001 0.857896 0.857779 0.857649 0.857504 0.857341 0.857157 0.856951 0.856720 0.856461 0.856171 0.855851 0.855499 0.855116 0.854702 0.854259 0.853789 0.853292 0.852771 0.852225 0.851654 0.851057 0.850434 0.849785 0.849109 0.848408 0.847680 0.846926 0.846147 0.845342 0.844516 0.843673 0.842820 0.841967 0.841120 0.840287 0.839472 0.838676 0.837900 0.837150 0.836440 0.835808 0.835328 0.835120 0.835329 0.836034 0.837040 0.837661 0.837110 0.837630 0.877625 0.955551
0.957644 0.881196 0.842011 0.841018 0.840902 0.839770 0.838448 0.837582 0.837306 0.837499 0.837987 0.838637 0.839367 0.840138 0.840931 0.841740 0.842561 0.843394 0.844233 0.845074 0.845910 0.846736 0.847545 0.848334 0.849101 0.849844 0.850562 0.851256 0.851924 0.852568 0.853187 0.853781 0.854351 0.854897 0.855419 0.855917 0.856389 0.856834 0.857251 0.857640 0.857999 0.858328 0.858627 0.858899 0.859144 0.859364 0.859562 0.859739 0.859898 0.860041 0.860169 0.860284 0.860388 0.860483 0.860568 0.860645 0.860715 0.860779 0.860836 0.860887 0.860933 0.860974 0.861009 0.861040 0.861065 0.861086 0.861102 0.861113 0.861121 0.861123 0.861122 0.861117 0.861108 0.861095 0.861079 0.861060 0.861039 0.861014 0.860988 0.860960 0.860930 0.860899 0.860866 0.860834 0.860801 0.860768 0.860735 0.860703 0.860672 0.860642 0.860614 0.860587 0.860562 0.860540 0.860520 0.860502 0.860487 0.860475 0.860466 0.860460 0.860457 0.860457 0.860460 0.860466 0.860475 0.860487 0.860502 0.860520 0.860540 0.860562 0.860587 0.860614 0.860642 0.860672 0.860703 0.860735 0.860768 0.860801 0.860834 0.860867 0.860899 0.860930 0.860960 0.860988 0.861015 0.861039 0.861061 0.861080 0.861096 0.861108 0.861117 0.861122 0.861124 0.861121 0.861114 0.861102 0.861086 0.861066 0.861040 0.861010 0.860974 0.860934 0.860888 0.860836 0.860779 0.860716 0.860646 0.860568 0.860483 0.860389 0.860284 0.860169 0.860041 0.859898 0.859739 0.859562 0.859365 0.859144 0.858899 0.858628 0.858328 0.857999 0.857640 0.857251 0.856834 0.856389 0.855917 0.855419 0.854897 0.854351 0.853781 0.853187 0.852568 0.851924 0.851256 0.850562 0.849844 0.849101 0.848334 0.847545 0.846735 0.845910 0.845074 0.844233 0.843394 0.842560 0.841737 0.840927 0.840131 0.839357 0.838623 0.837969 0.837477 0.837282 0.837557 0.838423 0.839747 0.840882 0.841002 0.841999 0.881190 0.957643
0.986844 0.767029 0.831893 0.842254 0.843998 0.842611 0.840964 0.839918 0.839571 0.839748 0.840245 0.840911 0.841655 0.842436 0.843234 0.844045 0.844864 0.845690 0.846518 0.847344 0.848164 0.848972 0.849764 0.850538 0.851292 0.852023 0.852731 0.853416 0.854078 0.854716 0.855331 0.855923 0.856492 0.857037 0.857559 0.858057 0.858530 0.858977 0.859397 0.859790 0.860154 0.860490 0.860798 0.861080 0.861335 0.861567 0.861776 0.861965 0.862135 0.862287 0.862425 0.862548 0.862659 0.862759 0.862848 0.862928 0.862999 0.863062 0.863118 0.863167 0.863209 0.863245 0.863275 0.863300 0.863318 0.863332 0.863340 0.863343 0.863342 0.863336 0.863325 0.863311 0.863293 0.863271 0.863246 0.863218 0.863187 0.863154 0.863118 0.863082 0.863043 0.863004 0.862964 0.862923 0.862883 0.862843 0.862804 0.862765 0.862728 0.862693 0.862660 0.862628 0.862599 0.862573 0.862550 0.862529 0.862512 0.862498 0.862487 0.862480 0.862477 0.862477 0.862480 0.862487 0.862498 0.862512 0.862529 0.862550 0.862573 0.862600 0.862629 0.862660 0.862693 0.862729 0.862766 0.862804 0.862843 0.862883 0.862924 0.862964 0.863004 0.863044 0.863082 0.863119 0.863154 0.863187 0.863218 0.863246 0.863271 0.863293 0.863312 0.863326 0.863336 0.863342 0.863344 0.863340 0.863332 0.863319 0.863300 0.863276 0.863246 0.863210 0.863167 0.863118 0.863063 0.862999 0.862928 0.862848 0.862759 0.862659 0.862549 0.862425 0.862288 0.862135 0.861965 0.861777 0.861567 0.861336 0.861080 0.860799 0.860490 0.860154 0.859790 0.859397 0.858977 0.858530 0.858057 0.857559 0.857037 0.856492 0.855923 0.855331 0.854716 0.854078 0.853416 0.852731 0.852022 0.851291 0.850538 0.849764 0.848972 0.848164 0.847344 0.846518 0.845690 0.844863 0.844042 0.843230 0.842428 0.841644 0.840895 0.840226 0.839725 0.839546 0.839893 0.840941 0.842590 0.843982 0.842242 0.831884 0.767023 0.986844
0.000000 0.766460 0.824362 0.845394 0.847568 0.845839 0.843752 0.842432 0.841956 0.842090 0.842584 0.843255 0.844004 0.844784 0.845577 0.846380 0.847188 0.848001 0.848815 0.849625 0.850428 0.851220 0.851996 0.852755 0.853495 0.854214 0.854912 0.855589 0.856244 0.856876 0.857487 0.858076 0.858643 0.859187 0.859708 0.860206 0.860679 0.861127 0.861549 0.861944 0.862313 0.862654 0.862969 0.863258 0.863523 0.863763 0.863981 0.864179 0.864358 0.864518 0.864663 0.864793 0.864909 0.865012 0.865104 0.865186 0.865258 0.865320 0.865374 0.865421 0.865459 0.865491 0.865516 0.865534 0.865546 0.865553 0.865554 0.865549 0.865539 0.865525 0.865506 0.865483 0.865456 0.865425 0.865391 0.865355 0.865315 0.865273 0.865230 0.865184 0.865138 0.865091 0.865043 0.864996 0.864948 0.864902 0.864856 0.864812 0.864769 0.864729 0.864690 0.864655 0.864622 0.864592 0.864565 0.864542 0.864522 0.864506 0.864494 0.864486 0.864482 0.864482 0.864487 0.864495 0.864507 0.864522 0.864542 0.864565 0.864592 0.864622 0.864655 0.864691 0.864729 0.864770 0.864812 0.864856 0.864902 0.864949 0.864996 0.865044 0.865091 0.865139 0.865185 0.865230 0.865274 0.865316 0.865355 0.865392 0.865426 0.865457 0.865484 0.865507 0.865526 0.865540 0.865550 0.865554 0.865553 0.865547 0.865535 0.865516 0.865491 0.865460 0.865421 0.865375 0.865321 0.865258 0.865186 0.865105 0.865013 0.864909 0.864793 0.864663 0.864519 0.864358 0.864180 0.863982 0.863764 0.863523 0.863259 0.862970 0.862655 0.862313 0.861945 0.861549 0.861127 0.860679 0.860206 0.859708 0.859187 0.858643 0.858076 0.857487 0.856876 0.856244 0.855589 0.854912 0.854214 0.853495 0.852755 0.851996 0.851220 0.850428 0.849626 0.848815 0.848001 0.847187 0.846377 0.845572 0.844775 0.843992 0.843239 0.842564 0.842068 0.841932 0.842409 0.843732 0.845824 0.847558 0.845389 0.824360 0.766459 0.000000
0.999633 0.781618 0.841191 0.850125 0.851744 0.849429 0.846817 0.845119 0.844446 0.844507 0.844981 0.845649 0.846393 0.847164 0.847944 0.848731 0.849524 0.850321 0.851118 0.851912 0.852698 0.853474 0.854235 0.854980 0.855707 0.856414 0.857103 0.857771 0.858418 0.859045 0.859651 0.860236 0.860800 0.861342 0.861862 0.862358 0.862831 0.863279 0.863703 0.864100 0.864472 0.864817 0.865137 0.865432 0.865703 0.865951 0.866176 0.866381 0.866566 0.866733 0.866883 0.867017 0.867137 0.867244 0.867338 0.867420 0.867492 0.867554 0.867606 0.867649 0.867684 0.867712 0.867731 0.867744 0.867750 0.867750 0.867743 0.867731 0.867714 0.867692 0.867665 0.867633 0.867598 0.867559 0.867517 0.867472 0.867424 0.867374 0.867322 0.867269 0.867215 0.867161 0.867106 0.867051 0.866997 0.866944 0.866892 0.866842 0.866794 0.866749 0.866706 0.866666 0.866629 0.866596 0.866566 0.866540 0.866518 0.866501 0.866487 0.866479 0.866474 0.866474 0.866479 0.866488 0.866501 0.866518 0.866540 0.866566 0.866596 0.866629 0.866666 0.866706 0.866749 0.866795 0.866843 0.866893 0.866945 0.866998 0.867052 0.867106 0.867161 0.867216 0.867270 0.867323 0.867374 0.867424 0.867472 0.867517 0.867560 0.867599 0.867634 0.867665 0.867692 0.867715 0.867732 0.867744 0.867750 0.867751 0.867745 0.867732 0.867712 0.867685 0.867650 0.867607 0.867554 0.867493 0.867421 0.867339 0.867244 0.867138 0.867018 0.866883 0.866733 0.866566 0.866381 0.866176 0.865951 0.865704 0.865433 0.865138 0.864818 0.864472 0.864101 0.863703 0.863280 0.862831 0.862358 0.861862 0.861342 0.860800 0.860237 0.859651 0.859045 0.858418 0.857771 0.857103 0.856414 0.855707 0.854980 0.854235 0.853474 0.852698 0.851912 0.851118 0.850320 0.849523 0.848728 0.847939 0.847155 0.846381 0.845632 0.844961 0.844485 0.844424 0.845099 0.846802 0.849421 0.851742 0.850128 0.841198 0.781623 0.999633
0.991485 0.889977 0.843803 0.853644 0.855485 0.853037 0.849934 0.847853 0.846980 0.846961 0.847411 0.848070 0.848804 0.849560 0.850323 0.851090 0.851863 0.852641 0.853420 0.854197 0.854968 0.855728 0.856475 0.857207 0.857921 0.858618 0.859297 0.859956 0.860596 0.861217 0.861818 0.862399 0.862959 0.863498 0.864016 0.864511 0.864983 0.865431 0.865855 0.866253 0.866627 0.866976 0.867300 0.867599 0.867875 0.868127 0.868358 0.868568 0.868758 0.868930 0.869085 0.869223 0.869345 0.869454 0.869549 0.869632 0.869703 0.869763 0.869813 0.869854 0.869885 0.869908 0.869923 0.869930 0.869930 0.869923 0.869910 0.869891 0.869866 0.869836 0.869802 0.869762 0.869719 0.869672 0.869622 0.869569 0.869513 0.869456 0.869396 0.869336 0.869274 0.869213 0.869151 0.869090 0.869029 0.868970 0.868913 0.868857 0.868804 0.868754 0.868706 0.868662 0.868622 0.868585 0.868552 0.868524 0.868500 0.868481 0.868466 0.868456 0.868451 0.868451 0.868456 0.868466 0.868481 0.868500 0.868524 0.868552 0.868585 0.868622 0.868662 0.868706 0.868754 0.868804 0.868858 0.868913 0.868971 0.869030 0.869090 0.869151 0.869213 0.869275 0.869336 0.869397 0.869456 0.869514 0.869569 0.869623 0.869673 0.869720 0.869763 0.869802 0.869837 0.869867 0.869892 0.869911 0.869924 0.869931 0.869931 0.869923 0.869909 0.869886 0.869854 0.869814 0.869764 0.869704 0.869632 0.869550 0.869454 0.869346 0.869223 0.869085 0.868931 0.868759 0.868569 0.868359 0.868128 0.867875 0.867599 0.867300 0.866976 0.866628 0.866254 0.865855 0.865431 0.864983 0.864511 0.864016 0.863499 0.862960 0.862399 0.861818 0.861217 0.860597 0.859956 0.859297 0.858618 0.857921 0.857207 0.856475 0.855728 0.854968 0.854197 0.853420 0.852640 0.851861 0.851086 0.850316 0.849551 0.848791 0.848053 0.847392 0.846941 0.846961 0.847838 0.849925 0.853036 0.855493 0.853659 0.843823 0.889991 0.991485
1.000000 0.764274 0.823498 0.851130 0.858099 0.856182 0.852822 0.850492 0.849486 0.849416 0.849849 0.850499 0.851221 0.851959 0.852700 0.853445 0.854197 0.854955 0.855716 0.856476 0.857231 0.857977 0.858711 0.859430 0.860134 0.860820 0.861489 0.862141 0.862774 0.863388 0.863984 0.864560 0.865116 0.865652 0.866167 0.866660 0.867130 0.867578 0.868001 0.868401 0.868776 0.869126 0.869453 0.869755 0.870035 0.870291 0.870526 0.870740 0.870934 0.871110 0.871267 0.871408 0.871532 0.871642 0.871738 0.871820 0.871891 0.871949 0.871997 0.872034 0.872062 0.872081 0.872091 0.872093 0.872087 0.872074 0.872055 0.872029 0.871997 0.871960 0.871918 0.871871 0.871820 0.871766 0.871708 0.871647 0.871584 0.871519 0.871452 0.871385 0.871316 0.871248 0.871179 0.871112 0.871045 0.870980 0.870917 0.870856 0.870798 0.870743 0.870692 0.870643 0.870599 0.870559 0.870524 0.870493 0.870467 0.870446 0.870431 0.870420 0.870415 0.870415 0.870420 0.870431 0.870446 0.870467 0.870493 0.870524 0.870560 0.870600 0.870644 0.870692 0.870744 0.870799 0.870857 0.870918 0.870981 0.871046 0.871112 0.871180 0.871248 0.871317 0.871385 0.871453 0.871519 0.871585 0.871648 0.871708 0.871766 0.871821 0.871872 0.871918 0.871961 0.871998 0.872029 0.872055 0.872075 0.872088 0.872093 0.872091 0.872081 0.872063 0.872035 0.871998 0.871950 0.871891 0.871821 0.871738 0.871643 0.871533 0.871408 0.871268 0.871110 0.870935 0.870741 0.870527 0.870292 0.870035 0.869756 0.869453 0.869127 0.868776 0.868401 0.868002 0.867578 0.867131 0.866660 0.866167 0.865653 0.865117 0.864560 0.863984 0.863388 0.862774 0.862141 0.861490 0.860821 0.860134 0.859431 0.858712 0.857978 0.857232 0.856477 0.855716 0.854954 0.854195 0.853442 0.852694 0.851949 0.851208 0.850483 0.849831 0.849398 0.849471 0.850481 0.852819 0.856188 0.858116 0.851159 0.823538 0.764310 1.000000
0.000000 0.601724 0.791076 0.848801 0.860487 0.859044 0.855511 0.853037 0.851964 0.851867 0.852289 0.852927 0.853632 0.854350 0.855068 0.855791 0.856521 0.857258 0.858002 0.858746 0.859486 0.860218 0.860939 0.861647 0.862339 0.863016 0.863676 0.864319 0.864945 0.865553 0.866143 0.866715 0.867267 0.867799 0.868311 0.868802 0.869270 0.869716 0.870140 0.870539 0.870915 0.871267 0.871595 0.871900 0.872182 0.872441 0.872679 0.872896 0.873093 0.873271 0.873430 0.873572 0.873698 0.873809 0.873904 0.873986 0.874055 0.874112 0.874157 0.874192 0.874216 0.874230 0.874236 0.874232 0.874221 0.874203 0.874177 0.874145 0.874106 0.874062 0.874013 0.873959 0.873901 0.873839 0.873774 0.873706 0.873636 0.873564 0.873490 0.873416 0.873341 0.873266 0.873191 0.873117 0.873045 0.872974 0.872906 0.872840 0.872777 0.872718 0.872662 0.872610 0.872562 0.872519 0.872481 0.872448 0.872420 0.872397 0.872380 0.872369 0.872363 0.872363 0.872369 0.872380 0.872398 0.872420 0.872448 0.872481 0.872519 0.872562 0.872610 0.872662 0.872718 0.872778 0.872840 0.872906 0.872975 0.873045 0.873118 0.873192 0.873266 0.873341 0.873416 0.873491 0.873565 0.873637 0.873707 0.873775 0.873840 0.873902 0.873960 0.874014 0.874063 0.874107 0.874145 0.874178 0.874203 0.874222 0.874233 0.874236 0.874231 0.874217 0.874192 0.874158 0.874113 0.874056 0.873987 0.873905 0.873809 0.873699 0.873573 0.873431 0.873271 0.873094 0.872897 0.872680 0.872442 0.872182 0.871901 0.871596 0.871267 0.870915 0.870540 0.870140 0.869717 0.869271 0.868802 0.868312 0.867800 0.867267 0.866715 0.866144 0.865554 0.864945 0.864320 0.863677 0.863016 0.862340 0.861647 0.860940 0.860219 0.859486 0.858746 0.858002 0.857258 0.856519 0.855787 0.855062 0.854341 0.853620 0.852912 0.852272 0.851851 0.851951 0.853030 0.855513 0.859056 0.860511 0.848840 0.791135 0.601793 0.000000
0.000000 0.605258 0.794524 0.851772 0.863136 0.861533 0.857942 0.855462 0.854397 0.854306 0.854723 0.855347 0.856032 0.856726 0.857421 0.858121 0.858829 0.859548 0.860273 0.861001 0.861727 0.862446 0.863155 0.863852 0.864534 0.865201 0.865853 0.866488 0.867107 0.867709 0.868293 0.868860 0.869408 0.869936 0.870445 0.870933 0.871400 0.871845 0.872267 0.872666 0.873042 0.873395 0.873724 0.874030 0.874314 0.874575 0.874815 0.875034 0.875233 0.875412 0.875573 0.875717 0.875843 0.875954 0.876049 0.876130 0.876198 0.876252 0.876295 0.876326 0.876347 0.876357 0.876358 0.876350 0.876334 0.876309 0.876278 0.876239 0.876195 0.876144 0.876088 0.876028 0.875963 0.875894 0.875822 0.875747 0.875670 0.875591 0.875511 0.875430 0.875348 0.875267 0.875186 0.875107 0.875029 0.874952 0.874879 0.874808 0.874741 0.874677 0.874617 0.874561 0.874510 0.874464 0.874423 0.874388 0.874358 0.874334 0.874316 0.874304 0.874298 0.874298 0.874304 0.874316 0.874334 0.874358 0.874388 0.874424 0.874464 0.874510 0.874561 0.874617 0.874677 0.874741 0.874809 0.874879 0.874953 0.875029 0.875107 0.875187 0.875268 0.875349 0.875430 0.875512 0.875592 0.875671 0.875748 0.875823 0.875895 0.875964 0.876029 0.876089 0.876145 0.876195 0.876240 0.876279 0.876310 0.876334 0.876351 0.876359 0.876358 0.876348 0.876327 0.876296 0.876253 0.876198 0.876131 0.876050 0.875954 0.875844 0.875717 0.875574 0.875413 0.875234 0.875035 0.874816 0.874576 0.874315 0.874031 0.873725 0.873395 0.873043 0.872667 0.872267 0.871845 0.871401 0.870934 0.870446 0.869937 0.869408 0.868860 0.868294 0.867709 0.867107 0.866488 0.865853 0.865202 0.864534 0.863852 0.863156 0.862447 0.861728 0.861002 0.860274 0.859548 0.858828 0.858118 0.857416 0.856718 0.856020 0.855333 0.854708 0.854293 0.854387 0.855458 0.857947 0.861548 0.863162 0.851814 0.794586 0.605328 0.000000
1.000000 0.772650 0.833128 0.860077 0.866154 0.863720 0.860158 0.857787 0.856795 0.856732 0.857146 0.857751 0.858413 0.859083 0.859754 0.860432 0.861120 0.861820 0.862528 0.863241 0.863952 0.864659 0.865356 0.866042 0.866714 0.867372 0.868015 0.868643 0.869255 0.869851 0.870430 0.870992 0.871535 0.872060 0.872566 0.873052 0.873516 0.873959 0.874380 0.874779 0.875155 0.875508 0.875838 0.876145 0.876430 0.876692 0.876934 0.877154 0.877354 0.877534 0.877696 0.877840 0.877967 0.878077 0.878171 0.878251 0.878317 0.878370 0.878410 0.878438 0.878455 0.878462 0.878459 0.878446 0.878424 0.878395 0.878358 0.878313 0.878263 0.878206 0.878144 0.878077 0.878005 0.877930 0.877851 0.877770 0.877686 0.877601 0.877514 0.877427 0.877339 0.877251 0.877165 0.877079 0.876996 0.876915 0.876836 0.876760 0.876688 0.876620 0.876556 0.876497 0.876443 0.876394 0.876350 0.876313 0.876281 0.876255 0.876236 0.876223 0.876217 0.876217 0.876223 0.876236 0.876256 0.876281 0.876313 0.876351 0.876394 0.876443 0.876497 0.876557 0.876621 0.876689 0.876761 0.876836 0.876915 0.876996 0.877080 0.877165 0.877252 0.877340 0.877427 0.877515 0.877602 0.877687 0.877771 0.877852 0.877931 0.878006 0.878078 0.878145 0.878207 0.878264 0.878314 0.878359 0.878396 0.878425 0.878447 0.878459 0.878463 0.878456 0.878439 0.878411 0.878371 0.878318 0.878252 0.878172 0.878078 0.877967 0.877841 0.877697 0.877535 0.877355 0.877155 0.876934 0.876693 0.876430 0.876146 0.875838 0.875508 0.875155 0.874780 0.874381 0.873960 0.873517 0.873052 0.872567 0.872061 0.871536 0.870992 0.870431 0.869852 0.869256 0.868644 0.868016 0.867373 0.866715 0.866042 0.865357 0.864660 0.863953 0.863242 0.862529 0.861820 0.861119 0.860429 0.859749 0.859075 0.858402 0.857739 0.857132 0.856720 0.856787 0.857784 0.860163 0.863735 0.866178 0.860112 0.833173 0.772690 1.000000
0.995268 0.901307 0.859749 0.868785 0.869184 0.865784 0.862258 0.860057 0.859170 0.859140 0.859548 0.860132 0.860768 0.861414 0.862063 0.862721 0.863390 0.864072 0.864764 0.865462 0.866159 0.866853 0.867539 0.868214 0.868877 0.869526 0.870161 0.870782 0.871387 0.871977 0.872551 0.873108 0.873647 0.874169 0.874671 0.875154 0.875617 0.876058 0.876478 0.876876 0.877251 0.877604 0.877934 0.878242 0.878527 0.878791 0.879033 0.879254 0.879455 0.879636 0.879798 0.879942 0.880069 0.880178 0.880272 0.880351 0.880415 0.880466 0.880503 0.880529 0.880542 0.880545 0.880538 0.880520 0.880494 0.880460 0.880417 0.880367 0.880311 0.880248 0.880180 0.880107 0.880029 0.879948 0.879863 0.879775 0.879685 0.879593 0.879500 0.879407 0.879313 0.879220 0.879127 0.879036 0.878947 0.878861 0.878777 0.878697 0.878621 0.878548 0.878481 0.878418 0.878361 0.878309 0.878263 0.878223 0.878189 0.878162 0.878142 0.878128 0.878121 0.878121 0.878128 0.878142 0.878162 0.878189 0.878223 0.878263 0.878309 0.878361 0.878418 0.878481 0.878549 0.878621 0.878698 0.878778 0.878862 0.878948 0.879037 0.879128 0.879220 0.879314 0.879407 0.879501 0.879594 0.879686 0.879776 0.879864 0.879949 0.880030 0.880108 0.880181 0.880249 0.880312 0.880368 0.880418 0.880461 0.880495 0.880521 0.880539 0.880546 0.880543 0.880529 0.880504 0.880467 0.880416 0.880352 0.880273 0.880179 0.880070 0.879943 0.879799 0.879637 0.879456 0.879255 0.879034 0.878792 0.878528 0.878243 0.877935 0.877605 0.877252 0.876877 0.876479 0.876059 0.875618 0.875155 0.874672 0.874170 0.873648 0.873109 0.872552 0.871978 0.871388 0.870782 0.870162 0.869527 0.868877 0.868214 0.867539 0.866854 0.866160 0.865463 0.864765 0.864072 0.863389 0.862718 0.862059 0.861407 0.860759 0.860120 0.859536 0.859129 0.859161 0.860054 0.862262 0.865796 0.869203 0.868810 0.859777 0.901326 0.995269
1.000000 0.802526 0.864800 0.871978 0.871273 0.867490 0.864184 0.862233 0.861485 0.861503 0.861910 0.862475 0.863089 0.863714 0.864344 0.864984 0.865637 0.866303 0.866979 0.867662 0.868346 0.869026 0.869701 0.870365 0.871019 0.871660 0.872287 0.872901 0.873500 0.874084 0.874653 0.875206 0.875741 0.876259 0.876759 0.877239 0.877700 0.878139 0.878558 0.878954 0.879329 0.879682 0.880012 0.880320 0.880606 0.880870 0.881112 0.881334 0.881535 0.881717 0.881879 0.882023 0.882149 0.882258 0.882351 0.882428 0.882491 0.882539 0.882574 0.882597 0.882608 0.882607 0.882595 0.882574 0.882544 0.882504 0.882457 0.882402 0.882340 0.882272 0.882198 0.882119 0.882035 0.881947 0.881856 0.881762 0.881666 0.881568 0.881469 0.881370 0.881270 0.881171 0.881073 0.880977 0.880883 0.880791 0.880703 0.880618 0.880537 0.880461 0.880390 0.880323 0.880263 0.880208 0.880160 0.880118 0.880082 0.880054 0.880032 0.880018 0.880011 0.880011 0.880018 0.880032 0.880054 0.880082 0.880118 0.880160 0.880208 0.880263 0.880324 0.880390 0.880462 0.880538 0.880619 0.880704 0.880792 0.880884 0.880978 0.881074 0.881172 0.881271 0.881371 0.881470 0.881569 0.881667 0.881763 0.881857 0.881948 0.882036 0.882120 0.882199 0.882273 0.882341 0.882403 0.882458 0.882505 0.882545 0.882575 0.882597 0.882608 0.882609 0.882598 0.882576 0.882540 0.882492 0.882429 0.882352 0.882259 0.882150 0.882024 0.881880 0.881718 0.881536 0.881335 0.881113 0.880871 0.880607 0.880321 0.880013 0.879683 0.879330 0.878955 0.878559 0.878140 0.877701 0.877240 0.876760 0.876260 0.875742 0.875206 0.874654 0.874085 0.873501 0.872902 0.872288 0.871660 0.871019 0.870366 0.869701 0.869027 0.868347 0.867663 0.866980 0.866303 0.865636 0.864982 0.864340 0.863707 0.863080 0.862464 0.861898 0.861492 0.861476 0.862228 0.864185 0.867497 0.871286 0.871995 0.864818 0.802540 1.000000
0.000000 0.796337 0.856128 0.873465 0.872672 0.869113 0.866076 0.864360 0.863741 0.863806 0.864217 0.864770 0.865368 0.865978 0.866594 0.867220 0.867858 0.868509 0.869171 0.869839 0.870509 0.871177 0.871839 0.872494 0.873138 0.873771 0.874391 0.874998 0.875591 0.876170 0.876734 0.877283 0.877815 0.878329 0.878826 0.879304 0.879762 0.880200 0.880618 0.881013 0.881387 0.881740 0.882070 0.882378 0.882664 0.882928 0.883171 0.883393 0.883594 0.883776 0.883938 0.884082 0.884208 0.884316 0.884408 0.884484 0.884545 0.884592 0.884624 0.884644 0.884652 0.884648 0.884633 0.884608 0.884573 0.884529 0.884477 0.884417 0.884350 0.884276 0.884197 0.884112 0.884023 0.883930 0.883833 0.883733 0.883631 0.883527 0.883423 0.883317 0.883212 0.883108 0.883004 0.882903 0.882803 0.882707 0.882614 0.882524 0.882439 0.882359 0.882284 0.882214 0.882151 0.882093 0.882042 0.881998 0.881961 0.881931 0.881908 0.881893 0.881885 0.881885 0.881893 0.881908 0.881931 0.881961 0.881998 0.882042 0.882093 0.882151 0.882215 0.882284 0.882360 0.882440 0.882525 0.882614 0.882707 0.882804 0.882903 0.883005 0.883108 0.883213 0.883318 0.883423 0.883528 0.883632 0.883734 0.883834 0.883931 0.884024 0.884113 0.884198 0.884277 0.884351 0.884418 0.884478 0.884530 0.884574 0.884609 0.884634 0.884649 0.884653 0.884645 0.884626 0.884593 0.884546 0.884485 0.884409 0.884317 0.884209 0.884083 0.883939 0.883777 0.883595 0.883394 0.883172 0.882929 0.882665 0.882379 0.882071 0.881741 0.881389 0.881014 0.880619 0.880202 0.879763 0.879305 0.878827 0.878330 0.877816 0.877284 0.876735 0.876171 0.875592 0.874999 0.874392 0.873772 0.873139 0.872495 0.871840 0.871178 0.870510 0.869840 0.869172 0.868510 0.867858 0.867218 0.866591 0.865972 0.865360 0.864760 0.864206 0.863796 0.863732 0.864354 0.866075 0.869115 0.872679 0.873475 0.856139 0.796346 0.000000
1.000000 0.802228 0.866466 0.874426 0.874103 0.870795 0.868018 0.866465 0.865940 0.866044 0.866463 0.867012 0.867603 0.868204 0.868811 0.869427 0.870052 0.870690 0.871337 0.871990 0.872647 0.873302 0.873953 0.874597 0.875233 0.875857 0.876470 0.877071 0.877659 0.878233 0.878793 0.879337 0.879866 0.880378 0.880872 0.881347 0.881804 0.882240 0.882656 0.883051 0.883425 0.883776 0.884106 0.884414 0.884700 0.884965 0.885208 0.885430 0.885632 0.885814 0.885976 0.886119 0.886245 0.886353 0.886444 0.886518 0.886578 0.886623 0.886653 0.886671 0.886676 0.886669 0.886651 0.886622 0.886583 0.886535 0.886478 0.886414 0.886342 0.886263 0.886179 0.886089 0.885994 0.885895 0.885793 0.885687 0.885580 0.885470 0.885360 0.885249 0.885138 0.885028 0.884920 0.884813 0.884709 0.884607 0.884510 0.884416 0.884327 0.884242 0.884164 0.884091 0.884024 0.883963 0.883910 0.883864 0.883825 0.883793 0.883769 0.883754 0.883746 0.883746 0.883754 0.883770 0.883793 0.883825 0.883864 0.883910 0.883964 0.884024 0.884091 0.884164 0.884243 0.884327 0.884417 0.884510 0.884608 0.884709 0.884814 0.884921 0.885029 0.885139 0.885250 0.885361 0.885471 0.885581 0.885688 0.885794 0.885896 0.885995 0.886090 0.886180 0.886265 0.886343 0.886415 0.886480 0.886536 0.886584 0.886623 0.886652 0.886670 0.886677 0.886672 0.886655 0.886624 0.886579 0.886520 0.886445 0.886354 0.886246 0.886121 0.885977 0.885815 0.885633 0.885431 0.885209 0.884966 0.884702 0.884415 0.884107 0.883778 0.883426 0.883052 0.882658 0.882242 0.881805 0.881349 0.880873 0.880379 0.879867 0.879338 0.878794 0.878234 0.877660 0.877072 0.876471 0.875858 0.875234 0.874598 0.873954 0.873303 0.872648 0.871992 0.871338 0.870691 0.870053 0.869425 0.868809 0.868200 0.867596 0.867003 0.866453 0.866034 0.865931 0.866458 0.868014 0.870793 0.874104 0.874430 0.866472 0.802232 1.000000
0.989405 0.905439 0.867827 0.876259 0.875402 0.872465 0.869917 0.868512 0.868066 0.868210 0.868646 0.869200 0.869792 0.870392 0.870995 0.871603 0.872218 0.872843 0.873476 0.874115 0.874757 0.875400 0.876040 0.876674 0.877300 0.877917 0.878524 0.879119 0.879701 0.880271 0.880826 0.881367 0.881893 0.882402 0.882894 0.883368 0.883823 0.884258 0.884673 0.885067 0.885440 0.885791 0.886121 0.886429 0.886715 0.886980 0.887223 0.887446 0.887648 0.887830 0.887992 0.888136 0.888261 0.888368 0.888458 0.888532 0.888590 0.888634 0.888663 0.888678 0.888680 0.888671 0.888649 0.888617 0.888575 0.888523 0.888462 0.888394 0.888317 0.888234 0.888145 0.888050 0.887950 0.887846 0.887738 0.887627 0.887514 0.887399 0.887283 0.887167 0.887051 0.886936 0.886822 0.886710 0.886601 0.886495 0.886392 0.886294 0.886201 0.886113 0.886030 0.885954 0.885884 0.885821 0.885765 0.885716 0.885676 0.885643 0.885618 0.885601 0.885593 0.885593 0.885601 0.885618 0.885643 0.885676 0.885717 0.885765 0.885821 0.885884 0.885954 0.886031 0.886113 0.886201 0.886295 0.886393 0.886495 0.886602 0.886711 0.886823 0.886937 0.887052 0.887168 0.887284 0.887400 0.887515 0.887628 0.887739 0.887847 0.887951 0.888051 0.888146 0.888235 0.888319 0.888395 0.888464 0.888524 0.888576 0.888619 0.888651 0.888672 0.888682 0.888679 0.888664 0.888635 0.888592 0.888534 0.888460 0.888369 0.888262 0.888137 0.887994 0.887831 0.887649 0.887447 0.887225 0.886981 0.886716 0.886430 0.886122 0.885792 0.885441 0.885068 0.884674 0.884259 0.883824 0.883369 0.882895 0.882403 0.881894 0.881368 0.880827 0.880272 0.879702 0.879120 0.878525 0.877918 0.877301 0.876675 0.876041 0.875401 0.874759 0.874116 0.873477 0.872844 0.872219 0.871602 0.870993 0.870389 0.869787 0.869193 0.868637 0.868200 0.868056 0.868503 0.869910 0.872460 0.875400 0.876258 0.867828 0.905440 0.989405
1.000000 0.801749 0.866749 0.875776 0.876405 0.873876 0.871653 0.870442 0.870105 0.870303 0.870768 0.871338 0.871939 0.872544 0.873146 0.873748 0.874354 0.874966 0.875585 0.876210 0.876839 0.877469 0.878097 0.878721 0.879339 0.879949 0.880549 0.881139 0.881717 0.882282 0.882834 0.883372 0.883895 0.884402 0.884892 0.885364 0.885817 0.886252 0.886666 0.887059 0.887432 0.887783 0.888113 0.888421 0.888708 0.888973 0.889217 0.889440 0.889642 0.889825 0.889987 0.890131 0.890256 0.890363 0.890453 0.890526 0.890583 0.890625 0.890652 0.890666 0.890666 0.890654 0.890630 0.890595 0.890550 0.890494 0.890430 0.890357 0.890277 0.890189 0.890095 0.889996 0.889891 0.889782 0.889669 0.889553 0.889435 0.889314 0.889193 0.889072 0.888950 0.888830 0.888711 0.888594 0.888480 0.888369 0.888263 0.888160 0.888063 0.887971 0.887884 0.887805 0.887732 0.887666 0.887607 0.887557 0.887514 0.887480 0.887454 0.887437 0.887428 0.887428 0.887437 0.887454 0.887480 0.887514 0.887557 0.887608 0.887666 0.887732 0.887805 0.887885 0.887971 0.888063 0.888161 0.888263 0.888370 0.888481 0.888595 0.888712 0.888831 0.888951 0.889073 0.889194 0.889316 0.889436 0.889554 0.889670 0.889783 0.889892 0.889997 0.890097 0.890191 0.890278 0.890359 0.890431 0.890496 0.890551 0.890597 0.890632 0.890656 0.890668 0.890667 0.890654 0.890626 0.890584 0.890527 0.890454 0.890364 0.890257 0.890132 0.889989 0.889826 0.889644 0.889441 0.889218 0.888975 0.888709 0.888423 0.888115 0.887785 0.887433 0.887061 0.886667 0.886253 0.885819 0.885365 0.884893 0.884403 0.883896 0.883373 0.882835 0.882283 0.881718 0.881140 0.880550 0.879950 0.879340 0.878723 0.878098 0.877470 0.876840 0.876212 0.875587 0.874968 0.874355 0.873748 0.873145 0.872541 0.871935 0.871332 0.870760 0.870295 0.870095 0.870433 0.871645 0.873869 0.876400 0.875773 0.866746 0.801747 1.000000
0.000000 0.793611 0.856175 0.876175 0.877311 0.875226 0.873303 0.872306 0.872087 0.872347 0.872844 0.873434 0.874048 0.874660 0.875264 0.875862 0.876459 0.877060 0.877665 0.878275 0.878890 0.879507 0.880124 0.880739 0.881349 0.881952 0.882546 0.883131 0.883704 0.884266 0.884815 0.885350 0.885871 0.886376 0.886864 0.887335 0.887788 0.888221 0.888635 0.889028 0.889401 0.889752 0.890083 0.890391 0.890678 0.890944 0.891189 0.891413 0.891616 0.891798 0.891962 0.892105 0.892231 0.892338 0.892428 0.892500 0.892557 0.892598 0.892624 0.892637 0.892635 0.892621 0.892595 0.892557 0.892509 0.892451 0.892383 0.892307 0.892222 0.892131 0.892032 0.891928 0.891819 0.891705 0.891587 0.891467 0.891343 0.891218 0.891092 0.890965 0.890839 0.890713 0.890589 0.890468 0.890349 0.890233 0.890122 0.890015 0.889914 0.889818 0.889728 0.889645 0.889569 0.889500 0.889439 0.889386 0.889342 0.889306 0.889279 0.889261 0.889252 0.889252 0.889261 0.889279 0.889306 0.889342 0.889387 0.889439 0.889500 0.889569 0.889645 0.889728 0.889818 0.889914 0.890016 0.890123 0.890234 0.890350 0.890469 0.890590 0.890714 0.890840 0.890966 0.891093 0.891219 0.891344 0.891468 0.891589 0.891706 0.891820 0.891930 0.892034 0.892132 0.892224 0.892308 0.892384 0.892452 0.892510 0.892559 0.892596 0.892623 0.892637 0.892638 0.892626 0.892600 0.892558 0.892502 0.892429 0.892339 0.892232 0.892107 0.891963 0.891800 0.891617 0.891414 0.891190 0.890946 0.890680 0.890393 0.890084 0.889754 0.889402 0.889030 0.888636 0.888223 0.887789 0.887336 0.886866 0.886377 0.885872 0.885352 0.884817 0.884268 0.883706 0.883132 0.882547 0.881953 0.881350 0.880740 0.880126 0.879509 0.878891 0.878277 0.877666 0.877061 0.876460 0.875863 0.875263 0.874658 0.874045 0.873430 0.872838 0.872339 0.872078 0.872297 0.873295 0.875219 0.877305 0.876169 0.856171 0.793608 0.000000
0.992645 0.796334 0.866975 0.877826 0.878639 0.876665 0.874988 0.874162 0.874043 0.874355 0.874883 0.875494 0.876123 0.876743 0.877350 0.877944 0.878533 0.879121 0.879712 0.880308 0.880909 0.881514 0.882120 0.882726 0.883328 0.883925 0.884514 0.885094 0.885664 0.886222 0.886769 0.887302 0.887820 0.888324 0.888811 0.889281 0.889733 0.890166 0.890580 0.890973 0.891346 0.891698 0.892029 0.892339 0.892627 0.892894 0.893139 0.893364 0.893568 0.893752 0.893916 0.894060 0.894186 0.894294 0.894384 0.894456 0.894513 0.894553 0.894579 0.894590 0.894588 0.894572 0.894544 0.894504 0.894453 0.894392 0.894322 0.894242 0.894154 0.894059 0.893957 0.893849 0.893735 0.893617 0.893494 0.893369 0.893241 0.893111 0.892979 0.892848 0.892716 0.892586 0.892457 0.892330 0.892207 0.892087 0.891971 0.891860 0.891754 0.891654 0.891561 0.891474 0.891395 0.891323 0.891260 0.891205 0.891159 0.891122 0.891094 0.891075 0.891065 0.891065 0.891075 0.891094 0.891122 0.891159 0.891205 0.891260 0.891324 0.891395 0.891475 0.891561 0.891655 0.891755 0.891861 0.891972 0.892088 0.892208 0.892331 0.892458 0.892587 0.892717 0.892849 0.892981 0.893112 0.893242 0.893370 0.893496 0.893618 0.893736 0.893850 0.893958 0.894060 0.894156 0.894244 0.894323 0.894394 0.894455 0.894506 0.894545 0.894573 0.894589 0.894592 0.894581 0.894555 0.894514 0.894458 0.894385 0.894295 0.894188 0.894062 0.893917 0.893753 0.893569 0.893365 0.893141 0.892895 0.892628 0.892340 0.892031 0.891700 0.891348 0.890975 0.890581 0.890168 0.889735 0.889283 0.888813 0.888325 0.887822 0.887303 0.886770 0.886224 0.885665 0.885095 0.884515 0.883926 0.883329 0.882727 0.882122 0.881515 0.880911 0.880310 0.879713 0.879122 0.878534 0.877945 0.877350 0.876743 0.876121 0.875491 0.874878 0.874349 0.874036 0.874154 0.874981 0.876658 0.878633 0.877821 0.866971 0.796330 0.992644
0.960973 0.906396 0.880575 0.881838 0.880213 0.878227 0.876718 0.876014 0.875965 0.876322 0.876881 0.877516 0.878162 0.878793 0.879401 0.879992 0.880572 0.881148 0.881725 0.882307 0.882895 0.883488 0.884084 0.884681 0.885276 0.885866 0.886451 0.887027 0.887594 0.888150 0.888694 0.889225 0.889743 0.890245 0.890731 0.891201 0.891653 0.892086 0.892500 0.892894 0.893268 0.893621 0.893953 0.894263 0.894553 0.894821 0.895068 0.895294 0.895499 0.895684 0.895850 0.895995 0.896122 0.896231 0.896321 0.896394 0.896451 0.896492 0.896517 0.896528 0.896524 0.896507 0.896478 0.896436 0.896384 0.896320 0.896247 0.896165 0.896074 0.895975 0.895869 0.895757 0.895640 0.895517 0.895390 0.895260 0.895127 0.894992 0.894856 0.894720 0.894583 0.894448 0.894314 0.894183 0.894054 0.893930 0.893809 0.893694 0.893584 0.893480 0.893383 0.893293 0.893210 0.893136 0.893070 0.893013 0.892965 0.892926 0.892897 0.892877 0.892867 0.892867 0.892877 0.892897 0.892926 0.892965 0.893013 0.893070 0.893136 0.893211 0.893293 0.893383 0.893481 0.893585 0.893695 0.893810 0.893931 0.894055 0.894184 0.894315 0.894449 0.894585 0.894721 0.894858 0.894994 0.895129 0.895261 0.895392 0.895518 0.895641 0.895759 0.895871 0.895977 0.896075 0.896166 0.896249 0.896322 0.896385 0.896438 0.896479 0.896509 0.896526 0.896529 0.896519 0.896493 0.896453 0.896396 0.896323 0.896232 0.896124 0.895997 0.895851 0.895686 0.895501 0.895296 0.895069 0.894822 0.894554 0.894265 0.893954 0.893622 0.893270 0.892896 0.892502 0.892088 0.891654 0.891203 0.890733 0.890246 0.889744 0.889227 0.888696 0.888151 0.887595 0.887029 0.886452 0.885868 0.885277 0.884682 0.884085 0.883489 0.882896 0.882309 0.881727 0.881149 0.880573 0.879993 0.879402 0.878793 0.878161 0.877514 0.876878 0.876318 0.875960 0.876008 0.876712 0.878221 0.880208 0.881833 0.880572 0.906393 0.960973
0.948896 0.913573 0.892563 0.884250 0.881852 0.879805 0.878425 0.877810 0.877825 0.878232 0.878831 0.879496 0.880163 0.880805 0.881417 0.882004 0.882575 0.883138 0.883702 0.884270 0.884845 0.885427 0.886014 0.886602 0.887191 0.887777 0.888357 0.888930 0.889494 0.890048 0.890590 0.891120 0.891636 0.892138 0.892624 0.893094 0.893546 0.893980 0.894395 0.894790 0.895165 0.895519 0.895852 0.896164 0.896455 0.896725 0.896974 0.897202 0.897409 0.897596 0.897763 0.897910 0.898038 0.898148 0.898239 0.898313 0.898371 0.898412 0.898437 0.898448 0.898444 0.898426 0.898396 0.898353 0.898298 0.898233 0.898158 0.898073 0.897979 0.897877 0.897768 0.897652 0.897531 0.897404 0.897273 0.897138 0.897001 0.896861 0.896720 0.896579 0.896438 0.896297 0.896158 0.896022 0.895889 0.895759 0.895634 0.895514 0.895400 0.895292 0.895191 0.895097 0.895011 0.894934 0.894865 0.894806 0.894756 0.894715 0.894685 0.894665 0.894654 0.894654 0.894665 0.894685 0.894716 0.894756 0.894806 0.894866 0.894934 0.895012 0.895098 0.895191 0.895292 0.895400 0.895515 0.895635 0.895760 0.895890 0.896023 0.896159 0.896298 0.896439 0.896580 0.896722 0.896863 0.897002 0.897140 0.897274 0.897405 0.897532 0.897654 0.897770 0.897879 0.897980 0.898074 0.898159 0.898235 0.898300 0.898355 0.898397 0.898428 0.898445 0.898449 0.898439 0.898414 0.898373 0.898315 0.898241 0.898150 0.898040 0.897912 0.897764 0.897598 0.897411 0.897204 0.896976 0.896727 0.896457 0.896166 0.895854 0.895521 0.895166 0.894791 0.894396 0.893982 0.893548 0.893096 0.892626 0.892140 0.891638 0.891122 0.890592 0.890049 0.889495 0.888931 0.888358 0.887778 0.887193 0.886604 0.886015 0.885429 0.884847 0.884272 0.883704 0.883140 0.882576 0.882005 0.881418 0.880805 0.880163 0.879495 0.878829 0.878229 0.877822 0.877806 0.878420 0.879800 0.881848 0.884247 0.892560 0.913571 0.948896
0.961637 0.908213 0.883203 0.884679 0.883192 0.881376 0.880058 0.879521 0.879610 0.880080 0.880729 0.881432 0.882122 0.882777 0.883392 0.883975 0.884537 0.885089 0.885639 0.886195 0.886758 0.887329 0.887907 0.888489 0.889072 0.889653 0.890229 0.890799 0.891361 0.891914 0.892455 0.892984 0.893500 0.894002 0.894488 0.894958 0.895411 0.895846 0.896261 0.896658 0.897034 0.897390 0.897725 0.898039 0.898332 0.898604 0.898855 0.899085 0.899295 0.899484 0.899653 0.899802 0.899932 0.900043 0.900136 0.900211 0.900270 0.900312 0.900337 0.900348 0.900344 0.900326 0.900295 0.900251 0.900195 0.900128 0.900051 0.899963 0.899867 0.899762 0.899650 0.899531 0.899405 0.899275 0.899139 0.899000 0.898858 0.898714 0.898568 0.898421 0.898275 0.898129 0.897985 0.897844 0.897705 0.897571 0.897441 0.897316 0.897197 0.897085 0.896980 0.896883 0.896793 0.896713 0.896641 0.896579 0.896527 0.896485 0.896453 0.896432 0.896422 0.896422 0.896432 0.896454 0.896485 0.896527 0.896580 0.896642 0.896713 0.896794 0.896883 0.896981 0.897086 0.897198 0.897317 0.897442 0.897572 0.897706 0.897845 0.897986 0.898130 0.898276 0.898423 0.898569 0.898715 0.898859 0.899002 0.899141 0.899276 0.899407 0.899532 0.899652 0.899764 0.899869 0.899965 0.900053 0.900130 0.900197 0.900253 0.900297 0.900328 0.900346 0.900350 0.900339 0.900313 0.900272 0.900213 0.900138 0.900045 0.899934 0.899804 0.899654 0.899486 0.899297 0.899087 0.898857 0.898606 0.898334 0.898041 0.897727 0.897392 0.897036 0.896660 0.896263 0.895847 0.895413 0.894960 0.894490 0.894003 0.893502 0.892986 0.892457 0.891915 0.891363 0.890801 0.890231 0.889654 0.889073 0.888490 0.887909 0.887331 0.886760 0.886196 0.885641 0.885090 0.884538 0.883976 0.883393 0.882778 0.882123 0.881432 0.880729 0.880079 0.879608 0.879519 0.880055 0.881374 0.883189 0.884676 0.883201 0.908212 0.961637
0.993106 0.800259 0.871895 0.883260 0.884466 0.882927 0.881660 0.881182 0.881347 0.881886 0.882588 0.883326 0.884040 0.884705 0.885322 0.885900 0.886453 0.886994 0.887533 0.888076 0.888629 0.889191 0.889761 0.890336 0.890914 0.891491 0.892065 0.892633 0.893193 0.893744 0.894285 0.894814 0.895330 0.895832 0.896318 0.896789 0.897243 0.897679 0.898097 0.898495 0.898873 0.899231 0.899568 0.899885 0.900180 0.900455 0.900708 0.900941 0.901152 0.901344 0.901515 0.901667 0.901799 0.901912 0.902007 0.902084 0.902143 0.902186 0.902213 0.902224 0.902220 0.902202 0.902170 0.902125 0.902069 0.902000 0.901921 0.901831 0.901732 0.901624 0.901509 0.901386 0.901257 0.901122 0.900982 0.900839 0.900692 0.900542 0.900391 0.900239 0.900088 0.899937 0.899787 0.899640 0.899497 0.899357 0.899222 0.899092 0.898968 0.898851 0.898742 0.898640 0.898547 0.898463 0.898389 0.898324 0.898270 0.898226 0.898193 0.898171 0.898160 0.898160 0.898171 0.898193 0.898226 0.898270 0.898325 0.898389 0.898464 0.898548 0.898641 0.898743 0.898852 0.898969 0.899093 0.899222 0.899358 0.899498 0.899641 0.899788 0.899938 0.900089 0.900241 0.900393 0.900544 0.900693 0.900840 0.900984 0.901124 0.901258 0.901388 0.901510 0.901626 0.901734 0.901833 0.901922 0.902002 0.902070 0.902127 0.902172 0.902204 0.902222 0.902226 0.902215 0.902188 0.902145 0.902086 0.902009 0.901914 0.901801 0.901668 0.901517 0.901346 0.901154 0.900943 0.900710 0.900457 0.900182 0.899887 0.899570 0.899233 0.898875 0.898497 0.898098 0.897681 0.897245 0.896791 0.896320 0.895833 0.895331 0.894816 0.894287 0.893746 0.893195 0.892635 0.892067 0.891493 0.890916 0.890338 0.889762 0.889192 0.888630 0.888078 0.887534 0.886996 0.886455 0.885902 0.885324 0.884706 0.884041 0.883327 0.882588 0.881886 0.881347 0.881181 0.881659 0.882926 0.884465 0.883259 0.871894 0.800259 0.993106
0.000000 0.797474 0.862635 0.883907 0.885908 0.884553 0.883308 0.882872 0.883090 0.883678 0.884418 0.885183 0.885912 0.886584 0.887201 0.887774 0.888318 0.888848 0.889375 0.889908 0.890451 0.891005 0.891569 0.892139 0.892713 0.893287 0.893859 0.894425 0.894984 0.895535 0.896075 0.896604 0.897120 0.897623 0.898110 0.898582 0.899038 0.899475 0.899894 0.900295 0.900675 0.901036 0.901375 0.901695 0.901993 0.902270 0.902526 0.902761 0.902976 0.903170 0.903344 0.903498 0.903632 0.903748 0.903845 0.903923 0.903985 0.904029 0.904056 0.904068 0.904065 0.904047 0.904015 0.903969 0.903911 0.903841 0.903760 0.903668 0.903567 0.903456 0.903337 0.903211 0.903078 0.902939 0.902794 0.902646 0.902494 0.902339 0.902183 0.902025 0.901868 0.901711 0.901556 0.901403 0.901254 0.901108 0.900968 0.900832 0.900704 0.900582 0.900468 0.900362 0.900265 0.900177 0.900099 0.900032 0.899975 0.899929 0.899895 0.899872 0.899860 0.899860 0.899872 0.899895 0.899930 0.899975 0.900032 0.900100 0.900178 0.900265 0.900362 0.900468 0.900583 0.900705 0.900833 0.900969 0.901109 0.901255 0.901404 0.901557 0.901713 0.901869 0.902027 0.902184 0.902341 0.902495 0.902647 0.902796 0.902940 0.903079 0.903213 0.903339 0.903458 0.903569 0.903670 0.903762 0.903843 0.903913 0.903971 0.904017 0.904049 0.904067 0.904070 0.904058 0.904031 0.903987 0.903926 0.903847 0.903750 0.903635 0.903500 0.903346 0.903172 0.902978 0.902763 0.902528 0.902272 0.901995 0.901697 0.901377 0.901038 0.900677 0.900297 0.899896 0.899477 0.899040 0.898584 0.898112 0.897624 0.897122 0.896606 0.896077 0.895537 0.894986 0.894427 0.893861 0.893289 0.892715 0.892141 0.891570 0.891007 0.890453 0.889910 0.889377 0.888849 0.888320 0.887775 0.887203 0.886586 0.885914 0.885185 0.884420 0.883679 0.883091 0.882872 0.883308 0.884553 0.885908 0.883907 0.862635 0.797474 0.000000
0.994433 0.803638 0.875349 0.886692 0.887843 0.886286 0.885046 0.884627 0.884862 0.885466 0.886222 0.886998 0.887733 0.888406 0.889019 0.889586 0.890121 0.890641 0.891159 0.891683 0.892218 0.892766 0.893324 0.893890 0.894461 0.895033 0.895603 0.896169 0.896727 0.897278 0.897818 0.898347 0.898864 0.899368 0.899857 0.900330 0.900787 0.901226 0.901648 0.902050 0.902433 0.902796 0.903139 0.903461 0.903762 0.904042 0.904301 0.904540 0.904757 0.904954 0.905131 0.905288 0.905425 0.905543 0.905642 0.905723 0.905786 0.905831 0.905860 0.905873 0.905870 0.905852 0.905819 0.905773 0.905714 0.905643 0.905560 0.905466 0.905362 0.905248 0.905126 0.904996 0.904858 0.904715 0.904566 0.904412 0.904255 0.904095 0.903933 0.903769 0.903606 0.903443 0.903282 0.903123 0.902967 0.902816 0.902669 0.902528 0.902394 0.902266 0.902147 0.902037 0.901935 0.901844 0.901762 0.901692 0.901632 0.901585 0.901548 0.901524 0.901512 0.901512 0.901524 0.901549 0.901585 0.901633 0.901692 0.901763 0.901844 0.901936 0.902037 0.902148 0.902267 0.902394 0.902529 0.902670 0.902817 0.902968 0.903124 0.903283 0.903444 0.903607 0.903771 0.903934 0.904096 0.904257 0.904414 0.904568 0.904717 0.904860 0.904997 0.905128 0.905250 0.905364 0.905468 0.905562 0.905645 0.905716 0.905775 0.905821 0.905854 0.905872 0.905875 0.905862 0.905833 0.905788 0.905725 0.905644 0.905545 0.905427 0.905290 0.905133 0.904957 0.904760 0.904542 0.904304 0.904044 0.903764 0.903463 0.903141 0.902798 0.902435 0.902052 0.901650 0.901228 0.900789 0.900332 0.899859 0.899370 0.898866 0.898349 0.897820 0.897280 0.896729 0.896170 0.895605 0.895035 0.894463 0.893892 0.893326 0.892767 0.892220 0.891685 0.891161 0.890643 0.890123 0.889587 0.889021 0.888408 0.887735 0.886999 0.886223 0.885468 0.884863 0.884628 0.885047 0.886287 0.887844 0.886692 0.875350 0.803639 0.994433
0.964698 0.913571 0.889772 0.891446 0.889926 0.888081 0.886815 0.886394 0.886622 0.887222 0.887977 0.888753 0.889488 0.890158 0.890766 0.891326 0.891853 0.892365 0.892875 0.893392 0.893920 0.894463 0.895017 0.895580 0.896149 0.896720 0.897289 0.897854 0.898413 0.898964 0.899505 0.900035 0.900553 0.901058 0.901549 0.902024 0.902482 0.902924 0.903348 0.903753 0.904139 0.904505 0.904850 0.905175 0.905480 0.905763 0.906026 0.906268 0.906489 0.906689 0.906869 0.907028 0.907168 0.907289 0.907390 0.907473 0.907538 0.907585 0.907616 0.907629 0.907627 0.907609 0.907577 0.907530 0.907471 0.907398 0.907313 0.907217 0.907110 0.906994 0.906868 0.906734 0.906593 0.906444 0.906291 0.906132 0.905969 0.905803 0.905635 0.905466 0.905296 0.905126 0.904959 0.904793 0.904631 0.904473 0.904320 0.904173 0.904033 0.903900 0.903775 0.903660 0.903554 0.903458 0.903373 0.903299 0.903237 0.903187 0.903149 0.903124 0.903111 0.903111 0.903124 0.903149 0.903187 0.903237 0.903300 0.903374 0.903459 0.903555 0.903661 0.903776 0.903901 0.904034 0.904174 0.904321 0.904474 0.904632 0.904794 0.904960 0.905128 0.905297 0.905467 0.905636 0.905805 0.905971 0.906134 0.906292 0.906446 0.906594 0.906736 0.906870 0.906996 0.907112 0.907219 0.907315 0.907400 0.907473 0.907533 0.907579 0.907611 0.907629 0.907631 0.907618 0.907588 0.907540 0.907476 0.907393 0.907291 0.907171 0.907031 0.906871 0.906691 0.906491 0.906270 0.906028 0.905766 0.905482 0.905178 0.904853 0.904507 0.904141 0.903755 0.903350 0.902926 0.902485 0.902026 0.901551 0.901060 0.900555 0.900037 0.899507 0.898966 0.898415 0.897856 0.897291 0.896722 0.896151 0.895582 0.895019 0.894464 0.893922 0.893393 0.892877 0.892367 0.891855 0.891328 0.890768 0.890160 0.889490 0.888755 0.887978 0.887224 0.886624 0.886396 0.886816 0.888082 0.889927 0.891447 0.889773 0.913572 0.964699
0.953981 0.921338 0.902092 0.894346 0.891893 0.889802 0.888511 0.888081 0.888305 0.888902 0.889654 0.890429 0.891161 0.891828 0.892431 0.892984 0.893505 0.894010 0.894514 0.895025 0.895549 0.896088 0.896639 0.897201 0.897768 0.898339 0.898909 0.899474 0.900034 0.900586 0.901129 0.901660 0.902180 0.902687 0.903179 0.903656 0.904117 0.904561 0.904988 0.905396 0.905784 0.906154 0.906503 0.906831 0.907139 0.907427 0.907693 0.907938 0.908163 0.908366 0.908550 0.908713 0.908856 0.908980 0.909084 0.909170 0.909237 0.909286 0.909318 0.909333 0.909332 0.909315 0.909283 0.909236 0.909175 0.909102 0.909015 0.908917 0.908808 0.908689 0.908560 0.908422 0.908277 0.908124 0.907966 0.907802 0.907633 0.907462 0.907288 0.907112 0.906936 0.906760 0.906585 0.906413 0.906245 0.906080 0.905921 0.905767 0.905621 0.905482 0.905352 0.905232 0.905121 0.905021 0.904932 0.904855 0.904790 0.904737 0.904698 0.904671 0.904658 0.904658 0.904671 0.904698 0.904737 0.904790 0.904855 0.904932 0.905021 0.905122 0.905232 0.905353 0.905483 0.905622 0.905768 0.905922 0.906081 0.906246 0.906415 0.906587 0.906761 0.906937 0.907113 0.907289 0.907463 0.907635 0.907803 0.907967 0.908126 0.908279 0.908424 0.908562 0.908691 0.908810 0.908919 0.909017 0.909104 0.909177 0.909238 0.909285 0.909317 0.909334 0.909335 0.909320 0.909288 0.909239 0.909172 0.909086 0.908982 0.908858 0.908715 0.908552 0.908369 0.908165 0.907940 0.907695 0.907429 0.907142 0.906834 0.906505 0.906156 0.905787 0.905398 0.904990 0.904564 0.904119 0.903658 0.903181 0.902689 0.902182 0.901663 0.901131 0.900588 0.900036 0.899477 0.898911 0.898341 0.897770 0.897202 0.896641 0.896089 0.895551 0.895027 0.894515 0.894012 0.893507 0.892986 0.892433 0.891830 0.891163 0.890431 0.889656 0.888904 0.888306 0.888083 0.888513 0.889804 0.891895 0.894348 0.902093 0.921339 0.953981
0.966684 0.916886 0.893795 0.895246 0.893432 0.891406 0.890070 0.889637 0.889871 0.890478 0.891236 0.892013 0.892744 0.893407 0.894006 0.894555 0.895070 0.895571 0.896070 0.896577 0.897098 0.897634 0.898184 0.898745 0.899313 0.899884 0.900455 0.901023 0.901584 0.902139 0.902683 0.903217 0.903739 0.904248 0.904743 0.905223 0.905687 0.906134 0.906564 0.906975 0.907367 0.907740 0.908093 0.908426 0.908738 0.909029 0.909300 0.909550 0.909778 0.909986 0.910174 0.910341 0.910488 0.910615 0.910723 0.910812 0.910882 0.910934 0.910968 0.910985 0.910986 0.910970 0.910939 0.910893 0.910832 0.910758 0.910671 0.910572 0.910461 0.910339 0.910208 0.910067 0.909918 0.909762 0.909599 0.909430 0.909257 0.909080 0.908900 0.908718 0.908536 0.908354 0.908173 0.907995 0.907819 0.907649 0.907483 0.907324 0.907171 0.907027 0.906891 0.906765 0.906650 0.906546 0.906453 0.906372 0.906304 0.906249 0.906208 0.906180 0.906167 0.906167 0.906181 0.906208 0.906250 0.906305 0.906373 0.906453 0.906546 0.906651 0.906766 0.906892 0.907028 0.907172 0.907325 0.907484 0.907650 0.907821 0.907996 0.908175 0.908355 0.908537 0.908720 0.908901 0.909081 0.909258 0.909432 0.909600 0.909763 0.909920 0.910069 0.910210 0.910341 0.910463 0.910574 0.910673 0.910760 0.910834 0.910895 0.910941 0.910972 0.910988 0.910988 0.910971 0.910936 0.910884 0.910814 0.910725 0.910618 0.910490 0.910343 0.910176 0.909989 0.909781 0.909552 0.909302 0.909032 0.908740 0.908428 0.908096 0.907743 0.907370 0.906977 0.906566 0.906136 0.905689 0.905225 0.904745 0.904251 0.903742 0.903220 0.902686 0.902141 0.901587 0.901025 0.900457 0.899886 0.899315 0.898747 0.898186 0.897636 0.897100 0.896579 0.896072 0.895573 0.895072 0.894557 0.894008 0.893409 0.892746 0.892015 0.891238 0.890480 0.889873 0.889639 0.890072 0.891408 0.893434 0.895248 0.893798 0.916888 0.966684
0.997136 0.811545 0.883584 0.894217 0.894740 0.892869 0.891519 0.891088 0.891339 0.891962 0.892729 0.893508 0.894237 0.894898 0.895493 0.896038 0.896550 0.897047 0.897543 0.898049 0.898568 0.899103 0.899652 0.900213 0.900782 0.901355 0.901928 0.902499 0.903064 0.903621 0.904170 0.904707 0.905233 0.905745 0.906243 0.906727 0.907194 0.907645 0.908079 0.908494 0.908891 0.909268 0.909626 0.909963 0.910280 0.910577 0.910852 0.911107 0.911341 0.911554 0.911747 0.911919 0.912071 0.912203 0.912315 0.912408 0.912482 0.912538 0.912576 0.912596 0.912600 0.912586 0.912557 0.912513 0.912453 0.912380 0.912293 0.912194 0.912082 0.911960 0.911827 0.911684 0.911532 0.911373 0.911207 0.911034 0.910857 0.910675 0.910491 0.910304 0.910117 0.909929 0.909743 0.909559 0.909378 0.909201 0.909030 0.908864 0.908707 0.908557 0.908416 0.908286 0.908166 0.908057 0.907961 0.907877 0.907806 0.907749 0.907706 0.907678 0.907663 0.907663 0.907678 0.907707 0.907750 0.907807 0.907877 0.907961 0.908058 0.908166 0.908286 0.908417 0.908558 0.908708 0.908866 0.909031 0.909202 0.909379 0.909560 0.909744 0.909931 0.910118 0.910306 0.910493 0.910677 0.910859 0.911036 0.911209 0.911375 0.911534 0.911686 0.911829 0.911962 0.912085 0.912196 0.912296 0.912382 0.912456 0.912515 0.912559 0.912589 0.912602 0.912599 0.912578 0.912541 0.912485 0.912411 0.912317 0.912205 0.912073 0.911921 0.911749 0.911557 0.911344 0.911110 0.910855 0.910579 0.910283 0.909966 0.909628 0.909270 0.908893 0.908496 0.908081 0.907647 0.907197 0.906729 0.906246 0.905747 0.905235 0.904709 0.904172 0.903624 0.903066 0.902501 0.901931 0.901357 0.900784 0.900216 0.899654 0.899105 0.898570 0.898051 0.897545 0.897049 0.896552 0.896040 0.895495 0.894900 0.894239 0.893510 0.892731 0.891964 0.891341 0.891090 0.891521 0.892871 0.894743 0.894220 0.883587 0.811547 0.997136
0.000000 0.808890 0.874555 0.894684 0.895948 0.894259 0.892930 0.892506 0.892766 0.893392 0.894156 0.894931 0.895655 0.896310 0.896902 0.897444 0.897954 0.898449 0.898944 0.899448 0.899967 0.900502 0.901052 0.901614 0.902185 0.902761 0.903337 0.903912 0.904481 0.905044 0.905597 0.906139 0.906670 0.907187 0.907690 0.908178 0.908651 0.909106 0.909545 0.909965 0.910367 0.910750 0.911114 0.911457 0.911781 0.912083 0.912365 0.912627 0.912867 0.913087 0.913286 0.913465 0.913623 0.913761 0.913879 0.913978 0.914058 0.914120 0.914163 0.914188 0.914196 0.914187 0.914161 0.914120 0.914064 0.913993 0.913908 0.913811 0.913700 0.913578 0.913445 0.913302 0.913150 0.912990 0.912822 0.912647 0.912467 0.912283 0.912095 0.911905 0.911713 0.911522 0.911331 0.911142 0.910956 0.910775 0.910599 0.910429 0.910266 0.910112 0.909967 0.909832 0.909709 0.909596 0.909497 0.909410 0.909337 0.909278 0.909234 0.909204 0.909189 0.909189 0.909204 0.909234 0.909279 0.909338 0.909411 0.909497 0.909597 0.909709 0.909833 0.909968 0.910113 0.910267 0.910430 0.910600 0.910776 0.910958 0.911143 0.911332 0.911523 0.911715 0.911906 0.912097 0.912285 0.912469 0.912649 0.912824 0.912992 0.913152 0.913304 0.913448 0.913580 0.913703 0.913813 0.913911 0.913995 0.914066 0.914122 0.914164 0.914189 0.914198 0.914190 0.914165 0.914122 0.914061 0.913981 0.913882 0.913763 0.913625 0.913467 0.913289 0.913089 0.912870 0.912629 0.912368 0.912086 0.911783 0.911460 0.911116 0.910753 0.910370 0.909968 0.909547 0.909109 0.908653 0.908181 0.907693 0.907189 0.906672 0.906142 0.905599 0.905046 0.904484 0.903914 0.903339 0.902763 0.902187 0.901616 0.901054 0.900504 0.899969 0.899450 0.898946 0.898451 0.897956 0.897446 0.896904 0.896312 0.895657 0.894933 0.894158 0.893394 0.892768 0.892509 0.892932 0.894261 0.895950 0.894686 0.874558 0.808893 0.000000
0.996899 0.812747 0.885556 0.896595 0.897345 0.895634 0.894360 0.893953 0.894200 0.894805 0.895549 0.896307 0.897020 0.897668 0.898254 0.898793 0.899302 0.899796 0.900291 0.900796 0.901315 0.901851 0.902402 0.902967 0.903540 0.904120 0.904701 0.905281 0.905856 0.906425 0.906985 0.907534 0.908072 0.908596 0.909105 0.909600 0.910078 0.910540 0.910985 0.911412 0.911821 0.912211 0.912581 0.912932 0.913263 0.913574 0.913864 0.914134 0.914383 0.914611 0.914818 0.915005 0.915172 0.915318 0.915444 0.915551 0.915639 0.915708 0.915758 0.915791 0.915805 0.915802 0.915783 0.915748 0.915697 0.915631 0.915551 0.915457 0.915350 0.915231 0.915101 0.914960 0.914809 0.914649 0.914482 0.914307 0.914127 0.913942 0.913753 0.913561 0.913367 0.913173 0.912980 0.912788 0.912599 0.912415 0.912235 0.912062 0.911896 0.911738 0.911590 0.911452 0.911325 0.911210 0.911107 0.911019 0.910944 0.910883 0.910837 0.910807 0.910791 0.910791 0.910807 0.910838 0.910883 0.910944 0.911019 0.911108 0.911210 0.911325 0.911452 0.911591 0.911739 0.911897 0.912063 0.912236 0.912416 0.912601 0.912790 0.912981 0.913175 0.913369 0.913562 0.913754 0.913944 0.914129 0.914309 0.914484 0.914651 0.914811 0.914962 0.915103 0.915233 0.915352 0.915459 0.915553 0.915633 0.915699 0.915750 0.915786 0.915805 0.915808 0.915793 0.915761 0.915710 0.915642 0.915554 0.915447 0.915321 0.915174 0.915008 0.914821 0.914613 0.914385 0.914136 0.913867 0.913577 0.913266 0.912935 0.912584 0.912213 0.911823 0.911415 0.910988 0.910543 0.910081 0.909602 0.909108 0.908598 0.908074 0.907537 0.906987 0.906427 0.905859 0.905283 0.904703 0.904122 0.903543 0.902969 0.902404 0.901853 0.901317 0.900798 0.900293 0.899799 0.899304 0.898795 0.898256 0.897670 0.897022 0.896309 0.895551 0.894807 0.894202 0.893955 0.894362 0.895637 0.897348 0.896598 0.885559 0.812750 0.996900
0.964457 0.918226 0.897704 0.900209 0.898856 0.897030 0.895823 0.895433 0.895653 0.896220 0.896932 0.897666 0.898363 0.899000 0.899581 0.900117 0.900625 0.901120 0.901616 0.902122 0.902643 0.903181 0.903735 0.904303 0.904880 0.905464 0.906051 0.906637 0.907220 0.907797 0.908365 0.908923 0.909469 0.910001 0.910519 0.911022 0.911509 0.911979 0.912432 0.912867 0.913284 0.913683 0.914062 0.914422 0.914763 0.915083 0.915383 0.915663 0.915922 0.916161 0.916379 0.916576 0.916753 0.916910 0.917047 0.917164 0.917262 0.917341 0.917401 0.917443 0.917467 0.917474 0.917463 0.917436 0.917393 0.917335 0.917262 0.917175 0.917074 0.916961 0.916835 0.916699 0.916552 0.916396 0.916232 0.916060 0.915882 0.915698 0.915510 0.915318 0.915125 0.914931 0.914736 0.914544 0.914354 0.914167 0.913986 0.913810 0.913642 0.913482 0.913332 0.913192 0.913062 0.912945 0.912841 0.912751 0.912674 0.912613 0.912566 0.912535 0.912519 0.912519 0.912535 0.912566 0.912613 0.912675 0.912751 0.912842 0.912946 0.913063 0.913192 0.913333 0.913483 0.913643 0.913812 0.913987 0.914169 0.914355 0.914545 0.914738 0.914932 0.915127 0.915320 0.915512 0.915700 0.915884 0.916062 0.916234 0.916399 0.916555 0.916701 0.916838 0.916963 0.917076 0.917177 0.917264 0.917337 0.917396 0.917439 0.917466 0.917476 0.917470 0.917446 0.917404 0.917344 0.917265 0.917167 0.917050 0.916913 0.916756 0.916579 0.916381 0.916163 0.915925 0.915666 0.915386 0.915086 0.914765 0.914425 0.914065 0.913685 0.913287 0.912870 0.912434 0.911982 0.911511 0.911025 0.910522 0.910004 0.909471 0.908925 0.908367 0.907799 0.907222 0.906640 0.906053 0.905467 0.904883 0.904305 0.903737 0.903183 0.902645 0.902124 0.901618 0.901122 0.900627 0.900119 0.899583 0.899003 0.898365 0.897668 0.896934 0.896222 0.895655 0.895435 0.895825 0.897032 0.898859 0.900211 0.897707 0.918228 0.964457
0.946140 0.923645 0.909655 0.903315 0.900538 0.898532 0.897334 0.896928 0.897113 0.897642 0.898324 0.899036 0.899717 0.900344 0.900919 0.901452 0.901960 0.902456 0.902955 0.903465 0.903990 0.904532 0.905090 0.905662 0.906244 0.906833 0.907426 0.908020 0.908610 0.909196 0.909774 0.910342 0.910898 0.911441 0.911969 0.912482 0.912979 0.913459 0.913922 0.914367 0.914794 0.915202 0.915592 0.915963 0.916315 0.916647 0.916959 0.917250 0.917522 0.917773 0.918004 0.918214 0.918404 0.918574 0.918723 0.918853 0.918964 0.919055 0.919128 0.919182 0.919217 0.919236 0.919236 0.919220 0.919188 0.919140 0.919076 0.918999 0.918907 0.918802 0.918684 0.918555 0.918415 0.918265 0.918106 0.917939 0.917765 0.917585 0.917400 0.917211 0.917019 0.916827 0.916633 0.916441 0.916251 0.916065 0.915883 0.915707 0.915538 0.915377 0.915225 0.915083 0.914953 0.914834 0.914729 0.914637 0.914560 0.914497 0.914450 0.914418 0.914402 0.914402 0.914418 0.914450 0.914498 0.914560 0.914638 0.914730 0.914835 0.914954 0.915084 0.915226 0.915378 0.915539 0.915708 0.915884 0.916066 0.916253 0.916443 0.916635 0.916828 0.917021 0.917213 0.917402 0.917587 0.917767 0.917941 0.918108 0.918267 0.918417 0.918557 0.918687 0.918804 0.918909 0.919001 0.919079 0.919142 0.919190 0.919223 0.919239 0.919238 0.919220 0.919184 0.919130 0.919058 0.918966 0.918856 0.918726 0.918576 0.918406 0.918217 0.918006 0.917776 0.917525 0.917253 0.916961 0.916649 0.916317 0.915966 0.915595 0.915205 0.914796 0.914369 0.913924 0.913461 0.912981 0.912485 0.911972 0.911443 0.910900 0.910344 0.909776 0.909198 0.908613 0.908022 0.907429 0.906836 0.906246 0.905664 0.905092 0.904534 0.903992 0.903467 0.902957 0.902459 0.901962 0.901455 0.900921 0.900346 0.899719 0.899038 0.898326 0.897645 0.897115 0.896930 0.897336 0.898535 0.900541 0.903318 0.909658 0.923647 0.946140
0.948042 0.925881 0.912082 0.905585 0.902514 0.900272 0.898924 0.898434 0.898576 0.899081 0.899745 0.900443 0.901114 0.901734 0.902304 0.902835 0.903342 0.903842 0.904345 0.904861 0.905392 0.905941 0.906505 0.907083 0.907671 0.908266 0.908865 0.909466 0.910065 0.910660 0.911248 0.911826 0.912394 0.912948 0.913488 0.914013 0.914521 0.915012 0.915486 0.915943 0.916381 0.916801 0.917203 0.917586 0.917950 0.918295 0.918620 0.918925 0.919211 0.919476 0.919721 0.919946 0.920150 0.920335 0.920499 0.920644 0.920769 0.920875 0.920962 0.921030 0.921080 0.921112 0.921126 0.921123 0.921103 0.921067 0.921016 0.920949 0.920868 0.920773 0.920665 0.920545 0.920414 0.920271 0.920120 0.919959 0.919790 0.919615 0.919435 0.919250 0.919062 0.918871 0.918680 0.918489 0.918300 0.918114 0.917933 0.917756 0.917587 0.917425 0.917272 0.917130 0.916998 0.916879 0.916773 0.916680 0.916602 0.916538 0.916490 0.916458 0.916442 0.916442 0.916458 0.916491 0.916539 0.916602 0.916680 0.916773 0.916880 0.916999 0.917131 0.917273 0.917426 0.917588 0.917758 0.917934 0.918116 0.918302 0.918491 0.918682 0.918873 0.919063 0.919252 0.919437 0.919617 0.919793 0.919961 0.920122 0.920274 0.920416 0.920548 0.920668 0.920776 0.920871 0.920952 0.921018 0.921070 0.921106 0.921126 0.921129 0.921114 0.921083 0.921033 0.920965 0.920878 0.920772 0.920647 0.920502 0.920338 0.920153 0.919949 0.919724 0.919479 0.919214 0.918928 0.918623 0.918297 0.917953 0.917589 0.917206 0.916804 0.916384 0.915945 0.915489 0.915015 0.914524 0.914016 0.913491 0.912951 0.912396 0.911829 0.911250 0.910662 0.910067 0.909468 0.908868 0.908268 0.907673 0.907085 0.906508 0.905943 0.905395 0.904863 0.904348 0.903844 0.903345 0.902837 0.902306 0.901736 0.901116 0.900445 0.899747 0.899083 0.898578 0.898436 0.898926 0.900275 0.902517 0.905588 0.912085 0.925883 0.948042
0.969125 0.925175 0.905664 0.907227 0.904841 0.902263 0.900597 0.899960 0.900053 0.900546 0.901209 0.901906 0.902574 0.903190 0.903756 0.904285 0.904794 0.905298 0.905808 0.906332 0.906874 0.907432 0.908005 0.908590 0.909185 0.909787 0.910392 0.911000 0.911607 0.912210 0.912807 0.913397 0.913975 0.914541 0.915093 0.915630 0.916150 0.916653 0.917139 0.917607 0.918058 0.918490 0.918904 0.919299 0.919677 0.920035 0.920374 0.920694 0.920994 0.921274 0.921534 0.921775 0.921995 0.922195 0.922375 0.922536 0.922676 0.922798 0.922900 0.922983 0.923048 0.923094 0.923123 0.923134 0.923128 0.923105 0.923066 0.923012 0.922942 0.922858 0.922760 0.922650 0.922527 0.922393 0.922248 0.922094 0.921931 0.921761 0.921585 0.921403 0.921218 0.921030 0.920840 0.920650 0.920462 0.920276 0.920093 0.919916 0.919746 0.919583 0.919428 0.919284 0.919151 0.919030 0.918923 0.918829 0.918749 0.918685 0.918636 0.918603 0.918587 0.918587 0.918604 0.918636 0.918685 0.918750 0.918829 0.918923 0.919031 0.919152 0.919285 0.919429 0.919584 0.919747 0.919918 0.920095 0.920277 0.920463 0.920652 0.920842 0.921032 0.921220 0.921405 0.921587 0.921763 0.921933 0.922096 0.922250 0.922395 0.922529 0.922652 0.922763 0.922861 0.922945 0.923014 0.923069 0.923108 0.923131 0.923137 0.923126 0.923097 0.923051 0.922986 0.922903 0.922800 0.922679 0.922538 0.922378 0.922198 0.921998 0.921777 0.921537 0.921277 0.920997 0.920696 0.920377 0.920038 0.919679 0.919302 0.918907 0.918493 0.918060 0.917610 0.917142 0.916656 0.916153 0.915633 0.915096 0.914544 0.913978 0.913399 0.912810 0.912212 0.911609 0.911002 0.910395 0.909789 0.909188 0.908593 0.908007 0.907434 0.906876 0.906335 0.905810 0.905300 0.904796 0.904287 0.903758 0.903192 0.902576 0.901908 0.901211 0.900549 0.900055 0.899963 0.900599 0.902266 0.904844 0.907230 0.905667 0.925177 0.969125
1.000000 0.827550 0.899995 0.908744 0.907429 0.904365 0.902317 0.901503 0.901542 0.902034 0.902709 0.903416 0.904088 0.904703 0.905266 0.905794 0.906304 0.906813 0.907332 0.907868 0.908422 0.908993 0.909578 0.910174 0.910777 0.911385 0.911997 0.912611 0.913223 0.913834 0.914439 0.915037 0.915625 0.916201 0.916764 0.917311 0.917843 0.918358 0.918855 0.919334 0.919796 0.920240 0.920666 0.921074 0.921463 0.921835 0.922187 0.922521 0.922835 0.923130 0.923406 0.923661 0.923897 0.924112 0.924308 0.924484 0.924640 0.924777 0.924894 0.924992 0.925071 0.925132 0.925174 0.925199 0.925205 0.925195 0.925168 0.925124 0.925065 0.924991 0.924902 0.924799 0.924684 0.924556 0.924417 0.924268 0.924109 0.923942 0.923768 0.923588 0.923403 0.923215 0.923024 0.922833 0.922642 0.922454 0.922268 0.922088 0.921914 0.921748 0.921590 0.921443 0.921307 0.921183 0.921072 0.920976 0.920894 0.920828 0.920778 0.920744 0.920728 0.920728 0.920745 0.920778 0.920828 0.920895 0.920976 0.921073 0.921184 0.921308 0.921444 0.921591 0.921749 0.921915 0.922090 0.922270 0.922455 0.922644 0.922835 0.923026 0.923216 0.923405 0.923590 0.923770 0.923944 0.924111 0.924270 0.924419 0.924558 0.924686 0.924802 0.924905 0.924993 0.925068 0.925127 0.925170 0.925198 0.925208 0.925201 0.925177 0.925135 0.925074 0.924995 0.924897 0.924779 0.924643 0.924487 0.924311 0.924115 0.923900 0.923664 0.923409 0.923133 0.922838 0.922524 0.922190 0.921837 0.921466 0.921077 0.920669 0.920243 0.919799 0.919337 0.918858 0.918360 0.917846 0.917314 0.916766 0.916204 0.915627 0.915039 0.914441 0.913836 0.913226 0.912613 0.912000 0.911388 0.910779 0.910176 0.909581 0.908996 0.908425 0.907871 0.907335 0.906816 0.906307 0.905796 0.905269 0.904705 0.904090 0.903419 0.902711 0.902036 0.901544 0.901506 0.902320 0.904367 0.907431 0.908747 0.899998 0.827553 1.000000
0.000000 0.830456 0.895720 0.911728 0.909986 0.906409 0.903995 0.903008 0.902995 0.903493 0.904190 0.904916 0.905597 0.906214 0.906775 0.907301 0.907812 0.908326 0.908854 0.909401 0.909969 0.910554 0.911152 0.911760 0.912373 0.912989 0.913607 0.914225 0.914842 0.915457 0.916067 0.916670 0.917264 0.917847 0.918418 0.918973 0.919514 0.920037 0.920544 0.921033 0.921505 0.921959 0.922395 0.922813 0.923214 0.923597 0.923961 0.924307 0.924634 0.924942 0.925231 0.925500 0.925749 0.925979 0.926188 0.926377 0.926547 0.926697 0.926827 0.926938 0.927030 0.927103 0.927157 0.927192 0.927209 0.927209 0.927191 0.927155 0.927104 0.927036 0.926953 0.926856 0.926744 0.926619 0.926482 0.926334 0.926175 0.926007 0.925831 0.925648 0.925460 0.925267 0.925072 0.924875 0.924678 0.924483 0.924291 0.924104 0.923923 0.923749 0.923585 0.923432 0.923290 0.923160 0.923045 0.922944 0.922859 0.922789 0.922737 0.922702 0.922684 0.922684 0.922702 0.922737 0.922790 0.922859 0.922945 0.923046 0.923161 0.923291 0.923433 0.923587 0.923751 0.923924 0.924105 0.924292 0.924484 0.924680 0.924877 0.925074 0.925269 0.925462 0.925651 0.925833 0.926009 0.926177 0.926336 0.926485 0.926622 0.926746 0.926858 0.926956 0.927039 0.927106 0.927158 0.927193 0.927211 0.927212 0.927195 0.927159 0.927105 0.927033 0.926941 0.926830 0.926700 0.926550 0.926380 0.926191 0.925982 0.925752 0.925503 0.925234 0.924945 0.924637 0.924310 0.923964 0.923599 0.923217 0.922816 0.922398 0.921962 0.921508 0.921036 0.920547 0.920040 0.919516 0.918976 0.918420 0.917850 0.917267 0.916673 0.916069 0.915459 0.914845 0.914227 0.913609 0.912991 0.912375 0.911762 0.911155 0.910557 0.909971 0.909404 0.908856 0.908328 0.907814 0.907303 0.906778 0.906216 0.905599 0.904918 0.904192 0.903495 0.902997 0.903010 0.903998 0.906411 0.909989 0.911731 0.895724 0.830459 0.000000
1.000000 0.839436 0.908010 0.914683 0.912314 0.908192 0.905471 0.904343 0.904296 0.904808 0.905532 0.906280 0.906974 0.907594 0.908154 0.908677 0.909187 0.909702 0.910234 0.910787 0.911364 0.911959 0.912569 0.913188 0.913811 0.914434 0.915058 0.915679 0.916299 0.916915 0.917526 0.918131 0.918727 0.919312 0.919884 0.920443 0.920988 0.921516 0.922029 0.922524 0.923003 0.923464 0.923908 0.924334 0.924743 0.925134 0.925508 0.925863 0.926200 0.926518 0.926818 0.927097 0.927357 0.927597 0.927817 0.928017 0.928197 0.928357 0.928497 0.928617 0.928718 0.928799 0.928861 0.928904 0.928928 0.928934 0.928921 0.928890 0.928842 0.928777 0.928695 0.928598 0.928486 0.928359 0.928220 0.928067 0.927904 0.927730 0.927548 0.927357 0.927160 0.926958 0.926752 0.926544 0.926336 0.926130 0.925926 0.925728 0.925536 0.925352 0.925177 0.925014 0.924863 0.924725 0.924602 0.924495 0.924404 0.924330 0.924274 0.924237 0.924218 0.924218 0.924237 0.924275 0.924330 0.924404 0.924495 0.924603 0.924726 0.924864 0.925015 0.925178 0.925353 0.925537 0.925729 0.925928 0.926132 0.926338 0.926546 0.926754 0.926960 0.927162 0.927359 0.927550 0.927733 0.927906 0.928070 0.928222 0.928362 0.928488 0.928600 0.928698 0.928779 0.928844 0.928893 0.928923 0.928936 0.928931 0.928907 0.928864 0.928802 0.928721 0.928620 0.928500 0.928360 0.928200 0.928020 0.927820 0.927600 0.927360 0.927100 0.926821 0.926521 0.926203 0.925866 0.925511 0.925137 0.924746 0.924337 0.923911 0.923467 0.923006 0.922527 0.922032 0.921519 0.920990 0.920446 0.919887 0.919314 0.918729 0.918134 0.917529 0.916918 0.916302 0.915682 0.915060 0.914437 0.913813 0.913191 0.912572 0.911962 0.911366 0.910790 0.910236 0.909704 0.909189 0.908679 0.908156 0.907597 0.906976 0.906283 0.905535 0.904811 0.904298 0.904345 0.905473 0.908195 0.912317 0.914686 0.908013 0.839439 1.000000
1.000000 0.937130 0.911078 0.917513 0.913921 0.909455 0.906525 0.905326 0.905275 0.905807 0.906554 0.907317 0.908017 0.908637 0.909193 0.909711 0.910215 0.910723 0.911246 0.911790 0.912360 0.912952 0.913564 0.914188 0.914816 0.915445 0.916071 0.916694 0.917313 0.917927 0.918535 0.919136 0.919728 0.920309 0.920878 0.921433 0.921976 0.922504 0.923017 0.923514 0.923995 0.924460 0.924907 0.925338 0.925751 0.926147 0.926526 0.926887 0.927230 0.927554 0.927860 0.928146 0.928412 0.928658 0.928885 0.929091 0.929276 0.929442 0.929588 0.929713 0.929818 0.929904 0.929969 0.930015 0.930041 0.930048 0.930036 0.930005 0.929956 0.929888 0.929804 0.929703 0.929585 0.929453 0.929306 0.929146 0.928973 0.928790 0.928596 0.928393 0.928183 0.927968 0.927748 0.927526 0.927304 0.927082 0.926864 0.926651 0.926445 0.926247 0.926059 0.925884 0.925721 0.925573 0.925441 0.925325 0.925228 0.925148 0.925088 0.925048 0.925028 0.925028 0.925048 0.925089 0.925149 0.925228 0.925326 0.925442 0.925574 0.925722 0.925885 0.926061 0.926248 0.926446 0.926652 0.926866 0.927084 0.927305 0.927528 0.927750 0.927970 0.928185 0.928395 0.928598 0.928792 0.928976 0.929148 0.929309 0.929455 0.929588 0.929705 0.929806 0.929891 0.929958 0.930008 0.930039 0.930051 0.930044 0.930018 0.929972 0.929906 0.929821 0.929716 0.929590 0.929445 0.929279 0.929094 0.928888 0.928661 0.928415 0.928149 0.927863 0.927557 0.927233 0.926890 0.926529 0.926150 0.925754 0.925340 0.924910 0.924463 0.923998 0.923517 0.923020 0.922507 0.921979 0.921436 0.920880 0.920312 0.919731 0.919139 0.918538 0.917929 0.917315 0.916697 0.916074 0.915448 0.914819 0.914190 0.913567 0.912955 0.912362 0.911793 0.911249 0.910726 0.910218 0.909714 0.909196 0.908640 0.908019 0.907320 0.906556 0.905810 0.905277 0.905328 0.906528 0.909457 0.913923 0.917516 0.911081 0.937132 1.000000
1.000000 0.843785 0.912119 0.917835 0.914622 0.909970 0.907008 0.905818 0.905779 0.906312 0.907045 0.907785 0.908460 0.909059 0.909600 0.910105 0.910596 0.911083 0.911574 0.912080 0.912611 0.913173 0.913763 0.914375 0.914998 0.915622 0.916243 0.916859 0.917471 0.918078 0.918679 0.919272 0.919856 0.920427 0.920986 0.921532 0.922066 0.922587 0.923094 0.923587 0.924066 0.924528 0.924974 0.925404 0.925817 0.926213 0.926592 0.926953 0.927297 0.927622 0.927929 0.928216 0.928484 0.928731 0.928958 0.929165 0.929351 0.929517 0.929662 0.929787 0.929892 0.929976 0.930040 0.930084 0.930108 0.930112 0.930096 0.930060 0.930006 0.929933 0.929842 0.929733 0.929608 0.929467 0.929311 0.929140 0.928957 0.928761 0.928555 0.928340 0.928117 0.927888 0.927654 0.927418 0.927181 0.926946 0.926714 0.926488 0.926268 0.926058 0.925858 0.925671 0.925498 0.925340 0.925199 0.925076 0.924972 0.924887 0.924824 0.924781 0.924759 0.924759 0.924781 0.924824 0.924888 0.924972 0.925077 0.925200 0.925341 0.925499 0.925672 0.925859 0.926059 0.926269 0.926489 0.926716 0.926948 0.927183 0.927420 0.927656 0.927890 0.928119 0.928342 0.928557 0.928764 0.928959 0.929143 0.929313 0.929469 0.929611 0.929736 0.929844 0.929936 0.930009 0.930063 0.930099 0.930115 0.930111 0.930087 0.930043 0.929979 0.929895 0.929790 0.929665 0.929520 0.929354 0.929168 0.928961 0.928734 0.928487 0.928219 0.927932 0.927625 0.927300 0.926956 0.926595 0.926216 0.925820 0.925407 0.924977 0.924531 0.924069 0.923590 0.923097 0.922590 0.922069 0.921535 0.920989 0.920430 0.919858 0.919275 0.918682 0.918080 0.917473 0.916862 0.916245 0.915624 0.915000 0.914378 0.913766 0.913175 0.912614 0.912083 0.911577 0.911085 0.910598 0.910108 0.909602 0.909062 0.908463 0.907788 0.907047 0.906314 0.905781 0.905821 0.907011 0.909972 0.914625 0.917838 0.912122 0.843788 1.000000
0.000000 0.839490 0.904133 0.917820 0.914416 0.909846 0.906950 0.905802 0.905742 0.906198 0.906817 0.907431 0.907992 0.908505 0.908988 0.909459 0.909925 0.910380 0.910818 0.911250 0.911697 0.912181 0.912710 0.913277 0.913865 0.914461 0.915056 0.915649 0.916241 0.916832 0.917421 0.918004 0.918577 0.919138 0.919684 0.920217 0.920736 0.921244 0.921739 0.922222 0.922691 0.923145 0.923584 0.924006 0.924411 0.924800 0.925173 0.925528 0.925866 0.926185 0.926486 0.926768 0.927029 0.927270 0.927491 0.927691 0.927870 0.928029 0.928167 0.928285 0.928382 0.928459 0.928515 0.928550 0.928566 0.928561 0.928536 0.928491 0.928428 0.928345 0.928244 0.928126 0.927991 0.927840 0.927674 0.927494 0.927300 0.927095 0.926879 0.926655 0.926422 0.926184 0.925942 0.925698 0.925454 0.925212 0.924973 0.924740 0.924515 0.924298 0.924093 0.923901 0.923722 0.923560 0.923414 0.923288 0.923180 0.923094 0.923028 0.922984 0.922962 0.922962 0.922984 0.923029 0.923094 0.923181 0.923288 0.923415 0.923560 0.923723 0.923902 0.924094 0.924300 0.924516 0.924742 0.924975 0.925213 0.925456 0.925700 0.925944 0.926186 0.926424 0.926657 0.926881 0.927097 0.927302 0.927496 0.927676 0.927842 0.927994 0.928129 0.928247 0.928348 0.928430 0.928494 0.928539 0.928564 0.928569 0.928553 0.928518 0.928461 0.928385 0.928288 0.928170 0.928032 0.927873 0.927694 0.927494 0.927273 0.927032 0.926771 0.926489 0.926188 0.925869 0.925531 0.925176 0.924803 0.924414 0.924009 0.923587 0.923148 0.922694 0.922225 0.921742 0.921247 0.920739 0.920220 0.919687 0.919141 0.918580 0.918007 0.917423 0.916835 0.916244 0.915652 0.915059 0.914464 0.913868 0.913280 0.912713 0.912184 0.911700 0.911252 0.910821 0.910382 0.909927 0.909461 0.908991 0.908508 0.907995 0.907433 0.906819 0.906200 0.905744 0.905804 0.906952 0.909848 0.914419 0.917823 0.904136 0.839493 0.000000
1.000000 0.842478 0.910709 0.916544 0.913527 0.909080 0.906296 0.905180 0.905054 0.905340 0.905696 0.905998 0.906256 0.906517 0.906823 0.907200 0.907640 0.908089 0.908494 0.908842 0.909167 0.909518 0.909926 0.910390 0.910892 0.911412 0.911941 0.912476 0.913021 0.913580 0.914149 0.914723 0.915291 0.915847 0.916386 0.916907 0.917412 0.917904 0.918383 0.918849 0.919302 0.919739 0.920161 0.920567 0.920955 0.921327 0.921683 0.922022 0.922344 0.922649 0.922935 0.923201 0.923447 0.923672 0.923876 0.924058 0.924220 0.924360 0.924480 0.924578 0.924657 0.924714 0.924752 0.924769 0.924766 0.924742 0.924699 0.924637 0.924556 0.924456 0.924339 0.924205 0.924055 0.923890 0.923711 0.923519 0.923315 0.923100 0.922877 0.922646 0.922409 0.922168 0.921924 0.921680 0.921437 0.921197 0.920961 0.920732 0.920511 0.920299 0.920098 0.919909 0.919734 0.919575 0.919433 0.919309 0.919204 0.919119 0.919055 0.919012 0.918991 0.918991 0.919013 0.919055 0.919119 0.919204 0.919309 0.919433 0.919576 0.919735 0.919910 0.920099 0.920300 0.920512 0.920733 0.920963 0.921198 0.921438 0.921682 0.921926 0.922169 0.922411 0.922648 0.922879 0.923103 0.923317 0.923521 0.923713 0.923892 0.924057 0.924207 0.924341 0.924458 0.924558 0.924640 0.924702 0.924745 0.924769 0.924772 0.924755 0.924717 0.924660 0.924581 0.924483 0.924363 0.924223 0.924061 0.923879 0.923675 0.923450 0.923204 0.922938 0.922652 0.922348 0.922025 0.921686 0.921330 0.920958 0.920570 0.920164 0.919742 0.919305 0.918852 0.918386 0.917907 0.917415 0.916910 0.916389 0.915850 0.915294 0.914726 0.914152 0.913583 0.913024 0.912478 0.911943 0.911415 0.910894 0.910392 0.909928 0.909521 0.909169 0.908844 0.908496 0.908092 0.907642 0.907202 0.906825 0.906519 0.906259 0.906001 0.905698 0.905342 0.905056 0.905182 0.906297 0.909082 0.913530 0.916546 0.910712 0.842480 1.000000
1.000000 0.934987 0.908263 0.914829 0.911333 0.906900 0.904049 0.902978 0.902961 0.903251 0.903359 0.903157 0.902772 0.902398 0.902217 0.902357 0.902816 0.903428 0.903982 0.904365 0.904602 0.904788 0.905004 0.905281 0.905612 0.905976 0.906365 0.906782 0.907235 0.907734 0.908275 0.908844 0.909424 0.909995 0.910546 0.911072 0.911572 0.912052 0.912513 0.912959 0.913388 0.913800 0.914194 0.914569 0.914927 0.915269 0.915594 0.915903 0.916196 0.916471 0.916729 0.916966 0.917182 0.917376 0.917547 0.917696 0.917821 0.917924 0.918005 0.918065 0.918104 0.918122 0.918119 0.918096 0.918053 0.917990 0.917907 0.917805 0.917684 0.917546 0.917391 0.917220 0.917035 0.916836 0.916625 0.916403 0.916171 0.915931 0.915685 0.915435 0.915181 0.914926 0.914671 0.914419 0.914170 0.913926 0.913689 0.913461 0.913241 0.913033 0.912836 0.912652 0.912482 0.912327 0.912189 0.912069 0.911967 0.911885 0.911824 0.911782 0.911762 0.911762 0.911782 0.911824 0.911886 0.911968 0.912070 0.912190 0.912328 0.912483 0.912653 0.912837 0.913034 0.913243 0.913462 0.913691 0.913928 0.914171 0.914420 0.914673 0.914928 0.915183 0.915436 0.915687 0.915933 0.916173 0.916405 0.916627 0.916838 0.917037 0.917223 0.917393 0.917549 0.917687 0.917807 0.917910 0.917993 0.918056 0.918099 0.918122 0.918125 0.918107 0.918068 0.918008 0.917927 0.917824 0.917699 0.917550 0.917379 0.917185 0.916969 0.916732 0.916475 0.916199 0.915906 0.915597 0.915272 0.914931 0.914572 0.914197 0.913803 0.913391 0.912962 0.912516 0.912055 0.911575 0.911075 0.910549 0.909998 0.909427 0.908847 0.908278 0.907737 0.907238 0.906784 0.906368 0.905979 0.905615 0.905284 0.905007 0.904790 0.904604 0.904367 0.903984 0.903430 0.902817 0.902359 0.902219 0.902400 0.902774 0.903159 0.903361 0.903253 0.902963 0.902980 0.904050 0.906901 0.911334 0.914831 0.908266 0.934989 1.000000
1.000000 0.835744 0.903762 0.909852 0.906084 0.900040 0.896019 0.895078 0.896374 0.898146 0.898931 0.898328 0.896756 0.894905 0.893474 0.893024 0.893690 0.895038 0.896388 0.897292 0.897692 0.897772 0.897743 0.897728 0.897766 0.897854 0.897991 0.898193 0.898484 0.898880 0.899381 0.899963 0.900588 0.901218 0.901823 0.902388 0.902910 0.903394 0.903846 0.904271 0.904670 0.905046 0.905398 0.905729 0.906039 0.906330 0.906606 0.906866 0.907112 0.907341 0.907551 0.907741 0.907908 0.908050 0.908165 0.908253 0.908315 0.908351 0.908361 0.908348 0.908311 0.908251 0.908170 0.908066 0.907940 0.907793 0.907624 0.907435 0.907225 0.906996 0.906749 0.906486 0.906208 0.905916 0.905612 0.905298 0.904976 0.904648 0.904316 0.903982 0.903648 0.903315 0.902986 0.902662 0.902344 0.902035 0.901736 0.901451 0.901181 0.900928 0.900692 0.900475 0.900276 0.900096 0.899936 0.899796 0.899677 0.899580 0.899507 0.899458 0.899433 0.899433 0.899458 0.899507 0.899581 0.899677 0.899796 0.899936 0.900097 0.900277 0.900476 0.900693 0.900929 0.901182 0.901452 0.901738 0.902036 0.902345 0.902663 0.902988 0.903317 0.903650 0.903984 0.904318 0.904650 0.904978 0.905300 0.905614 0.905918 0.906210 0.906489 0.906752 0.906999 0.907228 0.907437 0.907627 0.907796 0.907943 0.908069 0.908173 0.908255 0.908314 0.908351 0.908364 0.908354 0.908318 0.908256 0.908168 0.908053 0.907911 0.907745 0.907555 0.907344 0.907115 0.906870 0.906609 0.906333 0.906042 0.905732 0.905402 0.905049 0.904673 0.904274 0.903849 0.903397 0.902913 0.902391 0.901826 0.901221 0.900591 0.899966 0.899384 0.898883 0.898486 0.898196 0.897994 0.897857 0.897769 0.897731 0.897745 0.897775 0.897694 0.897293 0.896389 0.895039 0.893691 0.893025 0.893474 0.894906 0.896757 0.898329 0.898932 0.898147 0.896375 0.895079 0.896020 0.900041 0.906086 0.909854 0.903764 0.835746 1.000000
0.000000 0.826057 0.889790 0.902437 0.893309 0.879587 0.869712 0.869158 0.876590 0.885550 0.890611 0.890585 0.886983 0.881879 0.877408 0.875515 0.876933 0.880554 0.884399 0.887085 0.888335 0.888561 0.888292 0.887879 0.887476 0.887131 0.886867 0.886724 0.886755 0.886995 0.887448 0.888072 0.888802 0.889562 0.890294 0.890962 0.891555 0.892076 0.892538 0.892949 0.893319 0.893651 0.893949 0.894217 0.894460 0.894682 0.894888 0.895079 0.895257 0.895420 0.895565 0.895686 0.895781 0.895845 0.895875 0.895871 0.895832 0.895759 0.895653 0.895517 0.895352 0.895158 0.894936 0.894687 0.894410 0.894104 0.893771 0.893409 0.893020 0.892605 0.892163 0.891698 0.891210 0.890702 0.890177 0.889636 0.889083 0.888520 0.887951 0.887377 0.886802 0.886225 0.885650 0.885079 0.884515 0.883962 0.883426 0.882914 0.882431 0.881982 0.881570 0.881194 0.880854 0.880547 0.880274 0.880035 0.879829 0.879660 0.879530 0.879442 0.879397 0.879397 0.879442 0.879530 0.879660 0.879829 0.880035 0.880275 0.880548 0.880854 0.881195 0.881571 0.881983 0.882433 0.882915 0.883428 0.883963 0.884516 0.885081 0.885652 0.886227 0.886804 0.887380 0.887953 0.888523 0.889085 0.889639 0.890180 0.890705 0.891213 0.891701 0.892166 0.892607 0.893023 0.893413 0.893774 0.894108 0.894413 0.894690 0.894940 0.895161 0.895355 0.895521 0.895657 0.895762 0.895835 0.895874 0.895878 0.895848 0.895784 0.895690 0.895568 0.895424 0.895261 0.895083 0.894891 0.894686 0.894463 0.894221 0.893953 0.893654 0.893322 0.892953 0.892541 0.892079 0.891558 0.890965 0.890297 0.889566 0.888805 0.888076 0.887451 0.886999 0.886758 0.886727 0.886870 0.887133 0.887479 0.887881 0.888294 0.888563 0.888337 0.887086 0.884401 0.880555 0.876934 0.875517 0.877409 0.881879 0.886983 0.890585 0.890611 0.885551 0.876591 0.869159 0.869714 0.879588 0.893311 0.902439 0.889792 0.826059 0.000000
1.000000 0.824086 0.892388 0.890935 0.866243 0.827438 0.796471 0.797199 0.826434 0.858700 0.876481 0.879190 0.872237 0.860556 0.849309 0.844069 0.847491 0.856802 0.866652 0.873518 0.876854 0.877710 0.877299 0.876413 0.875428 0.874486 0.873661 0.873035 0.872703 0.872734 0.873139 0.873856 0.874774 0.875764 0.876721 0.877579 0.878310 0.878920 0.879424 0.879843 0.880192 0.880481 0.880720 0.880917 0.881082 0.881221 0.881344 0.881454 0.881553 0.881638 0.881704 0.881744 0.881750 0.881717 0.881639 0.881514 0.881340 0.881120 0.880854 0.880544 0.880194 0.879804 0.879375 0.878906 0.878397 0.877846 0.877251 0.876612 0.875929 0.875200 0.874427 0.873610 0.872752 0.871854 0.870920 0.869953 0.868956 0.867935 0.866891 0.865829 0.864750 0.863656 0.862549 0.861432 0.860313 0.859203 0.858116 0.857068 0.856077 0.855154 0.854307 0.853538 0.852844 0.852220 0.851663 0.851170 0.850744 0.850390 0.850116 0.849928 0.849833 0.849833 0.849928 0.850116 0.850391 0.850745 0.851171 0.851664 0.852221 0.852845 0.853539 0.854309 0.855156 0.856079 0.857070 0.858118 0.859205 0.860316 0.861435 0.862551 0.863659 0.864753 0.865832 0.866894 0.867938 0.868960 0.869956 0.870924 0.871858 0.872755 0.873614 0.874430 0.875204 0.875932 0.876616 0.877255 0.877850 0.878401 0.878910 0.879379 0.879808 0.880198 0.880548 0.880858 0.881124 0.881344 0.881518 0.881643 0.881721 0.881754 0.881748 0.881708 0.881642 0.881557 0.881458 0.881348 0.881225 0.881086 0.880921 0.880724 0.880485 0.880195 0.879847 0.879428 0.878923 0.878314 0.877582 0.876725 0.875768 0.874777 0.873860 0.873143 0.872738 0.872706 0.873038 0.873664 0.874489 0.875431 0.876416 0.877301 0.877712 0.876856 0.873520 0.866654 0.856805 0.847496 0.844075 0.849313 0.860558 0.872237 0.879190 0.876480 0.858700 0.826437 0.797204 0.796477 0.827442 0.866245 0.890936 0.892389 0.824088 1.000000
0.974387 0.924520 0.896666 0.877839 0.824015 0.727552 0.637873 0.642323 0.731934 0.816806 0.857686 0.865100 0.853074 0.830253 0.806242 0.794261 0.801894 0.822564 0.843528 0.857580 0.864393 0.866419 0.866020 0.864652 0.863009 0.861370 0.859882 0.858686 0.857932 0.857734 0.858113 0.858983 0.860175 0.861493 0.862771 0.863902 0.864843 0.865595 0.866184 0.866640 0.866990 0.867254 0.867448 0.867586 0.867681 0.867749 0.867798 0.867838 0.867869 0.867888 0.867887 0.867857 0.867785 0.867663 0.867481 0.867236 0.866926 0.866551 0.866114 0.865618 0.865065 0.864456 0.863793 0.863074 0.862295 0.861456 0.860551 0.859578 0.858534 0.857417 0.856227 0.854964 0.853628 0.852222 0.850747 0.849209 0.847612 0.845961 0.844260 0.842511 0.840716 0.838876 0.836992 0.835071 0.833125 0.831176 0.829250 0.827383 0.825607 0.823948 0.822424 0.821040 0.819791 0.818667 0.817660 0.816767 0.815991 0.815343 0.814837 0.814490 0.814313 0.814313 0.814490 0.814838 0.815344 0.815992 0.816768 0.817662 0.818669 0.819793 0.821042 0.822427 0.823951 0.825610 0.827386 0.829254 0.831179 0.833129 0.835075 0.836996 0.838880 0.840720 0.842515 0.844264 0.845966 0.847617 0.849214 0.850752 0.852226 0.853633 0.854969 0.856232 0.857422 0.858539 0.859583 0.860556 0.861460 0.862300 0.863078 0.863798 0.864461 0.865070 0.865623 0.866119 0.866556 0.866931 0.867241 0.867486 0.867667 0.867790 0.867861 0.867892 0.867892 0.867873 0.867842 0.867803 0.867753 0.867686 0.867590 0.867452 0.867259 0.866995 0.866644 0.866188 0.865599 0.864847 0.863906 0.862775 0.861497 0.860179 0.858988 0.858118 0.857738 0.857936 0.858690 0.859886 0.861373 0.863012 0.864655 0.866022 0.866421 0.864395 0.857582 0.843533 0.822574 0.801910 0.794278 0.806254 0.830258 0.853075 0.865099 0.857685 0.816807 0.731941 0.642340 0.637893 0.727565 0.824020 0.877840 0.896667 0.924520 0.974387
0.963804 0.928318 0.901863 0.866635 0.786587 0.622447 0.428760 0.443261 0.632583 0.778324 0.841248 0.852269 0.834310 0.798108 0.756936 0.734982 0.748836 0.785320 0.820288 0.842656 0.853305 0.856637 0.856337 0.854558 0.852322 0.850052 0.847966 0.846262 0.845145 0.844769 0.845169 0.846232 0.847734 0.849411 0.851039 0.852472 0.853649 0.854572 0.855274 0.855799 0.856184 0.856458 0.856643 0.856762 0.856831 0.856870 0.856893 0.856909 0.856920 0.856921 0.856904 0.856853 0.856756 0.856597 0.856368 0.856062 0.855676 0.855210 0.854669 0.854054 0.853370 0.852618 0.851798 0.850908 0.849946 0.848906 0.847782 0.846571 0.845267 0.843867 0.842369 0.840773 0.839077 0.837285 0.835398 0.833422 0.831360 0.829220 0.827005 0.824716 0.822356 0.819923 0.817419 0.814850 0.812235 0.809602 0.806993 0.804455 0.802039 0.799783 0.797712 0.795834 0.794141 0.792619 0.791254 0.790040 0.788983 0.788096 0.787402 0.786924 0.786680 0.786680 0.786925 0.787403 0.788097 0.788984 0.790042 0.791256 0.792621 0.794144 0.795837 0.797715 0.799787 0.802043 0.804460 0.806997 0.809607 0.812240 0.814856 0.817424 0.819929 0.822362 0.824722 0.827010 0.829226 0.831366 0.833428 0.835404 0.837291 0.839083 0.840779 0.842375 0.843873 0.845273 0.846576 0.847788 0.848911 0.849952 0.850914 0.851804 0.852623 0.853375 0.854060 0.854674 0.855216 0.855681 0.856067 0.856374 0.856603 0.856761 0.856859 0.856909 0.856927 0.856925 0.856914 0.856898 0.856876 0.856837 0.856767 0.856648 0.856462 0.856189 0.855804 0.855279 0.854576 0.853654 0.852476 0.851043 0.849416 0.847738 0.846237 0.845174 0.844774 0.845149 0.846266 0.847970 0.850055 0.852325 0.854561 0.856339 0.856639 0.853306 0.842659 0.820296 0.785339 0.748869 0.735018 0.756961 0.798118 0.834312 0.852267 0.841245 0.778324 0.632596 0.443297 0.428804 0.622470 0.786594 0.866636 0.901863 0.928318 0.963804
0.974177 0.921937 0.891387 0.864692 0.784015 0.616207 0.414533 0.426299 0.622682 0.772485 0.836598 0.846496 0.824729 0.781010 0.729405 0.700603 0.718395 0.764585 0.807547 0.834420 0.847068 0.851044 0.850751 0.848723 0.846156 0.843555 0.841174 0.839238 0.837977 0.837563 0.838035 0.839265 0.840994 0.842923 0.844794 0.846439 0.847789 0.848846 0.849650 0.850252 0.850697 0.851020 0.851249 0.851406 0.851515 0.851595 0.851662 0.851726 0.851789 0.851847 0.851887 0.851894 0.851854 0.851750 0.851572 0.851313 0.850971 0.850546 0.850042 0.849464 0.848814 0.848097 0.847312 0.846457 0.845529 0.844523 0.843434 0.842256 0.840986 0.839620 0.838156 0.836594 0.834934 0.833179 0.831332 0.829398 0.827384 0.825296 0.823138 0.820912 0.818619 0.816257 0.813829 0.811340 0.808808 0.806263 0.803747 0.801309 0.798998 0.796852 0.794894 0.793128 0.791545 0.790127 0.788857 0.787727 0.786741 0.785912 0.785262 0.784813 0.784583 0.784583 0.784813 0.785263 0.785913 0.786743 0.787729 0.788860 0.790130 0.791548 0.793131 0.794897 0.796856 0.799002 0.801314 0.803752 0.806269 0.808814 0.811346 0.813834 0.816263 0.818625 0.820918 0.823144 0.825302 0.827391 0.829405 0.831338 0.833185 0.834940 0.836600 0.838163 0.839627 0.840993 0.842263 0.843440 0.844529 0.845535 0.846463 0.847318 0.848103 0.848821 0.849470 0.850048 0.850552 0.850977 0.851319 0.851578 0.851756 0.851860 0.851900 0.851893 0.851852 0.851795 0.851732 0.851668 0.851601 0.851521 0.851412 0.851254 0.851025 0.850702 0.850257 0.849655 0.848851 0.847794 0.846444 0.844799 0.842928 0.840999 0.839270 0.838040 0.837568 0.837981 0.839243 0.841179 0.843559 0.846159 0.848725 0.850753 0.851045 0.847069 0.834423 0.807557 0.764609 0.718437 0.700651 0.729438 0.781023 0.824731 0.846494 0.836595 0.772485 0.622694 0.426334 0.414576 0.616230 0.784022 0.864694 0.891387 0.921938 0.974177
1.000000 0.818235 0.884158 0.873565 0.819658 0.717046 0.617835 0.619026 0.714412 0.805285 0.847773 0.852280 0.831697 0.793028 0.748651 0.724243 0.738552 0.777519 0.814833 0.838596 0.849817 0.853221 0.852750 0.850725 0.848257 0.845811 0.843615 0.841869 0.840776 0.840494 0.841051 0.842321 0.844058 0.845978 0.847836 0.849475 0.850829 0.851902 0.852734 0.853376 0.853872 0.854257 0.854557 0.854794 0.854991 0.855164 0.855328 0.855492 0.855659 0.855824 0.855974 0.856096 0.856176 0.856201 0.856160 0.856048 0.855863 0.855608 0.855286 0.854902 0.854460 0.853964 0.853415 0.852811 0.852151 0.851432 0.850649 0.849799 0.848880 0.847890 0.846830 0.845699 0.844500 0.843237 0.841914 0.840537 0.839111 0.837643 0.836138 0.834597 0.833022 0.831412 0.829766 0.828091 0.826398 0.824709 0.823053 0.821464 0.819975 0.818609 0.817379 0.816284 0.815313 0.814449 0.813677 0.812991 0.812389 0.811882 0.811483 0.811207 0.811065 0.811065 0.811207 0.811484 0.811883 0.812391 0.812992 0.813679 0.814451 0.815315 0.816287 0.817382 0.818612 0.819978 0.821468 0.823057 0.824714 0.826403 0.828096 0.829771 0.831417 0.833027 0.834603 0.836143 0.837649 0.839117 0.840542 0.841920 0.843243 0.844506 0.845705 0.846835 0.847896 0.848886 0.849805 0.850655 0.851438 0.852157 0.852817 0.853421 0.853970 0.854466 0.854908 0.855292 0.855614 0.855869 0.856054 0.856166 0.856207 0.856182 0.856102 0.855980 0.855829 0.855665 0.855498 0.855333 0.855169 0.854996 0.854800 0.854562 0.854262 0.853877 0.853381 0.852739 0.851906 0.850833 0.849480 0.847841 0.845983 0.844063 0.842326 0.841056 0.840499 0.840781 0.841873 0.843619 0.845814 0.848260 0.850727 0.852751 0.853222 0.849818 0.838598 0.814841 0.777539 0.738586 0.724281 0.748677 0.793039 0.831698 0.852278 0.847770 0.805285 0.714418 0.619041 0.617853 0.717058 0.819662 0.873566 0.884159 0.818236 1.000000
0.000000 0.821394 0.885769 0.893866 0.869132 0.827995 0.793364 0.792003 0.822036 0.855755 0.873224 0.872485 0.857581 0.832663 0.806080 0.792057 0.799670 0.821984 0.844723 0.859841 0.867004 0.868927 0.868221 0.866516 0.864596 0.862776 0.861203 0.860005 0.859323 0.859261 0.859833 0.860940 0.862392 0.863974 0.865501 0.866854 0.867986 0.868903 0.869636 0.870227 0.870709 0.871111 0.871451 0.871748 0.872016 0.872267 0.872511 0.872755 0.873002 0.873248 0.873484 0.873700 0.873885 0.874030 0.874128 0.874175 0.874172 0.874120 0.874022 0.873884 0.873709 0.873501 0.873260 0.872986 0.872680 0.872339 0.871962 0.871547 0.871093 0.870602 0.870073 0.869509 0.868912 0.868286 0.867634 0.866962 0.866273 0.865573 0.864864 0.864149 0.863427 0.862698 0.861961 0.861220 0.860478 0.859748 0.859042 0.858376 0.857765 0.857219 0.856740 0.856324 0.855963 0.855646 0.855364 0.855111 0.854887 0.854696 0.854544 0.854438 0.854384 0.854384 0.854438 0.854545 0.854697 0.854888 0.855112 0.855365 0.855647 0.855964 0.856326 0.856741 0.857221 0.857767 0.858378 0.859044 0.859750 0.860481 0.861223 0.861965 0.862701 0.863430 0.864152 0.864868 0.865577 0.866277 0.866966 0.867638 0.868290 0.868916 0.869513 0.870077 0.870606 0.871098 0.871551 0.871966 0.872344 0.872685 0.872991 0.873264 0.873505 0.873714 0.873889 0.874027 0.874124 0.874176 0.874180 0.874133 0.874035 0.873890 0.873705 0.873489 0.873252 0.873007 0.872760 0.872515 0.872271 0.872020 0.871753 0.871456 0.871115 0.870713 0.870231 0.869640 0.868907 0.867990 0.866858 0.865505 0.863978 0.862396 0.860944 0.859837 0.859265 0.859327 0.860009 0.861206 0.862779 0.864599 0.866518 0.868223 0.868928 0.867005 0.859842 0.844727 0.821994 0.799686 0.792074 0.806092 0.832668 0.857581 0.872483 0.873222 0.855754 0.822036 0.792005 0.793367 0.827997 0.869133 0.893866 0.885770 0.821394 0.000000
1.000000 0.846990 0.922465 0.929626 0.921875 0.909843 0.900621 0.899500 0.905752 0.913361 0.916848 0.914473 0.906886 0.895793 0.884812 0.879221 0.882038 0.890745 0.900004 0.906272 0.909054 0.909426 0.908657 0.907543 0.906444 0.905483 0.904705 0.904160 0.903911 0.904008 0.904454 0.905190 0.906108 0.907089 0.908031 0.908869 0.909581 0.910172 0.910663 0.911078 0.911437 0.911754 0.912040 0.912304 0.912552 0.912784 0.913004 0.913215 0.913426 0.913636 0.913841 0.914036 0.914214 0.914371 0.914504 0.914611 0.914692 0.914750 0.914785 0.914802 0.914801 0.914786 0.914757 0.914714 0.914658 0.914587 0.914502 0.914402 0.914287 0.914158 0.914015 0.913861 0.913696 0.913523 0.913343 0.913160 0.912976 0.912792 0.912610 0.912432 0.912256 0.912082 0.911909 0.911739 0.911571 0.911409 0.911257 0.911121 0.911003 0.910906 0.910829 0.910769 0.910721 0.910682 0.910647 0.910613 0.910581 0.910551 0.910526 0.910508 0.910499 0.910499 0.910508 0.910527 0.910552 0.910581 0.910613 0.910647 0.910683 0.910722 0.910769 0.910829 0.910907 0.911004 0.911122 0.911259 0.911410 0.911572 0.911740 0.911911 0.912083 0.912257 0.912433 0.912612 0.912794 0.912978 0.913163 0.913346 0.913525 0.913698 0.913863 0.914017 0.914160 0.914289 0.914404 0.914504 0.914590 0.914660 0.914717 0.914760 0.914789 0.914804 0.914805 0.914788 0.914753 0.914695 0.914614 0.914507 0.914374 0.914217 0.914038 0.913844 0.913639 0.913428 0.913218 0.913006 0.912787 0.912554 0.912307 0.912043 0.911757 0.911439 0.911081 0.910666 0.910175 0.909583 0.908872 0.908033 0.907092 0.906111 0.905192 0.904457 0.904011 0.903913 0.904162 0.904707 0.905485 0.906446 0.907545 0.908659 0.909427 0.909055 0.906272 0.900005 0.890748 0.882043 0.879226 0.884814 0.895793 0.906885 0.914472 0.916847 0.913360 0.905751 0.899499 0.900621 0.909843 0.921875 0.929626 0.922465 0.846991 1.000000
1.000000 1.000000 1.000000 1.000000 1.000000 1.000000 1.000000 1.000000 1.000000 1.000000 1.000000 1.000000 1.000000 0.999978 0.999772 0.999669 0.999866 1.000000 1.000000 0.999882 0.999176 0.998470 0.997950 0.997628 0.997447 0.997349 0.997300 0.997294 0.997340 0.997448 0.997617 0.997832 0.998071 0.998308 0.998527 0.998719 0.998885 0.999031 0.999163 0.999287 0.999408 0.999526 0.999643 0.999756 0.999864 0.999962 1.000000 1.000000 1.000000 1.000000 1.000000 1.000000 1.000000 1.000000 1.000000 1.000000 1.000000 1.000000 1.000000 1.000000 1.000000 1.000000 1.000000 1.000000 1.000000 1.000000 1.000000 1.000000 1.000000 1.000000 1.000000 1.000000 1.000000 1.000000 1.000000 1.000000 1.000000 1.000000 1.000000 1.000000 1.000000 1.000000 1.000000 1.000000 1.000000 1.000000 1.000000 1.000000 1.000000 1.000000 1.000000 1.000000 1.000000 1.000000 1.000000 1.000000 1.000000 1.000000 1.000000 1.000000 1.000000 1.000000 1.000000 1.000000 1.000000 1.000000 1.000000 1.000000 1.000000 1.000000 1.000000 1.000000 1.000000 1.000000 1.000000 1.000000 1.000000 1.000000 1.000000 1.000000 1.000000 1.000000 1.000000 1.000000 1.000000 1.000000 1.000000 1.000000 1.000000 1.000000 1.000000 1.000000 1.000000 1.000000 1.000000 1.000000 1.000000 1.000000 1.000000 1.000000 1.000000 1.000000 1.000000 1.000000 1.000000 1.000000 1.000000 1.000000 1.000000 1.000000 1.000000 1.000000 1.000000 1.000000 1.000000 1.000000 0.999963 0.999865 0.999757 0.999643 0.999527 0.999409 0.999288 0.999163 0.999031 0.998886 0.998720 0.998528 0.998309 0.998071 0.997832 0.997617 0.997449 0.997341 0.997295 0.997301 0.997350 0.997448 0.997629 0.997951 0.998470 0.999176 0.999881 1.000000 1.000000 0.999865 0.999668 0.999771 0.999978 1.000000 1.000000 1.000000 1.000000 1.000000 1.000000 1.000000 1.000000 1.000000 1.000000 1.000000 1.000000 1.000000
