0.015 0.092
0.000000 0.000000 0.000000 0.000000 0.000000 0.000000 0.000000 0.000000 0.000000 0.000000 0.000000 0.000000 0.000000 0.000000 0.000000 0.000000 0.000000 0.000000 0.000000 0.000000 0.000000 0.000000 0.000000 0.000000 0.000000 0.000000 0.000000 0.000000 0.000000 0.000000 0.000000 0.000000 0.000000 0.000000 0.000000 0.000000 0.000000 0.000000 0.000000 0.000000 0.000000 0.000000 0.000000 0.000000 0.000000 0.000000 0.000000 0.000000 0.000000 0.000000 0.000000 0.000000 0.000000 0.000000 0.000000 0.000000 0.000000 0.000000 0.000000 0.000000 0.000000 0.000000 0.000000 0.000000 0.000000 0.000000 0.000000 0.000000 0.000000 0.000000 0.000000 0.000000 0.000000 0.000000 0.000000 0.000000 0.000000 0.000000 0.000000 0.000000 0.000000 0.000000 0.000000 0.000000 0.000000 0.000000 0.000000 0.000000 0.000000 0.000000 0.000000 0.000000 0.000000 0.000000 0.000000 0.000000 0.000000 0.000000 0.000000 0.000000 0.000000 0.000000 0.000000 0.000000 0.000000 0.000000 0.000000 0.000000 0.000000 0.000000 0.000000 0.000000 0.000000 0.000000 0.000000 0.000000 0.000000 0.000000 0.000000 0.000000 0.000000 0.000000 0.000000 0.000000 0.000000 0.000000 0.000000 0.000000 0.000000 0.000000 0.000000 0.000000 0.000000 0.000000 0.000000 0.000000 0.000000 0.000000 0.000000 0.000000 0.000000 0.000000 0.000000 0.000000 0.000000 0.000000 0.000000 0.000000 0.000000 0.000000 0.000000 0.000000 0.000000 0.000000 0.000000 0.000000 0.000000 0.000000 0.000000 0.000000 0.000000 0.000000 0.000000 0.000000 0.000000 0.000000 0.000000 0.000000 0.000000 0.000000 0.000000 0.000000 0.000000 0.000000 0.000000 0.000000 0.000000 0.000000 0.000000 0.000000 0.000000 0.000000 0.000000 0.000000 0.000000 0.000000 0.000000 0.000000 0.000000 0.000000 0.000000 0.000000 0.000000 0.000000 0.000000 0.000000 0.000000 0.000000 0.000000 0.000000 0.000000 0.000000
0.000000 0.000023 0.000021 0.000019 0.000017 0.000016 0.000016 0.000015 0.000015 0.000015 0.000015 0.000014 0.000014 0.000014 0.000014 0.000014 0.000014 0.000014 0.000014 0.000014 0.000014 0.000014 0.000014 0.000014 0.000014 0.000014 0.000014 0.000014 0.000014 0.000014 0.000014 0.000014 0.000014 0.000014 0.000014 0.000014 0.000014 0.000014 0.000014 0.000014 0.000014 0.000014 0.000014 0.000014 0.000014 0.000014 0.000014 0.000014 0.000014 0.000014 0.000014 0.000014 0.000014 0.000014 0.000014 0.000014 0.000014 0.000014 0.000014 0.000014 0.000014 0.000014 0.000014 0.000014 0.000014 0.000014 0.000014 0.000014 0.000014 0.000014 0.000014 0.000014 0.000014 0.000014 0.000014 0.000014 0.000014 0.000014 0.000014 0.000014 0.000014 0.000014 0.000014 0.000014 0.000014 0.000014 0.000014 0.000014 0.000014 0.000014 0.000014 0.000014 0.000014 0.000014 0.000014 0.000014 0.000014 0.000014 0.000014 0.000014 0.000014 0.000014 0.000014 0.000014 0.000014 0.000014 0.000014 0.000014 0.000014 0.000014 0.000014 0.000014 0.000014 0.000014 0.000014 0.000014 0.000014 0.000014 0.000014 0.000014 0.000014 0.000014 0.000014 0.000014 0.000014 0.000014 0.000014 0.000014 0.000014 0.000014 0.000014 0.000014 0.000014 0.000014 0.000014 0.000014 0.000014 0.000014 0.000014 0.000014 0.000014 0.000014 0.000014 0.000014 0.000014 0.000014 0.000014 0.000014 0.000014 0.000014 0.000014 0.000014 0.000014 0.000014 0.000014 0.000014 0.000014 0.000014 0.000014 0.000014 0.000014 0.000014 0.000014 0.000014 0.000014 0.000014 0.000014 0.000014 0.000014 0.000014 0.000014 0.000014 0.000014 0.000014 0.000014 0.000014 0.000014 0.000014 0.000014 0.000014 0.000014 0.000014 0.000014 0.000014 0.000014 0.000014 0.000014 0.000014 0.000014 0.000014 0.000014 0.000015 0.000015 0.000015 0.000015 0.000016 0.000016 0.000017 0.000019 0.000021 0.000023 0.000000
0.000000 0.000028 0.000028 0.000026 0.000025 0.000024 0.000024 0.000023 0.000023 0.000023 0.000023 0.000023 0.000023 0.000023 0.000023 0.000023 0.000023 0.000023 0.000023 0.000023 0.000023 0.000023 0.000023 0.000023 0.000023 0.000023 0.000023 0.000023 0.000023 0.000023 0.000023 0.000023 0.000023 0.000023 0.000023 0.000023 0.000023 0.000023 0.000023 0.000023 0.000023 0.000023 0.000023 0.000023 0.000023 0.000023 0.000023 0.000023 0.000023 0.000023 0.000023 0.000023 0.000023 0.000023 0.000023 0.000023 0.000023 0.000023 0.000023 0.000023 0.000023 0.000023 0.000023 0.000023 0.000023 0.000023 0.000023 0.000023 0.000023 0.000023 0.000023 0.000023 0.000023 0.000023 0.000023 0.000023 0.000023 0.000023 0.000023 0.000023 0.000023 0.000023 0.000023 0.000023 0.000023 0.000023 0.000023 0.000023 0.000023 0.000023 0.000023 0.000023 0.000023 0.000023 0.000023 0.000023 0.000023 0.000023 0.000023 0.000023 0.000023 0.000023 0.000023 0.000023 0.000023 0.000023 0.000023 0.000023 0.000023 0.000023 0.000023 0.000023 0.000023 0.000023 0.000023 0.000023 0.000023 0.000023 0.000023 0.000023 0.000023 0.000023 0.000023 0.000023 0.000023 0.000023 0.000023 0.000023 0.000023 0.000023 0.000023 0.000023 0.000023 0.000023 0.000023 0.000023 0.000023 0.000023 0.000023 0.000023 0.000023 0.000023 0.000023 0.000023 0.000023 0.000023 0.000023 0.000023 0.000023 0.000023 0.000023 0.000023 0.000023 0.000023 0.000023 0.000023 0.000023 0.000023 0.000023 0.000023 0.000023 0.000023 0.000023 0.000023 0.000023 0.000023 0.000023 0.000023 0.000023 0.000023 0.000023 0.000023 0.000023 0.000023 0.000023 0.000023 0.000023 0.000023 0.000023 0.000023 0.000023 0.000023 0.000023 0.000023 0.000023 0.000023 0.000023 0.000023 0.000023 0.000023 0.000023 0.000023 0.000023 0.000023 0.000023 0.000024 0.000024 0.000025 0.000026 0.000028 0.000028 0.000000
0.000003 0.000031 0.000033 0.000032 0.000031 0.000030 0.000030 0.000030 0.000030 0.000030 0.000030 0.000029 0.000029 0.000029 0.000029 0.000029 0.000029 0.000029 0.000029 0.000029 0.000029 0.000029 0.000029 0.000029 0.000029 0.000029 0.000029 0.000029 0.000029 0.000029 0.000029 0.000029 0.000029 0.000029 0.000029 0.000029 0.000029 0.000029 0.000029 0.000029 0.000029 0.000029 0.000029 0.000029 0.000029 0.000029 0.000029 0.000029 0.000029 0.000029 0.000029 0.000029 0.000029 0.000029 0.000029 0.000029 0.000029 0.000029 0.000029 0.000029 0.000029 0.000029 0.000029 0.000029 0.000029 0.000029 0.000029 0.000029 0.000029 0.000029 0.000029 0.000029 0.000029 0.000029 0.000029 0.000029 0.000029 0.000029 0.000029 0.000029 0.000029 0.000029 0.000029 0.000029 0.000029 0.000029 0.000029 0.000029 0.000029 0.000029 0.000029 0.000029 0.000029 0.000029 0.000029 0.000029 0.000029 0.000029 0.000029 0.000029 0.000029 0.000029 0.000029 0.000029 0.000029 0.000029 0.000029 0.000029 0.000029 0.000029 0.000029 0.000029 0.000029 0.000029 0.000029 0.000029 0.000029 0.000029 0.000029 0.000029 0.000029 0.000029 0.000029 0.000029 0.000029 0.000029 0.000029 0.000029 0.000029 0.000029 0.000029 0.000029 0.000029 0.000029 0.000029 0.000029 0.000029 0.000029 0.000029 0.000029 0.000029 0.000029 0.000029 0.000029 0.000029 0.000029 0.000029 0.000029 0.000029 0.000029 0.000029 0.000029 0.000029 0.000029 0.000029 0.000029 0.000029 0.000029 0.000029 0.000029 0.000029 0.000029 0.000029 0.000029 0.000029 0.000029 0.000029 0.000029 0.000029 0.000029 0.000029 0.000029 0.000029 0.000029 0.000029 0.000029 0.000029 0.000029 0.000029 0.000029 0.000029 0.000029 0.000029 0.000029 0.000029 0.000029 0.000029 0.000029 0.000029 0.000029 0.000029 0.000030 0.000030 0.000030 0.000030 0.000030 0.000030 0.000031 0.000032 0.000033 0.000031 0.000003
0.000004 0.000033 0.000035 0.000034 0.000034 0.000033 0.000033 0.000033 0.000033 0.000033 0.000033 0.000033 0.000033 0.000033 0.000033 0.000033 0.000033 0.000033 0.000033 0.000033 0.000033 0.000033 0.000033 0.000033 0.000033 0.000033 0.000033 0.000033 0.000033 0.000033 0.000033 0.000033 0.000033 0.000033 0.000033 0.000033 0.000033 0.000033 0.000033 0.000033 0.000033 0.000033 0.000033 0.000033 0.000033 0.000033 0.000033 0.000033 0.000033 0.000033 0.000033 0.000033 0.000033 0.000033 0.000033 0.000033 0.000033 0.000033 0.000033 0.000033 0.000033 0.000033 0.000033 0.000033 0.000033 0.000033 0.000033 0.000033 0.000033 0.000033 0.000033 0.000033 0.000033 0.000033 0.000033 0.000033 0.000033 0.000033 0.000033 0.000033 0.000033 0.000033 0.000033 0.000033 0.000033 0.000033 0.000033 0.000033 0.000033 0.000033 0.000033 0.000033 0.000033 0.000033 0.000033 0.000033 0.000033 0.000033 0.000033 0.000033 0.000033 0.000033 0.000033 0.000033 0.000033 0.000033 0.000033 0.000033 0.000033 0.000033 0.000033 0.000033 0.000033 0.000033 0.000033 0.000033 0.000033 0.000033 0.000033 0.000033 0.000033 0.000033 0.000033 0.000033 0.000033 0.000033 0.000033 0.000033 0.000033 0.000033 0.000033 0.000033 0.000033 0.000033 0.000033 0.000033 0.000033 0.000033 0.000033 0.000033 0.000033 0.000033 0.000033 0.000033 0.000033 0.000033 0.000033 0.000033 0.000033 0.000033 0.000033 0.000033 0.000033 0.000033 0.000033 0.000033 0.000033 0.000033 0.000033 0.000033 0.000033 0.000033 0.000033 0.000033 0.000033 0.000033 0.000033 0.000033 0.000033 0.000033 0.000033 0.000033 0.000033 0.000033 0.000033 0.000033 0.000033 0.000033 0.000033 0.000033 0.000033 0.000033 0.000033 0.000033 0.000033 0.000033 0.000033 0.000033 0.000033 0.000033 0.000033 0.000033 0.000033 0.000033 0.000033 0.000033 0.000033 0.000034 0.000034 0.000035 0.000033 0.000004
0.000004 0.000034 0.000036 0.000035 0.000035 0.000035 0.000035 0.000035 0.000035 0.000035 0.000035 0.000035 0.000035 0.000035 0.000035 0.000035 0.000035 0.000035 0.000035 0.000035 0.000035 0.000035 0.000035 0.000035 0.000035 0.000035 0.000035 0.000035 0.000035 0.000035 0.000035 0.000035 0.000035 0.000035 0.000035 0.000035 0.000035 0.000035 0.000035 0.000035 0.000035 0.000035 0.000035 0.000035 0.000035 0.000035 0.000035 0.000035 0.000035 0.000035 0.000035 0.000035 0.000035 0.000035 0.000035 0.000035 0.000035 0.000035 0.000035 0.000035 0.000035 0.000035 0.000035 0.000035 0.000035 0.000035 0.000035 0.000035 0.000035 0.000035 0.000035 0.000035 0.000035 0.000035 0.000035 0.000035 0.000035 0.000035 0.000035 0.000035 0.000035 0.000035 0.000035 0.000035 0.000035 0.000035 0.000035 0.000035 0.000035 0.000035 0.000035 0.000035 0.000035 0.000035 0.000035 0.000035 0.000035 0.000035 0.000035 0.000035 0.000035 0.000035 0.000035 0.000035 0.000035 0.000035 0.000035 0.000035 0.000035 0.000035 0.000035 0.000035 0.000035 0.000035 0.000035 0.000035 0.000035 0.000035 0.000035 0.000035 0.000035 0.000035 0.000035 0.000035 0.000035 0.000035 0.000035 0.000035 0.000035 0.000035 0.000035 0.000035 0.000035 0.000035 0.000035 0.000035 0.000035 0.000035 0.000035 0.000035 0.000035 0.000035 0.000035 0.000035 0.000035 0.000035 0.000035 0.000035 0.000035 0.000035 0.000035 0.000035 0.000035 0.000035 0.000035 0.000035 0.000035 0.000035 0.000035 0.000035 0.000035 0.000035 0.000035 0.000035 0.000035 0.000035 0.000035 0.000035 0.000035 0.000035 0.000035 0.000035 0.000035 0.000035 0.000035 0.000035 0.000035 0.000035 0.000035 0.000035 0.000035 0.000035 0.000035 0.000035 0.000035 0.000035 0.000035 0.000035 0.000035 0.000035 0.000035 0.000035 0.000035 0.000035 0.000035 0.000035 0.000035 0.000035 0.000035 0.000036 0.000034 0.000004
0.000004 0.000034 0.000036 0.000036 0.000036 0.000036 0.000036 0.000035 0.000035 0.000035 0.000035 0.000035 0.000035 0.000035 0.000035 0.000035 0.000035 0.000035 0.000035 0.000035 0.000035 0.000035 0.000035 0.000035 0.000035 0.000035 0.000035 0.000035 0.000035 0.000035 0.000035 0.000035 0.000035 0.000035 0.000035 0.000035 0.000035 0.000035 0.000035 0.000035 0.000035 0.000035 0.000035 0.000035 0.000035 0.000035 0.000035 0.000035 0.000035 0.000035 0.000035 0.000035 0.000035 0.000035 0.000035 0.000035 0.000035 0.000035 0.000035 0.000035 0.000035 0.000035 0.000035 0.000035 0.000035 0.000035 0.000035 0.000035 0.000035 0.000035 0.000035 0.000035 0.000035 0.000035 0.000035 0.000035 0.000035 0.000035 0.000035 0.000035 0.000035 0.000035 0.000035 0.000035 0.000035 0.000035 0.000035 0.000035 0.000035 0.000035 0.000035 0.000035 0.000035 0.000035 0.000035 0.000035 0.000035 0.000035 0.000035 0.000035 0.000035 0.000035 0.000035 0.000035 0.000035 0.000035 0.000035 0.000035 0.000035 0.000035 0.000035 0.000035 0.000035 0.000035 0.000035 0.000035 0.000035 0.000035 0.000035 0.000035 0.000035 0.000035 0.000035 0.000035 0.000035 0.000035 0.000035 0.000035 0.000035 0.000035 0.000035 0.000035 0.000035 0.000035 0.000035 0.000035 0.000035 0.000035 0.000035 0.000035 0.000035 0.000035 0.000035 0.000035 0.000035 0.000035 0.000035 0.000035 0.000035 0.000035 0.000035 0.000035 0.000035 0.000035 0.000035 0.000035 0.000035 0.000035 0.000035 0.000035 0.000035 0.000035 0.000035 0.000035 0.000035 0.000035 0.000035 0.000035 0.000035 0.000035 0.000035 0.000035 0.000035 0.000035 0.000035 0.000035 0.000035 0.000035 0.000035 0.000035 0.000035 0.000035 0.000035 0.000035 0.000035 0.000035 0.000035 0.000035 0.000035 0.000035 0.000035 0.000035 0.000035 0.000035 0.000035 0.000036 0.000036 0.000036 0.000036 0.000036 0.000034 0.000004
0.000005 0.000034 0.000037 0.000036 0.000036 0.000036 0.000036 0.000036 0.000036 0.000036 0.000036 0.000036 0.000036 0.000036 0.000036 0.000036 0.000036 0.000036 0.000036 0.000036 0.000036 0.000036 0.000036 0.000036 0.000036 0.000036 0.000036 0.000036 0.000036 0.000036 0.000036 0.000036 0.000036 0.000036 0.000036 0.000036 0.000036 0.000036 0.000036 0.000036 0.000036 0.000036 0.000036 0.000036 0.000036 0.000036 0.000036 0.000036 0.000036 0.000036 0.000036 0.000036 0.000036 0.000036 0.000036 0.000036 0.000036 0.000036 0.000036 0.000036 0.000036 0.000036 0.000036 0.000036 0.000036 0.000036 0.000036 0.000036 0.000036 0.000036 0.000036 0.000036 0.000036 0.000036 0.000036 0.000036 0.000036 0.000036 0.000036 0.000036 0.000036 0.000036 0.000036 0.000036 0.000036 0.000036 0.000036 0.000036 0.000036 0.000036 0.000036 0.000036 0.000036 0.000036 0.000036 0.000036 0.000036 0.000036 0.000036 0.000036 0.000036 0.000036 0.000036 0.000036 0.000036 0.000036 0.000036 0.000036 0.000036 0.000036 0.000036 0.000036 0.000036 0.000036 0.000036 0.000036 0.000036 0.000036 0.000036 0.000036 0.000036 0.000036 0.000036 0.000036 0.000036 0.000036 0.000036 0.000036 0.000036 0.000036 0.000036 0.000036 0.000036 0.000036 0.000036 0.000036 0.000036 0.000036 0.000036 0.000036 0.000036 0.000036 0.000036 0.000036 0.000036 0.000036 0.000036 0.000036 0.000036 0.000036 0.000036 0.000036 0.000036 0.000036 0.000036 0.000036 0.000036 0.000036 0.000036 0.000036 0.000036 0.000036 0.000036 0.000036 0.000036 0.000036 0.000036 0.000036 0.000036 0.000036 0.000036 0.000036 0.000036 0.000036 0.000036 0.000036 0.000036 0.000036 0.000036 0.000036 0.000036 0.000036 0.000036 0.000036 0.000036 0.000036 0.000036 0.000036 0.000036 0.000036 0.000036 0.000036 0.000036 0.000036 0.000036 0.000036 0.000036 0.000036 0.000036 0.000037 0.000034 0.000005
0.000005 0.000034 0.000037 0.000036 0.000036 0.000036 0.000036 0.000036 0.000036 0.000036 0.000036 0.000036 0.000036 0.000036 0.000036 0.000036 0.000036 0.000036 0.000036 0.000036 0.000036 0.000036 0.000036 0.000036 0.000036 0.000036 0.000036 0.000036 0.000036 0.000036 0.000036 0.000036 0.000036 0.000036 0.000036 0.000036 0.000036 0.000036 0.000036 0.000036 0.000036 0.000036 0.000036 0.000036 0.000036 0.000036 0.000036 0.000036 0.000036 0.000036 0.000036 0.000036 0.000036 0.000036 0.000036 0.000036 0.000036 0.000036 0.000036 0.000036 0.000036 0.000036 0.000036 0.000036 0.000036 0.000036 0.000036 0.000036 0.000036 0.000036 0.000036 0.000036 0.000036 0.000036 0.000036 0.000036 0.000036 0.000036 0.000036 0.000036 0.000036 0.000036 0.000036 0.000036 0.000036 0.000036 0.000036 0.000036 0.000036 0.000036 0.000036 0.000036 0.000036 0.000036 0.000036 0.000036 0.000036 0.000036 0.000036 0.000036 0.000036 0.000036 0.000036 0.000036 0.000036 0.000036 0.000036 0.000036 0.000036 0.000036 0.000036 0.000036 0.000036 0.000036 0.000036 0.000036 0.000036 0.000036 0.000036 0.000036 0.000036 0.000036 0.000036 0.000036 0.000036 0.000036 0.000036 0.000036 0.000036 0.000036 0.000036 0.000036 0.000036 0.000036 0.000036 0.000036 0.000036 0.000036 0.000036 0.000036 0.000036 0.000036 0.000036 0.000036 0.000036 0.000036 0.000036 0.000036 0.000036 0.000036 0.000036 0.000036 0.000036 0.000036 0.000036 0.000036 0.000036 0.000036 0.000036 0.000036 0.000036 0.000036 0.000036 0.000036 0.000036 0.000036 0.000036 0.000036 0.000036 0.000036 0.000036 0.000036 0.000036 0.000036 0.000036 0.000036 0.000036 0.000036 0.000036 0.000036 0.000036 0.000036 0.000036 0.000036 0.000036 0.000036 0.000036 0.000036 0.000036 0.000036 0.000036 0.000036 0.000036 0.000036 0.000036 0.000036 0.000036 0.000036 0.000036 0.000037 0.000034 0.000005
0.000004 0.000034 0.000037 0.000036 0.000036 0.000036 0.000036 0.000036 0.000036 0.000036 0.000036 0.000036 0.000036 0.000036 0.000036 0.000036 0.000036 0.000036 0.000036 0.000036 0.000036 0.000036 0.000036 0.000036 0.000036 0.000036 0.000036 0.000036 0.000036 0.000036 0.000036 0.000036 0.000036 0.000036 0.000036 0.000036 0.000036 0.000036 0.000036 0.000036 0.000036 0.000036 0.000036 0.000036 0.000036 0.000036 0.000036 0.000036 0.000036 0.000036 0.000036 0.000036 0.000036 0.000036 0.000036 0.000036 0.000036 0.000036 0.000036 0.000036 0.000036 0.000036 0.000036 0.000036 0.000036 0.000036 0.000036 0.000036 0.000036 0.000036 0.000036 0.000036 0.000036 0.000036 0.000036 0.000036 0.000036 0.000036 0.000036 0.000036 0.000036 0.000036 0.000036 0.000036 0.000036 0.000036 0.000036 0.000036 0.000036 0.000036 0.000036 0.000036 0.000036 0.000036 0.000036 0.000036 0.000036 0.000036 0.000036 0.000036 0.000036 0.000036 0.000036 0.000036 0.000036 0.000036 0.000036 0.000036 0.000036 0.000036 0.000036 0.000036 0.000036 0.000036 0.000036 0.000036 0.000036 0.000036 0.000036 0.000036 0.000036 0.000036 0.000036 0.000036 0.000036 0.000036 0.000036 0.000036 0.000036 0.000036 0.000036 0.000036 0.000036 0.000036 0.000036 0.000036 0.000036 0.000036 0.000036 0.000036 0.000036 0.000036 0.000036 0.000036 0.000036 0.000036 0.000036 0.000036 0.000036 0.000036 0.000036 0.000036 0.000036 0.000036 0.000036 0.000036 0.000036 0.000036 0.000036 0.000036 0.000036 0.000036 0.000036 0.000036 0.000036 0.000036 0.000036 0.000036 0.000036 0.000036 0.000036 0.000036 0.000036 0.000036 0.000036 0.000036 0.000036 0.000036 0.000036 0.000036 0.000036 0.000036 0.000036 0.000036 0.000036 0.000036 0.000036 0.000036 0.000036 0.000036 0.000036 0.000036 0.000036 0.000036 0.000036 0.000036 0.000036 0.000036 0.000036 0.000037 0.000034 0.000004
0.000004 0.000034 0.000036 0.000036 0.000036 0.000036 0.000036 0.000036 0.000036 0.000036 0.000036 0.000036 0.000036 0.000036 0.000036 0.000036 0.000036 0.000036 0.000036 0.000036 0.000036 0.000036 0.000036 0.000036 0.000036 0.000036 0.000036 0.000036 0.000036 0.000036 0.000036 0.000036 0.000036 0.000036 0.000036 0.000036 0.000036 0.000036 0.000036 0.000036 0.000036 0.000036 0.000036 0.000036 0.000036 0.000036 0.000036 0.000036 0.000036 0.000036 0.000036 0.000036 0.000036 0.000036 0.000036 0.000036 0.000036 0.000036 0.000036 0.000036 0.000036 0.000036 0.000036 0.000036 0.000036 0.000036 0.000036 0.000036 0.000036 0.000036 0.000036 0.000036 0.000036 0.000036 0.000036 0.000036 0.000036 0.000036 0.000036 0.000036 0.000036 0.000036 0.000036 0.000036 0.000036 0.000036 0.000036 0.000036 0.000036 0.000036 0.000036 0.000036 0.000036 0.000036 0.000036 0.000036 0.000036 0.000036 0.000036 0.000036 0.000036 0.000036 0.000036 0.000036 0.000036 0.000036 0.000036 0.000036 0.000036 0.000036 0.000036 0.000036 0.000036 0.000036 0.000036 0.000036 0.000036 0.000036 0.000036 0.000036 0.000036 0.000036 0.000036 0.000036 0.000036 0.000036 0.000036 0.000036 0.000036 0.000036 0.000036 0.000036 0.000036 0.000036 0.000036 0.000036 0.000036 0.000036 0.000036 0.000036 0.000036 0.000036 0.000036 0.000036 0.000036 0.000036 0.000036 0.000036 0.000036 0.000036 0.000036 0.000036 0.000036 0.000036 0.000036 0.000036 0.000036 0.000036 0.000036 0.000036 0.000036 0.000036 0.000036 0.000036 0.000036 0.000036 0.000036 0.000036 0.000036 0.000036 0.000036 0.000036 0.000036 0.000036 0.000036 0.000036 0.000036 0.000036 0.000036 0.000036 0.000036 0.000036 0.000036 0.000036 0.000036 0.000036 0.000036 0.000036 0.000036 0.000036 0.000036 0.000036 0.000036 0.000036 0.000036 0.000036 0.000036 0.000036 0.000036 0.000036 0.000034 0.000004
0.000004 0.000034 0.000036 0.000036 0.000036 0.000036 0.000036 0.000036 0.000036 0.000036 0.000036 0.000036 0.000036 0.000036 0.000036 0.000036 0.000036 0.000036 0.000036 0.000036 0.000036 0.000036 0.000036 0.000036 0.000036 0.000036 0.000036 0.000036 0.000036 0.000036 0.000036 0.000036 0.000036 0.000036 0.000036 0.000036 0.000036 0.000036 0.000036 0.000036 0.000036 0.000036 0.000036 0.000036 0.000036 0.000036 0.000036 0.000036 0.000036 0.000036 0.000036 0.000036 0.000036 0.000036 0.000036 0.000036 0.000036 0.000036 0.000036 0.000036 0.000036 0.000036 0.000036 0.000036 0.000036 0.000036 0.000036 0.000036 0.000036 0.000036 0.000036 0.000036 0.000036 0.000036 0.000036 0.000036 0.000036 0.000036 0.000036 0.000036 0.000036 0.000036 0.000036 0.000036 0.000036 0.000036 0.000036 0.000036 0.000036 0.000036 0.000036 0.000036 0.000036 0.000036 0.000036 0.000036 0.000036 0.000036 0.000036 0.000036 0.000036 0.000036 0.000036 0.000036 0.000036 0.000036 0.000036 0.000036 0.000036 0.000036 0.000036 0.000036 0.000036 0.000036 0.000036 0.000036 0.000036 0.000036 0.000036 0.000036 0.000036 0.000036 0.000036 0.000036 0.000036 0.000036 0.000036 0.000036 0.000036 0.000036 0.000036 0.000036 0.000036 0.000036 0.000036 0.000036 0.000036 0.000036 0.000036 0.000036 0.000036 0.000036 0.000036 0.000036 0.000036 0.000036 0.000036 0.000036 0.000036 0.000036 0.000036 0.000036 0.000036 0.000036 0.000036 0.000036 0.000036 0.000036 0.000036 0.000036 0.000036 0.000036 0.000036 0.000036 0.000036 0.000036 0.000036 0.000036 0.000036 0.000036 0.000036 0.000036 0.000036 0.000036 0.000036 0.000036 0.000036 0.000036 0.000036 0.000036 0.000036 0.000036 0.000036 0.000036 0.000036 0.000036 0.000036 0.000036 0.000036 0.000036 0.000036 0.000036 0.000036 0.000036 0.000036 0.000036 0.000036 0.000036 0.000036 0.000036 0.000034 0.000004
0.000004 0.000034 0.000036 0.000036 0.000036 0.000036 0.000036 0.000036 0.000036 0.000036 0.000036 0.000036 0.000036 0.000036 0.000036 0.000036 0.000036 0.000036 0.000036 0.000036 0.000036 0.000036 0.000036 0.000036 0.000036 0.000036 0.000036 0.000036 0.000036 0.000036 0.000036 0.000036 0.000036 0.000036 0.000036 0.000036 0.000036 0.000036 0.000036 0.000036 0.000036 0.000036 0.000036 0.000036 0.000036 0.000036 0.000036 0.000036 0.000036 0.000036 0.000036 0.000036 0.000036 0.000036 0.000036 0.000036 0.000036 0.000036 0.000036 0.000036 0.000036 0.000036 0.000036 0.000036 0.000036 0.000036 0.000036 0.000036 0.000036 0.000036 0.000036 0.000036 0.000036 0.000036 0.000036 0.000036 0.000036 0.000036 0.000036 0.000036 0.000036 0.000036 0.000036 0.000036 0.000036 0.000036 0.000036 0.000036 0.000036 0.000036 0.000036 0.000036 0.000036 0.000036 0.000036 0.000036 0.000036 0.000036 0.000036 0.000036 0.000036 0.000036 0.000036 0.000036 0.000036 0.000036 0.000036 0.000036 0.000036 0.000036 0.000036 0.000036 0.000036 0.000036 0.000036 0.000036 0.000036 0.000036 0.000036 0.000036 0.000036 0.000036 0.000036 0.000036 0.000036 0.000036 0.000036 0.000036 0.000036 0.000036 0.000036 0.000036 0.000036 0.000036 0.000036 0.000036 0.000036 0.000036 0.000036 0.000036 0.000036 0.000036 0.000036 0.000036 0.000036 0.000036 0.000036 0.000036 0.000036 0.000036 0.000036 0.000036 0.000036 0.000036 0.000036 0.000036 0.000036 0.000036 0.000036 0.000036 0.000036 0.000036 0.000036 0.000036 0.000036 0.000036 0.000036 0.000036 0.000036 0.000036 0.000036 0.000036 0.000036 0.000036 0.000036 0.000036 0.000036 0.000036 0.000036 0.000036 0.000036 0.000036 0.000036 0.000036 0.000036 0.000036 0.000036 0.000036 0.000036 0.000036 0.000036 0.000036 0.000036 0.000036 0.000036 0.000036 0.000036 0.000036 0.000036 0.000036 0.000034 0.000004
0.000004 0.000034 0.000036 0.000036 0.000036 0.000036 0.000036 0.000036 0.000036 0.000036 0.000036 0.000036 0.000036 0.000036 0.000036 0.000036 0.000036 0.000036 0.000036 0.000036 0.000036 0.000036 0.000036 0.000036 0.000036 0.000036 0.000036 0.000036 0.000036 0.000036 0.000036 0.000036 0.000036 0.000036 0.000036 0.000036 0.000036 0.000036 0.000036 0.000036 0.000036 0.000036 0.000036 0.000036 0.000036 0.000036 0.000036 0.000036 0.000036 0.000036 0.000036 0.000036 0.000036 0.000036 0.000036 0.000036 0.000036 0.000036 0.000036 0.000036 0.000036 0.000036 0.000036 0.000036 0.000036 0.000036 0.000036 0.000036 0.000036 0.000036 0.000036 0.000036 0.000036 0.000036 0.000036 0.000036 0.000036 0.000036 0.000036 0.000036 0.000036 0.000036 0.000036 0.000036 0.000036 0.000036 0.000036 0.000036 0.000036 0.000036 0.000036 0.000036 0.000036 0.000036 0.000036 0.000036 0.000036 0.000036 0.000036 0.000036 0.000036 0.000036 0.000036 0.000036 0.000036 0.000036 0.000036 0.000036 0.000036 0.000036 0.000036 0.000036 0.000036 0.000036 0.000036 0.000036 0.000036 0.000036 0.000036 0.000036 0.000036 0.000036 0.000036 0.000036 0.000036 0.000036 0.000036 0.000036 0.000036 0.000036 0.000036 0.000036 0.000036 0.000036 0.000036 0.000036 0.000036 0.000036 0.000036 0.000036 0.000036 0.000036 0.000036 0.000036 0.000036 0.000036 0.000036 0.000036 0.000036 0.000036 0.000036 0.000036 0.000036 0.000036 0.000036 0.000036 0.000036 0.000036 0.000036 0.000036 0.000036 0.000036 0.000036 0.000036 0.000036 0.000036 0.000036 0.000036 0.000036 0.000036 0.000036 0.000036 0.000036 0.000036 0.000036 0.000036 0.000036 0.000036 0.000036 0.000036 0.000036 0.000036 0.000036 0.000036 0.000036 0.000036 0.000036 0.000036 0.000036 0.000036 0.000036 0.000036 0.000036 0.000036 0.000036 0.000036 0.000036 0.000036 0.000036 0.000036 0.000034 0.000004
0.000004 0.000034 0.000036 0.000036 0.000036 0.000036 0.000036 0.000036 0.000036 0.000036 0.000036 0.000036 0.000036 0.000036 0.000036 0.000036 0.000036 0.000036 0.000036 0.000036 0.000036 0.000036 0.000036 0.000036 0.000036 0.000036 0.000036 0.000036 0.000036 0.000036 0.000036 0.000036 0.000036 0.000036 0.000036 0.000036 0.000036 0.000036 0.000036 0.000036 0.000036 0.000036 0.000036 0.000036 0.000036 0.000036 0.000036 0.000036 0.000036 0.000036 0.000036 0.000036 0.000036 0.000036 0.000036 0.000036 0.000036 0.000036 0.000036 0.000036 0.000036 0.000036 0.000036 0.000036 0.000036 0.000036 0.000036 0.000036 0.000036 0.000036 0.000036 0.000036 0.000036 0.000036 0.000036 0.000036 0.000036 0.000036 0.000036 0.000036 0.000036 0.000036 0.000036 0.000036 0.000036 0.000036 0.000036 0.000036 0.000036 0.000036 0.000036 0.000036 0.000036 0.000036 0.000036 0.000036 0.000036 0.000036 0.000036 0.000036 0.000036 0.000036 0.000036 0.000036 0.000036 0.000036 0.000036 0.000036 0.000036 0.000036 0.000036 0.000036 0.000036 0.000036 0.000036 0.000036 0.000036 0.000036 0.000036 0.000036 0.000036 0.000036 0.000036 0.000036 0.000036 0.000036 0.000036 0.000036 0.000036 0.000036 0.000036 0.000036 0.000036 0.000036 0.000036 0.000036 0.000036 0.000036 0.000036 0.000036 0.000036 0.000036 0.000036 0.000036 0.000036 0.000036 0.000036 0.000036 0.000036 0.000036 0.000036 0.000036 0.000036 0.000036 0.000036 0.000036 0.000036 0.000036 0.000036 0.000036 0.000036 0.000036 0.000036 0.000036 0.000036 0.000036 0.000036 0.000036 0.000036 0.000036 0.000036 0.000036 0.000036 0.000036 0.000036 0.000036 0.000036 0.000036 0.000036 0.000036 0.000036 0.000036 0.000036 0.000036 0.000036 0.000036 0.000036 0.000036 0.000036 0.000036 0.000036 0.000036 0.000036 0.000036 0.000036 0.000036 0.000036 0.000036 0.000036 0.000036 0.000034 0.000004
0.000004 0.000034 0.000036 0.000036 0.000036 0.000035 0.000035 0.000035 0.000035 0.000035 0.000035 0.000035 0.000035 0.000035 0.000035 0.000035 0.000035 0.000035 0.000035 0.000035 0.000035 0.000035 0.000035 0.000035 0.000035 0.000035 0.000035 0.000035 0.000035 0.000035 0.000035 0.000035 0.000035 0.000035 0.000035 0.000035 0.000035 0.000035 0.000035 0.000035 0.000035 0.000035 0.000035 0.000035 0.000035 0.000035 0.000035 0.000035 0.000035 0.000035 0.000035 0.000035 0.000035 0.000035 0.000035 0.000035 0.000035 0.000035 0.000035 0.000035 0.000035 0.000035 0.000035 0.000035 0.000035 0.000035 0.000035 0.000035 0.000035 0.000035 0.000035 0.000035 0.000035 0.000035 0.000035 0.000035 0.000035 0.000035 0.000035 0.000035 0.000035 0.000035 0.000035 0.000035 0.000035 0.000035 0.000035 0.000035 0.000035 0.000035 0.000035 0.000035 0.000035 0.000035 0.000035 0.000035 0.000035 0.000035 0.000035 0.000035 0.000035 0.000035 0.000035 0.000035 0.000035 0.000035 0.000035 0.000035 0.000035 0.000035 0.000035 0.000035 0.000035 0.000035 0.000035 0.000035 0.000035 0.000035 0.000035 0.000035 0.000035 0.000035 0.000035 0.000035 0.000035 0.000035 0.000035 0.000035 0.000035 0.000035 0.000035 0.000035 0.000035 0.000035 0.000035 0.000035 0.000035 0.000035 0.000035 0.000035 0.000035 0.000035 0.000035 0.000035 0.000035 0.000035 0.000035 0.000035 0.000035 0.000035 0.000035 0.000035 0.000035 0.000035 0.000035 0.000035 0.000035 0.000035 0.000035 0.000035 0.000035 0.000035 0.000035 0.000035 0.000035 0.000035 0.000035 0.000035 0.000035 0.000035 0.000035 0.000035 0.000035 0.000035 0.000035 0.000035 0.000035 0.000035 0.000035 0.000035 0.000035 0.000035 0.000035 0.000035 0.000035 0.000035 0.000035 0.000035 0.000035 0.000035 0.000035 0.000035 0.000035 0.000035 0.000035 0.000035 0.000035 0.000036 0.000036 0.000036 0.000034 0.000004
0.000004 0.000034 0.000036 0.000036 0.000036 0.000035 0.000035 0.000035 0.000035 0.000035 0.000035 0.000035 0.000035 0.000035 0.000035 0.000035 0.000035 0.000035 0.000035 0.000035 0.000035 0.000035 0.000035 0.000035 0.000035 0.000035 0.000035 0.000035 0.000035 0.000035 0.000035 0.000035 0.000035 0.000035 0.000035 0.000035 0.000035 0.000035 0.000035 0.000035 0.000035 0.000035 0.000035 0.000035 0.000035 0.000035 0.000035 0.000035 0.000035 0.000035 0.000035 0.000035 0.000035 0.000035 0.000035 0.000035 0.000035 0.000035 0.000035 0.000035 0.000035 0.000035 0.000035 0.000035 0.000035 0.000035 0.000035 0.000035 0.000035 0.000035 0.000035 0.000035 0.000035 0.000035 0.000035 0.000035 0.000035 0.000035 0.000035 0.000035 0.000035 0.000035 0.000035 0.000035 0.000035 0.000035 0.000035 0.000035 0.000035 0.000035 0.000035 0.000035 0.000035 0.000035 0.000035 0.000035 0.000035 0.000035 0.000035 0.000035 0.000035 0.000035 0.000035 0.000035 0.000035 0.000035 0.000035 0.000035 0.000035 0.000035 0.000035 0.000035 0.000035 0.000035 0.000035 0.000035 0.000035 0.000035 0.000035 0.000035 0.000035 0.000035 0.000035 0.000035 0.000035 0.000035 0.000035 0.000035 0.000035 0.000035 0.000035 0.000035 0.000035 0.000035 0.000035 0.000035 0.000035 0.000035 0.000035 0.000035 0.000035 0.000035 0.000035 0.000035 0.000035 0.000035 0.000035 0.000035 0.000035 0.000035 0.000035 0.000035 0.000035 0.000035 0.000035 0.000035 0.000035 0.000035 0.000035 0.000035 0.000035 0.000035 0.000035 0.000035 0.000035 0.000035 0.000035 0.000035 0.000035 0.000035 0.000035 0.000035 0.000035 0.000035 0.000035 0.000035 0.000035 0.000035 0.000035 0.000035 0.000035 0.000035 0.000035 0.000035 0.000035 0.000035 0.000035 0.000035 0.000035 0.000035 0.000035 0.000035 0.000035 0.000035 0.000035 0.000035 0.000035 0.000036 0.000036 0.000036 0.000034 0.000004
0.000004 0.000034 0.000036 0.000036 0.000035 0.000035 0.000035 0.000035 0.000035 0.000035 0.000035 0.000035 0.000035 0.000035 0.000035 0.000035 0.000035 0.000035 0.000035 0.000035 0.000035 0.000035 0.000035 0.000035 0.000035 0.000035 0.000035 0.000035 0.000035 0.000035 0.000035 0.000035 0.000035 0.000035 0.000035 0.000035 0.000035 0.000035 0.000035 0.000035 0.000035 0.000035 0.000035 0.000035 0.000035 0.000035 0.000035 0.000035 0.000035 0.000035 0.000035 0.000035 0.000035 0.000035 0.000035 0.000035 0.000035 0.000035 0.000035 0.000035 0.000035 0.000035 0.000035 0.000035 0.000035 0.000035 0.000035 0.000035 0.000035 0.000035 0.000035 0.000035 0.000035 0.000035 0.000035 0.000035 0.000035 0.000035 0.000035 0.000035 0.000035 0.000035 0.000035 0.000035 0.000035 0.000035 0.000035 0.000035 0.000035 0.000035 0.000035 0.000035 0.000035 0.000035 0.000035 0.000035 0.000035 0.000035 0.000035 0.000035 0.000035 0.000035 0.000035 0.000035 0.000035 0.000035 0.000035 0.000035 0.000035 0.000035 0.000035 0.000035 0.000035 0.000035 0.000035 0.000035 0.000035 0.000035 0.000035 0.000035 0.000035 0.000035 0.000035 0.000035 0.000035 0.000035 0.000035 0.000035 0.000035 0.000035 0.000035 0.000035 0.000035 0.000035 0.000035 0.000035 0.000035 0.000035 0.000035 0.000035 0.000035 0.000035 0.000035 0.000035 0.000035 0.000035 0.000035 0.000035 0.000035 0.000035 0.000035 0.000035 0.000035 0.000035 0.000035 0.000035 0.000035 0.000035 0.000035 0.000035 0.000035 0.000035 0.000035 0.000035 0.000035 0.000035 0.000035 0.000035 0.000035 0.000035 0.000035 0.000035 0.000035 0.000035 0.000035 0.000035 0.000035 0.000035 0.000035 0.000035 0.000035 0.000035 0.000035 0.000035 0.000035 0.000035 0.000035 0.000035 0.000035 0.000035 0.000035 0.000035 0.000035 0.000035 0.000035 0.000035 0.000035 0.000035 0.000036 0.000036 0.000034 0.000004
0.000004 0.000034 0.000036 0.000036 0.000035 0.000035 0.000035 0.000035 0.000035 0.000035 0.000035 0.000035 0.000035 0.000035 0.000035 0.000035 0.000035 0.000035 0.000035 0.000035 0.000035 0.000035 0.000035 0.000035 0.000035 0.000035 0.000035 0.000035 0.000035 0.000035 0.000035 0.000035 0.000035 0.000035 0.000035 0.000035 0.000035 0.000035 0.000035 0.000035 0.000035 0.000035 0.000035 0.000035 0.000035 0.000035 0.000035 0.000035 0.000035 0.000035 0.000035 0.000035 0.000035 0.000035 0.000035 0.000035 0.000035 0.000035 0.000035 0.000035 0.000035 0.000035 0.000035 0.000035 0.000035 0.000035 0.000035 0.000035 0.000035 0.000035 0.000035 0.000035 0.000035 0.000035 0.000035 0.000035 0.000035 0.000035 0.000035 0.000035 0.000035 0.000035 0.000035 0.000035 0.000035 0.000035 0.000035 0.000035 0.000035 0.000035 0.000035 0.000035 0.000035 0.000035 0.000035 0.000035 0.000035 0.000035 0.000035 0.000035 0.000035 0.000035 0.000035 0.000035 0.000035 0.000035 0.000035 0.000035 0.000035 0.000035 0.000035 0.000035 0.000035 0.000035 0.000035 0.000035 0.000035 0.000035 0.000035 0.000035 0.000035 0.000035 0.000035 0.000035 0.000035 0.000035 0.000035 0.000035 0.000035 0.000035 0.000035 0.000035 0.000035 0.000035 0.000035 0.000035 0.000035 0.000035 0.000035 0.000035 0.000035 0.000035 0.000035 0.000035 0.000035 0.000035 0.000035 0.000035 0.000035 0.000035 0.000035 0.000035 0.000035 0.000035 0.000035 0.000035 0.000035 0.000035 0.000035 0.000035 0.000035 0.000035 0.000035 0.000035 0.000035 0.000035 0.000035 0.000035 0.000035 0.000035 0.000035 0.000035 0.000035 0.000035 0.000035 0.000035 0.000035 0.000035 0.000035 0.000035 0.000035 0.000035 0.000035 0.000035 0.000035 0.000035 0.000035 0.000035 0.000035 0.000035 0.000035 0.000035 0.000035 0.000035 0.000035 0.000035 0.000035 0.000035 0.000036 0.000036 0.000034 0.000004
0.000004 0.000034 0.000036 0.000036 0.000035 0.000035 0.000035 0.000035 0.000035 0.000035 0.000035 0.000035 0.000035 0.000035 0.000035 0.000035 0.000035 0.000035 0.000035 0.000035 0.000035 0.000035 0.000035 0.000035 0.000035 0.000035 0.000035 0.000035 0.000035 0.000035 0.000035 0.000035 0.000035 0.000035 0.000035 0.000035 0.000035 0.000035 0.000035 0.000035 0.000035 0.000035 0.000035 0.000035 0.000035 0.000035 0.000035 0.000035 0.000035 0.000035 0.000035 0.000035 0.000035 0.000035 0.000035 0.000035 0.000035 0.000035 0.000035 0.000035 0.000035 0.000035 0.000035 0.000035 0.000035 0.000035 0.000035 0.000035 0.000035 0.000035 0.000035 0.000035 0.000035 0.000035 0.000035 0.000035 0.000035 0.000035 0.000035 0.000035 0.000035 0.000035 0.000035 0.000035 0.000035 0.000035 0.000035 0.000035 0.000035 0.000035 0.000035 0.000035 0.000035 0.000035 0.000035 0.000035 0.000035 0.000035 0.000035 0.000035 0.000035 0.000035 0.000035 0.000035 0.000035 0.000035 0.000035 0.000035 0.000035 0.000035 0.000035 0.000035 0.000035 0.000035 0.000035 0.000035 0.000035 0.000035 0.000035 0.000035 0.000035 0.000035 0.000035 0.000035 0.000035 0.000035 0.000035 0.000035 0.000035 0.000035 0.000035 0.000035 0.000035 0.000035 0.000035 0.000035 0.000035 0.000035 0.000035 0.000035 0.000035 0.000035 0.000035 0.000035 0.000035 0.000035 0.000035 0.000035 0.000035 0.000035 0.000035 0.000035 0.000035 0.000035 0.000035 0.000035 0.000035 0.000035 0.000035 0.000035 0.000035 0.000035 0.000035 0.000035 0.000035 0.000035 0.000035 0.000035 0.000035 0.000035 0.000035 0.000035 0.000035 0.000035 0.000035 0.000035 0.000035 0.000035 0.000035 0.000035 0.000035 0.000035 0.000035 0.000035 0.000035 0.000035 0.000035 0.000035 0.000035 0.000035 0.000035 0.000035 0.000035 0.000035 0.000035 0.000035 0.000035 0.000035 0.000036 0.000036 0.000034 0.000004
0.000004 0.000034 0.000036 0.000036 0.000035 0.000035 0.000035 0.000035 0.000035 0.000035 0.000035 0.000035 0.000035 0.000035 0.000035 0.000035 0.000035 0.000035 0.000035 0.000035 0.000035 0.000035 0.000035 0.000035 0.000035 0.000035 0.000035 0.000035 0.000035 0.000035 0.000035 0.000035 0.000035 0.000035 0.000035 0.000035 0.000035 0.000035 0.000035 0.000035 0.000035 0.000035 0.000035 0.000035 0.000035 0.000035 0.000035 0.000035 0.000035 0.000035 0.000035 0.000035 0.000035 0.000035 0.000035 0.000035 0.000035 0.000035 0.000035 0.000035 0.000035 0.000035 0.000035 0.000035 0.000035 0.000035 0.000035 0.000035 0.000035 0.000035 0.000035 0.000035 0.000035 0.000035 0.000035 0.000035 0.000035 0.000035 0.000035 0.000035 0.000035 0.000035 0.000035 0.000035 0.000035 0.000035 0.000035 0.000035 0.000035 0.000035 0.000035 0.000035 0.000035 0.000035 0.000035 0.000035 0.000035 0.000035 0.000035 0.000035 0.000035 0.000035 0.000035 0.000035 0.000035 0.000035 0.000035 0.000035 0.000035 0.000035 0.000035 0.000035 0.000035 0.000035 0.000035 0.000035 0.000035 0.000035 0.000035 0.000035 0.000035 0.000035 0.000035 0.000035 0.000035 0.000035 0.000035 0.000035 0.000035 0.000035 0.000035 0.000035 0.000035 0.000035 0.000035 0.000035 0.000035 0.000035 0.000035 0.000035 0.000035 0.000035 0.000035 0.000035 0.000035 0.000035 0.000035 0.000035 0.000035 0.000035 0.000035 0.000035 0.000035 0.000035 0.000035 0.000035 0.000035 0.000035 0.000035 0.000035 0.000035 0.000035 0.000035 0.000035 0.000035 0.000035 0.000035 0.000035 0.000035 0.000035 0.000035 0.000035 0.000035 0.000035 0.000035 0.000035 0.000035 0.000035 0.000035 0.000035 0.000035 0.000035 0.000035 0.000035 0.000035 0.000035 0.000035 0.000035 0.000035 0.000035 0.000035 0.000035 0.000035 0.000035 0.000035 0.000035 0.000035 0.000035 0.000036 0.000036 0.000034 0.000004
0.000004 0.000034 0.000036 0.000036 0.000035 0.000035 0.000035 0.000035 0.000035 0.000035 0.000035 0.000035 0.000035 0.000035 0.000035 0.000035 0.000035 0.000035 0.000035 0.000035 0.000035 0.000035 0.000035 0.000035 0.000035 0.000035 0.000035 0.000035 0.000035 0.000035 0.000035 0.000035 0.000035 0.000035 0.000035 0.000035 0.000035 0.000035 0.000035 0.000035 0.000035 0.000035 0.000035 0.000035 0.000035 0.000035 0.000035 0.000035 0.000035 0.000035 0.000035 0.000035 0.000035 0.000035 0.000035 0.000035 0.000035 0.000035 0.000035 0.000035 0.000035 0.000035 0.000035 0.000035 0.000035 0.000035 0.000035 0.000035 0.000035 0.000035 0.000035 0.000035 0.000035 0.000035 0.000035 0.000035 0.000035 0.000035 0.000035 0.000035 0.000035 0.000035 0.000035 0.000035 0.000035 0.000035 0.000035 0.000035 0.000035 0.000035 0.000035 0.000035 0.000035 0.000035 0.000035 0.000035 0.000035 0.000035 0.000035 0.000035 0.000035 0.000035 0.000035 0.000035 0.000035 0.000035 0.000035 0.000035 0.000035 0.000035 0.000035 0.000035 0.000035 0.000035 0.000035 0.000035 0.000035 0.000035 0.000035 0.000035 0.000035 0.000035 0.000035 0.000035 0.000035 0.000035 0.000035 0.000035 0.000035 0.000035 0.000035 0.000035 0.000035 0.000035 0.000035 0.000035 0.000035 0.000035 0.000035 0.000035 0.000035 0.000035 0.000035 0.000035 0.000035 0.000035 0.000035 0.000035 0.000035 0.000035 0.000035 0.000035 0.000035 0.000035 0.000035 0.000035 0.000035 0.000035 0.000035 0.000035 0.000035 0.000035 0.000035 0.000035 0.000035 0.000035 0.000035 0.000035 0.000035 0.000035 0.000035 0.000035 0.000035 0.000035 0.000035 0.000035 0.000035 0.000035 0.000035 0.000035 0.000035 0.000035 0.000035 0.000035 0.000035 0.000035 0.000035 0.000035 0.000035 0.000035 0.000035 0.000035 0.000035 0.000035 0.000035 0.000035 0.000035 0.000035 0.000036 0.000036 0.000034 0.000004
0.000004 0.000034 0.000036 0.000036 0.000035 0.000035 0.000035 0.000035 0.000035 0.000035 0.000035 0.000035 0.000035 0.000035 0.000035 0.000035 0.000035 0.000035 0.000035 0.000035 0.000035 0.000035 0.000035 0.000035 0.000035 0.000035 0.000035 0.000035 0.000035 0.000035 0.000035 0.000035 0.000035 0.000035 0.000035 0.000035 0.000035 0.000035 0.000035 0.000035 0.000035 0.000035 0.000035 0.000035 0.000035 0.000035 0.000035 0.000035 0.000035 0.000035 0.000035 0.000035 0.000035 0.000035 0.000035 0.000035 0.000035 0.000035 0.000035 0.000035 0.000035 0.000035 0.000035 0.000035 0.000035 0.000035 0.000035 0.000035 0.000035 0.000035 0.000035 0.000035 0.000035 0.000035 0.000035 0.000035 0.000035 0.000035 0.000035 0.000035 0.000035 0.000035 0.000035 0.000035 0.000035 0.000035 0.000035 0.000035 0.000035 0.000035 0.000035 0.000035 0.000035 0.000035 0.000035 0.000035 0.000035 0.000035 0.000035 0.000035 0.000035 0.000035 0.000035 0.000035 0.000035 0.000035 0.000035 0.000035 0.000035 0.000035 0.000035 0.000035 0.000035 0.000035 0.000035 0.000035 0.000035 0.000035 0.000035 0.000035 0.000035 0.000035 0.000035 0.000035 0.000035 0.000035 0.000035 0.000035 0.000035 0.000035 0.000035 0.000035 0.000035 0.000035 0.000035 0.000035 0.000035 0.000035 0.000035 0.000035 0.000035 0.000035 0.000035 0.000035 0.000035 0.000035 0.000035 0.000035 0.000035 0.000035 0.000035 0.000035 0.000035 0.000035 0.000035 0.000035 0.000035 0.000035 0.000035 0.000035 0.000035 0.000035 0.000035 0.000035 0.000035 0.000035 0.000035 0.000035 0.000035 0.000035 0.000035 0.000035 0.000035 0.000035 0.000035 0.000035 0.000035 0.000035 0.000035 0.000035 0.000035 0.000035 0.000035 0.000035 0.000035 0.000035 0.000035 0.000035 0.000035 0.000035 0.000035 0.000035 0.000035 0.000035 0.000035 0.000035 0.000035 0.000035 0.000036 0.000036 0.000034 0.000004
0.000004 0.000034 0.000036 0.000036 0.000035 0.000035 0.000035 0.000035 0.000035 0.000035 0.000035 0.000035 0.000035 0.000035 0.000035 0.000035 0.000035 0.000035 0.000035 0.000035 0.000035 0.000035 0.000035 0.000035 0.000035 0.000035 0.000035 0.000035 0.000035 0.000035 0.000035 0.000035 0.000035 0.000035 0.000035 0.000035 0.000035 0.000035 0.000035 0.000035 0.000035 0.000035 0.000035 0.000035 0.000035 0.000035 0.000035 0.000035 0.000035 0.000035 0.000035 0.000035 0.000035 0.000035 0.000035 0.000035 0.000035 0.000035 0.000035 0.000035 0.000035 0.000035 0.000035 0.000035 0.000035 0.000035 0.000035 0.000035 0.000035 0.000035 0.000035 0.000035 0.000035 0.000035 0.000035 0.000035 0.000035 0.000035 0.000035 0.000035 0.000035 0.000035 0.000035 0.000035 0.000035 0.000035 0.000035 0.000035 0.000035 0.000035 0.000035 0.000035 0.000035 0.000035 0.000035 0.000035 0.000035 0.000035 0.000035 0.000035 0.000035 0.000035 0.000035 0.000035 0.000035 0.000035 0.000035 0.000035 0.000035 0.000035 0.000035 0.000035 0.000035 0.000035 0.000035 0.000035 0.000035 0.000035 0.000035 0.000035 0.000035 0.000035 0.000035 0.000035 0.000035 0.000035 0.000035 0.000035 0.000035 0.000035 0.000035 0.000035 0.000035 0.000035 0.000035 0.000035 0.000035 0.000035 0.000035 0.000035 0.000035 0.000035 0.000035 0.000035 0.000035 0.000035 0.000035 0.000035 0.000035 0.000035 0.000035 0.000035 0.000035 0.000035 0.000035 0.000035 0.000035 0.000035 0.000035 0.000035 0.000035 0.000035 0.000035 0.000035 0.000035 0.000035 0.000035 0.000035 0.000035 0.000035 0.000035 0.000035 0.000035 0.000035 0.000035 0.000035 0.000035 0.000035 0.000035 0.000035 0.000035 0.000035 0.000035 0.000035 0.000035 0.000035 0.000035 0.000035 0.000035 0.000035 0.000035 0.000035 0.000035 0.000035 0.000035 0.000035 0.000035 0.000035 0.000036 0.000036 0.000034 0.000004
0.000004 0.000034 0.000036 0.000036 0.000035 0.000035 0.000035 0.000035 0.000035 0.000035 0.000035 0.000035 0.000035 0.000035 0.000035 0.000035 0.000035 0.000035 0.000035 0.000035 0.000035 0.000035 0.000035 0.000035 0.000035 0.000035 0.000035 0.000035 0.000035 0.000035 0.000035 0.000035 0.000035 0.000035 0.000035 0.000035 0.000035 0.000035 0.000035 0.000035 0.000035 0.000035 0.000035 0.000035 0.000035 0.000035 0.000035 0.000035 0.000035 0.000035 0.000035 0.000035 0.000035 0.000035 0.000035 0.000035 0.000035 0.000035 0.000035 0.000035 0.000035 0.000035 0.000035 0.000035 0.000035 0.000035 0.000035 0.000035 0.000035 0.000035 0.000035 0.000035 0.000035 0.000035 0.000035 0.000035 0.000035 0.000035 0.000035 0.000035 0.000035 0.000035 0.000035 0.000035 0.000035 0.000035 0.000035 0.000035 0.000035 0.000035 0.000035 0.000035 0.000035 0.000035 0.000035 0.000035 0.000035 0.000035 0.000035 0.000035 0.000035 0.000035 0.000035 0.000035 0.000035 0.000035 0.000035 0.000035 0.000035 0.000035 0.000035 0.000035 0.000035 0.000035 0.000035 0.000035 0.000035 0.000035 0.000035 0.000035 0.000035 0.000035 0.000035 0.000035 0.000035 0.000035 0.000035 0.000035 0.000035 0.000035 0.000035 0.000035 0.000035 0.000035 0.000035 0.000035 0.000035 0.000035 0.000035 0.000035 0.000035 0.000035 0.000035 0.000035 0.000035 0.000035 0.000035 0.000035 0.000035 0.000035 0.000035 0.000035 0.000035 0.000035 0.000035 0.000035 0.000035 0.000035 0.000035 0.000035 0.000035 0.000035 0.000035 0.000035 0.000035 0.000035 0.000035 0.000035 0.000035 0.000035 0.000035 0.000035 0.000035 0.000035 0.000035 0.000035 0.000035 0.000035 0.000035 0.000035 0.000035 0.000035 0.000035 0.000035 0.000035 0.000035 0.000035 0.000035 0.000035 0.000035 0.000035 0.000035 0.000035 0.000035 0.000035 0.000035 0.000035 0.000035 0.000036 0.000036 0.000034 0.000004
0.000004 0.000034 0.000036 0.000036 0.000035 0.000035 0.000035 0.000035 0.000035 0.000035 0.000035 0.000035 0.000035 0.000035 0.000035 0.000035 0.000035 0.000035 0.000035 0.000035 0.000035 0.000035 0.000035 0.000035 0.000035 0.000035 0.000035 0.000035 0.000035 0.000035 0.000035 0.000035 0.000035 0.000035 0.000035 0.000035 0.000035 0.000035 0.000035 0.000035 0.000035 0.000035 0.000035 0.000035 0.000035 0.000035 0.000035 0.000035 0.000035 0.000035 0.000035 0.000035 0.000035 0.000035 0.000035 0.000035 0.000035 0.000035 0.000035 0.000035 0.000035 0.000035 0.000035 0.000035 0.000035 0.000035 0.000035 0.000035 0.000035 0.000035 0.000035 0.000035 0.000035 0.000035 0.000035 0.000035 0.000035 0.000035 0.000035 0.000035 0.000035 0.000035 0.000035 0.000035 0.000035 0.000035 0.000035 0.000035 0.000035 0.000035 0.000035 0.000035 0.000035 0.000035 0.000035 0.000035 0.000035 0.000035 0.000035 0.000035 0.000035 0.000035 0.000035 0.000035 0.000035 0.000035 0.000035 0.000035 0.000035 0.000035 0.000035 0.000035 0.000035 0.000035 0.000035 0.000035 0.000035 0.000035 0.000035 0.000035 0.000035 0.000035 0.000035 0.000035 0.000035 0.000035 0.000035 0.000035 0.000035 0.000035 0.000035 0.000035 0.000035 0.000035 0.000035 0.000035 0.000035 0.000035 0.000035 0.000035 0.000035 0.000035 0.000035 0.000035 0.000035 0.000035 0.000035 0.000035 0.000035 0.000035 0.000035 0.000035 0.000035 0.000035 0.000035 0.000035 0.000035 0.000035 0.000035 0.000035 0.000035 0.000035 0.000035 0.000035 0.000035 0.000035 0.000035 0.000035 0.000035 0.000035 0.000035 0.000035 0.000035 0.000035 0.000035 0.000035 0.000035 0.000035 0.000035 0.000035 0.000035 0.000035 0.000035 0.000035 0.000035 0.000035 0.000035 0.000035 0.000035 0.000035 0.000035 0.000035 0.000035 0.000035 0.000035 0.000035 0.000035 0.000035 0.000036 0.000036 0.000034 0.000004
0.000004 0.000034 0.000036 0.000036 0.000035 0.000035 0.000035 0.000035 0.000035 0.000035 0.000035 0.000035 0.000035 0.000035 0.000035 0.000035 0.000035 0.000035 0.000035 0.000035 0.000035 0.000035 0.000035 0.000035 0.000035 0.000035 0.000035 0.000035 0.000035 0.000035 0.000035 0.000035 0.000035 0.000035 0.000035 0.000035 0.000035 0.000035 0.000035 0.000035 0.000035 0.000035 0.000035 0.000035 0.000035 0.000035 0.000035 0.000035 0.000035 0.000035 0.000035 0.000035 0.000035 0.000035 0.000035 0.000035 0.000035 0.000035 0.000035 0.000035 0.000035 0.000035 0.000035 0.000035 0.000035 0.000035 0.000035 0.000035 0.000035 0.000035 0.000035 0.000035 0.000035 0.000035 0.000035 0.000035 0.000035 0.000035 0.000035 0.000035 0.000035 0.000035 0.000035 0.000035 0.000035 0.000035 0.000035 0.000035 0.000035 0.000035 0.000035 0.000035 0.000035 0.000035 0.000035 0.000035 0.000035 0.000035 0.000035 0.000035 0.000035 0.000035 0.000035 0.000035 0.000035 0.000035 0.000035 0.000035 0.000035 0.000035 0.000035 0.000035 0.000035 0.000035 0.000035 0.000035 0.000035 0.000035 0.000035 0.000035 0.000035 0.000035 0.000035 0.000035 0.000035 0.000035 0.000035 0.000035 0.000035 0.000035 0.000035 0.000035 0.000035 0.000035 0.000035 0.000035 0.000035 0.000035 0.000035 0.000035 0.000035 0.000035 0.000035 0.000035 0.000035 0.000035 0.000035 0.000035 0.000035 0.000035 0.000035 0.000035 0.000035 0.000035 0.000035 0.000035 0.000035 0.000035 0.000035 0.000035 0.000035 0.000035 0.000035 0.000035 0.000035 0.000035 0.000035 0.000035 0.000035 0.000035 0.000035 0.000035 0.000035 0.000035 0.000035 0.000035 0.000035 0.000035 0.000035 0.000035 0.000035 0.000035 0.000035 0.000035 0.000035 0.000035 0.000035 0.000035 0.000035 0.000035 0.000035 0.000035 0.000035 0.000035 0.000035 0.000035 0.000035 0.000035 0.000036 0.000036 0.000034 0.000004
0.000004 0.000034 0.000036 0.000036 0.000035 0.000035 0.000035 0.000035 0.000035 0.000035 0.000035 0.000035 0.000035 0.000035 0.000035 0.000035 0.000035 0.000035 0.000035 0.000035 0.000035 0.000035 0.000035 0.000035 0.000035 0.000035 0.000035 0.000035 0.000035 0.000035 0.000035 0.000035 0.000035 0.000035 0.000035 0.000035 0.000035 0.000035 0.000035 0.000035 0.000035 0.000035 0.000035 0.000035 0.000035 0.000035 0.000035 0.000035 0.000035 0.000035 0.000035 0.000035 0.000035 0.000035 0.000035 0.000035 0.000035 0.000035 0.000035 0.000035 0.000035 0.000035 0.000035 0.000035 0.000035 0.000035 0.000035 0.000035 0.000035 0.000035 0.000035 0.000035 0.000035 0.000035 0.000035 0.000035 0.000035 0.000035 0.000035 0.000035 0.000035 0.000035 0.000035 0.000035 0.000035 0.000035 0.000035 0.000035 0.000035 0.000035 0.000035 0.000035 0.000035 0.000035 0.000035 0.000035 0.000035 0.000035 0.000035 0.000035 0.000035 0.000035 0.000035 0.000035 0.000035 0.000035 0.000035 0.000035 0.000035 0.000035 0.000035 0.000035 0.000035 0.000035 0.000035 0.000035 0.000035 0.000035 0.000035 0.000035 0.000035 0.000035 0.000035 0.000035 0.000035 0.000035 0.000035 0.000035 0.000035 0.000035 0.000035 0.000035 0.000035 0.000035 0.000035 0.000035 0.000035 0.000035 0.000035 0.000035 0.000035 0.000035 0.000035 0.000035 0.000035 0.000035 0.000035 0.000035 0.000035 0.000035 0.000035 0.000035 0.000035 0.000035 0.000035 0.000035 0.000035 0.000035 0.000035 0.000035 0.000035 0.000035 0.000035 0.000035 0.000035 0.000035 0.000035 0.000035 0.000035 0.000035 0.000035 0.000035 0.000035 0.000035 0.000035 0.000035 0.000035 0.000035 0.000035 0.000035 0.000035 0.000035 0.000035 0.000035 0.000035 0.000035 0.000035 0.000035 0.000035 0.000035 0.000035 0.000035 0.000035 0.000035 0.000035 0.000035 0.000035 0.000035 0.000036 0.000036 0.000034 0.000004
0.000004 0.000034 0.000036 0.000036 0.000035 0.000035 0.000035 0.000035 0.000035 0.000035 0.000035 0.000035 0.000035 0.000035 0.000035 0.000035 0.000035 0.000035 0.000035 0.000035 0.000035 0.000035 0.000035 0.000035 0.000035 0.000035 0.000035 0.000035 0.000035 0.000035 0.000035 0.000035 0.000035 0.000035 0.000035 0.000035 0.000035 0.000035 0.000035 0.000035 0.000035 0.000035 0.000035 0.000035 0.000035 0.000035 0.000035 0.000035 0.000035 0.000035 0.000035 0.000035 0.000035 0.000035 0.000035 0.000035 0.000035 0.000035 0.000035 0.000035 0.000035 0.000035 0.000035 0.000035 0.000035 0.000035 0.000035 0.000035 0.000035 0.000035 0.000035 0.000035 0.000035 0.000035 0.000035 0.000035 0.000035 0.000035 0.000035 0.000035 0.000035 0.000035 0.000035 0.000035 0.000035 0.000035 0.000035 0.000035 0.000035 0.000035 0.000035 0.000035 0.000035 0.000035 0.000035 0.000035 0.000035 0.000035 0.000035 0.000035 0.000035 0.000035 0.000035 0.000035 0.000035 0.000035 0.000035 0.000035 0.000035 0.000035 0.000035 0.000035 0.000035 0.000035 0.000035 0.000035 0.000035 0.000035 0.000035 0.000035 0.000035 0.000035 0.000035 0.000035 0.000035 0.000035 0.000035 0.000035 0.000035 0.000035 0.000035 0.000035 0.000035 0.000035 0.000035 0.000035 0.000035 0.000035 0.000035 0.000035 0.000035 0.000035 0.000035 0.000035 0.000035 0.000035 0.000035 0.000035 0.000035 0.000035 0.000035 0.000035 0.000035 0.000035 0.000035 0.000035 0.000035 0.000035 0.000035 0.000035 0.000035 0.000035 0.000035 0.000035 0.000035 0.000035 0.000035 0.000035 0.000035 0.000035 0.000035 0.000035 0.000035 0.000035 0.000035 0.000035 0.000035 0.000035 0.000035 0.000035 0.000035 0.000035 0.000035 0.000035 0.000035 0.000035 0.000035 0.000035 0.000035 0.000035 0.000035 0.000035 0.000035 0.000035 0.000035 0.000035 0.000035 0.000035 0.000036 0.000036 0.000034 0.000004
0.000004 0.000034 0.000036 0.000036 0.000035 0.000035 0.000035 0.000035 0.000035 0.000035 0.000035 0.000035 0.000035 0.000035 0.000035 0.000035 0.000035 0.000035 0.000035 0.000035 0.000035 0.000035 0.000035 0.000035 0.000035 0.000035 0.000035 0.000035 0.000035 0.000035 0.000035 0.000035 0.000035 0.000035 0.000035 0.000035 0.000035 0.000035 0.000035 0.000035 0.000035 0.000035 0.000035 0.000035 0.000035 0.000035 0.000035 0.000035 0.000035 0.000035 0.000035 0.000035 0.000035 0.000035 0.000035 0.000035 0.000035 0.000035 0.000035 0.000035 0.000035 0.000035 0.000035 0.000035 0.000035 0.000035 0.000035 0.000035 0.000035 0.000035 0.000035 0.000035 0.000035 0.000035 0.000035 0.000035 0.000035 0.000035 0.000035 0.000035 0.000035 0.000035 0.000035 0.000035 0.000035 0.000035 0.000035 0.000035 0.000035 0.000035 0.000035 0.000035 0.000035 0.000035 0.000035 0.000035 0.000035 0.000035 0.000035 0.000035 0.000035 0.000035 0.000035 0.000035 0.000035 0.000035 0.000035 0.000035 0.000035 0.000035 0.000035 0.000035 0.000035 0.000035 0.000035 0.000035 0.000035 0.000035 0.000035 0.000035 0.000035 0.000035 0.000035 0.000035 0.000035 0.000035 0.000035 0.000035 0.000035 0.000035 0.000035 0.000035 0.000035 0.000035 0.000035 0.000035 0.000035 0.000035 0.000035 0.000035 0.000035 0.000035 0.000035 0.000035 0.000035 0.000035 0.000035 0.000035 0.000035 0.000035 0.000035 0.000035 0.000035 0.000035 0.000035 0.000035 0.000035 0.000035 0.000035 0.000035 0.000035 0.000035 0.000035 0.000035 0.000035 0.000035 0.000035 0.000035 0.000035 0.000035 0.000035 0.000035 0.000035 0.000035 0.000035 0.000035 0.000035 0.000035 0.000035 0.000035 0.000035 0.000035 0.000035 0.000035 0.000035 0.000035 0.000035 0.000035 0.000035 0.000035 0.000035 0.000035 0.000035 0.000035 0.000035 0.000035 0.000035 0.000035 0.000036 0.000036 0.000034 0.000004
0.000004 0.000034 0.000036 0.000036 0.000035 0.000035 0.000035 0.000035 0.000035 0.000035 0.000035 0.000035 0.000035 0.000035 0.000035 0.000035 0.000035 0.000035 0.000035 0.000035 0.000035 0.000035 0.000035 0.000035 0.000035 0.000035 0.000035 0.000035 0.000035 0.000035 0.000035 0.000035 0.000035 0.000035 0.000035 0.000035 0.000035 0.000035 0.000035 0.000035 0.000035 0.000035 0.000035 0.000035 0.000035 0.000035 0.000035 0.000035 0.000035 0.000035 0.000035 0.000035 0.000035 0.000035 0.000035 0.000035 0.000035 0.000035 0.000035 0.000035 0.000035 0.000035 0.000035 0.000035 0.000035 0.000035 0.000035 0.000035 0.000035 0.000035 0.000035 0.000035 0.000035 0.000035 0.000035 0.000035 0.000035 0.000035 0.000035 0.000035 0.000035 0.000035 0.000035 0.000035 0.000035 0.000035 0.000035 0.000035 0.000035 0.000035 0.000035 0.000035 0.000035 0.000035 0.000035 0.000035 0.000035 0.000035 0.000035 0.000035 0.000035 0.000035 0.000035 0.000035 0.000035 0.000035 0.000035 0.000035 0.000035 0.000035 0.000035 0.000035 0.000035 0.000035 0.000035 0.000035 0.000035 0.000035 0.000035 0.000035 0.000035 0.000035 0.000035 0.000035 0.000035 0.000035 0.000035 0.000035 0.000035 0.000035 0.000035 0.000035 0.000035 0.000035 0.000035 0.000035 0.000035 0.000035 0.000035 0.000035 0.000035 0.000035 0.000035 0.000035 0.000035 0.000035 0.000035 0.000035 0.000035 0.000035 0.000035 0.000035 0.000035 0.000035 0.000035 0.000035 0.000035 0.000035 0.000035 0.000035 0.000035 0.000035 0.000035 0.000035 0.000035 0.000035 0.000035 0.000035 0.000035 0.000035 0.000035 0.000035 0.000035 0.000035 0.000035 0.000035 0.000035 0.000035 0.000035 0.000035 0.000035 0.000035 0.000035 0.000035 0.000035 0.000035 0.000035 0.000035 0.000035 0.000035 0.000035 0.000035 0.000035 0.000035 0.000035 0.000035 0.000035 0.000035 0.000036 0.000036 0.000034 0.000004
0.000004 0.000034 0.000036 0.000036 0.000035 0.000035 0.000035 0.000035 0.000035 0.000035 0.000035 0.000035 0.000035 0.000035 0.000035 0.000035 0.000035 0.000035 0.000035 0.000035 0.000035 0.000035 0.000035 0.000035 0.000035 0.000035 0.000035 0.000035 0.000035 0.000035 0.000035 0.000035 0.000035 0.000035 0.000035 0.000035 0.000035 0.000035 0.000035 0.000035 0.000035 0.000035 0.000035 0.000035 0.000035 0.000035 0.000035 0.000035 0.000035 0.000035 0.000035 0.000035 0.000035 0.000035 0.000035 0.000035 0.000035 0.000035 0.000035 0.000035 0.000035 0.000035 0.000035 0.000035 0.000035 0.000035 0.000035 0.000035 0.000035 0.000035 0.000035 0.000035 0.000035 0.000035 0.000035 0.000035 0.000035 0.000035 0.000035 0.000035 0.000035 0.000035 0.000035 0.000035 0.000035 0.000035 0.000035 0.000035 0.000035 0.000035 0.000035 0.000035 0.000035 0.000035 0.000035 0.000035 0.000035 0.000035 0.000035 0.000035 0.000035 0.000035 0.000035 0.000035 0.000035 0.000035 0.000035 0.000035 0.000035 0.000035 0.000035 0.000035 0.000035 0.000035 0.000035 0.000035 0.000035 0.000035 0.000035 0.000035 0.000035 0.000035 0.000035 0.000035 0.000035 0.000035 0.000035 0.000035 0.000035 0.000035 0.000035 0.000035 0.000035 0.000035 0.000035 0.000035 0.000035 0.000035 0.000035 0.000035 0.000035 0.000035 0.000035 0.000035 0.000035 0.000035 0.000035 0.000035 0.000035 0.000035 0.000035 0.000035 0.000035 0.000035 0.000035 0.000035 0.000035 0.000035 0.000035 0.000035 0.000035 0.000035 0.000035 0.000035 0.000035 0.000035 0.000035 0.000035 0.000035 0.000035 0.000035 0.000035 0.000035 0.000035 0.000035 0.000035 0.000035 0.000035 0.000035 0.000035 0.000035 0.000035 0.000035 0.000035 0.000035 0.000035 0.000035 0.000035 0.000035 0.000035 0.000035 0.000035 0.000035 0.000035 0.000035 0.000035 0.000035 0.000035 0.000036 0.000036 0.000034 0.000004
0.000004 0.000034 0.000036 0.000036 0.000035 0.000035 0.000035 0.000035 0.000035 0.000035 0.000035 0.000035 0.000035 0.000035 0.000035 0.000035 0.000035 0.000035 0.000035 0.000035 0.000035 0.000035 0.000035 0.000035 0.000035 0.000035 0.000035 0.000035 0.000035 0.000035 0.000035 0.000035 0.000035 0.000035 0.000035 0.000035 0.000035 0.000035 0.000035 0.000035 0.000035 0.000035 0.000035 0.000035 0.000035 0.000035 0.000035 0.000035 0.000035 0.000035 0.000035 0.000035 0.000035 0.000035 0.000035 0.000035 0.000035 0.000035 0.000035 0.000035 0.000035 0.000035 0.000035 0.000035 0.000035 0.000035 0.000035 0.000035 0.000035 0.000035 0.000035 0.000035 0.000035 0.000035 0.000035 0.000035 0.000035 0.000035 0.000035 0.000035 0.000035 0.000035 0.000035 0.000035 0.000035 0.000035 0.000035 0.000035 0.000035 0.000035 0.000035 0.000035 0.000035 0.000035 0.000035 0.000035 0.000035 0.000035 0.000035 0.000035 0.000035 0.000035 0.000035 0.000035 0.000035 0.000035 0.000035 0.000035 0.000035 0.000035 0.000035 0.000035 0.000035 0.000035 0.000035 0.000035 0.000035 0.000035 0.000035 0.000035 0.000035 0.000035 0.000035 0.000035 0.000035 0.000035 0.000035 0.000035 0.000035 0.000035 0.000035 0.000035 0.000035 0.000035 0.000035 0.000035 0.000035 0.000035 0.000035 0.000035 0.000035 0.000035 0.000035 0.000035 0.000035 0.000035 0.000035 0.000035 0.000035 0.000035 0.000035 0.000035 0.000035 0.000035 0.000035 0.000035 0.000035 0.000035 0.000035 0.000035 0.000035 0.000035 0.000035 0.000035 0.000035 0.000035 0.000035 0.000035 0.000035 0.000035 0.000035 0.000035 0.000035 0.000035 0.000035 0.000035 0.000035 0.000035 0.000035 0.000035 0.000035 0.000035 0.000035 0.000035 0.000035 0.000035 0.000035 0.000035 0.000035 0.000035 0.000035 0.000035 0.000035 0.000035 0.000035 0.000035 0.000035 0.000035 0.000036 0.000036 0.000034 0.000004
0.000004 0.000034 0.000036 0.000036 0.000035 0.000035 0.000035 0.000035 0.000035 0.000035 0.000035 0.000035 0.000035 0.000035 0.000035 0.000035 0.000035 0.000035 0.000035 0.000035 0.000035 0.000035 0.000035 0.000035 0.000035 0.000035 0.000035 0.000035 0.000035 0.000035 0.000035 0.000035 0.000035 0.000035 0.000035 0.000035 0.000035 0.000035 0.000035 0.000035 0.000035 0.000035 0.000035 0.000035 0.000035 0.000035 0.000035 0.000035 0.000035 0.000035 0.000035 0.000035 0.000035 0.000035 0.000035 0.000035 0.000035 0.000035 0.000035 0.000035 0.000035 0.000035 0.000035 0.000035 0.000035 0.000035 0.000035 0.000035 0.000035 0.000035 0.000035 0.000035 0.000035 0.000035 0.000035 0.000035 0.000035 0.000035 0.000035 0.000035 0.000035 0.000035 0.000035 0.000035 0.000035 0.000035 0.000035 0.000035 0.000035 0.000035 0.000035 0.000035 0.000035 0.000035 0.000035 0.000035 0.000035 0.000035 0.000035 0.000035 0.000035 0.000035 0.000035 0.000035 0.000035 0.000035 0.000035 0.000035 0.000035 0.000035 0.000035 0.000035 0.000035 0.000035 0.000035 0.000035 0.000035 0.000035 0.000035 0.000035 0.000035 0.000035 0.000035 0.000035 0.000035 0.000035 0.000035 0.000035 0.000035 0.000035 0.000035 0.000035 0.000035 0.000035 0.000035 0.000035 0.000035 0.000035 0.000035 0.000035 0.000035 0.000035 0.000035 0.000035 0.000035 0.000035 0.000035 0.000035 0.000035 0.000035 0.000035 0.000035 0.000035 0.000035 0.000035 0.000035 0.000035 0.000035 0.000035 0.000035 0.000035 0.000035 0.000035 0.000035 0.000035 0.000035 0.000035 0.000035 0.000035 0.000035 0.000035 0.000035 0.000035 0.000035 0.000035 0.000035 0.000035 0.000035 0.000035 0.000035 0.000035 0.000035 0.000035 0.000035 0.000035 0.000035 0.000035 0.000035 0.000035 0.000035 0.000035 0.000035 0.000035 0.000035 0.000035 0.000035 0.000035 0.000035 0.000036 0.000036 0.000034 0.000004
0.000004 0.000034 0.000036 0.000036 0.000035 0.000035 0.000035 0.000035 0.000035 0.000035 0.000035 0.000035 0.000035 0.000035 0.000035 0.000035 0.000035 0.000035 0.000035 0.000035 0.000035 0.000035 0.000035 0.000035 0.000035 0.000035 0.000035 0.000035 0.000035 0.000035 0.000035 0.000035 0.000035 0.000035 0.000035 0.000035 0.000035 0.000035 0.000035 0.000035 0.000035 0.000035 0.000035 0.000035 0.000035 0.000035 0.000035 0.000035 0.000035 0.000035 0.000035 0.000035 0.000035 0.000035 0.000035 0.000035 0.000035 0.000035 0.000035 0.000035 0.000035 0.000035 0.000035 0.000035 0.000035 0.000035 0.000035 0.000035 0.000035 0.000035 0.000035 0.000035 0.000035 0.000035 0.000035 0.000035 0.000035 0.000035 0.000035 0.000035 0.000035 0.000035 0.000035 0.000035 0.000035 0.000035 0.000035 0.000035 0.000035 0.000035 0.000035 0.000035 0.000035 0.000035 0.000035 0.000035 0.000035 0.000035 0.000035 0.000035 0.000035 0.000035 0.000035 0.000035 0.000035 0.000035 0.000035 0.000035 0.000035 0.000035 0.000035 0.000035 0.000035 0.000035 0.000035 0.000035 0.000035 0.000035 0.000035 0.000035 0.000035 0.000035 0.000035 0.000035 0.000035 0.000035 0.000035 0.000035 0.000035 0.000035 0.000035 0.000035 0.000035 0.000035 0.000035 0.000035 0.000035 0.000035 0.000035 0.000035 0.000035 0.000035 0.000035 0.000035 0.000035 0.000035 0.000035 0.000035 0.000035 0.000035 0.000035 0.000035 0.000035 0.000035 0.000035 0.000035 0.000035 0.000035 0.000035 0.000035 0.000035 0.000035 0.000035 0.000035 0.000035 0.000035 0.000035 0.000035 0.000035 0.000035 0.000035 0.000035 0.000035 0.000035 0.000035 0.000035 0.000035 0.000035 0.000035 0.000035 0.000035 0.000035 0.000035 0.000035 0.000035 0.000035 0.000035 0.000035 0.000035 0.000035 0.000035 0.000035 0.000035 0.000035 0.000035 0.000035 0.000035 0.000035 0.000036 0.000036 0.000034 0.000004
0.000004 0.000034 0.000036 0.000036 0.000035 0.000035 0.000035 0.000035 0.000035 0.000035 0.000035 0.000035 0.000035 0.000035 0.000035 0.000035 0.000035 0.000035 0.000035 0.000035 0.000035 0.000035 0.000035 0.000035 0.000035 0.000035 0.000035 0.000035 0.000035 0.000035 0.000035 0.000035 0.000035 0.000035 0.000035 0.000035 0.000035 0.000035 0.000035 0.000035 0.000035 0.000035 0.000035 0.000035 0.000035 0.000035 0.000035 0.000035 0.000035 0.000035 0.000035 0.000035 0.000035 0.000035 0.000035 0.000035 0.000035 0.000035 0.000035 0.000035 0.000035 0.000035 0.000035 0.000035 0.000035 0.000035 0.000035 0.000035 0.000035 0.000035 0.000035 0.000035 0.000035 0.000035 0.000035 0.000035 0.000035 0.000035 0.000035 0.000035 0.000035 0.000035 0.000035 0.000035 0.000035 0.000035 0.000035 0.000035 0.000035 0.000035 0.000035 0.000035 0.000035 0.000035 0.000035 0.000035 0.000035 0.000035 0.000035 0.000035 0.000035 0.000035 0.000035 0.000035 0.000035 0.000035 0.000035 0.000035 0.000035 0.000035 0.000035 0.000035 0.000035 0.000035 0.000035 0.000035 0.000035 0.000035 0.000035 0.000035 0.000035 0.000035 0.000035 0.000035 0.000035 0.000035 0.000035 0.000035 0.000035 0.000035 0.000035 0.000035 0.000035 0.000035 0.000035 0.000035 0.000035 0.000035 0.000035 0.000035 0.000035 0.000035 0.000035 0.000035 0.000035 0.000035 0.000035 0.000035 0.000035 0.000035 0.000035 0.000035 0.000035 0.000035 0.000035 0.000035 0.000035 0.000035 0.000035 0.000035 0.000035 0.000035 0.000035 0.000035 0.000035 0.000035 0.000035 0.000035 0.000035 0.000035 0.000035 0.000035 0.000035 0.000035 0.000035 0.000035 0.000035 0.000035 0.000035 0.000035 0.000035 0.000035 0.000035 0.000035 0.000035 0.000035 0.000035 0.000035 0.000035 0.000035 0.000035 0.000035 0.000035 0.000035 0.000035 0.000035 0.000035 0.000035 0.000036 0.000036 0.000034 0.000004
0.000004 0.000034 0.000036 0.000036 0.000035 0.000035 0.000035 0.000035 0.000035 0.000035 0.000035 0.000035 0.000035 0.000035 0.000035 0.000035 0.000035 0.000035 0.000035 0.000035 0.000035 0.000035 0.000035 0.000035 0.000035 0.000035 0.000035 0.000035 0.000035 0.000035 0.000035 0.000035 0.000035 0.000035 0.000035 0.000035 0.000035 0.000035 0.000035 0.000035 0.000035 0.000035 0.000035 0.000035 0.000035 0.000035 0.000035 0.000035 0.000035 0.000035 0.000035 0.000035 0.000035 0.000035 0.000035 0.000035 0.000035 0.000035 0.000035 0.000035 0.000035 0.000035 0.000035 0.000035 0.000035 0.000035 0.000035 0.000035 0.000035 0.000035 0.000035 0.000035 0.000035 0.000035 0.000035 0.000035 0.000035 0.000035 0.000035 0.000035 0.000035 0.000035 0.000035 0.000035 0.000035 0.000035 0.000035 0.000035 0.000035 0.000035 0.000035 0.000035 0.000035 0.000035 0.000035 0.000035 0.000035 0.000035 0.000035 0.000035 0.000035 0.000035 0.000035 0.000035 0.000035 0.000035 0.000035 0.000035 0.000035 0.000035 0.000035 0.000035 0.000035 0.000035 0.000035 0.000035 0.000035 0.000035 0.000035 0.000035 0.000035 0.000035 0.000035 0.000035 0.000035 0.000035 0.000035 0.000035 0.000035 0.000035 0.000035 0.000035 0.000035 0.000035 0.000035 0.000035 0.000035 0.000035 0.000035 0.000035 0.000035 0.000035 0.000035 0.000035 0.000035 0.000035 0.000035 0.000035 0.000035 0.000035 0.000035 0.000035 0.000035 0.000035 0.000035 0.000035 0.000035 0.000035 0.000035 0.000035 0.000035 0.000035 0.000035 0.000035 0.000035 0.000035 0.000035 0.000035 0.000035 0.000035 0.000035 0.000035 0.000035 0.000035 0.000035 0.000035 0.000035 0.000035 0.000035 0.000035 0.000035 0.000035 0.000035 0.000035 0.000035 0.000035 0.000035 0.000035 0.000035 0.000035 0.000035 0.000035 0.000035 0.000035 0.000035 0.000035 0.000035 0.000035 0.000036 0.000036 0.000034 0.000004
0.000004 0.000034 0.000036 0.000036 0.000035 0.000035 0.000035 0.000035 0.000035 0.000035 0.000035 0.000035 0.000035 0.000035 0.000035 0.000035 0.000035 0.000035 0.000035 0.000035 0.000035 0.000035 0.000035 0.000035 0.000035 0.000035 0.000035 0.000035 0.000035 0.000035 0.000035 0.000035 0.000035 0.000035 0.000035 0.000035 0.000035 0.000035 0.000035 0.000035 0.000035 0.000035 0.000035 0.000035 0.000035 0.000035 0.000035 0.000035 0.000035 0.000035 0.000035 0.000035 0.000035 0.000035 0.000035 0.000035 0.000035 0.000035 0.000035 0.000035 0.000035 0.000035 0.000035 0.000035 0.000035 0.000035 0.000035 0.000035 0.000035 0.000035 0.000035 0.000035 0.000035 0.000035 0.000035 0.000035 0.000035 0.000035 0.000035 0.000035 0.000035 0.000035 0.000035 0.000035 0.000035 0.000035 0.000035 0.000035 0.000035 0.000035 0.000035 0.000035 0.000035 0.000035 0.000035 0.000035 0.000035 0.000035 0.000035 0.000035 0.000035 0.000035 0.000035 0.000035 0.000035 0.000035 0.000035 0.000035 0.000035 0.000035 0.000035 0.000035 0.000035 0.000035 0.000035 0.000035 0.000035 0.000035 0.000035 0.000035 0.000035 0.000035 0.000035 0.000035 0.000035 0.000035 0.000035 0.000035 0.000035 0.000035 0.000035 0.000035 0.000035 0.000035 0.000035 0.000035 0.000035 0.000035 0.000035 0.000035 0.000035 0.000035 0.000035 0.000035 0.000035 0.000035 0.000035 0.000035 0.000035 0.000035 0.000035 0.000035 0.000035 0.000035 0.000035 0.000035 0.000035 0.000035 0.000035 0.000035 0.000035 0.000035 0.000035 0.000035 0.000035 0.000035 0.000035 0.000035 0.000035 0.000035 0.000035 0.000035 0.000035 0.000035 0.000035 0.000035 0.000035 0.000035 0.000035 0.000035 0.000035 0.000035 0.000035 0.000035 0.000035 0.000035 0.000035 0.000035 0.000035 0.000035 0.000035 0.000035 0.000035 0.000035 0.000035 0.000035 0.000035 0.000035 0.000036 0.000036 0.000034 0.000004
0.000004 0.000034 0.000036 0.000036 0.000035 0.000035 0.000035 0.000035 0.000035 0.000035 0.000035 0.000035 0.000035 0.000035 0.000035 0.000035 0.000035 0.000035 0.000035 0.000035 0.000035 0.000035 0.000035 0.000035 0.000035 0.000035 0.000035 0.000035 0.000035 0.000035 0.000035 0.000035 0.000035 0.000035 0.000035 0.000035 0.000035 0.000035 0.000035 0.000035 0.000035 0.000035 0.000035 0.000035 0.000035 0.000035 0.000035 0.000035 0.000035 0.000035 0.000035 0.000035 0.000035 0.000035 0.000035 0.000035 0.000035 0.000035 0.000035 0.000035 0.000035 0.000035 0.000035 0.000035 0.000035 0.000035 0.000035 0.000035 0.000035 0.000035 0.000035 0.000035 0.000035 0.000035 0.000035 0.000035 0.000035 0.000035 0.000035 0.000035 0.000035 0.000035 0.000035 0.000035 0.000035 0.000035 0.000035 0.000035 0.000035 0.000035 0.000035 0.000035 0.000035 0.000035 0.000035 0.000035 0.000035 0.000035 0.000035 0.000035 0.000035 0.000035 0.000035 0.000035 0.000035 0.000035 0.000035 0.000035 0.000035 0.000035 0.000035 0.000035 0.000035 0.000035 0.000035 0.000035 0.000035 0.000035 0.000035 0.000035 0.000035 0.000035 0.000035 0.000035 0.000035 0.000035 0.000035 0.000035 0.000035 0.000035 0.000035 0.000035 0.000035 0.000035 0.000035 0.000035 0.000035 0.000035 0.000035 0.000035 0.000035 0.000035 0.000035 0.000035 0.000035 0.000035 0.000035 0.000035 0.000035 0.000035 0.000035 0.000035 0.000035 0.000035 0.000035 0.000035 0.000035 0.000035 0.000035 0.000035 0.000035 0.000035 0.000035 0.000035 0.000035 0.000035 0.000035 0.000035 0.000035 0.000035 0.000035 0.000035 0.000035 0.000035 0.000035 0.000035 0.000035 0.000035 0.000035 0.000035 0.000035 0.000035 0.000035 0.000035 0.000035 0.000035 0.000035 0.000035 0.000035 0.000035 0.000035 0.000035 0.000035 0.000035 0.000035 0.000035 0.000035 0.000035 0.000036 0.000036 0.000034 0.000004
0.000004 0.000034 0.000036 0.000036 0.000035 0.000035 0.000035 0.000035 0.000035 0.000035 0.000035 0.000035 0.000035 0.000035 0.000035 0.000035 0.000035 0.000035 0.000035 0.000035 0.000035 0.000035 0.000035 0.000035 0.000035 0.000035 0.000035 0.000035 0.000035 0.000035 0.000035 0.000035 0.000035 0.000035 0.000035 0.000035 0.000035 0.000035 0.000035 0.000035 0.000035 0.000035 0.000035 0.000035 0.000035 0.000035 0.000035 0.000035 0.000035 0.000035 0.000035 0.000035 0.000035 0.000035 0.000035 0.000035 0.000035 0.000035 0.000035 0.000035 0.000035 0.000035 0.000035 0.000035 0.000035 0.000035 0.000035 0.000035 0.000035 0.000035 0.000035 0.000035 0.000035 0.000035 0.000035 0.000035 0.000035 0.000035 0.000035 0.000035 0.000035 0.000035 0.000035 0.000035 0.000035 0.000035 0.000035 0.000035 0.000035 0.000035 0.000035 0.000035 0.000035 0.000035 0.000035 0.000035 0.000035 0.000035 0.000035 0.000035 0.000035 0.000035 0.000035 0.000035 0.000035 0.000035 0.000035 0.000035 0.000035 0.000035 0.000035 0.000035 0.000035 0.000035 0.000035 0.000035 0.000035 0.000035 0.000035 0.000035 0.000035 0.000035 0.000035 0.000035 0.000035 0.000035 0.000035 0.000035 0.000035 0.000035 0.000035 0.000035 0.000035 0.000035 0.000035 0.000035 0.000035 0.000035 0.000035 0.000035 0.000035 0.000035 0.000035 0.000035 0.000035 0.000035 0.000035 0.000035 0.000035 0.000035 0.000035 0.000035 0.000035 0.000035 0.000035 0.000035 0.000035 0.000035 0.000035 0.000035 0.000035 0.000035 0.000035 0.000035 0.000035 0.000035 0.000035 0.000035 0.000035 0.000035 0.000035 0.000035 0.000035 0.000035 0.000035 0.000035 0.000035 0.000035 0.000035 0.000035 0.000035 0.000035 0.000035 0.000035 0.000035 0.000035 0.000035 0.000035 0.000035 0.000035 0.000035 0.000035 0.000035 0.000035 0.000035 0.000035 0.000035 0.000035 0.000036 0.000036 0.000034 0.000004
0.000004 0.000034 0.000036 0.000036 0.000035 0.000035 0.000035 0.000035 0.000035 0.000035 0.000035 0.000035 0.000035 0.000035 0.000035 0.000035 0.000035 0.000035 0.000035 0.000035 0.000035 0.000035 0.000035 0.000035 0.000035 0.000035 0.000035 0.000035 0.000035 0.000035 0.000035 0.000035 0.000035 0.000035 0.000035 0.000035 0.000035 0.000035 0.000035 0.000035 0.000035 0.000035 0.000035 0.000035 0.000035 0.000035 0.000035 0.000035 0.000035 0.000035 0.000035 0.000035 0.000035 0.000035 0.000035 0.000035 0.000035 0.000035 0.000035 0.000035 0.000035 0.000035 0.000035 0.000035 0.000035 0.000035 0.000035 0.000035 0.000035 0.000035 0.000035 0.000035 0.000035 0.000035 0.000035 0.000035 0.000035 0.000035 0.000035 0.000035 0.000035 0.000035 0.000035 0.000035 0.000035 0.000035 0.000035 0.000035 0.000035 0.000035 0.000035 0.000035 0.000035 0.000035 0.000035 0.000035 0.000035 0.000035 0.000035 0.000035 0.000035 0.000035 0.000035 0.000035 0.000035 0.000035 0.000035 0.000035 0.000035 0.000035 0.000035 0.000035 0.000035 0.000035 0.000035 0.000035 0.000035 0.000035 0.000035 0.000035 0.000035 0.000035 0.000035 0.000035 0.000035 0.000035 0.000035 0.000035 0.000035 0.000035 0.000035 0.000035 0.000035 0.000035 0.000035 0.000035 0.000035 0.000035 0.000035 0.000035 0.000035 0.000035 0.000035 0.000035 0.000035 0.000035 0.000035 0.000035 0.000035 0.000035 0.000035 0.000035 0.000035 0.000035 0.000035 0.000035 0.000035 0.000035 0.000035 0.000035 0.000035 0.000035 0.000035 0.000035 0.000035 0.000035 0.000035 0.000035 0.000035 0.000035 0.000035 0.000035 0.000035 0.000035 0.000035 0.000035 0.000035 0.000035 0.000035 0.000035 0.000035 0.000035 0.000035 0.000035 0.000035 0.000035 0.000035 0.000035 0.000035 0.000035 0.000035 0.000035 0.000035 0.000035 0.000035 0.000035 0.000035 0.000035 0.000036 0.000036 0.000034 0.000004
0.000004 0.000034 0.000036 0.000036 0.000035 0.000035 0.000035 0.000035 0.000035 0.000035 0.000035 0.000035 0.000035 0.000035 0.000035 0.000035 0.000035 0.000035 0.000035 0.000035 0.000035 0.000035 0.000035 0.000035 0.000035 0.000035 0.000035 0.000035 0.000035 0.000035 0.000035 0.000035 0.000035 0.000035 0.000035 0.000035 0.000035 0.000035 0.000035 0.000035 0.000035 0.000035 0.000035 0.000035 0.000035 0.000035 0.000035 0.000035 0.000035 0.000035 0.000035 0.000035 0.000035 0.000035 0.000035 0.000035 0.000035 0.000035 0.000035 0.000035 0.000035 0.000035 0.000035 0.000035 0.000035 0.000035 0.000035 0.000035 0.000035 0.000035 0.000035 0.000035 0.000035 0.000035 0.000035 0.000035 0.000035 0.000035 0.000035 0.000035 0.000035 0.000035 0.000035 0.000035 0.000035 0.000035 0.000035 0.000035 0.000035 0.000035 0.000035 0.000035 0.000035 0.000035 0.000035 0.000035 0.000035 0.000035 0.000035 0.000035 0.000035 0.000035 0.000035 0.000035 0.000035 0.000035 0.000035 0.000035 0.000035 0.000035 0.000035 0.000035 0.000035 0.000035 0.000035 0.000035 0.000035 0.000035 0.000035 0.000035 0.000035 0.000035 0.000035 0.000035 0.000035 0.000035 0.000035 0.000035 0.000035 0.000035 0.000035 0.000035 0.000035 0.000035 0.000035 0.000035 0.000035 0.000035 0.000035 0.000035 0.000035 0.000035 0.000035 0.000035 0.000035 0.000035 0.000035 0.000035 0.000035 0.000035 0.000035 0.000035 0.000035 0.000035 0.000035 0.000035 0.000035 0.000035 0.000035 0.000035 0.000035 0.000035 0.000035 0.000035 0.000035 0.000035 0.000035 0.000035 0.000035 0.000035 0.000035 0.000035 0.000035 0.000035 0.000035 0.000035 0.000035 0.000035 0.000035 0.000035 0.000035 0.000035 0.000035 0.000035 0.000035 0.000035 0.000035 0.000035 0.000035 0.000035 0.000035 0.000035 0.000035 0.000035 0.000035 0.000035 0.000035 0.000035 0.000036 0.000036 0.000034 0.000004
0.000004 0.000034 0.000036 0.000036 0.000035 0.000035 0.000035 0.000035 0.000035 0.000035 0.000035 0.000035 0.000035 0.000035 0.000035 0.000035 0.000035 0.000035 0.000035 0.000035 0.000035 0.000035 0.000035 0.000035 0.000035 0.000035 0.000035 0.000035 0.000035 0.000035 0.000035 0.000035 0.000035 0.000035 0.000035 0.000035 0.000035 0.000035 0.000035 0.000035 0.000035 0.000035 0.000035 0.000035 0.000035 0.000035 0.000035 0.000035 0.000035 0.000035 0.000035 0.000035 0.000035 0.000035 0.000035 0.000035 0.000035 0.000035 0.000035 0.000035 0.000035 0.000035 0.000035 0.000035 0.000035 0.000035 0.000035 0.000035 0.000035 0.000035 0.000035 0.000035 0.000035 0.000035 0.000035 0.000035 0.000035 0.000035 0.000035 0.000035 0.000035 0.000035 0.000035 0.000035 0.000035 0.000035 0.000035 0.000035 0.000035 0.000035 0.000035 0.000035 0.000035 0.000035 0.000035 0.000035 0.000035 0.000035 0.000035 0.000035 0.000035 0.000035 0.000035 0.000035 0.000035 0.000035 0.000035 0.000035 0.000035 0.000035 0.000035 0.000035 0.000035 0.000035 0.000035 0.000035 0.000035 0.000035 0.000035 0.000035 0.000035 0.000035 0.000035 0.000035 0.000035 0.000035 0.000035 0.000035 0.000035 0.000035 0.000035 0.000035 0.000035 0.000035 0.000035 0.000035 0.000035 0.000035 0.000035 0.000035 0.000035 0.000035 0.000035 0.000035 0.000035 0.000035 0.000035 0.000035 0.000035 0.000035 0.000035 0.000035 0.000035 0.000035 0.000035 0.000035 0.000035 0.000035 0.000035 0.000035 0.000035 0.000035 0.000035 0.000035 0.000035 0.000035 0.000035 0.000035 0.000035 0.000035 0.000035 0.000035 0.000035 0.000035 0.000035 0.000035 0.000035 0.000035 0.000035 0.000035 0.000035 0.000035 0.000035 0.000035 0.000035 0.000035 0.000035 0.000035 0.000035 0.000035 0.000035 0.000035 0.000035 0.000035 0.000035 0.000035 0.000035 0.000035 0.000036 0.000036 0.000034 0.000004
0.000004 0.000034 0.000036 0.000036 0.000035 0.000035 0.000035 0.000035 0.000035 0.000035 0.000035 0.000035 0.000035 0.000035 0.000035 0.000035 0.000035 0.000035 0.000035 0.000035 0.000035 0.000035 0.000035 0.000035 0.000035 0.000035 0.000035 0.000035 0.000035 0.000035 0.000035 0.000035 0.000035 0.000035 0.000035 0.000035 0.000035 0.000035 0.000035 0.000035 0.000035 0.000035 0.000035 0.000035 0.000035 0.000035 0.000035 0.000035 0.000035 0.000035 0.000035 0.000035 0.000035 0.000035 0.000035 0.000035 0.000035 0.000035 0.000035 0.000035 0.000035 0.000035 0.000035 0.000035 0.000035 0.000035 0.000035 0.000035 0.000035 0.000035 0.000035 0.000035 0.000035 0.000035 0.000035 0.000035 0.000035 0.000035 0.000035 0.000035 0.000035 0.000035 0.000035 0.000035 0.000035 0.000035 0.000035 0.000035 0.000035 0.000035 0.000035 0.000035 0.000035 0.000035 0.000035 0.000035 0.000035 0.000035 0.000035 0.000035 0.000035 0.000035 0.000035 0.000035 0.000035 0.000035 0.000035 0.000035 0.000035 0.000035 0.000035 0.000035 0.000035 0.000035 0.000035 0.000035 0.000035 0.000035 0.000035 0.000035 0.000035 0.000035 0.000035 0.000035 0.000035 0.000035 0.000035 0.000035 0.000035 0.000035 0.000035 0.000035 0.000035 0.000035 0.000035 0.000035 0.000035 0.000035 0.000035 0.000035 0.000035 0.000035 0.000035 0.000035 0.000035 0.000035 0.000035 0.000035 0.000035 0.000035 0.000035 0.000035 0.000035 0.000035 0.000035 0.000035 0.000035 0.000035 0.000035 0.000035 0.000035 0.000035 0.000035 0.000035 0.000035 0.000035 0.000035 0.000035 0.000035 0.000035 0.000035 0.000035 0.000035 0.000035 0.000035 0.000035 0.000035 0.000035 0.000035 0.000035 0.000035 0.000035 0.000035 0.000035 0.000035 0.000035 0.000035 0.000035 0.000035 0.000035 0.000035 0.000035 0.000035 0.000035 0.000035 0.000035 0.000035 0.000035 0.000036 0.000036 0.000034 0.000004
0.000004 0.000034 0.000036 0.000036 0.000035 0.000035 0.000035 0.000035 0.000035 0.000035 0.000035 0.000035 0.000035 0.000035 0.000035 0.000035 0.000035 0.000035 0.000035 0.000035 0.000035 0.000035 0.000035 0.000035 0.000035 0.000035 0.000035 0.000035 0.000035 0.000035 0.000035 0.000035 0.000035 0.000035 0.000035 0.000035 0.000035 0.000035 0.000035 0.000035 0.000035 0.000035 0.000035 0.000035 0.000035 0.000035 0.000035 0.000035 0.000035 0.000035 0.000035 0.000035 0.000035 0.000035 0.000035 0.000035 0.000035 0.000035 0.000035 0.000035 0.000035 0.000035 0.000035 0.000035 0.000035 0.000035 0.000035 0.000035 0.000035 0.000035 0.000035 0.000035 0.000035 0.000035 0.000035 0.000035 0.000035 0.000035 0.000035 0.000035 0.000035 0.000035 0.000035 0.000035 0.000035 0.000035 0.000035 0.000035 0.000035 0.000035 0.000035 0.000035 0.000035 0.000035 0.000035 0.000035 0.000035 0.000035 0.000035 0.000035 0.000035 0.000035 0.000035 0.000035 0.000035 0.000035 0.000035 0.000035 0.000035 0.000035 0.000035 0.000035 0.000035 0.000035 0.000035 0.000035 0.000035 0.000035 0.000035 0.000035 0.000035 0.000035 0.000035 0.000035 0.000035 0.000035 0.000035 0.000035 0.000035 0.000035 0.000035 0.000035 0.000035 0.000035 0.000035 0.000035 0.000035 0.000035 0.000035 0.000035 0.000035 0.000035 0.000035 0.000035 0.000035 0.000035 0.000035 0.000035 0.000035 0.000035 0.000035 0.000035 0.000035 0.000035 0.000035 0.000035 0.000035 0.000035 0.000035 0.000035 0.000035 0.000035 0.000035 0.000035 0.000035 0.000035 0.000035 0.000035 0.000035 0.000035 0.000035 0.000035 0.000035 0.000035 0.000035 0.000035 0.000035 0.000035 0.000035 0.000035 0.000035 0.000035 0.000035 0.000035 0.000035 0.000035 0.000035 0.000035 0.000035 0.000035 0.000035 0.000035 0.000035 0.000035 0.000035 0.000035 0.000035 0.000035 0.000036 0.000036 0.000034 0.000004
0.000004 0.000034 0.000036 0.000036 0.000035 0.000035 0.000035 0.000035 0.000035 0.000035 0.000035 0.000035 0.000035 0.000035 0.000035 0.000035 0.000035 0.000035 0.000035 0.000035 0.000035 0.000035 0.000035 0.000035 0.000035 0.000035 0.000035 0.000035 0.000035 0.000035 0.000035 0.000035 0.000035 0.000035 0.000035 0.000035 0.000035 0.000035 0.000035 0.000035 0.000035 0.000035 0.000035 0.000035 0.000035 0.000035 0.000035 0.000035 0.000035 0.000035 0.000035 0.000035 0.000035 0.000035 0.000035 0.000035 0.000035 0.000035 0.000035 0.000035 0.000035 0.000035 0.000035 0.000035 0.000035 0.000035 0.000035 0.000035 0.000035 0.000035 0.000035 0.000035 0.000035 0.000035 0.000035 0.000035 0.000035 0.000035 0.000035 0.000035 0.000035 0.000035 0.000035 0.000035 0.000035 0.000035 0.000035 0.000035 0.000035 0.000035 0.000035 0.000035 0.000035 0.000035 0.000035 0.000035 0.000035 0.000035 0.000035 0.000035 0.000035 0.000035 0.000035 0.000035 0.000035 0.000035 0.000035 0.000035 0.000035 0.000035 0.000035 0.000035 0.000035 0.000035 0.000035 0.000035 0.000035 0.000035 0.000035 0.000035 0.000035 0.000035 0.000035 0.000035 0.000035 0.000035 0.000035 0.000035 0.000035 0.000035 0.000035 0.000035 0.000035 0.000035 0.000035 0.000035 0.000035 0.000035 0.000035 0.000035 0.000035 0.000035 0.000035 0.000035 0.000035 0.000035 0.000035 0.000035 0.000035 0.000035 0.000035 0.000035 0.000035 0.000035 0.000035 0.000035 0.000035 0.000035 0.000035 0.000035 0.000035 0.000035 0.000035 0.000035 0.000035 0.000035 0.000035 0.000035 0.000035 0.000035 0.000035 0.000035 0.000035 0.000035 0.000035 0.000035 0.000035 0.000035 0.000035 0.000035 0.000035 0.000035 0.000035 0.000035 0.000035 0.000035 0.000035 0.000035 0.000035 0.000035 0.000035 0.000035 0.000035 0.000035 0.000035 0.000035 0.000035 0.000035 0.000036 0.000036 0.000034 0.000004
0.000004 0.000034 0.000036 0.000036 0.000035 0.000035 0.000035 0.000035 0.000035 0.000035 0.000035 0.000035 0.000035 0.000035 0.000035 0.000035 0.000035 0.000035 0.000035 0.000035 0.000035 0.000035 0.000035 0.000035 0.000035 0.000035 0.000035 0.000035 0.000035 0.000035 0.000035 0.000035 0.000035 0.000035 0.000035 0.000035 0.000035 0.000035 0.000035 0.000035 0.000035 0.000035 0.000035 0.000035 0.000035 0.000035 0.000035 0.000035 0.000035 0.000035 0.000035 0.000035 0.000035 0.000035 0.000035 0.000035 0.000035 0.000035 0.000035 0.000035 0.000035 0.000035 0.000035 0.000035 0.000035 0.000035 0.000035 0.000035 0.000035 0.000035 0.000035 0.000035 0.000035 0.000035 0.000035 0.000035 0.000035 0.000035 0.000035 0.000035 0.000035 0.000035 0.000035 0.000035 0.000035 0.000035 0.000035 0.000035 0.000035 0.000035 0.000035 0.000035 0.000035 0.000035 0.000035 0.000035 0.000035 0.000035 0.000035 0.000035 0.000035 0.000035 0.000035 0.000035 0.000035 0.000035 0.000035 0.000035 0.000035 0.000035 0.000035 0.000035 0.000035 0.000035 0.000035 0.000035 0.000035 0.000035 0.000035 0.000035 0.000035 0.000035 0.000035 0.000035 0.000035 0.000035 0.000035 0.000035 0.000035 0.000035 0.000035 0.000035 0.000035 0.000035 0.000035 0.000035 0.000035 0.000035 0.000035 0.000035 0.000035 0.000035 0.000035 0.000035 0.000035 0.000035 0.000035 0.000035 0.000035 0.000035 0.000035 0.000035 0.000035 0.000035 0.000035 0.000035 0.000035 0.000035 0.000035 0.000035 0.000035 0.000035 0.000035 0.000035 0.000035 0.000035 0.000035 0.000035 0.000035 0.000035 0.000035 0.000035 0.000035 0.000035 0.000035 0.000035 0.000035 0.000035 0.000035 0.000035 0.000035 0.000035 0.000035 0.000035 0.000035 0.000035 0.000035 0.000035 0.000035 0.000035 0.000035 0.000035 0.000035 0.000035 0.000035 0.000035 0.000035 0.000035 0.000036 0.000036 0.000034 0.000004
0.000004 0.000034 0.000036 0.000036 0.000035 0.000035 0.000035 0.000035 0.000035 0.000035 0.000035 0.000035 0.000035 0.000035 0.000035 0.000035 0.000035 0.000035 0.000035 0.000035 0.000035 0.000035 0.000035 0.000035 0.000035 0.000035 0.000035 0.000035 0.000035 0.000035 0.000035 0.000035 0.000035 0.000035 0.000035 0.000035 0.000035 0.000035 0.000035 0.000035 0.000035 0.000035 0.000035 0.000035 0.000035 0.000035 0.000035 0.000035 0.000035 0.000035 0.000035 0.000035 0.000035 0.000035 0.000035 0.000035 0.000035 0.000035 0.000035 0.000035 0.000035 0.000035 0.000035 0.000035 0.000035 0.000035 0.000035 0.000035 0.000035 0.000035 0.000035 0.000035 0.000035 0.000035 0.000035 0.000035 0.000035 0.000035 0.000035 0.000035 0.000035 0.000035 0.000035 0.000035 0.000035 0.000035 0.000035 0.000035 0.000035 0.000035 0.000035 0.000035 0.000035 0.000035 0.000035 0.000035 0.000035 0.000035 0.000035 0.000035 0.000035 0.000035 0.000035 0.000035 0.000035 0.000035 0.000035 0.000035 0.000035 0.000035 0.000035 0.000035 0.000035 0.000035 0.000035 0.000035 0.000035 0.000035 0.000035 0.000035 0.000035 0.000035 0.000035 0.000035 0.000035 0.000035 0.000035 0.000035 0.000035 0.000035 0.000035 0.000035 0.000035 0.000035 0.000035 0.000035 0.000035 0.000035 0.000035 0.000035 0.000035 0.000035 0.000035 0.000035 0.000035 0.000035 0.000035 0.000035 0.000035 0.000035 0.000035 0.000035 0.000035 0.000035 0.000035 0.000035 0.000035 0.000035 0.000035 0.000035 0.000035 0.000035 0.000035 0.000035 0.000035 0.000035 0.000035 0.000035 0.000035 0.000035 0.000035 0.000035 0.000035 0.000035 0.000035 0.000035 0.000035 0.000035 0.000035 0.000035 0.000035 0.000035 0.000035 0.000035 0.000035 0.000035 0.000035 0.000035 0.000035 0.000035 0.000035 0.000035 0.000035 0.000035 0.000035 0.000035 0.000035 0.000035 0.000036 0.000036 0.000034 0.000004
0.000004 0.000034 0.000036 0.000036 0.000035 0.000035 0.000035 0.000035 0.000035 0.000035 0.000035 0.000035 0.000035 0.000035 0.000035 0.000035 0.000035 0.000035 0.000035 0.000035 0.000035 0.000035 0.000035 0.000035 0.000035 0.000035 0.000035 0.000035 0.000035 0.000035 0.000035 0.000035 0.000035 0.000035 0.000035 0.000035 0.000035 0.000035 0.000035 0.000035 0.000035 0.000035 0.000035 0.000035 0.000035 0.000035 0.000035 0.000035 0.000035 0.000035 0.000035 0.000035 0.000035 0.000035 0.000035 0.000035 0.000035 0.000035 0.000035 0.000035 0.000035 0.000035 0.000035 0.000035 0.000035 0.000035 0.000035 0.000035 0.000035 0.000035 0.000035 0.000035 0.000035 0.000035 0.000035 0.000035 0.000035 0.000035 0.000035 0.000035 0.000035 0.000035 0.000035 0.000035 0.000035 0.000035 0.000035 0.000035 0.000035 0.000035 0.000035 0.000035 0.000035 0.000035 0.000035 0.000035 0.000035 0.000035 0.000035 0.000035 0.000035 0.000035 0.000035 0.000035 0.000035 0.000035 0.000035 0.000035 0.000035 0.000035 0.000035 0.000035 0.000035 0.000035 0.000035 0.000035 0.000035 0.000035 0.000035 0.000035 0.000035 0.000035 0.000035 0.000035 0.000035 0.000035 0.000035 0.000035 0.000035 0.000035 0.000035 0.000035 0.000035 0.000035 0.000035 0.000035 0.000035 0.000035 0.000035 0.000035 0.000035 0.000035 0.000035 0.000035 0.000035 0.000035 0.000035 0.000035 0.000035 0.000035 0.000035 0.000035 0.000035 0.000035 0.000035 0.000035 0.000035 0.000035 0.000035 0.000035 0.000035 0.000035 0.000035 0.000035 0.000035 0.000035 0.000035 0.000035 0.000035 0.000035 0.000035 0.000035 0.000035 0.000035 0.000035 0.000035 0.000035 0.000035 0.000035 0.000035 0.000035 0.000035 0.000035 0.000035 0.000035 0.000035 0.000035 0.000035 0.000035 0.000035 0.000035 0.000035 0.000035 0.000035 0.000035 0.000035 0.000035 0.000035 0.000036 0.000036 0.000034 0.000004
0.000004 0.000034 0.000036 0.000036 0.000035 0.000035 0.000035 0.000035 0.000035 0.000035 0.000035 0.000035 0.000035 0.000035 0.000035 0.000035 0.000035 0.000035 0.000035 0.000035 0.000035 0.000035 0.000035 0.000035 0.000035 0.000035 0.000035 0.000035 0.000035 0.000035 0.000035 0.000035 0.000035 0.000035 0.000035 0.000035 0.000035 0.000035 0.000035 0.000035 0.000035 0.000035 0.000035 0.000035 0.000035 0.000035 0.000035 0.000035 0.000035 0.000035 0.000035 0.000035 0.000035 0.000035 0.000035 0.000035 0.000035 0.000035 0.000035 0.000035 0.000035 0.000035 0.000035 0.000035 0.000035 0.000035 0.000035 0.000035 0.000035 0.000035 0.000035 0.000035 0.000035 0.000035 0.000035 0.000035 0.000035 0.000035 0.000035 0.000035 0.000035 0.000035 0.000035 0.000035 0.000035 0.000035 0.000035 0.000035 0.000035 0.000035 0.000035 0.000035 0.000035 0.000035 0.000035 0.000035 0.000035 0.000035 0.000035 0.000035 0.000035 0.000035 0.000035 0.000035 0.000035 0.000035 0.000035 0.000035 0.000035 0.000035 0.000035 0.000035 0.000035 0.000035 0.000035 0.000035 0.000035 0.000035 0.000035 0.000035 0.000035 0.000035 0.000035 0.000035 0.000035 0.000035 0.000035 0.000035 0.000035 0.000035 0.000035 0.000035 0.000035 0.000035 0.000035 0.000035 0.000035 0.000035 0.000035 0.000035 0.000035 0.000035 0.000035 0.000035 0.000035 0.000035 0.000035 0.000035 0.000035 0.000035 0.000035 0.000035 0.000035 0.000035 0.000035 0.000035 0.000035 0.000035 0.000035 0.000035 0.000035 0.000035 0.000035 0.000035 0.000035 0.000035 0.000035 0.000035 0.000035 0.000035 0.000035 0.000035 0.000035 0.000035 0.000035 0.000035 0.000035 0.000035 0.000035 0.000035 0.000035 0.000035 0.000035 0.000035 0.000035 0.000035 0.000035 0.000035 0.000035 0.000035 0.000035 0.000035 0.000035 0.000035 0.000035 0.000035 0.000035 0.000035 0.000036 0.000036 0.000034 0.000004
0.000004 0.000034 0.000036 0.000036 0.000035 0.000035 0.000035 0.000035 0.000035 0.000035 0.000035 0.000035 0.000035 0.000035 0.000035 0.000035 0.000035 0.000035 0.000035 0.000035 0.000035 0.000035 0.000035 0.000035 0.000035 0.000035 0.000035 0.000035 0.000035 0.000035 0.000035 0.000035 0.000035 0.000035 0.000035 0.000035 0.000035 0.000035 0.000035 0.000035 0.000035 0.000035 0.000035 0.000035 0.000035 0.000035 0.000035 0.000035 0.000035 0.000035 0.000035 0.000035 0.000035 0.000035 0.000035 0.000035 0.000035 0.000035 0.000035 0.000035 0.000035 0.000035 0.000035 0.000035 0.000035 0.000035 0.000035 0.000035 0.000035 0.000035 0.000035 0.000035 0.000035 0.000035 0.000035 0.000035 0.000035 0.000035 0.000035 0.000035 0.000035 0.000035 0.000035 0.000035 0.000035 0.000035 0.000035 0.000035 0.000035 0.000035 0.000035 0.000035 0.000035 0.000035 0.000035 0.000035 0.000035 0.000035 0.000035 0.000035 0.000035 0.000035 0.000035 0.000035 0.000035 0.000035 0.000035 0.000035 0.000035 0.000035 0.000035 0.000035 0.000035 0.000035 0.000035 0.000035 0.000035 0.000035 0.000035 0.000035 0.000035 0.000035 0.000035 0.000035 0.000035 0.000035 0.000035 0.000035 0.000035 0.000035 0.000035 0.000035 0.000035 0.000035 0.000035 0.000035 0.000035 0.000035 0.000035 0.000035 0.000035 0.000035 0.000035 0.000035 0.000035 0.000035 0.000035 0.000035 0.000035 0.000035 0.000035 0.000035 0.000035 0.000035 0.000035 0.000035 0.000035 0.000035 0.000035 0.000035 0.000035 0.000035 0.000035 0.000035 0.000035 0.000035 0.000035 0.000035 0.000035 0.000035 0.000035 0.000035 0.000035 0.000035 0.000035 0.000035 0.000035 0.000035 0.000035 0.000035 0.000035 0.000035 0.000035 0.000035 0.000035 0.000035 0.000035 0.000035 0.000035 0.000035 0.000035 0.000035 0.000035 0.000035 0.000035 0.000035 0.000035 0.000035 0.000036 0.000036 0.000034 0.000004
0.000004 0.000034 0.000036 0.000036 0.000035 0.000035 0.000035 0.000035 0.000035 0.000035 0.000035 0.000035 0.000035 0.000035 0.000035 0.000035 0.000035 0.000035 0.000035 0.000035 0.000035 0.000035 0.000035 0.000035 0.000035 0.000035 0.000035 0.000035 0.000035 0.000035 0.000035 0.000035 0.000035 0.000035 0.000035 0.000035 0.000035 0.000035 0.000035 0.000035 0.000035 0.000035 0.000035 0.000035 0.000035 0.000035 0.000035 0.000035 0.000035 0.000035 0.000035 0.000035 0.000035 0.000035 0.000035 0.000035 0.000035 0.000035 0.000035 0.000035 0.000035 0.000035 0.000035 0.000035 0.000035 0.000035 0.000035 0.000035 0.000035 0.000035 0.000035 0.000035 0.000035 0.000035 0.000035 0.000035 0.000035 0.000035 0.000035 0.000035 0.000035 0.000035 0.000035 0.000035 0.000035 0.000035 0.000035 0.000035 0.000035 0.000035 0.000035 0.000035 0.000035 0.000035 0.000035 0.000035 0.000035 0.000035 0.000035 0.000035 0.000035 0.000035 0.000035 0.000035 0.000035 0.000035 0.000035 0.000035 0.000035 0.000035 0.000035 0.000035 0.000035 0.000035 0.000035 0.000035 0.000035 0.000035 0.000035 0.000035 0.000035 0.000035 0.000035 0.000035 0.000035 0.000035 0.000035 0.000035 0.000035 0.000035 0.000035 0.000035 0.000035 0.000035 0.000035 0.000035 0.000035 0.000035 0.000035 0.000035 0.000035 0.000035 0.000035 0.000035 0.000035 0.000035 0.000035 0.000035 0.000035 0.000035 0.000035 0.000035 0.000035 0.000035 0.000035 0.000035 0.000035 0.000035 0.000035 0.000035 0.000035 0.000035 0.000035 0.000035 0.000035 0.000035 0.000035 0.000035 0.000035 0.000035 0.000035 0.000035 0.000035 0.000035 0.000035 0.000035 0.000035 0.000035 0.000035 0.000035 0.000035 0.000035 0.000035 0.000035 0.000035 0.000035 0.000035 0.000035 0.000035 0.000035 0.000035 0.000035 0.000035 0.000035 0.000035 0.000035 0.000035 0.000035 0.000036 0.000036 0.000034 0.000004
0.000004 0.000034 0.000036 0.000036 0.000035 0.000035 0.000035 0.000035 0.000035 0.000035 0.000035 0.000035 0.000035 0.000035 0.000035 0.000035 0.000035 0.000035 0.000035 0.000035 0.000035 0.000035 0.000035 0.000035 0.000035 0.000035 0.000035 0.000035 0.000035 0.000035 0.000035 0.000035 0.000035 0.000035 0.000035 0.000035 0.000035 0.000035 0.000035 0.000035 0.000035 0.000035 0.000035 0.000035 0.000035 0.000035 0.000035 0.000035 0.000035 0.000035 0.000035 0.000035 0.000035 0.000035 0.000035 0.000035 0.000035 0.000035 0.000035 0.000035 0.000035 0.000035 0.000035 0.000035 0.000035 0.000035 0.000035 0.000035 0.000035 0.000035 0.000035 0.000035 0.000035 0.000035 0.000035 0.000035 0.000035 0.000035 0.000035 0.000035 0.000035 0.000035 0.000035 0.000035 0.000035 0.000035 0.000035 0.000035 0.000035 0.000035 0.000035 0.000035 0.000035 0.000035 0.000035 0.000035 0.000035 0.000035 0.000035 0.000035 0.000035 0.000035 0.000035 0.000035 0.000035 0.000035 0.000035 0.000035 0.000035 0.000035 0.000035 0.000035 0.000035 0.000035 0.000035 0.000035 0.000035 0.000035 0.000035 0.000035 0.000035 0.000035 0.000035 0.000035 0.000035 0.000035 0.000035 0.000035 0.000035 0.000035 0.000035 0.000035 0.000035 0.000035 0.000035 0.000035 0.000035 0.000035 0.000035 0.000035 0.000035 0.000035 0.000035 0.000035 0.000035 0.000035 0.000035 0.000035 0.000035 0.000035 0.000035 0.000035 0.000035 0.000035 0.000035 0.000035 0.000035 0.000035 0.000035 0.000035 0.000035 0.000035 0.000035 0.000035 0.000035 0.000035 0.000035 0.000035 0.000035 0.000035 0.000035 0.000035 0.000035 0.000035 0.000035 0.000035 0.000035 0.000035 0.000035 0.000035 0.000035 0.000035 0.000035 0.000035 0.000035 0.000035 0.000035 0.000035 0.000035 0.000035 0.000035 0.000035 0.000035 0.000035 0.000035 0.000035 0.000035 0.000035 0.000036 0.000036 0.000034 0.000004
0.000004 0.000034 0.000036 0.000036 0.000035 0.000035 0.000035 0.000035 0.000035 0.000035 0.000035 0.000035 0.000035 0.000035 0.000035 0.000035 0.000035 0.000035 0.000035 0.000035 0.000035 0.000035 0.000035 0.000035 0.000035 0.000035 0.000035 0.000035 0.000035 0.000035 0.000035 0.000035 0.000035 0.000035 0.000035 0.000035 0.000035 0.000035 0.000035 0.000035 0.000035 0.000035 0.000035 0.000035 0.000035 0.000035 0.000035 0.000035 0.000035 0.000035 0.000035 0.000035 0.000035 0.000035 0.000035 0.000035 0.000035 0.000035 0.000035 0.000035 0.000035 0.000035 0.000035 0.000035 0.000035 0.000035 0.000035 0.000035 0.000035 0.000035 0.000035 0.000035 0.000035 0.000035 0.000035 0.000035 0.000035 0.000035 0.000035 0.000035 0.000035 0.000035 0.000035 0.000035 0.000035 0.000035 0.000035 0.000035 0.000035 0.000035 0.000035 0.000035 0.000035 0.000035 0.000035 0.000035 0.000035 0.000035 0.000035 0.000035 0.000035 0.000035 0.000035 0.000035 0.000035 0.000035 0.000035 0.000035 0.000035 0.000035 0.000035 0.000035 0.000035 0.000035 0.000035 0.000035 0.000035 0.000035 0.000035 0.000035 0.000035 0.000035 0.000035 0.000035 0.000035 0.000035 0.000035 0.000035 0.000035 0.000035 0.000035 0.000035 0.000035 0.000035 0.000035 0.000035 0.000035 0.000035 0.000035 0.000035 0.000035 0.000035 0.000035 0.000035 0.000035 0.000035 0.000035 0.000035 0.000035 0.000035 0.000035 0.000035 0.000035 0.000035 0.000035 0.000035 0.000035 0.000035 0.000035 0.000035 0.000035 0.000035 0.000035 0.000035 0.000035 0.000035 0.000035 0.000035 0.000035 0.000035 0.000035 0.000035 0.000035 0.000035 0.000035 0.000035 0.000035 0.000035 0.000035 0.000035 0.000035 0.000035 0.000035 0.000035 0.000035 0.000035 0.000035 0.000035 0.000035 0.000035 0.000035 0.000035 0.000035 0.000035 0.000035 0.000035 0.000035 0.000035 0.000036 0.000036 0.000034 0.000004
0.000004 0.000034 0.000036 0.000036 0.000035 0.000035 0.000035 0.000035 0.000035 0.000035 0.000035 0.000035 0.000035 0.000035 0.000035 0.000035 0.000035 0.000035 0.000035 0.000035 0.000035 0.000035 0.000035 0.000035 0.000035 0.000035 0.000035 0.000035 0.000035 0.000035 0.000035 0.000035 0.000035 0.000035 0.000035 0.000035 0.000035 0.000035 0.000035 0.000035 0.000035 0.000035 0.000035 0.000035 0.000035 0.000035 0.000035 0.000035 0.000035 0.000035 0.000035 0.000035 0.000035 0.000035 0.000035 0.000035 0.000035 0.000035 0.000035 0.000035 0.000035 0.000035 0.000035 0.000035 0.000035 0.000035 0.000035 0.000035 0.000035 0.000035 0.000035 0.000035 0.000035 0.000035 0.000035 0.000035 0.000035 0.000035 0.000035 0.000035 0.000035 0.000035 0.000035 0.000035 0.000035 0.000035 0.000035 0.000035 0.000035 0.000035 0.000035 0.000035 0.000035 0.000035 0.000035 0.000035 0.000035 0.000035 0.000035 0.000035 0.000035 0.000035 0.000035 0.000035 0.000035 0.000035 0.000035 0.000035 0.000035 0.000035 0.000035 0.000035 0.000035 0.000035 0.000035 0.000035 0.000035 0.000035 0.000035 0.000035 0.000035 0.000035 0.000035 0.000035 0.000035 0.000035 0.000035 0.000035 0.000035 0.000035 0.000035 0.000035 0.000035 0.000035 0.000035 0.000035 0.000035 0.000035 0.000035 0.000035 0.000035 0.000035 0.000035 0.000035 0.000035 0.000035 0.000035 0.000035 0.000035 0.000035 0.000035 0.000035 0.000035 0.000035 0.000035 0.000035 0.000035 0.000035 0.000035 0.000035 0.000035 0.000035 0.000035 0.000035 0.000035 0.000035 0.000035 0.000035 0.000035 0.000035 0.000035 0.000035 0.000035 0.000035 0.000035 0.000035 0.000035 0.000035 0.000035 0.000035 0.000035 0.000035 0.000035 0.000035 0.000035 0.000035 0.000035 0.000035 0.000035 0.000035 0.000035 0.000035 0.000035 0.000035 0.000035 0.000035 0.000035 0.000035 0.000036 0.000036 0.000034 0.000004
0.000004 0.000034 0.000036 0.000036 0.000035 0.000035 0.000035 0.000035 0.000035 0.000035 0.000035 0.000035 0.000035 0.000035 0.000035 0.000035 0.000035 0.000035 0.000035 0.000035 0.000035 0.000035 0.000035 0.000035 0.000035 0.000035 0.000035 0.000035 0.000035 0.000035 0.000035 0.000035 0.000035 0.000035 0.000035 0.000035 0.000035 0.000035 0.000035 0.000035 0.000035 0.000035 0.000035 0.000035 0.000035 0.000035 0.000035 0.000035 0.000035 0.000035 0.000035 0.000035 0.000035 0.000035 0.000035 0.000035 0.000035 0.000035 0.000035 0.000035 0.000035 0.000035 0.000035 0.000035 0.000035 0.000035 0.000035 0.000035 0.000035 0.000035 0.000035 0.000035 0.000035 0.000035 0.000035 0.000035 0.000035 0.000035 0.000035 0.000035 0.000035 0.000035 0.000035 0.000035 0.000035 0.000035 0.000035 0.000035 0.000035 0.000035 0.000035 0.000035 0.000035 0.000035 0.000035 0.000035 0.000035 0.000035 0.000035 0.000035 0.000035 0.000035 0.000035 0.000035 0.000035 0.000035 0.000035 0.000035 0.000035 0.000035 0.000035 0.000035 0.000035 0.000035 0.000035 0.000035 0.000035 0.000035 0.000035 0.000035 0.000035 0.000035 0.000035 0.000035 0.000035 0.000035 0.000035 0.000035 0.000035 0.000035 0.000035 0.000035 0.000035 0.000035 0.000035 0.000035 0.000035 0.000035 0.000035 0.000035 0.000035 0.000035 0.000035 0.000035 0.000035 0.000035 0.000035 0.000035 0.000035 0.000035 0.000035 0.000035 0.000035 0.000035 0.000035 0.000035 0.000035 0.000035 0.000035 0.000035 0.000035 0.000035 0.000035 0.000035 0.000035 0.000035 0.000035 0.000035 0.000035 0.000035 0.000035 0.000035 0.000035 0.000035 0.000035 0.000035 0.000035 0.000035 0.000035 0.000035 0.000035 0.000035 0.000035 0.000035 0.000035 0.000035 0.000035 0.000035 0.000035 0.000035 0.000035 0.000035 0.000035 0.000035 0.000035 0.000035 0.000035 0.000035 0.000036 0.000036 0.000034 0.000004
0.000004 0.000034 0.000036 0.000036 0.000035 0.000035 0.000035 0.000035 0.000035 0.000035 0.000035 0.000035 0.000035 0.000035 0.000035 0.000035 0.000035 0.000035 0.000035 0.000035 0.000035 0.000035 0.000035 0.000035 0.000035 0.000035 0.000035 0.000035 0.000035 0.000035 0.000035 0.000035 0.000035 0.000035 0.000035 0.000035 0.000035 0.000035 0.000035 0.000035 0.000035 0.000035 0.000035 0.000035 0.000035 0.000035 0.000035 0.000035 0.000035 0.000035 0.000035 0.000035 0.000035 0.000035 0.000035 0.000035 0.000035 0.000035 0.000035 0.000035 0.000035 0.000035 0.000035 0.000035 0.000035 0.000035 0.000035 0.000035 0.000035 0.000035 0.000035 0.000035 0.000035 0.000035 0.000035 0.000035 0.000035 0.000035 0.000035 0.000035 0.000035 0.000035 0.000035 0.000035 0.000035 0.000035 0.000035 0.000035 0.000035 0.000035 0.000035 0.000035 0.000035 0.000035 0.000035 0.000035 0.000035 0.000035 0.000035 0.000035 0.000035 0.000035 0.000035 0.000035 0.000035 0.000035 0.000035 0.000035 0.000035 0.000035 0.000035 0.000035 0.000035 0.000035 0.000035 0.000035 0.000035 0.000035 0.000035 0.000035 0.000035 0.000035 0.000035 0.000035 0.000035 0.000035 0.000035 0.000035 0.000035 0.000035 0.000035 0.000035 0.000035 0.000035 0.000035 0.000035 0.000035 0.000035 0.000035 0.000035 0.000035 0.000035 0.000035 0.000035 0.000035 0.000035 0.000035 0.000035 0.000035 0.000035 0.000035 0.000035 0.000035 0.000035 0.000035 0.000035 0.000035 0.000035 0.000035 0.000035 0.000035 0.000035 0.000035 0.000035 0.000035 0.000035 0.000035 0.000035 0.000035 0.000035 0.000035 0.000035 0.000035 0.000035 0.000035 0.000035 0.000035 0.000035 0.000035 0.000035 0.000035 0.000035 0.000035 0.000035 0.000035 0.000035 0.000035 0.000035 0.000035 0.000035 0.000035 0.000035 0.000035 0.000035 0.000035 0.000035 0.000035 0.000035 0.000036 0.000036 0.000034 0.000004
0.000004 0.000034 0.000036 0.000036 0.000035 0.000035 0.000035 0.000035 0.000035 0.000035 0.000035 0.000035 0.000035 0.000035 0.000035 0.000035 0.000035 0.000035 0.000035 0.000035 0.000035 0.000035 0.000035 0.000035 0.000035 0.000035 0.000035 0.000035 0.000035 0.000035 0.000035 0.000035 0.000035 0.000035 0.000035 0.000035 0.000035 0.000035 0.000035 0.000035 0.000035 0.000035 0.000035 0.000035 0.000035 0.000035 0.000035 0.000035 0.000035 0.000035 0.000035 0.000035 0.000035 0.000035 0.000035 0.000035 0.000035 0.000035 0.000035 0.000035 0.000035 0.000035 0.000035 0.000035 0.000035 0.000035 0.000035 0.000035 0.000035 0.000035 0.000035 0.000035 0.000035 0.000035 0.000035 0.000035 0.000035 0.000035 0.000035 0.000035 0.000035 0.000035 0.000035 0.000035 0.000035 0.000035 0.000035 0.000035 0.000035 0.000035 0.000035 0.000035 0.000035 0.000035 0.000035 0.000035 0.000035 0.000035 0.000035 0.000035 0.000035 0.000035 0.000035 0.000035 0.000035 0.000035 0.000035 0.000035 0.000035 0.000035 0.000035 0.000035 0.000035 0.000035 0.000035 0.000035 0.000035 0.000035 0.000035 0.000035 0.000035 0.000035 0.000035 0.000035 0.000035 0.000035 0.000035 0.000035 0.000035 0.000035 0.000035 0.000035 0.000035 0.000035 0.000035 0.000035 0.000035 0.000035 0.000035 0.000035 0.000035 0.000035 0.000035 0.000035 0.000035 0.000035 0.000035 0.000035 0.000035 0.000035 0.000035 0.000035 0.000035 0.000035 0.000035 0.000035 0.000035 0.000035 0.000035 0.000035 0.000035 0.000035 0.000035 0.000035 0.000035 0.000035 0.000035 0.000035 0.000035 0.000035 0.000035 0.000035 0.000035 0.000035 0.000035 0.000035 0.000035 0.000035 0.000035 0.000035 0.000035 0.000035 0.000035 0.000035 0.000035 0.000035 0.000035 0.000035 0.000035 0.000035 0.000035 0.000035 0.000035 0.000035 0.000035 0.000035 0.000035 0.000035 0.000036 0.000036 0.000034 0.000004
0.000004 0.000034 0.000036 0.000036 0.000035 0.000035 0.000035 0.000035 0.000035 0.000035 0.000035 0.000035 0.000035 0.000035 0.000035 0.000035 0.000035 0.000035 0.000035 0.000035 0.000035 0.000035 0.000035 0.000035 0.000035 0.000035 0.000035 0.000035 0.000035 0.000035 0.000035 0.000035 0.000035 0.000035 0.000035 0.000035 0.000035 0.000035 0.000035 0.000035 0.000035 0.000035 0.000035 0.000035 0.000035 0.000035 0.000035 0.000035 0.000035 0.000035 0.000035 0.000035 0.000035 0.000035 0.000035 0.000035 0.000035 0.000035 0.000035 0.000035 0.000035 0.000035 0.000035 0.000035 0.000035 0.000035 0.000035 0.000035 0.000035 0.000035 0.000035 0.000035 0.000035 0.000035 0.000035 0.000035 0.000035 0.000035 0.000035 0.000035 0.000035 0.000035 0.000035 0.000035 0.000035 0.000035 0.000035 0.000035 0.000035 0.000035 0.000035 0.000035 0.000035 0.000035 0.000035 0.000035 0.000035 0.000035 0.000035 0.000035 0.000035 0.000035 0.000035 0.000035 0.000035 0.000035 0.000035 0.000035 0.000035 0.000035 0.000035 0.000035 0.000035 0.000035 0.000035 0.000035 0.000035 0.000035 0.000035 0.000035 0.000035 0.000035 0.000035 0.000035 0.000035 0.000035 0.000035 0.000035 0.000035 0.000035 0.000035 0.000035 0.000035 0.000035 0.000035 0.000035 0.000035 0.000035 0.000035 0.000035 0.000035 0.000035 0.000035 0.000035 0.000035 0.000035 0.000035 0.000035 0.000035 0.000035 0.000035 0.000035 0.000035 0.000035 0.000035 0.000035 0.000035 0.000035 0.000035 0.000035 0.000035 0.000035 0.000035 0.000035 0.000035 0.000035 0.000035 0.000035 0.000035 0.000035 0.000035 0.000035 0.000035 0.000035 0.000035 0.000035 0.000035 0.000035 0.000035 0.000035 0.000035 0.000035 0.000035 0.000035 0.000035 0.000035 0.000035 0.000035 0.000035 0.000035 0.000035 0.000035 0.000035 0.000035 0.000035 0.000035 0.000035 0.000035 0.000036 0.000036 0.000034 0.000004
0.000004 0.000034 0.000036 0.000036 0.000035 0.000035 0.000035 0.000035 0.000035 0.000035 0.000035 0.000035 0.000035 0.000035 0.000035 0.000035 0.000035 0.000035 0.000035 0.000035 0.000035 0.000035 0.000035 0.000035 0.000035 0.000035 0.000035 0.000035 0.000035 0.000035 0.000035 0.000035 0.000035 0.000035 0.000035 0.000035 0.000035 0.000035 0.000035 0.000035 0.000035 0.000035 0.000035 0.000035 0.000035 0.000035 0.000035 0.000035 0.000035 0.000035 0.000035 0.000035 0.000035 0.000035 0.000035 0.000035 0.000035 0.000035 0.000035 0.000035 0.000035 0.000035 0.000035 0.000035 0.000035 0.000035 0.000035 0.000035 0.000035 0.000035 0.000035 0.000035 0.000035 0.000035 0.000035 0.000035 0.000035 0.000035 0.000035 0.000035 0.000035 0.000035 0.000035 0.000035 0.000035 0.000035 0.000035 0.000035 0.000035 0.000035 0.000035 0.000035 0.000035 0.000035 0.000035 0.000035 0.000035 0.000035 0.000035 0.000035 0.000035 0.000035 0.000035 0.000035 0.000035 0.000035 0.000035 0.000035 0.000035 0.000035 0.000035 0.000035 0.000035 0.000035 0.000035 0.000035 0.000035 0.000035 0.000035 0.000035 0.000035 0.000035 0.000035 0.000035 0.000035 0.000035 0.000035 0.000035 0.000035 0.000035 0.000035 0.000035 0.000035 0.000035 0.000035 0.000035 0.000035 0.000035 0.000035 0.000035 0.000035 0.000035 0.000035 0.000035 0.000035 0.000035 0.000035 0.000035 0.000035 0.000035 0.000035 0.000035 0.000035 0.000035 0.000035 0.000035 0.000035 0.000035 0.000035 0.000035 0.000035 0.000035 0.000035 0.000035 0.000035 0.000035 0.000035 0.000035 0.000035 0.000035 0.000035 0.000035 0.000035 0.000035 0.000035 0.000035 0.000035 0.000035 0.000035 0.000035 0.000035 0.000035 0.000035 0.000035 0.000035 0.000035 0.000035 0.000035 0.000035 0.000035 0.000035 0.000035 0.000035 0.000035 0.000035 0.000035 0.000035 0.000035 0.000036 0.000036 0.000034 0.000004
0.000004 0.000034 0.000036 0.000036 0.000035 0.000035 0.000035 0.000035 0.000035 0.000035 0.000035 0.000035 0.000035 0.000035 0.000035 0.000035 0.000035 0.000035 0.000035 0.000035 0.000035 0.000035 0.000035 0.000035 0.000035 0.000035 0.000035 0.000035 0.000035 0.000035 0.000035 0.000035 0.000035 0.000035 0.000035 0.000035 0.000035 0.000035 0.000035 0.000035 0.000035 0.000035 0.000035 0.000035 0.000035 0.000035 0.000035 0.000035 0.000035 0.000035 0.000035 0.000035 0.000035 0.000035 0.000035 0.000035 0.000035 0.000035 0.000035 0.000035 0.000035 0.000035 0.000035 0.000035 0.000035 0.000035 0.000035 0.000035 0.000035 0.000035 0.000035 0.000035 0.000035 0.000035 0.000035 0.000035 0.000035 0.000035 0.000035 0.000035 0.000035 0.000035 0.000035 0.000035 0.000035 0.000035 0.000035 0.000035 0.000035 0.000035 0.000035 0.000035 0.000035 0.000035 0.000035 0.000035 0.000035 0.000035 0.000035 0.000035 0.000035 0.000035 0.000035 0.000035 0.000035 0.000035 0.000035 0.000035 0.000035 0.000035 0.000035 0.000035 0.000035 0.000035 0.000035 0.000035 0.000035 0.000035 0.000035 0.000035 0.000035 0.000035 0.000035 0.000035 0.000035 0.000035 0.000035 0.000035 0.000035 0.000035 0.000035 0.000035 0.000035 0.000035 0.000035 0.000035 0.000035 0.000035 0.000035 0.000035 0.000035 0.000035 0.000035 0.000035 0.000035 0.000035 0.000035 0.000035 0.000035 0.000035 0.000035 0.000035 0.000035 0.000035 0.000035 0.000035 0.000035 0.000035 0.000035 0.000035 0.000035 0.000035 0.000035 0.000035 0.000035 0.000035 0.000035 0.000035 0.000035 0.000035 0.000035 0.000035 0.000035 0.000035 0.000035 0.000035 0.000035 0.000035 0.000035 0.000035 0.000035 0.000035 0.000035 0.000035 0.000035 0.000035 0.000035 0.000035 0.000035 0.000035 0.000035 0.000035 0.000035 0.000035 0.000035 0.000035 0.000035 0.000035 0.000036 0.000036 0.000034 0.000004
0.000004 0.000034 0.000036 0.000036 0.000035 0.000035 0.000035 0.000035 0.000035 0.000035 0.000035 0.000035 0.000035 0.000035 0.000035 0.000035 0.000035 0.000035 0.000035 0.000035 0.000035 0.000035 0.000035 0.000035 0.000035 0.000035 0.000035 0.000035 0.000035 0.000035 0.000035 0.000035 0.000035 0.000035 0.000035 0.000035 0.000035 0.000035 0.000035 0.000035 0.000035 0.000035 0.000035 0.000035 0.000035 0.000035 0.000035 0.000035 0.000035 0.000035 0.000035 0.000035 0.000035 0.000035 0.000035 0.000035 0.000035 0.000035 0.000035 0.000035 0.000035 0.000035 0.000035 0.000035 0.000035 0.000035 0.000035 0.000035 0.000035 0.000035 0.000035 0.000035 0.000035 0.000035 0.000035 0.000035 0.000035 0.000035 0.000035 0.000035 0.000035 0.000035 0.000035 0.000035 0.000035 0.000035 0.000035 0.000035 0.000035 0.000035 0.000035 0.000035 0.000035 0.000035 0.000035 0.000035 0.000035 0.000035 0.000035 0.000035 0.000035 0.000035 0.000035 0.000035 0.000035 0.000035 0.000035 0.000035 0.000035 0.000035 0.000035 0.000035 0.000035 0.000035 0.000035 0.000035 0.000035 0.000035 0.000035 0.000035 0.000035 0.000035 0.000035 0.000035 0.000035 0.000035 0.000035 0.000035 0.000035 0.000035 0.000035 0.000035 0.000035 0.000035 0.000035 0.000035 0.000035 0.000035 0.000035 0.000035 0.000035 0.000035 0.000035 0.000035 0.000035 0.000035 0.000035 0.000035 0.000035 0.000035 0.000035 0.000035 0.000035 0.000035 0.000035 0.000035 0.000035 0.000035 0.000035 0.000035 0.000035 0.000035 0.000035 0.000035 0.000035 0.000035 0.000035 0.000035 0.000035 0.000035 0.000035 0.000035 0.000035 0.000035 0.000035 0.000035 0.000035 0.000035 0.000035 0.000035 0.000035 0.000035 0.000035 0.000035 0.000035 0.000035 0.000035 0.000035 0.000035 0.000035 0.000035 0.000035 0.000035 0.000035 0.000035 0.000035 0.000035 0.000035 0.000036 0.000036 0.000034 0.000004
0.000004 0.000034 0.000036 0.000036 0.000035 0.000035 0.000035 0.000035 0.000035 0.000035 0.000035 0.000035 0.000035 0.000035 0.000035 0.000035 0.000035 0.000035 0.000035 0.000035 0.000035 0.000035 0.000035 0.000035 0.000035 0.000035 0.000035 0.000035 0.000035 0.000035 0.000035 0.000035 0.000035 0.000035 0.000035 0.000035 0.000035 0.000035 0.000035 0.000035 0.000035 0.000035 0.000035 0.000035 0.000035 0.000035 0.000035 0.000035 0.000035 0.000035 0.000035 0.000035 0.000035 0.000035 0.000035 0.000035 0.000035 0.000035 0.000035 0.000035 0.000035 0.000035 0.000035 0.000035 0.000035 0.000035 0.000035 0.000035 0.000035 0.000035 0.000035 0.000035 0.000035 0.000035 0.000035 0.000035 0.000035 0.000035 0.000035 0.000035 0.000035 0.000035 0.000035 0.000035 0.000035 0.000035 0.000035 0.000035 0.000035 0.000035 0.000035 0.000035 0.000035 0.000035 0.000035 0.000035 0.000035 0.000035 0.000035 0.000035 0.000035 0.000035 0.000035 0.000035 0.000035 0.000035 0.000035 0.000035 0.000035 0.000035 0.000035 0.000035 0.000035 0.000035 0.000035 0.000035 0.000035 0.000035 0.000035 0.000035 0.000035 0.000035 0.000035 0.000035 0.000035 0.000035 0.000035 0.000035 0.000035 0.000035 0.000035 0.000035 0.000035 0.000035 0.000035 0.000035 0.000035 0.000035 0.000035 0.000035 0.000035 0.000035 0.000035 0.000035 0.000035 0.000035 0.000035 0.000035 0.000035 0.000035 0.000035 0.000035 0.000035 0.000035 0.000035 0.000035 0.000035 0.000035 0.000035 0.000035 0.000035 0.000035 0.000035 0.000035 0.000035 0.000035 0.000035 0.000035 0.000035 0.000035 0.000035 0.000035 0.000035 0.000035 0.000035 0.000035 0.000035 0.000035 0.000035 0.000035 0.000035 0.000035 0.000035 0.000035 0.000035 0.000035 0.000035 0.000035 0.000035 0.000035 0.000035 0.000035 0.000035 0.000035 0.000035 0.000035 0.000035 0.000035 0.000036 0.000036 0.000034 0.000004
0.000004 0.000034 0.000036 0.000036 0.000035 0.000035 0.000035 0.000035 0.000035 0.000035 0.000035 0.000035 0.000035 0.000035 0.000035 0.000035 0.000035 0.000035 0.000035 0.000035 0.000035 0.000035 0.000035 0.000035 0.000035 0.000035 0.000035 0.000035 0.000035 0.000035 0.000035 0.000035 0.000035 0.000035 0.000035 0.000035 0.000035 0.000035 0.000035 0.000035 0.000035 0.000035 0.000035 0.000035 0.000035 0.000035 0.000035 0.000035 0.000035 0.000035 0.000035 0.000035 0.000035 0.000035 0.000035 0.000035 0.000035 0.000035 0.000035 0.000035 0.000035 0.000035 0.000035 0.000035 0.000035 0.000035 0.000035 0.000035 0.000035 0.000035 0.000035 0.000035 0.000035 0.000035 0.000035 0.000035 0.000035 0.000035 0.000035 0.000035 0.000035 0.000035 0.000035 0.000035 0.000035 0.000035 0.000035 0.000035 0.000035 0.000035 0.000035 0.000035 0.000035 0.000035 0.000035 0.000035 0.000035 0.000035 0.000035 0.000035 0.000035 0.000035 0.000035 0.000035 0.000035 0.000035 0.000035 0.000035 0.000035 0.000035 0.000035 0.000035 0.000035 0.000035 0.000035 0.000035 0.000035 0.000035 0.000035 0.000035 0.000035 0.000035 0.000035 0.000035 0.000035 0.000035 0.000035 0.000035 0.000035 0.000035 0.000035 0.000035 0.000035 0.000035 0.000035 0.000035 0.000035 0.000035 0.000035 0.000035 0.000035 0.000035 0.000035 0.000035 0.000035 0.000035 0.000035 0.000035 0.000035 0.000035 0.000035 0.000035 0.000035 0.000035 0.000035 0.000035 0.000035 0.000035 0.000035 0.000035 0.000035 0.000035 0.000035 0.000035 0.000035 0.000035 0.000035 0.000035 0.000035 0.000035 0.000035 0.000035 0.000035 0.000035 0.000035 0.000035 0.000035 0.000035 0.000035 0.000035 0.000035 0.000035 0.000035 0.000035 0.000035 0.000035 0.000035 0.000035 0.000035 0.000035 0.000035 0.000035 0.000035 0.000035 0.000035 0.000035 0.000035 0.000035 0.000036 0.000036 0.000034 0.000004
0.000004 0.000034 0.000036 0.000035 0.000035 0.000035 0.000035 0.000035 0.000035 0.000035 0.000035 0.000035 0.000035 0.000035 0.000035 0.000035 0.000035 0.000035 0.000035 0.000035 0.000035 0.000035 0.000035 0.000035 0.000035 0.000035 0.000035 0.000035 0.000035 0.000035 0.000035 0.000035 0.000035 0.000035 0.000035 0.000035 0.000035 0.000035 0.000035 0.000035 0.000035 0.000035 0.000035 0.000035 0.000035 0.000035 0.000035 0.000035 0.000035 0.000035 0.000035 0.000035 0.000035 0.000035 0.000035 0.000035 0.000035 0.000035 0.000035 0.000035 0.000035 0.000035 0.000035 0.000035 0.000035 0.000035 0.000035 0.000035 0.000035 0.000035 0.000035 0.000035 0.000035 0.000035 0.000035 0.000035 0.000035 0.000035 0.000035 0.000035 0.000035 0.000035 0.000035 0.000035 0.000035 0.000035 0.000035 0.000035 0.000035 0.000035 0.000035 0.000035 0.000035 0.000035 0.000035 0.000035 0.000035 0.000035 0.000035 0.000035 0.000035 0.000035 0.000035 0.000035 0.000035 0.000035 0.000035 0.000035 0.000035 0.000035 0.000035 0.000035 0.000035 0.000035 0.000035 0.000035 0.000035 0.000035 0.000035 0.000035 0.000035 0.000035 0.000035 0.000035 0.000035 0.000035 0.000035 0.000035 0.000035 0.000035 0.000035 0.000035 0.000035 0.000035 0.000035 0.000035 0.000035 0.000035 0.000035 0.000035 0.000035 0.000035 0.000035 0.000035 0.000035 0.000035 0.000035 0.000035 0.000035 0.000035 0.000035 0.000035 0.000035 0.000035 0.000035 0.000035 0.000035 0.000035 0.000035 0.000035 0.000035 0.000035 0.000035 0.000035 0.000035 0.000035 0.000035 0.000035 0.000035 0.000035 0.000035 0.000035 0.000035 0.000035 0.000035 0.000035 0.000035 0.000035 0.000035 0.000035 0.000035 0.000035 0.000035 0.000035 0.000035 0.000035 0.000035 0.000035 0.000035 0.000035 0.000035 0.000035 0.000035 0.000035 0.000035 0.000035 0.000035 0.000035 0.000035 0.000036 0.000034 0.000004
0.000004 0.000034 0.000036 0.000035 0.000035 0.000035 0.000035 0.000035 0.000035 0.000035 0.000035 0.000035 0.000035 0.000035 0.000035 0.000035 0.000035 0.000035 0.000035 0.000035 0.000035 0.000035 0.000035 0.000035 0.000035 0.000035 0.000035 0.000035 0.000035 0.000035 0.000035 0.000035 0.000035 0.000035 0.000035 0.000035 0.000035 0.000035 0.000035 0.000035 0.000035 0.000035 0.000035 0.000035 0.000035 0.000035 0.000035 0.000035 0.000035 0.000035 0.000035 0.000035 0.000035 0.000035 0.000035 0.000035 0.000035 0.000035 0.000035 0.000035 0.000035 0.000035 0.000035 0.000035 0.000035 0.000035 0.000035 0.000035 0.000035 0.000035 0.000035 0.000035 0.000035 0.000035 0.000035 0.000035 0.000035 0.000035 0.000035 0.000035 0.000035 0.000035 0.000035 0.000035 0.000035 0.000035 0.000035 0.000035 0.000035 0.000035 0.000035 0.000035 0.000035 0.000035 0.000035 0.000035 0.000035 0.000035 0.000035 0.000035 0.000035 0.000035 0.000035 0.000035 0.000035 0.000035 0.000035 0.000035 0.000035 0.000035 0.000035 0.000035 0.000035 0.000035 0.000035 0.000035 0.000035 0.000035 0.000035 0.000035 0.000035 0.000035 0.000035 0.000035 0.000035 0.000035 0.000035 0.000035 0.000035 0.000035 0.000035 0.000035 0.000035 0.000035 0.000035 0.000035 0.000035 0.000035 0.000035 0.000035 0.000035 0.000035 0.000035 0.000035 0.000035 0.000035 0.000035 0.000035 0.000035 0.000035 0.000035 0.000035 0.000035 0.000035 0.000035 0.000035 0.000035 0.000035 0.000035 0.000035 0.000035 0.000035 0.000035 0.000035 0.000035 0.000035 0.000035 0.000035 0.000035 0.000035 0.000035 0.000035 0.000035 0.000035 0.000035 0.000035 0.000035 0.000035 0.000035 0.000035 0.000035 0.000035 0.000035 0.000035 0.000035 0.000035 0.000035 0.000035 0.000035 0.000035 0.000035 0.000035 0.000035 0.000035 0.000035 0.000035 0.000035 0.000035 0.000035 0.000036 0.000034 0.000004
0.000004 0.000034 0.000036 0.000035 0.000035 0.000035 0.000035 0.000035 0.000035 0.000035 0.000035 0.000035 0.000035 0.000035 0.000035 0.000035 0.000035 0.000035 0.000035 0.000035 0.000035 0.000035 0.000035 0.000035 0.000035 0.000035 0.000035 0.000035 0.000035 0.000035 0.000035 0.000035 0.000035 0.000035 0.000035 0.000035 0.000035 0.000035 0.000035 0.000035 0.000035 0.000035 0.000035 0.000035 0.000035 0.000035 0.000035 0.000035 0.000035 0.000035 0.000035 0.000035 0.000035 0.000035 0.000035 0.000035 0.000035 0.000035 0.000035 0.000035 0.000035 0.000035 0.000035 0.000035 0.000035 0.000035 0.000035 0.000035 0.000035 0.000035 0.000035 0.000035 0.000035 0.000035 0.000035 0.000035 0.000035 0.000035 0.000035 0.000035 0.000035 0.000035 0.000035 0.000035 0.000035 0.000035 0.000035 0.000035 0.000035 0.000035 0.000035 0.000035 0.000035 0.000035 0.000035 0.000035 0.000035 0.000035 0.000035 0.000035 0.000035 0.000035 0.000035 0.000035 0.000035 0.000035 0.000035 0.000035 0.000035 0.000035 0.000035 0.000035 0.000035 0.000035 0.000035 0.000035 0.000035 0.000035 0.000035 0.000035 0.000035 0.000035 0.000035 0.000035 0.000035 0.000035 0.000035 0.000035 0.000035 0.000035 0.000035 0.000035 0.000035 0.000035 0.000035 0.000035 0.000035 0.000035 0.000035 0.000035 0.000035 0.000035 0.000035 0.000035 0.000035 0.000035 0.000035 0.000035 0.000035 0.000035 0.000035 0.000035 0.000035 0.000035 0.000035 0.000035 0.000035 0.000035 0.000035 0.000035 0.000035 0.000035 0.000035 0.000035 0.000035 0.000035 0.000035 0.000035 0.000035 0.000035 0.000035 0.000035 0.000035 0.000035 0.000035 0.000035 0.000035 0.000035 0.000035 0.000035 0.000035 0.000035 0.000035 0.000035 0.000035 0.000035 0.000035 0.000035 0.000035 0.000035 0.000035 0.000035 0.000035 0.000035 0.000035 0.000035 0.000035 0.000035 0.000035 0.000036 0.000034 0.000004
0.000004 0.000034 0.000036 0.000035 0.000035 0.000035 0.000035 0.000035 0.000035 0.000035 0.000035 0.000035 0.000035 0.000035 0.000035 0.000035 0.000034 0.000034 0.000034 0.000034 0.000034 0.000034 0.000034 0.000034 0.000034 0.000034 0.000034 0.000034 0.000034 0.000034 0.000034 0.000034 0.000034 0.000034 0.000034 0.000034 0.000034 0.000034 0.000034 0.000034 0.000034 0.000034 0.000034 0.000034 0.000034 0.000034 0.000034 0.000034 0.000034 0.000034 0.000034 0.000034 0.000034 0.000034 0.000034 0.000034 0.000034 0.000034 0.000034 0.000034 0.000034 0.000034 0.000034 0.000034 0.000034 0.000034 0.000034 0.000034 0.000034 0.000034 0.000034 0.000034 0.000034 0.000034 0.000034 0.000034 0.000034 0.000034 0.000034 0.000034 0.000034 0.000034 0.000034 0.000034 0.000034 0.000034 0.000034 0.000034 0.000034 0.000034 0.000034 0.000034 0.000034 0.000034 0.000034 0.000034 0.000034 0.000034 0.000034 0.000034 0.000034 0.000034 0.000034 0.000034 0.000034 0.000034 0.000034 0.000034 0.000034 0.000034 0.000034 0.000034 0.000034 0.000034 0.000034 0.000034 0.000034 0.000034 0.000034 0.000034 0.000034 0.000034 0.000034 0.000034 0.000034 0.000034 0.000034 0.000034 0.000034 0.000034 0.000034 0.000034 0.000034 0.000034 0.000034 0.000034 0.000034 0.000034 0.000034 0.000034 0.000034 0.000034 0.000034 0.000034 0.000034 0.000034 0.000034 0.000034 0.000034 0.000034 0.000034 0.000034 0.000034 0.000034 0.000034 0.000034 0.000034 0.000034 0.000034 0.000034 0.000034 0.000034 0.000034 0.000034 0.000034 0.000034 0.000034 0.000034 0.000034 0.000034 0.000034 0.000034 0.000034 0.000034 0.000034 0.000034 0.000034 0.000034 0.000034 0.000034 0.000034 0.000034 0.000034 0.000034 0.000034 0.000034 0.000035 0.000035 0.000035 0.000035 0.000035 0.000035 0.000035 0.000035 0.000035 0.000035 0.000035 0.000035 0.000035 0.000036 0.000034 0.000004
0.000004 0.000033 0.000035 0.000035 0.000035 0.000035 0.000034 0.000034 0.000034 0.000034 0.000034 0.000034 0.000034 0.000034 0.000034 0.000034 0.000034 0.000034 0.000034 0.000034 0.000034 0.000034 0.000034 0.000034 0.000034 0.000034 0.000034 0.000034 0.000034 0.000034 0.000034 0.000034 0.000034 0.000034 0.000034 0.000034 0.000034 0.000034 0.000034 0.000034 0.000034 0.000034 0.000034 0.000034 0.000034 0.000034 0.000034 0.000034 0.000034 0.000034 0.000034 0.000034 0.000034 0.000034 0.000034 0.000034 0.000034 0.000034 0.000034 0.000034 0.000034 0.000034 0.000034 0.000034 0.000034 0.000034 0.000034 0.000034 0.000034 0.000034 0.000034 0.000034 0.000034 0.000034 0.000034 0.000034 0.000034 0.000034 0.000034 0.000034 0.000034 0.000034 0.000034 0.000034 0.000034 0.000034 0.000034 0.000034 0.000034 0.000034 0.000034 0.000034 0.000034 0.000034 0.000034 0.000034 0.000034 0.000034 0.000034 0.000034 0.000034 0.000034 0.000034 0.000034 0.000034 0.000034 0.000034 0.000034 0.000034 0.000034 0.000034 0.000034 0.000034 0.000034 0.000034 0.000034 0.000034 0.000034 0.000034 0.000034 0.000034 0.000034 0.000034 0.000034 0.000034 0.000034 0.000034 0.000034 0.000034 0.000034 0.000034 0.000034 0.000034 0.000034 0.000034 0.000034 0.000034 0.000034 0.000034 0.000034 0.000034 0.000034 0.000034 0.000034 0.000034 0.000034 0.000034 0.000034 0.000034 0.000034 0.000034 0.000034 0.000034 0.000034 0.000034 0.000034 0.000034 0.000034 0.000034 0.000034 0.000034 0.000034 0.000034 0.000034 0.000034 0.000034 0.000034 0.000034 0.000034 0.000034 0.000034 0.000034 0.000034 0.000034 0.000034 0.000034 0.000034 0.000034 0.000034 0.000034 0.000034 0.000034 0.000034 0.000034 0.000034 0.000034 0.000034 0.000034 0.000034 0.000034 0.000034 0.000034 0.000034 0.000034 0.000034 0.000034 0.000035 0.000035 0.000035 0.000035 0.000033 0.000004
0.000003 0.000033 0.000035 0.000035 0.000034 0.000034 0.000034 0.000034 0.000034 0.000034 0.000034 0.000034 0.000034 0.000034 0.000034 0.000034 0.000034 0.000034 0.000034 0.000034 0.000034 0.000034 0.000034 0.000034 0.000034 0.000034 0.000034 0.000034 0.000034 0.000034 0.000034 0.000034 0.000034 0.000034 0.000034 0.000034 0.000034 0.000034 0.000034 0.000034 0.000034 0.000034 0.000034 0.000034 0.000034 0.000034 0.000034 0.000034 0.000034 0.000034 0.000034 0.000034 0.000034 0.000034 0.000034 0.000034 0.000034 0.000034 0.000034 0.000034 0.000034 0.000034 0.000034 0.000034 0.000034 0.000034 0.000034 0.000034 0.000034 0.000034 0.000034 0.000034 0.000034 0.000034 0.000034 0.000034 0.000034 0.000034 0.000034 0.000034 0.000034 0.000034 0.000034 0.000034 0.000034 0.000034 0.000034 0.000034 0.000034 0.000034 0.000034 0.000034 0.000034 0.000034 0.000034 0.000034 0.000034 0.000034 0.000034 0.000034 0.000034 0.000034 0.000034 0.000034 0.000034 0.000034 0.000034 0.000034 0.000034 0.000034 0.000034 0.000034 0.000034 0.000034 0.000034 0.000034 0.000034 0.000034 0.000034 0.000034 0.000034 0.000034 0.000034 0.000034 0.000034 0.000034 0.000034 0.000034 0.000034 0.000034 0.000034 0.000034 0.000034 0.000034 0.000034 0.000034 0.000034 0.000034 0.000034 0.000034 0.000034 0.000034 0.000034 0.000034 0.000034 0.000034 0.000034 0.000034 0.000034 0.000034 0.000034 0.000034 0.000034 0.000034 0.000034 0.000034 0.000034 0.000034 0.000034 0.000034 0.000034 0.000034 0.000034 0.000034 0.000034 0.000034 0.000034 0.000034 0.000034 0.000034 0.000034 0.000034 0.000034 0.000034 0.000034 0.000034 0.000034 0.000034 0.000034 0.000034 0.000034 0.000034 0.000034 0.000034 0.000034 0.000034 0.000034 0.000034 0.000034 0.000034 0.000034 0.000034 0.000034 0.000034 0.000034 0.000034 0.000034 0.000034 0.000035 0.000035 0.000033 0.000003
0.000003 0.000033 0.000035 0.000034 0.000034 0.000034 0.000034 0.000033 0.000033 0.000033 0.000033 0.000033 0.000033 0.000033 0.000033 0.000033 0.000033 0.000033 0.000033 0.000033 0.000033 0.000033 0.000033 0.000033 0.000033 0.000033 0.000033 0.000033 0.000033 0.000033 0.000033 0.000033 0.000033 0.000033 0.000033 0.000033 0.000033 0.000033 0.000033 0.000033 0.000033 0.000033 0.000033 0.000033 0.000033 0.000033 0.000033 0.000033 0.000033 0.000033 0.000033 0.000033 0.000033 0.000033 0.000033 0.000033 0.000033 0.000033 0.000033 0.000033 0.000033 0.000033 0.000033 0.000033 0.000033 0.000033 0.000033 0.000033 0.000033 0.000033 0.000033 0.000033 0.000033 0.000033 0.000033 0.000033 0.000033 0.000033 0.000033 0.000033 0.000033 0.000033 0.000033 0.000033 0.000033 0.000033 0.000033 0.000033 0.000033 0.000033 0.000033 0.000033 0.000033 0.000033 0.000033 0.000033 0.000033 0.000033 0.000033 0.000033 0.000033 0.000033 0.000033 0.000033 0.000033 0.000033 0.000033 0.000033 0.000033 0.000033 0.000033 0.000033 0.000033 0.000033 0.000033 0.000033 0.000033 0.000033 0.000033 0.000033 0.000033 0.000033 0.000033 0.000033 0.000033 0.000033 0.000033 0.000033 0.000033 0.000033 0.000033 0.000033 0.000033 0.000033 0.000033 0.000033 0.000033 0.000033 0.000033 0.000033 0.000033 0.000033 0.000033 0.000033 0.000033 0.000033 0.000033 0.000033 0.000033 0.000033 0.000033 0.000033 0.000033 0.000033 0.000033 0.000033 0.000033 0.000033 0.000033 0.000033 0.000033 0.000033 0.000033 0.000033 0.000033 0.000033 0.000033 0.000033 0.000033 0.000033 0.000033 0.000033 0.000033 0.000033 0.000033 0.000033 0.000033 0.000033 0.000033 0.000033 0.000033 0.000033 0.000033 0.000033 0.000033 0.000033 0.000033 0.000033 0.000033 0.000033 0.000033 0.000033 0.000033 0.000033 0.000033 0.000034 0.000034 0.000034 0.000034 0.000035 0.000033 0.000003
0.000003 0.000032 0.000034 0.000034 0.000033 0.000033 0.000033 0.000033 0.000033 0.000032 0.000032 0.000032 0.000032 0.000032 0.000032 0.000032 0.000032 0.000032 0.000032 0.000032 0.000032 0.000032 0.000032 0.000032 0.000032 0.000032 0.000032 0.000032 0.000032 0.000032 0.000032 0.000032 0.000032 0.000032 0.000032 0.000032 0.000032 0.000032 0.000032 0.000032 0.000032 0.000032 0.000032 0.000032 0.000032 0.000032 0.000032 0.000032 0.000032 0.000032 0.000032 0.000032 0.000032 0.000032 0.000032 0.000032 0.000032 0.000032 0.000032 0.000032 0.000032 0.000032 0.000032 0.000032 0.000032 0.000032 0.000032 0.000032 0.000032 0.000032 0.000032 0.000032 0.000032 0.000032 0.000032 0.000032 0.000032 0.000032 0.000032 0.000032 0.000032 0.000032 0.000032 0.000032 0.000032 0.000032 0.000032 0.000032 0.000032 0.000032 0.000032 0.000032 0.000032 0.000032 0.000032 0.000032 0.000032 0.000032 0.000032 0.000032 0.000032 0.000032 0.000032 0.000032 0.000032 0.000032 0.000032 0.000032 0.000032 0.000032 0.000032 0.000032 0.000032 0.000032 0.000032 0.000032 0.000032 0.000032 0.000032 0.000032 0.000032 0.000032 0.000032 0.000032 0.000032 0.000032 0.000032 0.000032 0.000032 0.000032 0.000032 0.000032 0.000032 0.000032 0.000032 0.000032 0.000032 0.000032 0.000032 0.000032 0.000032 0.000032 0.000032 0.000032 0.000032 0.000032 0.000032 0.000032 0.000032 0.000032 0.000032 0.000032 0.000032 0.000032 0.000032 0.000032 0.000032 0.000032 0.000032 0.000032 0.000032 0.000032 0.000032 0.000032 0.000032 0.000032 0.000032 0.000032 0.000032 0.000032 0.000032 0.000032 0.000032 0.000032 0.000032 0.000032 0.000032 0.000032 0.000032 0.000032 0.000032 0.000032 0.000032 0.000032 0.000032 0.000032 0.000032 0.000032 0.000032 0.000032 0.000032 0.000032 0.000032 0.000033 0.000033 0.000033 0.000033 0.000033 0.000034 0.000034 0.000032 0.000003
0.000002 0.000032 0.000034 0.000033 0.000032 0.000032 0.000032 0.000032 0.000032 0.000031 0.000031 0.000031 0.000031 0.000031 0.000031 0.000031 0.000031 0.000031 0.000031 0.000031 0.000031 0.000031 0.000031 0.000031 0.000031 0.000031 0.000031 0.000031 0.000031 0.000031 0.000031 0.000031 0.000031 0.000031 0.000031 0.000031 0.000031 0.000031 0.000031 0.000031 0.000031 0.000031 0.000031 0.000031 0.000031 0.000031 0.000031 0.000031 0.000031 0.000031 0.000031 0.000031 0.000031 0.000031 0.000031 0.000031 0.000031 0.000031 0.000031 0.000031 0.000031 0.000031 0.000031 0.000031 0.000031 0.000031 0.000031 0.000031 0.000031 0.000031 0.000031 0.000031 0.000031 0.000031 0.000031 0.000031 0.000031 0.000031 0.000031 0.000031 0.000031 0.000031 0.000031 0.000031 0.000031 0.000031 0.000031 0.000031 0.000031 0.000031 0.000031 0.000031 0.000031 0.000031 0.000031 0.000031 0.000031 0.000031 0.000031 0.000031 0.000031 0.000031 0.000031 0.000031 0.000031 0.000031 0.000031 0.000031 0.000031 0.000031 0.000031 0.000031 0.000031 0.000031 0.000031 0.000031 0.000031 0.000031 0.000031 0.000031 0.000031 0.000031 0.000031 0.000031 0.000031 0.000031 0.000031 0.000031 0.000031 0.000031 0.000031 0.000031 0.000031 0.000031 0.000031 0.000031 0.000031 0.000031 0.000031 0.000031 0.000031 0.000031 0.000031 0.000031 0.000031 0.000031 0.000031 0.000031 0.000031 0.000031 0.000031 0.000031 0.000031 0.000031 0.000031 0.000031 0.000031 0.000031 0.000031 0.000031 0.000031 0.000031 0.000031 0.000031 0.000031 0.000031 0.000031 0.000031 0.000031 0.000031 0.000031 0.000031 0.000031 0.000031 0.000031 0.000031 0.000031 0.000031 0.000031 0.000031 0.000031 0.000031 0.000031 0.000031 0.000031 0.000031 0.000031 0.000031 0.000031 0.000031 0.000031 0.000031 0.000031 0.000032 0.000032 0.000032 0.000032 0.000032 0.000033 0.000034 0.000032 0.000002
0.000002 0.000031 0.000033 0.000032 0.000031 0.000031 0.000031 0.000030 0.000030 0.000030 0.000030 0.000030 0.000030 0.000030 0.000029 0.000029 0.000029 0.000029 0.000029 0.000029 0.000029 0.000029 0.000029 0.000029 0.000029 0.000029 0.000029 0.000029 0.000029 0.000029 0.000029 0.000029 0.000029 0.000029 0.000029 0.000029 0.000029 0.000029 0.000029 0.000029 0.000029 0.000029 0.000029 0.000029 0.000029 0.000029 0.000029 0.000029 0.000029 0.000029 0.000029 0.000029 0.000029 0.000029 0.000029 0.000029 0.000029 0.000029 0.000029 0.000029 0.000029 0.000029 0.000029 0.000029 0.000029 0.000029 0.000029 0.000029 0.000029 0.000029 0.000029 0.000029 0.000029 0.000029 0.000029 0.000029 0.000029 0.000029 0.000029 0.000029 0.000029 0.000029 0.000029 0.000029 0.000029 0.000029 0.000029 0.000029 0.000029 0.000029 0.000029 0.000029 0.000029 0.000029 0.000029 0.000029 0.000029 0.000029 0.000029 0.000029 0.000029 0.000029 0.000029 0.000029 0.000029 0.000029 0.000029 0.000029 0.000029 0.000029 0.000029 0.000029 0.000029 0.000029 0.000029 0.000029 0.000029 0.000029 0.000029 0.000029 0.000029 0.000029 0.000029 0.000029 0.000029 0.000029 0.000029 0.000029 0.000029 0.000029 0.000029 0.000029 0.000029 0.000029 0.000029 0.000029 0.000029 0.000029 0.000029 0.000029 0.000029 0.000029 0.000029 0.000029 0.000029 0.000029 0.000029 0.000029 0.000029 0.000029 0.000029 0.000029 0.000029 0.000029 0.000029 0.000029 0.000029 0.000029 0.000029 0.000029 0.000029 0.000029 0.000029 0.000029 0.000029 0.000029 0.000029 0.000029 0.000029 0.000029 0.000029 0.000029 0.000029 0.000029 0.000029 0.000029 0.000029 0.000029 0.000029 0.000029 0.000029 0.000029 0.000029 0.000029 0.000029 0.000029 0.000029 0.000029 0.000030 0.000030 0.000030 0.000030 0.000030 0.000030 0.000030 0.000031 0.000031 0.000031 0.000032 0.000033 0.000031 0.000002
0.000001 0.000030 0.000031 0.000031 0.000030 0.000029 0.000029 0.000029 0.000028 0.000028 0.000028 0.000028 0.000028 0.000028 0.000027 0.000027 0.000027 0.000027 0.000027 0.000027 0.000027 0.000027 0.000027 0.000027 0.000027 0.000027 0.000027 0.000027 0.000027 0.000027 0.000027 0.000027 0.000027 0.000027 0.000027 0.000027 0.000027 0.000027 0.000027 0.000027 0.000027 0.000027 0.000027 0.000027 0.000027 0.000027 0.000027 0.000027 0.000027 0.000027 0.000027 0.000027 0.000027 0.000027 0.000027 0.000027 0.000027 0.000027 0.000027 0.000027 0.000027 0.000027 0.000027 0.000027 0.000027 0.000027 0.000027 0.000027 0.000027 0.000027 0.000027 0.000027 0.000027 0.000027 0.000027 0.000027 0.000027 0.000027 0.000027 0.000027 0.000027 0.000027 0.000027 0.000027 0.000027 0.000027 0.000027 0.000027 0.000027 0.000027 0.000027 0.000027 0.000027 0.000027 0.000027 0.000027 0.000027 0.000027 0.000027 0.000027 0.000027 0.000027 0.000027 0.000027 0.000027 0.000027 0.000027 0.000027 0.000027 0.000027 0.000027 0.000027 0.000027 0.000027 0.000027 0.000027 0.000027 0.000027 0.000027 0.000027 0.000027 0.000027 0.000027 0.000027 0.000027 0.000027 0.000027 0.000027 0.000027 0.000027 0.000027 0.000027 0.000027 0.000027 0.000027 0.000027 0.000027 0.000027 0.000027 0.000027 0.000027 0.000027 0.000027 0.000027 0.000027 0.000027 0.000027 0.000027 0.000027 0.000027 0.000027 0.000027 0.000027 0.000027 0.000027 0.000027 0.000027 0.000027 0.000027 0.000027 0.000027 0.000027 0.000027 0.000027 0.000027 0.000027 0.000027 0.000027 0.000027 0.000027 0.000027 0.000027 0.000027 0.000027 0.000027 0.000027 0.000027 0.000027 0.000027 0.000027 0.000027 0.000027 0.000027 0.000027 0.000027 0.000027 0.000027 0.000027 0.000028 0.000028 0.000028 0.000028 0.000028 0.000028 0.000029 0.000029 0.000029 0.000030 0.000031 0.000031 0.000030 0.000001
0.000000 0.000029 0.000030 0.000029 0.000028 0.000027 0.000027 0.000027 0.000026 0.000026 0.000026 0.000025 0.000025 0.000025 0.000025 0.000025 0.000025 0.000025 0.000025 0.000025 0.000025 0.000025 0.000025 0.000025 0.000025 0.000025 0.000025 0.000025 0.000025 0.000025 0.000025 0.000025 0.000025 0.000025 0.000025 0.000025 0.000025 0.000025 0.000025 0.000025 0.000025 0.000025 0.000025 0.000025 0.000025 0.000025 0.000025 0.000025 0.000025 0.000025 0.000025 0.000025 0.000025 0.000025 0.000025 0.000025 0.000025 0.000025 0.000025 0.000025 0.000025 0.000025 0.000025 0.000025 0.000025 0.000025 0.000025 0.000025 0.000025 0.000025 0.000025 0.000025 0.000025 0.000025 0.000025 0.000025 0.000025 0.000025 0.000025 0.000025 0.000025 0.000025 0.000025 0.000025 0.000025 0.000025 0.000025 0.000025 0.000025 0.000025 0.000025 0.000025 0.000025 0.000025 0.000025 0.000025 0.000025 0.000025 0.000025 0.000025 0.000025 0.000025 0.000025 0.000025 0.000025 0.000025 0.000025 0.000025 0.000025 0.000025 0.000025 0.000025 0.000025 0.000025 0.000025 0.000025 0.000025 0.000025 0.000025 0.000025 0.000025 0.000025 0.000025 0.000025 0.000025 0.000025 0.000025 0.000025 0.000025 0.000025 0.000025 0.000025 0.000025 0.000025 0.000025 0.000025 0.000025 0.000025 0.000025 0.000025 0.000025 0.000025 0.000025 0.000025 0.000025 0.000025 0.000025 0.000025 0.000025 0.000025 0.000025 0.000025 0.000025 0.000025 0.000025 0.000025 0.000025 0.000025 0.000025 0.000025 0.000025 0.000025 0.000025 0.000025 0.000025 0.000025 0.000025 0.000025 0.000025 0.000025 0.000025 0.000025 0.000025 0.000025 0.000025 0.000025 0.000025 0.000025 0.000025 0.000025 0.000025 0.000025 0.000025 0.000025 0.000025 0.000025 0.000025 0.000025 0.000025 0.000025 0.000025 0.000026 0.000026 0.000026 0.000027 0.000027 0.000027 0.000028 0.000029 0.000030 0.000029 0.000000
0.000000 0.000027 0.000028 0.000027 0.000026 0.000025 0.000024 0.000024 0.000024 0.000023 0.000023 0.000023 0.000022 0.000022 0.000022 0.000022 0.000022 0.000022 0.000022 0.000022 0.000022 0.000022 0.000022 0.000022 0.000022 0.000022 0.000022 0.000022 0.000022 0.000022 0.000022 0.000022 0.000022 0.000022 0.000022 0.000022 0.000022 0.000022 0.000022 0.000022 0.000022 0.000022 0.000022 0.000022 0.000022 0.000022 0.000022 0.000022 0.000022 0.000022 0.000022 0.000022 0.000022 0.000022 0.000022 0.000022 0.000022 0.000022 0.000022 0.000022 0.000022 0.000022 0.000022 0.000022 0.000022 0.000022 0.000022 0.000022 0.000022 0.000022 0.000022 0.000022 0.000022 0.000022 0.000022 0.000022 0.000022 0.000022 0.000022 0.000022 0.000022 0.000022 0.000022 0.000022 0.000022 0.000022 0.000022 0.000022 0.000022 0.000022 0.000022 0.000022 0.000022 0.000022 0.000022 0.000022 0.000022 0.000022 0.000022 0.000022 0.000022 0.000022 0.000022 0.000022 0.000022 0.000022 0.000022 0.000022 0.000022 0.000022 0.000022 0.000022 0.000022 0.000022 0.000022 0.000022 0.000022 0.000022 0.000022 0.000022 0.000022 0.000022 0.000022 0.000022 0.000022 0.000022 0.000022 0.000022 0.000022 0.000022 0.000022 0.000022 0.000022 0.000022 0.000022 0.000022 0.000022 0.000022 0.000022 0.000022 0.000022 0.000022 0.000022 0.000022 0.000022 0.000022 0.000022 0.000022 0.000022 0.000022 0.000022 0.000022 0.000022 0.000022 0.000022 0.000022 0.000022 0.000022 0.000022 0.000022 0.000022 0.000022 0.000022 0.000022 0.000022 0.000022 0.000022 0.000022 0.000022 0.000022 0.000022 0.000022 0.000022 0.000022 0.000022 0.000022 0.000022 0.000022 0.000022 0.000022 0.000022 0.000022 0.000022 0.000022 0.000022 0.000022 0.000022 0.000022 0.000022 0.000022 0.000023 0.000023 0.000023 0.000024 0.000024 0.000024 0.000025 0.000026 0.000027 0.000028 0.000027 0.000000
0.000000 0.000025 0.000025 0.000024 0.000023 0.000022 0.000021 0.000021 0.000020 0.000020 0.000019 0.000019 0.000019 0.000019 0.000018 0.000018 0.000018 0.000018 0.000018 0.000018 0.000018 0.000018 0.000018 0.000018 0.000018 0.000018 0.000018 0.000018 0.000018 0.000018 0.000018 0.000018 0.000018 0.000018 0.000018 0.000018 0.000018 0.000018 0.000018 0.000018 0.000018 0.000018 0.000018 0.000018 0.000018 0.000018 0.000018 0.000018 0.000018 0.000018 0.000018 0.000018 0.000018 0.000018 0.000018 0.000018 0.000018 0.000018 0.000018 0.000018 0.000018 0.000018 0.000018 0.000018 0.000018 0.000018 0.000018 0.000018 0.000018 0.000018 0.000018 0.000018 0.000018 0.000018 0.000018 0.000018 0.000018 0.000018 0.000018 0.000018 0.000018 0.000018 0.000018 0.000018 0.000018 0.000018 0.000018 0.000018 0.000018 0.000018 0.000018 0.000018 0.000018 0.000018 0.000018 0.000018 0.000018 0.000018 0.000018 0.000018 0.000018 0.000018 0.000018 0.000018 0.000018 0.000018 0.000018 0.000018 0.000018 0.000018 0.000018 0.000018 0.000018 0.000018 0.000018 0.000018 0.000018 0.000018 0.000018 0.000018 0.000018 0.000018 0.000018 0.000018 0.000018 0.000018 0.000018 0.000018 0.000018 0.000018 0.000018 0.000018 0.000018 0.000018 0.000018 0.000018 0.000018 0.000018 0.000018 0.000018 0.000018 0.000018 0.000018 0.000018 0.000018 0.000018 0.000018 0.000018 0.000018 0.000018 0.000018 0.000018 0.000018 0.000018 0.000018 0.000018 0.000018 0.000018 0.000018 0.000018 0.000018 0.000018 0.000018 0.000018 0.000018 0.000018 0.000018 0.000018 0.000018 0.000018 0.000018 0.000018 0.000018 0.000018 0.000018 0.000018 0.000018 0.000018 0.000018 0.000018 0.000018 0.000018 0.000018 0.000018 0.000018 0.000018 0.000018 0.000018 0.000019 0.000019 0.000019 0.000019 0.000020 0.000020 0.000021 0.000021 0.000022 0.000023 0.000024 0.000025 0.000025 0.000000
0.000000 0.000022 0.000023 0.000021 0.000020 0.000019 0.000018 0.000017 0.000017 0.000016 0.000016 0.000015 0.000015 0.000015 0.000014 0.000014 0.000014 0.000014 0.000014 0.000014 0.000014 0.000014 0.000014 0.000014 0.000014 0.000014 0.000014 0.000014 0.000014 0.000014 0.000014 0.000014 0.000014 0.000014 0.000014 0.000014 0.000014 0.000014 0.000014 0.000014 0.000014 0.000014 0.000014 0.000014 0.000014 0.000014 0.000014 0.000014 0.000014 0.000014 0.000014 0.000014 0.000014 0.000014 0.000014 0.000014 0.000014 0.000014 0.000014 0.000014 0.000014 0.000014 0.000014 0.000014 0.000014 0.000014 0.000014 0.000014 0.000014 0.000014 0.000014 0.000014 0.000014 0.000014 0.000014 0.000014 0.000014 0.000014 0.000014 0.000014 0.000014 0.000014 0.000014 0.000014 0.000014 0.000014 0.000014 0.000014 0.000014 0.000014 0.000014 0.000014 0.000014 0.000014 0.000014 0.000014 0.000014 0.000014 0.000014 0.000014 0.000014 0.000014 0.000014 0.000014 0.000014 0.000014 0.000014 0.000014 0.000014 0.000014 0.000014 0.000014 0.000014 0.000014 0.000014 0.000014 0.000014 0.000014 0.000014 0.000014 0.000014 0.000014 0.000014 0.000014 0.000014 0.000014 0.000014 0.000014 0.000014 0.000014 0.000014 0.000014 0.000014 0.000014 0.000014 0.000014 0.000014 0.000014 0.000014 0.000014 0.000014 0.000014 0.000014 0.000014 0.000014 0.000014 0.000014 0.000014 0.000014 0.000014 0.000014 0.000014 0.000014 0.000014 0.000014 0.000014 0.000014 0.000014 0.000014 0.000014 0.000014 0.000014 0.000014 0.000014 0.000014 0.000014 0.000014 0.000014 0.000014 0.000014 0.000014 0.000014 0.000014 0.000014 0.000014 0.000014 0.000014 0.000014 0.000014 0.000014 0.000014 0.000014 0.000014 0.000014 0.000014 0.000014 0.000014 0.000014 0.000015 0.000015 0.000015 0.000016 0.000016 0.000017 0.000017 0.000018 0.000019 0.000020 0.000021 0.000023 0.000022 0.000000
0.000000 0.000019 0.000019 0.000018 0.000016 0.000015 0.000014 0.000013 0.000013 0.000012 0.000011 0.000011 0.000011 0.000010 0.000010 0.000010 0.000010 0.000010 0.000010 0.000010 0.000010 0.000010 0.000010 0.000010 0.000009 0.000009 0.000009 0.000009 0.000009 0.000009 0.000009 0.000009 0.000009 0.000009 0.000009 0.000009 0.000009 0.000009 0.000009 0.000009 0.000009 0.000009 0.000009 0.000009 0.000009 0.000009 0.000009 0.000009 0.000009 0.000009 0.000009 0.000009 0.000009 0.000009 0.000009 0.000009 0.000009 0.000009 0.000009 0.000009 0.000009 0.000009 0.000009 0.000009 0.000009 0.000009 0.000009 0.000009 0.000009 0.000009 0.000009 0.000009 0.000009 0.000009 0.000009 0.000009 0.000009 0.000009 0.000009 0.000009 0.000009 0.000009 0.000009 0.000009 0.000009 0.000009 0.000009 0.000009 0.000009 0.000009 0.000009 0.000009 0.000009 0.000009 0.000009 0.000009 0.000009 0.000009 0.000009 0.000009 0.000009 0.000009 0.000009 0.000009 0.000009 0.000009 0.000009 0.000009 0.000009 0.000009 0.000009 0.000009 0.000009 0.000009 0.000009 0.000009 0.000009 0.000009 0.000009 0.000009 0.000009 0.000009 0.000009 0.000009 0.000009 0.000009 0.000009 0.000009 0.000009 0.000009 0.000009 0.000009 0.000009 0.000009 0.000009 0.000009 0.000009 0.000009 0.000009 0.000009 0.000009 0.000009 0.000009 0.000009 0.000009 0.000009 0.000009 0.000009 0.000009 0.000009 0.000009 0.000009 0.000009 0.000009 0.000009 0.000009 0.000009 0.000009 0.000009 0.000009 0.000009 0.000009 0.000009 0.000009 0.000009 0.000009 0.000009 0.000009 0.000009 0.000009 0.000009 0.000009 0.000009 0.000009 0.000009 0.000009 0.000009 0.000009 0.000010 0.000010 0.000010 0.000010 0.000010 0.000010 0.000010 0.000010 0.000010 0.000010 0.000010 0.000011 0.000011 0.000011 0.000012 0.000013 0.000013 0.000014 0.000015 0.000016 0.000018 0.000019 0.000019 0.000000
0.000000 0.000017 0.000016 0.000014 0.000012 0.000011 0.000010 0.000009 0.000009 0.000008 0.000008 0.000007 0.000007 0.000007 0.000006 0.000006 0.000006 0.000006 0.000006 0.000006 0.000006 0.000006 0.000006 0.000006 0.000006 0.000006 0.000006 0.000006 0.000006 0.000006 0.000006 0.000006 0.000006 0.000006 0.000006 0.000006 0.000006 0.000006 0.000006 0.000006 0.000006 0.000006 0.000006 0.000006 0.000006 0.000006 0.000006 0.000006 0.000006 0.000006 0.000006 0.000006 0.000006 0.000006 0.000006 0.000006 0.000006 0.000006 0.000006 0.000006 0.000006 0.000006 0.000006 0.000006 0.000006 0.000006 0.000006 0.000006 0.000006 0.000006 0.000006 0.000006 0.000006 0.000006 0.000006 0.000006 0.000006 0.000006 0.000006 0.000006 0.000006 0.000006 0.000006 0.000006 0.000006 0.000006 0.000006 0.000006 0.000006 0.000006 0.000006 0.000006 0.000006 0.000006 0.000006 0.000006 0.000006 0.000006 0.000006 0.000006 0.000006 0.000006 0.000006 0.000006 0.000006 0.000006 0.000006 0.000006 0.000006 0.000006 0.000006 0.000006 0.000006 0.000006 0.000006 0.000006 0.000006 0.000006 0.000006 0.000006 0.000006 0.000006 0.000006 0.000006 0.000006 0.000006 0.000006 0.000006 0.000006 0.000006 0.000006 0.000006 0.000006 0.000006 0.000006 0.000006 0.000006 0.000006 0.000006 0.000006 0.000006 0.000006 0.000006 0.000006 0.000006 0.000006 0.000006 0.000006 0.000006 0.000006 0.000006 0.000006 0.000006 0.000006 0.000006 0.000006 0.000006 0.000006 0.000006 0.000006 0.000006 0.000006 0.000006 0.000006 0.000006 0.000006 0.000006 0.000006 0.000006 0.000006 0.000006 0.000006 0.000006 0.000006 0.000006 0.000006 0.000006 0.000006 0.000006 0.000006 0.000006 0.000006 0.000006 0.000006 0.000006 0.000006 0.000006 0.000006 0.000007 0.000007 0.000007 0.000008 0.000008 0.000009 0.000009 0.000010 0.000011 0.000012 0.000014 0.000016 0.000017 0.000000
0.000000 0.000015 0.000013 0.000011 0.000009 0.000008 0.000008 0.000007 0.000006 0.000006 0.000005 0.000005 0.000005 0.000005 0.000005 0.000005 0.000005 0.000005 0.000005 0.000005 0.000005 0.000005 0.000005 0.000005 0.000005 0.000005 0.000005 0.000005 0.000005 0.000005 0.000005 0.000005 0.000005 0.000005 0.000005 0.000005 0.000005 0.000005 0.000005 0.000005 0.000005 0.000005 0.000005 0.000005 0.000005 0.000005 0.000005 0.000005 0.000005 0.000005 0.000005 0.000005 0.000005 0.000005 0.000005 0.000005 0.000005 0.000005 0.000005 0.000005 0.000005 0.000005 0.000005 0.000005 0.000005 0.000005 0.000005 0.000005 0.000005 0.000005 0.000005 0.000005 0.000005 0.000005 0.000005 0.000005 0.000005 0.000005 0.000005 0.000005 0.000005 0.000005 0.000005 0.000005 0.000005 0.000005 0.000005 0.000005 0.000005 0.000005 0.000005 0.000005 0.000005 0.000005 0.000005 0.000005 0.000005 0.000005 0.000005 0.000005 0.000005 0.000005 0.000005 0.000005 0.000005 0.000005 0.000005 0.000005 0.000005 0.000005 0.000005 0.000005 0.000005 0.000005 0.000005 0.000005 0.000005 0.000005 0.000005 0.000005 0.000005 0.000005 0.000005 0.000005 0.000005 0.000005 0.000005 0.000005 0.000005 0.000005 0.000005 0.000005 0.000005 0.000005 0.000005 0.000005 0.000005 0.000005 0.000005 0.000005 0.000005 0.000005 0.000005 0.000005 0.000005 0.000005 0.000005 0.000005 0.000005 0.000005 0.000005 0.000005 0.000005 0.000005 0.000005 0.000005 0.000005 0.000005 0.000005 0.000005 0.000005 0.000005 0.000005 0.000005 0.000005 0.000005 0.000005 0.000005 0.000005 0.000005 0.000005 0.000005 0.000005 0.000005 0.000005 0.000005 0.000005 0.000005 0.000005 0.000005 0.000005 0.000005 0.000005 0.000005 0.000005 0.000005 0.000005 0.000005 0.000005 0.000005 0.000005 0.000005 0.000006 0.000006 0.000007 0.000008 0.000008 0.000009 0.000011 0.000013 0.000015 0.000000
0.000006 0.000018 0.000015 0.000012 0.000011 0.000011 0.000011 0.000011 0.000010 0.000010 0.000009 0.000009 0.000009 0.000009 0.000009 0.000009 0.000009 0.000009 0.000009 0.000009 0.000009 0.000009 0.000009 0.000009 0.000009 0.000009 0.000009 0.000009 0.000009 0.000009 0.000009 0.000009 0.000009 0.000009 0.000009 0.000009 0.000009 0.000009 0.000009 0.000009 0.000009 0.000009 0.000009 0.000009 0.000009 0.000009 0.000009 0.000009 0.000009 0.000009 0.000009 0.000009 0.000009 0.000009 0.000009 0.000009 0.000009 0.000009 0.000009 0.000009 0.000009 0.000009 0.000009 0.000009 0.000009 0.000009 0.000009 0.000009 0.000009 0.000009 0.000009 0.000009 0.000009 0.000009 0.000009 0.000009 0.000009 0.000009 0.000009 0.000009 0.000009 0.000009 0.000009 0.000009 0.000009 0.000009 0.000009 0.000009 0.000009 0.000009 0.000009 0.000009 0.000009 0.000009 0.000009 0.000009 0.000009 0.000009 0.000009 0.000009 0.000009 0.000009 0.000009 0.000009 0.000009 0.000009 0.000009 0.000009 0.000009 0.000009 0.000009 0.000009 0.000009 0.000009 0.000009 0.000009 0.000009 0.000009 0.000009 0.000009 0.000009 0.000009 0.000009 0.000009 0.000009 0.000009 0.000009 0.000009 0.000009 0.000009 0.000009 0.000009 0.000009 0.000009 0.000009 0.000009 0.000009 0.000009 0.000009 0.000009 0.000009 0.000009 0.000009 0.000009 0.000009 0.000009 0.000009 0.000009 0.000009 0.000009 0.000009 0.000009 0.000009 0.000009 0.000009 0.000009 0.000009 0.000009 0.000009 0.000009 0.000009 0.000009 0.000009 0.000009 0.000009 0.000009 0.000009 0.000009 0.000009 0.000009 0.000009 0.000009 0.000009 0.000009 0.000009 0.000009 0.000009 0.000009 0.000009 0.000009 0.000009 0.000009 0.000009 0.000009 0.000009 0.000009 0.000009 0.000009 0.000009 0.000009 0.000009 0.000009 0.000010 0.000010 0.000011 0.000011 0.000011 0.000011 0.000012 0.000015 0.000018 0.000006
0.000042 0.000042 0.000036 0.000035 0.000038 0.000040 0.000040 0.000040 0.000040 0.000039 0.000039 0.000039 0.000039 0.000039 0.000039 0.000039 0.000038 0.000038 0.000038 0.000038 0.000038 0.000038 0.000038 0.000038 0.000038 0.000038 0.000038 0.000038 0.000038 0.000038 0.000038 0.000038 0.000038 0.000038 0.000038 0.000038 0.000038 0.000038 0.000038 0.000038 0.000038 0.000038 0.000038 0.000038 0.000038 0.000038 0.000038 0.000038 0.000038 0.000038 0.000038 0.000038 0.000038 0.000038 0.000038 0.000038 0.000038 0.000038 0.000038 0.000038 0.000038 0.000038 0.000038 0.000038 0.000038 0.000038 0.000038 0.000038 0.000038 0.000038 0.000038 0.000038 0.000038 0.000038 0.000038 0.000038 0.000038 0.000038 0.000038 0.000038 0.000038 0.000038 0.000038 0.000038 0.000038 0.000038 0.000038 0.000038 0.000038 0.000038 0.000038 0.000038 0.000038 0.000038 0.000038 0.000038 0.000038 0.000038 0.000038 0.000038 0.000038 0.000038 0.000038 0.000038 0.000038 0.000038 0.000038 0.000038 0.000038 0.000038 0.000038 0.000038 0.000038 0.000038 0.000038 0.000038 0.000038 0.000038 0.000038 0.000038 0.000038 0.000038 0.000038 0.000038 0.000038 0.000038 0.000038 0.000038 0.000038 0.000038 0.000038 0.000038 0.000038 0.000038 0.000038 0.000038 0.000038 0.000038 0.000038 0.000038 0.000038 0.000038 0.000038 0.000038 0.000038 0.000038 0.000038 0.000038 0.000038 0.000038 0.000038 0.000038 0.000038 0.000038 0.000038 0.000038 0.000038 0.000038 0.000038 0.000038 0.000038 0.000038 0.000038 0.000038 0.000038 0.000038 0.000038 0.000038 0.000038 0.000038 0.000038 0.000038 0.000038 0.000038 0.000038 0.000038 0.000038 0.000038 0.000038 0.000038 0.000038 0.000038 0.000038 0.000038 0.000038 0.000038 0.000039 0.000039 0.000039 0.000039 0.000039 0.000039 0.000039 0.000040 0.000040 0.000040 0.000040 0.000038 0.000035 0.000036 0.000042 0.000042
0.000149 0.000153 0.000159 0.000169 0.000174 0.000178 0.000179 0.000180 0.000180 0.000180 0.000180 0.000180 0.000180 0.000180 0.000180 0.000180 0.000180 0.000180 0.000180 0.000180 0.000180 0.000180 0.000180 0.000180 0.000180 0.000180 0.000180 0.000180 0.000180 0.000180 0.000180 0.000180 0.000180 0.000180 0.000180 0.000180 0.000180 0.000180 0.000180 0.000180 0.000180 0.000180 0.000180 0.000180 0.000180 0.000180 0.000180 0.000180 0.000180 0.000180 0.000180 0.000180 0.000180 0.000180 0.000180 0.000180 0.000180 0.000180 0.000180 0.000180 0.000180 0.000180 0.000180 0.000180 0.000180 0.000180 0.000180 0.000180 0.000180 0.000180 0.000180 0.000180 0.000180 0.000180 0.000180 0.000180 0.000180 0.000180 0.000180 0.000180 0.000180 0.000180 0.000180 0.000180 0.000180 0.000180 0.000180 0.000180 0.000180 0.000180 0.000180 0.000180 0.000180 0.000180 0.000180 0.000180 0.000180 0.000180 0.000180 0.000180 0.000180 0.000180 0.000180 0.000180 0.000180 0.000180 0.000180 0.000180 0.000180 0.000180 0.000180 0.000180 0.000180 0.000180 0.000180 0.000180 0.000180 0.000180 0.000180 0.000180 0.000180 0.000180 0.000180 0.000180 0.000180 0.000180 0.000180 0.000180 0.000180 0.000180 0.000180 0.000180 0.000180 0.000180 0.000180 0.000180 0.000180 0.000180 0.000180 0.000180 0.000180 0.000180 0.000180 0.000180 0.000180 0.000180 0.000180 0.000180 0.000180 0.000180 0.000180 0.000180 0.000180 0.000180 0.000180 0.000180 0.000180 0.000180 0.000180 0.000180 0.000180 0.000180 0.000180 0.000180 0.000180 0.000180 0.000180 0.000180 0.000180 0.000180 0.000180 0.000180 0.000180 0.000180 0.000180 0.000180 0.000180 0.000180 0.000180 0.000180 0.000180 0.000180 0.000180 0.000180 0.000180 0.000180 0.000180 0.000180 0.000180 0.000180 0.000180 0.000180 0.000180 0.000180 0.000180 0.000179 0.000178 0.000174 0.000169 0.000159 0.000153 0.000149
0.000439 0.000656 0.000673 0.000686 0.000697 0.000703 0.000706 0.000707 0.000708 0.000709 0.000709 0.000710 0.000710 0.000710 0.000711 0.000711 0.000711 0.000711 0.000711 0.000711 0.000711 0.000711 0.000711 0.000711 0.000711 0.000711 0.000711 0.000711 0.000711 0.000711 0.000711 0.000711 0.000711 0.000711 0.000711 0.000711 0.000711 0.000711 0.000711 0.000711 0.000711 0.000711 0.000711 0.000711 0.000711 0.000711 0.000711 0.000711 0.000711 0.000711 0.000711 0.000711 0.000711 0.000711 0.000711 0.000711 0.000711 0.000711 0.000711 0.000711 0.000711 0.000711 0.000711 0.000711 0.000711 0.000711 0.000711 0.000711 0.000711 0.000711 0.000711 0.000711 0.000711 0.000711 0.000711 0.000711 0.000711 0.000711 0.000711 0.000711 0.000711 0.000711 0.000711 0.000711 0.000711 0.000711 0.000711 0.000711 0.000711 0.000711 0.000711 0.000711 0.000711 0.000711 0.000711 0.000711 0.000711 0.000711 0.000711 0.000711 0.000711 0.000711 0.000711 0.000711 0.000711 0.000711 0.000711 0.000711 0.000711 0.000711 0.000711 0.000711 0.000711 0.000711 0.000711 0.000711 0.000711 0.000711 0.000711 0.000711 0.000711 0.000711 0.000711 0.000711 0.000711 0.000711 0.000711 0.000711 0.000711 0.000711 0.000711 0.000711 0.000711 0.000711 0.000711 0.000711 0.000711 0.000711 0.000711 0.000711 0.000711 0.000711 0.000711 0.000711 0.000711 0.000711 0.000711 0.000711 0.000711 0.000711 0.000711 0.000711 0.000711 0.000711 0.000711 0.000711 0.000711 0.000711 0.000711 0.000711 0.000711 0.000711 0.000711 0.000711 0.000711 0.000711 0.000711 0.000711 0.000711 0.000711 0.000711 0.000711 0.000711 0.000711 0.000711 0.000711 0.000711 0.000711 0.000711 0.000711 0.000711 0.000711 0.000711 0.000711 0.000711 0.000711 0.000711 0.000711 0.000710 0.000710 0.000710 0.000709 0.000709 0.000708 0.000707 0.000706 0.000703 0.000697 0.000686 0.000673 0.000656 0.000439
0.002090 0.002022 0.002021 0.002037 0.002051 0.002060 0.002065 0.002068 0.002070 0.002071 0.002072 0.002073 0.002074 0.002075 0.002075 0.002076 0.002076 0.002076 0.002077 0.002077 0.002077 0.002077 0.002077 0.002077 0.002077 0.002077 0.002077 0.002077 0.002077 0.002077 0.002077 0.002077 0.002077 0.002077 0.002077 0.002077 0.002077 0.002077 0.002077 0.002077 0.002077 0.002077 0.002077 0.002077 0.002077 0.002077 0.002077 0.002077 0.002077 0.002077 0.002077 0.002077 0.002077 0.002077 0.002077 0.002077 0.002077 0.002077 0.002077 0.002077 0.002077 0.002077 0.002077 0.002077 0.002077 0.002077 0.002077 0.002077 0.002077 0.002077 0.002077 0.002077 0.002077 0.002077 0.002077 0.002077 0.002077 0.002077 0.002077 0.002077 0.002077 0.002077 0.002077 0.002077 0.002077 0.002077 0.002077 0.002077 0.002077 0.002077 0.002077 0.002077 0.002077 0.002077 0.002077 0.002077 0.002077 0.002077 0.002077 0.002077 0.002077 0.002077 0.002077 0.002077 0.002077 0.002077 0.002077 0.002077 0.002077 0.002077 0.002077 0.002077 0.002077 0.002077 0.002077 0.002077 0.002077 0.002077 0.002077 0.002077 0.002077 0.002077 0.002077 0.002077 0.002077 0.002077 0.002077 0.002077 0.002077 0.002077 0.002077 0.002077 0.002077 0.002077 0.002077 0.002077 0.002077 0.002077 0.002077 0.002077 0.002077 0.002077 0.002077 0.002077 0.002077 0.002077 0.002077 0.002077 0.002077 0.002077 0.002077 0.002077 0.002077 0.002077 0.002077 0.002077 0.002077 0.002077 0.002077 0.002077 0.002077 0.002077 0.002077 0.002077 0.002077 0.002077 0.002077 0.002077 0.002077 0.002077 0.002077 0.002077 0.002077 0.002077 0.002077 0.002077 0.002077 0.002077 0.002077 0.002077 0.002077 0.002077 0.002077 0.002077 0.002076 0.002076 0.002076 0.002075 0.002075 0.002074 0.002073 0.002072 0.002071 0.002070 0.002068 0.002065 0.002060 0.002051 0.002037 0.002021 0.002022 0.002090
0.003920 0.003995 0.003998 0.004016 0.004037 0.004050 0.004058 0.004063 0.004066 0.004069 0.004071 0.004073 0.004074 0.004075 0.004076 0.004077 0.004078 0.004078 0.004079 0.004079 0.004079 0.004079 0.004079 0.004079 0.004079 0.004079 0.004079 0.004079 0.004079 0.004079 0.004079 0.004079 0.004079 0.004079 0.004079 0.004079 0.004079 0.004079 0.004079 0.004079 0.004079 0.004079 0.004079 0.004079 0.004079 0.004079 0.004079 0.004079 0.004079 0.004079 0.004079 0.004079 0.004079 0.004079 0.004079 0.004079 0.004079 0.004079 0.004079 0.004079 0.004079 0.004079 0.004079 0.004079 0.004079 0.004079 0.004079 0.004079 0.004079 0.004079 0.004079 0.004079 0.004079 0.004079 0.004079 0.004079 0.004079 0.004079 0.004079 0.004079 0.004079 0.004079 0.004079 0.004079 0.004079 0.004079 0.004079 0.004079 0.004079 0.004079 0.004079 0.004079 0.004079 0.004079 0.004079 0.004079 0.004079 0.004079 0.004079 0.004079 0.004079 0.004079 0.004079 0.004079 0.004079 0.004079 0.004079 0.004079 0.004079 0.004079 0.004079 0.004079 0.004079 0.004079 0.004079 0.004079 0.004079 0.004079 0.004079 0.004079 0.004079 0.004079 0.004079 0.004079 0.004079 0.004079 0.004079 0.004079 0.004079 0.004079 0.004079 0.004079 0.004079 0.004079 0.004079 0.004079 0.004079 0.004079 0.004079 0.004079 0.004079 0.004079 0.004079 0.004079 0.004079 0.004079 0.004079 0.004079 0.004079 0.004079 0.004079 0.004079 0.004079 0.004079 0.004079 0.004079 0.004079 0.004079 0.004079 0.004079 0.004079 0.004079 0.004079 0.004079 0.004079 0.004079 0.004079 0.004079 0.004079 0.004079 0.004079 0.004079 0.004079 0.004079 0.004079 0.004079 0.004079 0.004079 0.004079 0.004079 0.004079 0.004079 0.004079 0.004079 0.004078 0.004078 0.004077 0.004076 0.004075 0.004074 0.004073 0.004071 0.004069 0.004066 0.004063 0.004058 0.004050 0.004037 0.004016 0.003998 0.003995 0.003920
0.006857 0.007003 0.007024 0.007057 0.007084 0.007102 0.007113 0.007120 0.007125 0.007130 0.007133 0.007136 0.007139 0.007141 0.007143 0.007144 0.007145 0.007146 0.007146 0.007147 0.007147 0.007147 0.007147 0.007147 0.007147 0.007147 0.007147 0.007147 0.007147 0.007147 0.007147 0.007147 0.007147 0.007147 0.007147 0.007147 0.007147 0.007147 0.007147 0.007147 0.007147 0.007147 0.007147 0.007147 0.007147 0.007147 0.007147 0.007147 0.007147 0.007147 0.007147 0.007147 0.007147 0.007147 0.007147 0.007147 0.007147 0.007147 0.007147 0.007147 0.007147 0.007147 0.007147 0.007147 0.007147 0.007147 0.007147 0.007147 0.007147 0.007147 0.007147 0.007147 0.007147 0.007147 0.007147 0.007147 0.007147 0.007147 0.007147 0.007147 0.007147 0.007147 0.007147 0.007147 0.007147 0.007147 0.007147 0.007147 0.007147 0.007147 0.007147 0.007147 0.007147 0.007147 0.007147 0.007147 0.007147 0.007147 0.007147 0.007147 0.007147 0.007147 0.007147 0.007147 0.007147 0.007147 0.007147 0.007147 0.007147 0.007147 0.007147 0.007147 0.007147 0.007147 0.007147 0.007147 0.007147 0.007147 0.007147 0.007147 0.007147 0.007147 0.007147 0.007147 0.007147 0.007147 0.007147 0.007147 0.007147 0.007147 0.007147 0.007147 0.007147 0.007147 0.007147 0.007147 0.007147 0.007147 0.007147 0.007147 0.007147 0.007147 0.007147 0.007147 0.007147 0.007147 0.007147 0.007147 0.007147 0.007147 0.007147 0.007147 0.007147 0.007147 0.007147 0.007147 0.007147 0.007147 0.007147 0.007147 0.007147 0.007147 0.007147 0.007147 0.007147 0.007147 0.007147 0.007147 0.007147 0.007147 0.007147 0.007147 0.007147 0.007147 0.007147 0.007147 0.007147 0.007147 0.007147 0.007147 0.007147 0.007147 0.007147 0.007146 0.007146 0.007145 0.007144 0.007143 0.007141 0.007139 0.007136 0.007133 0.007130 0.007125 0.007120 0.007113 0.007102 0.007084 0.007057 0.007024 0.007003 0.006857
0.011493 0.011731 0.011769 0.011812 0.011849 0.011871 0.011885 0.011895 0.011903 0.011909 0.011915 0.011920 0.011924 0.011928 0.011930 0.011932 0.011934 0.011935 0.011936 0.011936 0.011937 0.011937 0.011937 0.011937 0.011937 0.011937 0.011937 0.011937 0.011937 0.011937 0.011937 0.011937 0.011937 0.011937 0.011937 0.011937 0.011937 0.011937 0.011937 0.011937 0.011937 0.011937 0.011937 0.011937 0.011937 0.011937 0.011937 0.011937 0.011937 0.011937 0.011937 0.011937 0.011937 0.011937 0.011937 0.011937 0.011937 0.011937 0.011937 0.011937 0.011937 0.011937 0.011937 0.011937 0.011937 0.011937 0.011937 0.011937 0.011937 0.011937 0.011937 0.011937 0.011937 0.011937 0.011937 0.011937 0.011937 0.011937 0.011937 0.011937 0.011937 0.011937 0.011937 0.011937 0.011937 0.011937 0.011937 0.011937 0.011937 0.011937 0.011937 0.011937 0.011937 0.011937 0.011937 0.011937 0.011937 0.011937 0.011937 0.011937 0.011937 0.011937 0.011937 0.011937 0.011937 0.011937 0.011937 0.011937 0.011937 0.011937 0.011937 0.011937 0.011937 0.011937 0.011937 0.011937 0.011937 0.011937 0.011937 0.011937 0.011937 0.011937 0.011937 0.011937 0.011937 0.011937 0.011937 0.011937 0.011937 0.011937 0.011937 0.011937 0.011937 0.011937 0.011937 0.011937 0.011937 0.011937 0.011937 0.011937 0.011937 0.011937 0.011937 0.011937 0.011937 0.011937 0.011937 0.011937 0.011937 0.011937 0.011937 0.011937 0.011937 0.011937 0.011937 0.011937 0.011937 0.011937 0.011937 0.011937 0.011937 0.011937 0.011937 0.011937 0.011937 0.011937 0.011937 0.011937 0.011937 0.011937 0.011937 0.011937 0.011937 0.011937 0.011937 0.011937 0.011937 0.011937 0.011937 0.011937 0.011937 0.011937 0.011936 0.011936 0.011935 0.011934 0.011932 0.011930 0.011928 0.011924 0.011920 0.011915 0.011909 0.011903 0.011895 0.011885 0.011871 0.011849 0.011812 0.011769 0.011731 0.011493
0.018571 0.018955 0.019017 0.019065 0.019106 0.019132 0.019149 0.019162 0.019173 0.019184 0.019193 0.019201 0.019207 0.019213 0.019217 0.019220 0.019222 0.019223 0.019224 0.019225 0.019226 0.019226 0.019226 0.019226 0.019227 0.019227 0.019227 0.019227 0.019227 0.019227 0.019227 0.019227 0.019227 0.019227 0.019227 0.019227 0.019227 0.019227 0.019227 0.019227 0.019227 0.019227 0.019227 0.019227 0.019227 0.019227 0.019227 0.019227 0.019227 0.019227 0.019227 0.019227 0.019227 0.019227 0.019227 0.019227 0.019227 0.019227 0.019227 0.019227 0.019227 0.019227 0.019227 0.019227 0.019227 0.019227 0.019227 0.019227 0.019227 0.019227 0.019227 0.019227 0.019227 0.019227 0.019227 0.019227 0.019227 0.019227 0.019227 0.019227 0.019227 0.019227 0.019227 0.019227 0.019227 0.019227 0.019227 0.019227 0.019227 0.019227 0.019227 0.019227 0.019227 0.019227 0.019227 0.019227 0.019227 0.019227 0.019227 0.019227 0.019227 0.019227 0.019227 0.019227 0.019227 0.019227 0.019227 0.019227 0.019227 0.019227 0.019227 0.019227 0.019227 0.019227 0.019227 0.019227 0.019227 0.019227 0.019227 0.019227 0.019227 0.019227 0.019227 0.019227 0.019227 0.019227 0.019227 0.019227 0.019227 0.019227 0.019227 0.019227 0.019227 0.019227 0.019227 0.019227 0.019227 0.019227 0.019227 0.019227 0.019227 0.019227 0.019227 0.019227 0.019227 0.019227 0.019227 0.019227 0.019227 0.019227 0.019227 0.019227 0.019227 0.019227 0.019227 0.019227 0.019227 0.019227 0.019227 0.019227 0.019227 0.019227 0.019227 0.019227 0.019227 0.019227 0.019227 0.019227 0.019227 0.019227 0.019227 0.019227 0.019227 0.019227 0.019227 0.019227 0.019227 0.019227 0.019226 0.019226 0.019226 0.019226 0.019225 0.019224 0.019223 0.019222 0.019220 0.019217 0.019213 0.019207 0.019201 0.019193 0.019184 0.019173 0.019162 0.019149 0.019132 0.019106 0.019065 0.019017 0.018955 0.018571
0.028991 0.029600 0.029699 0.029741 0.029777 0.029803 0.029823 0.029841 0.029859 0.029876 0.029891 0.029903 0.029913 0.029921 0.029926 0.029931 0.029934 0.029936 0.029938 0.029939 0.029939 0.029940 0.029940 0.029940 0.029940 0.029941 0.029941 0.029941 0.029941 0.029941 0.029941 0.029941 0.029941 0.029941 0.029941 0.029941 0.029941 0.029941 0.029941 0.029941 0.029941 0.029941 0.029941 0.029941 0.029941 0.029941 0.029941 0.029941 0.029941 0.029941 0.029941 0.029941 0.029941 0.029941 0.029941 0.029941 0.029941 0.029941 0.029941 0.029941 0.029941 0.029941 0.029941 0.029941 0.029941 0.029941 0.029941 0.029941 0.029941 0.029941 0.029941 0.029941 0.029941 0.029941 0.029941 0.029941 0.029941 0.029941 0.029941 0.029941 0.029941 0.029941 0.029941 0.029941 0.029941 0.029941 0.029941 0.029941 0.029941 0.029941 0.029941 0.029941 0.029941 0.029941 0.029941 0.029941 0.029941 0.029941 0.029941 0.029941 0.029941 0.029941 0.029941 0.029941 0.029941 0.029941 0.029941 0.029941 0.029941 0.029941 0.029941 0.029941 0.029941 0.029941 0.029941 0.029941 0.029941 0.029941 0.029941 0.029941 0.029941 0.029941 0.029941 0.029941 0.029941 0.029941 0.029941 0.029941 0.029941 0.029941 0.029941 0.029941 0.029941 0.029941 0.029941 0.029941 0.029941 0.029941 0.029941 0.029941 0.029941 0.029941 0.029941 0.029941 0.029941 0.029941 0.029941 0.029941 0.029941 0.029941 0.029941 0.029941 0.029941 0.029941 0.029941 0.029941 0.029941 0.029941 0.029941 0.029941 0.029941 0.029941 0.029941 0.029941 0.029941 0.029941 0.029941 0.029941 0.029941 0.029941 0.029941 0.029941 0.029941 0.029941 0.029941 0.029941 0.029941 0.029940 0.029940 0.029940 0.029940 0.029939 0.029939 0.029938 0.029936 0.029934 0.029931 0.029926 0.029921 0.029913 0.029903 0.029891 0.029876 0.029859 0.029841 0.029823 0.029803 0.029777 0.029741 0.029699 0.029600 0.028991
0.043792 0.044733 0.044890 0.044911 0.044928 0.044950 0.044975 0.045003 0.045032 0.045059 0.045082 0.045101 0.045115 0.045127 0.045135 0.045141 0.045145 0.045148 0.045151 0.045152 0.045153 0.045154 0.045154 0.045154 0.045154 0.045154 0.045155 0.045155 0.045155 0.045155 0.045155 0.045155 0.045155 0.045155 0.045155 0.045155 0.045155 0.045155 0.045155 0.045155 0.045155 0.045155 0.045155 0.045155 0.045155 0.045155 0.045155 0.045155 0.045155 0.045155 0.045155 0.045155 0.045155 0.045155 0.045155 0.045155 0.045155 0.045155 0.045155 0.045155 0.045155 0.045155 0.045155 0.045155 0.045155 0.045155 0.045155 0.045155 0.045155 0.045155 0.045155 0.045155 0.045155 0.045155 0.045155 0.045155 0.045155 0.045155 0.045155 0.045155 0.045155 0.045155 0.045155 0.045155 0.045155 0.045155 0.045155 0.045155 0.045155 0.045155 0.045155 0.045155 0.045155 0.045155 0.045155 0.045155 0.045155 0.045155 0.045155 0.045155 0.045155 0.045155 0.045155 0.045155 0.045155 0.045155 0.045155 0.045155 0.045155 0.045155 0.045155 0.045155 0.045155 0.045155 0.045155 0.045155 0.045155 0.045155 0.045155 0.045155 0.045155 0.045155 0.045155 0.045155 0.045155 0.045155 0.045155 0.045155 0.045155 0.045155 0.045155 0.045155 0.045155 0.045155 0.045155 0.045155 0.045155 0.045155 0.045155 0.045155 0.045155 0.045155 0.045155 0.045155 0.045155 0.045155 0.045155 0.045155 0.045155 0.045155 0.045155 0.045155 0.045155 0.045155 0.045155 0.045155 0.045155 0.045155 0.045155 0.045155 0.045155 0.045155 0.045155 0.045155 0.045155 0.045155 0.045155 0.045155 0.045155 0.045155 0.045155 0.045155 0.045155 0.045155 0.045155 0.045155 0.045154 0.045154 0.045154 0.045154 0.045154 0.045153 0.045152 0.045151 0.045148 0.045145 0.045141 0.045135 0.045127 0.045115 0.045101 0.045082 0.045059 0.045032 0.045003 0.044975 0.044950 0.044928 0.044911 0.044890 0.044733 0.043792
0.064115 0.065534 0.065787 0.065765 0.065747 0.065761 0.065798 0.065845 0.065892 0.065935 0.065971 0.065999 0.066021 0.066037 0.066048 0.066057 0.066063 0.066067 0.066070 0.066071 0.066073 0.066074 0.066074 0.066074 0.066075 0.066075 0.066075 0.066075 0.066075 0.066075 0.066075 0.066075 0.066075 0.066075 0.066075 0.066075 0.066075 0.066075 0.066075 0.066075 0.066075 0.066075 0.066075 0.066075 0.066075 0.066075 0.066075 0.066075 0.066075 0.066075 0.066075 0.066075 0.066075 0.066075 0.066075 0.066075 0.066075 0.066075 0.066075 0.066075 0.066075 0.066075 0.066075 0.066075 0.066075 0.066075 0.066075 0.066075 0.066075 0.066075 0.066075 0.066075 0.066075 0.066075 0.066075 0.066075 0.066075 0.066075 0.066075 0.066075 0.066075 0.066075 0.066075 0.066075 0.066075 0.066075 0.066075 0.066075 0.066075 0.066075 0.066075 0.066075 0.066075 0.066075 0.066075 0.066075 0.066075 0.066075 0.066075 0.066075 0.066075 0.066075 0.066075 0.066075 0.066075 0.066075 0.066075 0.066075 0.066075 0.066075 0.066075 0.066075 0.066075 0.066075 0.066075 0.066075 0.066075 0.066075 0.066075 0.066075 0.066075 0.066075 0.066075 0.066075 0.066075 0.066075 0.066075 0.066075 0.066075 0.066075 0.066075 0.066075 0.066075 0.066075 0.066075 0.066075 0.066075 0.066075 0.066075 0.066075 0.066075 0.066075 0.066075 0.066075 0.066075 0.066075 0.066075 0.066075 0.066075 0.066075 0.066075 0.066075 0.066075 0.066075 0.066075 0.066075 0.066075 0.066075 0.066075 0.066075 0.066075 0.066075 0.066075 0.066075 0.066075 0.066075 0.066075 0.066075 0.066075 0.066075 0.066075 0.066075 0.066075 0.066075 0.066075 0.066075 0.066075 0.066075 0.066074 0.066074 0.066074 0.066073 0.066071 0.066070 0.066067 0.066063 0.066057 0.066048 0.066037 0.066021 0.065999 0.065971 0.065935 0.065892 0.065845 0.065798 0.065761 0.065747 0.065765 0.065787 0.065534 0.064115
0.091164 0.093247 0.093662 0.093582 0.093514 0.093527 0.093591 0.093671 0.093750 0.093818 0.093872 0.093914 0.093945 0.093967 0.093984 0.093995 0.094003 0.094008 0.094012 0.094014 0.094016 0.094017 0.094018 0.094018 0.094018 0.094018 0.094019 0.094019 0.094019 0.094019 0.094019 0.094019 0.094019 0.094019 0.094019 0.094019 0.094019 0.094019 0.094019 0.094019 0.094019 0.094019 0.094019 0.094019 0.094019 0.094019 0.094019 0.094019 0.094019 0.094019 0.094019 0.094019 0.094019 0.094019 0.094019 0.094019 0.094019 0.094019 0.094019 0.094019 0.094019 0.094019 0.094019 0.094019 0.094019 0.094019 0.094019 0.094019 0.094019 0.094019 0.094019 0.094019 0.094019 0.094019 0.094019 0.094019 0.094019 0.094019 0.094019 0.094019 0.094019 0.094019 0.094019 0.094019 0.094019 0.094019 0.094019 0.094019 0.094019 0.094019 0.094019 0.094019 0.094019 0.094019 0.094019 0.094019 0.094019 0.094019 0.094019 0.094019 0.094019 0.094019 0.094019 0.094019 0.094019 0.094019 0.094019 0.094019 0.094019 0.094019 0.094019 0.094019 0.094019 0.094019 0.094019 0.094019 0.094019 0.094019 0.094019 0.094019 0.094019 0.094019 0.094019 0.094019 0.094019 0.094019 0.094019 0.094019 0.094019 0.094019 0.094019 0.094019 0.094019 0.094019 0.094019 0.094019 0.094019 0.094019 0.094019 0.094019 0.094019 0.094019 0.094019 0.094019 0.094019 0.094019 0.094019 0.094019 0.094019 0.094019 0.094019 0.094019 0.094019 0.094019 0.094019 0.094019 0.094019 0.094019 0.094019 0.094019 0.094019 0.094019 0.094019 0.094019 0.094019 0.094019 0.094019 0.094019 0.094019 0.094019 0.094019 0.094019 0.094019 0.094019 0.094019 0.094019 0.094018 0.094018 0.094018 0.094018 0.094017 0.094016 0.094014 0.094012 0.094008 0.094003 0.093995 0.093984 0.093967 0.093945 0.093914 0.093872 0.093818 0.093750 0.093671 0.093591 0.093527 0.093514 0.093582 0.093662 0.093247 0.091164
0.126170 0.129147 0.129844 0.129716 0.129604 0.129640 0.129760 0.129902 0.130031 0.130136 0.130217 0.130276 0.130320 0.130350 0.130372 0.130387 0.130397 0.130404 0.130409 0.130412 0.130414 0.130416 0.130416 0.130417 0.130417 0.130418 0.130418 0.130418 0.130418 0.130418 0.130418 0.130418 0.130418 0.130418 0.130418 0.130418 0.130418 0.130418 0.130418 0.130418 0.130418 0.130418 0.130418 0.130418 0.130418 0.130418 0.130418 0.130418 0.130418 0.130418 0.130418 0.130418 0.130418 0.130418 0.130418 0.130418 0.130418 0.130418 0.130418 0.130418 0.130418 0.130418 0.130418 0.130418 0.130418 0.130418 0.130418 0.130418 0.130418 0.130418 0.130418 0.130418 0.130418 0.130418 0.130418 0.130418 0.130418 0.130418 0.130418 0.130418 0.130418 0.130418 0.130418 0.130418 0.130418 0.130418 0.130418 0.130418 0.130418 0.130418 0.130418 0.130418 0.130418 0.130418 0.130418 0.130418 0.130418 0.130418 0.130418 0.130418 0.130418 0.130418 0.130418 0.130418 0.130418 0.130418 0.130418 0.130418 0.130418 0.130418 0.130418 0.130418 0.130418 0.130418 0.130418 0.130418 0.130418 0.130418 0.130418 0.130418 0.130418 0.130418 0.130418 0.130418 0.130418 0.130418 0.130418 0.130418 0.130418 0.130418 0.130418 0.130418 0.130418 0.130418 0.130418 0.130418 0.130418 0.130418 0.130418 0.130418 0.130418 0.130418 0.130418 0.130418 0.130418 0.130418 0.130418 0.130418 0.130418 0.130418 0.130418 0.130418 0.130418 0.130418 0.130418 0.130418 0.130418 0.130418 0.130418 0.130418 0.130418 0.130418 0.130418 0.130418 0.130418 0.130418 0.130418 0.130418 0.130418 0.130418 0.130418 0.130418 0.130418 0.130418 0.130418 0.130418 0.130418 0.130417 0.130417 0.130416 0.130416 0.130414 0.130412 0.130409 0.130404 0.130397 0.130387 0.130372 0.130350 0.130320 0.130276 0.130217 0.130136 0.130031 0.129902 0.129760 0.129640 0.129604 0.129716 0.129844 0.129147 0.126170
0.170376 0.174525 0.175713 0.175625 0.175526 0.175642 0.175874 0.176116 0.176321 0.176478 0.176594 0.176677 0.176736 0.176778 0.176806 0.176826 0.176839 0.176848 0.176854 0.176858 0.176861 0.176862 0.176863 0.176864 0.176864 0.176864 0.176865 0.176865 0.176865 0.176865 0.176865 0.176865 0.176865 0.176865 0.176865 0.176865 0.176865 0.176865 0.176865 0.176865 0.176865 0.176865 0.176865 0.176865 0.176865 0.176865 0.176865 0.176865 0.176865 0.176865 0.176865 0.176865 0.176865 0.176865 0.176865 0.176865 0.176865 0.176865 0.176865 0.176865 0.176865 0.176865 0.176865 0.176865 0.176865 0.176865 0.176865 0.176865 0.176865 0.176865 0.176865 0.176865 0.176865 0.176865 0.176865 0.176865 0.176865 0.176865 0.176865 0.176865 0.176865 0.176865 0.176865 0.176865 0.176865 0.176865 0.176865 0.176865 0.176865 0.176865 0.176865 0.176865 0.176865 0.176865 0.176865 0.176865 0.176865 0.176865 0.176865 0.176865 0.176865 0.176865 0.176865 0.176865 0.176865 0.176865 0.176865 0.176865 0.176865 0.176865 0.176865 0.176865 0.176865 0.176865 0.176865 0.176865 0.176865 0.176865 0.176865 0.176865 0.176865 0.176865 0.176865 0.176865 0.176865 0.176865 0.176865 0.176865 0.176865 0.176865 0.176865 0.176865 0.176865 0.176865 0.176865 0.176865 0.176865 0.176865 0.176865 0.176865 0.176865 0.176865 0.176865 0.176865 0.176865 0.176865 0.176865 0.176865 0.176865 0.176865 0.176865 0.176865 0.176865 0.176865 0.176865 0.176865 0.176865 0.176865 0.176865 0.176865 0.176865 0.176865 0.176865 0.176865 0.176865 0.176865 0.176865 0.176865 0.176865 0.176865 0.176865 0.176865 0.176865 0.176865 0.176865 0.176865 0.176864 0.176864 0.176864 0.176863 0.176862 0.176861 0.176858 0.176854 0.176848 0.176839 0.176826 0.176806 0.176778 0.176736 0.176677 0.176594 0.176478 0.176321 0.176116 0.175874 0.175642 0.175526 0.175625 0.175713 0.174525 0.170376
0.225030 0.230685 0.232711 0.232901 0.232977 0.233295 0.233721 0.234115 0.234425 0.234652 0.234814 0.234927 0.235005 0.235059 0.235096 0.235120 0.235137 0.235148 0.235156 0.235160 0.235164 0.235166 0.235167 0.235168 0.235168 0.235168 0.235168 0.235169 0.235169 0.235169 0.235169 0.235169 0.235169 0.235169 0.235169 0.235169 0.235169 0.235169 0.235169 0.235169 0.235169 0.235169 0.235169 0.235169 0.235169 0.235169 0.235169 0.235169 0.235169 0.235169 0.235169 0.235169 0.235169 0.235169 0.235169 0.235169 0.235169 0.235169 0.235169 0.235169 0.235169 0.235169 0.235169 0.235169 0.235169 0.235169 0.235169 0.235169 0.235169 0.235169 0.235169 0.235169 0.235169 0.235169 0.235169 0.235169 0.235169 0.235169 0.235169 0.235169 0.235169 0.235169 0.235169 0.235169 0.235169 0.235169 0.235169 0.235169 0.235169 0.235169 0.235169 0.235169 0.235169 0.235169 0.235169 0.235169 0.235169 0.235169 0.235169 0.235169 0.235169 0.235169 0.235169 0.235169 0.235169 0.235169 0.235169 0.235169 0.235169 0.235169 0.235169 0.235169 0.235169 0.235169 0.235169 0.235169 0.235169 0.235169 0.235169 0.235169 0.235169 0.235169 0.235169 0.235169 0.235169 0.235169 0.235169 0.235169 0.235169 0.235169 0.235169 0.235169 0.235169 0.235169 0.235169 0.235169 0.235169 0.235169 0.235169 0.235169 0.235169 0.235169 0.235169 0.235169 0.235169 0.235169 0.235169 0.235169 0.235169 0.235169 0.235169 0.235169 0.235169 0.235169 0.235169 0.235169 0.235169 0.235169 0.235169 0.235169 0.235169 0.235169 0.235169 0.235169 0.235169 0.235169 0.235169 0.235169 0.235169 0.235169 0.235169 0.235169 0.235169 0.235169 0.235169 0.235168 0.235168 0.235168 0.235168 0.235167 0.235166 0.235164 0.235160 0.235156 0.235148 0.235137 0.235120 0.235096 0.235059 0.235005 0.234927 0.234814 0.234652 0.234425 0.234115 0.233721 0.233295 0.232977 0.232901 0.232711 0.230685 0.225030
0.291348 0.298827 0.302182 0.303123 0.303711 0.304429 0.305155 0.305757 0.306202 0.306516 0.306732 0.306879 0.306980 0.307048 0.307094 0.307125 0.307145 0.307159 0.307168 0.307173 0.307177 0.307179 0.307181 0.307182 0.307182 0.307183 0.307183 0.307183 0.307183 0.307183 0.307183 0.307183 0.307183 0.307183 0.307183 0.307183 0.307183 0.307183 0.307183 0.307183 0.307183 0.307183 0.307183 0.307183 0.307183 0.307183 0.307183 0.307183 0.307183 0.307183 0.307183 0.307183 0.307183 0.307183 0.307183 0.307183 0.307183 0.307183 0.307183 0.307183 0.307183 0.307183 0.307183 0.307183 0.307183 0.307183 0.307183 0.307183 0.307183 0.307183 0.307183 0.307183 0.307183 0.307183 0.307183 0.307183 0.307183 0.307183 0.307183 0.307183 0.307183 0.307183 0.307183 0.307183 0.307183 0.307183 0.307183 0.307183 0.307183 0.307183 0.307183 0.307183 0.307183 0.307183 0.307183 0.307183 0.307183 0.307183 0.307183 0.307183 0.307183 0.307183 0.307183 0.307183 0.307183 0.307183 0.307183 0.307183 0.307183 0.307183 0.307183 0.307183 0.307183 0.307183 0.307183 0.307183 0.307183 0.307183 0.307183 0.307183 0.307183 0.307183 0.307183 0.307183 0.307183 0.307183 0.307183 0.307183 0.307183 0.307183 0.307183 0.307183 0.307183 0.307183 0.307183 0.307183 0.307183 0.307183 0.307183 0.307183 0.307183 0.307183 0.307183 0.307183 0.307183 0.307183 0.307183 0.307183 0.307183 0.307183 0.307183 0.307183 0.307183 0.307183 0.307183 0.307183 0.307183 0.307183 0.307183 0.307183 0.307183 0.307183 0.307183 0.307183 0.307183 0.307183 0.307183 0.307183 0.307183 0.307183 0.307183 0.307183 0.307183 0.307183 0.307183 0.307183 0.307183 0.307182 0.307182 0.307181 0.307179 0.307177 0.307173 0.307168 0.307159 0.307145 0.307125 0.307094 0.307048 0.306980 0.306879 0.306732 0.306516 0.306202 0.305757 0.305155 0.304429 0.303711 0.303123 0.302182 0.298827 0.291348
0.370248 0.379490 0.384631 0.386999 0.388588 0.389958 0.391091 0.391942 0.392541 0.392948 0.393223 0.393407 0.393531 0.393614 0.393669 0.393706 0.393730 0.393746 0.393756 0.393763 0.393767 0.393769 0.393771 0.393772 0.393773 0.393773 0.393773 0.393774 0.393774 0.393774 0.393774 0.393774 0.393774 0.393774 0.393774 0.393774 0.393774 0.393774 0.393774 0.393774 0.393774 0.393774 0.393774 0.393774 0.393774 0.393774 0.393774 0.393774 0.393774 0.393774 0.393774 0.393774 0.393774 0.393774 0.393774 0.393774 0.393774 0.393774 0.393774 0.393774 0.393774 0.393774 0.393774 0.393774 0.393774 0.393774 0.393774 0.393774 0.393774 0.393774 0.393774 0.393774 0.393774 0.393774 0.393774 0.393774 0.393774 0.393774 0.393774 0.393774 0.393774 0.393774 0.393774 0.393774 0.393774 0.393774 0.393774 0.393774 0.393774 0.393774 0.393774 0.393774 0.393774 0.393774 0.393774 0.393774 0.393774 0.393774 0.393774 0.393774 0.393774 0.393774 0.393774 0.393774 0.393774 0.393774 0.393774 0.393774 0.393774 0.393774 0.393774 0.393774 0.393774 0.393774 0.393774 0.393774 0.393774 0.393774 0.393774 0.393774 0.393774 0.393774 0.393774 0.393774 0.393774 0.393774 0.393774 0.393774 0.393774 0.393774 0.393774 0.393774 0.393774 0.393774 0.393774 0.393774 0.393774 0.393774 0.393774 0.393774 0.393774 0.393774 0.393774 0.393774 0.393774 0.393774 0.393774 0.393774 0.393774 0.393774 0.393774 0.393774 0.393774 0.393774 0.393774 0.393774 0.393774 0.393774 0.393774 0.393774 0.393774 0.393774 0.393774 0.393774 0.393774 0.393774 0.393774 0.393774 0.393774 0.393774 0.393774 0.393774 0.393774 0.393774 0.393774 0.393773 0.393773 0.393773 0.393772 0.393771 0.393769 0.393767 0.393763 0.393756 0.393746 0.393730 0.393706 0.393669 0.393614 0.393531 0.393407 0.393223 0.392948 0.392541 0.391942 0.391091 0.389958 0.388588 0.386999 0.384631 0.379490 0.370248
0.461374 0.471119 0.477981 0.482292 0.485300 0.487502 0.489085 0.490181 0.490918 0.491408 0.491733 0.491949 0.492092 0.492187 0.492250 0.492291 0.492318 0.492336 0.492347 0.492354 0.492359 0.492362 0.492364 0.492365 0.492366 0.492366 0.492366 0.492366 0.492366 0.492366 0.492366 0.492366 0.492366 0.492366 0.492366 0.492366 0.492366 0.492366 0.492366 0.492366 0.492366 0.492366 0.492366 0.492366 0.492366 0.492366 0.492366 0.492366 0.492366 0.492366 0.492366 0.492366 0.492366 0.492366 0.492366 0.492366 0.492366 0.492366 0.492366 0.492366 0.492366 0.492366 0.492366 0.492366 0.492366 0.492366 0.492366 0.492366 0.492366 0.492366 0.492366 0.492366 0.492366 0.492366 0.492366 0.492366 0.492366 0.492366 0.492366 0.492366 0.492366 0.492366 0.492366 0.492366 0.492366 0.492366 0.492366 0.492366 0.492366 0.492366 0.492366 0.492366 0.492366 0.492366 0.492366 0.492366 0.492366 0.492366 0.492366 0.492366 0.492366 0.492366 0.492366 0.492366 0.492366 0.492366 0.492366 0.492366 0.492366 0.492366 0.492366 0.492366 0.492366 0.492366 0.492366 0.492366 0.492366 0.492366 0.492366 0.492366 0.492366 0.492366 0.492366 0.492366 0.492366 0.492366 0.492366 0.492366 0.492366 0.492366 0.492366 0.492366 0.492366 0.492366 0.492366 0.492366 0.492366 0.492366 0.492366 0.492366 0.492366 0.492366 0.492366 0.492366 0.492366 0.492366 0.492366 0.492366 0.492366 0.492366 0.492366 0.492366 0.492366 0.492366 0.492366 0.492366 0.492366 0.492366 0.492366 0.492366 0.492366 0.492366 0.492366 0.492366 0.492366 0.492366 0.492366 0.492366 0.492366 0.492366 0.492366 0.492366 0.492366 0.492366 0.492366 0.492366 0.492366 0.492366 0.492365 0.492364 0.492362 0.492359 0.492354 0.492347 0.492336 0.492318 0.492291 0.492250 0.492187 0.492092 0.491949 0.491733 0.491408 0.490918 0.490181 0.489085 0.487502 0.485300 0.482292 0.477981 0.471119 0.461374
0.560796 0.568165 0.575714 0.581736 0.586093 0.589044 0.590978 0.592232 0.593046 0.593578 0.593927 0.594158 0.594310 0.594409 0.594475 0.594518 0.594546 0.594564 0.594576 0.594583 0.594588 0.594591 0.594592 0.594594 0.594594 0.594595 0.594595 0.594595 0.594595 0.594595 0.594595 0.594595 0.594595 0.594595 0.594595 0.594595 0.594595 0.594595 0.594595 0.594595 0.594595 0.594595 0.594595 0.594595 0.594595 0.594595 0.594595 0.594595 0.594595 0.594595 0.594595 0.594595 0.594595 0.594595 0.594595 0.594595 0.594595 0.594595 0.594595 0.594595 0.594595 0.594595 0.594595 0.594595 0.594595 0.594595 0.594595 0.594595 0.594595 0.594595 0.594595 0.594595 0.594595 0.594595 0.594595 0.594595 0.594595 0.594595 0.594595 0.594595 0.594595 0.594595 0.594595 0.594595 0.594595 0.594595 0.594595 0.594595 0.594595 0.594595 0.594595 0.594595 0.594595 0.594595 0.594595 0.594595 0.594595 0.594595 0.594595 0.594595 0.594595 0.594595 0.594595 0.594595 0.594595 0.594595 0.594595 0.594595 0.594595 0.594595 0.594595 0.594595 0.594595 0.594595 0.594595 0.594595 0.594595 0.594595 0.594595 0.594595 0.594595 0.594595 0.594595 0.594595 0.594595 0.594595 0.594595 0.594595 0.594595 0.594595 0.594595 0.594595 0.594595 0.594595 0.594595 0.594595 0.594595 0.594595 0.594595 0.594595 0.594595 0.594595 0.594595 0.594595 0.594595 0.594595 0.594595 0.594595 0.594595 0.594595 0.594595 0.594595 0.594595 0.594595 0.594595 0.594595 0.594595 0.594595 0.594595 0.594595 0.594595 0.594595 0.594595 0.594595 0.594595 0.594595 0.594595 0.594595 0.594595 0.594595 0.594595 0.594595 0.594595 0.594595 0.594595 0.594595 0.594595 0.594594 0.594594 0.594592 0.594591 0.594588 0.594583 0.594576 0.594564 0.594546 0.594518 0.594475 0.594409 0.594310 0.594158 0.593927 0.593578 0.593046 0.592232 0.590978 0.589044 0.586093 0.581736 0.575714 0.568165 0.560796
0.658807 0.661153 0.667773 0.674376 0.679365 0.682639 0.684669 0.685924 0.686716 0.687227 0.687561 0.687780 0.687924 0.688018 0.688080 0.688120 0.688146 0.688163 0.688174 0.688180 0.688185 0.688187 0.688189 0.688190 0.688190 0.688191 0.688191 0.688191 0.688191 0.688191 0.688191 0.688191 0.688191 0.688191 0.688191 0.688191 0.688191 0.688191 0.688191 0.688191 0.688191 0.688191 0.688191 0.688191 0.688191 0.688191 0.688191 0.688191 0.688191 0.688191 0.688191 0.688191 0.688191 0.688191 0.688191 0.688191 0.688191 0.688191 0.688191 0.688191 0.688191 0.688191 0.688191 0.688191 0.688191 0.688191 0.688191 0.688191 0.688191 0.688191 0.688191 0.688191 0.688191 0.688191 0.688191 0.688191 0.688191 0.688191 0.688191 0.688191 0.688191 0.688191 0.688191 0.688191 0.688191 0.688191 0.688191 0.688191 0.688191 0.688191 0.688191 0.688191 0.688191 0.688191 0.688191 0.688191 0.688191 0.688191 0.688191 0.688191 0.688191 0.688191 0.688191 0.688191 0.688191 0.688191 0.688191 0.688191 0.688191 0.688191 0.688191 0.688191 0.688191 0.688191 0.688191 0.688191 0.688191 0.688191 0.688191 0.688191 0.688191 0.688191 0.688191 0.688191 0.688191 0.688191 0.688191 0.688191 0.688191 0.688191 0.688191 0.688191 0.688191 0.688191 0.688191 0.688191 0.688191 0.688191 0.688191 0.688191 0.688191 0.688191 0.688191 0.688191 0.688191 0.688191 0.688191 0.688191 0.688191 0.688191 0.688191 0.688191 0.688191 0.688191 0.688191 0.688191 0.688191 0.688191 0.688191 0.688191 0.688191 0.688191 0.688191 0.688191 0.688191 0.688191 0.688191 0.688191 0.688191 0.688191 0.688191 0.688191 0.688191 0.688191 0.688191 0.688191 0.688191 0.688190 0.688190 0.688189 0.688187 0.688185 0.688180 0.688174 0.688163 0.688146 0.688120 0.688080 0.688018 0.687924 0.687780 0.687561 0.687227 0.686716 0.685924 0.684669 0.682639 0.679365 0.674376 0.667773 0.661153 0.658807
0.743118 0.740727 0.745286 0.751129 0.755783 0.758819 0.760644 0.761735 0.762408 0.762837 0.763116 0.763299 0.763418 0.763496 0.763547 0.763580 0.763601 0.763614 0.763622 0.763628 0.763631 0.763633 0.763634 0.763635 0.763635 0.763635 0.763635 0.763636 0.763636 0.763636 0.763636 0.763636 0.763636 0.763636 0.763636 0.763636 0.763636 0.763636 0.763636 0.763636 0.763636 0.763636 0.763636 0.763636 0.763636 0.763636 0.763636 0.763636 0.763636 0.763636 0.763636 0.763636 0.763636 0.763636 0.763636 0.763636 0.763636 0.763636 0.763636 0.763636 0.763636 0.763636 0.763636 0.763636 0.763636 0.763636 0.763636 0.763636 0.763636 0.763636 0.763636 0.763636 0.763636 0.763636 0.763636 0.763636 0.763636 0.763636 0.763636 0.763636 0.763636 0.763636 0.763636 0.763636 0.763636 0.763636 0.763636 0.763636 0.763636 0.763636 0.763636 0.763636 0.763636 0.763636 0.763636 0.763636 0.763636 0.763636 0.763636 0.763636 0.763636 0.763636 0.763636 0.763636 0.763636 0.763636 0.763636 0.763636 0.763636 0.763636 0.763636 0.763636 0.763636 0.763636 0.763636 0.763636 0.763636 0.763636 0.763636 0.763636 0.763636 0.763636 0.763636 0.763636 0.763636 0.763636 0.763636 0.763636 0.763636 0.763636 0.763636 0.763636 0.763636 0.763636 0.763636 0.763636 0.763636 0.763636 0.763636 0.763636 0.763636 0.763636 0.763636 0.763636 0.763636 0.763636 0.763636 0.763636 0.763636 0.763636 0.763636 0.763636 0.763636 0.763636 0.763636 0.763636 0.763636 0.763636 0.763636 0.763636 0.763636 0.763636 0.763636 0.763636 0.763636 0.763636 0.763636 0.763636 0.763636 0.763636 0.763636 0.763636 0.763636 0.763636 0.763636 0.763635 0.763635 0.763635 0.763635 0.763634 0.763633 0.763631 0.763628 0.763622 0.763614 0.763601 0.763580 0.763547 0.763496 0.763418 0.763299 0.763116 0.762837 0.762408 0.761735 0.760644 0.758819 0.755783 0.751129 0.745286 0.740727 0.743118
0.807253 0.802482 0.804850 0.809145 0.812785 0.815174 0.816583 0.817400 0.817891 0.818198 0.818397 0.818526 0.818609 0.818662 0.818696 0.818718 0.818731 0.818740 0.818745 0.818748 0.818750 0.818751 0.818751 0.818751 0.818752 0.818752 0.818752 0.818752 0.818752 0.818752 0.818752 0.818752 0.818752 0.818752 0.818752 0.818752 0.818752 0.818752 0.818752 0.818752 0.818752 0.818752 0.818752 0.818752 0.818752 0.818752 0.818752 0.818752 0.818752 0.818752 0.818752 0.818752 0.818752 0.818752 0.818752 0.818752 0.818752 0.818752 0.818752 0.818752 0.818752 0.818752 0.818752 0.818752 0.818752 0.818752 0.818752 0.818752 0.818752 0.818752 0.818752 0.818752 0.818752 0.818752 0.818752 0.818752 0.818752 0.818752 0.818752 0.818752 0.818752 0.818752 0.818752 0.818752 0.818752 0.818752 0.818752 0.818752 0.818752 0.818752 0.818752 0.818752 0.818752 0.818752 0.818752 0.818752 0.818752 0.818752 0.818752 0.818752 0.818752 0.818752 0.818752 0.818752 0.818752 0.818752 0.818752 0.818752 0.818752 0.818752 0.818752 0.818752 0.818752 0.818752 0.818752 0.818752 0.818752 0.818752 0.818752 0.818752 0.818752 0.818752 0.818752 0.818752 0.818752 0.818752 0.818752 0.818752 0.818752 0.818752 0.818752 0.818752 0.818752 0.818752 0.818752 0.818752 0.818752 0.818752 0.818752 0.818752 0.818752 0.818752 0.818752 0.818752 0.818752 0.818752 0.818752 0.818752 0.818752 0.818752 0.818752 0.818752 0.818752 0.818752 0.818752 0.818752 0.818752 0.818752 0.818752 0.818752 0.818752 0.818752 0.818752 0.818752 0.818752 0.818752 0.818752 0.818752 0.818752 0.818752 0.818752 0.818752 0.818752 0.818752 0.818752 0.818752 0.818752 0.818752 0.818751 0.818751 0.818751 0.818750 0.818748 0.818745 0.818740 0.818731 0.818718 0.818696 0.818662 0.818609 0.818526 0.818397 0.818198 0.817891 0.817400 0.816583 0.815174 0.812785 0.809145 0.804850 0.802482 0.807253
0.853055 0.847665 0.848305 0.850938 0.853348 0.854939 0.855849 0.856351 0.856636 0.856807 0.856912 0.856978 0.857018 0.857042 0.857056 0.857064 0.857068 0.857070 0.857071 0.857071 0.857071 0.857071 0.857071 0.857070 0.857070 0.857070 0.857070 0.857070 0.857070 0.857070 0.857070 0.857070 0.857070 0.857070 0.857070 0.857070 0.857070 0.857070 0.857070 0.857070 0.857070 0.857070 0.857070 0.857070 0.857070 0.857070 0.857070 0.857070 0.857070 0.857070 0.857070 0.857070 0.857070 0.857070 0.857070 0.857070 0.857070 0.857070 0.857070 0.857070 0.857070 0.857070 0.857070 0.857070 0.857070 0.857070 0.857070 0.857070 0.857070 0.857070 0.857070 0.857070 0.857070 0.857070 0.857070 0.857070 0.857070 0.857070 0.857070 0.857070 0.857070 0.857070 0.857070 0.857070 0.857070 0.857070 0.857070 0.857070 0.857070 0.857070 0.857070 0.857070 0.857070 0.857070 0.857070 0.857070 0.857070 0.857070 0.857070 0.857070 0.857070 0.857070 0.857070 0.857070 0.857070 0.857070 0.857070 0.857070 0.857070 0.857070 0.857070 0.857070 0.857070 0.857070 0.857070 0.857070 0.857070 0.857070 0.857070 0.857070 0.857070 0.857070 0.857070 0.857070 0.857070 0.857070 0.857070 0.857070 0.857070 0.857070 0.857070 0.857070 0.857070 0.857070 0.857070 0.857070 0.857070 0.857070 0.857070 0.857070 0.857070 0.857070 0.857070 0.857070 0.857070 0.857070 0.857070 0.857070 0.857070 0.857070 0.857070 0.857070 0.857070 0.857070 0.857070 0.857070 0.857070 0.857070 0.857070 0.857070 0.857070 0.857070 0.857070 0.857070 0.857070 0.857070 0.857070 0.857070 0.857070 0.857070 0.857070 0.857070 0.857070 0.857070 0.857070 0.857070 0.857070 0.857070 0.857070 0.857071 0.857071 0.857071 0.857071 0.857071 0.857070 0.857068 0.857064 0.857056 0.857042 0.857018 0.856978 0.856912 0.856807 0.856636 0.856351 0.855849 0.854939 0.853348 0.850938 0.848305 0.847665 0.853055
0.885678 0.880252 0.879690 0.880929 0.882215 0.883044 0.883471 0.883665 0.883748 0.883781 0.883791 0.883791 0.883785 0.883777 0.883769 0.883762 0.883756 0.883751 0.883747 0.883744 0.883742 0.883741 0.883740 0.883739 0.883738 0.883738 0.883738 0.883738 0.883738 0.883738 0.883738 0.883738 0.883738 0.883738 0.883738 0.883738 0.883738 0.883738 0.883738 0.883738 0.883738 0.883738 0.883738 0.883738 0.883738 0.883738 0.883738 0.883738 0.883738 0.883738 0.883738 0.883738 0.883738 0.883738 0.883738 0.883738 0.883738 0.883738 0.883738 0.883738 0.883738 0.883738 0.883738 0.883738 0.883738 0.883738 0.883738 0.883738 0.883738 0.883738 0.883738 0.883738 0.883738 0.883738 0.883738 0.883738 0.883738 0.883738 0.883738 0.883738 0.883738 0.883738 0.883738 0.883738 0.883738 0.883738 0.883738 0.883738 0.883738 0.883738 0.883738 0.883738 0.883738 0.883738 0.883738 0.883738 0.883738 0.883738 0.883738 0.883738 0.883738 0.883738 0.883738 0.883738 0.883738 0.883738 0.883738 0.883738 0.883738 0.883738 0.883738 0.883738 0.883738 0.883738 0.883738 0.883738 0.883738 0.883738 0.883738 0.883738 0.883738 0.883738 0.883738 0.883738 0.883738 0.883738 0.883738 0.883738 0.883738 0.883738 0.883738 0.883738 0.883738 0.883738 0.883738 0.883738 0.883738 0.883738 0.883738 0.883738 0.883738 0.883738 0.883738 0.883738 0.883738 0.883738 0.883738 0.883738 0.883738 0.883738 0.883738 0.883738 0.883738 0.883738 0.883738 0.883738 0.883738 0.883738 0.883738 0.883738 0.883738 0.883738 0.883738 0.883738 0.883738 0.883738 0.883738 0.883738 0.883738 0.883738 0.883738 0.883738 0.883738 0.883738 0.883738 0.883738 0.883738 0.883738 0.883739 0.883740 0.883741 0.883742 0.883744 0.883747 0.883751 0.883756 0.883762 0.883769 0.883777 0.883785 0.883791 0.883791 0.883781 0.883748 0.883665 0.883471 0.883044 0.882215 0.880929 0.879690 0.880252 0.885678
0.909555 0.904177 0.902820 0.903031 0.903428 0.903622 0.903632 0.903553 0.903451 0.903355 0.903275 0.903210 0.903159 0.903119 0.903089 0.903066 0.903049 0.903037 0.903028 0.903022 0.903017 0.903014 0.903012 0.903011 0.903010 0.903009 0.903009 0.903009 0.903009 0.903009 0.903009 0.903009 0.903009 0.903009 0.903009 0.903009 0.903009 0.903009 0.903009 0.903009 0.903009 0.903009 0.903009 0.903009 0.903009 0.903009 0.903009 0.903009 0.903009 0.903009 0.903009 0.903009 0.903009 0.903009 0.903009 0.903009 0.903009 0.903009 0.903009 0.903009 0.903009 0.903009 0.903009 0.903009 0.903009 0.903009 0.903009 0.903009 0.903009 0.903009 0.903009 0.903009 0.903009 0.903009 0.903009 0.903009 0.903009 0.903009 0.903009 0.903009 0.903009 0.903009 0.903009 0.903009 0.903009 0.903009 0.903009 0.903009 0.903009 0.903009 0.903009 0.903009 0.903009 0.903009 0.903009 0.903009 0.903009 0.903009 0.903009 0.903009 0.903009 0.903009 0.903009 0.903009 0.903009 0.903009 0.903009 0.903009 0.903009 0.903009 0.903009 0.903009 0.903009 0.903009 0.903009 0.903009 0.903009 0.903009 0.903009 0.903009 0.903009 0.903009 0.903009 0.903009 0.903009 0.903009 0.903009 0.903009 0.903009 0.903009 0.903009 0.903009 0.903009 0.903009 0.903009 0.903009 0.903009 0.903009 0.903009 0.903009 0.903009 0.903009 0.903009 0.903009 0.903009 0.903009 0.903009 0.903009 0.903009 0.903009 0.903009 0.903009 0.903009 0.903009 0.903009 0.903009 0.903009 0.903009 0.903009 0.903009 0.903009 0.903009 0.903009 0.903009 0.903009 0.903009 0.903009 0.903009 0.903009 0.903009 0.903009 0.903009 0.903009 0.903009 0.903009 0.903009 0.903009 0.903010 0.903011 0.903012 0.903014 0.903017 0.903022 0.903028 0.903037 0.903049 0.903066 0.903089 0.903119 0.903159 0.903210 0.903275 0.903355 0.903451 0.903553 0.903632 0.903622 0.903428 0.903031 0.902820 0.904177 0.909555
0.927589 0.922285 0.920437 0.919947 0.919702 0.919415 0.919091 0.918785 0.918524 0.918316 0.918154 0.918030 0.917936 0.917866 0.917814 0.917776 0.917748 0.917728 0.917715 0.917705 0.917698 0.917694 0.917691 0.917689 0.917688 0.917687 0.917686 0.917686 0.917686 0.917686 0.917686 0.917686 0.917686 0.917686 0.917686 0.917686 0.917686 0.917686 0.917686 0.917686 0.917686 0.917686 0.917686 0.917686 0.917686 0.917686 0.917686 0.917686 0.917686 0.917686 0.917686 0.917686 0.917686 0.917686 0.917686 0.917686 0.917686 0.917686 0.917686 0.917686 0.917686 0.917686 0.917686 0.917686 0.917686 0.917686 0.917686 0.917686 0.917686 0.917686 0.917686 0.917686 0.917686 0.917686 0.917686 0.917686 0.917686 0.917686 0.917686 0.917686 0.917686 0.917686 0.917686 0.917686 0.917686 0.917686 0.917686 0.917686 0.917686 0.917686 0.917686 0.917686 0.917686 0.917686 0.917686 0.917686 0.917686 0.917686 0.917686 0.917686 0.917686 0.917686 0.917686 0.917686 0.917686 0.917686 0.917686 0.917686 0.917686 0.917686 0.917686 0.917686 0.917686 0.917686 0.917686 0.917686 0.917686 0.917686 0.917686 0.917686 0.917686 0.917686 0.917686 0.917686 0.917686 0.917686 0.917686 0.917686 0.917686 0.917686 0.917686 0.917686 0.917686 0.917686 0.917686 0.917686 0.917686 0.917686 0.917686 0.917686 0.917686 0.917686 0.917686 0.917686 0.917686 0.917686 0.917686 0.917686 0.917686 0.917686 0.917686 0.917686 0.917686 0.917686 0.917686 0.917686 0.917686 0.917686 0.917686 0.917686 0.917686 0.917686 0.917686 0.917686 0.917686 0.917686 0.917686 0.917686 0.917686 0.917686 0.917686 0.917686 0.917686 0.917686 0.917686 0.917686 0.917687 0.917688 0.917689 0.917691 0.917694 0.917698 0.917705 0.917715 0.917728 0.917748 0.917776 0.917814 0.917866 0.917936 0.918030 0.918154 0.918316 0.918524 0.918785 0.919091 0.919415 0.919702 0.919947 0.920437 0.922285 0.927589
0.941566 0.936403 0.934293 0.933358 0.932682 0.932055 0.931484 0.931001 0.930613 0.930310 0.930079 0.929903 0.929772 0.929674 0.929603 0.929551 0.929513 0.929487 0.929469 0.929456 0.929447 0.929441 0.929437 0.929435 0.929433 0.929432 0.929431 0.929431 0.929431 0.929431 0.929430 0.929430 0.929430 0.929430 0.929430 0.929430 0.929430 0.929430 0.929430 0.929430 0.929430 0.929430 0.929430 0.929430 0.929430 0.929430 0.929430 0.929430 0.929430 0.929430 0.929430 0.929430 0.929430 0.929430 0.929430 0.929430 0.929430 0.929430 0.929430 0.929430 0.929430 0.929430 0.929430 0.929430 0.929430 0.929430 0.929430 0.929430 0.929430 0.929430 0.929430 0.929430 0.929430 0.929430 0.929430 0.929430 0.929430 0.929430 0.929430 0.929430 0.929430 0.929430 0.929430 0.929430 0.929430 0.929430 0.929430 0.929430 0.929430 0.929430 0.929430 0.929430 0.929430 0.929430 0.929430 0.929430 0.929430 0.929430 0.929430 0.929430 0.929430 0.929430 0.929430 0.929430 0.929430 0.929430 0.929430 0.929430 0.929430 0.929430 0.929430 0.929430 0.929430 0.929430 0.929430 0.929430 0.929430 0.929430 0.929430 0.929430 0.929430 0.929430 0.929430 0.929430 0.929430 0.929430 0.929430 0.929430 0.929430 0.929430 0.929430 0.929430 0.929430 0.929430 0.929430 0.929430 0.929430 0.929430 0.929430 0.929430 0.929430 0.929430 0.929430 0.929430 0.929430 0.929430 0.929430 0.929430 0.929430 0.929430 0.929430 0.929430 0.929430 0.929430 0.929430 0.929430 0.929430 0.929430 0.929430 0.929430 0.929430 0.929430 0.929430 0.929430 0.929430 0.929430 0.929430 0.929430 0.929430 0.929430 0.929430 0.929430 0.929431 0.929431 0.929431 0.929431 0.929432 0.929433 0.929435 0.929437 0.929441 0.929447 0.929456 0.929469 0.929487 0.929513 0.929551 0.929603 0.929674 0.929772 0.929903 0.930079 0.930310 0.930613 0.931001 0.931484 0.932055 0.932682 0.933358 0.934293 0.936403 0.941566
0.952605 0.947677 0.945474 0.944284 0.943338 0.942489 0.941751 0.941142 0.940658 0.940283 0.939996 0.939780 0.939617 0.939497 0.939408 0.939345 0.939299 0.939266 0.939244 0.939228 0.939217 0.939210 0.939206 0.939203 0.939201 0.939199 0.939198 0.939198 0.939198 0.939198 0.939197 0.939197 0.939197 0.939197 0.939197 0.939197 0.939197 0.939197 0.939197 0.939197 0.939197 0.939197 0.939197 0.939197 0.939197 0.939197 0.939197 0.939197 0.939197 0.939197 0.939197 0.939197 0.939197 0.939197 0.939197 0.939197 0.939197 0.939197 0.939197 0.939197 0.939197 0.939197 0.939197 0.939197 0.939197 0.939197 0.939197 0.939197 0.939197 0.939197 0.939197 0.939197 0.939197 0.939197 0.939197 0.939197 0.939197 0.939197 0.939197 0.939197 0.939197 0.939197 0.939197 0.939197 0.939197 0.939197 0.939197 0.939197 0.939197 0.939197 0.939197 0.939197 0.939197 0.939197 0.939197 0.939197 0.939197 0.939197 0.939197 0.939197 0.939197 0.939197 0.939197 0.939197 0.939197 0.939197 0.939197 0.939197 0.939197 0.939197 0.939197 0.939197 0.939197 0.939197 0.939197 0.939197 0.939197 0.939197 0.939197 0.939197 0.939197 0.939197 0.939197 0.939197 0.939197 0.939197 0.939197 0.939197 0.939197 0.939197 0.939197 0.939197 0.939197 0.939197 0.939197 0.939197 0.939197 0.939197 0.939197 0.939197 0.939197 0.939197 0.939197 0.939197 0.939197 0.939197 0.939197 0.939197 0.939197 0.939197 0.939197 0.939197 0.939197 0.939197 0.939197 0.939197 0.939197 0.939197 0.939197 0.939197 0.939197 0.939197 0.939197 0.939197 0.939197 0.939197 0.939197 0.939197 0.939197 0.939197 0.939197 0.939197 0.939198 0.939198 0.939198 0.939198 0.939199 0.939201 0.939203 0.939206 0.939210 0.939217 0.939228 0.939244 0.939266 0.939299 0.939345 0.939408 0.939497 0.939617 0.939780 0.939996 0.940283 0.940658 0.941142 0.941751 0.942489 0.943338 0.944284 0.945474 0.947677 0.952605
0.961445 0.956841 0.954667 0.953356 0.952261 0.951285 0.950445 0.949757 0.949210 0.948785 0.948459 0.948211 0.948025 0.947888 0.947786 0.947713 0.947660 0.947623 0.947597 0.947579 0.947567 0.947559 0.947553 0.947550 0.947548 0.947546 0.947545 0.947545 0.947544 0.947544 0.947544 0.947544 0.947544 0.947544 0.947544 0.947544 0.947544 0.947544 0.947544 0.947544 0.947544 0.947544 0.947544 0.947544 0.947544 0.947544 0.947544 0.947544 0.947544 0.947544 0.947544 0.947544 0.947544 0.947544 0.947544 0.947544 0.947544 0.947544 0.947544 0.947544 0.947544 0.947544 0.947544 0.947544 0.947544 0.947544 0.947544 0.947544 0.947544 0.947544 0.947544 0.947544 0.947544 0.947544 0.947544 0.947544 0.947544 0.947544 0.947544 0.947544 0.947544 0.947544 0.947544 0.947544 0.947544 0.947544 0.947544 0.947544 0.947544 0.947544 0.947544 0.947544 0.947544 0.947544 0.947544 0.947544 0.947544 0.947544 0.947544 0.947544 0.947544 0.947544 0.947544 0.947544 0.947544 0.947544 0.947544 0.947544 0.947544 0.947544 0.947544 0.947544 0.947544 0.947544 0.947544 0.947544 0.947544 0.947544 0.947544 0.947544 0.947544 0.947544 0.947544 0.947544 0.947544 0.947544 0.947544 0.947544 0.947544 0.947544 0.947544 0.947544 0.947544 0.947544 0.947544 0.947544 0.947544 0.947544 0.947544 0.947544 0.947544 0.947544 0.947544 0.947544 0.947544 0.947544 0.947544 0.947544 0.947544 0.947544 0.947544 0.947544 0.947544 0.947544 0.947544 0.947544 0.947544 0.947544 0.947544 0.947544 0.947544 0.947544 0.947544 0.947544 0.947544 0.947544 0.947544 0.947544 0.947544 0.947544 0.947544 0.947544 0.947544 0.947544 0.947545 0.947545 0.947546 0.947548 0.947550 0.947553 0.947559 0.947567 0.947579 0.947597 0.947623 0.947660 0.947713 0.947786 0.947888 0.948025 0.948211 0.948459 0.948785 0.949210 0.949757 0.950445 0.951285 0.952261 0.953356 0.954667 0.956841 0.961445
0.968598 0.964392 0.962328 0.960989 0.959833 0.958801 0.957915 0.957188 0.956607 0.956153 0.955803 0.955536 0.955335 0.955185 0.955075 0.954995 0.954938 0.954897 0.954868 0.954849 0.954835 0.954826 0.954820 0.954817 0.954814 0.954812 0.954811 0.954811 0.954810 0.954810 0.954810 0.954810 0.954810 0.954810 0.954810 0.954810 0.954810 0.954810 0.954810 0.954810 0.954810 0.954810 0.954810 0.954810 0.954810 0.954810 0.954810 0.954810 0.954810 0.954810 0.954810 0.954810 0.954810 0.954810 0.954810 0.954810 0.954810 0.954810 0.954810 0.954810 0.954810 0.954810 0.954810 0.954810 0.954810 0.954810 0.954810 0.954810 0.954810 0.954810 0.954810 0.954810 0.954810 0.954810 0.954810 0.954810 0.954810 0.954810 0.954810 0.954810 0.954810 0.954810 0.954810 0.954810 0.954810 0.954810 0.954810 0.954810 0.954810 0.954810 0.954810 0.954810 0.954810 0.954810 0.954810 0.954810 0.954810 0.954810 0.954810 0.954810 0.954810 0.954810 0.954810 0.954810 0.954810 0.954810 0.954810 0.954810 0.954810 0.954810 0.954810 0.954810 0.954810 0.954810 0.954810 0.954810 0.954810 0.954810 0.954810 0.954810 0.954810 0.954810 0.954810 0.954810 0.954810 0.954810 0.954810 0.954810 0.954810 0.954810 0.954810 0.954810 0.954810 0.954810 0.954810 0.954810 0.954810 0.954810 0.954810 0.954810 0.954810 0.954810 0.954810 0.954810 0.954810 0.954810 0.954810 0.954810 0.954810 0.954810 0.954810 0.954810 0.954810 0.954810 0.954810 0.954810 0.954810 0.954810 0.954810 0.954810 0.954810 0.954810 0.954810 0.954810 0.954810 0.954810 0.954810 0.954810 0.954810 0.954810 0.954810 0.954810 0.954810 0.954810 0.954811 0.954811 0.954812 0.954814 0.954817 0.954820 0.954826 0.954835 0.954849 0.954868 0.954897 0.954938 0.954995 0.955075 0.955185 0.955335 0.955536 0.955803 0.956153 0.956607 0.957188 0.957915 0.958801 0.959833 0.960989 0.962328 0.964392 0.968598
0.974440 0.970677 0.968775 0.967470 0.966316 0.965281 0.964392 0.963658 0.963070 0.962606 0.962246 0.961971 0.961762 0.961606 0.961491 0.961407 0.961347 0.961304 0.961274 0.961253 0.961239 0.961230 0.961223 0.961219 0.961216 0.961215 0.961214 0.961213 0.961213 0.961212 0.961212 0.961212 0.961212 0.961212 0.961212 0.961212 0.961212 0.961212 0.961212 0.961212 0.961212 0.961212 0.961212 0.961212 0.961212 0.961212 0.961212 0.961212 0.961212 0.961212 0.961212 0.961212 0.961212 0.961212 0.961212 0.961212 0.961212 0.961212 0.961212 0.961212 0.961212 0.961212 0.961212 0.961212 0.961212 0.961212 0.961212 0.961212 0.961212 0.961212 0.961212 0.961212 0.961212 0.961212 0.961212 0.961212 0.961212 0.961212 0.961212 0.961212 0.961212 0.961212 0.961212 0.961212 0.961212 0.961212 0.961212 0.961212 0.961212 0.961212 0.961212 0.961212 0.961212 0.961212 0.961212 0.961212 0.961212 0.961212 0.961212 0.961212 0.961212 0.961212 0.961212 0.961212 0.961212 0.961212 0.961212 0.961212 0.961212 0.961212 0.961212 0.961212 0.961212 0.961212 0.961212 0.961212 0.961212 0.961212 0.961212 0.961212 0.961212 0.961212 0.961212 0.961212 0.961212 0.961212 0.961212 0.961212 0.961212 0.961212 0.961212 0.961212 0.961212 0.961212 0.961212 0.961212 0.961212 0.961212 0.961212 0.961212 0.961212 0.961212 0.961212 0.961212 0.961212 0.961212 0.961212 0.961212 0.961212 0.961212 0.961212 0.961212 0.961212 0.961212 0.961212 0.961212 0.961212 0.961212 0.961212 0.961212 0.961212 0.961212 0.961212 0.961212 0.961212 0.961212 0.961212 0.961212 0.961212 0.961212 0.961212 0.961212 0.961212 0.961213 0.961213 0.961214 0.961215 0.961216 0.961219 0.961223 0.961230 0.961239 0.961253 0.961274 0.961304 0.961347 0.961407 0.961491 0.961606 0.961762 0.961971 0.962246 0.962606 0.963070 0.963658 0.964392 0.965281 0.966316 0.967470 0.968775 0.970677 0.974440
0.979250 0.975949 0.974233 0.973003 0.971893 0.970894 0.970034 0.969321 0.968744 0.968288 0.967931 0.967656 0.967447 0.967290 0.967174 0.967089 0.967028 0.966984 0.966954 0.966932 0.966918 0.966908 0.966902 0.966897 0.966895 0.966893 0.966892 0.966891 0.966891 0.966891 0.966890 0.966890 0.966890 0.966890 0.966890 0.966890 0.966890 0.966890 0.966890 0.966890 0.966890 0.966890 0.966890 0.966890 0.966890 0.966890 0.966890 0.966890 0.966890 0.966890 0.966890 0.966890 0.966890 0.966890 0.966890 0.966890 0.966890 0.966890 0.966890 0.966890 0.966890 0.966890 0.966890 0.966890 0.966890 0.966890 0.966890 0.966890 0.966890 0.966890 0.966890 0.966890 0.966890 0.966890 0.966890 0.966890 0.966890 0.966890 0.966890 0.966890 0.966890 0.966890 0.966890 0.966890 0.966890 0.966890 0.966890 0.966890 0.966890 0.966890 0.966890 0.966890 0.966890 0.966890 0.966890 0.966890 0.966890 0.966890 0.966890 0.966890 0.966890 0.966890 0.966890 0.966890 0.966890 0.966890 0.966890 0.966890 0.966890 0.966890 0.966890 0.966890 0.966890 0.966890 0.966890 0.966890 0.966890 0.966890 0.966890 0.966890 0.966890 0.966890 0.966890 0.966890 0.966890 0.966890 0.966890 0.966890 0.966890 0.966890 0.966890 0.966890 0.966890 0.966890 0.966890 0.966890 0.966890 0.966890 0.966890 0.966890 0.966890 0.966890 0.966890 0.966890 0.966890 0.966890 0.966890 0.966890 0.966890 0.966890 0.966890 0.966890 0.966890 0.966890 0.966890 0.966890 0.966890 0.966890 0.966890 0.966890 0.966890 0.966890 0.966890 0.966890 0.966890 0.966890 0.966890 0.966890 0.966890 0.966890 0.966890 0.966890 0.966891 0.966891 0.966891 0.966892 0.966893 0.966895 0.966897 0.966902 0.966908 0.966918 0.966932 0.966954 0.966984 0.967028 0.967089 0.967174 0.967290 0.967447 0.967656 0.967931 0.968288 0.968744 0.969321 0.970034 0.970894 0.971893 0.973003 0.974233 0.975949 0.979250
0.983247 0.980391 0.978864 0.977733 0.976697 0.975761 0.974952 0.974278 0.973731 0.973294 0.972951 0.972685 0.972482 0.972328 0.972215 0.972131 0.972071 0.972027 0.971997 0.971976 0.971961 0.971952 0.971945 0.971941 0.971938 0.971936 0.971935 0.971935 0.971934 0.971934 0.971934 0.971934 0.971934 0.971934 0.971934 0.971934 0.971934 0.971934 0.971934 0.971934 0.971934 0.971934 0.971934 0.971934 0.971934 0.971934 0.971934 0.971934 0.971934 0.971934 0.971934 0.971934 0.971934 0.971934 0.971934 0.971934 0.971934 0.971934 0.971934 0.971934 0.971934 0.971934 0.971934 0.971934 0.971934 0.971934 0.971934 0.971934 0.971934 0.971934 0.971934 0.971934 0.971934 0.971934 0.971934 0.971934 0.971934 0.971934 0.971934 0.971934 0.971934 0.971934 0.971934 0.971934 0.971934 0.971934 0.971934 0.971934 0.971934 0.971934 0.971934 0.971934 0.971934 0.971934 0.971934 0.971934 0.971934 0.971934 0.971934 0.971934 0.971934 0.971934 0.971934 0.971934 0.971934 0.971934 0.971934 0.971934 0.971934 0.971934 0.971934 0.971934 0.971934 0.971934 0.971934 0.971934 0.971934 0.971934 0.971934 0.971934 0.971934 0.971934 0.971934 0.971934 0.971934 0.971934 0.971934 0.971934 0.971934 0.971934 0.971934 0.971934 0.971934 0.971934 0.971934 0.971934 0.971934 0.971934 0.971934 0.971934 0.971934 0.971934 0.971934 0.971934 0.971934 0.971934 0.971934 0.971934 0.971934 0.971934 0.971934 0.971934 0.971934 0.971934 0.971934 0.971934 0.971934 0.971934 0.971934 0.971934 0.971934 0.971934 0.971934 0.971934 0.971934 0.971934 0.971934 0.971934 0.971934 0.971934 0.971934 0.971934 0.971934 0.971934 0.971935 0.971935 0.971936 0.971938 0.971941 0.971945 0.971952 0.971961 0.971976 0.971997 0.972027 0.972071 0.972131 0.972215 0.972328 0.972482 0.972685 0.972951 0.973294 0.973731 0.974278 0.974952 0.975761 0.976697 0.977733 0.978864 0.980391 0.983247
0.986603 0.984119 0.982785 0.981766 0.980822 0.979966 0.979224 0.978604 0.978096 0.977689 0.977367 0.977116 0.976924 0.976778 0.976670 0.976590 0.976531 0.976490 0.976460 0.976440 0.976426 0.976416 0.976410 0.976406 0.976403 0.976402 0.976401 0.976400 0.976399 0.976399 0.976399 0.976399 0.976399 0.976399 0.976399 0.976399 0.976399 0.976399 0.976399 0.976399 0.976399 0.976399 0.976399 0.976399 0.976399 0.976399 0.976399 0.976399 0.976399 0.976399 0.976399 0.976399 0.976399 0.976399 0.976399 0.976399 0.976399 0.976399 0.976399 0.976399 0.976399 0.976399 0.976399 0.976399 0.976399 0.976399 0.976399 0.976399 0.976399 0.976399 0.976399 0.976399 0.976399 0.976399 0.976399 0.976399 0.976399 0.976399 0.976399 0.976399 0.976399 0.976399 0.976399 0.976399 0.976399 0.976399 0.976399 0.976399 0.976399 0.976399 0.976399 0.976399 0.976399 0.976399 0.976399 0.976399 0.976399 0.976399 0.976399 0.976399 0.976399 0.976399 0.976399 0.976399 0.976399 0.976399 0.976399 0.976399 0.976399 0.976399 0.976399 0.976399 0.976399 0.976399 0.976399 0.976399 0.976399 0.976399 0.976399 0.976399 0.976399 0.976399 0.976399 0.976399 0.976399 0.976399 0.976399 0.976399 0.976399 0.976399 0.976399 0.976399 0.976399 0.976399 0.976399 0.976399 0.976399 0.976399 0.976399 0.976399 0.976399 0.976399 0.976399 0.976399 0.976399 0.976399 0.976399 0.976399 0.976399 0.976399 0.976399 0.976399 0.976399 0.976399 0.976399 0.976399 0.976399 0.976399 0.976399 0.976399 0.976399 0.976399 0.976399 0.976399 0.976399 0.976399 0.976399 0.976399 0.976399 0.976399 0.976399 0.976399 0.976399 0.976399 0.976400 0.976401 0.976402 0.976403 0.976406 0.976410 0.976416 0.976426 0.976440 0.976460 0.976490 0.976531 0.976590 0.976670 0.976778 0.976924 0.977116 0.977367 0.977689 0.978096 0.978604 0.979224 0.979966 0.980822 0.981766 0.982785 0.984119 0.986603
0.989273 0.987231 0.986086 0.985187 0.984344 0.983578 0.982913 0.982353 0.981894 0.981523 0.981228 0.980997 0.980819 0.980684 0.980582 0.980507 0.980453 0.980414 0.980386 0.980366 0.980353 0.980344 0.980338 0.980334 0.980332 0.980330 0.980329 0.980328 0.980328 0.980328 0.980327 0.980327 0.980327 0.980327 0.980327 0.980327 0.980327 0.980327 0.980327 0.980327 0.980327 0.980327 0.980327 0.980327 0.980327 0.980327 0.980327 0.980327 0.980327 0.980327 0.980327 0.980327 0.980327 0.980327 0.980327 0.980327 0.980327 0.980327 0.980327 0.980327 0.980327 0.980327 0.980327 0.980327 0.980327 0.980327 0.980327 0.980327 0.980327 0.980327 0.980327 0.980327 0.980327 0.980327 0.980327 0.980327 0.980327 0.980327 0.980327 0.980327 0.980327 0.980327 0.980327 0.980327 0.980327 0.980327 0.980327 0.980327 0.980327 0.980327 0.980327 0.980327 0.980327 0.980327 0.980327 0.980327 0.980327 0.980327 0.980327 0.980327 0.980327 0.980327 0.980327 0.980327 0.980327 0.980327 0.980327 0.980327 0.980327 0.980327 0.980327 0.980327 0.980327 0.980327 0.980327 0.980327 0.980327 0.980327 0.980327 0.980327 0.980327 0.980327 0.980327 0.980327 0.980327 0.980327 0.980327 0.980327 0.980327 0.980327 0.980327 0.980327 0.980327 0.980327 0.980327 0.980327 0.980327 0.980327 0.980327 0.980327 0.980327 0.980327 0.980327 0.980327 0.980327 0.980327 0.980327 0.980327 0.980327 0.980327 0.980327 0.980327 0.980327 0.980327 0.980327 0.980327 0.980327 0.980327 0.980327 0.980327 0.980327 0.980327 0.980327 0.980327 0.980327 0.980327 0.980327 0.980327 0.980327 0.980327 0.980327 0.980327 0.980328 0.980328 0.980328 0.980329 0.980330 0.980332 0.980334 0.980338 0.980344 0.980353 0.980366 0.980386 0.980414 0.980453 0.980507 0.980582 0.980684 0.980819 0.980997 0.981228 0.981523 0.981894 0.982353 0.982913 0.983578 0.984344 0.985187 0.986086 0.987231 0.989273
0.991451 0.989807 0.988848 0.988069 0.987332 0.986660 0.986075 0.985581 0.985172 0.984841 0.984577 0.984369 0.984208 0.984085 0.983992 0.983924 0.983874 0.983838 0.983812 0.983794 0.983782 0.983773 0.983768 0.983764 0.983762 0.983760 0.983759 0.983759 0.983758 0.983758 0.983758 0.983758 0.983758 0.983758 0.983758 0.983758 0.983758 0.983758 0.983758 0.983758 0.983758 0.983758 0.983758 0.983758 0.983758 0.983758 0.983758 0.983758 0.983758 0.983758 0.983758 0.983758 0.983758 0.983758 0.983758 0.983758 0.983758 0.983758 0.983758 0.983758 0.983758 0.983758 0.983758 0.983758 0.983758 0.983758 0.983758 0.983758 0.983758 0.983758 0.983758 0.983758 0.983758 0.983758 0.983758 0.983758 0.983758 0.983758 0.983758 0.983758 0.983758 0.983758 0.983758 0.983758 0.983758 0.983758 0.983758 0.983758 0.983758 0.983758 0.983758 0.983758 0.983758 0.983758 0.983758 0.983758 0.983758 0.983758 0.983758 0.983758 0.983758 0.983758 0.983758 0.983758 0.983758 0.983758 0.983758 0.983758 0.983758 0.983758 0.983758 0.983758 0.983758 0.983758 0.983758 0.983758 0.983758 0.983758 0.983758 0.983758 0.983758 0.983758 0.983758 0.983758 0.983758 0.983758 0.983758 0.983758 0.983758 0.983758 0.983758 0.983758 0.983758 0.983758 0.983758 0.983758 0.983758 0.983758 0.983758 0.983758 0.983758 0.983758 0.983758 0.983758 0.983758 0.983758 0.983758 0.983758 0.983758 0.983758 0.983758 0.983758 0.983758 0.983758 0.983758 0.983758 0.983758 0.983758 0.983758 0.983758 0.983758 0.983758 0.983758 0.983758 0.983758 0.983758 0.983758 0.983758 0.983758 0.983758 0.983758 0.983758 0.983758 0.983758 0.983759 0.983759 0.983760 0.983762 0.983764 0.983768 0.983773 0.983782 0.983794 0.983812 0.983838 0.983874 0.983924 0.983992 0.984085 0.984208 0.984369 0.984577 0.984841 0.985172 0.985581 0.986075 0.986660 0.987332 0.988069 0.988848 0.989807 0.991451
0.993241 0.991940 0.991147 0.990484 0.989850 0.989272 0.988766 0.988338 0.987983 0.987693 0.987461 0.987277 0.987134 0.987025 0.986942 0.986881 0.986836 0.986803 0.986780 0.986764 0.986752 0.986745 0.986740 0.986736 0.986734 0.986733 0.986732 0.986731 0.986731 0.986731 0.986731 0.986730 0.986730 0.986730 0.986730 0.986730 0.986730 0.986730 0.986730 0.986730 0.986730 0.986730 0.986730 0.986730 0.986730 0.986730 0.986730 0.986730 0.986730 0.986730 0.986730 0.986730 0.986730 0.986730 0.986730 0.986730 0.986730 0.986730 0.986730 0.986730 0.986730 0.986730 0.986730 0.986730 0.986730 0.986730 0.986730 0.986730 0.986730 0.986730 0.986730 0.986730 0.986730 0.986730 0.986730 0.986730 0.986730 0.986730 0.986730 0.986730 0.986730 0.986730 0.986730 0.986730 0.986730 0.986730 0.986730 0.986730 0.986730 0.986730 0.986730 0.986730 0.986730 0.986730 0.986730 0.986730 0.986730 0.986730 0.986730 0.986730 0.986730 0.986730 0.986730 0.986730 0.986730 0.986730 0.986730 0.986730 0.986730 0.986730 0.986730 0.986730 0.986730 0.986730 0.986730 0.986730 0.986730 0.986730 0.986730 0.986730 0.986730 0.986730 0.986730 0.986730 0.986730 0.986730 0.986730 0.986730 0.986730 0.986730 0.986730 0.986730 0.986730 0.986730 0.986730 0.986730 0.986730 0.986730 0.986730 0.986730 0.986730 0.986730 0.986730 0.986730 0.986730 0.986730 0.986730 0.986730 0.986730 0.986730 0.986730 0.986730 0.986730 0.986730 0.986730 0.986730 0.986730 0.986730 0.986730 0.986730 0.986730 0.986730 0.986730 0.986730 0.986730 0.986730 0.986730 0.986730 0.986730 0.986730 0.986730 0.986731 0.986731 0.986731 0.986731 0.986732 0.986733 0.986734 0.986736 0.986740 0.986745 0.986752 0.986764 0.986780 0.986803 0.986836 0.986881 0.986942 0.987025 0.987134 0.987277 0.987461 0.987693 0.987983 0.988338 0.988766 0.989272 0.989850 0.990484 0.991147 0.991940 0.993241
0.994711 0.993698 0.993052 0.992494 0.991959 0.991469 0.991041 0.990676 0.990372 0.990123 0.989923 0.989764 0.989639 0.989544 0.989471 0.989417 0.989378 0.989349 0.989328 0.989314 0.989304 0.989297 0.989293 0.989290 0.989288 0.989286 0.989286 0.989285 0.989285 0.989285 0.989284 0.989284 0.989284 0.989284 0.989284 0.989284 0.989284 0.989284 0.989284 0.989284 0.989284 0.989284 0.989284 0.989284 0.989284 0.989284 0.989284 0.989284 0.989284 0.989284 0.989284 0.989284 0.989284 0.989284 0.989284 0.989284 0.989284 0.989284 0.989284 0.989284 0.989284 0.989284 0.989284 0.989284 0.989284 0.989284 0.989284 0.989284 0.989284 0.989284 0.989284 0.989284 0.989284 0.989284 0.989284 0.989284 0.989284 0.989284 0.989284 0.989284 0.989284 0.989284 0.989284 0.989284 0.989284 0.989284 0.989284 0.989284 0.989284 0.989284 0.989284 0.989284 0.989284 0.989284 0.989284 0.989284 0.989284 0.989284 0.989284 0.989284 0.989284 0.989284 0.989284 0.989284 0.989284 0.989284 0.989284 0.989284 0.989284 0.989284 0.989284 0.989284 0.989284 0.989284 0.989284 0.989284 0.989284 0.989284 0.989284 0.989284 0.989284 0.989284 0.989284 0.989284 0.989284 0.989284 0.989284 0.989284 0.989284 0.989284 0.989284 0.989284 0.989284 0.989284 0.989284 0.989284 0.989284 0.989284 0.989284 0.989284 0.989284 0.989284 0.989284 0.989284 0.989284 0.989284 0.989284 0.989284 0.989284 0.989284 0.989284 0.989284 0.989284 0.989284 0.989284 0.989284 0.989284 0.989284 0.989284 0.989284 0.989284 0.989284 0.989284 0.989284 0.989284 0.989284 0.989284 0.989284 0.989284 0.989284 0.989284 0.989284 0.989285 0.989285 0.989285 0.989286 0.989286 0.989288 0.989290 0.989293 0.989297 0.989304 0.989314 0.989328 0.989349 0.989378 0.989417 0.989471 0.989544 0.989639 0.989764 0.989923 0.990123 0.990372 0.990676 0.991041 0.991469 0.991959 0.992494 0.993052 0.993698 0.994711
0.995910 0.995137 0.994616 0.994155 0.993710 0.993302 0.992944 0.992639 0.992383 0.992173 0.992004 0.991868 0.991762 0.991680 0.991618 0.991572 0.991537 0.991512 0.991494 0.991482 0.991473 0.991467 0.991463 0.991460 0.991459 0.991458 0.991457 0.991456 0.991456 0.991456 0.991456 0.991456 0.991456 0.991456 0.991456 0.991456 0.991456 0.991456 0.991456 0.991456 0.991456 0.991456 0.991456 0.991456 0.991456 0.991456 0.991456 0.991456 0.991456 0.991456 0.991456 0.991456 0.991456 0.991456 0.991456 0.991456 0.991456 0.991456 0.991456 0.991456 0.991456 0.991456 0.991456 0.991456 0.991456 0.991456 0.991456 0.991456 0.991456 0.991456 0.991456 0.991456 0.991456 0.991456 0.991456 0.991456 0.991456 0.991456 0.991456 0.991456 0.991456 0.991456 0.991456 0.991456 0.991456 0.991456 0.991456 0.991456 0.991456 0.991456 0.991456 0.991456 0.991456 0.991456 0.991456 0.991456 0.991456 0.991456 0.991456 0.991456 0.991456 0.991456 0.991456 0.991456 0.991456 0.991456 0.991456 0.991456 0.991456 0.991456 0.991456 0.991456 0.991456 0.991456 0.991456 0.991456 0.991456 0.991456 0.991456 0.991456 0.991456 0.991456 0.991456 0.991456 0.991456 0.991456 0.991456 0.991456 0.991456 0.991456 0.991456 0.991456 0.991456 0.991456 0.991456 0.991456 0.991456 0.991456 0.991456 0.991456 0.991456 0.991456 0.991456 0.991456 0.991456 0.991456 0.991456 0.991456 0.991456 0.991456 0.991456 0.991456 0.991456 0.991456 0.991456 0.991456 0.991456 0.991456 0.991456 0.991456 0.991456 0.991456 0.991456 0.991456 0.991456 0.991456 0.991456 0.991456 0.991456 0.991456 0.991456 0.991456 0.991456 0.991456 0.991456 0.991457 0.991458 0.991459 0.991460 0.991463 0.991467 0.991473 0.991482 0.991494 0.991512 0.991537 0.991572 0.991618 0.991680 0.991762 0.991868 0.992004 0.992173 0.992383 0.992639 0.992944 0.993302 0.993710 0.994155 0.994616 0.995137 0.995910
0.996877 0.996302 0.995889 0.995512 0.995147 0.994813 0.994519 0.994267 0.994057 0.993882 0.993741 0.993628 0.993539 0.993470 0.993418 0.993378 0.993349 0.993328 0.993313 0.993302 0.993294 0.993289 0.993286 0.993283 0.993282 0.993281 0.993280 0.993280 0.993280 0.993280 0.993279 0.993279 0.993279 0.993279 0.993279 0.993279 0.993279 0.993279 0.993279 0.993279 0.993279 0.993279 0.993279 0.993279 0.993279 0.993279 0.993279 0.993279 0.993279 0.993279 0.993279 0.993279 0.993279 0.993279 0.993279 0.993279 0.993279 0.993279 0.993279 0.993279 0.993279 0.993279 0.993279 0.993279 0.993279 0.993279 0.993279 0.993279 0.993279 0.993279 0.993279 0.993279 0.993279 0.993279 0.993279 0.993279 0.993279 0.993279 0.993279 0.993279 0.993279 0.993279 0.993279 0.993279 0.993279 0.993279 0.993279 0.993279 0.993279 0.993279 0.993279 0.993279 0.993279 0.993279 0.993279 0.993279 0.993279 0.993279 0.993279 0.993279 0.993279 0.993279 0.993279 0.993279 0.993279 0.993279 0.993279 0.993279 0.993279 0.993279 0.993279 0.993279 0.993279 0.993279 0.993279 0.993279 0.993279 0.993279 0.993279 0.993279 0.993279 0.993279 0.993279 0.993279 0.993279 0.993279 0.993279 0.993279 0.993279 0.993279 0.993279 0.993279 0.993279 0.993279 0.993279 0.993279 0.993279 0.993279 0.993279 0.993279 0.993279 0.993279 0.993279 0.993279 0.993279 0.993279 0.993279 0.993279 0.993279 0.993279 0.993279 0.993279 0.993279 0.993279 0.993279 0.993279 0.993279 0.993279 0.993279 0.993279 0.993279 0.993279 0.993279 0.993279 0.993279 0.993279 0.993279 0.993279 0.993279 0.993279 0.993279 0.993279 0.993280 0.993280 0.993280 0.993280 0.993281 0.993282 0.993283 0.993286 0.993289 0.993294 0.993302 0.993313 0.993328 0.993349 0.993378 0.993418 0.993470 0.993539 0.993628 0.993741 0.993882 0.994057 0.994267 0.994519 0.994813 0.995147 0.995512 0.995889 0.996302 0.996877
0.997648 0.997234 0.996911 0.996607 0.996312 0.996042 0.995805 0.995601 0.995430 0.995288 0.995172 0.995079 0.995006 0.994949 0.994906 0.994873 0.994848 0.994831 0.994818 0.994809 0.994803 0.994798 0.994795 0.994793 0.994792 0.994791 0.994791 0.994790 0.994790 0.994790 0.994790 0.994790 0.994790 0.994790 0.994790 0.994790 0.994790 0.994790 0.994790 0.994790 0.994790 0.994790 0.994790 0.994790 0.994790 0.994790 0.994790 0.994790 0.994790 0.994790 0.994790 0.994790 0.994790 0.994790 0.994790 0.994790 0.994790 0.994790 0.994790 0.994790 0.994790 0.994790 0.994790 0.994790 0.994790 0.994790 0.994790 0.994790 0.994790 0.994790 0.994790 0.994790 0.994790 0.994790 0.994790 0.994790 0.994790 0.994790 0.994790 0.994790 0.994790 0.994790 0.994790 0.994790 0.994790 0.994790 0.994790 0.994790 0.994790 0.994790 0.994790 0.994790 0.994790 0.994790 0.994790 0.994790 0.994790 0.994790 0.994790 0.994790 0.994790 0.994790 0.994790 0.994790 0.994790 0.994790 0.994790 0.994790 0.994790 0.994790 0.994790 0.994790 0.994790 0.994790 0.994790 0.994790 0.994790 0.994790 0.994790 0.994790 0.994790 0.994790 0.994790 0.994790 0.994790 0.994790 0.994790 0.994790 0.994790 0.994790 0.994790 0.994790 0.994790 0.994790 0.994790 0.994790 0.994790 0.994790 0.994790 0.994790 0.994790 0.994790 0.994790 0.994790 0.994790 0.994790 0.994790 0.994790 0.994790 0.994790 0.994790 0.994790 0.994790 0.994790 0.994790 0.994790 0.994790 0.994790 0.994790 0.994790 0.994790 0.994790 0.994790 0.994790 0.994790 0.994790 0.994790 0.994790 0.994790 0.994790 0.994790 0.994790 0.994790 0.994790 0.994790 0.994791 0.994791 0.994792 0.994793 0.994795 0.994798 0.994803 0.994809 0.994818 0.994831 0.994848 0.994873 0.994906 0.994949 0.995006 0.995079 0.995172 0.995288 0.995430 0.995601 0.995805 0.996042 0.996312 0.996607 0.996911 0.997234 0.997648
0.998254 0.997969 0.997720 0.997479 0.997245 0.997030 0.996841 0.996678 0.996541 0.996427 0.996334 0.996259 0.996200 0.996154 0.996118 0.996091 0.996072 0.996057 0.996046 0.996039 0.996034 0.996030 0.996028 0.996026 0.996025 0.996024 0.996024 0.996024 0.996023 0.996023 0.996023 0.996023 0.996023 0.996023 0.996023 0.996023 0.996023 0.996023 0.996023 0.996023 0.996023 0.996023 0.996023 0.996023 0.996023 0.996023 0.996023 0.996023 0.996023 0.996023 0.996023 0.996023 0.996023 0.996023 0.996023 0.996023 0.996023 0.996023 0.996023 0.996023 0.996023 0.996023 0.996023 0.996023 0.996023 0.996023 0.996023 0.996023 0.996023 0.996023 0.996023 0.996023 0.996023 0.996023 0.996023 0.996023 0.996023 0.996023 0.996023 0.996023 0.996023 0.996023 0.996023 0.996023 0.996023 0.996023 0.996023 0.996023 0.996023 0.996023 0.996023 0.996023 0.996023 0.996023 0.996023 0.996023 0.996023 0.996023 0.996023 0.996023 0.996023 0.996023 0.996023 0.996023 0.996023 0.996023 0.996023 0.996023 0.996023 0.996023 0.996023 0.996023 0.996023 0.996023 0.996023 0.996023 0.996023 0.996023 0.996023 0.996023 0.996023 0.996023 0.996023 0.996023 0.996023 0.996023 0.996023 0.996023 0.996023 0.996023 0.996023 0.996023 0.996023 0.996023 0.996023 0.996023 0.996023 0.996023 0.996023 0.996023 0.996023 0.996023 0.996023 0.996023 0.996023 0.996023 0.996023 0.996023 0.996023 0.996023 0.996023 0.996023 0.996023 0.996023 0.996023 0.996023 0.996023 0.996023 0.996023 0.996023 0.996023 0.996023 0.996023 0.996023 0.996023 0.996023 0.996023 0.996023 0.996023 0.996023 0.996023 0.996023 0.996023 0.996023 0.996024 0.996024 0.996024 0.996025 0.996026 0.996028 0.996030 0.996034 0.996039 0.996046 0.996057 0.996072 0.996091 0.996118 0.996154 0.996200 0.996259 0.996334 0.996427 0.996541 0.996678 0.996841 0.997030 0.997245 0.997479 0.997720 0.997969 0.998254
0.998724 0.998540 0.998352 0.998164 0.997979 0.997811 0.997663 0.997536 0.997428 0.997338 0.997264 0.997205 0.997157 0.997120 0.997092 0.997070 0.997054 0.997043 0.997034 0.997028 0.997024 0.997021 0.997019 0.997018 0.997017 0.997016 0.997016 0.997016 0.997015 0.997015 0.997015 0.997015 0.997015 0.997015 0.997015 0.997015 0.997015 0.997015 0.997015 0.997015 0.997015 0.997015 0.997015 0.997015 0.997015 0.997015 0.997015 0.997015 0.997015 0.997015 0.997015 0.997015 0.997015 0.997015 0.997015 0.997015 0.997015 0.997015 0.997015 0.997015 0.997015 0.997015 0.997015 0.997015 0.997015 0.997015 0.997015 0.997015 0.997015 0.997015 0.997015 0.997015 0.997015 0.997015 0.997015 0.997015 0.997015 0.997015 0.997015 0.997015 0.997015 0.997015 0.997015 0.997015 0.997015 0.997015 0.997015 0.997015 0.997015 0.997015 0.997015 0.997015 0.997015 0.997015 0.997015 0.997015 0.997015 0.997015 0.997015 0.997015 0.997015 0.997015 0.997015 0.997015 0.997015 0.997015 0.997015 0.997015 0.997015 0.997015 0.997015 0.997015 0.997015 0.997015 0.997015 0.997015 0.997015 0.997015 0.997015 0.997015 0.997015 0.997015 0.997015 0.997015 0.997015 0.997015 0.997015 0.997015 0.997015 0.997015 0.997015 0.997015 0.997015 0.997015 0.997015 0.997015 0.997015 0.997015 0.997015 0.997015 0.997015 0.997015 0.997015 0.997015 0.997015 0.997015 0.997015 0.997015 0.997015 0.997015 0.997015 0.997015 0.997015 0.997015 0.997015 0.997015 0.997015 0.997015 0.997015 0.997015 0.997015 0.997015 0.997015 0.997015 0.997015 0.997015 0.997015 0.997015 0.997015 0.997015 0.997015 0.997015 0.997015 0.997015 0.997016 0.997016 0.997016 0.997017 0.997018 0.997019 0.997021 0.997024 0.997028 0.997034 0.997043 0.997054 0.997070 0.997092 0.997120 0.997157 0.997205 0.997264 0.997338 0.997428 0.997536 0.997663 0.997811 0.997979 0.998164 0.998352 0.998540 0.998724
0.999083 0.998977 0.998838 0.998693 0.998550 0.998420 0.998306 0.998207 0.998124 0.998054 0.997997 0.997950 0.997913 0.997884 0.997862 0.997845 0.997832 0.997823 0.997816 0.997811 0.997808 0.997806 0.997804 0.997803 0.997802 0.997802 0.997802 0.997801 0.997801 0.997801 0.997801 0.997801 0.997801 0.997801 0.997801 0.997801 0.997801 0.997801 0.997801 0.997801 0.997801 0.997801 0.997801 0.997801 0.997801 0.997801 0.997801 0.997801 0.997801 0.997801 0.997801 0.997801 0.997801 0.997801 0.997801 0.997801 0.997801 0.997801 0.997801 0.997801 0.997801 0.997801 0.997801 0.997801 0.997801 0.997801 0.997801 0.997801 0.997801 0.997801 0.997801 0.997801 0.997801 0.997801 0.997801 0.997801 0.997801 0.997801 0.997801 0.997801 0.997801 0.997801 0.997801 0.997801 0.997801 0.997801 0.997801 0.997801 0.997801 0.997801 0.997801 0.997801 0.997801 0.997801 0.997801 0.997801 0.997801 0.997801 0.997801 0.997801 0.997801 0.997801 0.997801 0.997801 0.997801 0.997801 0.997801 0.997801 0.997801 0.997801 0.997801 0.997801 0.997801 0.997801 0.997801 0.997801 0.997801 0.997801 0.997801 0.997801 0.997801 0.997801 0.997801 0.997801 0.997801 0.997801 0.997801 0.997801 0.997801 0.997801 0.997801 0.997801 0.997801 0.997801 0.997801 0.997801 0.997801 0.997801 0.997801 0.997801 0.997801 0.997801 0.997801 0.997801 0.997801 0.997801 0.997801 0.997801 0.997801 0.997801 0.997801 0.997801 0.997801 0.997801 0.997801 0.997801 0.997801 0.997801 0.997801 0.997801 0.997801 0.997801 0.997801 0.997801 0.997801 0.997801 0.997801 0.997801 0.997801 0.997801 0.997801 0.997801 0.997801 0.997801 0.997801 0.997802 0.997802 0.997802 0.997803 0.997804 0.997806 0.997808 0.997811 0.997816 0.997823 0.997832 0.997845 0.997862 0.997884 0.997913 0.997950 0.997997 0.998054 0.998124 0.998207 0.998306 0.998420 0.998550 0.998693 0.998838 0.998977 0.999083
0.999353 0.999305 0.999205 0.999095 0.998986 0.998888 0.998801 0.998726 0.998662 0.998609 0.998565 0.998530 0.998501 0.998479 0.998461 0.998448 0.998438 0.998431 0.998426 0.998422 0.998419 0.998418 0.998416 0.998415 0.998415 0.998415 0.998414 0.998414 0.998414 0.998414 0.998414 0.998414 0.998414 0.998414 0.998414 0.998414 0.998414 0.998414 0.998414 0.998414 0.998414 0.998414 0.998414 0.998414 0.998414 0.998414 0.998414 0.998414 0.998414 0.998414 0.998414 0.998414 0.998414 0.998414 0.998414 0.998414 0.998414 0.998414 0.998414 0.998414 0.998414 0.998414 0.998414 0.998414 0.998414 0.998414 0.998414 0.998414 0.998414 0.998414 0.998414 0.998414 0.998414 0.998414 0.998414 0.998414 0.998414 0.998414 0.998414 0.998414 0.998414 0.998414 0.998414 0.998414 0.998414 0.998414 0.998414 0.998414 0.998414 0.998414 0.998414 0.998414 0.998414 0.998414 0.998414 0.998414 0.998414 0.998414 0.998414 0.998414 0.998414 0.998414 0.998414 0.998414 0.998414 0.998414 0.998414 0.998414 0.998414 0.998414 0.998414 0.998414 0.998414 0.998414 0.998414 0.998414 0.998414 0.998414 0.998414 0.998414 0.998414 0.998414 0.998414 0.998414 0.998414 0.998414 0.998414 0.998414 0.998414 0.998414 0.998414 0.998414 0.998414 0.998414 0.998414 0.998414 0.998414 0.998414 0.998414 0.998414 0.998414 0.998414 0.998414 0.998414 0.998414 0.998414 0.998414 0.998414 0.998414 0.998414 0.998414 0.998414 0.998414 0.998414 0.998414 0.998414 0.998414 0.998414 0.998414 0.998414 0.998414 0.998414 0.998414 0.998414 0.998414 0.998414 0.998414 0.998414 0.998414 0.998414 0.998414 0.998414 0.998414 0.998414 0.998414 0.998414 0.998415 0.998415 0.998415 0.998416 0.998418 0.998419 0.998422 0.998426 0.998431 0.998438 0.998448 0.998461 0.998479 0.998501 0.998530 0.998565 0.998609 0.998662 0.998726 0.998801 0.998888 0.998986 0.999095 0.999205 0.999305 0.999353
0.999553 0.999548 0.999478 0.999395 0.999314 0.999240 0.999176 0.999120 0.999072 0.999032 0.998999 0.998972 0.998951 0.998934 0.998921 0.998911 0.998903 0.998898 0.998893 0.998891 0.998889 0.998887 0.998886 0.998885 0.998885 0.998885 0.998885 0.998884 0.998884 0.998884 0.998884 0.998884 0.998884 0.998884 0.998884 0.998884 0.998884 0.998884 0.998884 0.998884 0.998884 0.998884 0.998884 0.998884 0.998884 0.998884 0.998884 0.998884 0.998884 0.998884 0.998884 0.998884 0.998884 0.998884 0.998884 0.998884 0.998884 0.998884 0.998884 0.998884 0.998884 0.998884 0.998884 0.998884 0.998884 0.998884 0.998884 0.998884 0.998884 0.998884 0.998884 0.998884 0.998884 0.998884 0.998884 0.998884 0.998884 0.998884 0.998884 0.998884 0.998884 0.998884 0.998884 0.998884 0.998884 0.998884 0.998884 0.998884 0.998884 0.998884 0.998884 0.998884 0.998884 0.998884 0.998884 0.998884 0.998884 0.998884 0.998884 0.998884 0.998884 0.998884 0.998884 0.998884 0.998884 0.998884 0.998884 0.998884 0.998884 0.998884 0.998884 0.998884 0.998884 0.998884 0.998884 0.998884 0.998884 0.998884 0.998884 0.998884 0.998884 0.998884 0.998884 0.998884 0.998884 0.998884 0.998884 0.998884 0.998884 0.998884 0.998884 0.998884 0.998884 0.998884 0.998884 0.998884 0.998884 0.998884 0.998884 0.998884 0.998884 0.998884 0.998884 0.998884 0.998884 0.998884 0.998884 0.998884 0.998884 0.998884 0.998884 0.998884 0.998884 0.998884 0.998884 0.998884 0.998884 0.998884 0.998884 0.998884 0.998884 0.998884 0.998884 0.998884 0.998884 0.998884 0.998884 0.998884 0.998884 0.998884 0.998884 0.998884 0.998884 0.998884 0.998884 0.998885 0.998885 0.998885 0.998885 0.998886 0.998887 0.998889 0.998891 0.998893 0.998898 0.998903 0.998911 0.998921 0.998934 0.998951 0.998972 0.998999 0.999032 0.999072 0.999120 0.999176 0.999240 0.999314 0.999395 0.999478 0.999548 0.999553
0.999698 0.999723 0.999676 0.999615 0.999555 0.999501 0.999454 0.999413 0.999378 0.999349 0.999325 0.999305 0.999289 0.999276 0.999266 0.999259 0.999253 0.999249 0.999246 0.999244 0.999242 0.999241 0.999240 0.999240 0.999239 0.999239 0.999239 0.999239 0.999239 0.999239 0.999239 0.999239 0.999239 0.999239 0.999239 0.999239 0.999239 0.999239 0.999239 0.999239 0.999239 0.999239 0.999239 0.999239 0.999239 0.999239 0.999239 0.999239 0.999239 0.999239 0.999239 0.999239 0.999239 0.999239 0.999239 0.999239 0.999239 0.999239 0.999239 0.999239 0.999239 0.999239 0.999239 0.999239 0.999239 0.999239 0.999239 0.999239 0.999239 0.999239 0.999239 0.999239 0.999239 0.999239 0.999239 0.999239 0.999239 0.999239 0.999239 0.999239 0.999239 0.999239 0.999239 0.999239 0.999239 0.999239 0.999239 0.999239 0.999239 0.999239 0.999239 0.999239 0.999239 0.999239 0.999239 0.999239 0.999239 0.999239 0.999239 0.999239 0.999239 0.999239 0.999239 0.999239 0.999239 0.999239 0.999239 0.999239 0.999239 0.999239 0.999239 0.999239 0.999239 0.999239 0.999239 0.999239 0.999239 0.999239 0.999239 0.999239 0.999239 0.999239 0.999239 0.999239 0.999239 0.999239 0.999239 0.999239 0.999239 0.999239 0.999239 0.999239 0.999239 0.999239 0.999239 0.999239 0.999239 0.999239 0.999239 0.999239 0.999239 0.999239 0.999239 0.999239 0.999239 0.999239 0.999239 0.999239 0.999239 0.999239 0.999239 0.999239 0.999239 0.999239 0.999239 0.999239 0.999239 0.999239 0.999239 0.999239 0.999239 0.999239 0.999239 0.999239 0.999239 0.999239 0.999239 0.999239 0.999239 0.999239 0.999239 0.999239 0.999239 0.999239 0.999239 0.999239 0.999239 0.999239 0.999240 0.999240 0.999241 0.999242 0.999244 0.999246 0.999249 0.999253 0.999259 0.999266 0.999276 0.999289 0.999305 0.999325 0.999349 0.999378 0.999413 0.999454 0.999501 0.999555 0.999615 0.999676 0.999723 0.999698
0.999801 0.999845 0.999815 0.999772 0.999729 0.999690 0.999657 0.999628 0.999602 0.999581 0.999564 0.999549 0.999538 0.999528 0.999521 0.999516 0.999512 0.999509 0.999506 0.999505 0.999503 0.999503 0.999502 0.999502 0.999502 0.999501 0.999501 0.999501 0.999501 0.999501 0.999501 0.999501 0.999501 0.999501 0.999501 0.999501 0.999501 0.999501 0.999501 0.999501 0.999501 0.999501 0.999501 0.999501 0.999501 0.999501 0.999501 0.999501 0.999501 0.999501 0.999501 0.999501 0.999501 0.999501 0.999501 0.999501 0.999501 0.999501 0.999501 0.999501 0.999501 0.999501 0.999501 0.999501 0.999501 0.999501 0.999501 0.999501 0.999501 0.999501 0.999501 0.999501 0.999501 0.999501 0.999501 0.999501 0.999501 0.999501 0.999501 0.999501 0.999501 0.999501 0.999501 0.999501 0.999501 0.999501 0.999501 0.999501 0.999501 0.999501 0.999501 0.999501 0.999501 0.999501 0.999501 0.999501 0.999501 0.999501 0.999501 0.999501 0.999501 0.999501 0.999501 0.999501 0.999501 0.999501 0.999501 0.999501 0.999501 0.999501 0.999501 0.999501 0.999501 0.999501 0.999501 0.999501 0.999501 0.999501 0.999501 0.999501 0.999501 0.999501 0.999501 0.999501 0.999501 0.999501 0.999501 0.999501 0.999501 0.999501 0.999501 0.999501 0.999501 0.999501 0.999501 0.999501 0.999501 0.999501 0.999501 0.999501 0.999501 0.999501 0.999501 0.999501 0.999501 0.999501 0.999501 0.999501 0.999501 0.999501 0.999501 0.999501 0.999501 0.999501 0.999501 0.999501 0.999501 0.999501 0.999501 0.999501 0.999501 0.999501 0.999501 0.999501 0.999501 0.999501 0.999501 0.999501 0.999501 0.999501 0.999501 0.999501 0.999501 0.999501 0.999501 0.999501 0.999501 0.999502 0.999502 0.999502 0.999503 0.999503 0.999505 0.999506 0.999509 0.999512 0.999516 0.999521 0.999528 0.999538 0.999549 0.999564 0.999581 0.999602 0.999628 0.999657 0.999690 0.999729 0.999772 0.999815 0.999845 0.999801
0.999872 0.999927 0.999910 0.999879 0.999850 0.999823 0.999800 0.999780 0.999762 0.999748 0.999735 0.999725 0.999717 0.999710 0.999705 0.999701 0.999698 0.999696 0.999694 0.999693 0.999692 0.999692 0.999691 0.999691 0.999691 0.999691 0.999691 0.999691 0.999691 0.999691 0.999691 0.999691 0.999691 0.999691 0.999691 0.999691 0.999691 0.999691 0.999691 0.999691 0.999691 0.999691 0.999691 0.999691 0.999691 0.999691 0.999691 0.999691 0.999691 0.999691 0.999691 0.999691 0.999691 0.999691 0.999691 0.999691 0.999691 0.999691 0.999691 0.999691 0.999691 0.999691 0.999691 0.999691 0.999691 0.999691 0.999691 0.999691 0.999691 0.999691 0.999691 0.999691 0.999691 0.999691 0.999691 0.999691 0.999691 0.999691 0.999691 0.999691 0.999691 0.999691 0.999691 0.999691 0.999691 0.999691 0.999691 0.999691 0.999691 0.999691 0.999691 0.999691 0.999691 0.999691 0.999691 0.999691 0.999691 0.999691 0.999691 0.999691 0.999691 0.999691 0.999691 0.999691 0.999691 0.999691 0.999691 0.999691 0.999691 0.999691 0.999691 0.999691 0.999691 0.999691 0.999691 0.999691 0.999691 0.999691 0.999691 0.999691 0.999691 0.999691 0.999691 0.999691 0.999691 0.999691 0.999691 0.999691 0.999691 0.999691 0.999691 0.999691 0.999691 0.999691 0.999691 0.999691 0.999691 0.999691 0.999691 0.999691 0.999691 0.999691 0.999691 0.999691 0.999691 0.999691 0.999691 0.999691 0.999691 0.999691 0.999691 0.999691 0.999691 0.999691 0.999691 0.999691 0.999691 0.999691 0.999691 0.999691 0.999691 0.999691 0.999691 0.999691 0.999691 0.999691 0.999691 0.999691 0.999691 0.999691 0.999691 0.999691 0.999691 0.999691 0.999691 0.999691 0.999691 0.999691 0.999691 0.999691 0.999692 0.999692 0.999693 0.999694 0.999696 0.999698 0.999701 0.999705 0.999710 0.999717 0.999725 0.999735 0.999748 0.999762 0.999780 0.999800 0.999823 0.999850 0.999879 0.999910 0.999927 0.999872
0.999920 0.999978 0.999969 0.999949 0.999930 0.999913 0.999898 0.999884 0.999873 0.999863 0.999854 0.999847 0.999842 0.999837 0.999834 0.999831 0.999829 0.999827 0.999826 0.999825 0.999825 0.999824 0.999824 0.999824 0.999824 0.999824 0.999824 0.999824 0.999824 0.999824 0.999824 0.999824 0.999824 0.999824 0.999824 0.999824 0.999824 0.999824 0.999824 0.999824 0.999824 0.999824 0.999824 0.999824 0.999824 0.999824 0.999824 0.999824 0.999824 0.999824 0.999824 0.999824 0.999824 0.999824 0.999824 0.999824 0.999824 0.999824 0.999824 0.999824 0.999824 0.999824 0.999824 0.999824 0.999824 0.999824 0.999824 0.999824 0.999824 0.999824 0.999824 0.999824 0.999824 0.999824 0.999824 0.999824 0.999824 0.999824 0.999824 0.999824 0.999824 0.999824 0.999824 0.999824 0.999824 0.999824 0.999824 0.999824 0.999824 0.999824 0.999824 0.999824 0.999824 0.999824 0.999824 0.999824 0.999824 0.999824 0.999824 0.999824 0.999824 0.999824 0.999824 0.999824 0.999824 0.999824 0.999824 0.999824 0.999824 0.999824 0.999824 0.999824 0.999824 0.999824 0.999824 0.999824 0.999824 0.999824 0.999824 0.999824 0.999824 0.999824 0.999824 0.999824 0.999824 0.999824 0.999824 0.999824 0.999824 0.999824 0.999824 0.999824 0.999824 0.999824 0.999824 0.999824 0.999824 0.999824 0.999824 0.999824 0.999824 0.999824 0.999824 0.999824 0.999824 0.999824 0.999824 0.999824 0.999824 0.999824 0.999824 0.999824 0.999824 0.999824 0.999824 0.999824 0.999824 0.999824 0.999824 0.999824 0.999824 0.999824 0.999824 0.999824 0.999824 0.999824 0.999824 0.999824 0.999824 0.999824 0.999824 0.999824 0.999824 0.999824 0.999824 0.999824 0.999824 0.999824 0.999824 0.999824 0.999824 0.999825 0.999825 0.999826 0.999827 0.999829 0.999831 0.999834 0.999837 0.999842 0.999847 0.999854 0.999863 0.999873 0.999884 0.999898 0.999913 0.999930 0.999949 0.999969 0.999978 0.999920
0.999951 1.000005 1.000001 0.999991 0.999980 0.999970 0.999960 0.999952 0.999945 0.999939 0.999933 0.999929 0.999925 0.999922 0.999920 0.999918 0.999917 0.999916 0.999915 0.999914 0.999914 0.999914 0.999913 0.999913 0.999913 0.999913 0.999913 0.999913 0.999913 0.999913 0.999913 0.999913 0.999913 0.999913 0.999913 0.999913 0.999913 0.999913 0.999913 0.999913 0.999913 0.999913 0.999913 0.999913 0.999913 0.999913 0.999913 0.999913 0.999913 0.999913 0.999913 0.999913 0.999913 0.999913 0.999913 0.999913 0.999913 0.999913 0.999913 0.999913 0.999913 0.999913 0.999913 0.999913 0.999913 0.999913 0.999913 0.999913 0.999913 0.999913 0.999913 0.999913 0.999913 0.999913 0.999913 0.999913 0.999913 0.999913 0.999913 0.999913 0.999913 0.999913 0.999913 0.999913 0.999913 0.999913 0.999913 0.999913 0.999913 0.999913 0.999913 0.999913 0.999913 0.999913 0.999913 0.999913 0.999913 0.999913 0.999913 0.999913 0.999913 0.999913 0.999913 0.999913 0.999913 0.999913 0.999913 0.999913 0.999913 0.999913 0.999913 0.999913 0.999913 0.999913 0.999913 0.999913 0.999913 0.999913 0.999913 0.999913 0.999913 0.999913 0.999913 0.999913 0.999913 0.999913 0.999913 0.999913 0.999913 0.999913 0.999913 0.999913 0.999913 0.999913 0.999913 0.999913 0.999913 0.999913 0.999913 0.999913 0.999913 0.999913 0.999913 0.999913 0.999913 0.999913 0.999913 0.999913 0.999913 0.999913 0.999913 0.999913 0.999913 0.999913 0.999913 0.999913 0.999913 0.999913 0.999913 0.999913 0.999913 0.999913 0.999913 0.999913 0.999913 0.999913 0.999913 0.999913 0.999913 0.999913 0.999913 0.999913 0.999913 0.999913 0.999913 0.999913 0.999913 0.999913 0.999913 0.999913 0.999914 0.999914 0.999914 0.999915 0.999916 0.999917 0.999918 0.999920 0.999922 0.999925 0.999929 0.999933 0.999939 0.999945 0.999952 0.999960 0.999970 0.999980 0.999991 1.000001 1.000005 0.999951
0.999971 1.000012 1.000012 1.000010 1.000006 1.000001 0.999996 0.999992 0.999988 0.999985 0.999981 0.999979 0.999977 0.999975 0.999974 0.999973 0.999972 0.999971 0.999971 0.999970 0.999970 0.999970 0.999970 0.999970 0.999970 0.999970 0.999969 0.999969 0.999969 0.999969 0.999969 0.999969 0.999969 0.999969 0.999969 0.999969 0.999969 0.999969 0.999969 0.999969 0.999969 0.999969 0.999969 0.999969 0.999969 0.999969 0.999969 0.999969 0.999969 0.999969 0.999969 0.999969 0.999969 0.999969 0.999969 0.999969 0.999969 0.999969 0.999969 0.999969 0.999969 0.999969 0.999969 0.999969 0.999969 0.999969 0.999969 0.999969 0.999969 0.999969 0.999969 0.999969 0.999969 0.999969 0.999969 0.999969 0.999969 0.999969 0.999969 0.999969 0.999969 0.999969 0.999969 0.999969 0.999969 0.999969 0.999969 0.999969 0.999969 0.999969 0.999969 0.999969 0.999969 0.999969 0.999969 0.999969 0.999969 0.999969 0.999969 0.999969 0.999969 0.999969 0.999969 0.999969 0.999969 0.999969 0.999969 0.999969 0.999969 0.999969 0.999969 0.999969 0.999969 0.999969 0.999969 0.999969 0.999969 0.999969 0.999969 0.999969 0.999969 0.999969 0.999969 0.999969 0.999969 0.999969 0.999969 0.999969 0.999969 0.999969 0.999969 0.999969 0.999969 0.999969 0.999969 0.999969 0.999969 0.999969 0.999969 0.999969 0.999969 0.999969 0.999969 0.999969 0.999969 0.999969 0.999969 0.999969 0.999969 0.999969 0.999969 0.999969 0.999969 0.999969 0.999969 0.999969 0.999969 0.999969 0.999969 0.999969 0.999969 0.999969 0.999969 0.999969 0.999969 0.999969 0.999969 0.999969 0.999969 0.999969 0.999969 0.999969 0.999969 0.999969 0.999969 0.999969 0.999970 0.999970 0.999970 0.999970 0.999970 0.999970 0.999970 0.999971 0.999971 0.999972 0.999973 0.999974 0.999975 0.999977 0.999979 0.999981 0.999985 0.999988 0.999992 0.999996 1.000001 1.000006 1.000010 1.000012 1.000012 0.999971
0.999983 1.000012 1.000012 1.000012 1.000012 1.000012 1.000012 1.000010 1.000009 1.000008 1.000006 1.000005 1.000004 1.000003 1.000003 1.000002 1.000002 1.000001 1.000001 1.000001 1.000001 1.000001 1.000001 1.000001 1.000001 1.000001 1.000001 1.000001 1.000001 1.000001 1.000001 1.000001 1.000001 1.000001 1.000001 1.000001 1.000001 1.000001 1.000001 1.000001 1.000001 1.000001 1.000001 1.000001 1.000001 1.000001 1.000001 1.000001 1.000001 1.000001 1.000001 1.000001 1.000001 1.000001 1.000001 1.000001 1.000001 1.000001 1.000001 1.000001 1.000001 1.000001 1.000001 1.000001 1.000001 1.000001 1.000001 1.000001 1.000001 1.000001 1.000001 1.000001 1.000001 1.000001 1.000001 1.000001 1.000001 1.000001 1.000001 1.000001 1.000001 1.000001 1.000001 1.000001 1.000001 1.000001 1.000001 1.000001 1.000001 1.000001 1.000001 1.000001 1.000001 1.000001 1.000001 1.000001 1.000001 1.000001 1.000001 1.000001 1.000001 1.000001 1.000001 1.000001 1.000001 1.000001 1.000001 1.000001 1.000001 1.000001 1.000001 1.000001 1.000001 1.000001 1.000001 1.000001 1.000001 1.000001 1.000001 1.000001 1.000001 1.000001 1.000001 1.000001 1.000001 1.000001 1.000001 1.000001 1.000001 1.000001 1.000001 1.000001 1.000001 1.000001 1.000001 1.000001 1.000001 1.000001 1.000001 1.000001 1.000001 1.000001 1.000001 1.000001 1.000001 1.000001 1.000001 1.000001 1.000001 1.000001 1.000001 1.000001 1.000001 1.000001 1.000001 1.000001 1.000001 1.000001 1.000001 1.000001 1.000001 1.000001 1.000001 1.000001 1.000001 1.000001 1.000001 1.000001 1.000001 1.000001 1.000001 1.000001 1.000001 1.000001 1.000001 1.000001 1.000001 1.000001 1.000001 1.000001 1.000001 1.000001 1.000001 1.000001 1.000001 1.000002 1.000002 1.000003 1.000003 1.000004 1.000005 1.000006 1.000008 1.000009 1.000010 1.000012 1.000012 1.000012 1.000012 1.000012 1.000012 0.999983
0.999992 1.000012 1.000012 1.000012 1.000012 1.000012 1.000012 1.000012 1.000012 1.000012 1.000012 1.000012 1.000012 1.000012 1.000012 1.000012 1.000012 1.000012 1.000012 1.000012 1.000012 1.000012 1.000012 1.000012 1.000012 1.000012 1.000012 1.000012 1.000012 1.000012 1.000012 1.000012 1.000012 1.000012 1.000012 1.000012 1.000012 1.000012 1.000012 1.000012 1.000012 1.000012 1.000012 1.000012 1.000012 1.000012 1.000012 1.000012 1.000012 1.000012 1.000012 1.000012 1.000012 1.000012 1.000012 1.000012 1.000012 1.000012 1.000012 1.000012 1.000012 1.000012 1.000012 1.000012 1.000012 1.000012 1.000012 1.000012 1.000012 1.000012 1.000012 1.000012 1.000012 1.000012 1.000012 1.000012 1.000012 1.000012 1.000012 1.000012 1.000012 1.000012 1.000012 1.000012 1.000012 1.000012 1.000012 1.000012 1.000012 1.000012 1.000012 1.000012 1.000012 1.000012 1.000012 1.000012 1.000012 1.000012 1.000012 1.000012 1.000012 1.000012 1.000012 1.000012 1.000012 1.000012 1.000012 1.000012 1.000012 1.000012 1.000012 1.000012 1.000012 1.000012 1.000012 1.000012 1.000012 1.000012 1.000012 1.000012 1.000012 1.000012 1.000012 1.000012 1.000012 1.000012 1.000012 1.000012 1.000012 1.000012 1.000012 1.000012 1.000012 1.000012 1.000012 1.000012 1.000012 1.000012 1.000012 1.000012 1.000012 1.000012 1.000012 1.000012 1.000012 1.000012 1.000012 1.000012 1.000012 1.000012 1.000012 1.000012 1.000012 1.000012 1.000012 1.000012 1.000012 1.000012 1.000012 1.000012 1.000012 1.000012 1.000012 1.000012 1.000012 1.000012 1.000012 1.000012 1.000012 1.000012 1.000012 1.000012 1.000012 1.000012 1.000012 1.000012 1.000012 1.000012 1.000012 1.000012 1.000012 1.000012 1.000012 1.000012 1.000012 1.000012 1.000012 1.000012 1.000012 1.000012 1.000012 1.000012 1.000012 1.000012 1.000012 1.000012 1.000012 1.000012 1.000012 1.000012 1.000012 0.999992
0.999996 1.000012 1.000012 1.000012 1.000012 1.000012 1.000012 1.000012 1.000012 1.000012 1.000012 1.000012 1.000012 1.000012 1.000012 1.000012 1.000012 1.000012 1.000012 1.000012 1.000012 1.000012 1.000012 1.000012 1.000012 1.000012 1.000012 1.000012 1.000012 1.000012 1.000012 1.000012 1.000012 1.000012 1.000012 1.000012 1.000012 1.000012 1.000012 1.000012 1.000012 1.000012 1.000012 1.000012 1.000012 1.000012 1.000012 1.000012 1.000012 1.000012 1.000012 1.000012 1.000012 1.000012 1.000012 1.000012 1.000012 1.000012 1.000012 1.000012 1.000012 1.000012 1.000012 1.000012 1.000012 1.000012 1.000012 1.000012 1.000012 1.000012 1.000012 1.000012 1.000012 1.000012 1.000012 1.000012 1.000012 1.000012 1.000012 1.000012 1.000012 1.000012 1.000012 1.000012 1.000012 1.000012 1.000012 1.000012 1.000012 1.000012 1.000012 1.000012 1.000012 1.000012 1.000012 1.000012 1.000012 1.000012 1.000012 1.000012 1.000012 1.000012 1.000012 1.000012 1.000012 1.000012 1.000012 1.000012 1.000012 1.000012 1.000012 1.000012 1.000012 1.000012 1.000012 1.000012 1.000012 1.000012 1.000012 1.000012 1.000012 1.000012 1.000012 1.000012 1.000012 1.000012 1.000012 1.000012 1.000012 1.000012 1.000012 1.000012 1.000012 1.000012 1.000012 1.000012 1.000012 1.000012 1.000012 1.000012 1.000012 1.000012 1.000012 1.000012 1.000012 1.000012 1.000012 1.000012 1.000012 1.000012 1.000012 1.000012 1.000012 1.000012 1.000012 1.000012 1.000012 1.000012 1.000012 1.000012 1.000012 1.000012 1.000012 1.000012 1.000012 1.000012 1.000012 1.000012 1.000012 1.000012 1.000012 1.000012 1.000012 1.000012 1.000012 1.000012 1.000012 1.000012 1.000012 1.000012 1.000012 1.000012 1.000012 1.000012 1.000012 1.000012 1.000012 1.000012 1.000012 1.000012 1.000012 1.000012 1.000012 1.000012 1.000012 1.000012 1.000012 1.000012 1.000012 1.000012 1.000012 0.999996
0.999999 1.000012 1.000012 1.000012 1.000012 1.000012 1.000012 1.000012 1.000012 1.000012 1.000012 1.000012 1.000012 1.000012 1.000012 1.000012 1.000012 1.000012 1.000012 1.000012 1.000012 1.000012 1.000012 1.000012 1.000012 1.000012 1.000012 1.000012 1.000012 1.000012 1.000012 1.000012 1.000012 1.000012 1.000012 1.000012 1.000012 1.000012 1.000012 1.000012 1.000012 1.000012 1.000012 1.000012 1.000012 1.000012 1.000012 1.000012 1.000012 1.000012 1.000012 1.000012 1.000012 1.000012 1.000012 1.000012 1.000012 1.000012 1.000012 1.000012 1.000012 1.000012 1.000012 1.000012 1.000012 1.000012 1.000012 1.000012 1.000012 1.000012 1.000012 1.000012 1.000012 1.000012 1.000012 1.000012 1.000012 1.000012 1.000012 1.000012 1.000012 1.000012 1.000012 1.000012 1.000012 1.000012 1.000012 1.000012 1.000012 1.000012 1.000012 1.000012 1.000012 1.000012 1.000012 1.000012 1.000012 1.000012 1.000012 1.000012 1.000012 1.000012 1.000012 1.000012 1.000012 1.000012 1.000012 1.000012 1.000012 1.000012 1.000012 1.000012 1.000012 1.000012 1.000012 1.000012 1.000012 1.000012 1.000012 1.000012 1.000012 1.000012 1.000012 1.000012 1.000012 1.000012 1.000012 1.000012 1.000012 1.000012 1.000012 1.000012 1.000012 1.000012 1.000012 1.000012 1.000012 1.000012 1.000012 1.000012 1.000012 1.000012 1.000012 1.000012 1.000012 1.000012 1.000012 1.000012 1.000012 1.000012 1.000012 1.000012 1.000012 1.000012 1.000012 1.000012 1.000012 1.000012 1.000012 1.000012 1.000012 1.000012 1.000012 1.000012 1.000012 1.000012 1.000012 1.000012 1.000012 1.000012 1.000012 1.000012 1.000012 1.000012 1.000012 1.000012 1.000012 1.000012 1.000012 1.000012 1.000012 1.000012 1.000012 1.000012 1.000012 1.000012 1.000012 1.000012 1.000012 1.000012 1.000012 1.000012 1.000012 1.000012 1.000012 1.000012 1.000012 1.000012 1.000012 1.000012 1.000012 0.999999
1.000000 1.000012 1.000012 1.000012 1.000012 1.000012 1.000012 1.000012 1.000012 1.000012 1.000012 1.000012 1.000012 1.000012 1.000012 1.000012 1.000012 1.000012 1.000012 1.000012 1.000012 1.000012 1.000012 1.000012 1.000012 1.000012 1.000012 1.000012 1.000012 1.000012 1.000012 1.000012 1.000012 1.000012 1.000012 1.000012 1.000012 1.000012 1.000012 1.000012 1.000012 1.000012 1.000012 1.000012 1.000012 1.000012 1.000012 1.000012 1.000012 1.000012 1.000012 1.000012 1.000012 1.000012 1.000012 1.000012 1.000012 1.000012 1.000012 1.000012 1.000012 1.000012 1.000012 1.000012 1.000012 1.000012 1.000012 1.000012 1.000012 1.000012 1.000012 1.000012 1.000012 1.000012 1.000012 1.000012 1.000012 1.000012 1.000012 1.000012 1.000012 1.000012 1.000012 1.000012 1.000012 1.000012 1.000012 1.000012 1.000012 1.000012 1.000012 1.000012 1.000012 1.000012 1.000012 1.000012 1.000012 1.000012 1.000012 1.000012 1.000012 1.000012 1.000012 1.000012 1.000012 1.000012 1.000012 1.000012 1.000012 1.000012 1.000012 1.000012 1.000012 1.000012 1.000012 1.000012 1.000012 1.000012 1.000012 1.000012 1.000012 1.000012 1.000012 1.000012 1.000012 1.000012 1.000012 1.000012 1.000012 1.000012 1.000012 1.000012 1.000012 1.000012 1.000012 1.000012 1.000012 1.000012 1.000012 1.000012 1.000012 1.000012 1.000012 1.000012 1.000012 1.000012 1.000012 1.000012 1.000012 1.000012 1.000012 1.000012 1.000012 1.000012 1.000012 1.000012 1.000012 1.000012 1.000012 1.000012 1.000012 1.000012 1.000012 1.000012 1.000012 1.000012 1.000012 1.000012 1.000012 1.000012 1.000012 1.000012 1.000012 1.000012 1.000012 1.000012 1.000012 1.000012 1.000012 1.000012 1.000012 1.000012 1.000012 1.000012 1.000012 1.000012 1.000012 1.000012 1.000012 1.000012 1.000012 1.000012 1.000012 1.000012 1.000012 1.000012 1.000012 1.000012 1.000012 1.000012 1.000012 1.000000
1.000000 1.000012 1.000012 1.000012 1.000012 1.000012 1.000012 1.000012 1.000012 1.000012 1.000012 1.000012 1.000012 1.000012 1.000012 1.000012 1.000012 1.000012 1.000012 1.000012 1.000012 1.000012 1.000012 1.000012 1.000012 1.000012 1.000012 1.000012 1.000012 1.000012 1.000012 1.000012 1.000012 1.000012 1.000012 1.000012 1.000012 1.000012 1.000012 1.000012 1.000012 1.000012 1.000012 1.000012 1.000012 1.000012 1.000012 1.000012 1.000012 1.000012 1.000012 1.000012 1.000012 1.000012 1.000012 1.000012 1.000012 1.000012 1.000012 1.000012 1.000012 1.000012 1.000012 1.000012 1.000012 1.000012 1.000012 1.000012 1.000012 1.000012 1.000012 1.000012 1.000012 1.000012 1.000012 1.000012 1.000012 1.000012 1.000012 1.000012 1.000012 1.000012 1.000012 1.000012 1.000012 1.000012 1.000012 1.000012 1.000012 1.000012 1.000012 1.000012 1.000012 1.000012 1.000012 1.000012 1.000012 1.000012 1.000012 1.000012 1.000012 1.000012 1.000012 1.000012 1.000012 1.000012 1.000012 1.000012 1.000012 1.000012 1.000012 1.000012 1.000012 1.000012 1.000012 1.000012 1.000012 1.000012 1.000012 1.000012 1.000012 1.000012 1.000012 1.000012 1.000012 1.000012 1.000012 1.000012 1.000012 1.000012 1.000012 1.000012 1.000012 1.000012 1.000012 1.000012 1.000012 1.000012 1.000012 1.000012 1.000012 1.000012 1.000012 1.000012 1.000012 1.000012 1.000012 1.000012 1.000012 1.000012 1.000012 1.000012 1.000012 1.000012 1.000012 1.000012 1.000012 1.000012 1.000012 1.000012 1.000012 1.000012 1.000012 1.000012 1.000012 1.000012 1.000012 1.000012 1.000012 1.000012 1.000012 1.000012 1.000012 1.000012 1.000012 1.000012 1.000012 1.000012 1.000012 1.000012 1.000012 1.000012 1.000012 1.000012 1.000012 1.000012 1.000012 1.000012 1.000012 1.000012 1.000012 1.000012 1.000012 1.000012 1.000012 1.000012 1.000012 1.000012 1.000012 1.000012 1.000012 1.000000
1.000000 1.000012 1.000012 1.000012 1.000012 1.000012 1.000012 1.000012 1.000012 1.000012 1.000012 1.000012 1.000012 1.000012 1.000012 1.000012 1.000012 1.000012 1.000012 1.000012 1.000012 1.000012 1.000012 1.000012 1.000012 1.000012 1.000012 1.000012 1.000012 1.000012 1.000012 1.000012 1.000012 1.000012 1.000012 1.000012 1.000012 1.000012 1.000012 1.000012 1.000012 1.000012 1.000012 1.000012 1.000012 1.000012 1.000012 1.000012 1.000012 1.000012 1.000012 1.000012 1.000012 1.000012 1.000012 1.000012 1.000012 1.000012 1.000012 1.000012 1.000012 1.000012 1.000012 1.000012 1.000012 1.000012 1.000012 1.000012 1.000012 1.000012 1.000012 1.000012 1.000012 1.000012 1.000012 1.000012 1.000012 1.000012 1.000012 1.000012 1.000012 1.000012 1.000012 1.000012 1.000012 1.000012 1.000012 1.000012 1.000012 1.000012 1.000012 1.000012 1.000012 1.000012 1.000012 1.000012 1.000012 1.000012 1.000012 1.000012 1.000012 1.000012 1.000012 1.000012 1.000012 1.000012 1.000012 1.000012 1.000012 1.000012 1.000012 1.000012 1.000012 1.000012 1.000012 1.000012 1.000012 1.000012 1.000012 1.000012 1.000012 1.000012 1.000012 1.000012 1.000012 1.000012 1.000012 1.000012 1.000012 1.000012 1.000012 1.000012 1.000012 1.000012 1.000012 1.000012 1.000012 1.000012 1.000012 1.000012 1.000012 1.000012 1.000012 1.000012 1.000012 1.000012 1.000012 1.000012 1.000012 1.000012 1.000012 1.000012 1.000012 1.000012 1.000012 1.000012 1.000012 1.000012 1.000012 1.000012 1.000012 1.000012 1.000012 1.000012 1.000012 1.000012 1.000012 1.000012 1.000012 1.000012 1.000012 1.000012 1.000012 1.000012 1.000012 1.000012 1.000012 1.000012 1.000012 1.000012 1.000012 1.000012 1.000012 1.000012 1.000012 1.000012 1.000012 1.000012 1.000012 1.000012 1.000012 1.000012 1.000012 1.000012 1.000012 1.000012 1.000012 1.000012 1.000012 1.000012 1.000012 1.000000
1.000000 1.000012 1.000012 1.000012 1.000012 1.000012 1.000012 1.000012 1.000012 1.000012 1.000012 1.000012 1.000012 1.000012 1.000012 1.000012 1.000012 1.000012 1.000012 1.000012 1.000012 1.000012 1.000012 1.000012 1.000012 1.000012 1.000012 1.000012 1.000012 1.000012 1.000012 1.000012 1.000012 1.000012 1.000012 1.000012 1.000012 1.000012 1.000012 1.000012 1.000012 1.000012 1.000012 1.000012 1.000012 1.000012 1.000012 1.000012 1.000012 1.000012 1.000012 1.000012 1.000012 1.000012 1.000012 1.000012 1.000012 1.000012 1.000012 1.000012 1.000012 1.000012 1.000012 1.000012 1.000012 1.000012 1.000012 1.000012 1.000012 1.000012 1.000012 1.000012 1.000012 1.000012 1.000012 1.000012 1.000012 1.000012 1.000012 1.000012 1.000012 1.000012 1.000012 1.000012 1.000012 1.000012 1.000012 1.000012 1.000012 1.000012 1.000012 1.000012 1.000012 1.000012 1.000012 1.000012 1.000012 1.000012 1.000012 1.000012 1.000012 1.000012 1.000012 1.000012 1.000012 1.000012 1.000012 1.000012 1.000012 1.000012 1.000012 1.000012 1.000012 1.000012 1.000012 1.000012 1.000012 1.000012 1.000012 1.000012 1.000012 1.000012 1.000012 1.000012 1.000012 1.000012 1.000012 1.000012 1.000012 1.000012 1.000012 1.000012 1.000012 1.000012 1.000012 1.000012 1.000012 1.000012 1.000012 1.000012 1.000012 1.000012 1.000012 1.000012 1.000012 1.000012 1.000012 1.000012 1.000012 1.000012 1.000012 1.000012 1.000012 1.000012 1.000012 1.000012 1.000012 1.000012 1.000012 1.000012 1.000012 1.000012 1.000012 1.000012 1.000012 1.000012 1.000012 1.000012 1.000012 1.000012 1.000012 1.000012 1.000012 1.000012 1.000012 1.000012 1.000012 1.000012 1.000012 1.000012 1.000012 1.000012 1.000012 1.000012 1.000012 1.000012 1.000012 1.000012 1.000012 1.000012 1.000012 1.000012 1.000012 1.000012 1.000012 1.000012 1.000012 1.000012 1.000012 1.000012 1.000012 1.000000
1.000000 1.000012 1.000012 1.000012 1.000012 1.000012 1.000012 1.000012 1.000012 1.000012 1.000012 1.000012 1.000012 1.000012 1.000012 1.000012 1.000012 1.000012 1.000012 1.000012 1.000012 1.000012 1.000012 1.000012 1.000012 1.000012 1.000012 1.000012 1.000012 1.000012 1.000012 1.000012 1.000012 1.000012 1.000012 1.000012 1.000012 1.000012 1.000012 1.000012 1.000012 1.000012 1.000012 1.000012 1.000012 1.000012 1.000012 1.000012 1.000012 1.000012 1.000012 1.000012 1.000012 1.000012 1.000012 1.000012 1.000012 1.000012 1.000012 1.000012 1.000012 1.000012 1.000012 1.000012 1.000012 1.000012 1.000012 1.000012 1.000012 1.000012 1.000012 1.000012 1.000012 1.000012 1.000012 1.000012 1.000012 1.000012 1.000012 1.000012 1.000012 1.000012 1.000012 1.000012 1.000012 1.000012 1.000012 1.000012 1.000012 1.000012 1.000012 1.000012 1.000012 1.000012 1.000012 1.000012 1.000012 1.000012 1.000012 1.000012 1.000012 1.000012 1.000012 1.000012 1.000012 1.000012 1.000012 1.000012 1.000012 1.000012 1.000012 1.000012 1.000012 1.000012 1.000012 1.000012 1.000012 1.000012 1.000012 1.000012 1.000012 1.000012 1.000012 1.000012 1.000012 1.000012 1.000012 1.000012 1.000012 1.000012 1.000012 1.000012 1.000012 1.000012 1.000012 1.000012 1.000012 1.000012 1.000012 1.000012 1.000012 1.000012 1.000012 1.000012 1.000012 1.000012 1.000012 1.000012 1.000012 1.000012 1.000012 1.000012 1.000012 1.000012 1.000012 1.000012 1.000012 1.000012 1.000012 1.000012 1.000012 1.000012 1.000012 1.000012 1.000012 1.000012 1.000012 1.000012 1.000012 1.000012 1.000012 1.000012 1.000012 1.000012 1.000012 1.000012 1.000012 1.000012 1.000012 1.000012 1.000012 1.000012 1.000012 1.000012 1.000012 1.000012 1.000012 1.000012 1.000012 1.000012 1.000012 1.000012 1.000012 1.000012 1.000012 1.000012 1.000012 1.000012 1.000012 1.000012 1.000012 1.000000
1.000000 1.000012 1.000012 1.000012 1.000012 1.000012 1.000012 1.000012 1.000012 1.000012 1.000012 1.000012 1.000012 1.000012 1.000012 1.000012 1.000012 1.000012 1.000012 1.000012 1.000012 1.000012 1.000012 1.000012 1.000012 1.000012 1.000012 1.000012 1.000012 1.000012 1.000012 1.000012 1.000012 1.000012 1.000012 1.000012 1.000012 1.000012 1.000012 1.000012 1.000012 1.000012 1.000012 1.000012 1.000012 1.000012 1.000012 1.000012 1.000012 1.000012 1.000012 1.000012 1.000012 1.000012 1.000012 1.000012 1.000012 1.000012 1.000012 1.000012 1.000012 1.000012 1.000012 1.000012 1.000012 1.000012 1.000012 1.000012 1.000012 1.000012 1.000012 1.000012 1.000012 1.000012 1.000012 1.000012 1.000012 1.000012 1.000012 1.000012 1.000012 1.000012 1.000012 1.000012 1.000012 1.000012 1.000012 1.000012 1.000012 1.000012 1.000012 1.000012 1.000012 1.000012 1.000012 1.000012 1.000012 1.000012 1.000012 1.000012 1.000012 1.000012 1.000012 1.000012 1.000012 1.000012 1.000012 1.000012 1.000012 1.000012 1.000012 1.000012 1.000012 1.000012 1.000012 1.000012 1.000012 1.000012 1.000012 1.000012 1.000012 1.000012 1.000012 1.000012 1.000012 1.000012 1.000012 1.000012 1.000012 1.000012 1.000012 1.000012 1.000012 1.000012 1.000012 1.000012 1.000012 1.000012 1.000012 1.000012 1.000012 1.000012 1.000012 1.000012 1.000012 1.000012 1.000012 1.000012 1.000012 1.000012 1.000012 1.000012 1.000012 1.000012 1.000012 1.000012 1.000012 1.000012 1.000012 1.000012 1.000012 1.000012 1.000012 1.000012 1.000012 1.000012 1.000012 1.000012 1.000012 1.000012 1.000012 1.000012 1.000012 1.000012 1.000012 1.000012 1.000012 1.000012 1.000012 1.000012 1.000012 1.000012 1.000012 1.000012 1.000012 1.000012 1.000012 1.000012 1.000012 1.000012 1.000012 1.000012 1.000012 1.000012 1.000012 1.000012 1.000012 1.000012 1.000012 1.000012 1.000012 1.000000
1.000000 1.000012 1.000012 1.000012 1.000012 1.000012 1.000012 1.000012 1.000012 1.000012 1.000012 1.000012 1.000012 1.000012 1.000012 1.000012 1.000012 1.000012 1.000012 1.000012 1.000012 1.000012 1.000012 1.000012 1.000012 1.000012 1.000012 1.000012 1.000012 1.000012 1.000012 1.000012 1.000012 1.000012 1.000012 1.000012 1.000012 1.000012 1.000012 1.000012 1.000012 1.000012 1.000012 1.000012 1.000012 1.000012 1.000012 1.000012 1.000012 1.000012 1.000012 1.000012 1.000012 1.000012 1.000012 1.000012 1.000012 1.000012 1.000012 1.000012 1.000012 1.000012 1.000012 1.000012 1.000012 1.000012 1.000012 1.000012 1.000012 1.000012 1.000012 1.000012 1.000012 1.000012 1.000012 1.000012 1.000012 1.000012 1.000012 1.000012 1.000012 1.000012 1.000012 1.000012 1.000012 1.000012 1.000012 1.000012 1.000012 1.000012 1.000012 1.000012 1.000012 1.000012 1.000012 1.000012 1.000012 1.000012 1.000012 1.000012 1.000012 1.000012 1.000012 1.000012 1.000012 1.000012 1.000012 1.000012 1.000012 1.000012 1.000012 1.000012 1.000012 1.000012 1.000012 1.000012 1.000012 1.000012 1.000012 1.000012 1.000012 1.000012 1.000012 1.000012 1.000012 1.000012 1.000012 1.000012 1.000012 1.000012 1.000012 1.000012 1.000012 1.000012 1.000012 1.000012 1.000012 1.000012 1.000012 1.000012 1.000012 1.000012 1.000012 1.000012 1.000012 1.000012 1.000012 1.000012 1.000012 1.000012 1.000012 1.000012 1.000012 1.000012 1.000012 1.000012 1.000012 1.000012 1.000012 1.000012 1.000012 1.000012 1.000012 1.000012 1.000012 1.000012 1.000012 1.000012 1.000012 1.000012 1.000012 1.000012 1.000012 1.000012 1.000012 1.000012 1.000012 1.000012 1.000012 1.000012 1.000012 1.000012 1.000012 1.000012 1.000012 1.000012 1.000012 1.000012 1.000012 1.000012 1.000012 1.000012 1.000012 1.000012 1.000012 1.000012 1.000012 1.000012 1.000012 1.000012 1.000012 1.000000
1.000000 1.000012 1.000012 1.000012 1.000012 1.000012 1.000012 1.000012 1.000012 1.000012 1.000012 1.000012 1.000012 1.000012 1.000012 1.000012 1.000012 1.000012 1.000012 1.000012 1.000012 1.000012 1.000012 1.000012 1.000012 1.000012 1.000012 1.000012 1.000012 1.000012 1.000012 1.000012 1.000012 1.000012 1.000012 1.000012 1.000012 1.000012 1.000012 1.000012 1.000012 1.000012 1.000012 1.000012 1.000012 1.000012 1.000012 1.000012 1.000012 1.000012 1.000012 1.000012 1.000012 1.000012 1.000012 1.000012 1.000012 1.000012 1.000012 1.000012 1.000012 1.000012 1.000012 1.000012 1.000012 1.000012 1.000012 1.000012 1.000012 1.000012 1.000012 1.000012 1.000012 1.000012 1.000012 1.000012 1.000012 1.000012 1.000012 1.000012 1.000012 1.000012 1.000012 1.000012 1.000012 1.000012 1.000012 1.000012 1.000012 1.000012 1.000012 1.000012 1.000012 1.000012 1.000012 1.000012 1.000012 1.000012 1.000012 1.000012 1.000012 1.000012 1.000012 1.000012 1.000012 1.000012 1.000012 1.000012 1.000012 1.000012 1.000012 1.000012 1.000012 1.000012 1.000012 1.000012 1.000012 1.000012 1.000012 1.000012 1.000012 1.000012 1.000012 1.000012 1.000012 1.000012 1.000012 1.000012 1.000012 1.000012 1.000012 1.000012 1.000012 1.000012 1.000012 1.000012 1.000012 1.000012 1.000012 1.000012 1.000012 1.000012 1.000012 1.000012 1.000012 1.000012 1.000012 1.000012 1.000012 1.000012 1.000012 1.000012 1.000012 1.000012 1.000012 1.000012 1.000012 1.000012 1.000012 1.000012 1.000012 1.000012 1.000012 1.000012 1.000012 1.000012 1.000012 1.000012 1.000012 1.000012 1.000012 1.000012 1.000012 1.000012 1.000012 1.000012 1.000012 1.000012 1.000012 1.000012 1.000012 1.000012 1.000012 1.000012 1.000012 1.000012 1.000012 1.000012 1.000012 1.000012 1.000012 1.000012 1.000012 1.000012 1.000012 1.000012 1.000012 1.000012 1.000012 1.000012 1.000012 1.000000
1.000000 1.000012 1.000012 1.000012 1.000012 1.000012 1.000012 1.000012 1.000012 1.000012 1.000012 1.000012 1.000012 1.000012 1.000012 1.000012 1.000012 1.000012 1.000012 1.000012 1.000012 1.000012 1.000012 1.000012 1.000012 1.000012 1.000012 1.000012 1.000012 1.000012 1.000012 1.000012 1.000012 1.000012 1.000012 1.000012 1.000012 1.000012 1.000012 1.000012 1.000012 1.000012 1.000012 1.000012 1.000012 1.000012 1.000012 1.000012 1.000012 1.000012 1.000012 1.000012 1.000012 1.000012 1.000012 1.000012 1.000012 1.000012 1.000012 1.000012 1.000012 1.000012 1.000012 1.000012 1.000012 1.000012 1.000012 1.000012 1.000012 1.000012 1.000012 1.000012 1.000012 1.000012 1.000012 1.000012 1.000012 1.000012 1.000012 1.000012 1.000012 1.000012 1.000012 1.000012 1.000012 1.000012 1.000012 1.000012 1.000012 1.000012 1.000012 1.000012 1.000012 1.000012 1.000012 1.000012 1.000012 1.000012 1.000012 1.000012 1.000012 1.000012 1.000012 1.000012 1.000012 1.000012 1.000012 1.000012 1.000012 1.000012 1.000012 1.000012 1.000012 1.000012 1.000012 1.000012 1.000012 1.000012 1.000012 1.000012 1.000012 1.000012 1.000012 1.000012 1.000012 1.000012 1.000012 1.000012 1.000012 1.000012 1.000012 1.000012 1.000012 1.000012 1.000012 1.000012 1.000012 1.000012 1.000012 1.000012 1.000012 1.000012 1.000012 1.000012 1.000012 1.000012 1.000012 1.000012 1.000012 1.000012 1.000012 1.000012 1.000012 1.000012 1.000012 1.000012 1.000012 1.000012 1.000012 1.000012 1.000012 1.000012 1.000012 1.000012 1.000012 1.000012 1.000012 1.000012 1.000012 1.000012 1.000012 1.000012 1.000012 1.000012 1.000012 1.000012 1.000012 1.000012 1.000012 1.000012 1.000012 1.000012 1.000012 1.000012 1.000012 1.000012 1.000012 1.000012 1.000012 1.000012 1.000012 1.000012 1.000012 1.000012 1.000012 1.000012 1.000012 1.000012 1.000012 1.000012 1.000012 1.000000
1.000000 1.000012 1.000012 1.000012 1.000012 1.000012 1.000012 1.000012 1.000012 1.000012 1.000012 1.000012 1.000012 1.000012 1.000012 1.000012 1.000012 1.000012 1.000012 1.000012 1.000012 1.000012 1.000012 1.000012 1.000012 1.000012 1.000012 1.000012 1.000012 1.000012 1.000012 1.000012 1.000012 1.000012 1.000012 1.000012 1.000012 1.000012 1.000012 1.000012 1.000012 1.000012 1.000012 1.000012 1.000012 1.000012 1.000012 1.000012 1.000012 1.000012 1.000012 1.000012 1.000012 1.000012 1.000012 1.000012 1.000012 1.000012 1.000012 1.000012 1.000012 1.000012 1.000012 1.000012 1.000012 1.000012 1.000012 1.000012 1.000012 1.000012 1.000012 1.000012 1.000012 1.000012 1.000012 1.000012 1.000012 1.000012 1.000012 1.000012 1.000012 1.000012 1.000012 1.000012 1.000012 1.000012 1.000012 1.000012 1.000012 1.000012 1.000012 1.000012 1.000012 1.000012 1.000012 1.000012 1.000012 1.000012 1.000012 1.000012 1.000012 1.000012 1.000012 1.000012 1.000012 1.000012 1.000012 1.000012 1.000012 1.000012 1.000012 1.000012 1.000012 1.000012 1.000012 1.000012 1.000012 1.000012 1.000012 1.000012 1.000012 1.000012 1.000012 1.000012 1.000012 1.000012 1.000012 1.000012 1.000012 1.000012 1.000012 1.000012 1.000012 1.000012 1.000012 1.000012 1.000012 1.000012 1.000012 1.000012 1.000012 1.000012 1.000012 1.000012 1.000012 1.000012 1.000012 1.000012 1.000012 1.000012 1.000012 1.000012 1.000012 1.000012 1.000012 1.000012 1.000012 1.000012 1.000012 1.000012 1.000012 1.000012 1.000012 1.000012 1.000012 1.000012 1.000012 1.000012 1.000012 1.000012 1.000012 1.000012 1.000012 1.000012 1.000012 1.000012 1.000012 1.000012 1.000012 1.000012 1.000012 1.000012 1.000012 1.000012 1.000012 1.000012 1.000012 1.000012 1.000012 1.000012 1.000012 1.000012 1.000012 1.000012 1.000012 1.000012 1.000012 1.000012 1.000012 1.000012 1.000012 1.000000
1.000000 1.000012 1.000012 1.000012 1.000012 1.000012 1.000012 1.000012 1.000012 1.000012 1.000012 1.000012 1.000012 1.000012 1.000012 1.000012 1.000012 1.000012 1.000012 1.000012 1.000012 1.000012 1.000012 1.000012 1.000012 1.000012 1.000012 1.000012 1.000012 1.000012 1.000012 1.000012 1.000012 1.000012 1.000012 1.000012 1.000012 1.000012 1.000012 1.000012 1.000012 1.000012 1.000012 1.000012 1.000012 1.000012 1.000012 1.000012 1.000012 1.000012 1.000012 1.000012 1.000012 1.000012 1.000012 1.000012 1.000012 1.000012 1.000012 1.000012 1.000012 1.000012 1.000012 1.000012 1.000012 1.000012 1.000012 1.000012 1.000012 1.000012 1.000012 1.000012 1.000012 1.000012 1.000012 1.000012 1.000012 1.000012 1.000012 1.000012 1.000012 1.000012 1.000012 1.000012 1.000012 1.000012 1.000012 1.000012 1.000012 1.000012 1.000012 1.000012 1.000012 1.000012 1.000012 1.000012 1.000012 1.000012 1.000012 1.000012 1.000012 1.000012 1.000012 1.000012 1.000012 1.000012 1.000012 1.000012 1.000012 1.000012 1.000012 1.000012 1.000012 1.000012 1.000012 1.000012 1.000012 1.000012 1.000012 1.000012 1.000012 1.000012 1.000012 1.000012 1.000012 1.000012 1.000012 1.000012 1.000012 1.000012 1.000012 1.000012 1.000012 1.000012 1.000012 1.000012 1.000012 1.000012 1.000012 1.000012 1.000012 1.000012 1.000012 1.000012 1.000012 1.000012 1.000012 1.000012 1.000012 1.000012 1.000012 1.000012 1.000012 1.000012 1.000012 1.000012 1.000012 1.000012 1.000012 1.000012 1.000012 1.000012 1.000012 1.000012 1.000012 1.000012 1.000012 1.000012 1.000012 1.000012 1.000012 1.000012 1.000012 1.000012 1.000012 1.000012 1.000012 1.000012 1.000012 1.000012 1.000012 1.000012 1.000012 1.000012 1.000012 1.000012 1.000012 1.000012 1.000012 1.000012 1.000012 1.000012 1.000012 1.000012 1.000012 1.000012 1.000012 1.000012 1.000012 1.000012 1.000012 1.000000
1.000000 1.000012 1.000012 1.000012 1.000012 1.000012 1.000012 1.000012 1.000012 1.000012 1.000012 1.000012 1.000012 1.000012 1.000012 1.000012 1.000012 1.000012 1.000012 1.000012 1.000012 1.000012 1.000012 1.000012 1.000012 1.000012 1.000012 1.000012 1.000012 1.000012 1.000012 1.000012 1.000012 1.000012 1.000012 1.000012 1.000012 1.000012 1.000012 1.000012 1.000012 1.000012 1.000012 1.000012 1.000012 1.000012 1.000012 1.000012 1.000012 1.000012 1.000012 1.000012 1.000012 1.000012 1.000012 1.000012 1.000012 1.000012 1.000012 1.000012 1.000012 1.000012 1.000012 1.000012 1.000012 1.000012 1.000012 1.000012 1.000012 1.000012 1.000012 1.000012 1.000012 1.000012 1.000012 1.000012 1.000012 1.000012 1.000012 1.000012 1.000012 1.000012 1.000012 1.000012 1.000012 1.000012 1.000012 1.000012 1.000012 1.000012 1.000012 1.000012 1.000012 1.000012 1.000012 1.000012 1.000012 1.000012 1.000012 1.000012 1.000012 1.000012 1.000012 1.000012 1.000012 1.000012 1.000012 1.000012 1.000012 1.000012 1.000012 1.000012 1.000012 1.000012 1.000012 1.000012 1.000012 1.000012 1.000012 1.000012 1.000012 1.000012 1.000012 1.000012 1.000012 1.000012 1.000012 1.000012 1.000012 1.000012 1.000012 1.000012 1.000012 1.000012 1.000012 1.000012 1.000012 1.000012 1.000012 1.000012 1.000012 1.000012 1.000012 1.000012 1.000012 1.000012 1.000012 1.000012 1.000012 1.000012 1.000012 1.000012 1.000012 1.000012 1.000012 1.000012 1.000012 1.000012 1.000012 1.000012 1.000012 1.000012 1.000012 1.000012 1.000012 1.000012 1.000012 1.000012 1.000012 1.000012 1.000012 1.000012 1.000012 1.000012 1.000012 1.000012 1.000012 1.000012 1.000012 1.000012 1.000012 1.000012 1.000012 1.000012 1.000012 1.000012 1.000012 1.000012 1.000012 1.000012 1.000012 1.000012 1.000012 1.000012 1.000012 1.000012 1.000012 1.000012 1.000012 1.000012 1.000012 1.000000
1.000000 1.000012 1.000012 1.000012 1.000012 1.000012 1.000012 1.000012 1.000012 1.000012 1.000012 1.000012 1.000012 1.000012 1.000012 1.000012 1.000012 1.000012 1.000012 1.000012 1.000012 1.000012 1.000012 1.000012 1.000012 1.000012 1.000012 1.000012 1.000012 1.000012 1.000012 1.000012 1.000012 1.000012 1.000012 1.000012 1.000012 1.000012 1.000012 1.000012 1.000012 1.000012 1.000012 1.000012 1.000012 1.000012 1.000012 1.000012 1.000012 1.000012 1.000012 1.000012 1.000012 1.000012 1.000012 1.000012 1.000012 1.000012 1.000012 1.000012 1.000012 1.000012 1.000012 1.000012 1.000012 1.000012 1.000012 1.000012 1.000012 1.000012 1.000012 1.000012 1.000012 1.000012 1.000012 1.000012 1.000012 1.000012 1.000012 1.000012 1.000012 1.000012 1.000012 1.000012 1.000012 1.000012 1.000012 1.000012 1.000012 1.000012 1.000012 1.000012 1.000012 1.000012 1.000012 1.000012 1.000012 1.000012 1.000012 1.000012 1.000012 1.000012 1.000012 1.000012 1.000012 1.000012 1.000012 1.000012 1.000012 1.000012 1.000012 1.000012 1.000012 1.000012 1.000012 1.000012 1.000012 1.000012 1.000012 1.000012 1.000012 1.000012 1.000012 1.000012 1.000012 1.000012 1.000012 1.000012 1.000012 1.000012 1.000012 1.000012 1.000012 1.000012 1.000012 1.000012 1.000012 1.000012 1.000012 1.000012 1.000012 1.000012 1.000012 1.000012 1.000012 1.000012 1.000012 1.000012 1.000012 1.000012 1.000012 1.000012 1.000012 1.000012 1.000012 1.000012 1.000012 1.000012 1.000012 1.000012 1.000012 1.000012 1.000012 1.000012 1.000012 1.000012 1.000012 1.000012 1.000012 1.000012 1.000012 1.000012 1.000012 1.000012 1.000012 1.000012 1.000012 1.000012 1.000012 1.000012 1.000012 1.000012 1.000012 1.000012 1.000012 1.000012 1.000012 1.000012 1.000012 1.000012 1.000012 1.000012 1.000012 1.000012 1.000012 1.000012 1.000012 1.000012 1.000012 1.000012 1.000012 1.000000
1.000000 1.000012 1.000012 1.000012 1.000012 1.000012 1.000012 1.000012 1.000012 1.000012 1.000012 1.000012 1.000012 1.000012 1.000012 1.000012 1.000012 1.000012 1.000012 1.000012 1.000012 1.000012 1.000012 1.000012 1.000012 1.000012 1.000012 1.000012 1.000012 1.000012 1.000012 1.000012 1.000012 1.000012 1.000012 1.000012 1.000012 1.000012 1.000012 1.000012 1.000012 1.000012 1.000012 1.000012 1.000012 1.000012 1.000012 1.000012 1.000012 1.000012 1.000012 1.000012 1.000012 1.000012 1.000012 1.000012 1.000012 1.000012 1.000012 1.000012 1.000012 1.000012 1.000012 1.000012 1.000012 1.000012 1.000012 1.000012 1.000012 1.000012 1.000012 1.000012 1.000012 1.000012 1.000012 1.000012 1.000012 1.000012 1.000012 1.000012 1.000012 1.000012 1.000012 1.000012 1.000012 1.000012 1.000012 1.000012 1.000012 1.000012 1.000012 1.000012 1.000012 1.000012 1.000012 1.000012 1.000012 1.000012 1.000012 1.000012 1.000012 1.000012 1.000012 1.000012 1.000012 1.000012 1.000012 1.000012 1.000012 1.000012 1.000012 1.000012 1.000012 1.000012 1.000012 1.000012 1.000012 1.000012 1.000012 1.000012 1.000012 1.000012 1.000012 1.000012 1.000012 1.000012 1.000012 1.000012 1.000012 1.000012 1.000012 1.000012 1.000012 1.000012 1.000012 1.000012 1.000012 1.000012 1.000012 1.000012 1.000012 1.000012 1.000012 1.000012 1.000012 1.000012 1.000012 1.000012 1.000012 1.000012 1.000012 1.000012 1.000012 1.000012 1.000012 1.000012 1.000012 1.000012 1.000012 1.000012 1.000012 1.000012 1.000012 1.000012 1.000012 1.000012 1.000012 1.000012 1.000012 1.000012 1.000012 1.000012 1.000012 1.000012 1.000012 1.000012 1.000012 1.000012 1.000012 1.000012 1.000012 1.000012 1.000012 1.000012 1.000012 1.000012 1.000012 1.000012 1.000012 1.000012 1.000012 1.000012 1.000012 1.000012 1.000012 1.000012 1.000012 1.000012 1.000012 1.000012 1.000012 1.000000
1.000000 1.000012 1.000012 1.000012 1.000012 1.000012 1.000012 1.000012 1.000012 1.000012 1.000012 1.000012 1.000012 1.000012 1.000012 1.000012 1.000012 1.000012 1.000012 1.000012 1.000012 1.000012 1.000012 1.000012 1.000012 1.000012 1.000012 1.000012 1.000012 1.000012 1.000012 1.000012 1.000012 1.000012 1.000012 1.000012 1.000012 1.000012 1.000012 1.000012 1.000012 1.000012 1.000012 1.000012 1.000012 1.000012 1.000012 1.000012 1.000012 1.000012 1.000012 1.000012 1.000012 1.000012 1.000012 1.000012 1.000012 1.000012 1.000012 1.000012 1.000012 1.000012 1.000012 1.000012 1.000012 1.000012 1.000012 1.000012 1.000012 1.000012 1.000012 1.000012 1.000012 1.000012 1.000012 1.000012 1.000012 1.000012 1.000012 1.000012 1.000012 1.000012 1.000012 1.000012 1.000012 1.000012 1.000012 1.000012 1.000012 1.000012 1.000012 1.000012 1.000012 1.000012 1.000012 1.000012 1.000012 1.000012 1.000012 1.000012 1.000012 1.000012 1.000012 1.000012 1.000012 1.000012 1.000012 1.000012 1.000012 1.000012 1.000012 1.000012 1.000012 1.000012 1.000012 1.000012 1.000012 1.000012 1.000012 1.000012 1.000012 1.000012 1.000012 1.000012 1.000012 1.000012 1.000012 1.000012 1.000012 1.000012 1.000012 1.000012 1.000012 1.000012 1.000012 1.000012 1.000012 1.000012 1.000012 1.000012 1.000012 1.000012 1.000012 1.000012 1.000012 1.000012 1.000012 1.000012 1.000012 1.000012 1.000012 1.000012 1.000012 1.000012 1.000012 1.000012 1.000012 1.000012 1.000012 1.000012 1.000012 1.000012 1.000012 1.000012 1.000012 1.000012 1.000012 1.000012 1.000012 1.000012 1.000012 1.000012 1.000012 1.000012 1.000012 1.000012 1.000012 1.000012 1.000012 1.000012 1.000012 1.000012 1.000012 1.000012 1.000012 1.000012 1.000012 1.000012 1.000012 1.000012 1.000012 1.000012 1.000012 1.000012 1.000012 1.000012 1.000012 1.000012 1.000012 1.000012 1.000012 1.000000
1.000000 1.000012 1.000012 1.000012 1.000012 1.000012 1.000012 1.000012 1.000012 1.000012 1.000012 1.000012 1.000012 1.000012 1.000012 1.000012 1.000012 1.000012 1.000012 1.000012 1.000012 1.000012 1.000012 1.000012 1.000012 1.000012 1.000012 1.000012 1.000012 1.000012 1.000012 1.000012 1.000012 1.000012 1.000012 1.000012 1.000012 1.000012 1.000012 1.000012 1.000012 1.000012 1.000012 1.000012 1.000012 1.000012 1.000012 1.000012 1.000012 1.000012 1.000012 1.000012 1.000012 1.000012 1.000012 1.000012 1.000012 1.000012 1.000012 1.000012 1.000012 1.000012 1.000012 1.000012 1.000012 1.000012 1.000012 1.000012 1.000012 1.000012 1.000012 1.000012 1.000012 1.000012 1.000012 1.000012 1.000012 1.000012 1.000012 1.000012 1.000012 1.000012 1.000012 1.000012 1.000012 1.000012 1.000012 1.000012 1.000012 1.000012 1.000012 1.000012 1.000012 1.000012 1.000012 1.000012 1.000012 1.000012 1.000012 1.000012 1.000012 1.000012 1.000012 1.000012 1.000012 1.000012 1.000012 1.000012 1.000012 1.000012 1.000012 1.000012 1.000012 1.000012 1.000012 1.000012 1.000012 1.000012 1.000012 1.000012 1.000012 1.000012 1.000012 1.000012 1.000012 1.000012 1.000012 1.000012 1.000012 1.000012 1.000012 1.000012 1.000012 1.000012 1.000012 1.000012 1.000012 1.000012 1.000012 1.000012 1.000012 1.000012 1.000012 1.000012 1.000012 1.000012 1.000012 1.000012 1.000012 1.000012 1.000012 1.000012 1.000012 1.000012 1.000012 1.000012 1.000012 1.000012 1.000012 1.000012 1.000012 1.000012 1.000012 1.000012 1.000012 1.000012 1.000012 1.000012 1.000012 1.000012 1.000012 1.000012 1.000012 1.000012 1.000012 1.000012 1.000012 1.000012 1.000012 1.000012 1.000012 1.000012 1.000012 1.000012 1.000012 1.000012 1.000012 1.000012 1.000012 1.000012 1.000012 1.000012 1.000012 1.000012 1.000012 1.000012 1.000012 1.000012 1.000012 1.000012 1.000012 1.000000
1.000000 1.000012 1.000012 1.000012 1.000012 1.000012 1.000012 1.000012 1.000012 1.000012 1.000012 1.000012 1.000012 1.000012 1.000012 1.000012 1.000012 1.000012 1.000012 1.000012 1.000012 1.000012 1.000012 1.000012 1.000012 1.000012 1.000012 1.000012 1.000012 1.000012 1.000012 1.000012 1.000012 1.000012 1.000012 1.000012 1.000012 1.000012 1.000012 1.000012 1.000012 1.000012 1.000012 1.000012 1.000012 1.000012 1.000012 1.000012 1.000012 1.000012 1.000012 1.000012 1.000012 1.000012 1.000012 1.000012 1.000012 1.000012 1.000012 1.000012 1.000012 1.000012 1.000012 1.000012 1.000012 1.000012 1.000012 1.000012 1.000012 1.000012 1.000012 1.000012 1.000012 1.000012 1.000012 1.000012 1.000012 1.000012 1.000012 1.000012 1.000012 1.000012 1.000012 1.000012 1.000012 1.000012 1.000012 1.000012 1.000012 1.000012 1.000012 1.000012 1.000012 1.000012 1.000012 1.000012 1.000012 1.000012 1.000012 1.000012 1.000012 1.000012 1.000012 1.000012 1.000012 1.000012 1.000012 1.000012 1.000012 1.000012 1.000012 1.000012 1.000012 1.000012 1.000012 1.000012 1.000012 1.000012 1.000012 1.000012 1.000012 1.000012 1.000012 1.000012 1.000012 1.000012 1.000012 1.000012 1.000012 1.000012 1.000012 1.000012 1.000012 1.000012 1.000012 1.000012 1.000012 1.000012 1.000012 1.000012 1.000012 1.000012 1.000012 1.000012 1.000012 1.000012 1.000012 1.000012 1.000012 1.000012 1.000012 1.000012 1.000012 1.000012 1.000012 1.000012 1.000012 1.000012 1.000012 1.000012 1.000012 1.000012 1.000012 1.000012 1.000012 1.000012 1.000012 1.000012 1.000012 1.000012 1.000012 1.000012 1.000012 1.000012 1.000012 1.000012 1.000012 1.000012 1.000012 1.000012 1.000012 1.000012 1.000012 1.000012 1.000012 1.000012 1.000012 1.000012 1.000012 1.000012 1.000012 1.000012 1.000012 1.000012 1.000012 1.000012 1.000012 1.000012 1.000012 1.000012 1.000012 1.000000
1.000000 1.000012 1.000012 1.000012 1.000012 1.000012 1.000012 1.000012 1.000012 1.000012 1.000012 1.000012 1.000012 1.000012 1.000012 1.000012 1.000012 1.000012 1.000012 1.000012 1.000012 1.000012 1.000012 1.000012 1.000012 1.000012 1.000012 1.000012 1.000012 1.000012 1.000012 1.000012 1.000012 1.000012 1.000012 1.000012 1.000012 1.000012 1.000012 1.000012 1.000012 1.000012 1.000012 1.000012 1.000012 1.000012 1.000012 1.000012 1.000012 1.000012 1.000012 1.000012 1.000012 1.000012 1.000012 1.000012 1.000012 1.000012 1.000012 1.000012 1.000012 1.000012 1.000012 1.000012 1.000012 1.000012 1.000012 1.000012 1.000012 1.000012 1.000012 1.000012 1.000012 1.000012 1.000012 1.000012 1.000012 1.000012 1.000012 1.000012 1.000012 1.000012 1.000012 1.000012 1.000012 1.000012 1.000012 1.000012 1.000012 1.000012 1.000012 1.000012 1.000012 1.000012 1.000012 1.000012 1.000012 1.000012 1.000012 1.000012 1.000012 1.000012 1.000012 1.000012 1.000012 1.000012 1.000012 1.000012 1.000012 1.000012 1.000012 1.000012 1.000012 1.000012 1.000012 1.000012 1.000012 1.000012 1.000012 1.000012 1.000012 1.000012 1.000012 1.000012 1.000012 1.000012 1.000012 1.000012 1.000012 1.000012 1.000012 1.000012 1.000012 1.000012 1.000012 1.000012 1.000012 1.000012 1.000012 1.000012 1.000012 1.000012 1.000012 1.000012 1.000012 1.000012 1.000012 1.000012 1.000012 1.000012 1.000012 1.000012 1.000012 1.000012 1.000012 1.000012 1.000012 1.000012 1.000012 1.000012 1.000012 1.000012 1.000012 1.000012 1.000012 1.000012 1.000012 1.000012 1.000012 1.000012 1.000012 1.000012 1.000012 1.000012 1.000012 1.000012 1.000012 1.000012 1.000012 1.000012 1.000012 1.000012 1.000012 1.000012 1.000012 1.000012 1.000012 1.000012 1.000012 1.000012 1.000012 1.000012 1.000012 1.000012 1.000012 1.000012 1.000012 1.000012 1.000012 1.000012 1.000012 1.000000
1.000000 1.000012 1.000012 1.000012 1.000012 1.000012 1.000012 1.000012 1.000012 1.000012 1.000012 1.000012 1.000012 1.000012 1.000012 1.000012 1.000012 1.000012 1.000012 1.000012 1.000012 1.000012 1.000012 1.000012 1.000012 1.000012 1.000012 1.000012 1.000012 1.000012 1.000012 1.000012 1.000012 1.000012 1.000012 1.000012 1.000012 1.000012 1.000012 1.000012 1.000012 1.000012 1.000012 1.000012 1.000012 1.000012 1.000012 1.000012 1.000012 1.000012 1.000012 1.000012 1.000012 1.000012 1.000012 1.000012 1.000012 1.000012 1.000012 1.000012 1.000012 1.000012 1.000012 1.000012 1.000012 1.000012 1.000012 1.000012 1.000012 1.000012 1.000012 1.000012 1.000012 1.000012 1.000012 1.000012 1.000012 1.000012 1.000012 1.000012 1.000012 1.000012 1.000012 1.000012 1.000012 1.000012 1.000012 1.000012 1.000012 1.000012 1.000012 1.000012 1.000012 1.000012 1.000012 1.000012 1.000012 1.000012 1.000012 1.000012 1.000012 1.000012 1.000012 1.000012 1.000012 1.000012 1.000012 1.000012 1.000012 1.000012 1.000012 1.000012 1.000012 1.000012 1.000012 1.000012 1.000012 1.000012 1.000012 1.000012 1.000012 1.000012 1.000012 1.000012 1.000012 1.000012 1.000012 1.000012 1.000012 1.000012 1.000012 1.000012 1.000012 1.000012 1.000012 1.000012 1.000012 1.000012 1.000012 1.000012 1.000012 1.000012 1.000012 1.000012 1.000012 1.000012 1.000012 1.000012 1.000012 1.000012 1.000012 1.000012 1.000012 1.000012 1.000012 1.000012 1.000012 1.000012 1.000012 1.000012 1.000012 1.000012 1.000012 1.000012 1.000012 1.000012 1.000012 1.000012 1.000012 1.000012 1.000012 1.000012 1.000012 1.000012 1.000012 1.000012 1.000012 1.000012 1.000012 1.000012 1.000012 1.000012 1.000012 1.000012 1.000012 1.000012 1.000012 1.000012 1.000012 1.000012 1.000012 1.000012 1.000012 1.000012 1.000012 1.000012 1.000012 1.000012 1.000012 1.000012 1.000012 1.000000
1.000000 1.000012 1.000012 1.000012 1.000012 1.000012 1.000012 1.000012 1.000012 1.000012 1.000012 1.000012 1.000012 1.000012 1.000012 1.000012 1.000012 1.000012 1.000012 1.000012 1.000012 1.000012 1.000012 1.000012 1.000012 1.000012 1.000012 1.000012 1.000012 1.000012 1.000012 1.000012 1.000012 1.000012 1.000012 1.000012 1.000012 1.000012 1.000012 1.000012 1.000012 1.000012 1.000012 1.000012 1.000012 1.000012 1.000012 1.000012 1.000012 1.000012 1.000012 1.000012 1.000012 1.000012 1.000012 1.000012 1.000012 1.000012 1.000012 1.000012 1.000012 1.000012 1.000012 1.000012 1.000012 1.000012 1.000012 1.000012 1.000012 1.000012 1.000012 1.000012 1.000012 1.000012 1.000012 1.000012 1.000012 1.000012 1.000012 1.000012 1.000012 1.000012 1.000012 1.000012 1.000012 1.000012 1.000012 1.000012 1.000012 1.000012 1.000012 1.000012 1.000012 1.000012 1.000012 1.000012 1.000012 1.000012 1.000012 1.000012 1.000012 1.000012 1.000012 1.000012 1.000012 1.000012 1.000012 1.000012 1.000012 1.000012 1.000012 1.000012 1.000012 1.000012 1.000012 1.000012 1.000012 1.000012 1.000012 1.000012 1.000012 1.000012 1.000012 1.000012 1.000012 1.000012 1.000012 1.000012 1.000012 1.000012 1.000012 1.000012 1.000012 1.000012 1.000012 1.000012 1.000012 1.000012 1.000012 1.000012 1.000012 1.000012 1.000012 1.000012 1.000012 1.000012 1.000012 1.000012 1.000012 1.000012 1.000012 1.000012 1.000012 1.000012 1.000012 1.000012 1.000012 1.000012 1.000012 1.000012 1.000012 1.000012 1.000012 1.000012 1.000012 1.000012 1.000012 1.000012 1.000012 1.000012 1.000012 1.000012 1.000012 1.000012 1.000012 1.000012 1.000012 1.000012 1.000012 1.000012 1.000012 1.000012 1.000012 1.000012 1.000012 1.000012 1.000012 1.000012 1.000012 1.000012 1.000012 1.000012 1.000012 1.000012 1.000012 1.000012 1.000012 1.000012 1.000012 1.000012 1.000012 1.000000
1.000000 1.000012 1.000012 1.000012 1.000012 1.000012 1.000012 1.000012 1.000012 1.000012 1.000012 1.000012 1.000012 1.000012 1.000012 1.000012 1.000012 1.000012 1.000012 1.000012 1.000012 1.000012 1.000012 1.000012 1.000012 1.000012 1.000012 1.000012 1.000012 1.000012 1.000012 1.000012 1.000012 1.000012 1.000012 1.000012 1.000012 1.000012 1.000012 1.000012 1.000012 1.000012 1.000012 1.000012 1.000012 1.000012 1.000012 1.000012 1.000012 1.000012 1.000012 1.000012 1.000012 1.000012 1.000012 1.000012 1.000012 1.000012 1.000012 1.000012 1.000012 1.000012 1.000012 1.000012 1.000012 1.000012 1.000012 1.000012 1.000012 1.000012 1.000012 1.000012 1.000012 1.000012 1.000012 1.000012 1.000012 1.000012 1.000012 1.000012 1.000012 1.000012 1.000012 1.000012 1.000012 1.000012 1.000012 1.000012 1.000012 1.000012 1.000012 1.000012 1.000012 1.000012 1.000012 1.000012 1.000012 1.000012 1.000012 1.000012 1.000012 1.000012 1.000012 1.000012 1.000012 1.000012 1.000012 1.000012 1.000012 1.000012 1.000012 1.000012 1.000012 1.000012 1.000012 1.000012 1.000012 1.000012 1.000012 1.000012 1.000012 1.000012 1.000012 1.000012 1.000012 1.000012 1.000012 1.000012 1.000012 1.000012 1.000012 1.000012 1.000012 1.000012 1.000012 1.000012 1.000012 1.000012 1.000012 1.000012 1.000012 1.000012 1.000012 1.000012 1.000012 1.000012 1.000012 1.000012 1.000012 1.000012 1.000012 1.000012 1.000012 1.000012 1.000012 1.000012 1.000012 1.000012 1.000012 1.000012 1.000012 1.000012 1.000012 1.000012 1.000012 1.000012 1.000012 1.000012 1.000012 1.000012 1.000012 1.000012 1.000012 1.000012 1.000012 1.000012 1.000012 1.000012 1.000012 1.000012 1.000012 1.000012 1.000012 1.000012 1.000012 1.000012 1.000012 1.000012 1.000012 1.000012 1.000012 1.000012 1.000012 1.000012 1.000012 1.000012 1.000012 1.000012 1.000012 1.000012 1.000012 1.000000
1.000000 1.000012 1.000012 1.000012 1.000012 1.000012 1.000012 1.000012 1.000012 1.000012 1.000012 1.000012 1.000012 1.000012 1.000012 1.000012 1.000012 1.000012 1.000012 1.000012 1.000012 1.000012 1.000012 1.000012 1.000012 1.000012 1.000012 1.000012 1.000012 1.000012 1.000012 1.000012 1.000012 1.000012 1.000012 1.000012 1.000012 1.000012 1.000012 1.000012 1.000012 1.000012 1.000012 1.000012 1.000012 1.000012 1.000012 1.000012 1.000012 1.000012 1.000012 1.000012 1.000012 1.000012 1.000012 1.000012 1.000012 1.000012 1.000012 1.000012 1.000012 1.000012 1.000012 1.000012 1.000012 1.000012 1.000012 1.000012 1.000012 1.000012 1.000012 1.000012 1.000012 1.000012 1.000012 1.000012 1.000012 1.000012 1.000012 1.000012 1.000012 1.000012 1.000012 1.000012 1.000012 1.000012 1.000012 1.000012 1.000012 1.000012 1.000012 1.000012 1.000012 1.000012 1.000012 1.000012 1.000012 1.000012 1.000012 1.000012 1.000012 1.000012 1.000012 1.000012 1.000012 1.000012 1.000012 1.000012 1.000012 1.000012 1.000012 1.000012 1.000012 1.000012 1.000012 1.000012 1.000012 1.000012 1.000012 1.000012 1.000012 1.000012 1.000012 1.000012 1.000012 1.000012 1.000012 1.000012 1.000012 1.000012 1.000012 1.000012 1.000012 1.000012 1.000012 1.000012 1.000012 1.000012 1.000012 1.000012 1.000012 1.000012 1.000012 1.000012 1.000012 1.000012 1.000012 1.000012 1.000012 1.000012 1.000012 1.000012 1.000012 1.000012 1.000012 1.000012 1.000012 1.000012 1.000012 1.000012 1.000012 1.000012 1.000012 1.000012 1.000012 1.000012 1.000012 1.000012 1.000012 1.000012 1.000012 1.000012 1.000012 1.000012 1.000012 1.000012 1.000012 1.000012 1.000012 1.000012 1.000012 1.000012 1.000012 1.000012 1.000012 1.000012 1.000012 1.000012 1.000012 1.000012 1.000012 1.000012 1.000012 1.000012 1.000012 1.000012 1.000012 1.000012 1.000012 1.000012 1.000012 1.000000
1.000000 1.000012 1.000012 1.000012 1.000012 1.000012 1.000012 1.000012 1.000012 1.000012 1.000012 1.000012 1.000012 1.000012 1.000012 1.000012 1.000012 1.000012 1.000012 1.000012 1.000012 1.000012 1.000012 1.000012 1.000012 1.000012 1.000012 1.000012 1.000012 1.000012 1.000012 1.000012 1.000012 1.000012 1.000012 1.000012 1.000012 1.000012 1.000012 1.000012 1.000012 1.000012 1.000012 1.000012 1.000012 1.000012 1.000012 1.000012 1.000012 1.000012 1.000012 1.000012 1.000012 1.000012 1.000012 1.000012 1.000012 1.000012 1.000012 1.000012 1.000012 1.000012 1.000012 1.000012 1.000012 1.000012 1.000012 1.000012 1.000012 1.000012 1.000012 1.000012 1.000012 1.000012 1.000012 1.000012 1.000012 1.000012 1.000012 1.000012 1.000012 1.000012 1.000012 1.000012 1.000012 1.000012 1.000012 1.000012 1.000012 1.000012 1.000012 1.000012 1.000012 1.000012 1.000012 1.000012 1.000012 1.000012 1.000012 1.000012 1.000012 1.000012 1.000012 1.000012 1.000012 1.000012 1.000012 1.000012 1.000012 1.000012 1.000012 1.000012 1.000012 1.000012 1.000012 1.000012 1.000012 1.000012 1.000012 1.000012 1.000012 1.000012 1.000012 1.000012 1.000012 1.000012 1.000012 1.000012 1.000012 1.000012 1.000012 1.000012 1.000012 1.000012 1.000012 1.000012 1.000012 1.000012 1.000012 1.000012 1.000012 1.000012 1.000012 1.000012 1.000012 1.000012 1.000012 1.000012 1.000012 1.000012 1.000012 1.000012 1.000012 1.000012 1.000012 1.000012 1.000012 1.000012 1.000012 1.000012 1.000012 1.000012 1.000012 1.000012 1.000012 1.000012 1.000012 1.000012 1.000012 1.000012 1.000012 1.000012 1.000012 1.000012 1.000012 1.000012 1.000012 1.000012 1.000012 1.000012 1.000012 1.000012 1.000012 1.000012 1.000012 1.000012 1.000012 1.000012 1.000012 1.000012 1.000012 1.000012 1.000012 1.000012 1.000012 1.000012 1.000012 1.000012 1.000012 1.000012 1.000012 1.000000
1.000000 1.000012 1.000012 1.000012 1.000012 1.000012 1.000012 1.000012 1.000012 1.000012 1.000012 1.000012 1.000012 1.000012 1.000012 1.000012 1.000012 1.000012 1.000012 1.000012 1.000012 1.000012 1.000012 1.000012 1.000012 1.000012 1.000012 1.000012 1.000012 1.000012 1.000012 1.000012 1.000012 1.000012 1.000012 1.000012 1.000012 1.000012 1.000012 1.000012 1.000012 1.000012 1.000012 1.000012 1.000012 1.000012 1.000012 1.000012 1.000012 1.000012 1.000012 1.000012 1.000012 1.000012 1.000012 1.000012 1.000012 1.000012 1.000012 1.000012 1.000012 1.000012 1.000012 1.000012 1.000012 1.000012 1.000012 1.000012 1.000012 1.000012 1.000012 1.000012 1.000012 1.000012 1.000012 1.000012 1.000012 1.000012 1.000012 1.000012 1.000012 1.000012 1.000012 1.000012 1.000012 1.000012 1.000012 1.000012 1.000012 1.000012 1.000012 1.000012 1.000012 1.000012 1.000012 1.000012 1.000012 1.000012 1.000012 1.000012 1.000012 1.000012 1.000012 1.000012 1.000012 1.000012 1.000012 1.000012 1.000012 1.000012 1.000012 1.000012 1.000012 1.000012 1.000012 1.000012 1.000012 1.000012 1.000012 1.000012 1.000012 1.000012 1.000012 1.000012 1.000012 1.000012 1.000012 1.000012 1.000012 1.000012 1.000012 1.000012 1.000012 1.000012 1.000012 1.000012 1.000012 1.000012 1.000012 1.000012 1.000012 1.000012 1.000012 1.000012 1.000012 1.000012 1.000012 1.000012 1.000012 1.000012 1.000012 1.000012 1.000012 1.000012 1.000012 1.000012 1.000012 1.000012 1.000012 1.000012 1.000012 1.000012 1.000012 1.000012 1.000012 1.000012 1.000012 1.000012 1.000012 1.000012 1.000012 1.000012 1.000012 1.000012 1.000012 1.000012 1.000012 1.000012 1.000012 1.000012 1.000012 1.000012 1.000012 1.000012 1.000012 1.000012 1.000012 1.000012 1.000012 1.000012 1.000012 1.000012 1.000012 1.000012 1.000012 1.000012 1.000012 1.000012 1.000012 1.000012 1.000012 1.000000
1.000000 1.000012 1.000012 1.000012 1.000012 1.000012 1.000012 1.000012 1.000012 1.000012 1.000012 1.000012 1.000012 1.000012 1.000012 1.000012 1.000012 1.000012 1.000012 1.000012 1.000012 1.000012 1.000012 1.000012 1.000012 1.000012 1.000012 1.000012 1.000012 1.000012 1.000012 1.000012 1.000012 1.000012 1.000012 1.000012 1.000012 1.000012 1.000012 1.000012 1.000012 1.000012 1.000012 1.000012 1.000012 1.000012 1.000012 1.000012 1.000012 1.000012 1.000012 1.000012 1.000012 1.000012 1.000012 1.000012 1.000012 1.000012 1.000012 1.000012 1.000012 1.000012 1.000012 1.000012 1.000012 1.000012 1.000012 1.000012 1.000012 1.000012 1.000012 1.000012 1.000012 1.000012 1.000012 1.000012 1.000012 1.000012 1.000012 1.000012 1.000012 1.000012 1.000012 1.000012 1.000012 1.000012 1.000012 1.000012 1.000012 1.000012 1.000012 1.000012 1.000012 1.000012 1.000012 1.000012 1.000012 1.000012 1.000012 1.000012 1.000012 1.000012 1.000012 1.000012 1.000012 1.000012 1.000012 1.000012 1.000012 1.000012 1.000012 1.000012 1.000012 1.000012 1.000012 1.000012 1.000012 1.000012 1.000012 1.000012 1.000012 1.000012 1.000012 1.000012 1.000012 1.000012 1.000012 1.000012 1.000012 1.000012 1.000012 1.000012 1.000012 1.000012 1.000012 1.000012 1.000012 1.000012 1.000012 1.000012 1.000012 1.000012 1.000012 1.000012 1.000012 1.000012 1.000012 1.000012 1.000012 1.000012 1.000012 1.000012 1.000012 1.000012 1.000012 1.000012 1.000012 1.000012 1.000012 1.000012 1.000012 1.000012 1.000012 1.000012 1.000012 1.000012 1.000012 1.000012 1.000012 1.000012 1.000012 1.000012 1.000012 1.000012 1.000012 1.000012 1.000012 1.000012 1.000012 1.000012 1.000012 1.000012 1.000012 1.000012 1.000012 1.000012 1.000012 1.000012 1.000012 1.000012 1.000012 1.000012 1.000012 1.000012 1.000012 1.000012 1.000012 1.000012 1.000012 1.000012 1.000012 1.000000
1.000000 1.000012 1.000012 1.000012 1.000012 1.000012 1.000012 1.000012 1.000012 1.000012 1.000012 1.000012 1.000012 1.000012 1.000012 1.000012 1.000012 1.000012 1.000012 1.000012 1.000012 1.000012 1.000012 1.000012 1.000012 1.000012 1.000012 1.000012 1.000012 1.000012 1.000012 1.000012 1.000012 1.000012 1.000012 1.000012 1.000012 1.000012 1.000012 1.000012 1.000012 1.000012 1.000012 1.000012 1.000012 1.000012 1.000012 1.000012 1.000012 1.000012 1.000012 1.000012 1.000012 1.000012 1.000012 1.000012 1.000012 1.000012 1.000012 1.000012 1.000012 1.000012 1.000012 1.000012 1.000012 1.000012 1.000012 1.000012 1.000012 1.000012 1.000012 1.000012 1.000012 1.000012 1.000012 1.000012 1.000012 1.000012 1.000012 1.000012 1.000012 1.000012 1.000012 1.000012 1.000012 1.000012 1.000012 1.000012 1.000012 1.000012 1.000012 1.000012 1.000012 1.000012 1.000012 1.000012 1.000012 1.000012 1.000012 1.000012 1.000012 1.000012 1.000012 1.000012 1.000012 1.000012 1.000012 1.000012 1.000012 1.000012 1.000012 1.000012 1.000012 1.000012 1.000012 1.000012 1.000012 1.000012 1.000012 1.000012 1.000012 1.000012 1.000012 1.000012 1.000012 1.000012 1.000012 1.000012 1.000012 1.000012 1.000012 1.000012 1.000012 1.000012 1.000012 1.000012 1.000012 1.000012 1.000012 1.000012 1.000012 1.000012 1.000012 1.000012 1.000012 1.000012 1.000012 1.000012 1.000012 1.000012 1.000012 1.000012 1.000012 1.000012 1.000012 1.000012 1.000012 1.000012 1.000012 1.000012 1.000012 1.000012 1.000012 1.000012 1.000012 1.000012 1.000012 1.000012 1.000012 1.000012 1.000012 1.000012 1.000012 1.000012 1.000012 1.000012 1.000012 1.000012 1.000012 1.000012 1.000012 1.000012 1.000012 1.000012 1.000012 1.000012 1.000012 1.000012 1.000012 1.000012 1.000012 1.000012 1.000012 1.000012 1.000012 1.000012 1.000012 1.000012 1.000012 1.000012 1.000012 1.000000
1.000000 1.000012 1.000012 1.000012 1.000012 1.000012 1.000012 1.000012 1.000012 1.000012 1.000012 1.000012 1.000012 1.000012 1.000012 1.000012 1.000012 1.000012 1.000012 1.000012 1.000012 1.000012 1.000012 1.000012 1.000012 1.000012 1.000012 1.000012 1.000012 1.000012 1.000012 1.000012 1.000012 1.000012 1.000012 1.000012 1.000012 1.000012 1.000012 1.000012 1.000012 1.000012 1.000012 1.000012 1.000012 1.000012 1.000012 1.000012 1.000012 1.000012 1.000012 1.000012 1.000012 1.000012 1.000012 1.000012 1.000012 1.000012 1.000012 1.000012 1.000012 1.000012 1.000012 1.000012 1.000012 1.000012 1.000012 1.000012 1.000012 1.000012 1.000012 1.000012 1.000012 1.000012 1.000012 1.000012 1.000012 1.000012 1.000012 1.000012 1.000012 1.000012 1.000012 1.000012 1.000012 1.000012 1.000012 1.000012 1.000012 1.000012 1.000012 1.000012 1.000012 1.000012 1.000012 1.000012 1.000012 1.000012 1.000012 1.000012 1.000012 1.000012 1.000012 1.000012 1.000012 1.000012 1.000012 1.000012 1.000012 1.000012 1.000012 1.000012 1.000012 1.000012 1.000012 1.000012 1.000012 1.000012 1.000012 1.000012 1.000012 1.000012 1.000012 1.000012 1.000012 1.000012 1.000012 1.000012 1.000012 1.000012 1.000012 1.000012 1.000012 1.000012 1.000012 1.000012 1.000012 1.000012 1.000012 1.000012 1.000012 1.000012 1.000012 1.000012 1.000012 1.000012 1.000012 1.000012 1.000012 1.000012 1.000012 1.000012 1.000012 1.000012 1.000012 1.000012 1.000012 1.000012 1.000012 1.000012 1.000012 1.000012 1.000012 1.000012 1.000012 1.000012 1.000012 1.000012 1.000012 1.000012 1.000012 1.000012 1.000012 1.000012 1.000012 1.000012 1.000012 1.000012 1.000012 1.000012 1.000012 1.000012 1.000012 1.000012 1.000012 1.000012 1.000012 1.000012 1.000012 1.000012 1.000012 1.000012 1.000012 1.000012 1.000012 1.000012 1.000012 1.000012 1.000012 1.000012 1.000012 1.000000
1.000000 1.000012 1.000012 1.000012 1.000012 1.000012 1.000012 1.000012 1.000012 1.000012 1.000012 1.000012 1.000012 1.000012 1.000012 1.000012 1.000012 1.000012 1.000012 1.000012 1.000012 1.000012 1.000012 1.000012 1.000012 1.000012 1.000012 1.000012 1.000012 1.000012 1.000012 1.000012 1.000012 1.000012 1.000012 1.000012 1.000012 1.000012 1.000012 1.000012 1.000012 1.000012 1.000012 1.000012 1.000012 1.000012 1.000012 1.000012 1.000012 1.000012 1.000012 1.000012 1.000012 1.000012 1.000012 1.000012 1.000012 1.000012 1.000012 1.000012 1.000012 1.000012 1.000012 1.000012 1.000012 1.000012 1.000012 1.000012 1.000012 1.000012 1.000012 1.000012 1.000012 1.000012 1.000012 1.000012 1.000012 1.000012 1.000012 1.000012 1.000012 1.000012 1.000012 1.000012 1.000012 1.000012 1.000012 1.000012 1.000012 1.000012 1.000012 1.000012 1.000012 1.000012 1.000012 1.000012 1.000012 1.000012 1.000012 1.000012 1.000012 1.000012 1.000012 1.000012 1.000012 1.000012 1.000012 1.000012 1.000012 1.000012 1.000012 1.000012 1.000012 1.000012 1.000012 1.000012 1.000012 1.000012 1.000012 1.000012 1.000012 1.000012 1.000012 1.000012 1.000012 1.000012 1.000012 1.000012 1.000012 1.000012 1.000012 1.000012 1.000012 1.000012 1.000012 1.000012 1.000012 1.000012 1.000012 1.000012 1.000012 1.000012 1.000012 1.000012 1.000012 1.000012 1.000012 1.000012 1.000012 1.000012 1.000012 1.000012 1.000012 1.000012 1.000012 1.000012 1.000012 1.000012 1.000012 1.000012 1.000012 1.000012 1.000012 1.000012 1.000012 1.000012 1.000012 1.000012 1.000012 1.000012 1.000012 1.000012 1.000012 1.000012 1.000012 1.000012 1.000012 1.000012 1.000012 1.000012 1.000012 1.000012 1.000012 1.000012 1.000012 1.000012 1.000012 1.000012 1.000012 1.000012 1.000012 1.000012 1.000012 1.000012 1.000012 1.000012 1.000012 1.000012 1.000012 1.000012 1.000012 1.000000
1.000000 1.000012 1.000012 1.000012 1.000012 1.000012 1.000012 1.000012 1.000012 1.000012 1.000012 1.000012 1.000012 1.000012 1.000012 1.000012 1.000012 1.000012 1.000012 1.000012 1.000012 1.000012 1.000012 1.000012 1.000012 1.000012 1.000012 1.000012 1.000012 1.000012 1.000012 1.000012 1.000012 1.000012 1.000012 1.000012 1.000012 1.000012 1.000012 1.000012 1.000012 1.000012 1.000012 1.000012 1.000012 1.000012 1.000012 1.000012 1.000012 1.000012 1.000012 1.000012 1.000012 1.000012 1.000012 1.000012 1.000012 1.000012 1.000012 1.000012 1.000012 1.000012 1.000012 1.000012 1.000012 1.000012 1.000012 1.000012 1.000012 1.000012 1.000012 1.000012 1.000012 1.000012 1.000012 1.000012 1.000012 1.000012 1.000012 1.000012 1.000012 1.000012 1.000012 1.000012 1.000012 1.000012 1.000012 1.000012 1.000012 1.000012 1.000012 1.000012 1.000012 1.000012 1.000012 1.000012 1.000012 1.000012 1.000012 1.000012 1.000012 1.000012 1.000012 1.000012 1.000012 1.000012 1.000012 1.000012 1.000012 1.000012 1.000012 1.000012 1.000012 1.000012 1.000012 1.000012 1.000012 1.000012 1.000012 1.000012 1.000012 1.000012 1.000012 1.000012 1.000012 1.000012 1.000012 1.000012 1.000012 1.000012 1.000012 1.000012 1.000012 1.000012 1.000012 1.000012 1.000012 1.000012 1.000012 1.000012 1.000012 1.000012 1.000012 1.000012 1.000012 1.000012 1.000012 1.000012 1.000012 1.000012 1.000012 1.000012 1.000012 1.000012 1.000012 1.000012 1.000012 1.000012 1.000012 1.000012 1.000012 1.000012 1.000012 1.000012 1.000012 1.000012 1.000012 1.000012 1.000012 1.000012 1.000012 1.000012 1.000012 1.000012 1.000012 1.000012 1.000012 1.000012 1.000012 1.000012 1.000012 1.000012 1.000012 1.000012 1.000012 1.000012 1.000012 1.000012 1.000012 1.000012 1.000012 1.000012 1.000012 1.000012 1.000012 1.000012 1.000012 1.000012 1.000012 1.000012 1.000012 1.000000
1.000000 1.000012 1.000012 1.000012 1.000012 1.000012 1.000012 1.000012 1.000012 1.000012 1.000012 1.000012 1.000012 1.000012 1.000012 1.000012 1.000012 1.000012 1.000012 1.000012 1.000012 1.000012 1.000012 1.000012 1.000012 1.000012 1.000012 1.000012 1.000012 1.000012 1.000012 1.000012 1.000012 1.000012 1.000012 1.000012 1.000012 1.000012 1.000012 1.000012 1.000012 1.000012 1.000012 1.000012 1.000012 1.000012 1.000012 1.000012 1.000012 1.000012 1.000012 1.000012 1.000012 1.000012 1.000012 1.000012 1.000012 1.000012 1.000012 1.000012 1.000012 1.000012 1.000012 1.000012 1.000012 1.000012 1.000012 1.000012 1.000012 1.000012 1.000012 1.000012 1.000012 1.000012 1.000012 1.000012 1.000012 1.000012 1.000012 1.000012 1.000012 1.000012 1.000012 1.000012 1.000012 1.000012 1.000012 1.000012 1.000012 1.000012 1.000012 1.000012 1.000012 1.000012 1.000012 1.000012 1.000012 1.000012 1.000012 1.000012 1.000012 1.000012 1.000012 1.000012 1.000012 1.000012 1.000012 1.000012 1.000012 1.000012 1.000012 1.000012 1.000012 1.000012 1.000012 1.000012 1.000012 1.000012 1.000012 1.000012 1.000012 1.000012 1.000012 1.000012 1.000012 1.000012 1.000012 1.000012 1.000012 1.000012 1.000012 1.000012 1.000012 1.000012 1.000012 1.000012 1.000012 1.000012 1.000012 1.000012 1.000012 1.000012 1.000012 1.000012 1.000012 1.000012 1.000012 1.000012 1.000012 1.000012 1.000012 1.000012 1.000012 1.000012 1.000012 1.000012 1.000012 1.000012 1.000012 1.000012 1.000012 1.000012 1.000012 1.000012 1.000012 1.000012 1.000012 1.000012 1.000012 1.000012 1.000012 1.000012 1.000012 1.000012 1.000012 1.000012 1.000012 1.000012 1.000012 1.000012 1.000012 1.000012 1.000012 1.000012 1.000012 1.000012 1.000012 1.000012 1.000012 1.000012 1.000012 1.000012 1.000012 1.000012 1.000012 1.000012 1.000012 1.000012 1.000012 1.000012 1.000012 1.000000
1.000000 1.000012 1.000012 1.000012 1.000012 1.000012 1.000012 1.000012 1.000012 1.000012 1.000012 1.000012 1.000012 1.000012 1.000012 1.000012 1.000012 1.000012 1.000012 1.000012 1.000012 1.000012 1.000012 1.000012 1.000012 1.000012 1.000012 1.000012 1.000012 1.000012 1.000012 1.000012 1.000012 1.000012 1.000012 1.000012 1.000012 1.000012 1.000012 1.000012 1.000012 1.000012 1.000012 1.000012 1.000012 1.000012 1.000012 1.000012 1.000012 1.000012 1.000012 1.000012 1.000012 1.000012 1.000012 1.000012 1.000012 1.000012 1.000012 1.000012 1.000012 1.000012 1.000012 1.000012 1.000012 1.000012 1.000012 1.000012 1.000012 1.000012 1.000012 1.000012 1.000012 1.000012 1.000012 1.000012 1.000012 1.000012 1.000012 1.000012 1.000012 1.000012 1.000012 1.000012 1.000012 1.000012 1.000012 1.000012 1.000012 1.000012 1.000012 1.000012 1.000012 1.000012 1.000012 1.000012 1.000012 1.000012 1.000012 1.000012 1.000012 1.000012 1.000012 1.000012 1.000012 1.000012 1.000012 1.000012 1.000012 1.000012 1.000012 1.000012 1.000012 1.000012 1.000012 1.000012 1.000012 1.000012 1.000012 1.000012 1.000012 1.000012 1.000012 1.000012 1.000012 1.000012 1.000012 1.000012 1.000012 1.000012 1.000012 1.000012 1.000012 1.000012 1.000012 1.000012 1.000012 1.000012 1.000012 1.000012 1.000012 1.000012 1.000012 1.000012 1.000012 1.000012 1.000012 1.000012 1.000012 1.000012 1.000012 1.000012 1.000012 1.000012 1.000012 1.000012 1.000012 1.000012 1.000012 1.000012 1.000012 1.000012 1.000012 1.000012 1.000012 1.000012 1.000012 1.000012 1.000012 1.000012 1.000012 1.000012 1.000012 1.000012 1.000012 1.000012 1.000012 1.000012 1.000012 1.000012 1.000012 1.000012 1.000012 1.000012 1.000012 1.000012 1.000012 1.000012 1.000012 1.000012 1.000012 1.000012 1.000012 1.000012 1.000012 1.000012 1.000012 1.000012 1.000012 1.000012 1.000012 1.000000
1.000000 1.000012 1.000012 1.000012 1.000012 1.000012 1.000012 1.000012 1.000012 1.000012 1.000012 1.000012 1.000012 1.000012 1.000012 1.000012 1.000012 1.000012 1.000012 1.000012 1.000012 1.000012 1.000012 1.000012 1.000012 1.000012 1.000012 1.000012 1.000012 1.000012 1.000012 1.000012 1.000012 1.000012 1.000012 1.000012 1.000012 1.000012 1.000012 1.000012 1.000012 1.000012 1.000012 1.000012 1.000012 1.000012 1.000012 1.000012 1.000012 1.000012 1.000012 1.000012 1.000012 1.000012 1.000012 1.000012 1.000012 1.000012 1.000012 1.000012 1.000012 1.000012 1.000012 1.000012 1.000012 1.000012 1.000012 1.000012 1.000012 1.000012 1.000012 1.000012 1.000012 1.000012 1.000012 1.000012 1.000012 1.000012 1.000012 1.000012 1.000012 1.000012 1.000012 1.000012 1.000012 1.000012 1.000012 1.000012 1.000012 1.000012 1.000012 1.000012 1.000012 1.000012 1.000012 1.000012 1.000012 1.000012 1.000012 1.000012 1.000012 1.000012 1.000012 1.000012 1.000012 1.000012 1.000012 1.000012 1.000012 1.000012 1.000012 1.000012 1.000012 1.000012 1.000012 1.000012 1.000012 1.000012 1.000012 1.000012 1.000012 1.000012 1.000012 1.000012 1.000012 1.000012 1.000012 1.000012 1.000012 1.000012 1.000012 1.000012 1.000012 1.000012 1.000012 1.000012 1.000012 1.000012 1.000012 1.000012 1.000012 1.000012 1.000012 1.000012 1.000012 1.000012 1.000012 1.000012 1.000012 1.000012 1.000012 1.000012 1.000012 1.000012 1.000012 1.000012 1.000012 1.000012 1.000012 1.000012 1.000012 1.000012 1.000012 1.000012 1.000012 1.000012 1.000012 1.000012 1.000012 1.000012 1.000012 1.000012 1.000012 1.000012 1.000012 1.000012 1.000012 1.000012 1.000012 1.000012 1.000012 1.000012 1.000012 1.000012 1.000012 1.000012 1.000012 1.000012 1.000012 1.000012 1.000012 1.000012 1.000012 1.000012 1.000012 1.000012 1.000012 1.000012 1.000012 1.000012 1.000012 1.000000
1.000000 1.000012 1.000012 1.000012 1.000012 1.000012 1.000012 1.000012 1.000012 1.000012 1.000012 1.000012 1.000012 1.000012 1.000012 1.000012 1.000012 1.000012 1.000012 1.000012 1.000012 1.000012 1.000012 1.000012 1.000012 1.000012 1.000012 1.000012 1.000012 1.000012 1.000012 1.000012 1.000012 1.000012 1.000012 1.000012 1.000012 1.000012 1.000012 1.000012 1.000012 1.000012 1.000012 1.000012 1.000012 1.000012 1.000012 1.000012 1.000012 1.000012 1.000012 1.000012 1.000012 1.000012 1.000012 1.000012 1.000012 1.000012 1.000012 1.000012 1.000012 1.000012 1.000012 1.000012 1.000012 1.000012 1.000012 1.000012 1.000012 1.000012 1.000012 1.000012 1.000012 1.000012 1.000012 1.000012 1.000012 1.000012 1.000012 1.000012 1.000012 1.000012 1.000012 1.000012 1.000012 1.000012 1.000012 1.000012 1.000012 1.000012 1.000012 1.000012 1.000012 1.000012 1.000012 1.000012 1.000012 1.000012 1.000012 1.000012 1.000012 1.000012 1.000012 1.000012 1.000012 1.000012 1.000012 1.000012 1.000012 1.000012 1.000012 1.000012 1.000012 1.000012 1.000012 1.000012 1.000012 1.000012 1.000012 1.000012 1.000012 1.000012 1.000012 1.000012 1.000012 1.000012 1.000012 1.000012 1.000012 1.000012 1.000012 1.000012 1.000012 1.000012 1.000012 1.000012 1.000012 1.000012 1.000012 1.000012 1.000012 1.000012 1.000012 1.000012 1.000012 1.000012 1.000012 1.000012 1.000012 1.000012 1.000012 1.000012 1.000012 1.000012 1.000012 1.000012 1.000012 1.000012 1.000012 1.000012 1.000012 1.000012 1.000012 1.000012 1.000012 1.000012 1.000012 1.000012 1.000012 1.000012 1.000012 1.000012 1.000012 1.000012 1.000012 1.000012 1.000012 1.000012 1.000012 1.000012 1.000012 1.000012 1.000012 1.000012 1.000012 1.000012 1.000012 1.000012 1.000012 1.000012 1.000012 1.000012 1.000012 1.000012 1.000012 1.000012 1.000012 1.000012 1.000012 1.000012 1.000012 1.000000
1.000000 1.000012 1.000012 1.000012 1.000012 1.000012 1.000012 1.000012 1.000012 1.000012 1.000012 1.000012 1.000012 1.000012 1.000012 1.000012 1.000012 1.000012 1.000012 1.000012 1.000012 1.000012 1.000012 1.000012 1.000012 1.000012 1.000012 1.000012 1.000012 1.000012 1.000012 1.000012 1.000012 1.000012 1.000012 1.000012 1.000012 1.000012 1.000012 1.000012 1.000012 1.000012 1.000012 1.000012 1.000012 1.000012 1.000012 1.000012 1.000012 1.000012 1.000012 1.000012 1.000012 1.000012 1.000012 1.000012 1.000012 1.000012 1.000012 1.000012 1.000012 1.000012 1.000012 1.000012 1.000012 1.000012 1.000012 1.000012 1.000012 1.000012 1.000012 1.000012 1.000012 1.000012 1.000012 1.000012 1.000012 1.000012 1.000012 1.000012 1.000012 1.000012 1.000012 1.000012 1.000012 1.000012 1.000012 1.000012 1.000012 1.000012 1.000012 1.000012 1.000012 1.000012 1.000012 1.000012 1.000012 1.000012 1.000012 1.000012 1.000012 1.000012 1.000012 1.000012 1.000012 1.000012 1.000012 1.000012 1.000012 1.000012 1.000012 1.000012 1.000012 1.000012 1.000012 1.000012 1.000012 1.000012 1.000012 1.000012 1.000012 1.000012 1.000012 1.000012 1.000012 1.000012 1.000012 1.000012 1.000012 1.000012 1.000012 1.000012 1.000012 1.000012 1.000012 1.000012 1.000012 1.000012 1.000012 1.000012 1.000012 1.000012 1.000012 1.000012 1.000012 1.000012 1.000012 1.000012 1.000012 1.000012 1.000012 1.000012 1.000012 1.000012 1.000012 1.000012 1.000012 1.000012 1.000012 1.000012 1.000012 1.000012 1.000012 1.000012 1.000012 1.000012 1.000012 1.000012 1.000012 1.000012 1.000012 1.000012 1.000012 1.000012 1.000012 1.000012 1.000012 1.000012 1.000012 1.000012 1.000012 1.000012 1.000012 1.000012 1.000012 1.000012 1.000012 1.000012 1.000012 1.000012 1.000012 1.000012 1.000012 1.000012 1.000012 1.000012 1.000012 1.000012 1.000012 1.000012 1.000012 1.000000
1.000000 1.000012 1.000012 1.000012 1.000012 1.000012 1.000012 1.000012 1.000012 1.000012 1.000012 1.000012 1.000012 1.000012 1.000012 1.000012 1.000012 1.000012 1.000012 1.000012 1.000012 1.000012 1.000012 1.000012 1.000012 1.000012 1.000012 1.000012 1.000012 1.000012 1.000012 1.000012 1.000012 1.000012 1.000012 1.000012 1.000012 1.000012 1.000012 1.000012 1.000012 1.000012 1.000012 1.000012 1.000012 1.000012 1.000012 1.000012 1.000012 1.000012 1.000012 1.000012 1.000012 1.000012 1.000012 1.000012 1.000012 1.000012 1.000012 1.000012 1.000012 1.000012 1.000012 1.000012 1.000012 1.000012 1.000012 1.000012 1.000012 1.000012 1.000012 1.000012 1.000012 1.000012 1.000012 1.000012 1.000012 1.000012 1.000012 1.000012 1.000012 1.000012 1.000012 1.000012 1.000012 1.000012 1.000012 1.000012 1.000012 1.000012 1.000012 1.000012 1.000012 1.000012 1.000012 1.000012 1.000012 1.000012 1.000012 1.000012 1.000012 1.000012 1.000012 1.000012 1.000012 1.000012 1.000012 1.000012 1.000012 1.000012 1.000012 1.000012 1.000012 1.000012 1.000012 1.000012 1.000012 1.000012 1.000012 1.000012 1.000012 1.000012 1.000012 1.000012 1.000012 1.000012 1.000012 1.000012 1.000012 1.000012 1.000012 1.000012 1.000012 1.000012 1.000012 1.000012 1.000012 1.000012 1.000012 1.000012 1.000012 1.000012 1.000012 1.000012 1.000012 1.000012 1.000012 1.000012 1.000012 1.000012 1.000012 1.000012 1.000012 1.000012 1.000012 1.000012 1.000012 1.000012 1.000012 1.000012 1.000012 1.000012 1.000012 1.000012 1.000012 1.000012 1.000012 1.000012 1.000012 1.000012 1.000012 1.000012 1.000012 1.000012 1.000012 1.000012 1.000012 1.000012 1.000012 1.000012 1.000012 1.000012 1.000012 1.000012 1.000012 1.000012 1.000012 1.000012 1.000012 1.000012 1.000012 1.000012 1.000012 1.000012 1.000012 1.000012 1.000012 1.000012 1.000012 1.000012 1.000012 1.000000
1.000000 1.000012 1.000012 1.000012 1.000012 1.000012 1.000012 1.000012 1.000012 1.000012 1.000012 1.000012 1.000012 1.000012 1.000012 1.000012 1.000012 1.000012 1.000012 1.000012 1.000012 1.000012 1.000012 1.000012 1.000012 1.000012 1.000012 1.000012 1.000012 1.000012 1.000012 1.000012 1.000012 1.000012 1.000012 1.000012 1.000012 1.000012 1.000012 1.000012 1.000012 1.000012 1.000012 1.000012 1.000012 1.000012 1.000012 1.000012 1.000012 1.000012 1.000012 1.000012 1.000012 1.000012 1.000012 1.000012 1.000012 1.000012 1.000012 1.000012 1.000012 1.000012 1.000012 1.000012 1.000012 1.000012 1.000012 1.000012 1.000012 1.000012 1.000012 1.000012 1.000012 1.000012 1.000012 1.000012 1.000012 1.000012 1.000012 1.000012 1.000012 1.000012 1.000012 1.000012 1.000012 1.000012 1.000012 1.000012 1.000012 1.000012 1.000012 1.000012 1.000012 1.000012 1.000012 1.000012 1.000012 1.000012 1.000012 1.000012 1.000012 1.000012 1.000012 1.000012 1.000012 1.000012 1.000012 1.000012 1.000012 1.000012 1.000012 1.000012 1.000012 1.000012 1.000012 1.000012 1.000012 1.000012 1.000012 1.000012 1.000012 1.000012 1.000012 1.000012 1.000012 1.000012 1.000012 1.000012 1.000012 1.000012 1.000012 1.000012 1.000012 1.000012 1.000012 1.000012 1.000012 1.000012 1.000012 1.000012 1.000012 1.000012 1.000012 1.000012 1.000012 1.000012 1.000012 1.000012 1.000012 1.000012 1.000012 1.000012 1.000012 1.000012 1.000012 1.000012 1.000012 1.000012 1.000012 1.000012 1.000012 1.000012 1.000012 1.000012 1.000012 1.000012 1.000012 1.000012 1.000012 1.000012 1.000012 1.000012 1.000012 1.000012 1.000012 1.000012 1.000012 1.000012 1.000012 1.000012 1.000012 1.000012 1.000012 1.000012 1.000012 1.000012 1.000012 1.000012 1.000012 1.000012 1.000012 1.000012 1.000012 1.000012 1.000012 1.000012 1.000012 1.000012 1.000012 1.000012 1.000012 1.000000
1.000000 1.000012 1.000012 1.000012 1.000012 1.000012 1.000012 1.000012 1.000012 1.000012 1.000012 1.000012 1.000012 1.000012 1.000012 1.000012 1.000012 1.000012 1.000012 1.000012 1.000012 1.000012 1.000012 1.000012 1.000012 1.000012 1.000012 1.000012 1.000012 1.000012 1.000012 1.000012 1.000012 1.000012 1.000012 1.000012 1.000012 1.000012 1.000012 1.000012 1.000012 1.000012 1.000012 1.000012 1.000012 1.000012 1.000012 1.000012 1.000012 1.000012 1.000012 1.000012 1.000012 1.000012 1.000012 1.000012 1.000012 1.000012 1.000012 1.000012 1.000012 1.000012 1.000012 1.000012 1.000012 1.000012 1.000012 1.000012 1.000012 1.000012 1.000012 1.000012 1.000012 1.000012 1.000012 1.000012 1.000012 1.000012 1.000012 1.000012 1.000012 1.000012 1.000012 1.000012 1.000012 1.000012 1.000012 1.000012 1.000012 1.000012 1.000012 1.000012 1.000012 1.000012 1.000012 1.000012 1.000012 1.000012 1.000012 1.000012 1.000012 1.000012 1.000012 1.000012 1.000012 1.000012 1.000012 1.000012 1.000012 1.000012 1.000012 1.000012 1.000012 1.000012 1.000012 1.000012 1.000012 1.000012 1.000012 1.000012 1.000012 1.000012 1.000012 1.000012 1.000012 1.000012 1.000012 1.000012 1.000012 1.000012 1.000012 1.000012 1.000012 1.000012 1.000012 1.000012 1.000012 1.000012 1.000012 1.000012 1.000012 1.000012 1.000012 1.000012 1.000012 1.000012 1.000012 1.000012 1.000012 1.000012 1.000012 1.000012 1.000012 1.000012 1.000012 1.000012 1.000012 1.000012 1.000012 1.000012 1.000012 1.000012 1.000012 1.000012 1.000012 1.000012 1.000012 1.000012 1.000012 1.000012 1.000012 1.000012 1.000012 1.000012 1.000012 1.000012 1.000012 1.000012 1.000012 1.000012 1.000012 1.000012 1.000012 1.000012 1.000012 1.000012 1.000012 1.000012 1.000012 1.000012 1.000012 1.000012 1.000012 1.000012 1.000012 1.000012 1.000012 1.000012 1.000012 1.000012 1.000012 1.000000
1.000000 1.000012 1.000012 1.000012 1.000012 1.000012 1.000012 1.000012 1.000012 1.000012 1.000012 1.000012 1.000012 1.000012 1.000012 1.000012 1.000012 1.000012 1.000012 1.000012 1.000012 1.000012 1.000012 1.000012 1.000012 1.000012 1.000012 1.000012 1.000012 1.000012 1.000012 1.000012 1.000012 1.000012 1.000012 1.000012 1.000012 1.000012 1.000012 1.000012 1.000012 1.000012 1.000012 1.000012 1.000012 1.000012 1.000012 1.000012 1.000012 1.000012 1.000012 1.000012 1.000012 1.000012 1.000012 1.000012 1.000012 1.000012 1.000012 1.000012 1.000012 1.000012 1.000012 1.000012 1.000012 1.000012 1.000012 1.000012 1.000012 1.000012 1.000012 1.000012 1.000012 1.000012 1.000012 1.000012 1.000012 1.000012 1.000012 1.000012 1.000012 1.000012 1.000012 1.000012 1.000012 1.000012 1.000012 1.000012 1.000012 1.000012 1.000012 1.000012 1.000012 1.000012 1.000012 1.000012 1.000012 1.000012 1.000012 1.000012 1.000012 1.000012 1.000012 1.000012 1.000012 1.000012 1.000012 1.000012 1.000012 1.000012 1.000012 1.000012 1.000012 1.000012 1.000012 1.000012 1.000012 1.000012 1.000012 1.000012 1.000012 1.000012 1.000012 1.000012 1.000012 1.000012 1.000012 1.000012 1.000012 1.000012 1.000012 1.000012 1.000012 1.000012 1.000012 1.000012 1.000012 1.000012 1.000012 1.000012 1.000012 1.000012 1.000012 1.000012 1.000012 1.000012 1.000012 1.000012 1.000012 1.000012 1.000012 1.000012 1.000012 1.000012 1.000012 1.000012 1.000012 1.000012 1.000012 1.000012 1.000012 1.000012 1.000012 1.000012 1.000012 1.000012 1.000012 1.000012 1.000012 1.000012 1.000012 1.000012 1.000012 1.000012 1.000012 1.000012 1.000012 1.000012 1.000012 1.000012 1.000012 1.000012 1.000012 1.000012 1.000012 1.000012 1.000012 1.000012 1.000012 1.000012 1.000012 1.000012 1.000012 1.000012 1.000012 1.000012 1.000012 1.000012 1.000012 1.000012 1.000012 1.000000
1.000000 1.000012 1.000012 1.000012 1.000012 1.000012 1.000012 1.000012 1.000012 1.000012 1.000012 1.000012 1.000012 1.000012 1.000012 1.000012 1.000012 1.000012 1.000012 1.000012 1.000012 1.000012 1.000012 1.000012 1.000012 1.000012 1.000012 1.000012 1.000012 1.000012 1.000012 1.000012 1.000012 1.000012 1.000012 1.000012 1.000012 1.000012 1.000012 1.000012 1.000012 1.000012 1.000012 1.000012 1.000012 1.000012 1.000012 1.000012 1.000012 1.000012 1.000012 1.000012 1.000012 1.000012 1.000012 1.000012 1.000012 1.000012 1.000012 1.000012 1.000012 1.000012 1.000012 1.000012 1.000012 1.000012 1.000012 1.000012 1.000012 1.000012 1.000012 1.000012 1.000012 1.000012 1.000012 1.000012 1.000012 1.000012 1.000012 1.000012 1.000012 1.000012 1.000012 1.000012 1.000012 1.000012 1.000012 1.000012 1.000012 1.000012 1.000012 1.000012 1.000012 1.000012 1.000012 1.000012 1.000012 1.000012 1.000012 1.000012 1.000012 1.000012 1.000012 1.000012 1.000012 1.000012 1.000012 1.000012 1.000012 1.000012 1.000012 1.000012 1.000012 1.000012 1.000012 1.000012 1.000012 1.000012 1.000012 1.000012 1.000012 1.000012 1.000012 1.000012 1.000012 1.000012 1.000012 1.000012 1.000012 1.000012 1.000012 1.000012 1.000012 1.000012 1.000012 1.000012 1.000012 1.000012 1.000012 1.000012 1.000012 1.000012 1.000012 1.000012 1.000012 1.000012 1.000012 1.000012 1.000012 1.000012 1.000012 1.000012 1.000012 1.000012 1.000012 1.000012 1.000012 1.000012 1.000012 1.000012 1.000012 1.000012 1.000012 1.000012 1.000012 1.000012 1.000012 1.000012 1.000012 1.000012 1.000012 1.000012 1.000012 1.000012 1.000012 1.000012 1.000012 1.000012 1.000012 1.000012 1.000012 1.000012 1.000012 1.000012 1.000012 1.000012 1.000012 1.000012 1.000012 1.000012 1.000012 1.000012 1.000012 1.000012 1.000012 1.000012 1.000012 1.000012 1.000012 1.000012 1.000012 1.000000
1.000000 1.000012 1.000012 1.000012 1.000012 1.000012 1.000012 1.000012 1.000012 1.000012 1.000012 1.000012 1.000012 1.000012 1.000012 1.000012 1.000012 1.000012 1.000012 1.000012 1.000012 1.000012 1.000012 1.000012 1.000012 1.000012 1.000012 1.000012 1.000012 1.000012 1.000012 1.000012 1.000012 1.000012 1.000012 1.000012 1.000012 1.000012 1.000012 1.000012 1.000012 1.000012 1.000012 1.000012 1.000012 1.000012 1.000012 1.000012 1.000012 1.000012 1.000012 1.000012 1.000012 1.000012 1.000012 1.000012 1.000012 1.000012 1.000012 1.000012 1.000012 1.000012 1.000012 1.000012 1.000012 1.000012 1.000012 1.000012 1.000012 1.000012 1.000012 1.000012 1.000012 1.000012 1.000012 1.000012 1.000012 1.000012 1.000012 1.000012 1.000012 1.000012 1.000012 1.000012 1.000012 1.000012 1.000012 1.000012 1.000012 1.000012 1.000012 1.000012 1.000012 1.000012 1.000012 1.000012 1.000012 1.000012 1.000012 1.000012 1.000012 1.000012 1.000012 1.000012 1.000012 1.000012 1.000012 1.000012 1.000012 1.000012 1.000012 1.000012 1.000012 1.000012 1.000012 1.000012 1.000012 1.000012 1.000012 1.000012 1.000012 1.000012 1.000012 1.000012 1.000012 1.000012 1.000012 1.000012 1.000012 1.000012 1.000012 1.000012 1.000012 1.000012 1.000012 1.000012 1.000012 1.000012 1.000012 1.000012 1.000012 1.000012 1.000012 1.000012 1.000012 1.000012 1.000012 1.000012 1.000012 1.000012 1.000012 1.000012 1.000012 1.000012 1.000012 1.000012 1.000012 1.000012 1.000012 1.000012 1.000012 1.000012 1.000012 1.000012 1.000012 1.000012 1.000012 1.000012 1.000012 1.000012 1.000012 1.000012 1.000012 1.000012 1.000012 1.000012 1.000012 1.000012 1.000012 1.000012 1.000012 1.000012 1.000012 1.000012 1.000012 1.000012 1.000012 1.000012 1.000012 1.000012 1.000012 1.000012 1.000012 1.000012 1.000012 1.000012 1.000012 1.000012 1.000012 1.000012 1.000012 1.000000
1.000000 1.000012 1.000012 1.000012 1.000012 1.000012 1.000012 1.000012 1.000012 1.000012 1.000012 1.000012 1.000012 1.000012 1.000012 1.000012 1.000012 1.000012 1.000012 1.000012 1.000012 1.000012 1.000012 1.000012 1.000012 1.000012 1.000012 1.000012 1.000012 1.000012 1.000012 1.000012 1.000012 1.000012 1.000012 1.000012 1.000012 1.000012 1.000012 1.000012 1.000012 1.000012 1.000012 1.000012 1.000012 1.000012 1.000012 1.000012 1.000012 1.000012 1.000012 1.000012 1.000012 1.000012 1.000012 1.000012 1.000012 1.000012 1.000012 1.000012 1.000012 1.000012 1.000012 1.000012 1.000012 1.000012 1.000012 1.000012 1.000012 1.000012 1.000012 1.000012 1.000012 1.000012 1.000012 1.000012 1.000012 1.000012 1.000012 1.000012 1.000012 1.000012 1.000012 1.000012 1.000012 1.000012 1.000012 1.000012 1.000012 1.000012 1.000012 1.000012 1.000012 1.000012 1.000012 1.000012 1.000012 1.000012 1.000012 1.000012 1.000012 1.000012 1.000012 1.000012 1.000012 1.000012 1.000012 1.000012 1.000012 1.000012 1.000012 1.000012 1.000012 1.000012 1.000012 1.000012 1.000012 1.000012 1.000012 1.000012 1.000012 1.000012 1.000012 1.000012 1.000012 1.000012 1.000012 1.000012 1.000012 1.000012 1.000012 1.000012 1.000012 1.000012 1.000012 1.000012 1.000012 1.000012 1.000012 1.000012 1.000012 1.000012 1.000012 1.000012 1.000012 1.000012 1.000012 1.000012 1.000012 1.000012 1.000012 1.000012 1.000012 1.000012 1.000012 1.000012 1.000012 1.000012 1.000012 1.000012 1.000012 1.000012 1.000012 1.000012 1.000012 1.000012 1.000012 1.000012 1.000012 1.000012 1.000012 1.000012 1.000012 1.000012 1.000012 1.000012 1.000012 1.000012 1.000012 1.000012 1.000012 1.000012 1.000012 1.000012 1.000012 1.000012 1.000012 1.000012 1.000012 1.000012 1.000012 1.000012 1.000012 1.000012 1.000012 1.000012 1.000012 1.000012 1.000012 1.000012 1.000012 1.000000
1.000000 1.000012 1.000012 1.000012 1.000012 1.000012 1.000012 1.000012 1.000012 1.000012 1.000012 1.000012 1.000012 1.000012 1.000012 1.000012 1.000012 1.000012 1.000012 1.000012 1.000012 1.000012 1.000012 1.000012 1.000012 1.000012 1.000012 1.000012 1.000012 1.000012 1.000012 1.000012 1.000012 1.000012 1.000012 1.000012 1.000012 1.000012 1.000012 1.000012 1.000012 1.000012 1.000012 1.000012 1.000012 1.000012 1.000012 1.000012 1.000012 1.000012 1.000012 1.000012 1.000012 1.000012 1.000012 1.000012 1.000012 1.000012 1.000012 1.000012 1.000012 1.000012 1.000012 1.000012 1.000012 1.000012 1.000012 1.000012 1.000012 1.000012 1.000012 1.000012 1.000012 1.000012 1.000012 1.000012 1.000012 1.000012 1.000012 1.000012 1.000012 1.000012 1.000012 1.000012 1.000012 1.000012 1.000012 1.000012 1.000012 1.000012 1.000012 1.000012 1.000012 1.000012 1.000012 1.000012 1.000012 1.000012 1.000012 1.000012 1.000012 1.000012 1.000012 1.000012 1.000012 1.000012 1.000012 1.000012 1.000012 1.000012 1.000012 1.000012 1.000012 1.000012 1.000012 1.000012 1.000012 1.000012 1.000012 1.000012 1.000012 1.000012 1.000012 1.000012 1.000012 1.000012 1.000012 1.000012 1.000012 1.000012 1.000012 1.000012 1.000012 1.000012 1.000012 1.000012 1.000012 1.000012 1.000012 1.000012 1.000012 1.000012 1.000012 1.000012 1.000012 1.000012 1.000012 1.000012 1.000012 1.000012 1.000012 1.000012 1.000012 1.000012 1.000012 1.000012 1.000012 1.000012 1.000012 1.000012 1.000012 1.000012 1.000012 1.000012 1.000012 1.000012 1.000012 1.000012 1.000012 1.000012 1.000012 1.000012 1.000012 1.000012 1.000012 1.000012 1.000012 1.000012 1.000012 1.000012 1.000012 1.000012 1.000012 1.000012 1.000012 1.000012 1.000012 1.000012 1.000012 1.000012 1.000012 1.000012 1.000012 1.000012 1.000012 1.000012 1.000012 1.000012 1.000012 1.000012 1.000012 1.000000
1.000000 1.000012 1.000012 1.000012 1.000012 1.000012 1.000012 1.000012 1.000012 1.000012 1.000012 1.000012 1.000012 1.000012 1.000012 1.000012 1.000012 1.000012 1.000012 1.000012 1.000012 1.000012 1.000012 1.000012 1.000012 1.000012 1.000012 1.000012 1.000012 1.000012 1.000012 1.000012 1.000012 1.000012 1.000012 1.000012 1.000012 1.000012 1.000012 1.000012 1.000012 1.000012 1.000012 1.000012 1.000012 1.000012 1.000012 1.000012 1.000012 1.000012 1.000012 1.000012 1.000012 1.000012 1.000012 1.000012 1.000012 1.000012 1.000012 1.000012 1.000012 1.000012 1.000012 1.000012 1.000012 1.000012 1.000012 1.000012 1.000012 1.000012 1.000012 1.000012 1.000012 1.000012 1.000012 1.000012 1.000012 1.000012 1.000012 1.000012 1.000012 1.000012 1.000012 1.000012 1.000012 1.000012 1.000012 1.000012 1.000012 1.000012 1.000012 1.000012 1.000012 1.000012 1.000012 1.000012 1.000012 1.000012 1.000012 1.000012 1.000012 1.000012 1.000012 1.000012 1.000012 1.000012 1.000012 1.000012 1.000012 1.000012 1.000012 1.000012 1.000012 1.000012 1.000012 1.000012 1.000012 1.000012 1.000012 1.000012 1.000012 1.000012 1.000012 1.000012 1.000012 1.000012 1.000012 1.000012 1.000012 1.000012 1.000012 1.000012 1.000012 1.000012 1.000012 1.000012 1.000012 1.000012 1.000012 1.000012 1.000012 1.000012 1.000012 1.000012 1.000012 1.000012 1.000012 1.000012 1.000012 1.000012 1.000012 1.000012 1.000012 1.000012 1.000012 1.000012 1.000012 1.000012 1.000012 1.000012 1.000012 1.000012 1.000012 1.000012 1.000012 1.000012 1.000012 1.000012 1.000012 1.000012 1.000012 1.000012 1.000012 1.000012 1.000012 1.000012 1.000012 1.000012 1.000012 1.000012 1.000012 1.000012 1.000012 1.000012 1.000012 1.000012 1.000012 1.000012 1.000012 1.000012 1.000012 1.000012 1.000012 1.000012 1.000012 1.000012 1.000012 1.000012 1.000012 1.000012 1.000012 1.000000
1.000000 1.000012 1.000012 1.000012 1.000012 1.000012 1.000012 1.000012 1.000012 1.000012 1.000012 1.000012 1.000012 1.000012 1.000012 1.000012 1.000012 1.000012 1.000012 1.000012 1.000012 1.000012 1.000012 1.000012 1.000012 1.000012 1.000012 1.000012 1.000012 1.000012 1.000012 1.000012 1.000012 1.000012 1.000012 1.000012 1.000012 1.000012 1.000012 1.000012 1.000012 1.000012 1.000012 1.000012 1.000012 1.000012 1.000012 1.000012 1.000012 1.000012 1.000012 1.000012 1.000012 1.000012 1.000012 1.000012 1.000012 1.000012 1.000012 1.000012 1.000012 1.000012 1.000012 1.000012 1.000012 1.000012 1.000012 1.000012 1.000012 1.000012 1.000012 1.000012 1.000012 1.000012 1.000012 1.000012 1.000012 1.000012 1.000012 1.000012 1.000012 1.000012 1.000012 1.000012 1.000012 1.000012 1.000012 1.000012 1.000012 1.000012 1.000012 1.000012 1.000012 1.000012 1.000012 1.000012 1.000012 1.000012 1.000012 1.000012 1.000012 1.000012 1.000012 1.000012 1.000012 1.000012 1.000012 1.000012 1.000012 1.000012 1.000012 1.000012 1.000012 1.000012 1.000012 1.000012 1.000012 1.000012 1.000012 1.000012 1.000012 1.000012 1.000012 1.000012 1.000012 1.000012 1.000012 1.000012 1.000012 1.000012 1.000012 1.000012 1.000012 1.000012 1.000012 1.000012 1.000012 1.000012 1.000012 1.000012 1.000012 1.000012 1.000012 1.000012 1.000012 1.000012 1.000012 1.000012 1.000012 1.000012 1.000012 1.000012 1.000012 1.000012 1.000012 1.000012 1.000012 1.000012 1.000012 1.000012 1.000012 1.000012 1.000012 1.000012 1.000012 1.000012 1.000012 1.000012 1.000012 1.000012 1.000012 1.000012 1.000012 1.000012 1.000012 1.000012 1.000012 1.000012 1.000012 1.000012 1.000012 1.000012 1.000012 1.000012 1.000012 1.000012 1.000012 1.000012 1.000012 1.000012 1.000012 1.000012 1.000012 1.000012 1.000012 1.000012 1.000012 1.000012 1.000012 1.000012 1.000012 1.000000
1.000000 1.000012 1.000012 1.000012 1.000012 1.000012 1.000012 1.000012 1.000012 1.000012 1.000012 1.000012 1.000012 1.000012 1.000012 1.000012 1.000012 1.000012 1.000012 1.000012 1.000012 1.000012 1.000012 1.000012 1.000012 1.000012 1.000012 1.000012 1.000012 1.000012 1.000012 1.000012 1.000012 1.000012 1.000012 1.000012 1.000012 1.000012 1.000012 1.000012 1.000012 1.000012 1.000012 1.000012 1.000012 1.000012 1.000012 1.000012 1.000012 1.000012 1.000012 1.000012 1.000012 1.000012 1.000012 1.000012 1.000012 1.000012 1.000012 1.000012 1.000012 1.000012 1.000012 1.000012 1.000012 1.000012 1.000012 1.000012 1.000012 1.000012 1.000012 1.000012 1.000012 1.000012 1.000012 1.000012 1.000012 1.000012 1.000012 1.000012 1.000012 1.000012 1.000012 1.000012 1.000012 1.000012 1.000012 1.000012 1.000012 1.000012 1.000012 1.000012 1.000012 1.000012 1.000012 1.000012 1.000012 1.000012 1.000012 1.000012 1.000012 1.000012 1.000012 1.000012 1.000012 1.000012 1.000012 1.000012 1.000012 1.000012 1.000012 1.000012 1.000012 1.000012 1.000012 1.000012 1.000012 1.000012 1.000012 1.000012 1.000012 1.000012 1.000012 1.000012 1.000012 1.000012 1.000012 1.000012 1.000012 1.000012 1.000012 1.000012 1.000012 1.000012 1.000012 1.000012 1.000012 1.000012 1.000012 1.000012 1.000012 1.000012 1.000012 1.000012 1.000012 1.000012 1.000012 1.000012 1.000012 1.000012 1.000012 1.000012 1.000012 1.000012 1.000012 1.000012 1.000012 1.000012 1.000012 1.000012 1.000012 1.000012 1.000012 1.000012 1.000012 1.000012 1.000012 1.000012 1.000012 1.000012 1.000012 1.000012 1.000012 1.000012 1.000012 1.000012 1.000012 1.000012 1.000012 1.000012 1.000012 1.000012 1.000012 1.000012 1.000012 1.000012 1.000012 1.000012 1.000012 1.000012 1.000012 1.000012 1.000012 1.000012 1.000012 1.000012 1.000012 1.000012 1.000012 1.000012 1.000012 1.000000
1.000000 1.000012 1.000012 1.000012 1.000012 1.000012 1.000012 1.000012 1.000012 1.000012 1.000012 1.000012 1.000012 1.000012 1.000012 1.000012 1.000012 1.000012 1.000012 1.000012 1.000012 1.000012 1.000012 1.000012 1.000012 1.000012 1.000012 1.000012 1.000012 1.000012 1.000012 1.000012 1.000012 1.000012 1.000012 1.000012 1.000012 1.000012 1.000012 1.000012 1.000012 1.000012 1.000012 1.000012 1.000012 1.000012 1.000012 1.000012 1.000012 1.000012 1.000012 1.000012 1.000012 1.000012 1.000012 1.000012 1.000012 1.000012 1.000012 1.000012 1.000012 1.000012 1.000012 1.000012 1.000012 1.000012 1.000012 1.000012 1.000012 1.000012 1.000012 1.000012 1.000012 1.000012 1.000012 1.000012 1.000012 1.000012 1.000012 1.000012 1.000012 1.000012 1.000012 1.000012 1.000012 1.000012 1.000012 1.000012 1.000012 1.000012 1.000012 1.000012 1.000012 1.000012 1.000012 1.000012 1.000012 1.000012 1.000012 1.000012 1.000012 1.000012 1.000012 1.000012 1.000012 1.000012 1.000012 1.000012 1.000012 1.000012 1.000012 1.000012 1.000012 1.000012 1.000012 1.000012 1.000012 1.000012 1.000012 1.000012 1.000012 1.000012 1.000012 1.000012 1.000012 1.000012 1.000012 1.000012 1.000012 1.000012 1.000012 1.000012 1.000012 1.000012 1.000012 1.000012 1.000012 1.000012 1.000012 1.000012 1.000012 1.000012 1.000012 1.000012 1.000012 1.000012 1.000012 1.000012 1.000012 1.000012 1.000012 1.000012 1.000012 1.000012 1.000012 1.000012 1.000012 1.000012 1.000012 1.000012 1.000012 1.000012 1.000012 1.000012 1.000012 1.000012 1.000012 1.000012 1.000012 1.000012 1.000012 1.000012 1.000012 1.000012 1.000012 1.000012 1.000012 1.000012 1.000012 1.000012 1.000012 1.000012 1.000012 1.000012 1.000012 1.000012 1.000012 1.000012 1.000012 1.000012 1.000012 1.000012 1.000012 1.000012 1.000012 1.000012 1.000012 1.000012 1.000012 1.000012 1.000012 1.000000
1.000000 1.000012 1.000012 1.000012 1.000012 1.000012 1.000012 1.000012 1.000012 1.000012 1.000012 1.000012 1.000012 1.000012 1.000012 1.000012 1.000012 1.000012 1.000012 1.000012 1.000012 1.000012 1.000012 1.000012 1.000012 1.000012 1.000012 1.000012 1.000012 1.000012 1.000012 1.000012 1.000012 1.000012 1.000012 1.000012 1.000012 1.000012 1.000012 1.000012 1.000012 1.000012 1.000012 1.000012 1.000012 1.000012 1.000012 1.000012 1.000012 1.000012 1.000012 1.000012 1.000012 1.000012 1.000012 1.000012 1.000012 1.000012 1.000012 1.000012 1.000012 1.000012 1.000012 1.000012 1.000012 1.000012 1.000012 1.000012 1.000012 1.000012 1.000012 1.000012 1.000012 1.000012 1.000012 1.000012 1.000012 1.000012 1.000012 1.000012 1.000012 1.000012 1.000012 1.000012 1.000012 1.000012 1.000012 1.000012 1.000012 1.000012 1.000012 1.000012 1.000012 1.000012 1.000012 1.000012 1.000012 1.000012 1.000012 1.000012 1.000012 1.000012 1.000012 1.000012 1.000012 1.000012 1.000012 1.000012 1.000012 1.000012 1.000012 1.000012 1.000012 1.000012 1.000012 1.000012 1.000012 1.000012 1.000012 1.000012 1.000012 1.000012 1.000012 1.000012 1.000012 1.000012 1.000012 1.000012 1.000012 1.000012 1.000012 1.000012 1.000012 1.000012 1.000012 1.000012 1.000012 1.000012 1.000012 1.000012 1.000012 1.000012 1.000012 1.000012 1.000012 1.000012 1.000012 1.000012 1.000012 1.000012 1.000012 1.000012 1.000012 1.000012 1.000012 1.000012 1.000012 1.000012 1.000012 1.000012 1.000012 1.000012 1.000012 1.000012 1.000012 1.000012 1.000012 1.000012 1.000012 1.000012 1.000012 1.000012 1.000012 1.000012 1.000012 1.000012 1.000012 1.000012 1.000012 1.000012 1.000012 1.000012 1.000012 1.000012 1.000012 1.000012 1.000012 1.000012 1.000012 1.000012 1.000012 1.000012 1.000012 1.000012 1.000012 1.000012 1.000012 1.000012 1.000012 1.000012 1.000012 1.000000
1.000000 1.000012 1.000012 1.000012 1.000012 1.000012 1.000012 1.000012 1.000012 1.000012 1.000012 1.000012 1.000012 1.000012 1.000012 1.000012 1.000012 1.000012 1.000012 1.000012 1.000012 1.000012 1.000012 1.000012 1.000012 1.000012 1.000012 1.000012 1.000012 1.000012 1.000012 1.000012 1.000012 1.000012 1.000012 1.000012 1.000012 1.000012 1.000012 1.000012 1.000012 1.000012 1.000012 1.000012 1.000012 1.000012 1.000012 1.000012 1.000012 1.000012 1.000012 1.000012 1.000012 1.000012 1.000012 1.000012 1.000012 1.000012 1.000012 1.000012 1.000012 1.000012 1.000012 1.000012 1.000012 1.000012 1.000012 1.000012 1.000012 1.000012 1.000012 1.000012 1.000012 1.000012 1.000012 1.000012 1.000012 1.000012 1.000012 1.000012 1.000012 1.000012 1.000012 1.000012 1.000012 1.000012 1.000012 1.000012 1.000012 1.000012 1.000012 1.000012 1.000012 1.000012 1.000012 1.000012 1.000012 1.000012 1.000012 1.000012 1.000012 1.000012 1.000012 1.000012 1.000012 1.000012 1.000012 1.000012 1.000012 1.000012 1.000012 1.000012 1.000012 1.000012 1.000012 1.000012 1.000012 1.000012 1.000012 1.000012 1.000012 1.000012 1.000012 1.000012 1.000012 1.000012 1.000012 1.000012 1.000012 1.000012 1.000012 1.000012 1.000012 1.000012 1.000012 1.000012 1.000012 1.000012 1.000012 1.000012 1.000012 1.000012 1.000012 1.000012 1.000012 1.000012 1.000012 1.000012 1.000012 1.000012 1.000012 1.000012 1.000012 1.000012 1.000012 1.000012 1.000012 1.000012 1.000012 1.000012 1.000012 1.000012 1.000012 1.000012 1.000012 1.000012 1.000012 1.000012 1.000012 1.000012 1.000012 1.000012 1.000012 1.000012 1.000012 1.000012 1.000012 1.000012 1.000012 1.000012 1.000012 1.000012 1.000012 1.000012 1.000012 1.000012 1.000012 1.000012 1.000012 1.000012 1.000012 1.000012 1.000012 1.000012 1.000012 1.000012 1.000012 1.000012 1.000012 1.000012 1.000012 1.000000
1.000000 1.000012 1.000012 1.000012 1.000012 1.000012 1.000012 1.000012 1.000012 1.000012 1.000012 1.000012 1.000012 1.000012 1.000012 1.000012 1.000012 1.000012 1.000012 1.000012 1.000012 1.000012 1.000012 1.000012 1.000012 1.000012 1.000012 1.000012 1.000012 1.000012 1.000012 1.000012 1.000012 1.000012 1.000012 1.000012 1.000012 1.000012 1.000012 1.000012 1.000012 1.000012 1.000012 1.000012 1.000012 1.000012 1.000012 1.000012 1.000012 1.000012 1.000012 1.000012 1.000012 1.000012 1.000012 1.000012 1.000012 1.000012 1.000012 1.000012 1.000012 1.000012 1.000012 1.000012 1.000012 1.000012 1.000012 1.000012 1.000012 1.000012 1.000012 1.000012 1.000012 1.000012 1.000012 1.000012 1.000012 1.000012 1.000012 1.000012 1.000012 1.000012 1.000012 1.000012 1.000012 1.000012 1.000012 1.000012 1.000012 1.000012 1.000012 1.000012 1.000012 1.000012 1.000012 1.000012 1.000012 1.000012 1.000012 1.000012 1.000012 1.000012 1.000012 1.000012 1.000012 1.000012 1.000012 1.000012 1.000012 1.000012 1.000012 1.000012 1.000012 1.000012 1.000012 1.000012 1.000012 1.000012 1.000012 1.000012 1.000012 1.000012 1.000012 1.000012 1.000012 1.000012 1.000012 1.000012 1.000012 1.000012 1.000012 1.000012 1.000012 1.000012 1.000012 1.000012 1.000012 1.000012 1.000012 1.000012 1.000012 1.000012 1.000012 1.000012 1.000012 1.000012 1.000012 1.000012 1.000012 1.000012 1.000012 1.000012 1.000012 1.000012 1.000012 1.000012 1.000012 1.000012 1.000012 1.000012 1.000012 1.000012 1.000012 1.000012 1.000012 1.000012 1.000012 1.000012 1.000012 1.000012 1.000012 1.000012 1.000012 1.000012 1.000012 1.000012 1.000012 1.000012 1.000012 1.000012 1.000012 1.000012 1.000012 1.000012 1.000012 1.000012 1.000012 1.000012 1.000012 1.000012 1.000012 1.000012 1.000012 1.000012 1.000012 1.000012 1.000012 1.000012 1.000012 1.000012 1.000012 1.000000
1.000000 1.000012 1.000012 1.000012 1.000012 1.000012 1.000012 1.000012 1.000012 1.000012 1.000012 1.000012 1.000012 1.000012 1.000012 1.000012 1.000012 1.000012 1.000012 1.000012 1.000012 1.000012 1.000012 1.000012 1.000012 1.000012 1.000012 1.000012 1.000012 1.000012 1.000012 1.000012 1.000012 1.000012 1.000012 1.000012 1.000012 1.000012 1.000012 1.000012 1.000012 1.000012 1.000012 1.000012 1.000012 1.000012 1.000012 1.000012 1.000012 1.000012 1.000012 1.000012 1.000012 1.000012 1.000012 1.000012 1.000012 1.000012 1.000012 1.000012 1.000012 1.000012 1.000012 1.000012 1.000012 1.000012 1.000012 1.000012 1.000012 1.000012 1.000012 1.000012 1.000012 1.000012 1.000012 1.000012 1.000012 1.000012 1.000012 1.000012 1.000012 1.000012 1.000012 1.000012 1.000012 1.000012 1.000012 1.000012 1.000012 1.000012 1.000012 1.000012 1.000012 1.000012 1.000012 1.000012 1.000012 1.000012 1.000012 1.000012 1.000012 1.000012 1.000012 1.000012 1.000012 1.000012 1.000012 1.000012 1.000012 1.000012 1.000012 1.000012 1.000012 1.000012 1.000012 1.000012 1.000012 1.000012 1.000012 1.000012 1.000012 1.000012 1.000012 1.000012 1.000012 1.000012 1.000012 1.000012 1.000012 1.000012 1.000012 1.000012 1.000012 1.000012 1.000012 1.000012 1.000012 1.000012 1.000012 1.000012 1.000012 1.000012 1.000012 1.000012 1.000012 1.000012 1.000012 1.000012 1.000012 1.000012 1.000012 1.000012 1.000012 1.000012 1.000012 1.000012 1.000012 1.000012 1.000012 1.000012 1.000012 1.000012 1.000012 1.000012 1.000012 1.000012 1.000012 1.000012 1.000012 1.000012 1.000012 1.000012 1.000012 1.000012 1.000012 1.000012 1.000012 1.000012 1.000012 1.000012 1.000012 1.000012 1.000012 1.000012 1.000012 1.000012 1.000012 1.000012 1.000012 1.000012 1.000012 1.000012 1.000012 1.000012 1.000012 1.000012 1.000012 1.000012 1.000012 1.000012 1.000012 1.000000
1.000000 1.000012 1.000012 1.000012 1.000012 1.000012 1.000012 1.000012 1.000012 1.000012 1.000012 1.000012 1.000012 1.000012 1.000012 1.000012 1.000012 1.000012 1.000012 1.000012 1.000012 1.000012 1.000012 1.000012 1.000012 1.000012 1.000012 1.000012 1.000012 1.000012 1.000012 1.000012 1.000012 1.000012 1.000012 1.000012 1.000012 1.000012 1.000012 1.000012 1.000012 1.000012 1.000012 1.000012 1.000012 1.000012 1.000012 1.000012 1.000012 1.000012 1.000012 1.000012 1.000012 1.000012 1.000012 1.000012 1.000012 1.000012 1.000012 1.000012 1.000012 1.000012 1.000012 1.000012 1.000012 1.000012 1.000012 1.000012 1.000012 1.000012 1.000012 1.000012 1.000012 1.000012 1.000012 1.000012 1.000012 1.000012 1.000012 1.000012 1.000012 1.000012 1.000012 1.000012 1.000012 1.000012 1.000012 1.000012 1.000012 1.000012 1.000012 1.000012 1.000012 1.000012 1.000012 1.000012 1.000012 1.000012 1.000012 1.000012 1.000012 1.000012 1.000012 1.000012 1.000012 1.000012 1.000012 1.000012 1.000012 1.000012 1.000012 1.000012 1.000012 1.000012 1.000012 1.000012 1.000012 1.000012 1.000012 1.000012 1.000012 1.000012 1.000012 1.000012 1.000012 1.000012 1.000012 1.000012 1.000012 1.000012 1.000012 1.000012 1.000012 1.000012 1.000012 1.000012 1.000012 1.000012 1.000012 1.000012 1.000012 1.000012 1.000012 1.000012 1.000012 1.000012 1.000012 1.000012 1.000012 1.000012 1.000012 1.000012 1.000012 1.000012 1.000012 1.000012 1.000012 1.000012 1.000012 1.000012 1.000012 1.000012 1.000012 1.000012 1.000012 1.000012 1.000012 1.000012 1.000012 1.000012 1.000012 1.000012 1.000012 1.000012 1.000012 1.000012 1.000012 1.000012 1.000012 1.000012 1.000012 1.000012 1.000012 1.000012 1.000012 1.000012 1.000012 1.000012 1.000012 1.000012 1.000012 1.000012 1.000012 1.000012 1.000012 1.000012 1.000012 1.000012 1.000012 1.000012 1.000012 1.000000
1.000000 1.000012 1.000012 1.000012 1.000012 1.000012 1.000012 1.000012 1.000012 1.000012 1.000012 1.000012 1.000012 1.000012 1.000012 1.000012 1.000012 1.000012 1.000012 1.000012 1.000012 1.000012 1.000012 1.000012 1.000012 1.000012 1.000012 1.000012 1.000012 1.000012 1.000012 1.000012 1.000012 1.000012 1.000012 1.000012 1.000012 1.000012 1.000012 1.000012 1.000012 1.000012 1.000012 1.000012 1.000012 1.000012 1.000012 1.000012 1.000012 1.000012 1.000012 1.000012 1.000012 1.000012 1.000012 1.000012 1.000012 1.000012 1.000012 1.000012 1.000012 1.000012 1.000012 1.000012 1.000012 1.000012 1.000012 1.000012 1.000012 1.000012 1.000012 1.000012 1.000012 1.000012 1.000012 1.000012 1.000012 1.000012 1.000012 1.000012 1.000012 1.000012 1.000012 1.000012 1.000012 1.000012 1.000012 1.000012 1.000012 1.000012 1.000012 1.000012 1.000012 1.000012 1.000012 1.000012 1.000012 1.000012 1.000012 1.000012 1.000012 1.000012 1.000012 1.000012 1.000012 1.000012 1.000012 1.000012 1.000012 1.000012 1.000012 1.000012 1.000012 1.000012 1.000012 1.000012 1.000012 1.000012 1.000012 1.000012 1.000012 1.000012 1.000012 1.000012 1.000012 1.000012 1.000012 1.000012 1.000012 1.000012 1.000012 1.000012 1.000012 1.000012 1.000012 1.000012 1.000012 1.000012 1.000012 1.000012 1.000012 1.000012 1.000012 1.000012 1.000012 1.000012 1.000012 1.000012 1.000012 1.000012 1.000012 1.000012 1.000012 1.000012 1.000012 1.000012 1.000012 1.000012 1.000012 1.000012 1.000012 1.000012 1.000012 1.000012 1.000012 1.000012 1.000012 1.000012 1.000012 1.000012 1.000012 1.000012 1.000012 1.000012 1.000012 1.000012 1.000012 1.000012 1.000012 1.000012 1.000012 1.000012 1.000012 1.000012 1.000012 1.000012 1.000012 1.000012 1.000012 1.000012 1.000012 1.000012 1.000012 1.000012 1.000012 1.000012 1.000012 1.000012 1.000012 1.000012 1.000012 1.000000
1.000000 1.000012 1.000012 1.000012 1.000012 1.000012 1.000012 1.000012 1.000012 1.000012 1.000012 1.000012 1.000012 1.000012 1.000012 1.000012 1.000012 1.000012 1.000012 1.000012 1.000012 1.000012 1.000012 1.000012 1.000012 1.000012 1.000012 1.000012 1.000012 1.000012 1.000012 1.000012 1.000012 1.000012 1.000012 1.000012 1.000012 1.000012 1.000012 1.000012 1.000012 1.000012 1.000012 1.000012 1.000012 1.000012 1.000012 1.000012 1.000012 1.000012 1.000012 1.000012 1.000012 1.000012 1.000012 1.000012 1.000012 1.000012 1.000012 1.000012 1.000012 1.000012 1.000012 1.000012 1.000012 1.000012 1.000012 1.000012 1.000012 1.000012 1.000012 1.000012 1.000012 1.000012 1.000012 1.000012 1.000012 1.000012 1.000012 1.000012 1.000012 1.000012 1.000012 1.000012 1.000012 1.000012 1.000012 1.000012 1.000012 1.000012 1.000012 1.000012 1.000012 1.000012 1.000012 1.000012 1.000012 1.000012 1.000012 1.000012 1.000012 1.000012 1.000012 1.000012 1.000012 1.000012 1.000012 1.000012 1.000012 1.000012 1.000012 1.000012 1.000012 1.000012 1.000012 1.000012 1.000012 1.000012 1.000012 1.000012 1.000012 1.000012 1.000012 1.000012 1.000012 1.000012 1.000012 1.000012 1.000012 1.000012 1.000012 1.000012 1.000012 1.000012 1.000012 1.000012 1.000012 1.000012 1.000012 1.000012 1.000012 1.000012 1.000012 1.000012 1.000012 1.000012 1.000012 1.000012 1.000012 1.000012 1.000012 1.000012 1.000012 1.000012 1.000012 1.000012 1.000012 1.000012 1.000012 1.000012 1.000012 1.000012 1.000012 1.000012 1.000012 1.000012 1.000012 1.000012 1.000012 1.000012 1.000012 1.000012 1.000012 1.000012 1.000012 1.000012 1.000012 1.000012 1.000012 1.000012 1.000012 1.000012 1.000012 1.000012 1.000012 1.000012 1.000012 1.000012 1.000012 1.000012 1.000012 1.000012 1.000012 1.000012 1.000012 1.000012 1.000012 1.000012 1.000012 1.000012 1.000012 1.000000
1.000000 1.000012 1.000012 1.000012 1.000012 1.000012 1.000012 1.000012 1.000012 1.000012 1.000012 1.000012 1.000012 1.000012 1.000012 1.000012 1.000012 1.000012 1.000012 1.000012 1.000012 1.000012 1.000012 1.000012 1.000012 1.000012 1.000012 1.000012 1.000012 1.000012 1.000012 1.000012 1.000012 1.000012 1.000012 1.000012 1.000012 1.000012 1.000012 1.000012 1.000012 1.000012 1.000012 1.000012 1.000012 1.000012 1.000012 1.000012 1.000012 1.000012 1.000012 1.000012 1.000012 1.000012 1.000012 1.000012 1.000012 1.000012 1.000012 1.000012 1.000012 1.000012 1.000012 1.000012 1.000012 1.000012 1.000012 1.000012 1.000012 1.000012 1.000012 1.000012 1.000012 1.000012 1.000012 1.000012 1.000012 1.000012 1.000012 1.000012 1.000012 1.000012 1.000012 1.000012 1.000012 1.000012 1.000012 1.000012 1.000012 1.000012 1.000012 1.000012 1.000012 1.000012 1.000012 1.000012 1.000012 1.000012 1.000012 1.000012 1.000012 1.000012 1.000012 1.000012 1.000012 1.000012 1.000012 1.000012 1.000012 1.000012 1.000012 1.000012 1.000012 1.000012 1.000012 1.000012 1.000012 1.000012 1.000012 1.000012 1.000012 1.000012 1.000012 1.000012 1.000012 1.000012 1.000012 1.000012 1.000012 1.000012 1.000012 1.000012 1.000012 1.000012 1.000012 1.000012 1.000012 1.000012 1.000012 1.000012 1.000012 1.000012 1.000012 1.000012 1.000012 1.000012 1.000012 1.000012 1.000012 1.000012 1.000012 1.000012 1.000012 1.000012 1.000012 1.000012 1.000012 1.000012 1.000012 1.000012 1.000012 1.000012 1.000012 1.000012 1.000012 1.000012 1.000012 1.000012 1.000012 1.000012 1.000012 1.000012 1.000012 1.000012 1.000012 1.000012 1.000012 1.000012 1.000012 1.000012 1.000012 1.000012 1.000012 1.000012 1.000012 1.000012 1.000012 1.000012 1.000012 1.000012 1.000012 1.000012 1.000012 1.000012 1.000012 1.000012 1.000012 1.000012 1.000012 1.000012 1.000012 1.000000
1.000000 1.000012 1.000012 1.000012 1.000012 1.000012 1.000012 1.000012 1.000012 1.000012 1.000012 1.000012 1.000012 1.000012 1.000012 1.000012 1.000012 1.000012 1.000012 1.000012 1.000012 1.000012 1.000012 1.000012 1.000012 1.000012 1.000012 1.000012 1.000012 1.000012 1.000012 1.000012 1.000012 1.000012 1.000012 1.000012 1.000012 1.000012 1.000012 1.000012 1.000012 1.000012 1.000012 1.000012 1.000012 1.000012 1.000012 1.000012 1.000012 1.000012 1.000012 1.000012 1.000012 1.000012 1.000012 1.000012 1.000012 1.000012 1.000012 1.000012 1.000012 1.000012 1.000012 1.000012 1.000012 1.000012 1.000012 1.000012 1.000012 1.000012 1.000012 1.000012 1.000012 1.000012 1.000012 1.000012 1.000012 1.000012 1.000012 1.000012 1.000012 1.000012 1.000012 1.000012 1.000012 1.000012 1.000012 1.000012 1.000012 1.000012 1.000012 1.000012 1.000012 1.000012 1.000012 1.000012 1.000012 1.000012 1.000012 1.000012 1.000012 1.000012 1.000012 1.000012 1.000012 1.000012 1.000012 1.000012 1.000012 1.000012 1.000012 1.000012 1.000012 1.000012 1.000012 1.000012 1.000012 1.000012 1.000012 1.000012 1.000012 1.000012 1.000012 1.000012 1.000012 1.000012 1.000012 1.000012 1.000012 1.000012 1.000012 1.000012 1.000012 1.000012 1.000012 1.000012 1.000012 1.000012 1.000012 1.000012 1.000012 1.000012 1.000012 1.000012 1.000012 1.000012 1.000012 1.000012 1.000012 1.000012 1.000012 1.000012 1.000012 1.000012 1.000012 1.000012 1.000012 1.000012 1.000012 1.000012 1.000012 1.000012 1.000012 1.000012 1.000012 1.000012 1.000012 1.000012 1.000012 1.000012 1.000012 1.000012 1.000012 1.000012 1.000012 1.000012 1.000012 1.000012 1.000012 1.000012 1.000012 1.000012 1.000012 1.000012 1.000012 1.000012 1.000012 1.000012 1.000012 1.000012 1.000012 1.000012 1.000012 1.000012 1.000012 1.000012 1.000012 1.000012 1.000012 1.000012 1.000012 1.000000
1.000000 1.000012 1.000012 1.000012 1.000012 1.000012 1.000012 1.000012 1.000012 1.000012 1.000012 1.000012 1.000012 1.000012 1.000012 1.000012 1.000012 1.000012 1.000012 1.000012 1.000012 1.000012 1.000012 1.000012 1.000012 1.000012 1.000012 1.000012 1.000012 1.000012 1.000012 1.000012 1.000012 1.000012 1.000012 1.000012 1.000012 1.000012 1.000012 1.000012 1.000012 1.000012 1.000012 1.000012 1.000012 1.000012 1.000012 1.000012 1.000012 1.000012 1.000012 1.000012 1.000012 1.000012 1.000012 1.000012 1.000012 1.000012 1.000012 1.000012 1.000012 1.000012 1.000012 1.000012 1.000012 1.000012 1.000012 1.000012 1.000012 1.000012 1.000012 1.000012 1.000012 1.000012 1.000012 1.000012 1.000012 1.000012 1.000012 1.000012 1.000012 1.000012 1.000012 1.000012 1.000012 1.000012 1.000012 1.000012 1.000012 1.000012 1.000012 1.000012 1.000012 1.000012 1.000012 1.000012 1.000012 1.000012 1.000012 1.000012 1.000012 1.000012 1.000012 1.000012 1.000012 1.000012 1.000012 1.000012 1.000012 1.000012 1.000012 1.000012 1.000012 1.000012 1.000012 1.000012 1.000012 1.000012 1.000012 1.000012 1.000012 1.000012 1.000012 1.000012 1.000012 1.000012 1.000012 1.000012 1.000012 1.000012 1.000012 1.000012 1.000012 1.000012 1.000012 1.000012 1.000012 1.000012 1.000012 1.000012 1.000012 1.000012 1.000012 1.000012 1.000012 1.000012 1.000012 1.000012 1.000012 1.000012 1.000012 1.000012 1.000012 1.000012 1.000012 1.000012 1.000012 1.000012 1.000012 1.000012 1.000012 1.000012 1.000012 1.000012 1.000012 1.000012 1.000012 1.000012 1.000012 1.000012 1.000012 1.000012 1.000012 1.000012 1.000012 1.000012 1.000012 1.000012 1.000012 1.000012 1.000012 1.000012 1.000012 1.000012 1.000012 1.000012 1.000012 1.000012 1.000012 1.000012 1.000012 1.000012 1.000012 1.000012 1.000012 1.000012 1.000012 1.000012 1.000012 1.000012 1.000012 1.000000
1.000000 1.000012 1.000012 1.000012 1.000012 1.000012 1.000012 1.000012 1.000012 1.000012 1.000012 1.000012 1.000012 1.000012 1.000012 1.000012 1.000012 1.000012 1.000012 1.000012 1.000012 1.000012 1.000012 1.000012 1.000012 1.000012 1.000012 1.000012 1.000012 1.000012 1.000012 1.000012 1.000012 1.000012 1.000012 1.000012 1.000012 1.000012 1.000012 1.000012 1.000012 1.000012 1.000012 1.000012 1.000012 1.000012 1.000012 1.000012 1.000012 1.000012 1.000012 1.000012 1.000012 1.000012 1.000012 1.000012 1.000012 1.000012 1.000012 1.000012 1.000012 1.000012 1.000012 1.000012 1.000012 1.000012 1.000012 1.000012 1.000012 1.000012 1.000012 1.000012 1.000012 1.000012 1.000012 1.000012 1.000012 1.000012 1.000012 1.000012 1.000012 1.000012 1.000012 1.000012 1.000012 1.000012 1.000012 1.000012 1.000012 1.000012 1.000012 1.000012 1.000012 1.000012 1.000012 1.000012 1.000012 1.000012 1.000012 1.000012 1.000012 1.000012 1.000012 1.000012 1.000012 1.000012 1.000012 1.000012 1.000012 1.000012 1.000012 1.000012 1.000012 1.000012 1.000012 1.000012 1.000012 1.000012 1.000012 1.000012 1.000012 1.000012 1.000012 1.000012 1.000012 1.000012 1.000012 1.000012 1.000012 1.000012 1.000012 1.000012 1.000012 1.000012 1.000012 1.000012 1.000012 1.000012 1.000012 1.000012 1.000012 1.000012 1.000012 1.000012 1.000012 1.000012 1.000012 1.000012 1.000012 1.000012 1.000012 1.000012 1.000012 1.000012 1.000012 1.000012 1.000012 1.000012 1.000012 1.000012 1.000012 1.000012 1.000012 1.000012 1.000012 1.000012 1.000012 1.000012 1.000012 1.000012 1.000012 1.000012 1.000012 1.000012 1.000012 1.000012 1.000012 1.000012 1.000012 1.000012 1.000012 1.000012 1.000012 1.000012 1.000012 1.000012 1.000012 1.000012 1.000012 1.000012 1.000012 1.000012 1.000012 1.000012 1.000012 1.000012 1.000012 1.000012 1.000012 1.000012 1.000012 1.000000
1.000000 1.000012 1.000012 1.000012 1.000012 1.000012 1.000012 1.000012 1.000012 1.000012 1.000012 1.000012 1.000012 1.000012 1.000012 1.000012 1.000012 1.000012 1.000012 1.000012 1.000012 1.000012 1.000012 1.000012 1.000012 1.000012 1.000012 1.000012 1.000012 1.000012 1.000012 1.000012 1.000012 1.000012 1.000012 1.000012 1.000012 1.000012 1.000012 1.000012 1.000012 1.000012 1.000012 1.000012 1.000012 1.000012 1.000012 1.000012 1.000012 1.000012 1.000012 1.000012 1.000012 1.000012 1.000012 1.000012 1.000012 1.000012 1.000012 1.000012 1.000012 1.000012 1.000012 1.000012 1.000012 1.000012 1.000012 1.000012 1.000012 1.000012 1.000012 1.000012 1.000012 1.000012 1.000012 1.000012 1.000012 1.000012 1.000012 1.000012 1.000012 1.000012 1.000012 1.000012 1.000012 1.000012 1.000012 1.000012 1.000012 1.000012 1.000012 1.000012 1.000012 1.000012 1.000012 1.000012 1.000012 1.000012 1.000012 1.000012 1.000012 1.000012 1.000012 1.000012 1.000012 1.000012 1.000012 1.000012 1.000012 1.000012 1.000012 1.000012 1.000012 1.000012 1.000012 1.000012 1.000012 1.000012 1.000012 1.000012 1.000012 1.000012 1.000012 1.000012 1.000012 1.000012 1.000012 1.000012 1.000012 1.000012 1.000012 1.000012 1.000012 1.000012 1.000012 1.000012 1.000012 1.000012 1.000012 1.000012 1.000012 1.000012 1.000012 1.000012 1.000012 1.000012 1.000012 1.000012 1.000012 1.000012 1.000012 1.000012 1.000012 1.000012 1.000012 1.000012 1.000012 1.000012 1.000012 1.000012 1.000012 1.000012 1.000012 1.000012 1.000012 1.000012 1.000012 1.000012 1.000012 1.000012 1.000012 1.000012 1.000012 1.000012 1.000012 1.000012 1.000012 1.000012 1.000012 1.000012 1.000012 1.000012 1.000012 1.000012 1.000012 1.000012 1.000012 1.000012 1.000012 1.000012 1.000012 1.000012 1.000012 1.000012 1.000012 1.000012 1.000012 1.000012 1.000012 1.000012 1.000012 1.000000
1.000000 1.000012 1.000012 1.000012 1.000012 1.000012 1.000012 1.000012 1.000012 1.000012 1.000012 1.000012 1.000012 1.000012 1.000012 1.000012 1.000012 1.000012 1.000012 1.000012 1.000012 1.000012 1.000012 1.000012 1.000012 1.000012 1.000012 1.000012 1.000012 1.000012 1.000012 1.000012 1.000012 1.000012 1.000012 1.000012 1.000012 1.000012 1.000012 1.000012 1.000012 1.000012 1.000012 1.000012 1.000012 1.000012 1.000012 1.000012 1.000012 1.000012 1.000012 1.000012 1.000012 1.000012 1.000012 1.000012 1.000012 1.000012 1.000012 1.000012 1.000012 1.000012 1.000012 1.000012 1.000012 1.000012 1.000012 1.000012 1.000012 1.000012 1.000012 1.000012 1.000012 1.000012 1.000012 1.000012 1.000012 1.000012 1.000012 1.000012 1.000012 1.000012 1.000012 1.000012 1.000012 1.000012 1.000012 1.000012 1.000012 1.000012 1.000012 1.000012 1.000012 1.000012 1.000012 1.000012 1.000012 1.000012 1.000012 1.000012 1.000012 1.000012 1.000012 1.000012 1.000012 1.000012 1.000012 1.000012 1.000012 1.000012 1.000012 1.000012 1.000012 1.000012 1.000012 1.000012 1.000012 1.000012 1.000012 1.000012 1.000012 1.000012 1.000012 1.000012 1.000012 1.000012 1.000012 1.000012 1.000012 1.000012 1.000012 1.000012 1.000012 1.000012 1.000012 1.000012 1.000012 1.000012 1.000012 1.000012 1.000012 1.000012 1.000012 1.000012 1.000012 1.000012 1.000012 1.000012 1.000012 1.000012 1.000012 1.000012 1.000012 1.000012 1.000012 1.000012 1.000012 1.000012 1.000012 1.000012 1.000012 1.000012 1.000012 1.000012 1.000012 1.000012 1.000012 1.000012 1.000012 1.000012 1.000012 1.000012 1.000012 1.000012 1.000012 1.000012 1.000012 1.000012 1.000012 1.000012 1.000012 1.000012 1.000012 1.000012 1.000012 1.000012 1.000012 1.000012 1.000012 1.000012 1.000012 1.000012 1.000012 1.000012 1.000012 1.000012 1.000012 1.000012 1.000012 1.000012 1.000012 1.000000
1.000000 1.000012 1.000012 1.000012 1.000012 1.000012 1.000012 1.000012 1.000012 1.000012 1.000012 1.000012 1.000012 1.000012 1.000012 1.000012 1.000012 1.000012 1.000012 1.000012 1.000012 1.000012 1.000012 1.000012 1.000012 1.000012 1.000012 1.000012 1.000012 1.000012 1.000012 1.000012 1.000012 1.000012 1.000012 1.000012 1.000012 1.000012 1.000012 1.000012 1.000012 1.000012 1.000012 1.000012 1.000012 1.000012 1.000012 1.000012 1.000012 1.000012 1.000012 1.000012 1.000012 1.000012 1.000012 1.000012 1.000012 1.000012 1.000012 1.000012 1.000012 1.000012 1.000012 1.000012 1.000012 1.000012 1.000012 1.000012 1.000012 1.000012 1.000012 1.000012 1.000012 1.000012 1.000012 1.000012 1.000012 1.000012 1.000012 1.000012 1.000012 1.000012 1.000012 1.000012 1.000012 1.000012 1.000012 1.000012 1.000012 1.000012 1.000012 1.000012 1.000012 1.000012 1.000012 1.000012 1.000012 1.000012 1.000012 1.000012 1.000012 1.000012 1.000012 1.000012 1.000012 1.000012 1.000012 1.000012 1.000012 1.000012 1.000012 1.000012 1.000012 1.000012 1.000012 1.000012 1.000012 1.000012 1.000012 1.000012 1.000012 1.000012 1.000012 1.000012 1.000012 1.000012 1.000012 1.000012 1.000012 1.000012 1.000012 1.000012 1.000012 1.000012 1.000012 1.000012 1.000012 1.000012 1.000012 1.000012 1.000012 1.000012 1.000012 1.000012 1.000012 1.000012 1.000012 1.000012 1.000012 1.000012 1.000012 1.000012 1.000012 1.000012 1.000012 1.000012 1.000012 1.000012 1.000012 1.000012 1.000012 1.000012 1.000012 1.000012 1.000012 1.000012 1.000012 1.000012 1.000012 1.000012 1.000012 1.000012 1.000012 1.000012 1.000012 1.000012 1.000012 1.000012 1.000012 1.000012 1.000012 1.000012 1.000012 1.000012 1.000012 1.000012 1.000012 1.000012 1.000012 1.000012 1.000012 1.000012 1.000012 1.000012 1.000012 1.000012 1.000012 1.000012 1.000012 1.000012 1.000012 1.000000
1.000000 1.000012 1.000012 1.000012 1.000012 1.000012 1.000012 1.000012 1.000012 1.000012 1.000012 1.000012 1.000012 1.000012 1.000012 1.000012 1.000012 1.000012 1.000012 1.000012 1.000012 1.000012 1.000012 1.000012 1.000012 1.000012 1.000012 1.000012 1.000012 1.000012 1.000012 1.000012 1.000012 1.000012 1.000012 1.000012 1.000012 1.000012 1.000012 1.000012 1.000012 1.000012 1.000012 1.000012 1.000012 1.000012 1.000012 1.000012 1.000012 1.000012 1.000012 1.000012 1.000012 1.000012 1.000012 1.000012 1.000012 1.000012 1.000012 1.000012 1.000012 1.000012 1.000012 1.000012 1.000012 1.000012 1.000012 1.000012 1.000012 1.000012 1.000012 1.000012 1.000012 1.000012 1.000012 1.000012 1.000012 1.000012 1.000012 1.000012 1.000012 1.000012 1.000012 1.000012 1.000012 1.000012 1.000012 1.000012 1.000012 1.000012 1.000012 1.000012 1.000012 1.000012 1.000012 1.000012 1.000012 1.000012 1.000012 1.000012 1.000012 1.000012 1.000012 1.000012 1.000012 1.000012 1.000012 1.000012 1.000012 1.000012 1.000012 1.000012 1.000012 1.000012 1.000012 1.000012 1.000012 1.000012 1.000012 1.000012 1.000012 1.000012 1.000012 1.000012 1.000012 1.000012 1.000012 1.000012 1.000012 1.000012 1.000012 1.000012 1.000012 1.000012 1.000012 1.000012 1.000012 1.000012 1.000012 1.000012 1.000012 1.000012 1.000012 1.000012 1.000012 1.000012 1.000012 1.000012 1.000012 1.000012 1.000012 1.000012 1.000012 1.000012 1.000012 1.000012 1.000012 1.000012 1.000012 1.000012 1.000012 1.000012 1.000012 1.000012 1.000012 1.000012 1.000012 1.000012 1.000012 1.000012 1.000012 1.000012 1.000012 1.000012 1.000012 1.000012 1.000012 1.000012 1.000012 1.000012 1.000012 1.000012 1.000012 1.000012 1.000012 1.000012 1.000012 1.000012 1.000012 1.000012 1.000012 1.000012 1.000012 1.000012 1.000012 1.000012 1.000012 1.000012 1.000012 1.000012 1.000012 1.000000
1.000000 1.000012 1.000012 1.000012 1.000012 1.000012 1.000012 1.000012 1.000012 1.000012 1.000012 1.000012 1.000012 1.000012 1.000012 1.000012 1.000012 1.000012 1.000012 1.000012 1.000012 1.000012 1.000012 1.000012 1.000012 1.000012 1.000012 1.000012 1.000012 1.000012 1.000012 1.000012 1.000012 1.000012 1.000012 1.000012 1.000012 1.000012 1.000012 1.000012 1.000012 1.000012 1.000012 1.000012 1.000012 1.000012 1.000012 1.000012 1.000012 1.000012 1.000012 1.000012 1.000012 1.000012 1.000012 1.000012 1.000012 1.000012 1.000012 1.000012 1.000012 1.000012 1.000012 1.000012 1.000012 1.000012 1.000012 1.000012 1.000012 1.000012 1.000012 1.000012 1.000012 1.000012 1.000012 1.000012 1.000012 1.000012 1.000012 1.000012 1.000012 1.000012 1.000012 1.000012 1.000012 1.000012 1.000012 1.000012 1.000012 1.000012 1.000012 1.000012 1.000012 1.000012 1.000012 1.000012 1.000012 1.000012 1.000012 1.000012 1.000012 1.000012 1.000012 1.000012 1.000012 1.000012 1.000012 1.000012 1.000012 1.000012 1.000012 1.000012 1.000012 1.000012 1.000012 1.000012 1.000012 1.000012 1.000012 1.000012 1.000012 1.000012 1.000012 1.000012 1.000012 1.000012 1.000012 1.000012 1.000012 1.000012 1.000012 1.000012 1.000012 1.000012 1.000012 1.000012 1.000012 1.000012 1.000012 1.000012 1.000012 1.000012 1.000012 1.000012 1.000012 1.000012 1.000012 1.000012 1.000012 1.000012 1.000012 1.000012 1.000012 1.000012 1.000012 1.000012 1.000012 1.000012 1.000012 1.000012 1.000012 1.000012 1.000012 1.000012 1.000012 1.000012 1.000012 1.000012 1.000012 1.000012 1.000012 1.000012 1.000012 1.000012 1.000012 1.000012 1.000012 1.000012 1.000012 1.000012 1.000012 1.000012 1.000012 1.000012 1.000012 1.000012 1.000012 1.000012 1.000012 1.000012 1.000012 1.000012 1.000012 1.000012 1.000012 1.000012 1.000012 1.000012 1.000012 1.000012 1.000012 1.000000
1.000000 1.000000 1.000000 1.000000 1.000000 1.000000 1.000000 1.000000 1.000000 1.000000 1.000000 1.000000 1.000000 1.000000 1.000000 1.000000 1.000000 1.000000 1.000000 1.000000 1.000000 1.000000 1.000000 1.000000 1.000000 1.000000 1.000000 1.000000 1.000000 1.000000 1.000000 1.000000 1.000000 1.000000 1.000000 1.000000 1.000000 1.000000 1.000000 1.000000 1.000000 1.000000 1.000000 1.000000 1.000000 1.000000 1.000000 1.000000 1.000000 1.000000 1.000000 1.000000 1.000000 1.000000 1.000000 1.000000 1.000000 1.000000 1.000000 1.000000 1.000000 1.000000 1.000000 1.000000 1.000000 1.000000 1.000000 1.000000 1.000000 1.000000 1.000000 1.000000 1.000000 1.000000 1.000000 1.000000 1.000000 1.000000 1.000000 1.000000 1.000000 1.000000 1.000000 1.000000 1.000000 1.000000 1.000000 1.000000 1.000000 1.000000 1.000000 1.000000 1.000000 1.000000 1.000000 1.000000 1.000000 1.000000 1.000000 1.000000 1.000000 1.000000 1.000000 1.000000 1.000000 1.000000 1.000000 1.000000 1.000000 1.000000 1.000000 1.000000 1.000000 1.000000 1.000000 1.000000 1.000000 1.000000 1.000000 1.000000 1.000000 1.000000 1.000000 1.000000 1.000000 1.000000 1.000000 1.000000 1.000000 1.000000 1.000000 1.000000 1.000000 1.000000 1.000000 1.000000 1.000000 1.000000 1.000000 1.000000 1.000000 1.000000 1.000000 1.000000 1.000000 1.000000 1.000000 1.000000 1.000000 1.000000 1.000000 1.000000 1.000000 1.000000 1.000000 1.000000 1.000000 1.000000 1.000000 1.000000 1.000000 1.000000 1.000000 1.000000 1.000000 1.000000 1.000000 1.000000 1.000000 1.000000 1.000000 1.000000 1.000000 1.000000 1.000000 1.000000 1.000000 1.000000 1.000000 1.000000 1.000000 1.000000 1.000000 1.000000 1.000000 1.000000 1.000000 1.000000 1.000000 1.000000 1.000000 1.000000 1.000000 1.000000 1.000000 1.000000 1.000000 1.000000 1.000000 1.000000 1.000000 1.000000
