0.015 0.092
0.000000 0.000000 0.000000 0.000000 0.000000 0.000000 0.000000 0.000000 0.000000 0.000000 0.000000 0.000000 0.000000 0.000000 0.000000 0.000000 0.000000 0.000000 0.000000 0.000000 0.000000 0.000000 0.000000 0.000000 0.000000 0.000000 0.000000 0.000000 0.000000 0.000000 0.000000 0.000000 0.000000 0.000000 0.000000 0.000000 0.000000 0.000000 0.000000 0.000000 0.000000 0.000000 0.000000 0.000000 0.000000 0.000000 0.000000 0.000000 0.000000 0.000000 0.000000 0.000000 0.000000 0.000000 0.000000 0.000000 0.000000 0.000000 0.000000 0.000000 0.000000 0.000000 0.000000 0.000000 0.000000 0.000000 0.000000 0.000000 0.000000 0.000000 0.000000 0.000000 0.000000 0.000000 0.000000 0.000000 0.000000 0.000000 0.000000 0.000000 0.000000 0.000000 0.000000 0.000000 0.000000 0.000000 0.000000 0.000000 0.000000 0.000000 0.000000 0.000000 0.000000 0.000000 0.000000 0.000000 0.000000 0.000000 0.000000 0.000000 0.000000 0.000000 0.000000 0.000000 0.000000 0.000000 0.000000 0.000000 0.000000 0.000000 0.000000 0.000000 0.000000 0.000000 0.000000 0.000000 0.000000 0.000000 0.000000 0.000000 0.000000 0.000000 0.000000 0.000000 0.000000 0.000000 0.000000 0.000000 0.000000 0.000000 0.000000 0.000000 0.000000 0.000000 0.000000 0.000000 0.000000 0.000000 0.000000 0.000000 0.000000 0.000000 0.000000 0.000000 0.000000 0.000000 0.000000 0.000000 0.000000 0.000000 0.000000 0.000000 0.000000 0.000000 0.000000 0.000000 0.000000 0.000000 0.000000 0.000000 0.000000 0.000000 0.000000 0.000000 0.000000 0.000000 0.000000 0.000000 0.000000 0.000000 0.000000 0.000000 0.000000 0.000000 0.000000 0.000000 0.000000 0.000000 0.000000 0.000000 0.000000 0.000000 0.000000 0.000000 0.000000 0.000000 0.000000 0.000000 0.000000 0.000000 0.000000 0.000000 0.000000 0.000000 0.000000 0.000000 0.000000 0.000000 0.000000 0.000000 0.000000 0.000000
0.000000 0.032846 0.037870 0.022178 0.013300 0.007384 0.003074 0.000691 0.000939 0.003949 0.008508 0.012460 0.014122 0.013299 0.011050 0.008729 0.007264 0.006904 0.007248 0.007449 0.006649 0.004518 0.001508 -0.000007 -0.000007 -0.000007 -0.000007 -0.000007 -0.000007 -0.000007 -0.000007 -0.000007 -0.000007 -0.000007 -0.000007 -0.000007 -0.000007 -0.000007 -0.000007 -0.000007 -0.000007 -0.000007 -0.000007 -0.000007 -0.000007 -0.000007 -0.000007 -0.000007 -0.000007 -0.000007 -0.000007 -0.000007 -0.000007 -0.000007 -0.000007 -0.000007 -0.000007 -0.000007 -0.000007 -0.000007 -0.000007 -0.000007 -0.000007 -0.000007 -0.000007 -0.000007 -0.000007 -0.000007 -0.000007 -0.000007 -0.000007 -0.000007 -0.000007 -0.000007 -0.000007 -0.000007 -0.000007 -0.000007 -0.000007 -0.000007 -0.000007 -0.000007 -0.000007 -0.000007 -0.000007 -0.000007 -0.000007 -0.000007 -0.000007 -0.000007 -0.000007 -0.000007 -0.000007 -0.000007 -0.000007 -0.000007 -0.000007 -0.000007 -0.000007 -0.000007 -0.000007 -0.000007 -0.000007 -0.000007 -0.000007 -0.000007 -0.000007 -0.000007 -0.000007 -0.000007 -0.000007 -0.000007 -0.000007 -0.000007 -0.000007 -0.000007 -0.000007 -0.000007 -0.000007 -0.000007 -0.000007 -0.000007 -0.000007 -0.000007 -0.000007 -0.000007 -0.000007 -0.000007 -0.000007 -0.000007 -0.000007 -0.000007 -0.000007 -0.000007 -0.000007 -0.000007 -0.000007 -0.000007 -0.000007 -0.000007 -0.000007 -0.000007 -0.000007 -0.000007 -0.000007 -0.000007 -0.000007 -0.000007 -0.000007 -0.000007 -0.000007 -0.000007 -0.000007 -0.000007 -0.000007 -0.000007 -0.000007 -0.000007 -0.000007 -0.000007 -0.000007 -0.000007 -0.000007 -0.000007 -0.000007 -0.000007 -0.000007 -0.000007 -0.000007 -0.000007 -0.000007 -0.000007 -0.000007 -0.000007 -0.000007 -0.000007 -0.000007 -0.000007 -0.000007 0.001508 0.004518 0.006650 0.007450 0.007248 0.006904 0.007264 0.008729 0.011050 0.013300 0.014123 0.012461 0.008509 0.003950 0.000939 0.000691 0.003074 0.007384 0.013300 0.022178 0.037870 0.032845 0.000000
0.000000 0.181568 0.091981 0.069731 0.068145 0.078278 0.094389 0.112071 0.128064 0.140109 0.145853 0.143069 0.131686 0.115179 0.099286 0.089164 0.087526 0.094337 0.107050 0.121199 0.131994 0.136475 0.134596 0.128615 0.121279 0.114449 0.108996 0.105227 0.103018 0.101965 0.101542 0.101250 0.100737 0.099855 0.098635 0.097225 0.095806 0.094529 0.093483 0.092687 0.092107 0.091677 0.091326 0.090999 0.090663 0.090315 0.089970 0.089654 0.089391 0.089201 0.089093 0.089066 0.089114 0.089229 0.089403 0.089628 0.089902 0.090224 0.090596 0.091018 0.091493 0.092021 0.092601 0.093231 0.093908 0.094631 0.095395 0.096198 0.097037 0.097909 0.098811 0.099739 0.100692 0.101666 0.102657 0.103661 0.104675 0.105695 0.106717 0.107737 0.108749 0.109752 0.110739 0.111707 0.112651 0.113568 0.114452 0.115300 0.116108 0.116872 0.117587 0.118250 0.118858 0.119407 0.119895 0.120319 0.120675 0.120963 0.121181 0.121326 0.121400 0.121400 0.121326 0.121181 0.120963 0.120675 0.120319 0.119895 0.119407 0.118858 0.118250 0.117587 0.116871 0.116108 0.115300 0.114452 0.113568 0.112651 0.111707 0.110739 0.109751 0.108749 0.107736 0.106717 0.105695 0.104675 0.103661 0.102656 0.101666 0.100692 0.099739 0.098810 0.097909 0.097037 0.096198 0.095395 0.094631 0.093908 0.093230 0.092600 0.092021 0.091493 0.091018 0.090596 0.090224 0.089902 0.089628 0.089402 0.089229 0.089114 0.089065 0.089092 0.089201 0.089391 0.089653 0.089970 0.090315 0.090663 0.090998 0.091326 0.091677 0.092107 0.092687 0.093483 0.094529 0.095806 0.097225 0.098635 0.099855 0.100738 0.101250 0.101542 0.101965 0.103018 0.105227 0.108996 0.114449 0.121279 0.128616 0.134597 0.136476 0.131995 0.121200 0.107051 0.094337 0.087527 0.089165 0.099287 0.115181 0.131688 0.143070 0.145854 0.140110 0.128065 0.112072 0.094390 0.078279 0.068146 0.069732 0.091981 0.181568 0.000000
1.000000 0.233171 0.159225 0.144494 0.175004 0.230895 0.294848 0.350046 0.387652 0.406125 0.405912 0.387393 0.353103 0.310702 0.272472 0.250398 0.250932 0.273016 0.308769 0.346567 0.376159 0.392436 0.395589 0.389046 0.377349 0.364571 0.353709 0.346386 0.342926 0.342626 0.344195 0.346256 0.347744 0.348105 0.347284 0.345579 0.343444 0.341326 0.339550 0.338274 0.337496 0.337102 0.336929 0.336825 0.336682 0.336460 0.336171 0.335863 0.335594 0.335418 0.335367 0.335454 0.335676 0.336016 0.336458 0.336987 0.337593 0.338272 0.339026 0.339858 0.340770 0.341766 0.342843 0.344001 0.345234 0.346537 0.347903 0.349327 0.350803 0.352326 0.353889 0.355488 0.357117 0.358770 0.360442 0.362125 0.363814 0.365502 0.367182 0.368848 0.370493 0.372112 0.373696 0.375241 0.376740 0.378187 0.379576 0.380901 0.382157 0.383338 0.384439 0.385457 0.386386 0.387222 0.387963 0.388604 0.389142 0.389576 0.389903 0.390122 0.390232 0.390231 0.390122 0.389903 0.389576 0.389142 0.388603 0.387963 0.387222 0.386386 0.385457 0.384439 0.383337 0.382156 0.380900 0.379575 0.378187 0.376740 0.375241 0.373696 0.372111 0.370493 0.368847 0.367181 0.365501 0.363813 0.362125 0.360441 0.358770 0.357117 0.355488 0.353889 0.352325 0.350803 0.349327 0.347902 0.346536 0.345233 0.344000 0.342843 0.341765 0.340769 0.339857 0.339025 0.338272 0.337592 0.336986 0.336458 0.336015 0.335675 0.335453 0.335366 0.335417 0.335593 0.335862 0.336171 0.336460 0.336682 0.336824 0.336929 0.337101 0.337495 0.338273 0.339549 0.341325 0.343443 0.345579 0.347284 0.348104 0.347743 0.346256 0.344195 0.342626 0.342926 0.346386 0.353710 0.364571 0.377349 0.389047 0.395589 0.392436 0.376159 0.346568 0.308770 0.273017 0.250934 0.250399 0.272474 0.310703 0.353104 0.387394 0.405912 0.406126 0.387653 0.350047 0.294851 0.230898 0.175007 0.144496 0.159227 0.233172 1.000000
0.000000 0.235603 0.183700 0.215306 0.294361 0.401400 0.503267 0.576930 0.617971 0.631157 0.621058 0.589939 0.540949 0.482819 0.431194 0.403097 0.408068 0.443191 0.494813 0.545953 0.584496 0.606160 0.612426 0.607450 0.596120 0.583064 0.572058 0.565468 0.563956 0.566663 0.571818 0.577504 0.582241 0.585255 0.586440 0.586168 0.585040 0.583675 0.582557 0.581956 0.581924 0.582349 0.583031 0.583770 0.584412 0.584885 0.585185 0.585361 0.585483 0.585618 0.585817 0.586101 0.586475 0.586926 0.587435 0.587986 0.588566 0.589171 0.589801 0.590460 0.591153 0.591884 0.592655 0.593465 0.594311 0.595191 0.596099 0.597032 0.597986 0.598957 0.599942 0.600937 0.601940 0.602948 0.603957 0.604964 0.605965 0.606956 0.607935 0.608898 0.609841 0.610762 0.611657 0.612523 0.613357 0.614157 0.614920 0.615644 0.616326 0.616963 0.617555 0.618099 0.618593 0.619036 0.619427 0.619765 0.620047 0.620274 0.620445 0.620560 0.620617 0.620617 0.620560 0.620445 0.620274 0.620047 0.619764 0.619427 0.619036 0.618593 0.618099 0.617555 0.616963 0.616325 0.615643 0.614920 0.614157 0.613357 0.612522 0.611656 0.610761 0.609841 0.608898 0.607935 0.606956 0.605964 0.604963 0.603957 0.602948 0.601940 0.600937 0.599941 0.598956 0.597985 0.597031 0.596098 0.595190 0.594311 0.593464 0.592654 0.591884 0.591153 0.590460 0.589800 0.589170 0.588565 0.587985 0.587435 0.586925 0.586475 0.586101 0.585816 0.585618 0.585482 0.585360 0.585184 0.584884 0.584412 0.583769 0.583031 0.582348 0.581923 0.581955 0.582556 0.583674 0.585039 0.586167 0.586439 0.585254 0.582240 0.577503 0.571818 0.566662 0.563956 0.565468 0.572057 0.583064 0.596120 0.607450 0.612426 0.606160 0.584495 0.545953 0.494813 0.443192 0.408069 0.403098 0.431195 0.482819 0.540949 0.589939 0.621057 0.631157 0.617972 0.576932 0.503270 0.401404 0.294366 0.215310 0.183703 0.235604 0.000000
0.007622 0.097686 0.166795 0.235232 0.347705 0.479955 0.593003 0.665517 0.698468 0.700521 0.678357 0.635674 0.576934 0.512122 0.457804 0.431184 0.441059 0.482822 0.540614 0.595919 0.636438 0.658529 0.664378 0.658669 0.646750 0.633749 0.623872 0.619681 0.621694 0.628626 0.638176 0.647964 0.656222 0.662069 0.665438 0.666823 0.666994 0.666733 0.666658 0.667119 0.668196 0.669757 0.671562 0.673360 0.674961 0.676267 0.677266 0.678011 0.678582 0.679060 0.679504 0.679949 0.680400 0.680847 0.681273 0.681658 0.681991 0.682266 0.682485 0.682654 0.682780 0.682870 0.682929 0.682961 0.682966 0.682946 0.682899 0.682827 0.682728 0.682605 0.682458 0.682289 0.682100 0.681892 0.681667 0.681427 0.681173 0.680908 0.680633 0.680350 0.680060 0.679767 0.679471 0.679175 0.678881 0.678592 0.678308 0.678033 0.677768 0.677514 0.677275 0.677051 0.676845 0.676657 0.676490 0.676344 0.676221 0.676121 0.676046 0.675995 0.675970 0.675970 0.675995 0.676046 0.676121 0.676221 0.676344 0.676490 0.676657 0.676845 0.677051 0.677275 0.677514 0.677767 0.678033 0.678308 0.678592 0.678881 0.679175 0.679471 0.679766 0.680060 0.680349 0.680633 0.680908 0.681173 0.681426 0.681666 0.681891 0.682099 0.682288 0.682457 0.682604 0.682728 0.682826 0.682899 0.682945 0.682966 0.682960 0.682928 0.682869 0.682779 0.682653 0.682484 0.682265 0.681990 0.681657 0.681272 0.680846 0.680399 0.679948 0.679504 0.679059 0.678582 0.678010 0.677266 0.676266 0.674960 0.673359 0.671561 0.669756 0.668195 0.667119 0.666657 0.666732 0.666993 0.666823 0.665437 0.662068 0.656221 0.647963 0.638175 0.628625 0.621693 0.619680 0.623871 0.633748 0.646749 0.658668 0.664377 0.658528 0.636437 0.595918 0.540613 0.482822 0.441059 0.431185 0.457804 0.512122 0.576933 0.635673 0.678356 0.700519 0.698467 0.665517 0.593005 0.479959 0.347710 0.235236 0.166798 0.097687 0.007622
0.021008 0.067922 0.119233 0.193932 0.300851 0.425008 0.530250 0.594117 0.615591 0.603061 0.565198 0.509437 0.444307 0.381612 0.335166 0.316149 0.328952 0.369247 0.424250 0.477508 0.516448 0.536261 0.538648 0.528873 0.513464 0.498630 0.489061 0.487162 0.492912 0.504376 0.518624 0.532740 0.544574 0.553077 0.558226 0.560732 0.561652 0.562047 0.562733 0.564151 0.566372 0.569190 0.572261 0.575240 0.577871 0.580023 0.581688 0.582938 0.583884 0.584635 0.585271 0.585833 0.586329 0.586745 0.587054 0.587234 0.587270 0.587157 0.586897 0.586502 0.585983 0.585351 0.584616 0.583785 0.582864 0.581856 0.580767 0.579601 0.578361 0.577055 0.575689 0.574270 0.572804 0.571299 0.569763 0.568203 0.566625 0.565038 0.563448 0.561864 0.560291 0.558738 0.557212 0.555720 0.554269 0.552865 0.551515 0.550226 0.549002 0.547850 0.546775 0.545782 0.544875 0.544058 0.543336 0.542710 0.542185 0.541762 0.541443 0.541229 0.541122 0.541122 0.541229 0.541442 0.541762 0.542185 0.542710 0.543336 0.544058 0.544875 0.545782 0.546775 0.547850 0.549002 0.550226 0.551515 0.552865 0.554269 0.555720 0.557212 0.558738 0.560291 0.561864 0.563448 0.565038 0.566625 0.568203 0.569763 0.571299 0.572804 0.574269 0.575689 0.577055 0.578361 0.579600 0.580767 0.581856 0.582863 0.583785 0.584615 0.585350 0.585982 0.586502 0.586897 0.587156 0.587270 0.587234 0.587054 0.586744 0.586329 0.585832 0.585270 0.584635 0.583884 0.582937 0.581687 0.580023 0.577870 0.575239 0.572260 0.569189 0.566371 0.564150 0.562732 0.562046 0.561651 0.560731 0.558225 0.553075 0.544573 0.532738 0.518623 0.504375 0.492911 0.487161 0.489060 0.498629 0.513463 0.528872 0.538647 0.536260 0.516446 0.477506 0.424248 0.369246 0.328952 0.316149 0.335165 0.381611 0.444305 0.509434 0.565195 0.603058 0.615589 0.594116 0.530251 0.425011 0.300855 0.193935 0.119235 0.067923 0.021008
0.025096 0.048816 0.078560 0.124835 0.193397 0.275621 0.348315 0.389998 0.394585 0.368545 0.323369 0.270917 0.221381 0.182264 0.158096 0.151005 0.161351 0.187169 0.222616 0.258107 0.284007 0.295079 0.291924 0.279377 0.263808 0.250781 0.243770 0.243985 0.250809 0.262384 0.276194 0.289703 0.300945 0.308908 0.313579 0.315698 0.316377 0.316712 0.317509 0.319168 0.321700 0.324841 0.328205 0.331418 0.334211 0.336457 0.338156 0.339400 0.340312 0.341008 0.341571 0.342038 0.342410 0.342666 0.342775 0.342711 0.342459 0.342015 0.341387 0.340586 0.339627 0.338525 0.337290 0.335933 0.334462 0.332882 0.331201 0.329426 0.327565 0.325629 0.323625 0.321565 0.319459 0.317317 0.315150 0.312966 0.310777 0.308592 0.306420 0.304271 0.302154 0.300079 0.298053 0.296086 0.294185 0.292358 0.290611 0.288952 0.287387 0.285921 0.284560 0.283308 0.282169 0.281148 0.280247 0.279470 0.278819 0.278296 0.277902 0.277639 0.277507 0.277507 0.277639 0.277902 0.278296 0.278819 0.279470 0.280247 0.281148 0.282169 0.283308 0.284560 0.285921 0.287387 0.288952 0.290611 0.292358 0.294185 0.296086 0.298053 0.300079 0.302155 0.304271 0.306420 0.308592 0.310777 0.312966 0.315150 0.317317 0.319459 0.321565 0.323625 0.325629 0.327565 0.329426 0.331201 0.332882 0.334462 0.335934 0.337291 0.338525 0.339627 0.340586 0.341387 0.342015 0.342459 0.342711 0.342774 0.342666 0.342410 0.342038 0.341571 0.341008 0.340312 0.339400 0.338156 0.336456 0.334211 0.331418 0.328205 0.324841 0.321699 0.319167 0.317509 0.316711 0.316377 0.315698 0.313578 0.308908 0.300944 0.289702 0.276193 0.262383 0.250808 0.243984 0.243769 0.250780 0.263807 0.279376 0.291923 0.295078 0.284006 0.258106 0.222615 0.187168 0.161351 0.151005 0.158096 0.182263 0.221379 0.270914 0.323366 0.368541 0.394581 0.389996 0.348314 0.275623 0.193399 0.124837 0.078560 0.048816 0.025096
0.026133 0.035193 0.048637 0.069074 0.097380 0.129771 0.156334 0.166495 0.156877 0.133270 0.105409 0.080841 0.062839 0.051587 0.046329 0.046480 0.051728 0.061442 0.073839 0.085670 0.093207 0.094215 0.089239 0.081031 0.072843 0.067009 0.064556 0.065502 0.069272 0.074954 0.081448 0.087638 0.092628 0.095952 0.097643 0.098135 0.098039 0.097933 0.098208 0.099022 0.100331 0.101958 0.103676 0.105278 0.106624 0.107656 0.108389 0.108882 0.109209 0.109435 0.109601 0.109721 0.109788 0.109785 0.109694 0.109499 0.109193 0.108776 0.108253 0.107632 0.106925 0.106137 0.105278 0.104353 0.103366 0.102322 0.101226 0.100083 0.098900 0.097682 0.096435 0.095167 0.093883 0.092590 0.091294 0.090000 0.088715 0.087444 0.086192 0.084964 0.083764 0.082598 0.081469 0.080381 0.079339 0.078344 0.077401 0.076511 0.075677 0.074901 0.074185 0.073530 0.072938 0.072409 0.071945 0.071546 0.071213 0.070947 0.070746 0.070612 0.070546 0.070546 0.070613 0.070746 0.070947 0.071213 0.071546 0.071945 0.072409 0.072938 0.073530 0.074185 0.074901 0.075677 0.076511 0.077401 0.078344 0.079339 0.080382 0.081469 0.082598 0.083764 0.084964 0.086192 0.087444 0.088715 0.090000 0.091294 0.092590 0.093883 0.095167 0.096435 0.097682 0.098900 0.100084 0.101226 0.102322 0.103366 0.104353 0.105278 0.106138 0.106925 0.107633 0.108253 0.108776 0.109193 0.109500 0.109694 0.109786 0.109788 0.109721 0.109601 0.109436 0.109209 0.108882 0.108389 0.107656 0.106624 0.105278 0.103676 0.101958 0.100331 0.099022 0.098207 0.097933 0.098039 0.098134 0.097643 0.095951 0.092628 0.087638 0.081448 0.074954 0.069271 0.065501 0.064556 0.067009 0.072842 0.081031 0.089238 0.094215 0.093206 0.085670 0.073839 0.061441 0.051728 0.046480 0.046328 0.051587 0.062839 0.080840 0.105407 0.133268 0.156875 0.166493 0.156333 0.129772 0.097381 0.069075 0.048637 0.035193 0.026133
0.026924 0.026952 0.031079 0.037413 0.044507 0.050174 0.051495 0.046531 0.036603 0.025488 0.016371 0.010362 0.007180 0.006111 0.006430 0.007695 0.009689 0.012187 0.014715 0.016516 0.016839 0.015407 0.012663 0.009533 0.006914 0.005333 0.004899 0.005455 0.006727 0.008395 0.010136 0.011656 0.012746 0.013329 0.013465 0.013315 0.013072 0.012899 0.012891 0.013070 0.013400 0.013812 0.014232 0.014601 0.014883 0.015068 0.015169 0.015208 0.015210 0.015193 0.015166 0.015131 0.015083 0.015015 0.014921 0.014796 0.014640 0.014451 0.014234 0.013991 0.013724 0.013437 0.013132 0.012809 0.012471 0.012118 0.011753 0.011377 0.010992 0.010599 0.010201 0.009800 0.009397 0.008995 0.008595 0.008199 0.007809 0.007425 0.007050 0.006685 0.006331 0.005990 0.005661 0.005347 0.005047 0.004764 0.004497 0.004247 0.004014 0.003799 0.003601 0.003422 0.003261 0.003118 0.002993 0.002886 0.002797 0.002727 0.002673 0.002638 0.002620 0.002620 0.002638 0.002673 0.002727 0.002797 0.002886 0.002993 0.003118 0.003261 0.003422 0.003601 0.003799 0.004014 0.004247 0.004497 0.004764 0.005048 0.005347 0.005661 0.005990 0.006331 0.006685 0.007050 0.007425 0.007809 0.008199 0.008595 0.008995 0.009397 0.009800 0.010201 0.010599 0.010992 0.011377 0.011753 0.012119 0.012471 0.012809 0.013132 0.013437 0.013724 0.013991 0.014234 0.014451 0.014640 0.014797 0.014921 0.015015 0.015083 0.015131 0.015166 0.015193 0.015210 0.015208 0.015169 0.015068 0.014883 0.014601 0.014232 0.013812 0.013400 0.013070 0.012891 0.012899 0.013072 0.013315 0.013465 0.013329 0.012746 0.011656 0.010136 0.008395 0.006727 0.005455 0.004899 0.005333 0.006914 0.009533 0.012663 0.015407 0.016839 0.016516 0.014714 0.012187 0.009689 0.007695 0.006430 0.006111 0.007180 0.010362 0.016370 0.025487 0.036602 0.046530 0.051495 0.050174 0.044507 0.037414 0.031080 0.026952 0.026924
0.028484 0.023216 0.022720 0.023161 0.022679 0.020253 0.015517 0.009296 0.003437 -0.000007 -0.000007 -0.000007 -0.000007 -0.000007 -0.000007 -0.000007 -0.000007 -0.000007 -0.000007 -0.000007 -0.000007 -0.000007 -0.000007 -0.000007 -0.000007 -0.000007 -0.000007 -0.000007 -0.000007 -0.000007 -0.000007 -0.000007 -0.000007 -0.000007 -0.000007 -0.000007 -0.000007 -0.000007 -0.000007 -0.000007 -0.000007 -0.000007 -0.000007 -0.000007 -0.000007 -0.000007 -0.000007 -0.000007 -0.000007 -0.000007 -0.000007 -0.000007 -0.000007 -0.000007 -0.000007 -0.000007 -0.000007 -0.000007 -0.000007 -0.000007 -0.000007 -0.000007 -0.000007 -0.000007 -0.000007 -0.000007 -0.000007 -0.000007 -0.000007 -0.000007 -0.000007 -0.000007 -0.000007 -0.000007 -0.000007 -0.000007 -0.000007 -0.000007 -0.000007 -0.000007 -0.000007 -0.000007 -0.000007 -0.000007 -0.000007 -0.000007 -0.000007 -0.000007 -0.000007 -0.000007 -0.000007 -0.000007 -0.000007 -0.000007 -0.000007 -0.000007 -0.000007 -0.000007 -0.000007 -0.000007 -0.000007 -0.000007 -0.000007 -0.000007 -0.000007 -0.000007 -0.000007 -0.000007 -0.000007 -0.000007 -0.000007 -0.000007 -0.000007 -0.000007 -0.000007 -0.000007 -0.000007 -0.000007 -0.000007 -0.000007 -0.000007 -0.000007 -0.000007 -0.000007 -0.000007 -0.000007 -0.000007 -0.000007 -0.000007 -0.000007 -0.000007 -0.000007 -0.000007 -0.000007 -0.000007 -0.000007 -0.000007 -0.000007 -0.000007 -0.000007 -0.000007 -0.000007 -0.000007 -0.000007 -0.000007 -0.000007 -0.000007 -0.000007 -0.000007 -0.000007 -0.000007 -0.000007 -0.000007 -0.000007 -0.000007 -0.000007 -0.000007 -0.000007 -0.000007 -0.000007 -0.000007 -0.000007 -0.000007 -0.000007 -0.000007 -0.000007 -0.000007 -0.000007 -0.000007 -0.000007 -0.000007 -0.000007 -0.000007 -0.000007 -0.000007 -0.000007 -0.000007 -0.000007 -0.000007 -0.000007 -0.000007 -0.000007 -0.000007 -0.000007 -0.000007 -0.000007 -0.000007 -0.000007 -0.000007 -0.000007 -0.000007 -0.000007 -0.000007 0.003437 0.009295 0.015517 0.020253 0.022679 0.023161 0.022720 0.023216 0.028484
0.031035 0.022754 0.020088 0.018369 0.015774 0.011801 0.006755 0.001777 -0.000007 -0.000007 -0.000007 -0.000007 -0.000007 -0.000007 -0.000007 -0.000007 -0.000007 -0.000007 -0.000007 -0.000007 -0.000007 -0.000007 -0.000007 -0.000007 -0.000007 -0.000007 -0.000007 -0.000007 -0.000007 -0.000007 -0.000007 -0.000007 -0.000007 -0.000007 -0.000007 -0.000007 -0.000007 -0.000007 -0.000007 -0.000007 -0.000007 -0.000007 -0.000007 -0.000007 -0.000007 -0.000007 -0.000007 -0.000007 -0.000007 -0.000007 -0.000007 -0.000007 -0.000007 -0.000007 -0.000007 -0.000007 -0.000007 -0.000007 -0.000007 -0.000007 -0.000007 -0.000007 -0.000007 -0.000007 -0.000007 -0.000007 -0.000007 -0.000007 -0.000007 -0.000007 -0.000007 -0.000007 -0.000007 -0.000007 -0.000007 -0.000007 -0.000007 -0.000007 -0.000007 -0.000007 -0.000007 -0.000007 -0.000007 -0.000007 -0.000007 -0.000007 -0.000007 -0.000007 -0.000007 -0.000007 -0.000007 -0.000007 -0.000007 -0.000007 -0.000007 -0.000007 -0.000007 -0.000007 -0.000007 -0.000007 -0.000007 -0.000007 -0.000007 -0.000007 -0.000007 -0.000007 -0.000007 -0.000007 -0.000007 -0.000007 -0.000007 -0.000007 -0.000007 -0.000007 -0.000007 -0.000007 -0.000007 -0.000007 -0.000007 -0.000007 -0.000007 -0.000007 -0.000007 -0.000007 -0.000007 -0.000007 -0.000007 -0.000007 -0.000007 -0.000007 -0.000007 -0.000007 -0.000007 -0.000007 -0.000007 -0.000007 -0.000007 -0.000007 -0.000007 -0.000007 -0.000007 -0.000007 -0.000007 -0.000007 -0.000007 -0.000007 -0.000007 -0.000007 -0.000007 -0.000007 -0.000007 -0.000007 -0.000007 -0.000007 -0.000007 -0.000007 -0.000007 -0.000007 -0.000007 -0.000007 -0.000007 -0.000007 -0.000007 -0.000007 -0.000007 -0.000007 -0.000007 -0.000007 -0.000007 -0.000007 -0.000007 -0.000007 -0.000007 -0.000007 -0.000007 -0.000007 -0.000007 -0.000007 -0.000007 -0.000007 -0.000007 -0.000007 -0.000007 -0.000007 -0.000007 -0.000007 -0.000007 -0.000007 -0.000007 -0.000007 -0.000007 -0.000007 -0.000007 -0.000007 0.001777 0.006755 0.011801 0.015774 0.018369 0.020088 0.022754 0.031036
0.034234 0.024392 0.020737 0.018285 0.015250 0.011260 0.006647 0.002377 -0.000007 -0.000007 -0.000007 -0.000007 -0.000007 -0.000007 -0.000007 -0.000007 -0.000007 -0.000007 -0.000007 -0.000007 -0.000007 -0.000007 -0.000007 -0.000007 -0.000007 -0.000007 -0.000007 -0.000007 -0.000007 -0.000007 -0.000007 -0.000007 -0.000007 -0.000007 -0.000007 -0.000007 -0.000007 -0.000007 -0.000007 -0.000007 -0.000007 -0.000007 -0.000007 -0.000007 -0.000007 -0.000007 -0.000007 -0.000007 -0.000007 -0.000007 -0.000007 -0.000007 -0.000007 -0.000007 -0.000007 -0.000007 -0.000007 -0.000007 -0.000007 -0.000007 -0.000007 -0.000007 -0.000007 -0.000007 -0.000007 -0.000007 -0.000007 -0.000007 -0.000007 -0.000007 -0.000007 -0.000007 -0.000007 -0.000007 -0.000007 -0.000007 -0.000007 -0.000007 -0.000007 -0.000007 -0.000007 -0.000007 -0.000007 -0.000007 -0.000007 -0.000007 -0.000007 -0.000007 -0.000007 -0.000007 -0.000007 -0.000007 -0.000007 -0.000007 -0.000007 -0.000007 -0.000007 -0.000007 -0.000007 -0.000007 -0.000007 -0.000007 -0.000007 -0.000007 -0.000007 -0.000007 -0.000007 -0.000007 -0.000007 -0.000007 -0.000007 -0.000007 -0.000007 -0.000007 -0.000007 -0.000007 -0.000007 -0.000007 -0.000007 -0.000007 -0.000007 -0.000007 -0.000007 -0.000007 -0.000007 -0.000007 -0.000007 -0.000007 -0.000007 -0.000007 -0.000007 -0.000007 -0.000007 -0.000007 -0.000007 -0.000007 -0.000007 -0.000007 -0.000007 -0.000007 -0.000007 -0.000007 -0.000007 -0.000007 -0.000007 -0.000007 -0.000007 -0.000007 -0.000007 -0.000007 -0.000007 -0.000007 -0.000007 -0.000007 -0.000007 -0.000007 -0.000007 -0.000007 -0.000007 -0.000007 -0.000007 -0.000007 -0.000007 -0.000007 -0.000007 -0.000007 -0.000007 -0.000007 -0.000007 -0.000007 -0.000007 -0.000007 -0.000007 -0.000007 -0.000007 -0.000007 -0.000007 -0.000007 -0.000007 -0.000007 -0.000007 -0.000007 -0.000007 -0.000007 -0.000007 -0.000007 -0.000007 -0.000007 -0.000007 -0.000007 -0.000007 -0.000007 -0.000007 -0.000007 0.002377 0.006647 0.011260 0.015251 0.018286 0.020737 0.024393 0.034234
0.037564 0.027139 0.023108 0.020488 0.017519 0.013831 0.009673 0.005611 0.002442 0.000501 -0.000007 -0.000007 -0.000007 -0.000007 -0.000007 -0.000007 -0.000007 -0.000007 -0.000007 -0.000007 -0.000007 -0.000007 -0.000007 -0.000007 -0.000007 -0.000007 -0.000007 -0.000007 -0.000007 -0.000007 -0.000007 -0.000007 -0.000007 -0.000007 -0.000007 -0.000007 -0.000007 -0.000007 -0.000007 -0.000007 -0.000007 -0.000007 -0.000007 -0.000007 -0.000007 -0.000007 -0.000007 -0.000007 -0.000007 -0.000007 -0.000007 -0.000007 -0.000007 -0.000007 -0.000007 -0.000007 -0.000007 -0.000007 -0.000007 -0.000007 -0.000007 -0.000007 -0.000007 -0.000007 -0.000007 -0.000007 -0.000007 -0.000007 -0.000007 -0.000007 -0.000007 -0.000007 -0.000007 -0.000007 -0.000007 -0.000007 -0.000007 -0.000007 -0.000007 -0.000007 -0.000007 -0.000007 -0.000007 -0.000007 -0.000007 -0.000007 -0.000007 -0.000007 -0.000007 -0.000007 -0.000007 -0.000007 -0.000007 -0.000007 -0.000007 -0.000007 -0.000007 -0.000007 -0.000007 -0.000007 -0.000007 -0.000007 -0.000007 -0.000007 -0.000007 -0.000007 -0.000007 -0.000007 -0.000007 -0.000007 -0.000007 -0.000007 -0.000007 -0.000007 -0.000007 -0.000007 -0.000007 -0.000007 -0.000007 -0.000007 -0.000007 -0.000007 -0.000007 -0.000007 -0.000007 -0.000007 -0.000007 -0.000007 -0.000007 -0.000007 -0.000007 -0.000007 -0.000007 -0.000007 -0.000007 -0.000007 -0.000007 -0.000007 -0.000007 -0.000007 -0.000007 -0.000007 -0.000007 -0.000007 -0.000007 -0.000007 -0.000007 -0.000007 -0.000007 -0.000007 -0.000007 -0.000007 -0.000007 -0.000007 -0.000007 -0.000007 -0.000007 -0.000007 -0.000007 -0.000007 -0.000007 -0.000007 -0.000007 -0.000007 -0.000007 -0.000007 -0.000007 -0.000007 -0.000007 -0.000007 -0.000007 -0.000007 -0.000007 -0.000007 -0.000007 -0.000007 -0.000007 -0.000007 -0.000007 -0.000007 -0.000007 -0.000007 -0.000007 -0.000007 -0.000007 -0.000007 -0.000007 -0.000007 -0.000007 -0.000007 -0.000007 -0.000007 0.000501 0.002442 0.005611 0.009674 0.013832 0.017520 0.020488 0.023109 0.027139 0.037564
0.040590 0.030231 0.026183 0.023657 0.020941 0.017645 0.013903 0.010099 0.006708 0.004082 0.002208 0.000989 0.000196 -0.000007 -0.000007 -0.000007 -0.000007 -0.000007 -0.000007 -0.000007 -0.000007 -0.000007 -0.000007 -0.000007 -0.000007 -0.000007 -0.000007 -0.000007 -0.000007 -0.000007 -0.000007 -0.000007 -0.000007 -0.000007 -0.000007 -0.000007 -0.000007 -0.000007 -0.000007 -0.000007 -0.000007 -0.000007 -0.000007 -0.000007 -0.000007 -0.000007 -0.000007 -0.000007 -0.000007 -0.000007 -0.000007 -0.000007 -0.000007 -0.000007 -0.000007 -0.000007 -0.000007 -0.000007 -0.000007 -0.000007 -0.000007 -0.000007 -0.000007 -0.000007 -0.000007 -0.000007 -0.000007 -0.000007 -0.000007 -0.000007 -0.000007 -0.000007 -0.000007 -0.000007 -0.000007 -0.000007 -0.000007 -0.000007 -0.000007 -0.000007 -0.000007 -0.000007 -0.000007 -0.000007 -0.000007 -0.000007 -0.000007 -0.000007 -0.000007 -0.000007 -0.000007 -0.000007 -0.000007 -0.000007 -0.000007 -0.000007 -0.000007 -0.000007 -0.000007 -0.000007 -0.000007 -0.000007 -0.000007 -0.000007 -0.000007 -0.000007 -0.000007 -0.000007 -0.000007 -0.000007 -0.000007 -0.000007 -0.000007 -0.000007 -0.000007 -0.000007 -0.000007 -0.000007 -0.000007 -0.000007 -0.000007 -0.000007 -0.000007 -0.000007 -0.000007 -0.000007 -0.000007 -0.000007 -0.000007 -0.000007 -0.000007 -0.000007 -0.000007 -0.000007 -0.000007 -0.000007 -0.000007 -0.000007 -0.000007 -0.000007 -0.000007 -0.000007 -0.000007 -0.000007 -0.000007 -0.000007 -0.000007 -0.000007 -0.000007 -0.000007 -0.000007 -0.000007 -0.000007 -0.000007 -0.000007 -0.000007 -0.000007 -0.000007 -0.000007 -0.000007 -0.000007 -0.000007 -0.000007 -0.000007 -0.000007 -0.000007 -0.000007 -0.000007 -0.000007 -0.000007 -0.000007 -0.000007 -0.000007 -0.000007 -0.000007 -0.000007 -0.000007 -0.000007 -0.000007 -0.000007 -0.000007 -0.000007 -0.000007 -0.000007 -0.000007 -0.000007 -0.000007 -0.000007 -0.000007 0.000196 0.000989 0.002208 0.004082 0.006708 0.010100 0.013904 0.017646 0.020941 0.023658 0.026184 0.030232 0.040591
0.043069 0.033165 0.029312 0.027022 0.024650 0.021774 0.018461 0.014978 0.011679 0.008836 0.006517 0.004723 0.003376 0.002389 0.001663 0.001099 0.000619 0.000190 -0.000007 -0.000007 -0.000007 -0.000007 -0.000007 -0.000007 -0.000007 -0.000007 -0.000007 -0.000007 -0.000007 -0.000007 -0.000007 -0.000007 -0.000007 -0.000007 -0.000007 -0.000007 -0.000007 -0.000007 -0.000007 -0.000007 -0.000007 -0.000007 -0.000007 -0.000007 -0.000007 -0.000007 -0.000007 -0.000007 -0.000007 -0.000007 -0.000007 -0.000007 -0.000007 -0.000007 -0.000007 -0.000007 -0.000007 -0.000007 -0.000007 -0.000007 -0.000007 -0.000007 -0.000007 -0.000007 -0.000007 -0.000007 -0.000007 -0.000007 -0.000007 -0.000007 -0.000007 -0.000007 -0.000007 -0.000007 -0.000007 -0.000007 -0.000007 0.000045 0.000148 0.000251 0.000353 0.000453 0.000551 0.000646 0.000738 0.000827 0.000913 0.000994 0.001071 0.001144 0.001211 0.001274 0.001331 0.001383 0.001428 0.001468 0.001501 0.001528 0.001548 0.001561 0.001568 0.001568 0.001561 0.001548 0.001528 0.001501 0.001468 0.001428 0.001383 0.001331 0.001274 0.001211 0.001144 0.001071 0.000994 0.000913 0.000827 0.000738 0.000646 0.000551 0.000453 0.000353 0.000251 0.000148 0.000044 -0.000007 -0.000007 -0.000007 -0.000007 -0.000007 -0.000007 -0.000007 -0.000007 -0.000007 -0.000007 -0.000007 -0.000007 -0.000007 -0.000007 -0.000007 -0.000007 -0.000007 -0.000007 -0.000007 -0.000007 -0.000007 -0.000007 -0.000007 -0.000007 -0.000007 -0.000007 -0.000007 -0.000007 -0.000007 -0.000007 -0.000007 -0.000007 -0.000007 -0.000007 -0.000007 -0.000007 -0.000007 -0.000007 -0.000007 -0.000007 -0.000007 -0.000007 -0.000007 -0.000007 -0.000007 -0.000007 -0.000007 -0.000007 -0.000007 -0.000007 -0.000007 -0.000007 -0.000007 -0.000007 -0.000007 -0.000007 -0.000007 -0.000007 -0.000007 0.000189 0.000619 0.001099 0.001663 0.002388 0.003376 0.004723 0.006517 0.008836 0.011679 0.014979 0.018462 0.021775 0.024650 0.027023 0.029313 0.033166 0.043069
0.044940 0.035673 0.032124 0.030142 0.028152 0.025718 0.022849 0.019748 0.016682 0.013879 0.011449 0.009437 0.007816 0.006526 0.005487 0.004610 0.003827 0.003092 0.002396 0.001759 0.001192 0.000695 0.000270 -0.000007 -0.000007 -0.000007 -0.000007 -0.000007 -0.000007 -0.000007 -0.000007 -0.000007 -0.000007 -0.000007 -0.000007 -0.000007 -0.000007 -0.000007 -0.000007 -0.000007 -0.000007 -0.000007 -0.000007 -0.000007 -0.000007 -0.000007 -0.000007 -0.000007 -0.000007 -0.000007 -0.000007 -0.000007 -0.000007 -0.000007 -0.000007 -0.000007 -0.000007 -0.000007 -0.000007 0.000056 0.000178 0.000306 0.000438 0.000573 0.000712 0.000856 0.001003 0.001153 0.001308 0.001467 0.001629 0.001796 0.001966 0.002141 0.002320 0.002503 0.002691 0.002882 0.003073 0.003259 0.003442 0.003620 0.003793 0.003961 0.004123 0.004278 0.004426 0.004566 0.004698 0.004822 0.004937 0.005043 0.005139 0.005225 0.005301 0.005367 0.005422 0.005466 0.005499 0.005522 0.005533 0.005533 0.005522 0.005499 0.005466 0.005422 0.005367 0.005301 0.005225 0.005139 0.005043 0.004937 0.004822 0.004698 0.004566 0.004426 0.004278 0.004123 0.003961 0.003793 0.003620 0.003442 0.003259 0.003072 0.002882 0.002691 0.002503 0.002320 0.002141 0.001966 0.001796 0.001629 0.001467 0.001308 0.001153 0.001002 0.000855 0.000712 0.000573 0.000438 0.000306 0.000178 0.000055 -0.000007 -0.000007 -0.000007 -0.000007 -0.000007 -0.000007 -0.000007 -0.000007 -0.000007 -0.000007 -0.000007 -0.000007 -0.000007 -0.000007 -0.000007 -0.000007 -0.000007 -0.000007 -0.000007 -0.000007 -0.000007 -0.000007 -0.000007 -0.000007 -0.000007 -0.000007 -0.000007 -0.000007 -0.000007 -0.000007 -0.000007 -0.000007 -0.000007 -0.000007 -0.000007 -0.000007 0.000270 0.000695 0.001192 0.001759 0.002396 0.003091 0.003827 0.004610 0.005487 0.006526 0.007816 0.009437 0.011449 0.013879 0.016682 0.019748 0.022850 0.025718 0.028153 0.030143 0.032125 0.035673 0.044941
0.046270 0.037669 0.034455 0.032796 0.031193 0.029199 0.026784 0.024095 0.021342 0.018720 0.016353 0.014309 0.012593 0.011170 0.009978 0.008944 0.008000 0.007101 0.006222 0.005365 0.004547 0.003789 0.003108 0.002522 0.002043 0.001663 0.001361 0.001119 0.000921 0.000756 0.000618 0.000502 0.000407 0.000331 0.000274 0.000236 0.000216 0.000212 0.000224 0.000250 0.000288 0.000337 0.000396 0.000465 0.000543 0.000629 0.000724 0.000828 0.000940 0.001060 0.001188 0.001324 0.001469 0.001622 0.001784 0.001955 0.002135 0.002326 0.002529 0.002742 0.002962 0.003187 0.003417 0.003652 0.003891 0.004134 0.004381 0.004631 0.004885 0.005141 0.005399 0.005659 0.005920 0.006181 0.006441 0.006700 0.006956 0.007209 0.007457 0.007699 0.007936 0.008165 0.008387 0.008601 0.008806 0.009002 0.009188 0.009364 0.009529 0.009683 0.009825 0.009955 0.010073 0.010179 0.010271 0.010351 0.010418 0.010472 0.010512 0.010539 0.010553 0.010553 0.010539 0.010512 0.010472 0.010418 0.010351 0.010271 0.010179 0.010073 0.009955 0.009825 0.009682 0.009529 0.009364 0.009188 0.009002 0.008806 0.008601 0.008387 0.008165 0.007935 0.007699 0.007457 0.007209 0.006956 0.006700 0.006441 0.006181 0.005920 0.005659 0.005399 0.005141 0.004885 0.004631 0.004381 0.004134 0.003891 0.003652 0.003417 0.003187 0.002962 0.002742 0.002529 0.002326 0.002135 0.001954 0.001784 0.001622 0.001469 0.001324 0.001188 0.001060 0.000940 0.000828 0.000724 0.000629 0.000543 0.000465 0.000396 0.000337 0.000288 0.000249 0.000224 0.000212 0.000215 0.000236 0.000274 0.000331 0.000407 0.000502 0.000618 0.000756 0.000921 0.001119 0.001361 0.001663 0.002043 0.002522 0.003108 0.003789 0.004547 0.005365 0.006221 0.007101 0.008000 0.008944 0.009978 0.011170 0.012593 0.014309 0.016353 0.018720 0.021342 0.024096 0.026785 0.029200 0.031194 0.032797 0.034456 0.037669 0.046270
0.047185 0.039186 0.036280 0.034919 0.033674 0.032094 0.030117 0.027844 0.025442 0.023078 0.020876 0.018914 0.017215 0.015764 0.014518 0.013415 0.012400 0.011425 0.010468 0.009525 0.008611 0.007747 0.006955 0.006252 0.005646 0.005135 0.004708 0.004352 0.004054 0.003800 0.003583 0.003399 0.003245 0.003121 0.003028 0.002964 0.002930 0.002924 0.002943 0.002985 0.003048 0.003129 0.003227 0.003341 0.003470 0.003612 0.003768 0.003936 0.004116 0.004308 0.004510 0.004723 0.004946 0.005178 0.005418 0.005667 0.005924 0.006189 0.006460 0.006738 0.007021 0.007308 0.007600 0.007897 0.008196 0.008499 0.008804 0.009111 0.009420 0.009729 0.010037 0.010345 0.010652 0.010956 0.011256 0.011553 0.011845 0.012131 0.012410 0.012682 0.012946 0.013202 0.013448 0.013684 0.013910 0.014125 0.014328 0.014519 0.014699 0.014865 0.015019 0.015159 0.015286 0.015399 0.015498 0.015583 0.015655 0.015712 0.015755 0.015783 0.015798 0.015798 0.015783 0.015755 0.015712 0.015655 0.015583 0.015498 0.015399 0.015286 0.015159 0.015018 0.014865 0.014698 0.014519 0.014328 0.014125 0.013910 0.013684 0.013448 0.013201 0.012946 0.012682 0.012410 0.012130 0.011844 0.011553 0.011256 0.010956 0.010652 0.010345 0.010037 0.009728 0.009419 0.009111 0.008804 0.008499 0.008196 0.007896 0.007600 0.007308 0.007020 0.006737 0.006460 0.006189 0.005924 0.005667 0.005418 0.005177 0.004945 0.004723 0.004510 0.004308 0.004116 0.003936 0.003767 0.003612 0.003470 0.003341 0.003227 0.003129 0.003047 0.002985 0.002942 0.002923 0.002930 0.002964 0.003027 0.003121 0.003245 0.003399 0.003583 0.003800 0.004053 0.004352 0.004708 0.005135 0.005646 0.006252 0.006955 0.007746 0.008611 0.009525 0.010468 0.011425 0.012399 0.013415 0.014518 0.015764 0.017215 0.018914 0.020876 0.023078 0.025442 0.027844 0.030117 0.032095 0.033675 0.034919 0.036281 0.039186 0.047186
0.047825 0.040315 0.037660 0.036545 0.035605 0.034389 0.032807 0.030928 0.028882 0.026810 0.024829 0.023016 0.021408 0.020003 0.018771 0.017666 0.016640 0.015654 0.014685 0.013730 0.012799 0.011914 0.011095 0.010359 0.009715 0.009162 0.008693 0.008296 0.007958 0.007669 0.007421 0.007209 0.007033 0.006891 0.006785 0.006715 0.006680 0.006678 0.006707 0.006764 0.006846 0.006950 0.007075 0.007219 0.007380 0.007557 0.007749 0.007956 0.008176 0.008408 0.008652 0.008906 0.009170 0.009443 0.009724 0.010013 0.010309 0.010611 0.010918 0.011231 0.011548 0.011869 0.012194 0.012521 0.012850 0.013181 0.013514 0.013846 0.014178 0.014509 0.014838 0.015165 0.015489 0.015808 0.016122 0.016431 0.016734 0.017029 0.017317 0.017596 0.017866 0.018126 0.018376 0.018616 0.018843 0.019059 0.019263 0.019455 0.019634 0.019799 0.019952 0.020091 0.020216 0.020328 0.020425 0.020509 0.020580 0.020636 0.020678 0.020706 0.020720 0.020720 0.020706 0.020678 0.020636 0.020580 0.020509 0.020425 0.020328 0.020216 0.020090 0.019951 0.019799 0.019633 0.019455 0.019263 0.019059 0.018843 0.018615 0.018376 0.018126 0.017866 0.017596 0.017317 0.017029 0.016734 0.016431 0.016122 0.015808 0.015488 0.015165 0.014838 0.014509 0.014178 0.013846 0.013513 0.013181 0.012850 0.012521 0.012193 0.011869 0.011548 0.011231 0.010918 0.010610 0.010308 0.010013 0.009724 0.009443 0.009170 0.008906 0.008651 0.008408 0.008175 0.007955 0.007749 0.007556 0.007379 0.007218 0.007075 0.006950 0.006845 0.006764 0.006707 0.006678 0.006680 0.006715 0.006785 0.006891 0.007032 0.007209 0.007421 0.007669 0.007958 0.008295 0.008693 0.009162 0.009714 0.010359 0.011095 0.011914 0.012799 0.013729 0.014685 0.015653 0.016639 0.017665 0.018770 0.020002 0.021408 0.023016 0.024829 0.026811 0.028882 0.030928 0.032808 0.034389 0.035606 0.036546 0.037661 0.040315 0.047826
0.048309 0.041166 0.038695 0.037762 0.037061 0.036140 0.034896 0.033367 0.031655 0.029877 0.028136 0.026509 0.025035 0.023723 0.022555 0.021495 0.020506 0.019554 0.018621 0.017703 0.016807 0.015953 0.015159 0.014440 0.013806 0.013257 0.012787 0.012386 0.012043 0.011749 0.011497 0.011283 0.011105 0.010964 0.010861 0.010796 0.010769 0.010776 0.010816 0.010886 0.010983 0.011104 0.011246 0.011408 0.011589 0.011786 0.011999 0.012226 0.012467 0.012719 0.012983 0.013257 0.013540 0.013831 0.014130 0.014434 0.014745 0.015061 0.015381 0.015706 0.016033 0.016364 0.016696 0.017030 0.017365 0.017700 0.018035 0.018368 0.018700 0.019030 0.019357 0.019680 0.019998 0.020312 0.020619 0.020920 0.021214 0.021500 0.021778 0.022046 0.022305 0.022554 0.022792 0.023019 0.023235 0.023439 0.023631 0.023811 0.023978 0.024133 0.024276 0.024405 0.024522 0.024625 0.024716 0.024794 0.024859 0.024911 0.024950 0.024975 0.024988 0.024988 0.024975 0.024950 0.024911 0.024859 0.024794 0.024716 0.024625 0.024522 0.024405 0.024275 0.024133 0.023978 0.023811 0.023631 0.023439 0.023234 0.023019 0.022791 0.022553 0.022305 0.022046 0.021777 0.021500 0.021214 0.020920 0.020619 0.020312 0.019998 0.019680 0.019357 0.019030 0.018700 0.018368 0.018034 0.017700 0.017364 0.017030 0.016696 0.016363 0.016033 0.015705 0.015381 0.015061 0.014745 0.014434 0.014129 0.013831 0.013540 0.013257 0.012983 0.012719 0.012466 0.012226 0.011998 0.011785 0.011588 0.011408 0.011246 0.011103 0.010983 0.010886 0.010816 0.010776 0.010768 0.010796 0.010861 0.010964 0.011105 0.011282 0.011497 0.011749 0.012043 0.012386 0.012787 0.013257 0.013806 0.014440 0.015159 0.015953 0.016807 0.017702 0.018621 0.019554 0.020506 0.021495 0.022555 0.023723 0.025035 0.026509 0.028136 0.029877 0.031655 0.033367 0.034896 0.036141 0.037062 0.037763 0.038695 0.041166 0.048309
0.048724 0.041837 0.039485 0.038675 0.038143 0.037448 0.036473 0.035236 0.033817 0.032311 0.030807 0.029376 0.028058 0.026867 0.025793 0.024811 0.023890 0.023006 0.022140 0.021290 0.020462 0.019672 0.018935 0.018265 0.017671 0.017153 0.016707 0.016325 0.015997 0.015716 0.015475 0.015272 0.015105 0.014976 0.014884 0.014830 0.014812 0.014830 0.014880 0.014960 0.015066 0.015196 0.015347 0.015518 0.015707 0.015912 0.016132 0.016365 0.016611 0.016868 0.017136 0.017412 0.017696 0.017987 0.018284 0.018587 0.018894 0.019204 0.019519 0.019835 0.020154 0.020475 0.020796 0.021117 0.021439 0.021759 0.022078 0.022395 0.022710 0.023021 0.023328 0.023631 0.023928 0.024220 0.024506 0.024784 0.025055 0.025319 0.025573 0.025819 0.026055 0.026281 0.026497 0.026703 0.026898 0.027081 0.027254 0.027415 0.027565 0.027703 0.027830 0.027945 0.028049 0.028141 0.028221 0.028290 0.028347 0.028393 0.028427 0.028450 0.028462 0.028462 0.028450 0.028427 0.028393 0.028347 0.028290 0.028221 0.028141 0.028049 0.027945 0.027830 0.027703 0.027565 0.027415 0.027254 0.027081 0.026897 0.026703 0.026497 0.026281 0.026055 0.025819 0.025573 0.025318 0.025055 0.024784 0.024505 0.024220 0.023928 0.023630 0.023328 0.023020 0.022709 0.022395 0.022078 0.021759 0.021438 0.021117 0.020796 0.020474 0.020154 0.019835 0.019518 0.019204 0.018893 0.018586 0.018284 0.017987 0.017696 0.017412 0.017135 0.016868 0.016611 0.016365 0.016131 0.015911 0.015707 0.015518 0.015347 0.015196 0.015065 0.014959 0.014880 0.014829 0.014812 0.014829 0.014884 0.014976 0.015105 0.015272 0.015475 0.015715 0.015997 0.016324 0.016707 0.017153 0.017671 0.018265 0.018935 0.019672 0.020462 0.021290 0.022140 0.023005 0.023890 0.024810 0.025793 0.026867 0.028058 0.029376 0.030807 0.032311 0.033817 0.035237 0.036473 0.037449 0.038144 0.038676 0.039486 0.041838 0.048724
0.049126 0.042407 0.040121 0.039379 0.038957 0.038421 0.037647 0.036643 0.035466 0.034195 0.032908 0.031664 0.030505 0.029445 0.028480 0.027594 0.026762 0.025963 0.025184 0.024420 0.023679 0.022970 0.022309 0.021705 0.021167 0.020696 0.020288 0.019937 0.019636 0.019377 0.019157 0.018973 0.018823 0.018709 0.018631 0.018589 0.018581 0.018607 0.018664 0.018748 0.018858 0.018990 0.019142 0.019312 0.019499 0.019701 0.019916 0.020144 0.020383 0.020631 0.020888 0.021153 0.021424 0.021701 0.021982 0.022268 0.022557 0.022848 0.023142 0.023437 0.023733 0.024030 0.024326 0.024622 0.024917 0.025210 0.025501 0.025790 0.026075 0.026356 0.026633 0.026906 0.027173 0.027434 0.027689 0.027937 0.028178 0.028412 0.028637 0.028853 0.029061 0.029260 0.029449 0.029629 0.029798 0.029958 0.030108 0.030248 0.030377 0.030497 0.030606 0.030705 0.030794 0.030873 0.030942 0.031001 0.031050 0.031089 0.031118 0.031138 0.031148 0.031148 0.031138 0.031118 0.031089 0.031050 0.031001 0.030942 0.030873 0.030794 0.030705 0.030606 0.030497 0.030377 0.030248 0.030108 0.029958 0.029798 0.029628 0.029449 0.029259 0.029061 0.028853 0.028636 0.028411 0.028178 0.027937 0.027689 0.027434 0.027173 0.026906 0.026633 0.026356 0.026075 0.025789 0.025501 0.025210 0.024917 0.024622 0.024326 0.024030 0.023733 0.023437 0.023142 0.022848 0.022556 0.022268 0.021982 0.021700 0.021424 0.021153 0.020888 0.020631 0.020382 0.020144 0.019916 0.019701 0.019499 0.019312 0.019142 0.018990 0.018858 0.018748 0.018664 0.018607 0.018581 0.018588 0.018631 0.018709 0.018823 0.018972 0.019157 0.019377 0.019636 0.019937 0.020288 0.020696 0.021167 0.021705 0.022309 0.022970 0.023679 0.024420 0.025183 0.025962 0.026761 0.027593 0.028480 0.029445 0.030505 0.031664 0.032908 0.034195 0.035466 0.036643 0.037648 0.038421 0.038958 0.039380 0.040121 0.042408 0.049126
0.049543 0.042926 0.040666 0.039953 0.039592 0.039159 0.038528 0.037697 0.036710 0.035633 0.034530 0.033455 0.032444 0.031513 0.030662 0.029877 0.029140 0.028435 0.027750 0.027081 0.026432 0.025812 0.025233 0.024703 0.024228 0.023811 0.023447 0.023134 0.022864 0.022632 0.022436 0.022272 0.022141 0.022043 0.021979 0.021947 0.021947 0.021978 0.022036 0.022120 0.022227 0.022354 0.022499 0.022661 0.022837 0.023027 0.023228 0.023440 0.023662 0.023892 0.024129 0.024372 0.024620 0.024873 0.025129 0.025388 0.025649 0.025912 0.026176 0.026441 0.026706 0.026971 0.027235 0.027498 0.027759 0.028018 0.028275 0.028529 0.028780 0.029027 0.029270 0.029508 0.029741 0.029968 0.030190 0.030406 0.030614 0.030816 0.031011 0.031197 0.031376 0.031547 0.031709 0.031863 0.032008 0.032145 0.032273 0.032392 0.032502 0.032603 0.032695 0.032779 0.032855 0.032921 0.032979 0.033029 0.033070 0.033103 0.033128 0.033144 0.033153 0.033153 0.033144 0.033128 0.033103 0.033070 0.033029 0.032979 0.032921 0.032854 0.032779 0.032695 0.032603 0.032501 0.032391 0.032272 0.032145 0.032008 0.031863 0.031709 0.031547 0.031376 0.031197 0.031010 0.030816 0.030614 0.030405 0.030190 0.029968 0.029741 0.029507 0.029269 0.029027 0.028780 0.028529 0.028275 0.028018 0.027759 0.027498 0.027235 0.026971 0.026706 0.026441 0.026176 0.025912 0.025649 0.025387 0.025128 0.024872 0.024620 0.024371 0.024128 0.023891 0.023662 0.023440 0.023228 0.023026 0.022837 0.022660 0.022499 0.022354 0.022226 0.022120 0.022036 0.021977 0.021947 0.021947 0.021978 0.022043 0.022141 0.022272 0.022435 0.022632 0.022863 0.023133 0.023447 0.023810 0.024228 0.024703 0.025233 0.025812 0.026432 0.027080 0.027749 0.028435 0.029140 0.029876 0.030661 0.031513 0.032444 0.033455 0.034530 0.035633 0.036710 0.037697 0.038529 0.039159 0.039593 0.039954 0.040667 0.042927 0.049544
0.049984 0.043424 0.041163 0.040452 0.040117 0.039743 0.039207 0.038498 0.037655 0.036729 0.035777 0.034845 0.033965 0.033152 0.032407 0.031720 0.031078 0.030466 0.029873 0.029297 0.028739 0.028207 0.027709 0.027251 0.026840 0.026476 0.026159 0.025883 0.025645 0.025441 0.025268 0.025125 0.025011 0.024928 0.024874 0.024849 0.024853 0.024884 0.024940 0.025019 0.025117 0.025234 0.025366 0.025513 0.025673 0.025844 0.026025 0.026215 0.026413 0.026618 0.026829 0.027044 0.027264 0.027487 0.027712 0.027940 0.028169 0.028399 0.028630 0.028861 0.029091 0.029321 0.029550 0.029778 0.030005 0.030229 0.030451 0.030670 0.030886 0.031099 0.031308 0.031513 0.031713 0.031909 0.032099 0.032284 0.032463 0.032636 0.032803 0.032963 0.033116 0.033262 0.033401 0.033532 0.033656 0.033772 0.033881 0.033982 0.034075 0.034161 0.034239 0.034310 0.034374 0.034430 0.034480 0.034521 0.034556 0.034584 0.034605 0.034619 0.034626 0.034626 0.034619 0.034605 0.034584 0.034556 0.034521 0.034479 0.034430 0.034374 0.034310 0.034239 0.034161 0.034075 0.033981 0.033880 0.033772 0.033655 0.033532 0.033400 0.033262 0.033116 0.032963 0.032803 0.032636 0.032463 0.032284 0.032099 0.031908 0.031713 0.031512 0.031307 0.031098 0.030886 0.030670 0.030450 0.030228 0.030004 0.029778 0.029550 0.029321 0.029091 0.028860 0.028629 0.028399 0.028168 0.027939 0.027712 0.027486 0.027263 0.027044 0.026828 0.026618 0.026413 0.026215 0.026024 0.025843 0.025672 0.025513 0.025366 0.025233 0.025117 0.025018 0.024940 0.024884 0.024853 0.024849 0.024873 0.024927 0.025011 0.025125 0.025268 0.025441 0.025645 0.025883 0.026158 0.026476 0.026840 0.027251 0.027708 0.028207 0.028739 0.029297 0.029873 0.030465 0.031078 0.031720 0.032407 0.033152 0.033965 0.034845 0.035777 0.036729 0.037655 0.038499 0.039208 0.039744 0.040118 0.040453 0.041164 0.043424 0.049984
0.050441 0.043911 0.041636 0.040909 0.040577 0.040233 0.039754 0.039129 0.038388 0.037577 0.036743 0.035927 0.035156 0.034445 0.033795 0.033199 0.032643 0.032116 0.031609 0.031119 0.030645 0.030193 0.029769 0.029379 0.029026 0.028713 0.028437 0.028196 0.027988 0.027809 0.027658 0.027532 0.027433 0.027360 0.027314 0.027293 0.027298 0.027326 0.027375 0.027444 0.027530 0.027632 0.027748 0.027876 0.028015 0.028164 0.028321 0.028486 0.028658 0.028835 0.029017 0.029203 0.029392 0.029583 0.029777 0.029972 0.030169 0.030366 0.030563 0.030761 0.030958 0.031155 0.031351 0.031546 0.031740 0.031931 0.032121 0.032309 0.032494 0.032677 0.032856 0.033033 0.033205 0.033373 0.033538 0.033697 0.033852 0.034001 0.034145 0.034283 0.034416 0.034542 0.034662 0.034775 0.034882 0.034983 0.035076 0.035164 0.035244 0.035318 0.035386 0.035447 0.035502 0.035550 0.035593 0.035629 0.035659 0.035682 0.035700 0.035712 0.035718 0.035718 0.035712 0.035700 0.035682 0.035659 0.035629 0.035593 0.035550 0.035502 0.035447 0.035386 0.035318 0.035244 0.035164 0.035076 0.034982 0.034882 0.034775 0.034661 0.034542 0.034415 0.034283 0.034145 0.034001 0.033851 0.033697 0.033537 0.033373 0.033205 0.033032 0.032856 0.032677 0.032494 0.032309 0.032121 0.031931 0.031739 0.031546 0.031351 0.031155 0.030958 0.030761 0.030563 0.030366 0.030168 0.029972 0.029777 0.029583 0.029391 0.029202 0.029016 0.028835 0.028657 0.028486 0.028321 0.028164 0.028015 0.027876 0.027748 0.027632 0.027530 0.027444 0.027375 0.027325 0.027297 0.027293 0.027314 0.027360 0.027433 0.027532 0.027657 0.027809 0.027988 0.028196 0.028437 0.028712 0.029026 0.029378 0.029769 0.030193 0.030645 0.031118 0.031609 0.032116 0.032643 0.033198 0.033795 0.034445 0.035156 0.035927 0.036743 0.037577 0.038388 0.039130 0.039755 0.040234 0.040578 0.040910 0.041636 0.043912 0.050441
0.050902 0.044388 0.042091 0.041341 0.041000 0.040666 0.040220 0.039649 0.038979 0.038251 0.037507 0.036781 0.036099 0.035473 0.034904 0.034385 0.033905 0.033453 0.033022 0.032606 0.032205 0.031823 0.031464 0.031132 0.030831 0.030561 0.030322 0.030113 0.029930 0.029773 0.029639 0.029527 0.029439 0.029374 0.029332 0.029312 0.029313 0.029335 0.029375 0.029432 0.029504 0.029589 0.029686 0.029794 0.029911 0.030037 0.030169 0.030309 0.030454 0.030603 0.030757 0.030914 0.031074 0.031235 0.031399 0.031565 0.031731 0.031898 0.032066 0.032233 0.032401 0.032569 0.032736 0.032903 0.033068 0.033233 0.033396 0.033558 0.033718 0.033876 0.034032 0.034186 0.034336 0.034483 0.034627 0.034768 0.034904 0.035036 0.035163 0.035285 0.035402 0.035514 0.035621 0.035721 0.035816 0.035905 0.035989 0.036066 0.036138 0.036203 0.036263 0.036318 0.036366 0.036409 0.036446 0.036478 0.036505 0.036526 0.036542 0.036552 0.036557 0.036557 0.036552 0.036542 0.036526 0.036505 0.036478 0.036446 0.036409 0.036366 0.036317 0.036263 0.036203 0.036138 0.036066 0.035989 0.035905 0.035816 0.035721 0.035620 0.035514 0.035402 0.035285 0.035163 0.035035 0.034903 0.034767 0.034627 0.034483 0.034336 0.034185 0.034032 0.033876 0.033718 0.033558 0.033396 0.033233 0.033068 0.032902 0.032736 0.032569 0.032401 0.032233 0.032065 0.031898 0.031731 0.031564 0.031399 0.031235 0.031073 0.030913 0.030756 0.030603 0.030453 0.030308 0.030169 0.030036 0.029911 0.029793 0.029686 0.029588 0.029503 0.029431 0.029374 0.029334 0.029313 0.029311 0.029331 0.029374 0.029439 0.029527 0.029638 0.029772 0.029930 0.030113 0.030322 0.030561 0.030831 0.031132 0.031464 0.031823 0.032205 0.032606 0.033022 0.033453 0.033905 0.034385 0.034904 0.035473 0.036099 0.036781 0.037507 0.038251 0.038979 0.039649 0.040221 0.040667 0.041001 0.041342 0.042092 0.044389 0.050902
0.051350 0.044848 0.042529 0.041755 0.041399 0.041064 0.040635 0.040098 0.039477 0.038808 0.038130 0.037474 0.036861 0.036303 0.035800 0.035345 0.034929 0.034540 0.034172 0.033819 0.033479 0.033156 0.032851 0.032568 0.032309 0.032076 0.031868 0.031684 0.031522 0.031381 0.031261 0.031161 0.031080 0.031019 0.030978 0.030956 0.030952 0.030965 0.030995 0.031039 0.031095 0.031164 0.031242 0.031330 0.031426 0.031529 0.031639 0.031754 0.031874 0.031998 0.032126 0.032258 0.032391 0.032527 0.032665 0.032804 0.032945 0.033086 0.033229 0.033372 0.033516 0.033659 0.033803 0.033947 0.034091 0.034235 0.034377 0.034520 0.034661 0.034801 0.034939 0.035076 0.035211 0.035344 0.035473 0.035600 0.035724 0.035844 0.035960 0.036072 0.036179 0.036282 0.036380 0.036472 0.036559 0.036641 0.036718 0.036789 0.036854 0.036915 0.036969 0.037019 0.037063 0.037103 0.037137 0.037166 0.037190 0.037209 0.037224 0.037233 0.037238 0.037238 0.037233 0.037224 0.037209 0.037190 0.037166 0.037137 0.037103 0.037063 0.037019 0.036969 0.036914 0.036854 0.036789 0.036717 0.036641 0.036559 0.036472 0.036379 0.036282 0.036179 0.036072 0.035960 0.035844 0.035724 0.035600 0.035473 0.035343 0.035211 0.035076 0.034939 0.034801 0.034661 0.034519 0.034377 0.034234 0.034091 0.033947 0.033803 0.033659 0.033515 0.033372 0.033229 0.033086 0.032944 0.032804 0.032665 0.032527 0.032391 0.032257 0.032126 0.031998 0.031874 0.031754 0.031638 0.031529 0.031426 0.031330 0.031242 0.031163 0.031095 0.031038 0.030995 0.030965 0.030952 0.030955 0.030977 0.031019 0.031080 0.031160 0.031261 0.031381 0.031522 0.031683 0.031868 0.032076 0.032309 0.032568 0.032851 0.033156 0.033479 0.033819 0.034172 0.034540 0.034928 0.035345 0.035799 0.036303 0.036861 0.037473 0.038130 0.038808 0.039477 0.040098 0.040636 0.041065 0.041399 0.041756 0.042530 0.044848 0.051350
0.051770 0.045280 0.042944 0.042149 0.041777 0.041438 0.041018 0.040501 0.039913 0.039286 0.038656 0.038052 0.037493 0.036988 0.036537 0.036134 0.035770 0.035433 0.035116 0.034813 0.034523 0.034247 0.033986 0.033742 0.033517 0.033313 0.033130 0.032965 0.032820 0.032692 0.032582 0.032488 0.032412 0.032353 0.032311 0.032285 0.032275 0.032279 0.032298 0.032328 0.032370 0.032423 0.032484 0.032553 0.032630 0.032713 0.032802 0.032896 0.032995 0.033098 0.033204 0.033313 0.033425 0.033539 0.033656 0.033774 0.033894 0.034015 0.034138 0.034262 0.034387 0.034513 0.034639 0.034767 0.034894 0.035022 0.035151 0.035279 0.035407 0.035535 0.035662 0.035788 0.035913 0.036036 0.036157 0.036276 0.036392 0.036505 0.036615 0.036721 0.036823 0.036920 0.037013 0.037100 0.037183 0.037261 0.037333 0.037400 0.037463 0.037519 0.037571 0.037618 0.037660 0.037697 0.037729 0.037756 0.037779 0.037797 0.037810 0.037819 0.037824 0.037824 0.037819 0.037810 0.037797 0.037779 0.037756 0.037729 0.037697 0.037660 0.037618 0.037571 0.037519 0.037462 0.037400 0.037333 0.037261 0.037183 0.037100 0.037012 0.036920 0.036822 0.036721 0.036615 0.036505 0.036392 0.036276 0.036157 0.036036 0.035912 0.035788 0.035661 0.035534 0.035407 0.035279 0.035150 0.035022 0.034894 0.034766 0.034639 0.034512 0.034387 0.034262 0.034138 0.034015 0.033894 0.033774 0.033655 0.033539 0.033425 0.033313 0.033204 0.033097 0.032995 0.032896 0.032802 0.032713 0.032630 0.032553 0.032483 0.032422 0.032370 0.032328 0.032297 0.032279 0.032274 0.032284 0.032310 0.032353 0.032412 0.032488 0.032581 0.032692 0.032820 0.032965 0.033129 0.033313 0.033517 0.033742 0.033985 0.034247 0.034523 0.034813 0.035115 0.035432 0.035769 0.036134 0.036537 0.036988 0.037493 0.038052 0.038656 0.039286 0.039913 0.040502 0.041018 0.041439 0.041778 0.042150 0.042945 0.045281 0.051770
0.052149 0.045677 0.043329 0.042518 0.042134 0.041791 0.041375 0.040873 0.040308 0.039711 0.039117 0.038551 0.038032 0.037568 0.037158 0.036796 0.036472 0.036176 0.035899 0.035637 0.035386 0.035146 0.034919 0.034705 0.034507 0.034326 0.034161 0.034011 0.033878 0.033759 0.033656 0.033567 0.033493 0.033433 0.033388 0.033358 0.033341 0.033337 0.033344 0.033363 0.033392 0.033430 0.033476 0.033529 0.033589 0.033656 0.033727 0.033804 0.033885 0.033970 0.034059 0.034150 0.034245 0.034343 0.034442 0.034545 0.034649 0.034755 0.034863 0.034973 0.035085 0.035197 0.035312 0.035427 0.035544 0.035662 0.035781 0.035900 0.036020 0.036141 0.036261 0.036381 0.036500 0.036619 0.036736 0.036851 0.036964 0.037074 0.037181 0.037284 0.037384 0.037479 0.037569 0.037655 0.037735 0.037811 0.037881 0.037946 0.038006 0.038061 0.038111 0.038156 0.038196 0.038232 0.038262 0.038288 0.038310 0.038327 0.038340 0.038349 0.038353 0.038353 0.038349 0.038340 0.038327 0.038310 0.038288 0.038262 0.038231 0.038196 0.038156 0.038111 0.038061 0.038006 0.037946 0.037881 0.037811 0.037735 0.037655 0.037569 0.037478 0.037383 0.037284 0.037181 0.037074 0.036964 0.036851 0.036736 0.036619 0.036500 0.036381 0.036261 0.036140 0.036020 0.035900 0.035780 0.035662 0.035544 0.035427 0.035311 0.035197 0.035084 0.034973 0.034863 0.034755 0.034649 0.034544 0.034442 0.034342 0.034245 0.034150 0.034058 0.033970 0.033885 0.033804 0.033727 0.033655 0.033589 0.033529 0.033475 0.033429 0.033392 0.033363 0.033344 0.033336 0.033340 0.033357 0.033388 0.033433 0.033492 0.033567 0.033656 0.033759 0.033878 0.034011 0.034160 0.034326 0.034507 0.034705 0.034918 0.035146 0.035386 0.035637 0.035899 0.036176 0.036472 0.036796 0.037158 0.037568 0.038032 0.038551 0.039117 0.039711 0.040308 0.040873 0.041375 0.041791 0.042135 0.042519 0.043330 0.045677 0.052149
0.052477 0.046031 0.043678 0.042857 0.042466 0.042121 0.041709 0.041219 0.040671 0.040098 0.039530 0.038993 0.038505 0.038072 0.037693 0.037363 0.037070 0.036805 0.036560 0.036328 0.036107 0.035895 0.035693 0.035503 0.035325 0.035160 0.035008 0.034870 0.034745 0.034632 0.034533 0.034446 0.034372 0.034311 0.034263 0.034228 0.034204 0.034192 0.034190 0.034198 0.034216 0.034241 0.034275 0.034315 0.034362 0.034414 0.034472 0.034535 0.034602 0.034673 0.034748 0.034827 0.034909 0.034993 0.035081 0.035172 0.035265 0.035360 0.035458 0.035558 0.035661 0.035765 0.035871 0.035980 0.036090 0.036202 0.036315 0.036430 0.036546 0.036662 0.036780 0.036898 0.037015 0.037132 0.037249 0.037363 0.037476 0.037586 0.037692 0.037796 0.037895 0.037990 0.038080 0.038165 0.038245 0.038319 0.038389 0.038453 0.038511 0.038565 0.038613 0.038657 0.038696 0.038730 0.038759 0.038784 0.038805 0.038822 0.038834 0.038842 0.038846 0.038846 0.038842 0.038834 0.038822 0.038805 0.038784 0.038759 0.038730 0.038695 0.038657 0.038613 0.038565 0.038511 0.038452 0.038388 0.038319 0.038244 0.038165 0.038079 0.037989 0.037895 0.037795 0.037692 0.037585 0.037475 0.037363 0.037248 0.037132 0.037015 0.036897 0.036780 0.036662 0.036545 0.036429 0.036315 0.036201 0.036090 0.035979 0.035871 0.035765 0.035660 0.035558 0.035458 0.035360 0.035264 0.035171 0.035081 0.034993 0.034908 0.034826 0.034748 0.034673 0.034602 0.034534 0.034472 0.034414 0.034361 0.034315 0.034274 0.034241 0.034215 0.034198 0.034190 0.034191 0.034204 0.034227 0.034263 0.034311 0.034372 0.034446 0.034533 0.034632 0.034744 0.034870 0.035008 0.035160 0.035325 0.035503 0.035693 0.035895 0.036107 0.036328 0.036560 0.036805 0.037070 0.037362 0.037693 0.038071 0.038504 0.038993 0.039530 0.040098 0.040671 0.041219 0.041710 0.042121 0.042467 0.042858 0.043679 0.046031 0.052478
0.052750 0.046336 0.043986 0.043161 0.042769 0.042426 0.042021 0.041541 0.041009 0.040454 0.039907 0.039393 0.038928 0.038519 0.038164 0.037858 0.037589 0.037348 0.037126 0.036917 0.036718 0.036527 0.036344 0.036171 0.036007 0.035854 0.035712 0.035581 0.035461 0.035353 0.035256 0.035170 0.035095 0.035032 0.034980 0.034940 0.034910 0.034890 0.034881 0.034880 0.034888 0.034904 0.034927 0.034957 0.034993 0.035035 0.035082 0.035134 0.035191 0.035252 0.035317 0.035386 0.035459 0.035535 0.035614 0.035697 0.035782 0.035871 0.035962 0.036056 0.036153 0.036252 0.036354 0.036458 0.036565 0.036674 0.036785 0.036898 0.037013 0.037129 0.037247 0.037365 0.037484 0.037602 0.037720 0.037836 0.037950 0.038062 0.038170 0.038275 0.038376 0.038471 0.038562 0.038647 0.038727 0.038801 0.038869 0.038932 0.038990 0.039042 0.039089 0.039130 0.039168 0.039200 0.039228 0.039252 0.039272 0.039288 0.039299 0.039307 0.039311 0.039311 0.039307 0.039299 0.039288 0.039272 0.039252 0.039228 0.039200 0.039168 0.039130 0.039088 0.039041 0.038989 0.038932 0.038869 0.038801 0.038727 0.038647 0.038562 0.038471 0.038375 0.038275 0.038170 0.038062 0.037950 0.037836 0.037719 0.037602 0.037483 0.037365 0.037246 0.037129 0.037013 0.036898 0.036785 0.036674 0.036565 0.036458 0.036354 0.036252 0.036153 0.036056 0.035962 0.035870 0.035782 0.035696 0.035614 0.035534 0.035458 0.035386 0.035317 0.035252 0.035191 0.035134 0.035082 0.035035 0.034993 0.034957 0.034927 0.034904 0.034888 0.034880 0.034880 0.034890 0.034909 0.034939 0.034980 0.035032 0.035095 0.035169 0.035255 0.035353 0.035461 0.035581 0.035711 0.035853 0.036007 0.036170 0.036344 0.036527 0.036718 0.036917 0.037126 0.037348 0.037589 0.037857 0.038164 0.038518 0.038928 0.039393 0.039907 0.040454 0.041009 0.041542 0.042021 0.042426 0.042770 0.043162 0.043986 0.046336 0.052750
0.052964 0.046590 0.044250 0.043428 0.043040 0.042703 0.042307 0.041840 0.041322 0.040784 0.040255 0.039759 0.039312 0.038922 0.038586 0.038297 0.038047 0.037824 0.037619 0.037428 0.037244 0.037068 0.036899 0.036737 0.036584 0.036439 0.036303 0.036177 0.036061 0.035954 0.035858 0.035772 0.035696 0.035630 0.035575 0.035530 0.035495 0.035469 0.035453 0.035446 0.035446 0.035454 0.035470 0.035492 0.035520 0.035554 0.035593 0.035638 0.035687 0.035741 0.035799 0.035862 0.035928 0.035998 0.036072 0.036150 0.036231 0.036315 0.036402 0.036493 0.036587 0.036684 0.036784 0.036887 0.036993 0.037101 0.037212 0.037326 0.037442 0.037560 0.037680 0.037800 0.037922 0.038043 0.038164 0.038284 0.038401 0.038516 0.038627 0.038734 0.038836 0.038933 0.039024 0.039109 0.039188 0.039261 0.039327 0.039388 0.039443 0.039493 0.039537 0.039576 0.039611 0.039641 0.039667 0.039689 0.039707 0.039722 0.039732 0.039739 0.039743 0.039743 0.039739 0.039732 0.039722 0.039707 0.039689 0.039667 0.039641 0.039611 0.039576 0.039537 0.039493 0.039443 0.039388 0.039327 0.039260 0.039188 0.039109 0.039023 0.038932 0.038836 0.038733 0.038627 0.038515 0.038401 0.038283 0.038164 0.038043 0.037921 0.037800 0.037679 0.037560 0.037442 0.037326 0.037212 0.037101 0.036993 0.036887 0.036784 0.036684 0.036587 0.036493 0.036402 0.036315 0.036230 0.036149 0.036072 0.035998 0.035928 0.035861 0.035799 0.035741 0.035687 0.035637 0.035593 0.035553 0.035519 0.035491 0.035469 0.035454 0.035446 0.035445 0.035453 0.035469 0.035494 0.035529 0.035574 0.035630 0.035695 0.035771 0.035858 0.035954 0.036061 0.036177 0.036303 0.036438 0.036583 0.036737 0.036899 0.037068 0.037244 0.037427 0.037619 0.037823 0.038047 0.038297 0.038586 0.038921 0.039312 0.039759 0.040254 0.040784 0.041323 0.041841 0.042308 0.042704 0.043040 0.043429 0.044250 0.046591 0.052965
0.053122 0.046794 0.044469 0.043656 0.043277 0.042951 0.042568 0.042115 0.041612 0.041090 0.040576 0.040096 0.039665 0.039289 0.038968 0.038694 0.038457 0.038247 0.038055 0.037876 0.037704 0.037539 0.037379 0.037225 0.037078 0.036939 0.036807 0.036684 0.036569 0.036464 0.036367 0.036280 0.036202 0.036134 0.036076 0.036027 0.035988 0.035958 0.035936 0.035923 0.035918 0.035921 0.035930 0.035947 0.035969 0.035998 0.036032 0.036071 0.036115 0.036165 0.036218 0.036277 0.036339 0.036406 0.036477 0.036552 0.036630 0.036713 0.036799 0.036889 0.036982 0.037078 0.037178 0.037282 0.037388 0.037498 0.037611 0.037727 0.037845 0.037966 0.038089 0.038214 0.038339 0.038465 0.038590 0.038714 0.038835 0.038952 0.039066 0.039174 0.039277 0.039374 0.039464 0.039547 0.039623 0.039693 0.039756 0.039812 0.039862 0.039907 0.039947 0.039981 0.040011 0.040038 0.040060 0.040079 0.040094 0.040106 0.040115 0.040121 0.040124 0.040124 0.040121 0.040115 0.040106 0.040094 0.040078 0.040060 0.040038 0.040011 0.039981 0.039947 0.039907 0.039862 0.039812 0.039756 0.039693 0.039623 0.039547 0.039464 0.039374 0.039277 0.039174 0.039066 0.038952 0.038834 0.038713 0.038590 0.038465 0.038339 0.038214 0.038089 0.037966 0.037845 0.037726 0.037611 0.037498 0.037388 0.037281 0.037178 0.037078 0.036982 0.036888 0.036799 0.036713 0.036630 0.036551 0.036477 0.036406 0.036339 0.036276 0.036218 0.036164 0.036115 0.036071 0.036031 0.035997 0.035969 0.035946 0.035930 0.035920 0.035918 0.035923 0.035936 0.035957 0.035987 0.036027 0.036075 0.036134 0.036202 0.036280 0.036367 0.036463 0.036569 0.036684 0.036807 0.036938 0.037078 0.037225 0.037378 0.037538 0.037704 0.037875 0.038055 0.038246 0.038456 0.038693 0.038968 0.039289 0.039665 0.040096 0.040576 0.041090 0.041613 0.042115 0.042568 0.042951 0.043277 0.043657 0.044469 0.046795 0.053122
0.053226 0.046950 0.044645 0.043846 0.043479 0.043168 0.042801 0.042365 0.041879 0.041372 0.040874 0.040408 0.039990 0.039627 0.039317 0.039054 0.038827 0.038627 0.038445 0.038275 0.038111 0.037953 0.037799 0.037651 0.037509 0.037372 0.037243 0.037121 0.037007 0.036902 0.036804 0.036716 0.036636 0.036566 0.036505 0.036453 0.036411 0.036377 0.036352 0.036335 0.036326 0.036324 0.036330 0.036342 0.036361 0.036386 0.036417 0.036453 0.036494 0.036541 0.036592 0.036648 0.036709 0.036774 0.036844 0.036918 0.036996 0.037079 0.037165 0.037255 0.037349 0.037446 0.037548 0.037653 0.037761 0.037873 0.037989 0.038108 0.038230 0.038355 0.038482 0.038611 0.038741 0.038871 0.039000 0.039127 0.039251 0.039370 0.039484 0.039592 0.039692 0.039786 0.039871 0.039948 0.040017 0.040079 0.040133 0.040181 0.040222 0.040257 0.040288 0.040314 0.040336 0.040355 0.040371 0.040384 0.040395 0.040403 0.040410 0.040414 0.040416 0.040416 0.040414 0.040410 0.040403 0.040395 0.040384 0.040371 0.040355 0.040336 0.040314 0.040288 0.040257 0.040222 0.040180 0.040133 0.040079 0.040017 0.039948 0.039871 0.039785 0.039692 0.039592 0.039484 0.039370 0.039250 0.039127 0.039000 0.038871 0.038741 0.038611 0.038482 0.038355 0.038230 0.038108 0.037989 0.037873 0.037761 0.037652 0.037547 0.037446 0.037348 0.037255 0.037164 0.037078 0.036996 0.036918 0.036844 0.036774 0.036709 0.036648 0.036592 0.036540 0.036494 0.036453 0.036416 0.036386 0.036361 0.036342 0.036330 0.036324 0.036325 0.036334 0.036351 0.036376 0.036410 0.036453 0.036505 0.036566 0.036636 0.036716 0.036804 0.036901 0.037007 0.037121 0.037243 0.037372 0.037508 0.037651 0.037799 0.037953 0.038111 0.038274 0.038445 0.038627 0.038827 0.039054 0.039317 0.039627 0.039990 0.040408 0.040874 0.041372 0.041879 0.042365 0.042802 0.043169 0.043480 0.043846 0.044645 0.046951 0.053226
0.053281 0.047061 0.044780 0.043998 0.043649 0.043356 0.043008 0.042591 0.042123 0.041633 0.041150 0.040697 0.040291 0.039939 0.039639 0.039384 0.039166 0.038973 0.038798 0.038634 0.038476 0.038323 0.038173 0.038028 0.037888 0.037754 0.037626 0.037504 0.037390 0.037284 0.037186 0.037096 0.037015 0.036942 0.036879 0.036825 0.036780 0.036744 0.036716 0.036696 0.036685 0.036681 0.036684 0.036694 0.036711 0.036734 0.036763 0.036797 0.036837 0.036883 0.036933 0.036989 0.037049 0.037115 0.037185 0.037259 0.037338 0.037422 0.037509 0.037601 0.037697 0.037796 0.037900 0.038007 0.038118 0.038233 0.038352 0.038474 0.038600 0.038729 0.038860 0.038993 0.039126 0.039259 0.039390 0.039517 0.039640 0.039757 0.039867 0.039968 0.040061 0.040143 0.040216 0.040280 0.040334 0.040379 0.040417 0.040447 0.040471 0.040491 0.040506 0.040518 0.040527 0.040534 0.040539 0.040543 0.040546 0.040549 0.040550 0.040551 0.040552 0.040552 0.040551 0.040550 0.040548 0.040546 0.040543 0.040539 0.040533 0.040527 0.040517 0.040506 0.040491 0.040471 0.040447 0.040416 0.040379 0.040334 0.040280 0.040216 0.040143 0.040060 0.039968 0.039867 0.039757 0.039640 0.039517 0.039390 0.039259 0.039126 0.038993 0.038860 0.038729 0.038600 0.038474 0.038352 0.038233 0.038118 0.038007 0.037899 0.037796 0.037696 0.037601 0.037509 0.037421 0.037338 0.037259 0.037184 0.037114 0.037049 0.036988 0.036933 0.036882 0.036837 0.036797 0.036762 0.036734 0.036711 0.036694 0.036684 0.036680 0.036684 0.036696 0.036715 0.036743 0.036780 0.036825 0.036879 0.036942 0.037014 0.037096 0.037185 0.037284 0.037390 0.037504 0.037625 0.037754 0.037888 0.038028 0.038173 0.038322 0.038475 0.038633 0.038798 0.038973 0.039166 0.039384 0.039638 0.039938 0.040291 0.040697 0.041150 0.041633 0.042123 0.042591 0.043008 0.043356 0.043649 0.043999 0.044781 0.047061 0.053281
0.053291 0.047131 0.044878 0.044116 0.043787 0.043515 0.043189 0.042793 0.042344 0.041872 0.041404 0.040965 0.040570 0.040228 0.039936 0.039689 0.039477 0.039291 0.039120 0.038960 0.038806 0.038656 0.038510 0.038367 0.038228 0.038094 0.037966 0.037845 0.037730 0.037623 0.037523 0.037432 0.037350 0.037276 0.037211 0.037155 0.037108 0.037070 0.037041 0.037020 0.037007 0.037002 0.037004 0.037014 0.037030 0.037052 0.037080 0.037115 0.037155 0.037200 0.037251 0.037307 0.037369 0.037435 0.037507 0.037583 0.037664 0.037749 0.037839 0.037933 0.038031 0.038133 0.038239 0.038348 0.038462 0.038580 0.038701 0.038826 0.038955 0.039086 0.039219 0.039353 0.039486 0.039618 0.039745 0.039867 0.039982 0.040088 0.040184 0.040268 0.040340 0.040400 0.040447 0.040483 0.040508 0.040524 0.040531 0.040532 0.040528 0.040520 0.040510 0.040498 0.040486 0.040474 0.040463 0.040453 0.040445 0.040438 0.040433 0.040430 0.040428 0.040428 0.040430 0.040433 0.040438 0.040445 0.040453 0.040463 0.040474 0.040486 0.040498 0.040510 0.040520 0.040528 0.040532 0.040531 0.040524 0.040508 0.040483 0.040447 0.040399 0.040340 0.040268 0.040184 0.040088 0.039982 0.039867 0.039745 0.039617 0.039486 0.039353 0.039219 0.039086 0.038954 0.038826 0.038701 0.038579 0.038462 0.038348 0.038238 0.038132 0.038030 0.037933 0.037839 0.037749 0.037664 0.037583 0.037506 0.037435 0.037368 0.037307 0.037251 0.037200 0.037154 0.037114 0.037080 0.037052 0.037029 0.037013 0.037004 0.037002 0.037007 0.037020 0.037041 0.037070 0.037108 0.037155 0.037211 0.037275 0.037349 0.037432 0.037523 0.037623 0.037730 0.037844 0.037966 0.038094 0.038228 0.038366 0.038509 0.038656 0.038806 0.038960 0.039120 0.039290 0.039477 0.039689 0.039936 0.040227 0.040570 0.040965 0.041404 0.041872 0.042345 0.042793 0.043189 0.043516 0.043787 0.044116 0.044878 0.047132 0.053292
0.053264 0.047166 0.044942 0.044202 0.043896 0.043648 0.043346 0.042973 0.042546 0.042092 0.041640 0.041214 0.040830 0.040497 0.040213 0.039972 0.039766 0.039584 0.039417 0.039261 0.039109 0.038961 0.038816 0.038674 0.038536 0.038402 0.038274 0.038151 0.038036 0.037928 0.037827 0.037735 0.037651 0.037576 0.037510 0.037453 0.037406 0.037367 0.037337 0.037316 0.037303 0.037297 0.037300 0.037309 0.037326 0.037349 0.037378 0.037413 0.037454 0.037500 0.037553 0.037611 0.037674 0.037742 0.037816 0.037895 0.037978 0.038066 0.038158 0.038255 0.038355 0.038459 0.038566 0.038678 0.038793 0.038911 0.039034 0.039159 0.039287 0.039417 0.039547 0.039676 0.039803 0.039924 0.040038 0.040143 0.040236 0.040315 0.040379 0.040427 0.040459 0.040474 0.040475 0.040461 0.040436 0.040402 0.040360 0.040313 0.040263 0.040213 0.040164 0.040117 0.040073 0.040033 0.039999 0.039969 0.039944 0.039924 0.039909 0.039899 0.039895 0.039895 0.039899 0.039909 0.039924 0.039944 0.039969 0.039999 0.040033 0.040073 0.040117 0.040164 0.040213 0.040263 0.040313 0.040360 0.040402 0.040436 0.040461 0.040475 0.040474 0.040459 0.040427 0.040379 0.040315 0.040236 0.040143 0.040038 0.039924 0.039802 0.039676 0.039547 0.039416 0.039287 0.039159 0.039033 0.038911 0.038792 0.038677 0.038566 0.038458 0.038354 0.038254 0.038158 0.038066 0.037978 0.037894 0.037816 0.037742 0.037674 0.037610 0.037552 0.037500 0.037453 0.037412 0.037377 0.037348 0.037325 0.037309 0.037299 0.037297 0.037302 0.037315 0.037337 0.037367 0.037405 0.037453 0.037510 0.037576 0.037650 0.037734 0.037827 0.037927 0.038036 0.038151 0.038273 0.038402 0.038535 0.038673 0.038816 0.038961 0.039109 0.039260 0.039417 0.039583 0.039765 0.039972 0.040212 0.040496 0.040830 0.041214 0.041640 0.042092 0.042546 0.042973 0.043346 0.043649 0.043897 0.044203 0.044942 0.047166 0.053264
0.053203 0.047168 0.044976 0.044261 0.043980 0.043758 0.043481 0.043133 0.042729 0.042294 0.041859 0.041446 0.041073 0.040748 0.040471 0.040237 0.040035 0.039857 0.039693 0.039539 0.039389 0.039242 0.039098 0.038956 0.038818 0.038684 0.038555 0.038432 0.038315 0.038206 0.038104 0.038011 0.037926 0.037851 0.037784 0.037727 0.037679 0.037641 0.037611 0.037591 0.037578 0.037574 0.037578 0.037588 0.037606 0.037630 0.037661 0.037698 0.037741 0.037789 0.037844 0.037904 0.037969 0.038040 0.038117 0.038198 0.038284 0.038375 0.038469 0.038567 0.038669 0.038774 0.038882 0.038993 0.039106 0.039222 0.039341 0.039461 0.039583 0.039703 0.039821 0.039935 0.040041 0.040137 0.040219 0.040286 0.040333 0.040359 0.040363 0.040345 0.040305 0.040244 0.040165 0.040072 0.039966 0.039852 0.039735 0.039616 0.039499 0.039387 0.039282 0.039186 0.039098 0.039021 0.038954 0.038897 0.038850 0.038813 0.038786 0.038768 0.038759 0.038759 0.038768 0.038786 0.038813 0.038850 0.038897 0.038954 0.039021 0.039098 0.039186 0.039282 0.039387 0.039499 0.039616 0.039734 0.039852 0.039966 0.040071 0.040165 0.040244 0.040305 0.040345 0.040363 0.040359 0.040333 0.040285 0.040219 0.040137 0.040041 0.039935 0.039821 0.039703 0.039582 0.039461 0.039341 0.039222 0.039106 0.038992 0.038881 0.038774 0.038669 0.038567 0.038469 0.038374 0.038284 0.038198 0.038116 0.038040 0.037969 0.037903 0.037843 0.037789 0.037740 0.037697 0.037661 0.037630 0.037606 0.037588 0.037577 0.037574 0.037578 0.037590 0.037611 0.037641 0.037679 0.037727 0.037784 0.037850 0.037926 0.038010 0.038104 0.038205 0.038315 0.038431 0.038554 0.038683 0.038817 0.038956 0.039098 0.039242 0.039389 0.039539 0.039693 0.039856 0.040035 0.040236 0.040471 0.040748 0.041073 0.041446 0.041859 0.042294 0.042729 0.043134 0.043482 0.043758 0.043980 0.044262 0.044977 0.047168 0.053203
0.053114 0.047143 0.044985 0.044296 0.044041 0.043847 0.043599 0.043277 0.042896 0.042482 0.042063 0.041664 0.041302 0.040986 0.040715 0.040486 0.040289 0.040114 0.039953 0.039800 0.039652 0.039505 0.039361 0.039219 0.039080 0.038945 0.038815 0.038691 0.038574 0.038463 0.038361 0.038267 0.038182 0.038106 0.038040 0.037983 0.037936 0.037899 0.037870 0.037851 0.037840 0.037838 0.037843 0.037856 0.037876 0.037902 0.037935 0.037974 0.038019 0.038070 0.038127 0.038190 0.038258 0.038332 0.038411 0.038495 0.038583 0.038676 0.038771 0.038870 0.038971 0.039074 0.039179 0.039285 0.039392 0.039499 0.039606 0.039712 0.039815 0.039913 0.040003 0.040082 0.040145 0.040189 0.040209 0.040203 0.040168 0.040101 0.040003 0.039874 0.039717 0.039536 0.039335 0.039119 0.038894 0.038667 0.038441 0.038222 0.038014 0.037820 0.037642 0.037481 0.037338 0.037213 0.037106 0.037017 0.036943 0.036886 0.036844 0.036816 0.036802 0.036802 0.036816 0.036844 0.036886 0.036943 0.037017 0.037106 0.037213 0.037338 0.037481 0.037642 0.037820 0.038014 0.038222 0.038441 0.038666 0.038894 0.039119 0.039334 0.039536 0.039717 0.039874 0.040003 0.040101 0.040168 0.040203 0.040209 0.040188 0.040145 0.040081 0.040003 0.039913 0.039815 0.039712 0.039606 0.039499 0.039391 0.039284 0.039178 0.039074 0.038971 0.038870 0.038771 0.038675 0.038583 0.038494 0.038411 0.038332 0.038258 0.038189 0.038127 0.038070 0.038019 0.037974 0.037935 0.037902 0.037875 0.037856 0.037843 0.037837 0.037840 0.037851 0.037870 0.037898 0.037936 0.037983 0.038039 0.038106 0.038181 0.038267 0.038361 0.038463 0.038573 0.038691 0.038815 0.038945 0.039080 0.039219 0.039361 0.039505 0.039651 0.039800 0.039952 0.040113 0.040288 0.040486 0.040715 0.040985 0.041302 0.041664 0.042063 0.042482 0.042896 0.043277 0.043599 0.043847 0.044041 0.044296 0.044985 0.047143 0.053114
0.053000 0.047095 0.044971 0.044309 0.044083 0.043919 0.043700 0.043406 0.043050 0.042658 0.042256 0.041871 0.041519 0.041211 0.040948 0.040724 0.040530 0.040358 0.040199 0.040048 0.039900 0.039754 0.039610 0.039467 0.039327 0.039191 0.039060 0.038935 0.038817 0.038705 0.038602 0.038508 0.038423 0.038348 0.038282 0.038227 0.038181 0.038145 0.038119 0.038102 0.038093 0.038093 0.038101 0.038117 0.038139 0.038168 0.038204 0.038246 0.038293 0.038347 0.038406 0.038471 0.038542 0.038618 0.038699 0.038784 0.038874 0.038966 0.039061 0.039157 0.039254 0.039350 0.039445 0.039539 0.039630 0.039717 0.039800 0.039875 0.039941 0.039994 0.040029 0.040042 0.040027 0.039978 0.039892 0.039764 0.039593 0.039377 0.039118 0.038821 0.038490 0.038133 0.037757 0.037371 0.036985 0.036606 0.036240 0.035894 0.035573 0.035279 0.035013 0.034778 0.034571 0.034393 0.034242 0.034116 0.034014 0.033935 0.033876 0.033838 0.033819 0.033819 0.033838 0.033876 0.033935 0.034014 0.034116 0.034242 0.034393 0.034571 0.034778 0.035013 0.035279 0.035573 0.035894 0.036240 0.036605 0.036985 0.037371 0.037757 0.038132 0.038490 0.038821 0.039118 0.039377 0.039592 0.039764 0.039892 0.039978 0.040026 0.040042 0.040029 0.039994 0.039941 0.039875 0.039799 0.039717 0.039629 0.039539 0.039445 0.039350 0.039254 0.039157 0.039061 0.038966 0.038873 0.038784 0.038698 0.038617 0.038541 0.038471 0.038406 0.038346 0.038293 0.038245 0.038204 0.038168 0.038139 0.038116 0.038101 0.038093 0.038093 0.038101 0.038118 0.038145 0.038181 0.038226 0.038282 0.038347 0.038423 0.038508 0.038602 0.038705 0.038816 0.038935 0.039060 0.039191 0.039327 0.039467 0.039609 0.039754 0.039900 0.040047 0.040199 0.040357 0.040530 0.040723 0.040948 0.041211 0.041519 0.041870 0.042256 0.042658 0.043051 0.043407 0.043701 0.043919 0.044083 0.044310 0.044971 0.047095 0.053001
0.052866 0.047026 0.044937 0.044304 0.044108 0.043976 0.043789 0.043525 0.043195 0.042824 0.042441 0.042069 0.041729 0.041429 0.041172 0.040952 0.040762 0.040593 0.040436 0.040285 0.040138 0.039992 0.039847 0.039704 0.039563 0.039426 0.039294 0.039168 0.039048 0.038937 0.038833 0.038739 0.038655 0.038580 0.038516 0.038462 0.038418 0.038385 0.038361 0.038347 0.038341 0.038344 0.038355 0.038374 0.038399 0.038431 0.038469 0.038514 0.038563 0.038619 0.038680 0.038747 0.038819 0.038896 0.038978 0.039063 0.039151 0.039241 0.039331 0.039419 0.039504 0.039585 0.039660 0.039729 0.039788 0.039838 0.039874 0.039894 0.039894 0.039867 0.039808 0.039710 0.039565 0.039367 0.039112 0.038796 0.038419 0.037984 0.037495 0.036960 0.036391 0.035799 0.035196 0.034596 0.034010 0.033447 0.032918 0.032427 0.031979 0.031577 0.031220 0.030907 0.030637 0.030406 0.030212 0.030053 0.029924 0.029825 0.029752 0.029704 0.029681 0.029681 0.029704 0.029752 0.029825 0.029924 0.030053 0.030212 0.030406 0.030637 0.030907 0.031220 0.031577 0.031979 0.032427 0.032918 0.033447 0.034009 0.034596 0.035196 0.035799 0.036391 0.036960 0.037494 0.037983 0.038419 0.038796 0.039112 0.039367 0.039565 0.039709 0.039808 0.039867 0.039893 0.039894 0.039874 0.039837 0.039788 0.039728 0.039660 0.039585 0.039504 0.039418 0.039330 0.039241 0.039151 0.039063 0.038978 0.038896 0.038819 0.038747 0.038680 0.038619 0.038563 0.038513 0.038469 0.038431 0.038399 0.038374 0.038355 0.038344 0.038341 0.038346 0.038360 0.038384 0.038418 0.038461 0.038515 0.038580 0.038654 0.038739 0.038833 0.038936 0.039048 0.039168 0.039294 0.039426 0.039563 0.039704 0.039847 0.039992 0.040138 0.040285 0.040435 0.040592 0.040762 0.040952 0.041171 0.041429 0.041728 0.042069 0.042440 0.042824 0.043195 0.043525 0.043789 0.043976 0.044109 0.044305 0.044937 0.047026 0.052866
0.052714 0.046938 0.044885 0.044283 0.044119 0.044021 0.043868 0.043635 0.043333 0.042985 0.042619 0.042262 0.041933 0.041641 0.041390 0.041175 0.040989 0.040821 0.040666 0.040516 0.040369 0.040223 0.040078 0.039934 0.039792 0.039654 0.039520 0.039393 0.039273 0.039161 0.039057 0.038964 0.038880 0.038807 0.038744 0.038693 0.038652 0.038621 0.038600 0.038589 0.038587 0.038594 0.038608 0.038630 0.038658 0.038693 0.038733 0.038779 0.038830 0.038887 0.038949 0.039016 0.039088 0.039164 0.039243 0.039325 0.039407 0.039488 0.039565 0.039636 0.039698 0.039750 0.039789 0.039812 0.039816 0.039800 0.039758 0.039686 0.039577 0.039423 0.039214 0.038944 0.038602 0.038183 0.037683 0.037100 0.036438 0.035706 0.034913 0.034076 0.033210 0.032334 0.031466 0.030621 0.029815 0.029058 0.028359 0.027724 0.027156 0.026653 0.026214 0.025836 0.025513 0.025241 0.025016 0.024831 0.024683 0.024569 0.024486 0.024432 0.024406 0.024406 0.024432 0.024486 0.024569 0.024683 0.024831 0.025015 0.025241 0.025513 0.025836 0.026214 0.026653 0.027156 0.027724 0.028359 0.029058 0.029815 0.030621 0.031466 0.032334 0.033210 0.034076 0.034913 0.035705 0.036438 0.037100 0.037683 0.038183 0.038602 0.038944 0.039214 0.039422 0.039577 0.039686 0.039758 0.039800 0.039816 0.039811 0.039788 0.039750 0.039698 0.039635 0.039564 0.039487 0.039407 0.039324 0.039243 0.039164 0.039088 0.039016 0.038949 0.038887 0.038830 0.038779 0.038733 0.038692 0.038658 0.038629 0.038608 0.038593 0.038587 0.038589 0.038600 0.038620 0.038651 0.038692 0.038744 0.038807 0.038880 0.038963 0.039057 0.039160 0.039273 0.039393 0.039520 0.039653 0.039791 0.039933 0.040077 0.040223 0.040369 0.040516 0.040666 0.040821 0.040988 0.041175 0.041390 0.041641 0.041932 0.042262 0.042619 0.042985 0.043333 0.043636 0.043868 0.044022 0.044120 0.044283 0.044885 0.046938 0.052714
0.052545 0.046834 0.044817 0.044247 0.044118 0.044056 0.043939 0.043740 0.043467 0.043143 0.042796 0.042453 0.042134 0.041851 0.041606 0.041396 0.041212 0.041047 0.040893 0.040744 0.040597 0.040451 0.040304 0.040159 0.040016 0.039877 0.039742 0.039614 0.039493 0.039381 0.039278 0.039185 0.039103 0.039032 0.038971 0.038922 0.038884 0.038856 0.038839 0.038832 0.038833 0.038843 0.038861 0.038885 0.038916 0.038952 0.038994 0.039041 0.039093 0.039149 0.039209 0.039274 0.039342 0.039412 0.039484 0.039556 0.039624 0.039686 0.039739 0.039778 0.039800 0.039800 0.039776 0.039724 0.039639 0.039518 0.039353 0.039138 0.038864 0.038519 0.038094 0.037577 0.036961 0.036239 0.035411 0.034481 0.033459 0.032361 0.031207 0.030021 0.028827 0.027647 0.026506 0.025421 0.024408 0.023476 0.022633 0.021883 0.021223 0.020651 0.020161 0.019744 0.019394 0.019103 0.018863 0.018669 0.018515 0.018397 0.018311 0.018255 0.018228 0.018228 0.018255 0.018311 0.018397 0.018515 0.018669 0.018863 0.019103 0.019394 0.019744 0.020161 0.020651 0.021223 0.021883 0.022633 0.023476 0.024408 0.025421 0.026506 0.027647 0.028827 0.030021 0.031207 0.032361 0.033459 0.034480 0.035411 0.036239 0.036960 0.037577 0.038094 0.038519 0.038864 0.039138 0.039353 0.039518 0.039639 0.039724 0.039776 0.039800 0.039799 0.039778 0.039738 0.039686 0.039624 0.039555 0.039484 0.039412 0.039341 0.039273 0.039209 0.039148 0.039092 0.039041 0.038994 0.038952 0.038916 0.038885 0.038860 0.038843 0.038833 0.038831 0.038839 0.038856 0.038884 0.038922 0.038971 0.039031 0.039103 0.039185 0.039278 0.039381 0.039493 0.039614 0.039742 0.039876 0.040016 0.040159 0.040304 0.040450 0.040597 0.040744 0.040893 0.041047 0.041212 0.041395 0.041606 0.041851 0.042134 0.042453 0.042796 0.043143 0.043467 0.043740 0.043940 0.044057 0.044118 0.044248 0.044817 0.046834 0.052545
0.052362 0.046713 0.044734 0.044197 0.044105 0.044083 0.044005 0.043841 0.043599 0.043300 0.042973 0.042645 0.042337 0.042062 0.041823 0.041616 0.041436 0.041273 0.041120 0.040971 0.040824 0.040677 0.040530 0.040383 0.040239 0.040098 0.039963 0.039834 0.039713 0.039601 0.039498 0.039407 0.039326 0.039257 0.039199 0.039153 0.039118 0.039094 0.039080 0.039075 0.039080 0.039093 0.039113 0.039140 0.039173 0.039210 0.039252 0.039298 0.039347 0.039399 0.039454 0.039511 0.039570 0.039628 0.039685 0.039736 0.039778 0.039806 0.039814 0.039798 0.039751 0.039668 0.039544 0.039375 0.039153 0.038874 0.038529 0.038109 0.037602 0.036995 0.036277 0.035436 0.034466 0.033366 0.032140 0.030801 0.029370 0.027871 0.026338 0.024803 0.023295 0.021842 0.020471 0.019199 0.018036 0.016990 0.016067 0.015262 0.014571 0.013984 0.013491 0.013080 0.012740 0.012461 0.012234 0.012052 0.011908 0.011799 0.011719 0.011668 0.011642 0.011642 0.011668 0.011719 0.011799 0.011908 0.012052 0.012234 0.012461 0.012740 0.013080 0.013491 0.013984 0.014571 0.015262 0.016067 0.016990 0.018036 0.019199 0.020471 0.021842 0.023295 0.024803 0.026338 0.027871 0.029370 0.030801 0.032140 0.033366 0.034466 0.035436 0.036276 0.036995 0.037602 0.038109 0.038529 0.038874 0.039153 0.039374 0.039544 0.039668 0.039751 0.039798 0.039814 0.039805 0.039777 0.039735 0.039684 0.039628 0.039570 0.039511 0.039454 0.039399 0.039346 0.039297 0.039252 0.039210 0.039172 0.039140 0.039113 0.039093 0.039080 0.039075 0.039079 0.039093 0.039118 0.039153 0.039199 0.039257 0.039326 0.039406 0.039498 0.039600 0.039712 0.039833 0.039962 0.040098 0.040238 0.040383 0.040529 0.040677 0.040824 0.040971 0.041119 0.041273 0.041436 0.041616 0.041822 0.042061 0.042337 0.042644 0.042973 0.043300 0.043599 0.043842 0.044006 0.044084 0.044106 0.044198 0.044734 0.046713 0.052362
0.052164 0.046577 0.044636 0.044134 0.044082 0.044102 0.044066 0.043941 0.043731 0.043459 0.043152 0.042840 0.042543 0.042276 0.042043 0.041840 0.041663 0.041501 0.041349 0.041201 0.041053 0.040905 0.040756 0.040609 0.040463 0.040321 0.040184 0.040055 0.039934 0.039822 0.039721 0.039631 0.039552 0.039485 0.039430 0.039387 0.039355 0.039333 0.039322 0.039321 0.039329 0.039344 0.039366 0.039394 0.039427 0.039463 0.039503 0.039544 0.039587 0.039630 0.039674 0.039716 0.039756 0.039791 0.039818 0.039832 0.039827 0.039797 0.039732 0.039626 0.039470 0.039258 0.038983 0.038640 0.038223 0.037723 0.037131 0.036437 0.035626 0.034686 0.033605 0.032375 0.030995 0.029469 0.027813 0.026050 0.024212 0.022338 0.020470 0.018653 0.016916 0.015288 0.013795 0.012445 0.011244 0.010190 0.009289 0.008529 0.007899 0.007379 0.006954 0.006607 0.006326 0.006098 0.005915 0.005770 0.005656 0.005569 0.005507 0.005466 0.005446 0.005446 0.005466 0.005507 0.005569 0.005656 0.005770 0.005915 0.006098 0.006326 0.006607 0.006954 0.007379 0.007899 0.008530 0.009289 0.010190 0.011244 0.012445 0.013795 0.015288 0.016916 0.018653 0.020470 0.022338 0.024212 0.026050 0.027813 0.029469 0.030995 0.032375 0.033605 0.034686 0.035626 0.036436 0.037131 0.037723 0.038222 0.038640 0.038983 0.039258 0.039470 0.039626 0.039732 0.039796 0.039827 0.039832 0.039818 0.039791 0.039756 0.039716 0.039673 0.039630 0.039586 0.039544 0.039502 0.039463 0.039427 0.039394 0.039366 0.039344 0.039328 0.039321 0.039322 0.039333 0.039354 0.039386 0.039430 0.039485 0.039552 0.039630 0.039720 0.039821 0.039933 0.040054 0.040184 0.040320 0.040462 0.040608 0.040756 0.040905 0.041053 0.041200 0.041349 0.041501 0.041662 0.041840 0.042042 0.042276 0.042543 0.042839 0.043152 0.043459 0.043731 0.043941 0.044067 0.044103 0.044082 0.044135 0.044636 0.046577 0.052164
0.051953 0.046425 0.044522 0.044058 0.044048 0.044114 0.044124 0.044040 0.043865 0.043621 0.043336 0.043040 0.042755 0.042497 0.042269 0.042070 0.041895 0.041735 0.041583 0.041435 0.041286 0.041137 0.040987 0.040838 0.040690 0.040547 0.040409 0.040279 0.040158 0.040047 0.039947 0.039859 0.039782 0.039718 0.039665 0.039625 0.039595 0.039576 0.039567 0.039568 0.039577 0.039594 0.039617 0.039644 0.039675 0.039708 0.039741 0.039773 0.039803 0.039830 0.039852 0.039868 0.039875 0.039869 0.039845 0.039797 0.039715 0.039589 0.039408 0.039162 0.038842 0.038440 0.037950 0.037367 0.036686 0.035897 0.034993 0.033961 0.032788 0.031462 0.029976 0.028329 0.026527 0.024586 0.022531 0.020399 0.018241 0.016101 0.014030 0.012083 0.010284 0.008658 0.007230 0.005982 0.004905 0.004008 0.003303 0.002760 0.002335 0.002000 0.001735 0.001525 0.001358 0.001226 0.001121 0.001038 0.000973 0.000924 0.000889 0.000866 0.000855 0.000855 0.000866 0.000889 0.000924 0.000973 0.001038 0.001121 0.001226 0.001358 0.001525 0.001735 0.002000 0.002335 0.002760 0.003303 0.004008 0.004905 0.005982 0.007230 0.008658 0.010284 0.012083 0.014030 0.016101 0.018241 0.020399 0.022531 0.024586 0.026527 0.028329 0.029976 0.031462 0.032788 0.033961 0.034993 0.035897 0.036685 0.037367 0.037950 0.038440 0.038842 0.039162 0.039408 0.039588 0.039714 0.039797 0.039845 0.039868 0.039874 0.039867 0.039852 0.039830 0.039803 0.039773 0.039741 0.039708 0.039675 0.039644 0.039616 0.039594 0.039577 0.039568 0.039567 0.039576 0.039594 0.039624 0.039665 0.039718 0.039782 0.039858 0.039947 0.040047 0.040158 0.040279 0.040409 0.040547 0.040690 0.040837 0.040987 0.041137 0.041286 0.041434 0.041583 0.041735 0.041895 0.042070 0.042268 0.042496 0.042755 0.043040 0.043336 0.043621 0.043865 0.044040 0.044124 0.044115 0.044048 0.044058 0.044522 0.046425 0.051954
0.051731 0.046259 0.044393 0.043968 0.044003 0.044119 0.044178 0.044138 0.044001 0.043788 0.043527 0.043248 0.042975 0.042725 0.042503 0.042309 0.042135 0.041976 0.041825 0.041676 0.041526 0.041375 0.041223 0.041072 0.040923 0.040778 0.040640 0.040509 0.040388 0.040278 0.040180 0.040093 0.040019 0.039956 0.039906 0.039866 0.039838 0.039821 0.039813 0.039815 0.039824 0.039841 0.039862 0.039887 0.039913 0.039938 0.039959 0.039975 0.039983 0.039980 0.039966 0.039937 0.039888 0.039815 0.039709 0.039560 0.039354 0.039080 0.038722 0.038270 0.037714 0.037049 0.036271 0.035378 0.034366 0.033231 0.031964 0.030555 0.028992 0.027271 0.025390 0.023359 0.021195 0.018931 0.016603 0.014251 0.011952 0.009759 0.007728 0.005908 0.004309 0.002986 0.001937 0.001083 0.000374 -0.000007 -0.000007 -0.000007 -0.000007 -0.000007 -0.000007 -0.000007 -0.000007 -0.000007 -0.000007 -0.000007 -0.000007 -0.000007 -0.000007 -0.000007 -0.000007 -0.000007 -0.000007 -0.000007 -0.000007 -0.000007 -0.000007 -0.000007 -0.000007 -0.000007 -0.000007 -0.000007 -0.000007 -0.000007 -0.000007 -0.000007 -0.000007 0.000374 0.001083 0.001937 0.002986 0.004309 0.005908 0.007728 0.009759 0.011952 0.014251 0.016603 0.018931 0.021195 0.023359 0.025390 0.027270 0.028992 0.030555 0.031964 0.033231 0.034366 0.035378 0.036271 0.037049 0.037714 0.038270 0.038722 0.039080 0.039354 0.039559 0.039709 0.039815 0.039888 0.039936 0.039966 0.039980 0.039982 0.039974 0.039959 0.039938 0.039913 0.039887 0.039862 0.039840 0.039824 0.039814 0.039813 0.039820 0.039838 0.039866 0.039905 0.039956 0.040018 0.040093 0.040179 0.040278 0.040388 0.040509 0.040639 0.040778 0.040923 0.041072 0.041223 0.041375 0.041526 0.041675 0.041824 0.041976 0.042135 0.042308 0.042503 0.042725 0.042975 0.043247 0.043526 0.043788 0.044001 0.044138 0.044178 0.044120 0.044004 0.043968 0.044393 0.046259 0.051731
0.051500 0.046081 0.044251 0.043866 0.043950 0.044118 0.044228 0.044236 0.044140 0.043959 0.043723 0.043463 0.043205 0.042964 0.042748 0.042558 0.042386 0.042228 0.042076 0.041925 0.041774 0.041621 0.041467 0.041314 0.041163 0.041016 0.040877 0.040746 0.040626 0.040517 0.040419 0.040334 0.040261 0.040200 0.040150 0.040111 0.040083 0.040065 0.040057 0.040058 0.040066 0.040080 0.040097 0.040116 0.040133 0.040144 0.040145 0.040133 0.040104 0.040055 0.039982 0.039881 0.039745 0.039565 0.039329 0.039022 0.038628 0.038131 0.037515 0.036772 0.035896 0.034889 0.033752 0.032489 0.031102 0.029588 0.027945 0.026165 0.024243 0.022179 0.019989 0.017695 0.015325 0.012919 0.010543 0.008233 0.006077 0.004160 0.002562 0.001294 0.000273 -0.000007 -0.000007 -0.000007 -0.000007 -0.000007 -0.000007 -0.000007 -0.000007 -0.000007 -0.000007 -0.000007 -0.000007 -0.000007 -0.000007 -0.000007 -0.000007 -0.000007 -0.000007 -0.000007 -0.000007 -0.000007 -0.000007 -0.000007 -0.000007 -0.000007 -0.000007 -0.000007 -0.000007 -0.000007 -0.000007 -0.000007 -0.000007 -0.000007 -0.000007 -0.000007 -0.000007 -0.000007 -0.000007 -0.000007 -0.000007 0.000273 0.001294 0.002562 0.004160 0.006077 0.008233 0.010543 0.012919 0.015325 0.017695 0.019989 0.022179 0.024243 0.026165 0.027945 0.029588 0.031102 0.032489 0.033752 0.034889 0.035896 0.036772 0.037515 0.038130 0.038628 0.039022 0.039329 0.039565 0.039745 0.039881 0.039982 0.040055 0.040104 0.040133 0.040145 0.040143 0.040132 0.040116 0.040097 0.040079 0.040065 0.040057 0.040057 0.040065 0.040083 0.040111 0.040150 0.040200 0.040261 0.040334 0.040419 0.040516 0.040625 0.040746 0.040877 0.041016 0.041162 0.041313 0.041467 0.041621 0.041774 0.041925 0.042075 0.042227 0.042386 0.042557 0.042748 0.042964 0.043204 0.043463 0.043723 0.043959 0.044140 0.044237 0.044229 0.044119 0.043950 0.043867 0.044252 0.046081 0.051501
0.051268 0.045894 0.044100 0.043755 0.043888 0.044112 0.044277 0.044334 0.044281 0.044134 0.043926 0.043687 0.043443 0.043213 0.043005 0.042818 0.042649 0.042491 0.042338 0.042186 0.042032 0.041877 0.041720 0.041564 0.041411 0.041263 0.041123 0.040991 0.040871 0.040763 0.040666 0.040582 0.040509 0.040448 0.040397 0.040357 0.040327 0.040307 0.040295 0.040292 0.040296 0.040304 0.040314 0.040323 0.040324 0.040312 0.040282 0.040226 0.040140 0.040018 0.039854 0.039643 0.039372 0.039028 0.038594 0.038051 0.037378 0.036560 0.035587 0.034456 0.033174 0.031754 0.030208 0.028548 0.026781 0.024910 0.022935 0.020858 0.018682 0.016421 0.014095 0.011753 0.009427 0.007173 0.005039 0.003150 0.001581 0.000341 -0.000007 -0.000007 -0.000007 0.000042 0.000421 0.000909 0.001286 0.001445 0.001378 0.001141 0.000829 0.000530 0.000304 0.000164 0.000098 0.000080 0.000098 0.000149 0.000231 0.000335 0.000442 0.000531 0.000582 0.000582 0.000531 0.000442 0.000334 0.000231 0.000149 0.000098 0.000080 0.000098 0.000164 0.000303 0.000530 0.000828 0.001140 0.001377 0.001444 0.001286 0.000909 0.000421 0.000042 -0.000007 -0.000007 -0.000007 0.000341 0.001581 0.003150 0.005039 0.007173 0.009427 0.011753 0.014095 0.016421 0.018682 0.020858 0.022935 0.024910 0.026781 0.028548 0.030208 0.031754 0.033174 0.034456 0.035586 0.036560 0.037378 0.038051 0.038594 0.039028 0.039372 0.039642 0.039854 0.040017 0.040139 0.040226 0.040281 0.040312 0.040324 0.040322 0.040314 0.040304 0.040295 0.040292 0.040295 0.040306 0.040326 0.040356 0.040396 0.040447 0.040509 0.040581 0.040666 0.040762 0.040871 0.040991 0.041122 0.041263 0.041411 0.041564 0.041720 0.041876 0.042032 0.042185 0.042337 0.042490 0.042649 0.042818 0.043005 0.043213 0.043443 0.043686 0.043926 0.044134 0.044281 0.044335 0.044277 0.044112 0.043889 0.043756 0.044100 0.045894 0.051268
0.051044 0.045708 0.043945 0.043641 0.043825 0.044105 0.044325 0.044434 0.044424 0.044313 0.044134 0.043917 0.043691 0.043473 0.043273 0.043092 0.042925 0.042767 0.042613 0.042458 0.042302 0.042143 0.041983 0.041824 0.041669 0.041519 0.041377 0.041245 0.041125 0.041016 0.040919 0.040834 0.040760 0.040696 0.040643 0.040599 0.040565 0.040539 0.040522 0.040512 0.040507 0.040505 0.040502 0.040493 0.040470 0.040423 0.040342 0.040218 0.040044 0.039813 0.039515 0.039139 0.038669 0.038084 0.037360 0.036476 0.035410 0.034153 0.032709 0.031096 0.029341 0.027472 0.025514 0.023489 0.021408 0.019276 0.017099 0.014882 0.012647 0.010421 0.008245 0.006154 0.004207 0.002485 0.001018 -0.000007 -0.000007 -0.000007 0.000902 0.004067 0.008812 0.014602 0.020739 0.026351 0.030695 0.033388 0.034463 0.034245 0.033199 0.031785 0.030379 0.029238 0.028506 0.028233 0.028395 0.028913 0.029669 0.030524 0.031332 0.031957 0.032298 0.032298 0.031957 0.031332 0.030524 0.029669 0.028912 0.028395 0.028233 0.028505 0.029237 0.030378 0.031784 0.033198 0.034244 0.034461 0.033386 0.030693 0.026350 0.020738 0.014601 0.008811 0.004066 0.000902 -0.000007 -0.000007 -0.000007 0.001018 0.002485 0.004207 0.006154 0.008245 0.010421 0.012647 0.014882 0.017099 0.019276 0.021408 0.023489 0.025514 0.027472 0.029341 0.031096 0.032709 0.034153 0.035410 0.036476 0.037360 0.038083 0.038668 0.039138 0.039514 0.039812 0.040044 0.040218 0.040341 0.040422 0.040470 0.040493 0.040502 0.040505 0.040506 0.040511 0.040522 0.040539 0.040564 0.040599 0.040642 0.040696 0.040759 0.040834 0.040919 0.041016 0.041125 0.041245 0.041377 0.041519 0.041668 0.041824 0.041983 0.042143 0.042301 0.042458 0.042612 0.042767 0.042925 0.043092 0.043273 0.043473 0.043690 0.043917 0.044133 0.044313 0.044424 0.044434 0.044326 0.044105 0.043825 0.043641 0.043945 0.045708 0.051044
0.050843 0.045533 0.043796 0.043531 0.043766 0.044103 0.044380 0.044538 0.044571 0.044496 0.044345 0.044152 0.043945 0.043742 0.043552 0.043378 0.043214 0.043057 0.042901 0.042744 0.042584 0.042421 0.042258 0.042095 0.041937 0.041785 0.041641 0.041508 0.041386 0.041275 0.041176 0.041088 0.041010 0.040942 0.040883 0.040834 0.040792 0.040759 0.040731 0.040708 0.040689 0.040669 0.040645 0.040606 0.040541 0.040436 0.040276 0.040049 0.039746 0.039354 0.038863 0.038253 0.037501 0.036577 0.035452 0.034101 0.032512 0.030692 0.028675 0.026510 0.024264 0.021981 0.019695 0.017429 0.015194 0.012998 0.010847 0.008759 0.006748 0.004870 0.003210 0.001805 0.000583 -0.000007 -0.000007 -0.000007 0.000797 0.006918 0.018666 0.036721 0.060614 0.087967 0.115041 0.138324 0.155720 0.166730 0.172024 0.172900 0.170870 0.167364 0.163570 0.160349 0.158229 0.157435 0.157937 0.159514 0.161809 0.164392 0.166819 0.168691 0.169707 0.169707 0.168690 0.166818 0.164391 0.161808 0.159513 0.157936 0.157433 0.158227 0.160347 0.163567 0.167361 0.170866 0.172896 0.172019 0.166725 0.155714 0.138318 0.115035 0.087962 0.060611 0.036718 0.018664 0.006917 0.000797 -0.000007 -0.000007 -0.000007 0.000583 0.001805 0.003210 0.004870 0.006748 0.008759 0.010848 0.012998 0.015194 0.017429 0.019695 0.021981 0.024264 0.026511 0.028675 0.030693 0.032512 0.034101 0.035452 0.036577 0.037501 0.038253 0.038863 0.039354 0.039745 0.040049 0.040275 0.040435 0.040541 0.040606 0.040645 0.040669 0.040688 0.040708 0.040730 0.040758 0.040792 0.040833 0.040883 0.040941 0.041009 0.041087 0.041176 0.041275 0.041385 0.041508 0.041641 0.041784 0.041937 0.042095 0.042257 0.042421 0.042584 0.042744 0.042901 0.043057 0.043214 0.043377 0.043552 0.043741 0.043944 0.044152 0.044345 0.044496 0.044571 0.044539 0.044380 0.044103 0.043766 0.043531 0.043796 0.045532 0.050843
0.050685 0.045381 0.043664 0.043436 0.043723 0.044117 0.044449 0.044656 0.044728 0.044686 0.044562 0.044391 0.044203 0.044016 0.043839 0.043674 0.043516 0.043360 0.043204 0.043044 0.042879 0.042712 0.042544 0.042378 0.042216 0.042060 0.041914 0.041777 0.041651 0.041536 0.041432 0.041338 0.041254 0.041180 0.041115 0.041058 0.041007 0.040960 0.040916 0.040872 0.040826 0.040775 0.040710 0.040617 0.040479 0.040277 0.039993 0.039612 0.039123 0.038510 0.037754 0.036830 0.035702 0.034332 0.032689 0.030747 0.028512 0.026028 0.023377 0.020663 0.018000 0.015451 0.013052 0.010804 0.008697 0.006737 0.004953 0.003376 0.002015 0.000841 -0.000007 -0.000007 -0.000007 -0.000007 -0.000007 0.003663 0.018851 0.048978 0.097837 0.164109 0.238312 0.308120 0.365517 0.408118 0.436951 0.454383 0.463034 0.465374 0.463612 0.459653 0.455064 0.451032 0.448336 0.447348 0.448074 0.450225 0.453315 0.456756 0.459959 0.462411 0.463736 0.463736 0.462411 0.459959 0.456755 0.453314 0.450224 0.448072 0.447345 0.448333 0.451028 0.455060 0.459648 0.463607 0.465368 0.463027 0.454376 0.436943 0.408109 0.365508 0.308111 0.238303 0.164101 0.097832 0.048975 0.018850 0.003663 -0.000007 -0.000007 -0.000007 -0.000007 -0.000007 0.000841 0.002015 0.003376 0.004953 0.006737 0.008697 0.010804 0.013052 0.015452 0.018000 0.020664 0.023378 0.026029 0.028512 0.030748 0.032689 0.034332 0.035702 0.036829 0.037754 0.038510 0.039123 0.039612 0.039993 0.040277 0.040479 0.040617 0.040709 0.040775 0.040826 0.040871 0.040915 0.040960 0.041007 0.041058 0.041115 0.041180 0.041254 0.041338 0.041432 0.041536 0.041651 0.041777 0.041913 0.042060 0.042215 0.042378 0.042544 0.042712 0.042879 0.043043 0.043203 0.043360 0.043515 0.043673 0.043839 0.044016 0.044202 0.044391 0.044562 0.044686 0.044728 0.044656 0.044449 0.044118 0.043723 0.043436 0.043664 0.045381 0.050685
0.050590 0.045268 0.043561 0.043369 0.043708 0.044161 0.044546 0.044798 0.044905 0.044889 0.044787 0.044635 0.044464 0.044293 0.044131 0.043976 0.043826 0.043675 0.043518 0.043356 0.043188 0.043016 0.042843 0.042672 0.042505 0.042345 0.042193 0.042050 0.041917 0.041795 0.041683 0.041582 0.041492 0.041413 0.041342 0.041276 0.041212 0.041144 0.041070 0.040987 0.040893 0.040779 0.040633 0.040437 0.040167 0.039803 0.039328 0.038726 0.037984 0.037082 0.035991 0.034674 0.033087 0.031184 0.028929 0.026317 0.023370 0.020184 0.016942 0.013812 0.010968 0.008465 0.006334 0.004549 0.003027 0.001717 0.000666 0.000004 -0.000007 -0.000007 -0.000007 -0.000007 -0.000007 -0.000007 0.007610 0.036878 0.097470 0.196454 0.320148 0.439337 0.535411 0.605458 0.653605 0.685243 0.705017 0.716458 0.722132 0.723912 0.723231 0.721222 0.718794 0.716644 0.715238 0.714810 0.715370 0.716747 0.718651 0.720733 0.722648 0.724101 0.724883 0.724883 0.724101 0.722647 0.720732 0.718651 0.716746 0.715368 0.714808 0.715237 0.716642 0.718792 0.721219 0.723228 0.723909 0.722128 0.716454 0.705012 0.685237 0.653598 0.605450 0.535402 0.439327 0.320137 0.196445 0.097464 0.036875 0.007609 -0.000007 -0.000007 -0.000007 -0.000007 -0.000007 -0.000007 0.000004 0.000666 0.001717 0.003028 0.004549 0.006335 0.008465 0.010969 0.013812 0.016943 0.020185 0.023370 0.026317 0.028929 0.031184 0.033087 0.034674 0.035991 0.037082 0.037984 0.038726 0.039328 0.039803 0.040167 0.040437 0.040633 0.040778 0.040892 0.040987 0.041070 0.041144 0.041211 0.041276 0.041341 0.041413 0.041492 0.041582 0.041683 0.041795 0.041917 0.042050 0.042192 0.042344 0.042505 0.042672 0.042843 0.043016 0.043187 0.043355 0.043518 0.043674 0.043826 0.043976 0.044130 0.044293 0.044463 0.044634 0.044786 0.044889 0.044905 0.044798 0.044547 0.044161 0.043709 0.043369 0.043561 0.045268 0.050590
0.050578 0.045202 0.043492 0.043336 0.043733 0.044248 0.044689 0.044983 0.045118 0.045120 0.045029 0.044887 0.044727 0.044570 0.044422 0.044281 0.044141 0.043996 0.043843 0.043680 0.043508 0.043332 0.043154 0.042977 0.042803 0.042636 0.042475 0.042323 0.042180 0.042048 0.041929 0.041823 0.041731 0.041650 0.041575 0.041499 0.041414 0.041310 0.041183 0.041026 0.040834 0.040596 0.040291 0.039898 0.039396 0.038771 0.038014 0.037117 0.036061 0.034819 0.033346 0.031593 0.029504 0.027037 0.024163 0.020881 0.017281 0.013516 0.009878 0.006721 0.004240 0.002367 0.001007 0.000171 -0.000007 -0.000007 -0.000007 -0.000007 -0.000007 -0.000007 -0.000007 -0.000007 -0.000007 0.011172 0.058274 0.157881 0.310640 0.473393 0.605256 0.696979 0.755466 0.790674 0.810998 0.822285 0.828269 0.831263 0.832614 0.833067 0.833025 0.832733 0.832375 0.832102 0.832026 0.832207 0.832644 0.833282 0.834032 0.834790 0.835456 0.835947 0.836207 0.836207 0.835947 0.835456 0.834790 0.834032 0.833282 0.832643 0.832207 0.832026 0.832101 0.832374 0.832732 0.833024 0.833066 0.832614 0.831262 0.828268 0.822283 0.810995 0.790670 0.755461 0.696972 0.605247 0.473383 0.310630 0.157874 0.058270 0.011170 -0.000007 -0.000007 -0.000007 -0.000007 -0.000007 -0.000007 -0.000007 -0.000007 -0.000007 0.000171 0.001007 0.002368 0.004240 0.006721 0.009879 0.013516 0.017281 0.020881 0.024164 0.027038 0.029504 0.031593 0.033346 0.034819 0.036062 0.037117 0.038014 0.038771 0.039396 0.039898 0.040291 0.040595 0.040834 0.041026 0.041182 0.041310 0.041413 0.041499 0.041575 0.041649 0.041730 0.041822 0.041928 0.042048 0.042180 0.042322 0.042475 0.042635 0.042803 0.042976 0.043153 0.043332 0.043508 0.043679 0.043842 0.043996 0.044140 0.044280 0.044421 0.044570 0.044727 0.044887 0.045029 0.045120 0.045118 0.044983 0.044690 0.044249 0.043734 0.043336 0.043492 0.045201 0.050578
0.050657 0.045178 0.043452 0.043335 0.043800 0.044389 0.044893 0.045230 0.045389 0.045398 0.045306 0.045161 0.045001 0.044848 0.044710 0.044581 0.044454 0.044320 0.044173 0.044012 0.043840 0.043659 0.043476 0.043291 0.043109 0.042930 0.042758 0.042593 0.042439 0.042300 0.042178 0.042075 0.041991 0.041917 0.041842 0.041751 0.041626 0.041455 0.041225 0.040927 0.040547 0.040067 0.039465 0.038721 0.037835 0.036819 0.035688 0.034440 0.033048 0.031462 0.029619 0.027450 0.024906 0.021942 0.018561 0.014795 0.010740 0.006827 0.003441 0.000906 -0.000007 -0.000007 -0.000007 -0.000007 -0.000007 -0.000007 -0.000007 -0.000007 -0.000007 -0.000007 -0.000007 -0.000007 0.013455 0.080433 0.219989 0.411307 0.585899 0.708827 0.782632 0.821180 0.837429 0.840481 0.836513 0.829811 0.823215 0.818358 0.815747 0.815101 0.815775 0.817112 0.818616 0.819989 0.821093 0.821890 0.822396 0.822654 0.822719 0.822656 0.822528 0.822400 0.822321 0.822321 0.822400 0.822528 0.822656 0.822720 0.822654 0.822396 0.821890 0.821094 0.819990 0.818617 0.817113 0.815776 0.815102 0.815749 0.818360 0.823216 0.829812 0.836514 0.840481 0.837428 0.821178 0.782628 0.708821 0.585890 0.411297 0.219980 0.080429 0.013453 -0.000007 -0.000007 -0.000007 -0.000007 -0.000007 -0.000007 -0.000007 -0.000007 -0.000007 -0.000007 -0.000007 -0.000007 0.000906 0.003441 0.006827 0.010741 0.014795 0.018561 0.021942 0.024906 0.027450 0.029619 0.031462 0.033048 0.034440 0.035688 0.036819 0.037835 0.038721 0.039464 0.040067 0.040547 0.040926 0.041225 0.041455 0.041626 0.041750 0.041841 0.041916 0.041990 0.042075 0.042177 0.042299 0.042439 0.042593 0.042757 0.042930 0.043108 0.043291 0.043475 0.043659 0.043839 0.044011 0.044172 0.044319 0.044454 0.044581 0.044709 0.044848 0.045000 0.045160 0.045306 0.045398 0.045389 0.045230 0.044893 0.044390 0.043801 0.043335 0.043452 0.045177 0.050657
0.050819 0.045171 0.043412 0.043341 0.043893 0.044577 0.045163 0.045554 0.045739 0.045749 0.045641 0.045475 0.045297 0.045134 0.044996 0.044875 0.044761 0.044640 0.044504 0.044349 0.044179 0.043996 0.043806 0.043613 0.043419 0.043227 0.043040 0.042864 0.042703 0.042566 0.042456 0.042374 0.042313 0.042256 0.042180 0.042055 0.041853 0.041551 0.041129 0.040568 0.039845 0.038933 0.037814 0.036500 0.035042 0.033508 0.031948 0.030362 0.028691 0.026846 0.024726 0.022264 0.019404 0.016158 0.012525 0.008616 0.004740 0.001284 -0.000007 -0.000007 -0.000007 -0.000007 -0.000007 -0.000007 -0.000007 -0.000007 -0.000007 -0.000007 -0.000007 -0.000007 -0.000007 0.017774 0.108092 0.281612 0.489769 0.658532 0.764973 0.818837 0.836372 0.830006 0.808077 0.777032 0.743211 0.712385 0.688562 0.673440 0.666396 0.665363 0.667930 0.672036 0.676269 0.679839 0.682409 0.683927 0.684499 0.684316 0.683609 0.682625 0.681610 0.680786 0.680326 0.680326 0.680786 0.681611 0.682626 0.683609 0.684317 0.684500 0.683929 0.682411 0.679841 0.676272 0.672039 0.667933 0.665367 0.666401 0.673445 0.688567 0.712390 0.743215 0.777035 0.808080 0.830007 0.836372 0.818835 0.764969 0.658525 0.489760 0.281604 0.108087 0.017772 -0.000007 -0.000007 -0.000007 -0.000007 -0.000007 -0.000007 -0.000007 -0.000007 -0.000007 -0.000007 -0.000007 -0.000007 -0.000007 0.001284 0.004741 0.008616 0.012526 0.016159 0.019404 0.022264 0.024727 0.026846 0.028692 0.030362 0.031948 0.033508 0.035042 0.036500 0.037814 0.038933 0.039845 0.040568 0.041129 0.041551 0.041853 0.042054 0.042179 0.042256 0.042312 0.042374 0.042455 0.042565 0.042703 0.042863 0.043040 0.043226 0.043418 0.043612 0.043806 0.043996 0.044179 0.044349 0.044503 0.044639 0.044760 0.044875 0.044995 0.045134 0.045296 0.045475 0.045641 0.045749 0.045739 0.045555 0.045163 0.044578 0.043894 0.043341 0.043412 0.045171 0.050819
0.051027 0.045126 0.043312 0.043298 0.043966 0.044781 0.045482 0.045956 0.046183 0.046197 0.046065 0.045859 0.045640 0.045445 0.045288 0.045164 0.045058 0.044952 0.044830 0.044688 0.044523 0.044341 0.044145 0.043941 0.043733 0.043527 0.043329 0.043148 0.042996 0.042882 0.042810 0.042774 0.042755 0.042719 0.042622 0.042418 0.042063 0.041521 0.040757 0.039742 0.038438 0.036820 0.034898 0.032760 0.030558 0.028450 0.026516 0.024724 0.022945 0.021019 0.018817 0.016259 0.013356 0.010112 0.006695 0.003190 0.000033 -0.000007 -0.000007 -0.000007 -0.000007 -0.000007 -0.000007 -0.000007 -0.000007 -0.000007 -0.000007 -0.000007 -0.000007 -0.000007 0.041042 0.161448 0.353379 0.555164 0.706273 0.793458 0.827903 0.823504 0.789032 0.730483 0.655503 0.574784 0.500521 0.441946 0.402233 0.380377 0.372357 0.373316 0.378874 0.385816 0.392205 0.397105 0.400232 0.401666 0.401671 0.400598 0.398835 0.396772 0.394788 0.393230 0.392374 0.392374 0.393231 0.394789 0.396773 0.398836 0.400599 0.401672 0.401668 0.400234 0.397107 0.392208 0.385820 0.378879 0.373322 0.372363 0.380384 0.402241 0.441954 0.500530 0.574792 0.655510 0.730488 0.789035 0.823505 0.827902 0.793456 0.706268 0.555157 0.353371 0.161443 0.041039 -0.000007 -0.000007 -0.000007 -0.000007 -0.000007 -0.000007 -0.000007 -0.000007 -0.000007 -0.000007 -0.000007 -0.000007 -0.000007 0.000034 0.003191 0.006696 0.010112 0.013356 0.016259 0.018817 0.021020 0.022945 0.024724 0.026516 0.028450 0.030558 0.032760 0.034898 0.036820 0.038438 0.039741 0.040757 0.041520 0.042063 0.042418 0.042622 0.042718 0.042754 0.042773 0.042809 0.042881 0.042996 0.043148 0.043328 0.043526 0.043732 0.043940 0.044144 0.044340 0.044523 0.044687 0.044830 0.044951 0.045058 0.045164 0.045287 0.045444 0.045639 0.045859 0.046065 0.046197 0.046183 0.045957 0.045482 0.044781 0.043966 0.043299 0.043312 0.045126 0.051027
0.051205 0.044945 0.043048 0.043106 0.043926 0.044922 0.045793 0.046401 0.046709 0.046752 0.046602 0.046345 0.046061 0.045805 0.045604 0.045457 0.045348 0.045252 0.045148 0.045022 0.044869 0.044689 0.044488 0.044273 0.044053 0.043837 0.043640 0.043475 0.043360 0.043303 0.043304 0.043340 0.043371 0.043337 0.043168 0.042795 0.042158 0.041201 0.039878 0.038139 0.035944 0.033289 0.030268 0.027106 0.024117 0.021549 0.019470 0.017747 0.016130 0.014377 0.012339 0.009982 0.007336 0.004593 0.001801 -0.000007 -0.000007 -0.000007 -0.000007 -0.000007 0.006501 0.014962 0.014085 0.004697 -0.000007 -0.000007 -0.000007 0.006373 0.048093 0.130952 0.271445 0.451582 0.622044 0.743617 0.808049 0.822550 0.794417 0.726649 0.623083 0.495141 0.364634 0.252846 0.172759 0.123419 0.097370 0.087286 0.087285 0.092049 0.097961 0.103072 0.106579 0.108397 0.108780 0.108062 0.106565 0.104578 0.102361 0.100153 0.098192 0.096713 0.095916 0.095916 0.096713 0.098192 0.100153 0.102361 0.104578 0.106566 0.108063 0.108781 0.108399 0.106580 0.103074 0.097963 0.092051 0.087288 0.087290 0.097376 0.123425 0.172766 0.252855 0.364643 0.495150 0.623089 0.726653 0.794419 0.822550 0.808048 0.743614 0.622038 0.451575 0.271439 0.130948 0.048090 0.006370 -0.000007 -0.000007 -0.000007 0.004692 0.014078 0.014954 0.006495 -0.000007 -0.000007 -0.000007 -0.000007 -0.000007 0.001801 0.004593 0.007336 0.009983 0.012339 0.014377 0.016131 0.017748 0.019470 0.021549 0.024118 0.027107 0.030268 0.033289 0.035944 0.038139 0.039878 0.041201 0.042157 0.042795 0.043168 0.043337 0.043371 0.043340 0.043303 0.043303 0.043359 0.043475 0.043639 0.043837 0.044052 0.044273 0.044487 0.044688 0.044868 0.045022 0.045148 0.045252 0.045347 0.045456 0.045603 0.045805 0.046061 0.046345 0.046602 0.046752 0.046710 0.046401 0.045794 0.044923 0.043927 0.043107 0.043048 0.044945 0.051205
0.051233 0.044482 0.042468 0.042612 0.043626 0.044864 0.045980 0.046799 0.047263 0.047391 0.047256 0.046957 0.046596 0.046251 0.045971 0.045771 0.045638 0.045543 0.045455 0.045348 0.045210 0.045036 0.044833 0.044611 0.044385 0.044175 0.044001 0.043887 0.043850 0.043895 0.044001 0.044122 0.044182 0.044087 0.043738 0.043046 0.041932 0.040327 0.038163 0.035386 0.031963 0.027974 0.023672 0.019511 0.015971 0.013330 0.011523 0.010231 0.009059 0.007722 0.006127 0.004317 0.002386 0.000453 -0.000007 -0.000007 -0.000007 0.001274 0.036603 0.098313 0.163110 0.203981 0.213520 0.201088 0.183143 0.175780 0.191727 0.240401 0.326921 0.446471 0.579709 0.697862 0.779254 0.816353 0.808787 0.755103 0.652284 0.504490 0.334915 0.182492 0.076202 0.018464 -0.000007 -0.000007 0.000569 0.008768 0.018398 0.025500 0.028919 0.028861 0.026316 0.022487 0.018362 0.014543 0.011283 0.008610 0.006449 0.004713 0.003366 0.002428 0.001942 0.001942 0.002428 0.003366 0.004713 0.006449 0.008609 0.011283 0.014543 0.018362 0.022486 0.026315 0.028860 0.028917 0.025499 0.018397 0.008767 0.000569 -0.000007 -0.000007 0.018468 0.076208 0.182499 0.334924 0.504497 0.652289 0.755106 0.808788 0.816353 0.779252 0.697859 0.579704 0.446465 0.326914 0.240394 0.191719 0.175772 0.183132 0.201074 0.213502 0.203960 0.163088 0.098294 0.036593 0.001269 -0.000007 -0.000007 -0.000007 0.000453 0.002386 0.004317 0.006128 0.007722 0.009060 0.010231 0.011524 0.013330 0.015972 0.019511 0.023673 0.027975 0.031963 0.035386 0.038163 0.040327 0.041932 0.043046 0.043738 0.044086 0.044181 0.044122 0.044001 0.043894 0.043850 0.043886 0.044000 0.044174 0.044385 0.044611 0.044833 0.045036 0.045209 0.045348 0.045454 0.045543 0.045638 0.045771 0.045971 0.046250 0.046595 0.046957 0.047256 0.047391 0.047263 0.046800 0.045980 0.044865 0.043627 0.042612 0.042468 0.044482 0.051233
0.050937 0.043545 0.041373 0.041610 0.042858 0.044404 0.045853 0.046989 0.047718 0.048032 0.047990 0.047696 0.047267 0.046817 0.046426 0.046136 0.045947 0.045831 0.045748 0.045660 0.045539 0.045377 0.045177 0.044957 0.044741 0.044562 0.044450 0.044434 0.044525 0.044708 0.044932 0.045109 0.045119 0.044834 0.044132 0.042907 0.041071 0.038542 0.035249 0.031137 0.026258 0.020823 0.015394 0.010700 0.007324 0.005303 0.004232 0.003625 0.003044 0.002294 0.001402 0.000464 -0.000007 -0.000007 -0.000007 -0.000007 0.009883 0.077419 0.209161 0.351383 0.452125 0.503261 0.517313 0.511074 0.501172 0.502672 0.525826 0.573375 0.639318 0.710545 0.772039 0.811008 0.818572 0.786962 0.706744 0.571091 0.390511 0.205859 0.068236 0.001436 -0.000007 0.004796 0.030522 0.065560 0.101065 0.131023 0.152561 0.164329 0.166952 0.162602 0.153980 0.143660 0.133599 0.124962 0.118161 0.113089 0.109393 0.106707 0.104797 0.103553 0.102935 0.102935 0.103553 0.104796 0.106706 0.109392 0.113088 0.118159 0.124960 0.133597 0.143657 0.153976 0.162598 0.166947 0.164325 0.152556 0.131018 0.101060 0.065556 0.030519 0.004794 -0.000007 0.001438 0.068241 0.205866 0.390518 0.571097 0.706748 0.786964 0.818573 0.811007 0.772037 0.710542 0.639313 0.573368 0.525818 0.502662 0.501160 0.511060 0.517295 0.503239 0.452098 0.351352 0.209133 0.077402 0.009877 -0.000007 -0.000007 -0.000007 -0.000007 0.000464 0.001402 0.002295 0.003045 0.003626 0.004233 0.005303 0.007325 0.010701 0.015395 0.020824 0.026258 0.031137 0.035250 0.038542 0.041071 0.042907 0.044131 0.044833 0.045118 0.045108 0.044932 0.044707 0.044524 0.044433 0.044449 0.044561 0.044741 0.044956 0.045176 0.045376 0.045539 0.045659 0.045748 0.045831 0.045946 0.046135 0.046426 0.046817 0.047267 0.047695 0.047990 0.048032 0.047719 0.046990 0.045854 0.044405 0.042859 0.041610 0.041373 0.043545 0.050938
0.050101 0.041907 0.039529 0.039858 0.041368 0.043279 0.045151 0.046727 0.047866 0.048516 0.048702 0.048511 0.048073 0.047531 0.047008 0.046588 0.046301 0.046132 0.046033 0.045953 0.045849 0.045702 0.045515 0.045313 0.045134 0.045024 0.045023 0.045154 0.045410 0.045739 0.046041 0.046174 0.045977 0.045299 0.044008 0.041999 0.039184 0.035483 0.030838 0.025276 0.018954 0.012486 0.006688 0.002625 0.000750 0.000166 0.000050 0.000022 -0.000007 -0.000007 -0.000007 -0.000007 -0.000007 -0.000007 -0.000007 0.007081 0.090719 0.274686 0.477278 0.618939 0.694973 0.727034 0.735517 0.734341 0.732987 0.738048 0.752438 0.774410 0.798353 0.816634 0.820982 0.801783 0.746970 0.642940 0.483503 0.288845 0.114752 0.015930 -0.000007 0.015464 0.067532 0.143354 0.228230 0.306990 0.368646 0.410546 0.435246 0.446513 0.448008 0.442903 0.433729 0.422622 0.411384 0.401357 0.393302 0.387375 0.383300 0.380656 0.379057 0.378184 0.377805 0.377805 0.378184 0.379056 0.380655 0.383299 0.387373 0.393300 0.401354 0.411381 0.422619 0.433725 0.442898 0.448003 0.446507 0.435239 0.410538 0.368638 0.306982 0.228222 0.143348 0.067528 0.015461 -0.000007 0.015932 0.114757 0.288851 0.483509 0.642944 0.746972 0.801785 0.820983 0.816633 0.798351 0.774407 0.752434 0.738043 0.732980 0.734333 0.735508 0.727022 0.694956 0.618915 0.477246 0.274653 0.090699 0.007076 -0.000007 -0.000007 -0.000007 -0.000007 -0.000007 -0.000007 -0.000006 0.000022 0.000050 0.000166 0.000750 0.002626 0.006689 0.012486 0.018955 0.025277 0.030838 0.035483 0.039184 0.041999 0.044007 0.045299 0.045977 0.046173 0.046040 0.045739 0.045409 0.045153 0.045022 0.045023 0.045134 0.045312 0.045514 0.045701 0.045849 0.045952 0.046033 0.046131 0.046301 0.046587 0.047007 0.047530 0.048073 0.048511 0.048702 0.048516 0.047867 0.046728 0.045152 0.043280 0.041369 0.039859 0.039530 0.041907 0.050102
0.048469 0.039323 0.036700 0.037109 0.038887 0.041196 0.043566 0.045703 0.047416 0.048594 0.049203 0.049287 0.048962 0.048391 0.047747 0.047170 0.046740 0.046470 0.046320 0.046227 0.046132 0.046003 0.045841 0.045681 0.045574 0.045578 0.045732 0.046042 0.046460 0.046878 0.047131 0.047028 0.046385 0.045050 0.042913 0.039886 0.035899 0.030893 0.024885 0.018032 0.010957 0.004392 0.000203 -0.000007 -0.000007 -0.000007 -0.000007 -0.000007 -0.000007 -0.000007 -0.000007 -0.000007 -0.000007 -0.000007 -0.000007 0.074208 0.282010 0.525338 0.694256 0.781367 0.816999 0.827702 0.828832 0.827384 0.825477 0.822926 0.818582 0.810571 0.796704 0.773000 0.731522 0.659460 0.543562 0.381998 0.202850 0.064784 0.006859 0.018195 0.079229 0.181818 0.309471 0.434118 0.533350 0.600100 0.638000 0.655068 0.659903 0.659159 0.656928 0.654858 0.652823 0.650486 0.647921 0.645706 0.644557 0.644977 0.647030 0.650297 0.653975 0.657097 0.658862 0.658862 0.657097 0.653975 0.650297 0.647030 0.644976 0.644556 0.645705 0.647919 0.650484 0.652822 0.654857 0.656926 0.659157 0.659900 0.655064 0.637995 0.600093 0.533342 0.434109 0.309462 0.181811 0.079225 0.018193 0.006859 0.064787 0.202855 0.382003 0.543566 0.659464 0.731526 0.773003 0.796706 0.810572 0.818582 0.822925 0.825475 0.827382 0.828830 0.827698 0.816992 0.781355 0.694235 0.525306 0.281976 0.074190 -0.000007 -0.000007 -0.000007 -0.000007 -0.000007 -0.000007 -0.000007 -0.000007 -0.000007 -0.000007 -0.000007 -0.000007 0.000203 0.004393 0.010958 0.018033 0.024886 0.030893 0.035900 0.039886 0.042913 0.045050 0.046384 0.047028 0.047131 0.046878 0.046460 0.046041 0.045731 0.045577 0.045574 0.045680 0.045841 0.046002 0.046131 0.046226 0.046319 0.046469 0.046739 0.047169 0.047747 0.048391 0.048962 0.049287 0.049203 0.048594 0.047416 0.045703 0.043567 0.041197 0.038887 0.037110 0.036701 0.039324 0.048470
0.045777 0.035579 0.032691 0.033163 0.035188 0.037893 0.040796 0.043584 0.046026 0.047943 0.049219 0.049821 0.049814 0.049355 0.048655 0.047922 0.047310 0.046885 0.046632 0.046489 0.046384 0.046271 0.046150 0.046058 0.046058 0.046210 0.046538 0.047008 0.047508 0.047855 0.047826 0.047201 0.045811 0.043550 0.040356 0.036185 0.030990 0.024788 0.017708 0.010337 0.003452 -0.000007 -0.000007 -0.000007 -0.000007 -0.000007 -0.000007 -0.000007 -0.000007 -0.000007 -0.000007 -0.000007 -0.000007 -0.000007 0.046576 0.253754 0.520139 0.712458 0.810325 0.847066 0.854585 0.852072 0.847925 0.841973 0.828468 0.800153 0.753151 0.691191 0.623951 0.556076 0.479241 0.379777 0.256681 0.135123 0.055570 0.039687 0.086651 0.191742 0.337357 0.486240 0.608899 0.694326 0.743185 0.759640 0.750063 0.724407 0.696057 0.675731 0.667878 0.670573 0.678816 0.688407 0.697364 0.705545 0.714102 0.724627 0.738017 0.753550 0.768848 0.780904 0.787442 0.787442 0.780905 0.768848 0.753551 0.738017 0.724627 0.714103 0.705546 0.697365 0.688409 0.678817 0.670575 0.667881 0.675732 0.696058 0.724407 0.750061 0.759637 0.743181 0.694321 0.608892 0.486232 0.337348 0.191735 0.086646 0.039685 0.055570 0.135125 0.256685 0.379782 0.479248 0.556083 0.623958 0.691197 0.753154 0.800155 0.828469 0.841974 0.847925 0.852072 0.854584 0.847062 0.810315 0.712438 0.520106 0.253718 0.046559 -0.000007 -0.000007 -0.000007 -0.000007 -0.000007 -0.000007 -0.000007 -0.000007 -0.000007 -0.000007 -0.000007 -0.000007 -0.000007 0.003452 0.010337 0.017708 0.024788 0.030991 0.036185 0.040357 0.043550 0.045810 0.047200 0.047825 0.047855 0.047507 0.047007 0.046537 0.046209 0.046058 0.046057 0.046149 0.046271 0.046383 0.046488 0.046631 0.046884 0.047310 0.047922 0.048654 0.049355 0.049814 0.049821 0.049219 0.047943 0.046026 0.043585 0.040797 0.037894 0.035188 0.033163 0.032691 0.035579 0.045778
0.041794 0.030542 0.027415 0.027936 0.030164 0.033218 0.036631 0.040100 0.043373 0.046215 0.048417 0.049835 0.050433 0.050317 0.049707 0.048875 0.048066 0.047430 0.047009 0.046762 0.046613 0.046507 0.046433 0.046429 0.046556 0.046857 0.047318 0.047838 0.048224 0.048220 0.047568 0.046075 0.043645 0.040263 0.035946 0.030699 0.024538 0.017557 0.010239 0.003330 -0.000007 -0.000007 -0.000007 -0.000007 0.002983 -0.000007 -0.000007 -0.000007 -0.000007 -0.000007 -0.000007 -0.000007 -0.000007 0.028280 0.225701 0.493910 0.701693 0.810550 0.849333 0.852482 0.843788 0.836451 0.831681 0.819504 0.782052 0.698216 0.561959 0.405512 0.283384 0.212065 0.165639 0.122767 0.089532 0.083086 0.121260 0.214180 0.351879 0.501885 0.632100 0.727691 0.788018 0.816765 0.814625 0.777704 0.705009 0.612380 0.531284 0.484652 0.473260 0.485786 0.508614 0.533304 0.555523 0.574804 0.594112 0.618609 0.652505 0.694783 0.737875 0.771863 0.790042 0.790042 0.771864 0.737877 0.694785 0.652508 0.618611 0.594114 0.574806 0.555526 0.533307 0.508619 0.485791 0.473266 0.484657 0.531288 0.612383 0.705010 0.777703 0.814623 0.816763 0.788015 0.727687 0.632094 0.501877 0.351870 0.214172 0.121254 0.083083 0.089532 0.122769 0.165644 0.212072 0.283392 0.405521 0.561966 0.698220 0.782055 0.819506 0.831684 0.836454 0.843791 0.852484 0.849331 0.810540 0.701672 0.493874 0.225663 0.028260 -0.000007 -0.000007 -0.000007 -0.000007 -0.000007 -0.000007 -0.000007 -0.000007 0.002976 -0.000007 -0.000007 -0.000007 -0.000007 0.003330 0.010240 0.017558 0.024538 0.030700 0.035947 0.040264 0.043645 0.046075 0.047568 0.048219 0.048223 0.047837 0.047317 0.046857 0.046556 0.046429 0.046432 0.046506 0.046613 0.046761 0.047009 0.047429 0.048065 0.048875 0.049707 0.050317 0.050433 0.049835 0.048417 0.046215 0.043373 0.040101 0.036632 0.033219 0.030165 0.027937 0.027415 0.030542 0.041795
0.036399 0.024255 0.020986 0.021557 0.023922 0.027226 0.031050 0.035132 0.039241 0.043115 0.046462 0.049002 0.050554 0.051106 0.050829 0.050034 0.049060 0.048175 0.047514 0.047090 0.046845 0.046717 0.046684 0.046767 0.047002 0.047388 0.047845 0.048183 0.048127 0.047378 0.045704 0.043012 0.039347 0.034822 0.029537 0.023557 0.016969 0.010115 0.003632 -0.000007 -0.000007 -0.000007 0.016902 0.074600 0.126122 0.123885 0.067750 -0.000007 -0.000007 -0.000007 -0.000007 -0.000007 0.046558 0.235261 0.482405 0.686350 0.798658 0.835640 0.827435 0.802640 0.786141 0.788489 0.796818 0.784719 0.720350 0.565608 0.318208 0.091442 0.006682 0.010109 0.027751 0.066190 0.134107 0.239056 0.373064 0.513554 0.638017 0.733379 0.797433 0.834899 0.851131 0.845176 0.804005 0.703926 0.536224 0.348012 0.220073 0.169990 0.170075 0.194028 0.228377 0.262947 0.292066 0.314867 0.336574 0.368891 0.425969 0.511610 0.607909 0.685882 0.727119 0.727120 0.685885 0.607913 0.511614 0.425973 0.368894 0.336577 0.314870 0.292070 0.262951 0.228382 0.194034 0.170081 0.169996 0.220078 0.348015 0.536224 0.703925 0.804004 0.845176 0.851130 0.834897 0.797431 0.733375 0.638012 0.513546 0.373056 0.239048 0.134101 0.066187 0.027751 0.010110 0.006685 0.091448 0.318214 0.565612 0.720353 0.784721 0.796821 0.788495 0.786150 0.802649 0.827441 0.835640 0.798648 0.686326 0.482366 0.235218 0.046530 -0.000007 -0.000007 -0.000007 -0.000007 -0.000007 0.067733 0.123864 0.126101 0.074584 0.016895 -0.000007 -0.000007 -0.000007 0.003632 0.010116 0.016970 0.023558 0.029538 0.034823 0.039348 0.043013 0.045704 0.047378 0.048127 0.048183 0.047844 0.047388 0.047001 0.046766 0.046683 0.046717 0.046845 0.047089 0.047513 0.048174 0.049060 0.050033 0.050829 0.051105 0.050554 0.049001 0.046461 0.043115 0.039241 0.035132 0.031051 0.027227 0.023923 0.021558 0.020986 0.024256 0.036400
0.029692 0.017047 0.013824 0.014467 0.016875 0.020270 0.024301 0.028807 0.033619 0.038496 0.043094 0.047009 0.049873 0.051484 0.051887 0.051364 0.050333 0.049197 0.048230 0.047544 0.047130 0.046930 0.046901 0.047028 0.047289 0.047606 0.047803 0.047597 0.046659 0.044714 0.041649 0.037556 0.032670 0.027234 0.021421 0.015337 0.009237 0.003573 -0.000007 -0.000007 -0.000007 0.021726 0.121598 0.265425 0.360076 0.362677 0.283881 0.169128 0.075310 0.036799 0.058843 0.148725 0.314604 0.517496 0.690016 0.790339 0.819355 0.791051 0.726881 0.667745 0.661269 0.709052 0.757645 0.760495 0.687579 0.501436 0.215256 -0.000007 -0.000007 -0.000007 0.071868 0.194626 0.346951 0.499094 0.626458 0.720073 0.782151 0.819772 0.840868 0.851474 0.852370 0.833290 0.764716 0.597613 0.323838 0.075685 -0.000007 -0.000007 -0.000007 0.026412 0.060800 0.092167 0.114294 0.125440 0.131309 0.147620 0.201128 0.313997 0.463970 0.591178 0.657862 0.657863 0.591182 0.463976 0.314002 0.201132 0.147621 0.131309 0.125440 0.114295 0.092168 0.060801 0.026414 -0.000007 -0.000007 -0.000007 0.075686 0.323835 0.597609 0.764714 0.833290 0.852371 0.851475 0.840868 0.819772 0.782150 0.720071 0.626453 0.499088 0.346943 0.194618 0.071863 -0.000007 -0.000007 -0.000007 0.215255 0.501436 0.687579 0.760495 0.757647 0.709059 0.661283 0.667765 0.726899 0.791061 0.819356 0.790329 0.689991 0.517456 0.314557 0.148683 0.058809 0.036769 0.075281 0.169096 0.283850 0.362647 0.360046 0.265397 0.121578 0.021719 -0.000007 -0.000007 -0.000007 0.003573 0.009238 0.015338 0.021422 0.027235 0.032670 0.037556 0.041649 0.044714 0.046659 0.047597 0.047802 0.047606 0.047288 0.047027 0.046901 0.046929 0.047129 0.047544 0.048230 0.049196 0.050332 0.051364 0.051886 0.051484 0.049873 0.047009 0.043094 0.038496 0.033619 0.028807 0.024302 0.020270 0.016875 0.014467 0.013824 0.017047 0.029693
0.022095 0.009659 0.006785 0.007519 0.009822 0.013028 0.016950 0.021554 0.026769 0.032434 0.038220 0.043629 0.048099 0.051177 0.052682 0.052773 0.051890 0.050567 0.049257 0.048223 0.047546 0.047195 0.047096 0.047168 0.047295 0.047285 0.046849 0.045638 0.043333 0.039789 0.035121 0.029681 0.023899 0.018108 0.012504 0.007264 0.002634 -0.000007 -0.000007 -0.000007 0.005864 0.101923 0.304218 0.494937 0.593250 0.599970 0.540210 0.445904 0.361787 0.329894 0.370638 0.474536 0.606730 0.723563 0.794883 0.809568 0.763597 0.658350 0.523198 0.440395 0.494218 0.635597 0.738289 0.763156 0.707913 0.559154 0.335790 0.151649 0.097168 0.155640 0.274208 0.420393 0.557860 0.663383 0.730928 0.765600 0.777757 0.780515 0.786322 0.800400 0.815091 0.807880 0.738180 0.545520 0.225066 -0.000007 -0.000007 0.000104 0.029267 0.078104 0.128735 0.168024 0.187915 0.187972 0.176322 0.170917 0.201629 0.299227 0.446226 0.575204 0.643408 0.643409 0.575207 0.446231 0.299230 0.201630 0.170916 0.176319 0.187969 0.187912 0.168021 0.128733 0.078103 0.029266 0.000104 -0.000007 -0.000007 0.225056 0.545512 0.738177 0.807880 0.815094 0.800405 0.786327 0.780520 0.777761 0.765602 0.730929 0.663382 0.557856 0.420385 0.274199 0.155630 0.097158 0.151638 0.335782 0.559150 0.707911 0.763155 0.738288 0.635597 0.494227 0.440418 0.523227 0.658374 0.763610 0.809571 0.794874 0.723541 0.606694 0.474490 0.370588 0.329845 0.361743 0.445868 0.540182 0.599946 0.593226 0.494910 0.304190 0.101906 0.005860 -0.000007 -0.000007 -0.000007 0.002635 0.007265 0.012505 0.018109 0.023900 0.029682 0.035122 0.039789 0.043333 0.045638 0.046849 0.047284 0.047294 0.047168 0.047096 0.047194 0.047546 0.048223 0.049257 0.050567 0.051889 0.052773 0.052681 0.051177 0.048098 0.043628 0.038219 0.032433 0.026769 0.021554 0.016950 0.013028 0.009822 0.007519 0.006785 0.009658 0.022096
0.014415 0.003387 0.001296 0.002098 0.003886 0.006478 0.009862 0.014089 0.019222 0.025256 0.031947 0.038775 0.045005 0.049898 0.052953 0.054093 0.053675 0.052325 0.050692 0.049244 0.048205 0.047596 0.047310 0.047170 0.046924 0.046241 0.044728 0.042022 0.037928 0.032563 0.026386 0.020030 0.014075 0.008859 0.004487 0.001108 -0.000007 -0.000007 -0.000007 -0.000007 0.048659 0.249195 0.501618 0.671333 0.742804 0.749328 0.719022 0.673258 0.635867 0.629009 0.659627 0.714090 0.768812 0.801845 0.796452 0.737673 0.613634 0.436863 0.281515 0.262174 0.422094 0.630002 0.753427 0.788632 0.760444 0.678517 0.559423 0.449099 0.403804 0.428718 0.494212 0.564503 0.620617 0.654421 0.663042 0.647585 0.616874 0.592276 0.602662 0.658607 0.732350 0.775043 0.743574 0.598019 0.339412 0.108619 0.064359 0.126775 0.221241 0.320210 0.401025 0.451985 0.473218 0.470666 0.454351 0.440416 0.450900 0.500745 0.578309 0.650487 0.690892 0.690893 0.650489 0.578311 0.500746 0.450899 0.440413 0.454347 0.470661 0.473214 0.451981 0.401021 0.320206 0.221237 0.126772 0.064354 0.108606 0.339398 0.598009 0.743571 0.775044 0.732355 0.658617 0.602674 0.592288 0.616885 0.647594 0.663049 0.654427 0.620621 0.564502 0.494207 0.428708 0.403791 0.449087 0.559414 0.678513 0.760442 0.788630 0.753422 0.629992 0.422083 0.262178 0.281538 0.436896 0.613663 0.737691 0.796459 0.801842 0.768798 0.714066 0.659596 0.628975 0.635836 0.673234 0.719005 0.749314 0.742790 0.671314 0.501592 0.249169 0.048647 -0.000007 -0.000007 -0.000007 -0.000007 0.001108 0.004488 0.008860 0.014076 0.020031 0.026387 0.032564 0.037929 0.042023 0.044728 0.046240 0.046924 0.047169 0.047310 0.047595 0.048205 0.049244 0.050691 0.052325 0.053674 0.054093 0.052952 0.049897 0.045004 0.038774 0.031947 0.025256 0.019221 0.014088 0.009862 0.006478 0.003886 0.002098 0.001296 0.003387 0.014416
0.008137 -0.000007 -0.000007 -0.000007 0.000273 0.001806 0.004079 0.007307 0.011721 0.017498 0.024582 0.032525 0.040461 0.047370 0.052382 0.055057 0.055536 0.054441 0.052599 0.050724 0.049239 0.048253 0.047632 0.047076 0.046170 0.044429 0.041393 0.036778 0.030658 0.023569 0.016411 0.010084 0.005105 0.001640 -0.000005 -0.000007 -0.000007 -0.000007 -0.000007 0.004240 0.161761 0.433104 0.655854 0.771383 0.811550 0.814666 0.802816 0.787004 0.774568 0.770279 0.773063 0.776308 0.770912 0.743338 0.675237 0.550137 0.376198 0.217564 0.164449 0.269752 0.496061 0.691363 0.790737 0.819609 0.809855 0.777477 0.731732 0.685352 0.648570 0.617537 0.581726 0.538705 0.497144 0.461678 0.423356 0.371723 0.310336 0.264955 0.285090 0.413625 0.600486 0.736298 0.771545 0.710918 0.578697 0.442514 0.390719 0.444612 0.540930 0.627712 0.687146 0.719940 0.731917 0.728925 0.716440 0.701269 0.691743 0.693813 0.706490 0.722238 0.732460 0.732460 0.722238 0.706490 0.693812 0.691742 0.701267 0.716437 0.728923 0.731914 0.719937 0.687144 0.627708 0.540925 0.444605 0.390709 0.442501 0.578685 0.710911 0.771543 0.736301 0.600495 0.413640 0.285107 0.264970 0.310350 0.371736 0.423369 0.461691 0.497155 0.538712 0.581728 0.617533 0.648564 0.685345 0.731727 0.777474 0.809853 0.819607 0.790731 0.691349 0.496037 0.269732 0.164450 0.217586 0.376234 0.550171 0.675263 0.743355 0.770922 0.776310 0.773057 0.770268 0.774556 0.786994 0.802809 0.814660 0.811544 0.771373 0.655835 0.433075 0.161736 0.004232 -0.000007 -0.000007 -0.000007 -0.000007 -0.000005 0.001641 0.005106 0.010085 0.016412 0.023570 0.030659 0.036778 0.041393 0.044428 0.046169 0.047076 0.047631 0.048252 0.049238 0.050723 0.052599 0.054441 0.055535 0.055056 0.052382 0.047369 0.040459 0.032524 0.024581 0.017497 0.011721 0.007306 0.004079 0.001806 0.000273 -0.000007 -0.000007 -0.000007 0.008137
0.003979 -0.000007 -0.000007 -0.000007 -0.000007 -0.000007 0.000470 0.002197 0.005126 0.009823 0.016589 0.025098 0.034422 0.043346 0.050603 0.055297 0.057194 0.056776 0.054971 0.052750 0.050786 0.049323 0.048214 0.047028 0.045170 0.042014 0.037093 0.030328 0.022208 0.013981 0.006926 0.002078 0.000012 -0.000007 -0.000007 -0.000007 -0.000007 -0.000007 -0.000007 0.093717 0.349496 0.603365 0.754555 0.816853 0.832411 0.830568 0.823761 0.811964 0.789547 0.752193 0.701132 0.645067 0.588597 0.520829 0.419466 0.286461 0.165619 0.115911 0.185766 0.396249 0.626347 0.768352 0.828545 0.844342 0.841954 0.832828 0.819242 0.796625 0.751203 0.660218 0.515159 0.350975 0.230102 0.168195 0.131481 0.092668 0.051057 0.018617 0.027751 0.172495 0.469646 0.705726 0.800761 0.803887 0.763844 0.718024 0.699853 0.719718 0.759528 0.795789 0.819288 0.830871 0.833456 0.828581 0.816367 0.796905 0.771617 0.743789 0.718076 0.698905 0.688889 0.688889 0.698905 0.718076 0.743788 0.771616 0.796904 0.816366 0.828580 0.833456 0.830871 0.819288 0.795788 0.759526 0.719715 0.699847 0.718018 0.763838 0.803884 0.800761 0.705730 0.469655 0.172507 0.027759 0.018623 0.051064 0.092676 0.131490 0.168206 0.230115 0.350988 0.515167 0.660220 0.751201 0.796622 0.819240 0.832827 0.841953 0.844340 0.828541 0.768341 0.626323 0.396218 0.185748 0.115915 0.165640 0.286495 0.419506 0.520867 0.588632 0.645097 0.701152 0.752204 0.789551 0.811964 0.823759 0.830567 0.832409 0.816848 0.754543 0.603341 0.349463 0.093693 -0.000007 -0.000007 -0.000007 -0.000007 -0.000007 -0.000007 0.000012 0.002079 0.006927 0.013982 0.022209 0.030329 0.037093 0.042014 0.045169 0.047027 0.048214 0.049323 0.050786 0.052749 0.054971 0.056776 0.057194 0.055297 0.050602 0.043345 0.034421 0.025097 0.016587 0.009822 0.005125 0.002197 0.000470 -0.000007 -0.000007 -0.000007 -0.000007 -0.000007 0.003979
0.000787 -0.000007 -0.000007 -0.000007 -0.000007 -0.000007 -0.000007 -0.000007 0.000404 0.003184 0.008667 0.016821 0.026953 0.037626 0.047246 0.054371 0.058259 0.059063 0.057696 0.055347 0.052967 0.050983 0.049266 0.047265 0.044216 0.039385 0.032364 0.023415 0.013764 0.005325 0.000408 -0.000007 -0.000007 -0.000007 -0.000007 -0.000007 -0.000007 -0.000007 0.064263 0.296978 0.556477 0.730896 0.811226 0.834308 0.833051 0.825325 0.813293 0.784151 0.715592 0.594568 0.444799 0.322370 0.265322 0.224027 0.165235 0.100793 0.065280 0.104749 0.283994 0.548917 0.737399 0.825532 0.854845 0.860159 0.859336 0.857986 0.853082 0.832274 0.767914 0.615878 0.362721 0.118150 0.011661 0.000036 -0.000007 -0.000007 -0.000007 -0.000007 -0.000007 0.116211 0.442848 0.709199 0.821476 0.847345 0.840394 0.825118 0.812495 0.806423 0.805445 0.805984 0.806422 0.806766 0.805412 0.798128 0.779394 0.744950 0.694641 0.634423 0.575477 0.529778 0.505343 0.505342 0.529777 0.575475 0.634421 0.694640 0.744949 0.779393 0.798129 0.805414 0.806768 0.806424 0.805986 0.805447 0.806423 0.812495 0.825117 0.840393 0.847345 0.821477 0.709201 0.442851 0.116212 -0.000007 -0.000007 -0.000007 -0.000007 -0.000007 0.000037 0.011668 0.118160 0.362730 0.615882 0.767915 0.832274 0.853081 0.857985 0.859336 0.860159 0.854843 0.825525 0.737381 0.548886 0.283963 0.104739 0.065286 0.100810 0.165261 0.224059 0.265360 0.322416 0.444843 0.594599 0.715608 0.784158 0.813295 0.825325 0.833051 0.834306 0.811219 0.730880 0.556447 0.296941 0.064239 -0.000007 -0.000007 -0.000007 -0.000007 -0.000007 -0.000007 -0.000007 0.000409 0.005326 0.013765 0.023416 0.032365 0.039385 0.044216 0.047265 0.049265 0.050983 0.052967 0.055346 0.057696 0.059062 0.058258 0.054370 0.047244 0.037625 0.026951 0.016819 0.008666 0.003183 0.000403 -0.000007 -0.000007 -0.000007 -0.000007 -0.000007 -0.000007 -0.000007 0.000787
0.000000 -0.000007 -0.000007 -0.000007 -0.000007 -0.000007 -0.000007 -0.000007 -0.000007 -0.000007 0.001764 0.008447 0.018296 0.030189 0.042049 0.051890 0.058299 0.060946 0.060560 0.058453 0.055848 0.053390 0.051010 0.048074 0.043684 0.037049 0.027893 0.016888 0.006360 0.000024 -0.000007 -0.000007 -0.000007 -0.000007 -0.000007 -0.000007 -0.000007 0.073531 0.289003 0.539045 0.722012 0.814385 0.844712 0.843936 0.832540 0.818982 0.796796 0.740290 0.606520 0.374730 0.138344 0.047945 0.050504 0.049693 0.033172 0.016547 0.032961 0.156700 0.428012 0.676657 0.808492 0.856474 0.866341 0.864379 0.861946 0.861171 0.856730 0.832845 0.754965 0.567712 0.263394 0.015045 -0.000007 -0.000007 -0.000007 0.004047 0.014770 0.035039 0.096011 0.278953 0.553028 0.750416 0.834139 0.851439 0.839125 0.811721 0.774804 0.733656 0.695637 0.667523 0.653594 0.653230 0.657914 0.653176 0.624400 0.563738 0.476236 0.380432 0.298633 0.243989 0.217988 0.217987 0.243988 0.298631 0.380429 0.476234 0.563737 0.624400 0.653178 0.657918 0.653236 0.653600 0.667528 0.695642 0.733659 0.774807 0.811722 0.839126 0.851440 0.834140 0.750417 0.553026 0.278945 0.096003 0.035032 0.014764 0.004043 -0.000007 -0.000007 -0.000007 0.015045 0.263394 0.567714 0.754966 0.832846 0.856732 0.861172 0.861947 0.864381 0.866341 0.856471 0.808481 0.676632 0.427975 0.156674 0.032957 0.016553 0.033183 0.049706 0.050519 0.047964 0.138381 0.374766 0.606541 0.740299 0.796799 0.818982 0.832540 0.843935 0.844708 0.814375 0.721991 0.539010 0.288961 0.073500 -0.000007 -0.000007 -0.000007 -0.000007 -0.000007 -0.000007 -0.000007 0.000024 0.006361 0.016889 0.027893 0.037049 0.043684 0.048074 0.051010 0.053390 0.055848 0.058453 0.060560 0.060946 0.058299 0.051889 0.042048 0.030188 0.018294 0.008446 0.001763 -0.000007 -0.000007 -0.000007 -0.000007 -0.000007 -0.000007 -0.000007 -0.000007 -0.000007 0.000000
0.000000 -0.000007 -0.000007 -0.000007 -0.000007 -0.000007 -0.000007 -0.000007 -0.000007 -0.000007 -0.000007 0.000821 0.009258 0.021329 0.035117 0.047723 0.057041 0.062104 0.063298 0.061924 0.059411 0.056623 0.053590 0.049648 0.043831 0.035363 0.024153 0.011402 0.000240 -0.000007 -0.000007 -0.000007 -0.000007 -0.000007 0.010175 0.045514 0.143390 0.329666 0.552382 0.728311 0.826920 0.865429 0.869307 0.857699 0.841853 0.824378 0.794740 0.721420 0.552030 0.270429 0.018216 -0.000007 -0.000007 -0.000007 -0.000007 -0.000007 0.076344 0.304726 0.583425 0.766292 0.844624 0.863226 0.856063 0.841069 0.828303 0.822255 0.818420 0.798959 0.729746 0.566460 0.313827 0.107206 0.049869 0.075444 0.111459 0.146035 0.186869 0.252912 0.371795 0.541625 0.700884 0.801290 0.837111 0.825488 0.778009 0.700255 0.603367 0.505545 0.425928 0.375557 0.358544 0.372387 0.400796 0.415539 0.389676 0.314998 0.211830 0.118020 0.058386 0.030716 0.021428 0.021428 0.030715 0.058384 0.118017 0.211826 0.314995 0.389676 0.415543 0.400803 0.372395 0.358553 0.375565 0.425936 0.505552 0.603372 0.700258 0.778011 0.825489 0.837111 0.801289 0.700880 0.541615 0.371779 0.252893 0.186851 0.146018 0.111444 0.075429 0.049854 0.107191 0.313817 0.566458 0.729748 0.798964 0.818427 0.822263 0.828310 0.841075 0.856067 0.863227 0.844619 0.766276 0.583392 0.304684 0.076321 -0.000007 -0.000007 -0.000007 -0.000007 -0.000007 0.018228 0.270448 0.552044 0.721426 0.794741 0.824378 0.841852 0.857697 0.869305 0.865424 0.826909 0.728288 0.552344 0.329619 0.143350 0.045486 0.010156 -0.000007 -0.000007 -0.000007 -0.000007 -0.000007 0.000240 0.011403 0.024154 0.035363 0.043831 0.049648 0.053590 0.056623 0.059411 0.061924 0.063297 0.062103 0.057039 0.047721 0.035115 0.021327 0.009256 0.000819 -0.000007 -0.000007 -0.000007 -0.000007 -0.000007 -0.000007 -0.000007 -0.000007 -0.000007 -0.000007 0.000000
0.000000 -0.000007 -0.000007 -0.000007 -0.000007 0.003889 0.015622 0.021541 0.014673 0.001356 -0.000007 -0.000007 0.000786 0.012210 0.027150 0.042284 0.054583 0.062412 0.065695 0.065568 0.063533 0.060617 0.056962 0.051940 0.044625 0.034387 0.021463 0.007657 -0.000007 -0.000007 -0.000007 0.029166 0.088031 0.150069 0.211092 0.296741 0.429154 0.591782 0.735577 0.829474 0.875211 0.889048 0.885916 0.874993 0.860863 0.843744 0.814543 0.747444 0.600637 0.359432 0.117252 -0.000007 -0.000007 -0.000007 0.012216 0.092344 0.268591 0.511906 0.711737 0.818948 0.852878 0.842172 0.803224 0.749142 0.700843 0.679305 0.684943 0.692726 0.668565 0.588507 0.466290 0.362277 0.330241 0.357204 0.404072 0.451162 0.502644 0.569470 0.653434 0.738023 0.802333 0.833277 0.824138 0.765970 0.649383 0.483609 0.313219 0.184845 0.110544 0.076240 0.073904 0.107547 0.167502 0.219504 0.225742 0.177039 0.104727 0.052263 0.033010 0.033429 0.037988 0.037988 0.033429 0.033009 0.052261 0.104723 0.177035 0.225741 0.219506 0.167508 0.107554 0.073910 0.076246 0.110550 0.184851 0.313225 0.483612 0.649384 0.765971 0.824138 0.833276 0.802330 0.738016 0.653422 0.569453 0.502624 0.451138 0.404046 0.357178 0.330215 0.362254 0.466278 0.588506 0.668572 0.692739 0.684961 0.679328 0.700866 0.749162 0.803237 0.842179 0.852878 0.818940 0.711715 0.511867 0.268548 0.092314 0.012199 -0.000007 -0.000007 -0.000007 0.117242 0.359430 0.600639 0.747445 0.814542 0.843743 0.860861 0.874992 0.885916 0.889047 0.875208 0.829464 0.735555 0.591745 0.429107 0.296692 0.211049 0.150035 0.088008 0.029153 -0.000007 -0.000007 -0.000007 0.007657 0.021463 0.034387 0.044625 0.051940 0.056962 0.060616 0.063532 0.065567 0.065694 0.062411 0.054582 0.042283 0.027148 0.012208 0.000785 -0.000007 -0.000007 0.001360 0.014681 0.021549 0.015629 0.003893 -0.000007 -0.000007 -0.000007 -0.000007 0.000000
0.000000 -0.000007 -0.000007 -0.000007 0.017767 0.061927 0.115261 0.142600 0.122093 0.069000 0.021284 -0.000007 -0.000007 0.004993 0.019911 0.036731 0.051544 0.062057 0.067673 0.069189 0.067986 0.065120 0.060808 0.054513 0.045478 0.033410 0.019101 0.005304 -0.000007 0.004525 0.053019 0.165441 0.299231 0.406026 0.487273 0.566984 0.655192 0.739285 0.800949 0.834461 0.849445 0.859760 0.870422 0.877119 0.876115 0.867021 0.846284 0.800576 0.707268 0.553878 0.370737 0.231713 0.169061 0.172795 0.234996 0.358381 0.526535 0.686327 0.793663 0.841080 0.837707 0.785121 0.679570 0.538063 0.419394 0.378221 0.411849 0.475126 0.530738 0.564097 0.580446 0.595989 0.621944 0.654884 0.686185 0.713333 0.740286 0.770975 0.803544 0.831390 0.846824 0.839860 0.790886 0.668769 0.457559 0.216912 0.051893 -0.000007 -0.000007 -0.000007 0.002198 0.050200 0.137423 0.230483 0.283136 0.280770 0.249484 0.225576 0.223537 0.235074 0.245521 0.245521 0.235074 0.223536 0.225573 0.249479 0.280766 0.283135 0.230484 0.137426 0.050202 0.002198 -0.000007 -0.000007 -0.000007 0.051896 0.216913 0.457557 0.668767 0.790885 0.839859 0.846822 0.831387 0.803538 0.770967 0.740275 0.713319 0.686168 0.654867 0.621927 0.595976 0.580441 0.564102 0.530752 0.475147 0.411878 0.378258 0.419436 0.538101 0.679595 0.785134 0.837712 0.841078 0.793652 0.686303 0.526498 0.358338 0.234957 0.172763 0.169032 0.231687 0.370717 0.553867 0.707264 0.800574 0.846283 0.867020 0.876115 0.877120 0.870426 0.859767 0.849452 0.834465 0.800944 0.739267 0.655163 0.566946 0.487232 0.405986 0.299195 0.165415 0.053005 0.004520 -0.000007 0.005304 0.019100 0.033410 0.045477 0.054513 0.060808 0.065119 0.067985 0.069189 0.067673 0.062056 0.051543 0.036729 0.019910 0.004992 -0.000007 -0.000007 0.021292 0.069017 0.122118 0.142628 0.115287 0.061944 0.017775 -0.000007 -0.000007 -0.000007 0.000000
0.000000 -0.000007 -0.000007 0.018884 0.091719 0.212948 0.327606 0.378201 0.343964 0.238510 0.114979 0.034517 0.004995 0.003906 0.015866 0.032667 0.048857 0.061456 0.069286 0.072616 0.072470 0.069735 0.064609 0.056667 0.045450 0.031216 0.015632 0.002583 0.001800 0.039840 0.164704 0.358366 0.524582 0.626973 0.686343 0.727285 0.755630 0.762634 0.740656 0.699790 0.674764 0.700552 0.764499 0.823543 0.859362 0.872279 0.866661 0.841889 0.790498 0.706078 0.600753 0.509053 0.463695 0.475464 0.535718 0.623715 0.715350 0.789167 0.833082 0.842625 0.806719 0.696602 0.490413 0.247475 0.095859 0.080212 0.129856 0.212445 0.320413 0.445702 0.573109 0.681378 0.757320 0.801239 0.822406 0.831928 0.838355 0.845688 0.853616 0.858888 0.854995 0.826637 0.740236 0.549083 0.263718 0.032655 -0.000007 -0.000007 0.009250 0.049022 0.113448 0.212251 0.339743 0.456258 0.528034 0.554140 0.554406 0.551000 0.555460 0.565817 0.573967 0.573967 0.565817 0.555458 0.550998 0.554403 0.554137 0.528033 0.456258 0.339743 0.212251 0.113446 0.049020 0.009249 -0.000007 -0.000007 0.032653 0.263713 0.549078 0.740234 0.826636 0.854995 0.858888 0.853615 0.845685 0.838352 0.831923 0.822400 0.801233 0.757316 0.681378 0.573114 0.445714 0.320429 0.212463 0.129873 0.080232 0.095891 0.247518 0.490448 0.696621 0.806727 0.842626 0.833078 0.789155 0.715330 0.623686 0.535684 0.475431 0.463667 0.509032 0.600740 0.706073 0.790496 0.841889 0.866661 0.872281 0.859366 0.823551 0.764514 0.700575 0.674792 0.699813 0.740668 0.762634 0.755619 0.727266 0.686319 0.626945 0.524551 0.358335 0.164683 0.039830 0.001796 0.002581 0.015631 0.031216 0.045450 0.056666 0.064609 0.069734 0.072469 0.072616 0.069285 0.061455 0.048856 0.032666 0.015866 0.003906 0.004997 0.034525 0.114998 0.238540 0.344001 0.378242 0.327648 0.212984 0.091741 0.018892 -0.000007 -0.000007 0.000000
0.000000 -0.000007 0.005559 0.078583 0.238833 0.429854 0.565842 0.616436 0.579244 0.453994 0.270174 0.110493 0.031615 0.011167 0.016702 0.031161 0.047201 0.060967 0.070595 0.075675 0.076655 0.074042 0.067882 0.057850 0.043894 0.027014 0.009967 -0.000007 0.012713 0.100124 0.306328 0.533454 0.681169 0.751818 0.780464 0.786329 0.764196 0.691687 0.555332 0.395353 0.314608 0.375831 0.512525 0.659952 0.766959 0.824110 0.842162 0.830747 0.793424 0.734178 0.670052 0.630808 0.634937 0.675071 0.727050 0.773254 0.808919 0.833617 0.845244 0.834929 0.775846 0.614400 0.322637 0.047508 -0.000007 -0.000007 0.013409 0.056741 0.129254 0.252051 0.431853 0.618180 0.755249 0.828991 0.857021 0.862424 0.860873 0.859207 0.858191 0.854759 0.840819 0.796271 0.679678 0.445612 0.150669 -0.000007 0.001383 0.048322 0.134751 0.250293 0.384064 0.516307 0.626643 0.704250 0.749316 0.769884 0.777089 0.780241 0.784118 0.788874 0.792221 0.792221 0.788873 0.784118 0.780240 0.777087 0.769883 0.749316 0.704249 0.626643 0.516306 0.384062 0.250290 0.134748 0.048319 0.001383 -0.000007 0.150659 0.445604 0.679675 0.796272 0.840821 0.854761 0.858192 0.859207 0.860873 0.862423 0.857020 0.828991 0.755253 0.618189 0.431868 0.252066 0.129266 0.056749 0.013413 -0.000007 -0.000007 0.047530 0.322665 0.614417 0.775853 0.834932 0.845244 0.833614 0.808911 0.773241 0.727034 0.675054 0.634925 0.630805 0.670056 0.734186 0.793432 0.830754 0.842169 0.824118 0.766971 0.659970 0.512549 0.375859 0.314643 0.395393 0.555361 0.691701 0.764197 0.786322 0.780454 0.751803 0.681150 0.533430 0.306305 0.100110 0.012707 -0.000007 0.009965 0.027013 0.043893 0.057849 0.067881 0.074042 0.076654 0.075674 0.070594 0.060966 0.047200 0.031161 0.016702 0.011169 0.031620 0.110505 0.270196 0.454022 0.579273 0.616467 0.565878 0.429896 0.238870 0.078602 0.005565 -0.000007 0.000000
0.000000 -0.000007 0.037131 0.187559 0.421126 0.619568 0.730038 0.763806 0.729305 0.613243 0.413578 0.199847 0.069847 0.025583 0.021569 0.032034 0.046638 0.060668 0.071554 0.078158 0.080229 0.077739 0.070462 0.058154 0.041255 0.021674 0.003827 -0.000007 0.035783 0.188074 0.444522 0.655284 0.763894 0.803684 0.810102 0.792727 0.731966 0.585445 0.337698 0.107078 0.056189 0.111472 0.224583 0.389554 0.563156 0.681945 0.730948 0.722460 0.669680 0.592319 0.531273 0.538762 0.620345 0.722719 0.794514 0.828501 0.841043 0.845209 0.844067 0.827462 0.763291 0.591328 0.284737 0.012720 -0.000007 -0.000007 -0.000007 0.002924 0.028725 0.083821 0.213017 0.440385 0.662523 0.796876 0.850281 0.861737 0.858585 0.851632 0.841932 0.826251 0.797219 0.736509 0.609661 0.393448 0.162958 0.065421 0.107852 0.229299 0.388890 0.543589 0.663557 0.746242 0.798759 0.828990 0.844177 0.850574 0.852941 0.854241 0.855720 0.857319 0.858390 0.858390 0.857319 0.855720 0.854241 0.852941 0.850574 0.844177 0.828990 0.798759 0.746242 0.663555 0.543586 0.388884 0.229292 0.107844 0.065410 0.162944 0.393440 0.609662 0.736515 0.797225 0.826255 0.841934 0.851633 0.858586 0.861737 0.850282 0.796879 0.662531 0.440401 0.213033 0.083831 0.028731 0.002927 -0.000007 -0.000007 -0.000007 0.012721 0.284744 0.591335 0.763295 0.827464 0.844068 0.845209 0.841042 0.828497 0.794508 0.722713 0.620346 0.538776 0.531297 0.592345 0.669704 0.722480 0.730966 0.681964 0.563176 0.389575 0.224601 0.111485 0.056202 0.107106 0.337732 0.585466 0.731974 0.792728 0.810099 0.803678 0.763884 0.655269 0.444504 0.188059 0.035776 -0.000007 0.003825 0.021673 0.041254 0.058153 0.070461 0.077738 0.080228 0.078157 0.071553 0.060667 0.046637 0.032034 0.021569 0.025584 0.069851 0.199856 0.413591 0.613256 0.729319 0.763821 0.730059 0.619599 0.421166 0.187591 0.037143 -0.000007 0.000000
0.000000 -0.000007 0.095286 0.324789 0.576341 0.737738 0.809553 0.822916 0.784803 0.674787 0.477835 0.250267 0.098885 0.040067 0.027976 0.034068 0.046671 0.060319 0.071947 0.079780 0.082883 0.080660 0.072586 0.058494 0.039384 0.018439 0.002727 0.009513 0.088533 0.305435 0.564153 0.730982 0.801363 0.819452 0.813848 0.785772 0.707571 0.530485 0.251542 0.018472 -0.000007 0.006960 0.067925 0.186639 0.337922 0.471382 0.534682 0.514282 0.425657 0.311372 0.241084 0.287458 0.475060 0.679322 0.795654 0.837389 0.844732 0.842469 0.838453 0.825008 0.775370 0.642231 0.396436 0.127657 -0.000007 -0.000007 -0.000007 -0.000007 -0.000007 0.001582 0.049178 0.232168 0.531722 0.745384 0.834096 0.855620 0.851026 0.833138 0.800968 0.752529 0.690181 0.613405 0.513460 0.391781 0.294168 0.282824 0.373305 0.517033 0.651990 0.748923 0.807866 0.838559 0.850881 0.852179 0.847798 0.841781 0.836896 0.834431 0.834273 0.835307 0.836242 0.836242 0.835307 0.834274 0.834431 0.836896 0.841782 0.847798 0.852180 0.850881 0.838559 0.807865 0.748921 0.651985 0.517023 0.373290 0.282806 0.294152 0.391777 0.513468 0.613420 0.690197 0.752541 0.800975 0.833141 0.851028 0.855621 0.834096 0.745385 0.531727 0.232179 0.049187 0.001585 -0.000007 -0.000007 -0.000007 -0.000007 -0.000007 0.127639 0.396424 0.642228 0.775371 0.825009 0.838454 0.842471 0.844732 0.837388 0.795652 0.679318 0.475061 0.287473 0.241111 0.311405 0.425689 0.514310 0.534706 0.471402 0.337937 0.186648 0.067930 0.006963 -0.000007 0.018483 0.251562 0.530502 0.707579 0.785775 0.813848 0.819450 0.801359 0.730974 0.564141 0.305424 0.088526 0.009509 0.002725 0.018438 0.039383 0.058493 0.072585 0.080659 0.082882 0.079779 0.071945 0.060318 0.046670 0.034068 0.027976 0.040067 0.098884 0.250265 0.477832 0.674785 0.784803 0.822920 0.809562 0.737756 0.576372 0.324825 0.095305 -0.000007 0.000000
0.000000 0.018054 0.179406 0.455609 0.682575 0.797039 0.832792 0.820864 0.762066 0.636443 0.439219 0.233024 0.101952 0.047306 0.032757 0.035862 0.046502 0.059432 0.071359 0.080104 0.084201 0.082603 0.074596 0.060171 0.041025 0.022183 0.015248 0.049426 0.190163 0.442906 0.663582 0.779520 0.819678 0.825260 0.816493 0.790276 0.721928 0.574565 0.345473 0.127765 0.024474 0.020213 0.067167 0.148879 0.250917 0.342527 0.382568 0.345344 0.241051 0.122386 0.059244 0.115900 0.353707 0.627323 0.777980 0.829525 0.837855 0.835053 0.832691 0.827277 0.801815 0.728128 0.581922 0.377893 0.190930 0.074632 0.020192 -0.000007 -0.000007 -0.000007 -0.000007 0.129150 0.455908 0.714310 0.824018 0.851044 0.840006 0.797826 0.715490 0.596297 0.474744 0.394804 0.376307 0.409436 0.475509 0.559818 0.651475 0.734896 0.796485 0.832711 0.847707 0.846961 0.834449 0.813519 0.788490 0.764923 0.747968 0.740167 0.740355 0.744394 0.747775 0.747776 0.744394 0.740356 0.740168 0.747969 0.764924 0.788490 0.813520 0.834449 0.846961 0.847707 0.832710 0.796482 0.734890 0.651464 0.559805 0.475499 0.409438 0.376324 0.394832 0.474773 0.596320 0.715503 0.797832 0.840008 0.851045 0.824017 0.714306 0.455900 0.129143 -0.000007 -0.000007 -0.000007 -0.000007 0.020176 0.074605 0.190895 0.377862 0.581903 0.728120 0.801813 0.827277 0.832692 0.835054 0.837856 0.829525 0.777976 0.627312 0.353691 0.115895 0.059250 0.122398 0.241066 0.345360 0.382580 0.342533 0.250917 0.148874 0.067160 0.020204 0.024464 0.127761 0.345477 0.574572 0.721933 0.790278 0.816493 0.825260 0.819676 0.779517 0.663577 0.442900 0.190158 0.049423 0.015245 0.022181 0.041024 0.060170 0.074594 0.082601 0.084199 0.080103 0.071357 0.059430 0.046501 0.035861 0.032757 0.047305 0.101948 0.233011 0.439200 0.636425 0.762055 0.820859 0.832793 0.797048 0.682596 0.455641 0.179432 0.018063 0.000000
0.000000 0.054807 0.275334 0.561360 0.747966 0.819281 0.817612 0.763928 0.656722 0.495312 0.311782 0.166619 0.083103 0.045732 0.034150 0.036187 0.045310 0.057328 0.069159 0.078470 0.083511 0.083018 0.076320 0.063818 0.048132 0.036827 0.049136 0.130234 0.331899 0.578195 0.743657 0.815521 0.835185 0.835725 0.829915 0.813436 0.770261 0.679798 0.535901 0.372580 0.253726 0.201344 0.201556 0.236727 0.292688 0.349153 0.375314 0.346781 0.263760 0.163500 0.111680 0.180006 0.394367 0.630937 0.768906 0.818789 0.828083 0.827140 0.828307 0.831291 0.826920 0.800706 0.737952 0.633569 0.499589 0.359808 0.233460 0.133763 0.065589 0.029506 0.049574 0.214831 0.506150 0.727460 0.825334 0.847719 0.822791 0.739163 0.574422 0.354906 0.183435 0.137994 0.229378 0.417412 0.606706 0.730815 0.796378 0.829284 0.843984 0.845519 0.834605 0.809589 0.768593 0.713033 0.650910 0.595577 0.558956 0.545677 0.551332 0.564786 0.574825 0.574825 0.564787 0.551334 0.545679 0.558957 0.595578 0.650910 0.713034 0.768593 0.809590 0.834606 0.845519 0.843984 0.829282 0.796373 0.730810 0.606704 0.417419 0.229397 0.138019 0.183466 0.354935 0.574441 0.739171 0.822794 0.847720 0.825333 0.727452 0.506129 0.214799 0.049549 0.029484 0.065564 0.133729 0.233419 0.359765 0.499552 0.633544 0.737938 0.800700 0.826917 0.831290 0.828308 0.827141 0.828084 0.818789 0.768901 0.630921 0.394338 0.179977 0.111660 0.163487 0.263753 0.346777 0.375311 0.349148 0.292679 0.236714 0.201539 0.201325 0.253707 0.372568 0.535896 0.679798 0.770262 0.813437 0.829916 0.835725 0.835185 0.815520 0.743655 0.578194 0.331898 0.130234 0.049135 0.036826 0.048131 0.063816 0.076319 0.083016 0.083509 0.078468 0.069157 0.057326 0.045309 0.036186 0.034149 0.045730 0.083097 0.166604 0.311754 0.495280 0.656697 0.763914 0.817607 0.819284 0.747979 0.561384 0.275360 0.054819 0.000000
0.000000 0.099282 0.365715 0.639850 0.785781 0.817141 0.767053 0.643489 0.462581 0.282576 0.163947 0.096389 0.057963 0.038333 0.031682 0.034023 0.042153 0.053184 0.064538 0.074012 0.079844 0.080827 0.076597 0.068251 0.059687 0.061491 0.101793 0.235839 0.472230 0.687843 0.804641 0.845938 0.853499 0.852588 0.850712 0.843677 0.822558 0.777655 0.703039 0.605794 0.506609 0.422416 0.363804 0.340182 0.356940 0.404028 0.451921 0.468442 0.438657 0.382299 0.353390 0.407148 0.542145 0.685521 0.774992 0.810701 0.818933 0.820638 0.825413 0.833688 0.840336 0.838069 0.820317 0.782532 0.723354 0.643586 0.546657 0.440833 0.343466 0.285615 0.314538 0.454054 0.636147 0.770745 0.834132 0.844290 0.800956 0.666169 0.408970 0.126263 -0.000007 -0.000007 0.137367 0.415686 0.666926 0.796787 0.842485 0.850692 0.843392 0.824912 0.790080 0.730205 0.640160 0.527577 0.414522 0.326858 0.278319 0.268124 0.285782 0.313037 0.332310 0.332311 0.313039 0.285784 0.268126 0.278321 0.326859 0.414522 0.527577 0.640161 0.730205 0.790081 0.824913 0.843393 0.850692 0.842485 0.796786 0.666928 0.415693 0.137377 -0.000007 -0.000007 0.126284 0.408988 0.666178 0.800960 0.844291 0.834131 0.770737 0.636126 0.454016 0.314489 0.285565 0.343418 0.440788 0.546619 0.643557 0.723335 0.782522 0.820313 0.838067 0.840335 0.833687 0.825413 0.820638 0.818934 0.810701 0.774988 0.685507 0.542117 0.407113 0.353357 0.382273 0.438638 0.468428 0.451912 0.404020 0.356932 0.340172 0.363790 0.422400 0.506593 0.605783 0.703033 0.777653 0.822557 0.843677 0.850712 0.852588 0.853499 0.845938 0.804641 0.687845 0.472233 0.235843 0.101794 0.061490 0.059685 0.068249 0.076594 0.080824 0.079842 0.074010 0.064536 0.053182 0.042151 0.034022 0.031681 0.038330 0.057958 0.096378 0.163925 0.282542 0.462546 0.643466 0.767043 0.817141 0.785788 0.639867 0.365737 0.099294 0.000000
0.000000 0.144991 0.441820 0.695759 0.805964 0.797424 0.683757 0.469758 0.234716 0.107557 0.065547 0.048101 0.035956 0.027955 0.025489 0.028662 0.036212 0.046234 0.056746 0.065901 0.072181 0.074651 0.073418 0.070369 0.070695 0.087273 0.152702 0.321287 0.567471 0.756776 0.844868 0.869005 0.867450 0.860567 0.854956 0.849798 0.841335 0.823266 0.787306 0.726466 0.638129 0.527788 0.418290 0.346266 0.340644 0.404937 0.506611 0.590941 0.623309 0.614617 0.604062 0.625803 0.681962 0.744450 0.786824 0.805716 0.811908 0.815956 0.822166 0.828961 0.832316 0.829777 0.822411 0.812910 0.800937 0.781394 0.747968 0.699270 0.644674 0.608138 0.617708 0.675889 0.751676 0.811192 0.841874 0.840187 0.782660 0.609371 0.293685 0.020046 -0.000007 -0.000007 0.123482 0.431799 0.693783 0.814301 0.847176 0.843620 0.823206 0.783923 0.712430 0.595889 0.439033 0.274578 0.147210 0.074348 0.046240 0.049391 0.075833 0.110596 0.134325 0.134326 0.110598 0.075834 0.049392 0.046241 0.074348 0.147210 0.274578 0.439033 0.595890 0.712431 0.783924 0.823206 0.843621 0.847177 0.814302 0.693785 0.431802 0.123484 -0.000007 -0.000007 0.020052 0.293694 0.609377 0.782663 0.840188 0.841874 0.811188 0.751663 0.675864 0.617673 0.608100 0.644640 0.699245 0.747952 0.781388 0.800938 0.812917 0.822420 0.829784 0.832320 0.828962 0.822167 0.815956 0.811908 0.805716 0.786821 0.744441 0.681945 0.625780 0.604038 0.614596 0.623293 0.590929 0.506604 0.404935 0.340644 0.346266 0.418286 0.527782 0.638123 0.726462 0.787304 0.823266 0.841336 0.849799 0.854957 0.860567 0.867450 0.869005 0.844869 0.756779 0.567476 0.321292 0.152705 0.087273 0.070694 0.070367 0.073416 0.074649 0.072178 0.065899 0.056743 0.046232 0.036210 0.028660 0.025487 0.027952 0.035952 0.048095 0.065536 0.107539 0.234687 0.469732 0.683744 0.797421 0.805968 0.695770 0.441836 0.145002 0.000000
0.000000 0.187677 0.502542 0.735135 0.815510 0.767649 0.584826 0.296387 0.081806 0.022961 0.018618 0.020479 0.019430 0.017084 0.016880 0.020474 0.027415 0.036273 0.045531 0.053805 0.059981 0.063509 0.064920 0.066628 0.074330 0.100590 0.174607 0.344319 0.587963 0.773105 0.856396 0.873269 0.856496 0.823321 0.788399 0.768401 0.770984 0.780874 0.771809 0.721945 0.617780 0.468201 0.319641 0.230676 0.223517 0.312965 0.487121 0.650294 0.734599 0.755066 0.751455 0.751324 0.763019 0.780249 0.793910 0.801678 0.806857 0.811994 0.814549 0.807345 0.783895 0.746662 0.713416 0.707690 0.734485 0.774140 0.802756 0.810050 0.800309 0.786628 0.782544 0.792787 0.811778 0.830716 0.842363 0.835111 0.776364 0.601166 0.283818 0.021082 -0.000007 0.003952 0.177320 0.486944 0.719262 0.817936 0.839798 0.827854 0.792506 0.721459 0.594832 0.411068 0.212753 0.065976 -0.000007 -0.000007 -0.000007 0.002159 0.033947 0.070044 0.094236 0.094237 0.070044 0.033948 0.002159 -0.000007 -0.000007 -0.000007 0.065975 0.212753 0.411069 0.594834 0.721460 0.792507 0.827855 0.839799 0.817937 0.719262 0.486941 0.177314 0.003949 -0.000007 0.021078 0.283814 0.601165 0.776365 0.835112 0.842364 0.830715 0.811774 0.792777 0.782530 0.786613 0.800297 0.810045 0.802759 0.774155 0.734511 0.707724 0.713448 0.746686 0.783908 0.807350 0.814550 0.811994 0.806857 0.801678 0.793908 0.780245 0.763012 0.751314 0.751444 0.755055 0.734590 0.650287 0.487120 0.312970 0.223525 0.230684 0.319648 0.468207 0.617786 0.721950 0.771815 0.780881 0.770992 0.768407 0.788402 0.823322 0.856495 0.873269 0.856397 0.773108 0.587970 0.344326 0.174610 0.100590 0.074329 0.066627 0.064917 0.063506 0.059979 0.053802 0.045528 0.036270 0.027412 0.020472 0.016878 0.017082 0.019427 0.020476 0.018613 0.022954 0.081793 0.296367 0.584813 0.767646 0.815512 0.735143 0.502554 0.187686 0.000000
0.000000 0.225177 0.549651 0.763086 0.819991 0.738362 0.499379 0.181905 0.016626 -0.000007 0.001329 0.007603 0.010073 0.009311 0.008765 0.011269 0.016857 0.024103 0.031584 0.038366 0.043779 0.047634 0.050679 0.055299 0.066430 0.093479 0.156395 0.292524 0.512944 0.715977 0.820217 0.839605 0.794010 0.694262 0.575867 0.513397 0.546841 0.616884 0.652070 0.610094 0.476644 0.290073 0.145905 0.084714 0.086820 0.178045 0.415036 0.655413 0.778413 0.813173 0.810882 0.800588 0.793645 0.791672 0.792958 0.796765 0.802831 0.807395 0.799305 0.759945 0.673138 0.548990 0.441899 0.420054 0.499484 0.629312 0.745021 0.814247 0.840873 0.842650 0.835533 0.828998 0.827012 0.829978 0.834401 0.828473 0.782872 0.645720 0.389045 0.126413 0.030731 0.092751 0.314155 0.581672 0.752110 0.819968 0.829987 0.808351 0.751645 0.636580 0.448435 0.226791 0.060605 -0.000007 0.000711 0.020665 0.054515 0.097832 0.148130 0.196267 0.226171 0.226171 0.196268 0.148130 0.097832 0.054514 0.020665 0.000711 -0.000007 0.060604 0.226791 0.448437 0.636582 0.751646 0.808353 0.829988 0.819969 0.752108 0.581664 0.314141 0.092737 0.030718 0.126396 0.389031 0.645715 0.782871 0.828475 0.834402 0.829980 0.827012 0.828996 0.835530 0.842647 0.840873 0.814254 0.745042 0.629351 0.499539 0.420117 0.441959 0.549036 0.673165 0.759956 0.799308 0.807395 0.802830 0.796765 0.792958 0.791672 0.793644 0.800585 0.810878 0.813169 0.778409 0.655409 0.415037 0.178052 0.086828 0.084722 0.145915 0.290085 0.476658 0.610109 0.652087 0.616903 0.546859 0.513408 0.575871 0.694261 0.794009 0.839605 0.820219 0.715981 0.512951 0.292529 0.156397 0.093480 0.066429 0.055298 0.050677 0.047631 0.043776 0.038363 0.031582 0.024101 0.016855 0.011267 0.008763 0.009310 0.010071 0.007602 0.001328 -0.000007 0.016622 0.181896 0.499370 0.738359 0.819992 0.763091 0.549659 0.225183 0.000000
0.000000 0.255934 0.584647 0.782917 0.823645 0.719521 0.448279 0.128079 -0.000007 -0.000007 -0.000007 0.005275 0.009769 0.008696 0.005062 0.003810 0.006812 0.011686 0.016823 0.021535 0.025578 0.028983 0.032445 0.037768 0.048245 0.069236 0.110626 0.194175 0.351434 0.560271 0.711820 0.752726 0.675803 0.484100 0.266917 0.192009 0.260998 0.392208 0.485099 0.465020 0.322288 0.133280 0.017016 0.001893 0.006488 0.089748 0.367165 0.647987 0.788203 0.827433 0.824311 0.809519 0.795736 0.787438 0.785803 0.790615 0.799086 0.802090 0.778658 0.692569 0.512680 0.279127 0.116232 0.085615 0.169512 0.371416 0.600225 0.756989 0.827657 0.844987 0.839298 0.827687 0.818819 0.816541 0.819597 0.818893 0.793791 0.712751 0.556208 0.368877 0.269123 0.336701 0.516602 0.685724 0.784538 0.820750 0.818604 0.785242 0.702870 0.542345 0.314230 0.113818 0.026934 0.031965 0.083432 0.159001 0.243825 0.328185 0.403260 0.460010 0.490657 0.490658 0.460010 0.403260 0.328185 0.243824 0.158999 0.083430 0.031963 0.026933 0.113818 0.314231 0.542346 0.702871 0.785244 0.818605 0.820751 0.784537 0.685717 0.516585 0.336675 0.269093 0.368850 0.556192 0.712745 0.793791 0.818894 0.819600 0.816543 0.818820 0.827688 0.839299 0.844988 0.827663 0.757006 0.600261 0.371468 0.169563 0.085656 0.116277 0.279176 0.512714 0.692584 0.778662 0.802091 0.799086 0.790615 0.785804 0.787439 0.795737 0.809520 0.824311 0.827432 0.788201 0.647983 0.367161 0.089748 0.006491 0.001895 0.017021 0.133286 0.322300 0.465040 0.485124 0.392233 0.261017 0.192019 0.266918 0.484096 0.675800 0.752727 0.711824 0.560278 0.351440 0.194179 0.110628 0.069237 0.048244 0.037767 0.032443 0.028981 0.025576 0.021533 0.016821 0.011684 0.006811 0.003809 0.005061 0.008696 0.009769 0.005275 -0.000007 -0.000007 -0.000007 0.128075 0.448276 0.719520 0.823646 0.782921 0.584652 0.255938 0.000000
0.000000 0.277334 0.607164 0.795862 0.828623 0.715922 0.433075 0.111705 -0.000007 -0.000007 -0.000007 0.010211 0.019105 0.018543 0.010086 0.001625 0.000513 0.002112 0.004496 0.006823 0.009073 0.011375 0.014143 0.018313 0.025477 0.037752 0.058334 0.095449 0.175973 0.339883 0.539532 0.631291 0.556171 0.332944 0.110181 0.050652 0.126719 0.273947 0.397693 0.406280 0.284141 0.103888 -0.000007 -0.000007 -0.000007 0.116196 0.403679 0.662331 0.788654 0.822893 0.817460 0.800505 0.784641 0.775475 0.775224 0.783343 0.794991 0.797164 0.761109 0.634846 0.378457 0.099305 -0.000007 -0.000007 -0.000007 0.131444 0.424915 0.675642 0.796110 0.830166 0.827139 0.813242 0.800956 0.796135 0.799209 0.804130 0.798243 0.765735 0.698881 0.617683 0.574968 0.608022 0.689425 0.763926 0.805598 0.816972 0.804240 0.759869 0.656886 0.470541 0.245906 0.105763 0.094079 0.166900 0.287264 0.418750 0.531414 0.614872 0.671941 0.707477 0.724603 0.724603 0.707478 0.671941 0.614871 0.531412 0.418748 0.287261 0.166897 0.094076 0.105762 0.245906 0.470542 0.656887 0.759870 0.804241 0.816973 0.805597 0.763921 0.689414 0.608003 0.574945 0.617664 0.698870 0.765731 0.798243 0.804132 0.799212 0.796137 0.800958 0.813244 0.827141 0.830169 0.796119 0.675663 0.424953 0.131480 -0.000007 -0.000007 -0.000007 0.099327 0.378481 0.634858 0.761113 0.797165 0.794990 0.783343 0.775225 0.775477 0.784643 0.800507 0.817462 0.822894 0.788654 0.662326 0.403667 0.116184 -0.000007 -0.000007 -0.000007 0.103883 0.284145 0.406294 0.397714 0.273968 0.126732 0.050657 0.110178 0.332938 0.556169 0.631296 0.539543 0.339894 0.175977 0.095451 0.058334 0.037752 0.025477 0.018312 0.014141 0.011374 0.009072 0.006822 0.004495 0.002111 0.000512 0.001625 0.010087 0.018545 0.019108 0.010213 -0.000007 -0.000007 -0.000007 0.111704 0.433075 0.715922 0.828624 0.795865 0.607168 0.277337 0.000000
0.000000 0.284775 0.614418 0.801146 0.834688 0.726850 0.448403 0.118432 -0.000007 -0.000007 -0.000007 0.018073 0.035141 0.038633 0.026715 0.008801 -0.000007 -0.000007 -0.000007 -0.000007 0.000058 0.000514 0.001516 0.003334 0.006311 0.010646 0.016156 0.024277 0.052618 0.171377 0.396868 0.547637 0.522401 0.352693 0.168727 0.106243 0.174707 0.317485 0.443756 0.473464 0.387842 0.232802 0.099527 0.052538 0.102910 0.271898 0.512165 0.699872 0.789266 0.811138 0.802218 0.784225 0.768346 0.760436 0.762940 0.774717 0.789656 0.793371 0.755487 0.621521 0.353443 0.076281 -0.000007 -0.000007 -0.000007 0.040020 0.323718 0.618467 0.768489 0.812926 0.811105 0.794681 0.778652 0.770594 0.772742 0.781606 0.789253 0.787380 0.773291 0.754507 0.746261 0.757313 0.780500 0.800848 0.809805 0.805925 0.786099 0.736218 0.630288 0.457792 0.282228 0.213025 0.272279 0.409251 0.556710 0.670505 0.743799 0.786461 0.809671 0.821374 0.826195 0.826195 0.821374 0.809671 0.786461 0.743798 0.670503 0.556707 0.409246 0.272274 0.213022 0.282226 0.457791 0.630288 0.736219 0.786100 0.805926 0.809806 0.800846 0.780495 0.757305 0.746252 0.754500 0.773287 0.787380 0.789255 0.781609 0.772745 0.770597 0.778654 0.794683 0.811106 0.812929 0.768496 0.618483 0.323741 0.040031 -0.000007 -0.000007 -0.000007 0.076279 0.353446 0.621524 0.755488 0.793372 0.789656 0.774717 0.762941 0.760437 0.768348 0.784227 0.802220 0.811139 0.789266 0.699866 0.512151 0.271877 0.102890 0.052519 0.099508 0.232787 0.387837 0.473470 0.443769 0.317499 0.174715 0.106244 0.168722 0.352687 0.522401 0.547647 0.396887 0.171391 0.052621 0.024278 0.016157 0.010646 0.006311 0.003333 0.001516 0.000513 0.000058 -0.000007 -0.000007 -0.000007 -0.000007 0.008803 0.026718 0.038637 0.035145 0.018075 -0.000007 -0.000007 -0.000007 0.118432 0.448404 0.726851 0.834690 0.801148 0.614421 0.284777 0.000000
0.000000 0.272221 0.601792 0.796579 0.839891 0.748647 0.490823 0.148618 -0.000007 -0.000007 -0.000007 0.022733 0.049415 0.062266 0.053308 0.029796 0.006844 -0.000007 -0.000007 -0.000007 -0.000007 -0.000007 -0.000007 -0.000007 -0.000007 -0.000007 -0.000007 -0.000007 0.000705 0.132173 0.378157 0.559851 0.587324 0.490907 0.357447 0.289945 0.331671 0.448079 0.559527 0.601427 0.558488 0.455645 0.349731 0.306743 0.354319 0.482951 0.632736 0.740231 0.789050 0.796559 0.783882 0.765575 0.750631 0.744542 0.749606 0.764246 0.782094 0.789977 0.762587 0.657479 0.441866 0.182087 0.023648 -0.000007 -0.000007 0.094031 0.360557 0.621512 0.757963 0.798630 0.794245 0.773921 0.752647 0.739443 0.738794 0.749403 0.765213 0.779564 0.789119 0.794596 0.798504 0.802096 0.804443 0.803628 0.798416 0.787307 0.764947 0.718749 0.633376 0.515658 0.423988 0.426981 0.520774 0.641824 0.738310 0.797021 0.825718 0.836092 0.837253 0.835115 0.833206 0.833206 0.835115 0.837253 0.836092 0.825718 0.797020 0.738309 0.641821 0.520770 0.426977 0.423984 0.515656 0.633375 0.718749 0.764948 0.787308 0.798417 0.803628 0.804443 0.802095 0.798502 0.794596 0.789119 0.779566 0.765216 0.749406 0.738797 0.739446 0.752649 0.773923 0.794246 0.798632 0.757967 0.621518 0.360559 0.094024 -0.000007 -0.000007 0.023631 0.182065 0.441852 0.657474 0.762586 0.789977 0.782095 0.764246 0.749607 0.744543 0.750633 0.765577 0.783884 0.796560 0.789050 0.740227 0.632724 0.482929 0.354291 0.306714 0.349705 0.455627 0.558480 0.601428 0.559533 0.448086 0.331674 0.289941 0.357440 0.490902 0.587326 0.559865 0.378180 0.132191 0.000705 -0.000007 -0.000007 -0.000007 -0.000007 -0.000007 -0.000007 -0.000007 -0.000007 -0.000007 -0.000007 -0.000007 0.006846 0.029799 0.053313 0.062272 0.049420 0.022736 -0.000007 -0.000007 -0.000007 0.148620 0.490826 0.748650 0.839893 0.796581 0.601795 0.272224 0.000000
0.000000 0.235536 0.565926 0.780474 0.841997 0.776149 0.556342 0.216075 -0.000007 -0.000007 -0.000007 0.017652 0.051354 0.076625 0.080260 0.064985 0.043500 0.024715 0.007489 -0.000007 -0.000007 -0.000007 -0.000007 -0.000007 -0.000007 -0.000007 -0.000007 -0.000007 0.052722 0.233702 0.476500 0.643063 0.687047 0.634105 0.532979 0.455212 0.463380 0.553316 0.655306 0.709096 0.701790 0.651424 0.593273 0.566196 0.588583 0.650227 0.719202 0.766639 0.784733 0.780641 0.765088 0.747073 0.733408 0.728873 0.735504 0.751652 0.771573 0.784836 0.774079 0.713335 0.579846 0.390397 0.221966 0.138555 0.158496 0.293272 0.500240 0.673832 0.763767 0.787849 0.776966 0.751309 0.723383 0.703156 0.697801 0.708303 0.729040 0.752125 0.771988 0.786254 0.794366 0.796493 0.793428 0.786416 0.776505 0.763130 0.742664 0.708704 0.658711 0.608240 0.592056 0.629543 0.699619 0.765896 0.808535 0.826858 0.828248 0.820459 0.809487 0.799663 0.793961 0.793961 0.799663 0.809488 0.820459 0.828248 0.826858 0.808535 0.765895 0.699617 0.629540 0.592052 0.608237 0.658709 0.708704 0.742664 0.763132 0.776507 0.786418 0.793429 0.796495 0.794368 0.786256 0.771991 0.752129 0.729044 0.708307 0.697804 0.703158 0.723384 0.751310 0.776967 0.787850 0.763768 0.673829 0.500227 0.293247 0.158464 0.138520 0.221927 0.390364 0.579827 0.713327 0.774077 0.784837 0.771574 0.751653 0.735505 0.728875 0.733410 0.747075 0.765090 0.780643 0.784734 0.766637 0.719195 0.650214 0.588563 0.566174 0.593254 0.651411 0.701784 0.709096 0.655310 0.553320 0.463379 0.455205 0.532971 0.634100 0.687049 0.643074 0.476521 0.233722 0.052731 -0.000007 -0.000007 -0.000007 -0.000007 -0.000007 -0.000007 -0.000007 -0.000007 -0.000007 0.007494 0.024720 0.043505 0.064990 0.080266 0.076630 0.051358 0.017654 -0.000007 -0.000007 -0.000007 0.216080 0.556347 0.776152 0.841999 0.780476 0.565929 0.235539 0.000000
0.000000 0.180139 0.512962 0.756038 0.840333 0.803651 0.635867 0.330452 0.051013 -0.000007 -0.000007 0.003028 0.035469 0.069493 0.090593 0.098119 0.102007 0.107405 0.107060 0.093371 0.067358 0.036193 0.010776 -0.000007 -0.000007 0.006682 0.030388 0.090170 0.218884 0.419441 0.614821 0.732040 0.757731 0.704451 0.594247 0.485783 0.467140 0.560778 0.684911 0.763589 0.783364 0.765652 0.737153 0.719522 0.721924 0.740458 0.762321 0.775440 0.775284 0.764214 0.747392 0.730296 0.717932 0.714270 0.721132 0.737192 0.757852 0.775583 0.779760 0.756887 0.695377 0.598689 0.496603 0.436690 0.452029 0.537709 0.647868 0.732694 0.773616 0.777984 0.759328 0.728315 0.693944 0.666445 0.655509 0.664523 0.688055 0.716379 0.741618 0.759852 0.770016 0.772529 0.768741 0.760506 0.749530 0.736537 0.721014 0.702736 0.685919 0.681750 0.699973 0.736256 0.774901 0.802003 0.812524 0.808490 0.794643 0.775898 0.756700 0.741051 0.732255 0.732255 0.741051 0.756701 0.775898 0.794644 0.808490 0.812525 0.802003 0.774901 0.736254 0.699971 0.681747 0.685917 0.702735 0.721014 0.736538 0.749532 0.760508 0.768743 0.772532 0.770019 0.759855 0.741621 0.716383 0.688058 0.664526 0.655511 0.666446 0.693944 0.728315 0.759329 0.777984 0.773615 0.732689 0.647854 0.537682 0.451991 0.436648 0.496566 0.598663 0.695363 0.756882 0.779759 0.775584 0.757853 0.737193 0.721133 0.714272 0.717934 0.730298 0.747394 0.764216 0.775286 0.775440 0.762318 0.740452 0.721915 0.719511 0.737144 0.765646 0.783361 0.763591 0.684916 0.560783 0.467139 0.485775 0.594238 0.704445 0.757732 0.732047 0.614835 0.419457 0.218893 0.090170 0.030383 0.006676 -0.000007 -0.000007 0.010778 0.036200 0.067369 0.093383 0.107070 0.107414 0.102012 0.098123 0.090597 0.069496 0.035471 0.003028 -0.000007 -0.000007 0.051017 0.330460 0.635873 0.803654 0.840335 0.756040 0.512965 0.180142 0.000000
0.000000 0.132218 0.471302 0.736256 0.836511 0.825837 0.713042 0.476860 0.184788 0.007913 -0.000007 -0.000007 0.007998 0.040693 0.073116 0.103729 0.142748 0.197106 0.251463 0.280743 0.270484 0.224174 0.162754 0.111160 0.085362 0.093943 0.148023 0.259079 0.420802 0.593077 0.723276 0.783549 0.768088 0.672926 0.511163 0.360320 0.334358 0.462658 0.647945 0.771386 0.815823 0.814562 0.797626 0.782086 0.774163 0.772947 0.773496 0.770645 0.762004 0.748251 0.731949 0.716441 0.705324 0.701783 0.707530 0.721854 0.741498 0.761278 0.774819 0.775465 0.758641 0.725865 0.688656 0.665864 0.671549 0.702673 0.741084 0.768206 0.776223 0.766118 0.741978 0.708110 0.670495 0.638729 0.623627 0.630272 0.653919 0.684030 0.711361 0.731127 0.742137 0.745046 0.741378 0.733089 0.722294 0.711057 0.701555 0.696762 0.700823 0.716706 0.741775 0.767718 0.786046 0.792310 0.786202 0.769796 0.746151 0.718852 0.692094 0.670529 0.658436 0.658436 0.670529 0.692094 0.718852 0.746151 0.769797 0.786203 0.792311 0.786047 0.767718 0.741774 0.716705 0.700822 0.696761 0.701554 0.711058 0.722295 0.733091 0.741380 0.745048 0.742140 0.731130 0.711364 0.684033 0.653921 0.630274 0.623627 0.638728 0.670494 0.708109 0.741978 0.766118 0.776223 0.768202 0.741076 0.702657 0.671527 0.665840 0.688636 0.725852 0.758635 0.775463 0.774820 0.761279 0.741500 0.721855 0.707531 0.701784 0.705325 0.716443 0.731951 0.748252 0.762005 0.770646 0.773496 0.772946 0.774160 0.782083 0.797622 0.814560 0.815823 0.771390 0.647953 0.462666 0.334360 0.360312 0.511150 0.672917 0.768085 0.783551 0.723283 0.593086 0.420809 0.259078 0.148015 0.093932 0.085352 0.111156 0.162757 0.224184 0.270498 0.280756 0.251472 0.197111 0.142750 0.103731 0.073117 0.040694 0.007998 -0.000007 -0.000007 0.007917 0.184797 0.476869 0.713047 0.825840 0.836513 0.736256 0.471301 0.132217 0.000000
0.000000 0.148426 0.496521 0.733677 0.833400 0.839833 0.773624 0.617815 0.376997 0.145002 0.016171 -0.000007 -0.000007 0.006835 0.035935 0.073983 0.131217 0.226779 0.349396 0.449294 0.487258 0.457394 0.382249 0.296064 0.234261 0.227505 0.294153 0.424904 0.577666 0.705330 0.779837 0.786424 0.707280 0.531442 0.308756 0.171818 0.165839 0.318858 0.574920 0.752710 0.820597 0.828195 0.814324 0.797555 0.784263 0.774866 0.767124 0.758441 0.747392 0.734091 0.719789 0.706480 0.696616 0.692652 0.696228 0.707337 0.724047 0.742962 0.760078 0.771800 0.776066 0.773465 0.767521 0.763378 0.764507 0.770152 0.775695 0.775968 0.768070 0.751356 0.726272 0.694216 0.659142 0.629018 0.613501 0.617707 0.638084 0.665297 0.690517 0.708835 0.718884 0.721231 0.717325 0.709137 0.699150 0.690402 0.686346 0.690201 0.703436 0.723909 0.745753 0.762189 0.768760 0.764112 0.748880 0.724595 0.693448 0.658706 0.625044 0.598089 0.583045 0.583045 0.598088 0.625044 0.658706 0.693448 0.724596 0.748881 0.764112 0.768761 0.762189 0.745753 0.723908 0.703435 0.690200 0.686346 0.690402 0.699151 0.709138 0.717327 0.721233 0.718886 0.708837 0.690518 0.665298 0.638084 0.617706 0.613499 0.629016 0.659141 0.694215 0.726272 0.751356 0.768070 0.775967 0.775692 0.770147 0.764499 0.763369 0.767514 0.773461 0.776065 0.771801 0.760080 0.742964 0.724049 0.707338 0.696229 0.692653 0.696617 0.706481 0.719791 0.734093 0.747394 0.758443 0.767125 0.774866 0.784263 0.797554 0.814324 0.828195 0.820599 0.752716 0.574932 0.318870 0.165844 0.171814 0.308743 0.531427 0.707270 0.786421 0.779839 0.705334 0.577671 0.424907 0.294152 0.227501 0.234255 0.296061 0.382251 0.457401 0.487267 0.449301 0.349398 0.226776 0.131214 0.073981 0.035934 0.006835 -0.000007 -0.000007 0.016174 0.145009 0.377007 0.617823 0.773629 0.839836 0.833401 0.733675 0.496514 0.148419 0.000000
0.000000 0.384523 0.563447 0.748823 0.832309 0.845959 0.811479 0.722022 0.564734 0.358626 0.166335 0.039901 -0.000007 -0.000007 0.002793 0.027500 0.073781 0.172282 0.348739 0.530554 0.629545 0.634164 0.574516 0.485773 0.407728 0.383366 0.437961 0.552034 0.673641 0.761623 0.795087 0.749457 0.585793 0.317381 0.107598 0.040386 0.052440 0.214906 0.513933 0.729471 0.813404 0.825650 0.811968 0.793269 0.776933 0.764224 0.753918 0.744266 0.734083 0.723070 0.711682 0.700960 0.692437 0.687889 0.688810 0.695759 0.707956 0.723425 0.739616 0.754181 0.765639 0.773561 0.778307 0.780484 0.780438 0.778087 0.772940 0.764358 0.751881 0.735118 0.713789 0.688358 0.661440 0.638623 0.626652 0.629178 0.643896 0.664184 0.683298 0.697100 0.704174 0.704809 0.700218 0.692299 0.683694 0.677694 0.677615 0.685458 0.700454 0.718711 0.734693 0.743597 0.742824 0.731786 0.710985 0.681526 0.645419 0.606205 0.569086 0.540007 0.524045 0.524044 0.540007 0.569085 0.606204 0.645419 0.681526 0.710985 0.731786 0.742824 0.743597 0.734693 0.718711 0.700453 0.685457 0.677614 0.677694 0.683694 0.692300 0.700219 0.704810 0.704175 0.697100 0.683299 0.664184 0.643895 0.629176 0.626649 0.638620 0.661438 0.688357 0.713790 0.735118 0.751883 0.764360 0.772941 0.778087 0.780438 0.780484 0.778307 0.773562 0.765641 0.754183 0.739619 0.723427 0.707958 0.695760 0.688811 0.687890 0.692438 0.700960 0.711683 0.723071 0.734085 0.744267 0.753920 0.764226 0.776933 0.793269 0.811968 0.825650 0.813407 0.729479 0.513947 0.214918 0.052444 0.040386 0.107591 0.317360 0.585775 0.749448 0.795085 0.761626 0.673648 0.552046 0.437974 0.383376 0.407732 0.485774 0.574517 0.634167 0.629550 0.530557 0.348736 0.172274 0.073775 0.027497 0.002793 -0.000007 -0.000007 0.039901 0.166338 0.358633 0.564742 0.722028 0.811483 0.845961 0.832309 0.748818 0.563435 0.384511 0.000000
1.000000 0.449827 0.622360 0.761163 0.831542 0.846648 0.829471 0.782782 0.695552 0.559041 0.381646 0.197065 0.054031 -0.000007 -0.000007 -0.000007 0.012678 0.076135 0.273713 0.537971 0.696005 0.734450 0.701202 0.634772 0.568802 0.539686 0.570461 0.647432 0.730694 0.786481 0.789817 0.699749 0.462635 0.148190 0.005344 -0.000007 0.002473 0.193341 0.502466 0.718982 0.803678 0.816179 0.801872 0.781907 0.764215 0.750616 0.740341 0.731886 0.723995 0.715994 0.707775 0.699717 0.692649 0.687747 0.686243 0.688973 0.695977 0.706400 0.718758 0.731436 0.743102 0.752802 0.759793 0.763450 0.763389 0.759703 0.752921 0.743750 0.732743 0.720049 0.705541 0.689442 0.673237 0.660035 0.653428 0.655257 0.664166 0.676357 0.687726 0.695488 0.698510 0.696896 0.691612 0.684371 0.677604 0.674141 0.676321 0.684767 0.697645 0.711152 0.721001 0.723883 0.718077 0.703166 0.679557 0.648426 0.612146 0.574601 0.540748 0.515368 0.501865 0.501864 0.515367 0.540746 0.574600 0.612145 0.648426 0.679557 0.703167 0.718077 0.723883 0.721002 0.711152 0.697644 0.684766 0.676321 0.674141 0.677604 0.684371 0.691613 0.696897 0.698510 0.695488 0.687725 0.676356 0.664165 0.655254 0.653425 0.660033 0.673236 0.689441 0.705541 0.720050 0.732744 0.743752 0.752923 0.759705 0.763392 0.763452 0.759796 0.752805 0.743105 0.731439 0.718760 0.706402 0.695979 0.688974 0.686243 0.687747 0.692649 0.699718 0.707776 0.715995 0.723996 0.731888 0.740342 0.750617 0.764216 0.781908 0.801872 0.816180 0.803681 0.718989 0.502478 0.193352 0.002475 -0.000007 0.005342 0.148169 0.462610 0.699735 0.789813 0.786484 0.730703 0.647449 0.570484 0.539706 0.568815 0.634777 0.701204 0.734453 0.696011 0.537979 0.273715 0.076128 0.012674 -0.000007 -0.000007 -0.000007 0.054030 0.197064 0.381648 0.559044 0.695556 0.782786 0.829474 0.846649 0.831540 0.761154 0.622343 0.449811 1.000000
0.000000 0.423213 0.587775 0.750141 0.825800 0.844100 0.834766 0.809801 0.765759 0.690758 0.571343 0.404075 0.213923 0.059094 -0.000007 -0.000007 -0.000007 0.007285 0.221268 0.533780 0.726147 0.786328 0.776238 0.737576 0.696161 0.673887 0.684997 0.724796 0.771726 0.801000 0.784515 0.674416 0.420296 0.109118 -0.000007 -0.000007 0.031218 0.260933 0.543896 0.725821 0.795530 0.803928 0.788862 0.768890 0.751487 0.738611 0.729674 0.723233 0.717924 0.712820 0.707469 0.701837 0.696278 0.691489 0.688364 0.687728 0.690037 0.695178 0.702500 0.711032 0.719731 0.727583 0.733607 0.736949 0.737126 0.734267 0.729087 0.722584 0.715621 0.708618 0.701595 0.694556 0.688014 0.683147 0.681287 0.683009 0.687568 0.693184 0.697883 0.700235 0.699619 0.696175 0.690703 0.684626 0.679854 0.678335 0.681266 0.688322 0.697505 0.705789 0.710155 0.708391 0.699381 0.682992 0.659953 0.631966 0.601854 0.573250 0.549641 0.533324 0.525142 0.525142 0.533323 0.549639 0.573248 0.601853 0.631965 0.659952 0.682992 0.699381 0.708392 0.710155 0.705789 0.697505 0.688322 0.681266 0.678335 0.679853 0.684625 0.690702 0.696175 0.699619 0.700234 0.697882 0.693183 0.687566 0.683007 0.681285 0.683145 0.688013 0.694556 0.701595 0.708619 0.715623 0.722586 0.729090 0.734269 0.737129 0.736953 0.733610 0.727586 0.719734 0.711035 0.702502 0.695179 0.690038 0.687729 0.688364 0.691489 0.696278 0.701837 0.707469 0.712820 0.717924 0.723234 0.729675 0.738612 0.751488 0.768890 0.788863 0.803929 0.795532 0.725827 0.543905 0.260942 0.031222 -0.000007 -0.000007 0.109096 0.420269 0.674401 0.784511 0.801003 0.771736 0.724813 0.685019 0.673907 0.696175 0.737583 0.776242 0.786332 0.726156 0.533801 0.221290 0.007284 -0.000007 -0.000007 -0.000007 0.059094 0.213922 0.404074 0.571343 0.690759 0.765760 0.809803 0.834768 0.844101 0.825797 0.750129 0.587752 0.423191 0.000000
0.000000 0.181349 0.486625 0.704201 0.810486 0.839297 0.834198 0.817603 0.794396 0.757694 0.692814 0.582267 0.419911 0.232980 0.081925 0.002583 -0.000007 0.044962 0.276295 0.572382 0.753592 0.817508 0.822176 0.805241 0.785002 0.771937 0.772767 0.787422 0.807176 0.816450 0.791247 0.691770 0.480997 0.215778 0.054103 0.052341 0.175354 0.398460 0.614745 0.742551 0.789012 0.790901 0.775384 0.756726 0.741053 0.730011 0.723011 0.718655 0.715569 0.712756 0.709632 0.705971 0.701858 0.697653 0.693922 0.691305 0.690329 0.691239 0.693930 0.697982 0.702771 0.707536 0.711450 0.713776 0.714103 0.712559 0.709788 0.706689 0.704049 0.702258 0.701282 0.700873 0.700870 0.701340 0.702440 0.704148 0.706089 0.707613 0.708039 0.706897 0.704069 0.699838 0.694898 0.690316 0.687352 0.687047 0.689708 0.694573 0.699936 0.703658 0.703784 0.698994 0.688799 0.673597 0.654699 0.634300 0.615149 0.599736 0.589336 0.583631 0.581324 0.581323 0.583630 0.589335 0.599735 0.615147 0.634298 0.654698 0.673597 0.688799 0.698994 0.703785 0.703658 0.699936 0.694573 0.689707 0.687047 0.687352 0.690316 0.694897 0.699838 0.704069 0.706896 0.708039 0.707613 0.706088 0.704147 0.702439 0.701339 0.700870 0.700873 0.701282 0.702259 0.704050 0.706690 0.709790 0.712561 0.714105 0.713778 0.711453 0.707538 0.702773 0.697984 0.693931 0.691240 0.690329 0.691305 0.693921 0.697652 0.701858 0.705971 0.709632 0.712756 0.715570 0.718655 0.723012 0.730012 0.741053 0.756727 0.775385 0.790901 0.789013 0.742555 0.614750 0.398466 0.175356 0.052338 0.054092 0.215755 0.480974 0.691758 0.791244 0.816454 0.807185 0.787435 0.772783 0.771953 0.785013 0.805248 0.822181 0.817514 0.753606 0.572413 0.276338 0.044991 -0.000007 0.002591 0.081930 0.232982 0.419910 0.582266 0.692814 0.757694 0.794396 0.817604 0.834199 0.839296 0.810481 0.704186 0.486598 0.181325 0.000000
0.000000 0.066499 0.340225 0.629062 0.782253 0.831173 0.831925 0.817808 0.802044 0.784511 0.755346 0.698255 0.596344 0.447501 0.283066 0.161622 0.127973 0.212288 0.424808 0.651531 0.788119 0.840475 0.849749 0.842817 0.832227 0.824613 0.823810 0.829363 0.835880 0.834134 0.809106 0.736598 0.595599 0.413706 0.288507 0.286582 0.392946 0.551394 0.684880 0.758918 0.782716 0.778373 0.763133 0.746801 0.733764 0.725088 0.720091 0.717466 0.715963 0.714672 0.713042 0.710816 0.707961 0.704635 0.701151 0.697916 0.695345 0.693754 0.693288 0.693894 0.695328 0.697184 0.698942 0.700111 0.700418 0.699971 0.699242 0.698878 0.699414 0.701056 0.703641 0.706758 0.709944 0.712818 0.715114 0.716633 0.717216 0.716741 0.715154 0.712513 0.709021 0.705063 0.701214 0.698179 0.696623 0.696900 0.698808 0.701515 0.703752 0.704155 0.701625 0.695598 0.686222 0.674443 0.661962 0.650929 0.643287 0.639935 0.640245 0.642354 0.644107 0.644107 0.642354 0.640245 0.639934 0.643286 0.650928 0.661961 0.674442 0.686222 0.695598 0.701625 0.704155 0.703752 0.701515 0.698808 0.696900 0.696622 0.698179 0.701214 0.705063 0.709020 0.712513 0.715154 0.716740 0.717215 0.716632 0.715113 0.712818 0.709944 0.706758 0.703641 0.701056 0.699414 0.698879 0.699243 0.699972 0.700420 0.700113 0.698944 0.697185 0.695329 0.693894 0.693288 0.693753 0.695344 0.697916 0.701150 0.704635 0.707961 0.710816 0.713042 0.714672 0.715963 0.717466 0.720091 0.725088 0.733765 0.746801 0.763133 0.778373 0.782717 0.758920 0.684882 0.551396 0.392946 0.286576 0.288494 0.413688 0.595584 0.736590 0.809105 0.834137 0.835886 0.829371 0.823819 0.824620 0.832232 0.842821 0.849752 0.840481 0.788133 0.651561 0.424853 0.212329 0.127997 0.161634 0.283070 0.447502 0.596344 0.698255 0.755346 0.784511 0.802044 0.817808 0.831926 0.831174 0.782250 0.629050 0.340202 0.066482 0.000000
0.000000 -0.000007 0.229359 0.539372 0.740375 0.817060 0.828690 0.817236 0.803395 0.793653 0.783846 0.761793 0.711014 0.617739 0.488964 0.372244 0.335370 0.413469 0.576267 0.730713 0.820735 0.854362 0.854950 0.837741 0.815034 0.804424 0.814865 0.835301 0.849151 0.848860 0.829517 0.782674 0.701645 0.602689 0.533389 0.530792 0.588124 0.669427 0.735210 0.769179 0.776068 0.767482 0.753367 0.739851 0.729683 0.723322 0.720004 0.718576 0.717996 0.717534 0.716759 0.715465 0.713600 0.711218 0.708469 0.705568 0.702770 0.700320 0.698414 0.697160 0.696553 0.696470 0.696683 0.696946 0.697124 0.697298 0.697757 0.698877 0.700930 0.703950 0.707698 0.711747 0.715605 0.718831 0.721098 0.722220 0.722153 0.720981 0.718890 0.716144 0.713070 0.710051 0.707502 0.705808 0.705203 0.705640 0.706717 0.707729 0.707839 0.706296 0.702652 0.696934 0.689761 0.682345 0.676294 0.673142 0.673713 0.677648 0.683431 0.688948 0.692268 0.692268 0.688948 0.683431 0.677648 0.673712 0.673141 0.676293 0.682344 0.689760 0.696934 0.702652 0.706296 0.707839 0.707729 0.706717 0.705640 0.705203 0.705808 0.707502 0.710050 0.713070 0.716144 0.718890 0.720981 0.722153 0.722220 0.721098 0.718831 0.715605 0.711747 0.707698 0.703950 0.700930 0.698877 0.697757 0.697298 0.697125 0.696947 0.696683 0.696470 0.696553 0.697159 0.698414 0.700320 0.702769 0.705567 0.708468 0.711218 0.713599 0.715465 0.716758 0.717533 0.717996 0.718576 0.720005 0.723322 0.729683 0.739851 0.753367 0.767482 0.776068 0.769180 0.735211 0.669427 0.588122 0.530787 0.533380 0.602679 0.701637 0.782670 0.829517 0.848863 0.849154 0.835304 0.814864 0.804419 0.815027 0.837737 0.854949 0.854366 0.820746 0.730734 0.576297 0.413495 0.335381 0.372243 0.488960 0.617737 0.711014 0.761794 0.783847 0.793654 0.803396 0.817237 0.828692 0.817064 0.740381 0.539375 0.229355 -0.000007 0.000000
0.000000 0.107016 0.193030 0.458566 0.684007 0.792444 0.822087 0.817763 0.806176 0.799657 0.799057 0.795881 0.775002 0.718917 0.620585 0.511722 0.467995 0.534220 0.666064 0.780168 0.840489 0.852405 0.823493 0.757405 0.676653 0.642197 0.697747 0.779403 0.834787 0.853886 0.845094 0.816108 0.771922 0.723341 0.690113 0.686140 0.707603 0.738852 0.763142 0.772885 0.769659 0.759128 0.746739 0.735995 0.728379 0.723888 0.721743 0.720981 0.720799 0.720662 0.720279 0.719522 0.718357 0.716801 0.714912 0.712782 0.710533 0.708309 0.706260 0.704519 0.703179 0.702266 0.701738 0.701518 0.701565 0.701931 0.702763 0.704230 0.706427 0.709290 0.712595 0.715997 0.719114 0.721604 0.723216 0.723829 0.723458 0.722242 0.720414 0.718262 0.716092 0.714200 0.712831 0.712126 0.712064 0.712425 0.712803 0.712694 0.711624 0.709290 0.705688 0.701202 0.696630 0.693081 0.691689 0.693194 0.697566 0.703904 0.710704 0.716336 0.719502 0.719502 0.716336 0.710704 0.703904 0.697566 0.693193 0.691689 0.693081 0.696630 0.701202 0.705688 0.709290 0.711624 0.712694 0.712803 0.712425 0.712064 0.712125 0.712831 0.714200 0.716092 0.718262 0.720414 0.722242 0.723458 0.723829 0.723217 0.721604 0.719115 0.715997 0.712595 0.709290 0.706426 0.704230 0.702762 0.701930 0.701564 0.701518 0.701738 0.702266 0.703179 0.704519 0.706260 0.708309 0.710532 0.712782 0.714912 0.716801 0.718357 0.719522 0.720279 0.720662 0.720799 0.720981 0.721743 0.723888 0.728379 0.735995 0.746738 0.759128 0.769659 0.772885 0.763142 0.738852 0.707602 0.686137 0.690109 0.723336 0.771918 0.816106 0.845094 0.853887 0.834787 0.779399 0.697732 0.642169 0.676622 0.757384 0.823483 0.852404 0.840495 0.780179 0.666075 0.534220 0.467979 0.511700 0.620571 0.718913 0.775003 0.795885 0.799061 0.799660 0.806179 0.817767 0.822094 0.792459 0.684034 0.458602 0.193059 0.107028 0.000000
1.000000 0.408088 0.267169 0.397833 0.610813 0.751414 0.807718 0.817437 0.811765 0.808179 0.811824 0.817009 0.809226 0.767533 0.673597 0.545614 0.475289 0.542885 0.684159 0.795092 0.843198 0.830559 0.745809 0.579685 0.390132 0.328665 0.446452 0.643610 0.784398 0.844904 0.852500 0.835241 0.808694 0.782355 0.764462 0.758957 0.763129 0.770533 0.774576 0.772226 0.764303 0.753658 0.743210 0.734835 0.729177 0.725969 0.724495 0.723992 0.723869 0.723762 0.723494 0.723002 0.722279 0.721337 0.720192 0.718867 0.717403 0.715861 0.714326 0.712897 0.711669 0.710716 0.710070 0.709736 0.709715 0.710033 0.710745 0.711904 0.713512 0.715488 0.717665 0.719818 0.721708 0.723125 0.723924 0.724048 0.723541 0.722536 0.721231 0.719851 0.718614 0.717695 0.717188 0.717084 0.717244 0.717419 0.717293 0.716562 0.715025 0.712668 0.709728 0.706704 0.704314 0.703329 0.704335 0.707474 0.712329 0.718016 0.723458 0.727669 0.729949 0.729949 0.727669 0.723458 0.718017 0.712329 0.707474 0.704335 0.703329 0.704313 0.706704 0.709728 0.712668 0.715025 0.716562 0.717293 0.717419 0.717244 0.717084 0.717188 0.717695 0.718614 0.719851 0.721231 0.722536 0.723541 0.724048 0.723924 0.723125 0.721708 0.719818 0.717664 0.715487 0.713512 0.711904 0.710745 0.710032 0.709714 0.709736 0.710070 0.710715 0.711668 0.712896 0.714326 0.715861 0.717403 0.718867 0.720191 0.721337 0.722279 0.723002 0.723493 0.723762 0.723869 0.723992 0.724495 0.725969 0.729177 0.734835 0.743210 0.753658 0.764302 0.772226 0.774576 0.770533 0.763128 0.758955 0.764460 0.782354 0.808693 0.835241 0.852501 0.844905 0.784397 0.643601 0.446430 0.328631 0.390083 0.579642 0.745787 0.830551 0.843199 0.795096 0.684158 0.542866 0.475249 0.545578 0.673579 0.767530 0.809230 0.817015 0.811830 0.808185 0.811770 0.817445 0.807733 0.751443 0.610866 0.397907 0.267236 0.408121 1.000000
1.000000 0.681665 0.387159 0.351183 0.519580 0.690025 0.781775 0.812760 0.817108 0.817161 0.821772 0.828018 0.822033 0.779532 0.673134 0.510875 0.402820 0.480580 0.656616 0.785435 0.831530 0.793223 0.637909 0.357780 0.126095 0.087711 0.184728 0.452818 0.703630 0.821944 0.851049 0.842743 0.823720 0.805343 0.792403 0.785630 0.782798 0.780732 0.776703 0.769717 0.760544 0.750855 0.742253 0.735694 0.731372 0.728921 0.727740 0.727247 0.727019 0.726813 0.726527 0.726141 0.725667 0.725117 0.724494 0.723794 0.723015 0.722169 0.721287 0.720423 0.719641 0.719002 0.718550 0.718308 0.718283 0.718483 0.718914 0.719575 0.720439 0.721441 0.722484 0.723447 0.724213 0.724683 0.724800 0.724561 0.724019 0.723278 0.722477 0.721755 0.721230 0.720965 0.720955 0.721110 0.721268 0.721224 0.720773 0.719776 0.718209 0.716211 0.714088 0.712286 0.711302 0.711546 0.713189 0.716075 0.719741 0.723562 0.726933 0.729397 0.730686 0.730686 0.729397 0.726933 0.723562 0.719741 0.716075 0.713189 0.711546 0.711302 0.712286 0.714088 0.716211 0.718209 0.719776 0.720774 0.721224 0.721268 0.721110 0.720955 0.720965 0.721230 0.721755 0.722477 0.723279 0.724019 0.724561 0.724801 0.724683 0.724213 0.723447 0.722483 0.721441 0.720438 0.719575 0.718913 0.718482 0.718282 0.718307 0.718550 0.719001 0.719640 0.720422 0.721287 0.722168 0.723015 0.723794 0.724494 0.725116 0.725667 0.726141 0.726527 0.726813 0.727019 0.727247 0.727740 0.728921 0.731372 0.735694 0.742253 0.750855 0.760543 0.769717 0.776703 0.780732 0.782798 0.785630 0.792403 0.805342 0.823720 0.842743 0.851050 0.821945 0.703629 0.452809 0.184713 0.087695 0.126064 0.357731 0.637876 0.793210 0.831527 0.785436 0.656614 0.480561 0.402785 0.510844 0.673120 0.779531 0.822038 0.828026 0.821781 0.817170 0.817118 0.812773 0.781795 0.690061 0.519642 0.351264 0.387224 0.681692 1.000000
1.000000 0.735133 0.449211 0.319616 0.427656 0.617530 0.746252 0.801884 0.817865 0.819840 0.818928 0.815491 0.799052 0.746050 0.628202 0.456223 0.345962 0.431254 0.626147 0.767622 0.813180 0.755878 0.551183 0.216848 0.007026 0.000463 0.032754 0.301059 0.622647 0.792052 0.841896 0.841317 0.826136 0.810501 0.798923 0.791457 0.786214 0.781143 0.774846 0.767051 0.758447 0.750148 0.743120 0.737860 0.734370 0.732307 0.731198 0.730610 0.730238 0.729914 0.729577 0.729222 0.728869 0.728531 0.728211 0.727897 0.727573 0.727226 0.726858 0.726485 0.726139 0.725852 0.725652 0.725553 0.725557 0.725656 0.725839 0.726085 0.726366 0.726644 0.726873 0.727008 0.727010 0.726858 0.726551 0.726118 0.725610 0.725101 0.724670 0.724382 0.724274 0.724335 0.724504 0.724672 0.724700 0.724448 0.723814 0.722768 0.721384 0.719844 0.718421 0.717426 0.717127 0.717662 0.718977 0.720831 0.722873 0.724758 0.726244 0.727228 0.727707 0.727707 0.727228 0.726244 0.724758 0.722873 0.720831 0.718977 0.717662 0.717127 0.717426 0.718421 0.719844 0.721384 0.722768 0.723814 0.724449 0.724700 0.724672 0.724504 0.724335 0.724274 0.724383 0.724670 0.725101 0.725610 0.726118 0.726551 0.726858 0.727010 0.727008 0.726873 0.726644 0.726366 0.726085 0.725838 0.725656 0.725557 0.725553 0.725652 0.725851 0.726138 0.726485 0.726857 0.727226 0.727572 0.727897 0.728211 0.728531 0.728869 0.729222 0.729577 0.729914 0.730238 0.730610 0.731198 0.732307 0.734370 0.737860 0.743119 0.750148 0.758447 0.767050 0.774846 0.781143 0.786214 0.791457 0.798923 0.810501 0.826136 0.841317 0.841897 0.792053 0.622649 0.301059 0.032748 0.000462 0.007018 0.216812 0.551150 0.755862 0.813176 0.767624 0.626154 0.431262 0.345963 0.456219 0.628198 0.746049 0.799053 0.815494 0.818935 0.819850 0.817878 0.801899 0.746267 0.617545 0.427673 0.319632 0.449225 0.735142 1.000000
1.000000 0.623597 0.487700 0.346702 0.392742 0.568305 0.714366 0.787691 0.812012 0.810064 0.789722 0.752636 0.701219 0.628815 0.522660 0.400635 0.348640 0.447835 0.626899 0.757587 0.798741 0.739071 0.539125 0.219719 -0.000007 -0.000007 -0.000007 0.265511 0.586221 0.768003 0.828009 0.832920 0.820617 0.806633 0.795892 0.788583 0.783124 0.777878 0.771860 0.764947 0.757676 0.750835 0.745080 0.740727 0.737745 0.735868 0.734745 0.734057 0.733576 0.733173 0.732801 0.732456 0.732154 0.731909 0.731725 0.731593 0.731496 0.731416 0.731342 0.731269 0.731204 0.731157 0.731136 0.731143 0.731172 0.731208 0.731234 0.731229 0.731172 0.731046 0.730836 0.730539 0.730160 0.729717 0.729239 0.728763 0.728334 0.727996 0.727784 0.727712 0.727766 0.727899 0.728036 0.728078 0.727930 0.727513 0.726798 0.725819 0.724681 0.723548 0.722615 0.722052 0.721957 0.722311 0.722975 0.723737 0.724385 0.724785 0.724926 0.724899 0.724839 0.724839 0.724899 0.724926 0.724785 0.724385 0.723738 0.722976 0.722311 0.721957 0.722052 0.722615 0.723548 0.724681 0.725819 0.726798 0.727513 0.727930 0.728078 0.728036 0.727899 0.727766 0.727712 0.727784 0.727996 0.728334 0.728763 0.729239 0.729717 0.730160 0.730539 0.730836 0.731046 0.731172 0.731229 0.731234 0.731208 0.731172 0.731143 0.731136 0.731156 0.731204 0.731269 0.731342 0.731416 0.731496 0.731593 0.731725 0.731909 0.732154 0.732456 0.732801 0.733173 0.733575 0.734057 0.734745 0.735868 0.737745 0.740727 0.745080 0.750835 0.757676 0.764947 0.771860 0.777878 0.783125 0.788584 0.795892 0.806633 0.820617 0.832920 0.828010 0.768006 0.586229 0.265524 -0.000007 -0.000007 -0.000007 0.219701 0.539103 0.739058 0.798738 0.757593 0.626920 0.447873 0.348681 0.400663 0.522667 0.628801 0.701197 0.752618 0.789717 0.810071 0.812025 0.787702 0.714362 0.568264 0.392655 0.346608 0.487650 0.623585 1.000000
0.000000 0.645603 0.560666 0.463730 0.464025 0.580409 0.704726 0.777417 0.802358 0.789472 0.733196 0.626383 0.497666 0.405989 0.362883 0.350987 0.394479 0.515499 0.662061 0.764041 0.797350 0.752568 0.603817 0.356116 0.129252 0.047711 0.120915 0.354750 0.609473 0.759085 0.812987 0.819380 0.809455 0.797412 0.788127 0.781973 0.777595 0.773529 0.768888 0.763512 0.757783 0.752295 0.747568 0.743875 0.741233 0.739470 0.738338 0.737598 0.737070 0.736644 0.736270 0.735938 0.735657 0.735439 0.735288 0.735202 0.735170 0.735177 0.735207 0.735251 0.735301 0.735355 0.735409 0.735456 0.735485 0.735481 0.735428 0.735309 0.735112 0.734830 0.734467 0.734035 0.733557 0.733063 0.732587 0.732167 0.731831 0.731602 0.731487 0.731472 0.731521 0.731580 0.731581 0.731454 0.731144 0.730623 0.729902 0.729041 0.728137 0.727312 0.726676 0.726296 0.726168 0.726208 0.726275 0.726220 0.725944 0.725443 0.724820 0.724248 0.723906 0.723906 0.724248 0.724820 0.725443 0.725944 0.726220 0.726275 0.726208 0.726168 0.726296 0.726676 0.727312 0.728137 0.729041 0.729902 0.730623 0.731145 0.731455 0.731581 0.731580 0.731521 0.731472 0.731487 0.731603 0.731831 0.732167 0.732587 0.733063 0.733557 0.734035 0.734467 0.734830 0.735112 0.735309 0.735428 0.735481 0.735485 0.735456 0.735409 0.735355 0.735301 0.735251 0.735207 0.735177 0.735170 0.735202 0.735288 0.735438 0.735657 0.735938 0.736270 0.736643 0.737070 0.737598 0.738338 0.739470 0.741233 0.743875 0.747568 0.752295 0.757783 0.763512 0.768888 0.773529 0.777595 0.781974 0.788128 0.797412 0.809455 0.819380 0.812988 0.759090 0.609486 0.354774 0.120942 0.047732 0.129265 0.356115 0.603809 0.752562 0.797350 0.764050 0.662090 0.515553 0.394546 0.351039 0.362896 0.405949 0.497589 0.626320 0.733168 0.789471 0.802367 0.777421 0.704698 0.580318 0.463868 0.463582 0.560585 0.645579 0.000000
1.000000 0.702686 0.678504 0.611619 0.595482 0.647466 0.723560 0.777413 0.795468 0.770605 0.679712 0.499314 0.286295 0.192616 0.234217 0.337091 0.465253 0.599717 0.713550 0.785777 0.811886 0.788597 0.703366 0.556025 0.399221 0.323369 0.366541 0.514364 0.669008 0.763718 0.799711 0.803275 0.794916 0.785270 0.778266 0.774140 0.771632 0.769372 0.766493 0.762778 0.758505 0.754176 0.750270 0.747087 0.744712 0.743062 0.741966 0.741237 0.740722 0.740319 0.739972 0.739663 0.739392 0.739170 0.739002 0.738891 0.738832 0.738817 0.738834 0.738870 0.738918 0.738967 0.739010 0.739038 0.739039 0.739001 0.738910 0.738756 0.738531 0.738237 0.737880 0.737476 0.737049 0.736628 0.736239 0.735910 0.735657 0.735485 0.735388 0.735340 0.735305 0.735235 0.735084 0.734810 0.734390 0.733827 0.733152 0.732424 0.731717 0.731104 0.730633 0.730308 0.730079 0.729855 0.729526 0.729006 0.728270 0.727377 0.726462 0.725707 0.725278 0.725278 0.725707 0.726462 0.727377 0.728270 0.729006 0.729527 0.729856 0.730079 0.730308 0.730633 0.731104 0.731717 0.732424 0.733152 0.733827 0.734390 0.734810 0.735084 0.735235 0.735305 0.735340 0.735388 0.735485 0.735657 0.735910 0.736239 0.736628 0.737049 0.737476 0.737880 0.738237 0.738531 0.738756 0.738910 0.739001 0.739039 0.739038 0.739010 0.738967 0.738918 0.738870 0.738834 0.738817 0.738832 0.738891 0.739001 0.739169 0.739392 0.739663 0.739972 0.740319 0.740722 0.741237 0.741966 0.743062 0.744712 0.747087 0.750270 0.754176 0.758505 0.762778 0.766494 0.769373 0.771633 0.774140 0.778266 0.785270 0.794916 0.803275 0.799712 0.763723 0.669021 0.514390 0.366575 0.323402 0.399245 0.556036 0.703368 0.788598 0.811889 0.785788 0.713578 0.599770 0.465326 0.337154 0.234234 0.192559 0.286172 0.499208 0.679665 0.770597 0.795473 0.777409 0.723523 0.647372 0.595346 0.611500 0.678439 0.702667 1.000000
0.990912 0.853734 0.759653 0.727532 0.710081 0.724190 0.757991 0.787937 0.796877 0.768015 0.671685 0.483072 0.264420 0.169093 0.239572 0.394219 0.552966 0.678583 0.764625 0.815951 0.838511 0.833396 0.796628 0.728630 0.650640 0.601579 0.607699 0.665072 0.732146 0.775186 0.790341 0.788557 0.780928 0.773916 0.769705 0.767964 0.767434 0.766882 0.765526 0.763140 0.759962 0.756468 0.753144 0.750331 0.748174 0.746650 0.745632 0.744964 0.744504 0.744150 0.743844 0.743561 0.743296 0.743057 0.742853 0.742690 0.742568 0.742484 0.742430 0.742398 0.742380 0.742366 0.742350 0.742322 0.742274 0.742196 0.742080 0.741920 0.741711 0.741456 0.741163 0.740843 0.740515 0.740197 0.739908 0.739662 0.739464 0.739311 0.739189 0.739075 0.738940 0.738751 0.738481 0.738112 0.737644 0.737094 0.736497 0.735899 0.735347 0.734876 0.734495 0.734177 0.733868 0.733490 0.732976 0.732285 0.731433 0.730495 0.729597 0.728886 0.728492 0.728492 0.728886 0.729597 0.730495 0.731433 0.732285 0.732976 0.733491 0.733868 0.734178 0.734495 0.734876 0.735347 0.735899 0.736497 0.737095 0.737645 0.738113 0.738481 0.738751 0.738940 0.739076 0.739189 0.739311 0.739464 0.739662 0.739908 0.740197 0.740515 0.740843 0.741163 0.741456 0.741711 0.741920 0.742080 0.742196 0.742274 0.742322 0.742350 0.742366 0.742380 0.742398 0.742430 0.742483 0.742568 0.742690 0.742853 0.743057 0.743296 0.743561 0.743844 0.744150 0.744503 0.744964 0.745632 0.746650 0.748174 0.750330 0.753144 0.756468 0.759962 0.763140 0.765526 0.766883 0.767434 0.767964 0.769705 0.773917 0.780929 0.788557 0.790343 0.775191 0.732157 0.665091 0.607725 0.601605 0.650661 0.728642 0.796635 0.833401 0.838517 0.815962 0.764648 0.678626 0.553027 0.394277 0.239588 0.169037 0.264306 0.482970 0.671636 0.768003 0.796879 0.787932 0.757962 0.724129 0.710003 0.727468 0.759620 0.853726 0.990915
1.000000 0.761545 0.801305 0.790407 0.780227 0.779998 0.791012 0.804261 0.807636 0.785696 0.716363 0.585224 0.430799 0.350305 0.395649 0.519464 0.647527 0.743502 0.806292 0.845331 0.867287 0.873425 0.862841 0.836787 0.802360 0.772774 0.759911 0.766856 0.780891 0.788735 0.787063 0.780159 0.773239 0.768997 0.767488 0.767582 0.768120 0.768240 0.767402 0.765461 0.762658 0.759458 0.756354 0.753708 0.751685 0.750272 0.749349 0.748762 0.748371 0.748073 0.747805 0.747542 0.747276 0.747016 0.746771 0.746550 0.746358 0.746194 0.746056 0.745938 0.745834 0.745738 0.745644 0.745546 0.745438 0.745316 0.745173 0.745006 0.744815 0.744600 0.744367 0.744124 0.743880 0.743646 0.743430 0.743236 0.743062 0.742902 0.742742 0.742564 0.742348 0.742076 0.741739 0.741333 0.740870 0.740372 0.739866 0.739384 0.738950 0.738574 0.738245 0.737931 0.737584 0.737156 0.736611 0.735939 0.735172 0.734376 0.733646 0.733086 0.732781 0.732781 0.733086 0.733646 0.734376 0.735172 0.735939 0.736611 0.737156 0.737584 0.737931 0.738245 0.738574 0.738950 0.739384 0.739866 0.740372 0.740871 0.741334 0.741739 0.742076 0.742348 0.742564 0.742742 0.742902 0.743062 0.743236 0.743430 0.743646 0.743880 0.744124 0.744367 0.744600 0.744815 0.745006 0.745173 0.745316 0.745438 0.745546 0.745644 0.745738 0.745834 0.745938 0.746056 0.746194 0.746358 0.746550 0.746771 0.747016 0.747276 0.747541 0.747805 0.748072 0.748371 0.748762 0.749349 0.750272 0.751685 0.753708 0.756354 0.759457 0.762658 0.765461 0.767401 0.768239 0.768120 0.767581 0.767487 0.768996 0.773238 0.780160 0.787065 0.788739 0.780899 0.766868 0.759926 0.772788 0.802372 0.836796 0.862846 0.873429 0.867292 0.845340 0.806308 0.743531 0.647569 0.519505 0.395660 0.350265 0.430725 0.585159 0.716330 0.785687 0.807636 0.804258 0.790996 0.779969 0.780195 0.790382 0.801295 0.761546 1.000000
0.000000 0.758097 0.807452 0.819956 0.815741 0.813001 0.815752 0.821710 0.824532 0.815016 0.781608 0.717655 0.639304 0.589701 0.601217 0.661298 0.732840 0.791198 0.831836 0.859357 0.877316 0.885280 0.883247 0.873704 0.859179 0.842884 0.829086 0.820101 0.812364 0.802635 0.791665 0.782544 0.777537 0.776298 0.776762 0.777166 0.776841 0.775692 0.773656 0.770755 0.767236 0.763544 0.760152 0.757382 0.755345 0.753980 0.753129 0.752614 0.752282 0.752025 0.751782 0.751523 0.751246 0.750958 0.750671 0.750396 0.750139 0.749902 0.749686 0.749486 0.749301 0.749125 0.748956 0.748789 0.748622 0.748452 0.748276 0.748094 0.747905 0.747710 0.747511 0.747312 0.747116 0.746927 0.746745 0.746571 0.746397 0.746217 0.746020 0.745794 0.745528 0.745216 0.744859 0.744462 0.744039 0.743610 0.743194 0.742809 0.742462 0.742151 0.741857 0.741554 0.741210 0.740800 0.740310 0.739749 0.739147 0.738555 0.738034 0.737645 0.737437 0.737437 0.737645 0.738034 0.738555 0.739147 0.739749 0.740310 0.740800 0.741210 0.741554 0.741857 0.742151 0.742463 0.742809 0.743195 0.743610 0.744040 0.744462 0.744859 0.745217 0.745528 0.745794 0.746020 0.746218 0.746398 0.746571 0.746746 0.746927 0.747116 0.747312 0.747511 0.747710 0.747905 0.748094 0.748276 0.748452 0.748622 0.748789 0.748955 0.749125 0.749301 0.749486 0.749686 0.749902 0.750138 0.750396 0.750671 0.750958 0.751246 0.751523 0.751781 0.752025 0.752282 0.752613 0.753129 0.753980 0.755345 0.757382 0.760152 0.763544 0.767235 0.770754 0.773655 0.775690 0.776839 0.777163 0.776760 0.776296 0.777535 0.782543 0.791666 0.802638 0.812369 0.820107 0.829091 0.842887 0.859180 0.873702 0.883244 0.885277 0.877316 0.859360 0.831844 0.791215 0.732865 0.661322 0.601225 0.589684 0.639272 0.717626 0.781593 0.815012 0.824533 0.821710 0.815747 0.812992 0.815732 0.819951 0.807453 0.758103 0.000000
0.986420 0.764915 0.824315 0.831797 0.832417 0.831261 0.832862 0.837093 0.841146 0.841067 0.832448 0.811753 0.782555 0.758685 0.753994 0.769990 0.796162 0.819719 0.832332 0.832814 0.825719 0.814663 0.803785 0.800721 0.808769 0.822360 0.833785 0.836699 0.829739 0.817063 0.804856 0.797644 0.796324 0.798212 0.799487 0.798195 0.794705 0.790095 0.784968 0.779533 0.774059 0.768987 0.764725 0.761482 0.759238 0.757818 0.756982 0.756502 0.756201 0.755961 0.755718 0.755445 0.755142 0.754818 0.754488 0.754161 0.753846 0.753547 0.753265 0.752997 0.752743 0.752499 0.752265 0.752038 0.751817 0.751602 0.751391 0.751184 0.750982 0.750784 0.750590 0.750402 0.750219 0.750040 0.749862 0.749682 0.749494 0.749290 0.749064 0.748810 0.748524 0.748206 0.747862 0.747500 0.747134 0.746776 0.746438 0.746128 0.745843 0.745575 0.745308 0.745025 0.744708 0.744347 0.743946 0.743518 0.743087 0.742686 0.742349 0.742105 0.741978 0.741978 0.742105 0.742349 0.742686 0.743087 0.743518 0.743946 0.744348 0.744708 0.745025 0.745309 0.745575 0.745843 0.746128 0.746439 0.746776 0.747134 0.747500 0.747862 0.748206 0.748524 0.748810 0.749065 0.749290 0.749494 0.749682 0.749862 0.750040 0.750219 0.750402 0.750590 0.750784 0.750982 0.751184 0.751391 0.751602 0.751817 0.752038 0.752265 0.752499 0.752743 0.752997 0.753265 0.753547 0.753846 0.754161 0.754487 0.754818 0.755142 0.755445 0.755718 0.755961 0.756201 0.756502 0.756981 0.757818 0.759238 0.761481 0.764725 0.768987 0.774058 0.779531 0.784966 0.790092 0.794702 0.798191 0.799482 0.798208 0.796321 0.797642 0.804856 0.817064 0.829740 0.836699 0.833780 0.822347 0.808749 0.800696 0.803759 0.814639 0.825702 0.832806 0.832333 0.819727 0.796175 0.770003 0.754000 0.758683 0.782547 0.811745 0.832444 0.841068 0.841148 0.837094 0.832862 0.831260 0.832417 0.831799 0.824320 0.764921 0.986421
0.975532 0.874090 0.826618 0.837126 0.840130 0.841696 0.844351 0.847558 0.848338 0.845341 0.840799 0.836833 0.833325 0.830557 0.829342 0.831101 0.834251 0.830169 0.802727 0.738653 0.651692 0.577066 0.538459 0.535138 0.590598 0.689725 0.778149 0.825834 0.837666 0.832615 0.825360 0.823011 0.826091 0.830452 0.831158 0.826603 0.818550 0.809367 0.800125 0.791140 0.782821 0.775677 0.770064 0.766037 0.763396 0.761803 0.760908 0.760412 0.760103 0.759847 0.759578 0.759271 0.758928 0.758559 0.758180 0.757803 0.757436 0.757083 0.756745 0.756422 0.756111 0.755813 0.755525 0.755249 0.754982 0.754726 0.754480 0.754244 0.754018 0.753801 0.753593 0.753393 0.753198 0.753006 0.752813 0.752614 0.752405 0.752181 0.751937 0.751672 0.751386 0.751083 0.750769 0.750453 0.750143 0.749847 0.749571 0.749313 0.749070 0.748832 0.748588 0.748328 0.748047 0.747746 0.747432 0.747121 0.746829 0.746576 0.746374 0.746234 0.746163 0.746163 0.746234 0.746374 0.746576 0.746830 0.747121 0.747432 0.747746 0.748048 0.748329 0.748588 0.748832 0.749070 0.749313 0.749571 0.749847 0.750143 0.750453 0.750770 0.751084 0.751387 0.751672 0.751937 0.752181 0.752405 0.752614 0.752813 0.753006 0.753198 0.753393 0.753593 0.753801 0.754018 0.754244 0.754480 0.754726 0.754982 0.755249 0.755525 0.755813 0.756111 0.756422 0.756745 0.757083 0.757436 0.757803 0.758180 0.758559 0.758928 0.759271 0.759578 0.759847 0.760102 0.760412 0.760908 0.761803 0.763395 0.766037 0.770063 0.775676 0.782819 0.791138 0.800122 0.809363 0.818545 0.826598 0.831152 0.830448 0.826088 0.823008 0.825358 0.832615 0.837665 0.825829 0.778134 0.689693 0.590547 0.535081 0.538402 0.577009 0.651647 0.738629 0.802721 0.830172 0.834258 0.831109 0.829349 0.830563 0.833330 0.836838 0.840806 0.845347 0.848342 0.847560 0.844353 0.841698 0.840132 0.837130 0.826623 0.874094 0.975532
0.996817 0.763555 0.824412 0.837230 0.844157 0.848275 0.851884 0.851304 0.837641 0.804255 0.763523 0.743540 0.759506 0.795940 0.827966 0.845900 0.848947 0.828488 0.757173 0.597040 0.375525 0.241374 0.202104 0.192665 0.253081 0.464918 0.682303 0.800430 0.841461 0.848967 0.848763 0.850566 0.855288 0.859043 0.857344 0.849663 0.838886 0.827344 0.815451 0.803526 0.792432 0.783077 0.775928 0.770951 0.767780 0.765919 0.764892 0.764326 0.763967 0.763663 0.763343 0.762983 0.762585 0.762163 0.761732 0.761304 0.760887 0.760485 0.760099 0.759727 0.759371 0.759027 0.758697 0.758379 0.758074 0.757782 0.757503 0.757236 0.756982 0.756739 0.756507 0.756283 0.756064 0.755849 0.755632 0.755411 0.755182 0.754943 0.754691 0.754427 0.754153 0.753874 0.753595 0.753321 0.753059 0.752811 0.752577 0.752355 0.752139 0.751922 0.751698 0.751463 0.751219 0.750971 0.750730 0.750508 0.750315 0.750159 0.750044 0.749969 0.749933 0.749933 0.749969 0.750044 0.750159 0.750315 0.750508 0.750730 0.750972 0.751219 0.751464 0.751699 0.751923 0.752140 0.752356 0.752578 0.752811 0.753059 0.753322 0.753595 0.753875 0.754154 0.754427 0.754691 0.754943 0.755183 0.755411 0.755632 0.755849 0.756064 0.756283 0.756507 0.756739 0.756982 0.757236 0.757503 0.757782 0.758074 0.758379 0.758697 0.759027 0.759371 0.759727 0.760098 0.760485 0.760887 0.761304 0.761732 0.762163 0.762585 0.762983 0.763343 0.763663 0.763966 0.764326 0.764892 0.765918 0.767780 0.770951 0.775927 0.783076 0.792431 0.803524 0.815449 0.827341 0.838884 0.849661 0.857342 0.859042 0.855286 0.850564 0.848762 0.848966 0.841459 0.800422 0.682282 0.464875 0.253031 0.192624 0.202062 0.241324 0.375474 0.597011 0.757165 0.828490 0.848952 0.845906 0.827974 0.795951 0.759523 0.743563 0.763546 0.804272 0.837650 0.851308 0.851886 0.848277 0.844159 0.837233 0.824416 0.763558 0.996817
0.000000 0.753765 0.812564 0.838475 0.847441 0.853696 0.857616 0.850754 0.811444 0.709692 0.556423 0.452714 0.486106 0.611784 0.733339 0.812836 0.842265 0.822267 0.725810 0.501156 0.199834 0.039963 0.022395 0.016273 0.040461 0.291049 0.601467 0.778930 0.845131 0.863616 0.867175 0.865538 0.860091 0.852156 0.844128 0.839229 0.837153 0.833516 0.825410 0.813786 0.801372 0.790399 0.781919 0.776028 0.772297 0.770114 0.768904 0.768222 0.767775 0.767395 0.767002 0.766573 0.766110 0.765628 0.765141 0.764660 0.764194 0.763746 0.763315 0.762901 0.762504 0.762123 0.761756 0.761403 0.761065 0.760741 0.760431 0.760135 0.759852 0.759582 0.759322 0.759070 0.758826 0.758585 0.758345 0.758104 0.757859 0.757611 0.757357 0.757101 0.756844 0.756589 0.756341 0.756102 0.755875 0.755660 0.755454 0.755255 0.755057 0.754856 0.754650 0.754439 0.754228 0.754025 0.753838 0.753677 0.753547 0.753449 0.753384 0.753344 0.753326 0.753326 0.753344 0.753384 0.753450 0.753547 0.753677 0.753839 0.754025 0.754229 0.754439 0.754650 0.754856 0.755057 0.755255 0.755454 0.755660 0.755875 0.756103 0.756341 0.756590 0.756844 0.757101 0.757358 0.757611 0.757860 0.758104 0.758345 0.758585 0.758826 0.759071 0.759322 0.759582 0.759853 0.760135 0.760431 0.760741 0.761065 0.761403 0.761756 0.762123 0.762504 0.762901 0.763315 0.763746 0.764194 0.764660 0.765141 0.765628 0.766110 0.766573 0.767002 0.767394 0.767775 0.768222 0.768903 0.770114 0.772296 0.776027 0.781918 0.790398 0.801370 0.813785 0.825409 0.833517 0.837157 0.839238 0.844138 0.852165 0.860096 0.865540 0.867175 0.863615 0.845129 0.778923 0.601450 0.291023 0.040440 0.016262 0.022381 0.039944 0.199814 0.501141 0.725806 0.822268 0.842268 0.812839 0.733344 0.611796 0.486133 0.452757 0.556467 0.709720 0.811457 0.850759 0.857617 0.853697 0.847443 0.838477 0.812566 0.753767 0.000000
0.981900 0.761664 0.825732 0.841128 0.851429 0.859055 0.863292 0.851565 0.789394 0.614900 0.315322 0.111578 0.125565 0.292289 0.552668 0.742226 0.821987 0.819683 0.732595 0.523763 0.227717 0.017713 -0.000007 -0.000007 0.018851 0.283739 0.593302 0.777360 0.851000 0.873475 0.872198 0.847674 0.797372 0.740828 0.716793 0.742169 0.786252 0.816450 0.825226 0.819668 0.808438 0.796965 0.787648 0.781047 0.776820 0.774317 0.772899 0.772070 0.771508 0.771029 0.770548 0.770039 0.769504 0.768957 0.768411 0.767878 0.767363 0.766869 0.766396 0.765943 0.765509 0.765092 0.764692 0.764308 0.763940 0.763588 0.763250 0.762927 0.762617 0.762320 0.762034 0.761757 0.761488 0.761224 0.760965 0.760709 0.760454 0.760201 0.759950 0.759703 0.759462 0.759228 0.759003 0.758789 0.758585 0.758391 0.758203 0.758018 0.757833 0.757646 0.757457 0.757270 0.757089 0.756921 0.756773 0.756651 0.756558 0.756493 0.756451 0.756428 0.756418 0.756418 0.756428 0.756451 0.756493 0.756558 0.756652 0.756774 0.756921 0.757089 0.757270 0.757458 0.757646 0.757833 0.758018 0.758203 0.758391 0.758586 0.758789 0.759003 0.759228 0.759462 0.759704 0.759951 0.760201 0.760454 0.760709 0.760965 0.761225 0.761488 0.761757 0.762034 0.762320 0.762617 0.762927 0.763250 0.763588 0.763940 0.764308 0.764692 0.765092 0.765509 0.765943 0.766396 0.766869 0.767363 0.767878 0.768411 0.768956 0.769504 0.770038 0.770548 0.771028 0.771508 0.772070 0.772898 0.774317 0.776819 0.781046 0.787648 0.796964 0.808437 0.819667 0.825228 0.816457 0.786271 0.742203 0.716835 0.740863 0.797390 0.847681 0.872199 0.873475 0.850999 0.777356 0.593297 0.283737 0.018855 -0.000007 -0.000007 0.017721 0.227728 0.523768 0.732597 0.819685 0.821987 0.742222 0.552660 0.292288 0.125580 0.111606 0.315370 0.614934 0.789409 0.851570 0.863294 0.859056 0.851430 0.841130 0.825734 0.761665 0.981900
0.974629 0.875442 0.830534 0.845182 0.854639 0.863138 0.868125 0.856130 0.789646 0.597568 0.259933 -0.000007 -0.000007 0.072115 0.398023 0.678874 0.804980 0.826785 0.772498 0.629331 0.405436 0.191678 0.076603 0.066551 0.178311 0.415887 0.653849 0.796851 0.859060 0.877628 0.860981 0.784357 0.626453 0.439873 0.393534 0.517716 0.674551 0.775298 0.815482 0.821301 0.813415 0.802466 0.792846 0.785810 0.781218 0.778443 0.776823 0.775837 0.775144 0.774552 0.773973 0.773377 0.772767 0.772154 0.771549 0.770963 0.770401 0.769863 0.769349 0.768858 0.768389 0.767939 0.767508 0.767095 0.766699 0.766319 0.765956 0.765607 0.765273 0.764952 0.764642 0.764343 0.764054 0.763773 0.763499 0.763232 0.762971 0.762717 0.762470 0.762231 0.762002 0.761783 0.761575 0.761377 0.761188 0.761006 0.760829 0.760654 0.760480 0.760307 0.760136 0.759971 0.759816 0.759676 0.759556 0.759459 0.759387 0.759337 0.759306 0.759289 0.759282 0.759282 0.759289 0.759306 0.759337 0.759387 0.759460 0.759556 0.759676 0.759816 0.759971 0.760137 0.760308 0.760481 0.760655 0.760829 0.761006 0.761188 0.761377 0.761575 0.761784 0.762002 0.762232 0.762470 0.762717 0.762971 0.763232 0.763499 0.763773 0.764054 0.764344 0.764643 0.764952 0.765273 0.765608 0.765956 0.766320 0.766699 0.767095 0.767508 0.767939 0.768389 0.768858 0.769349 0.769863 0.770401 0.770963 0.771549 0.772154 0.772767 0.773377 0.773973 0.774552 0.775144 0.775837 0.776823 0.778443 0.781217 0.785810 0.792846 0.802465 0.813414 0.821302 0.815487 0.775312 0.674584 0.517777 0.393611 0.439933 0.626480 0.784363 0.860982 0.877628 0.859060 0.796851 0.653853 0.415902 0.178337 0.066579 0.076633 0.191711 0.405463 0.629345 0.772504 0.826786 0.804976 0.678860 0.397996 0.072094 -0.000007 -0.000007 0.259962 0.597594 0.789659 0.856135 0.868128 0.863140 0.854642 0.845185 0.830537 0.875444 0.974628
0.999882 0.770081 0.829968 0.842356 0.852102 0.861416 0.868615 0.861764 0.811174 0.664524 0.395941 0.125331 0.019968 0.128168 0.414037 0.677408 0.808498 0.844872 0.822819 0.745903 0.615717 0.466527 0.362042 0.347458 0.435380 0.591127 0.734279 0.823746 0.866836 0.877161 0.840728 0.699324 0.396051 0.117563 0.069799 0.273809 0.552266 0.730302 0.803297 0.820801 0.816689 0.806771 0.797285 0.790122 0.785349 0.782397 0.780616 0.779484 0.778660 0.777952 0.777271 0.776587 0.775901 0.775223 0.774561 0.773924 0.773315 0.772735 0.772182 0.771654 0.771151 0.770669 0.770208 0.769767 0.769344 0.768939 0.768551 0.768180 0.767823 0.767480 0.767151 0.766834 0.766528 0.766233 0.765948 0.765673 0.765409 0.765155 0.764911 0.764679 0.764459 0.764249 0.764051 0.763863 0.763682 0.763509 0.763340 0.763174 0.763012 0.762853 0.762699 0.762554 0.762421 0.762303 0.762204 0.762124 0.762064 0.762022 0.761994 0.761978 0.761971 0.761971 0.761978 0.761994 0.762022 0.762064 0.762124 0.762204 0.762304 0.762421 0.762554 0.762700 0.762853 0.763012 0.763175 0.763340 0.763509 0.763683 0.763863 0.764052 0.764250 0.764459 0.764680 0.764912 0.765155 0.765409 0.765674 0.765948 0.766233 0.766528 0.766834 0.767151 0.767481 0.767823 0.768180 0.768552 0.768939 0.769344 0.769767 0.770208 0.770669 0.771151 0.771655 0.772182 0.772735 0.773315 0.773924 0.774561 0.775223 0.775901 0.776587 0.777271 0.777952 0.778660 0.779484 0.780616 0.782397 0.785348 0.790121 0.797284 0.806771 0.816689 0.820802 0.803303 0.730317 0.552300 0.273860 0.069844 0.117594 0.396055 0.699319 0.840725 0.877160 0.866837 0.823748 0.734287 0.591146 0.435412 0.347499 0.362085 0.466565 0.615743 0.745917 0.822825 0.844874 0.808493 0.677391 0.414003 0.128135 0.019953 0.125332 0.395954 0.664539 0.811184 0.861770 0.868621 0.861424 0.852111 0.842365 0.829976 0.770086 0.999882
0.000000 0.761572 0.810406 0.826221 0.831761 0.843057 0.857032 0.861768 0.837075 0.754278 0.596789 0.411638 0.317322 0.383268 0.567962 0.737959 0.833213 0.868480 0.865576 0.830945 0.767558 0.690973 0.631273 0.616147 0.654273 0.726445 0.796406 0.844550 0.870752 0.873102 0.823670 0.648430 0.301169 0.009985 -0.000007 0.199858 0.504103 0.709185 0.796332 0.819932 0.818428 0.809682 0.800736 0.793802 0.789088 0.786097 0.784223 0.782976 0.782033 0.781213 0.780433 0.779665 0.778907 0.778166 0.777450 0.776765 0.776112 0.775491 0.774900 0.774338 0.773801 0.773289 0.772799 0.772331 0.771882 0.771453 0.771042 0.770649 0.770272 0.769910 0.769564 0.769231 0.768912 0.768606 0.768313 0.768033 0.767766 0.767511 0.767270 0.767042 0.766826 0.766623 0.766430 0.766247 0.766073 0.765905 0.765744 0.765587 0.765436 0.765291 0.765155 0.765028 0.764914 0.764814 0.764730 0.764662 0.764610 0.764571 0.764545 0.764529 0.764521 0.764521 0.764529 0.764545 0.764571 0.764610 0.764662 0.764730 0.764815 0.764914 0.765028 0.765155 0.765292 0.765436 0.765588 0.765744 0.765906 0.766073 0.766248 0.766431 0.766623 0.766827 0.767043 0.767271 0.767512 0.767766 0.768033 0.768313 0.768606 0.768912 0.769231 0.769564 0.769911 0.770272 0.770649 0.771043 0.771453 0.771882 0.772331 0.772799 0.773289 0.773801 0.774338 0.774901 0.775491 0.776112 0.776765 0.777450 0.778166 0.778907 0.779665 0.780433 0.781213 0.782033 0.782976 0.784223 0.786097 0.789087 0.793802 0.800735 0.809682 0.818428 0.819933 0.796337 0.709195 0.504118 0.199869 -0.000007 0.009962 0.301127 0.648407 0.823663 0.873102 0.870753 0.844553 0.796413 0.726459 0.654297 0.616178 0.631304 0.690998 0.767576 0.830954 0.865581 0.868481 0.833210 0.737946 0.567936 0.383237 0.317301 0.411633 0.596794 0.754286 0.837083 0.861776 0.857045 0.843074 0.831782 0.826241 0.810422 0.761582 0.000000
0.995103 0.762202 0.798239 0.780052 0.770384 0.785769 0.819290 0.847578 0.851523 0.819954 0.750648 0.666891 0.619380 0.644808 0.725878 0.806886 0.856843 0.878612 0.880641 0.866559 0.839722 0.807494 0.780407 0.768685 0.777577 0.802571 0.831268 0.854765 0.869432 0.867074 0.819424 0.669838 0.395509 0.155686 0.133443 0.317153 0.557564 0.723380 0.798080 0.819642 0.818854 0.811218 0.803166 0.796807 0.792392 0.789504 0.787614 0.786290 0.785247 0.784326 0.783455 0.782608 0.781782 0.780984 0.780218 0.779488 0.778794 0.778135 0.777510 0.776914 0.776346 0.775804 0.775287 0.774792 0.774319 0.773867 0.773435 0.773021 0.772626 0.772247 0.771885 0.771539 0.771209 0.770894 0.770594 0.770309 0.770040 0.769784 0.769544 0.769317 0.769104 0.768903 0.768714 0.768535 0.768364 0.768202 0.768048 0.767901 0.767761 0.767630 0.767509 0.767399 0.767300 0.767215 0.767143 0.767084 0.767037 0.767001 0.766975 0.766959 0.766951 0.766951 0.766959 0.766975 0.767001 0.767037 0.767084 0.767143 0.767215 0.767301 0.767399 0.767509 0.767631 0.767762 0.767901 0.768048 0.768203 0.768365 0.768535 0.768714 0.768904 0.769104 0.769318 0.769544 0.769785 0.770040 0.770310 0.770595 0.770895 0.771209 0.771540 0.771886 0.772248 0.772626 0.773022 0.773435 0.773868 0.774320 0.774792 0.775287 0.775804 0.776346 0.776914 0.777510 0.778136 0.778794 0.779488 0.780218 0.780984 0.781782 0.782608 0.783455 0.784326 0.785247 0.786290 0.787614 0.789504 0.792391 0.796807 0.803166 0.811218 0.818854 0.819644 0.798082 0.723383 0.557560 0.317130 0.133395 0.155617 0.395445 0.669806 0.819415 0.867074 0.869434 0.854768 0.831273 0.802579 0.777591 0.768701 0.780423 0.807507 0.839731 0.866565 0.880643 0.878612 0.856841 0.806879 0.725865 0.644792 0.619368 0.666887 0.750650 0.819960 0.851530 0.847589 0.819309 0.785799 0.770420 0.780086 0.798264 0.762217 0.995103
0.991548 0.861980 0.762420 0.697187 0.643900 0.665338 0.744108 0.815835 0.850849 0.852766 0.832360 0.804382 0.788052 0.795502 0.820808 0.841482 0.842611 0.828302 0.815640 0.815598 0.825607 0.833540 0.834125 0.830683 0.830132 0.835779 0.845577 0.856222 0.864079 0.860874 0.826970 0.731794 0.571317 0.428682 0.410356 0.517488 0.658519 0.758372 0.805990 0.819956 0.818367 0.811717 0.804789 0.799249 0.795307 0.792630 0.790784 0.789416 0.788293 0.787284 0.786331 0.785413 0.784527 0.783677 0.782866 0.782096 0.781365 0.780671 0.780012 0.779386 0.778789 0.778219 0.777676 0.777157 0.776661 0.776187 0.775735 0.775303 0.774890 0.774496 0.774120 0.773763 0.773422 0.773099 0.772793 0.772503 0.772230 0.771973 0.771732 0.771505 0.771292 0.771093 0.770905 0.770729 0.770563 0.770406 0.770259 0.770121 0.769993 0.769874 0.769766 0.769670 0.769584 0.769510 0.769447 0.769395 0.769352 0.769319 0.769294 0.769278 0.769270 0.769270 0.769278 0.769294 0.769319 0.769352 0.769395 0.769447 0.769510 0.769585 0.769670 0.769767 0.769875 0.769993 0.770122 0.770259 0.770407 0.770563 0.770729 0.770906 0.771093 0.771293 0.771505 0.771732 0.771974 0.772231 0.772504 0.772793 0.773100 0.773423 0.773763 0.774121 0.774496 0.774890 0.775303 0.775735 0.776188 0.776661 0.777157 0.777676 0.778219 0.778789 0.779386 0.780012 0.780671 0.781365 0.782096 0.782866 0.783677 0.784527 0.785413 0.786332 0.787285 0.788293 0.789416 0.790784 0.792630 0.795307 0.799249 0.804789 0.811717 0.818368 0.819957 0.805991 0.758370 0.658507 0.517456 0.410299 0.428614 0.571263 0.731768 0.826963 0.860874 0.864082 0.856225 0.845581 0.835784 0.830139 0.830691 0.834132 0.833543 0.825606 0.815595 0.815638 0.828302 0.842612 0.841481 0.820804 0.795497 0.788048 0.804381 0.832362 0.852771 0.850856 0.815843 0.744119 0.665361 0.643937 0.697224 0.762448 0.861995 0.991549
1.000000 0.740506 0.727154 0.613888 0.495578 0.516764 0.658233 0.779341 0.841759 0.863433 0.864855 0.859630 0.856681 0.858754 0.857975 0.831616 0.753946 0.639869 0.558739 0.596385 0.698654 0.788529 0.833897 0.846866 0.847237 0.846606 0.848602 0.852935 0.857164 0.855546 0.837104 0.789247 0.715266 0.651808 0.640990 0.684733 0.746173 0.792305 0.814871 0.820459 0.817509 0.811711 0.805958 0.801324 0.797928 0.795511 0.793742 0.792353 0.791165 0.790083 0.789059 0.788080 0.787141 0.786246 0.785396 0.784589 0.783825 0.783100 0.782411 0.781756 0.781132 0.780537 0.779970 0.779428 0.778911 0.778417 0.777946 0.777497 0.777068 0.776660 0.776272 0.775904 0.775554 0.775223 0.774910 0.774616 0.774339 0.774079 0.773835 0.773607 0.773394 0.773195 0.773009 0.772835 0.772673 0.772522 0.772382 0.772253 0.772134 0.772026 0.771930 0.771844 0.771768 0.771703 0.771647 0.771600 0.771561 0.771530 0.771507 0.771492 0.771484 0.771484 0.771492 0.771507 0.771530 0.771561 0.771600 0.771647 0.771703 0.771769 0.771844 0.771930 0.772027 0.772134 0.772253 0.772382 0.772523 0.772674 0.772836 0.773010 0.773196 0.773395 0.773608 0.773836 0.774079 0.774339 0.774616 0.774911 0.775223 0.775554 0.775904 0.776273 0.776661 0.777069 0.777497 0.777946 0.778418 0.778911 0.779428 0.779970 0.780538 0.781132 0.781756 0.782411 0.783100 0.783825 0.784589 0.785396 0.786247 0.787142 0.788080 0.789059 0.790083 0.791166 0.792353 0.793742 0.795511 0.797928 0.801324 0.805958 0.811711 0.817509 0.820460 0.814871 0.792302 0.746163 0.684710 0.640954 0.651768 0.715236 0.789232 0.837100 0.855547 0.857167 0.852938 0.848605 0.846610 0.847241 0.846869 0.833896 0.788519 0.698634 0.596361 0.558728 0.639875 0.753955 0.831621 0.857976 0.858754 0.856681 0.859632 0.864858 0.863438 0.841762 0.779335 0.658206 0.516721 0.495557 0.613898 0.727173 0.740521 1.000000
0.000000 0.715376 0.696892 0.613191 0.489901 0.492193 0.633153 0.764111 0.835232 0.864514 0.874232 0.877448 0.879974 0.880494 0.865246 0.795841 0.610639 0.316658 0.156510 0.228514 0.486769 0.705705 0.811905 0.845964 0.851018 0.848869 0.847482 0.848525 0.850799 0.850883 0.843339 0.823517 0.794520 0.770467 0.765001 0.778444 0.798841 0.814414 0.821122 0.820762 0.816747 0.811690 0.807004 0.803216 0.800343 0.798182 0.796497 0.795099 0.793862 0.792719 0.791637 0.790607 0.789625 0.788693 0.787808 0.786971 0.786177 0.785424 0.784709 0.784028 0.783380 0.782762 0.782172 0.781609 0.781073 0.780561 0.780073 0.779608 0.779165 0.778744 0.778344 0.777965 0.777607 0.777268 0.776949 0.776649 0.776368 0.776104 0.775858 0.775628 0.775414 0.775215 0.775030 0.774859 0.774701 0.774555 0.774421 0.774299 0.774188 0.774089 0.774001 0.773924 0.773856 0.773797 0.773746 0.773704 0.773668 0.773640 0.773618 0.773604 0.773596 0.773596 0.773604 0.773618 0.773640 0.773668 0.773704 0.773747 0.773797 0.773856 0.773924 0.774002 0.774090 0.774189 0.774299 0.774421 0.774555 0.774701 0.774860 0.775031 0.775216 0.775415 0.775629 0.775859 0.776105 0.776368 0.776650 0.776950 0.777269 0.777607 0.777966 0.778345 0.778744 0.779165 0.779608 0.780073 0.780561 0.781073 0.781610 0.782172 0.782762 0.783380 0.784028 0.784709 0.785424 0.786177 0.786971 0.787809 0.788693 0.789626 0.790607 0.791638 0.792719 0.793862 0.795099 0.796498 0.798182 0.800343 0.803217 0.807004 0.811690 0.816748 0.820763 0.821123 0.814413 0.798836 0.778434 0.764985 0.770450 0.794507 0.823511 0.843338 0.850885 0.850802 0.848528 0.847486 0.848872 0.851021 0.845964 0.811898 0.705683 0.486725 0.228469 0.156502 0.316682 0.610665 0.795855 0.865251 0.880496 0.879975 0.877450 0.874236 0.864518 0.835230 0.764089 0.633084 0.492071 0.489804 0.613161 0.696896 0.715386 0.000000
1.000000 0.590394 0.727381 0.689446 0.623172 0.615927 0.691737 0.781026 0.837276 0.863705 0.874926 0.880942 0.885674 0.885707 0.863219 0.769081 0.518931 0.147342 -0.000007 0.045302 0.355264 0.650173 0.795825 0.843933 0.852555 0.849913 0.846581 0.845430 0.846137 0.846785 0.844631 0.837716 0.827444 0.818829 0.815923 0.818465 0.822669 0.824929 0.824033 0.820720 0.816332 0.811951 0.808138 0.805047 0.802609 0.800667 0.799057 0.797656 0.796383 0.795193 0.794067 0.792997 0.791981 0.791017 0.790105 0.789241 0.788423 0.787645 0.786907 0.786203 0.785533 0.784894 0.784285 0.783704 0.783149 0.782621 0.782117 0.781638 0.781182 0.780749 0.780339 0.779950 0.779583 0.779237 0.778911 0.778606 0.778320 0.778052 0.777803 0.777571 0.777356 0.777157 0.776973 0.776804 0.776649 0.776507 0.776378 0.776262 0.776158 0.776066 0.775984 0.775913 0.775850 0.775796 0.775750 0.775710 0.775678 0.775651 0.775632 0.775618 0.775612 0.775612 0.775618 0.775632 0.775652 0.775678 0.775711 0.775750 0.775796 0.775851 0.775913 0.775985 0.776066 0.776159 0.776263 0.776379 0.776507 0.776649 0.776804 0.776974 0.777158 0.777357 0.777572 0.777804 0.778053 0.778320 0.778606 0.778912 0.779237 0.779583 0.779951 0.780339 0.780750 0.781183 0.781638 0.782118 0.782621 0.783150 0.783704 0.784285 0.784895 0.785533 0.786204 0.786907 0.787646 0.788423 0.789242 0.790105 0.791018 0.791981 0.792997 0.794067 0.795193 0.796383 0.797656 0.799058 0.800667 0.802609 0.805047 0.808138 0.811952 0.816333 0.820721 0.824034 0.824929 0.822667 0.818461 0.815918 0.818823 0.827440 0.837715 0.844631 0.846787 0.846140 0.845433 0.846584 0.849916 0.852557 0.843932 0.795816 0.650145 0.355217 0.045268 -0.000007 0.147383 0.518972 0.769100 0.863226 0.885709 0.885676 0.880945 0.874930 0.863708 0.837272 0.781000 0.691667 0.615821 0.623083 0.689406 0.727375 0.590400 1.000000
0.000000 0.722769 0.747574 0.768721 0.749177 0.744646 0.772716 0.813947 0.845778 0.863598 0.872844 0.879041 0.884203 0.884159 0.861867 0.774473 0.560419 0.257603 0.081991 0.157253 0.418742 0.669164 0.801724 0.848090 0.856531 0.853028 0.848081 0.844939 0.843825 0.843707 0.843082 0.840843 0.837307 0.834077 0.832225 0.831407 0.830354 0.828111 0.824631 0.820483 0.816323 0.812584 0.809439 0.806865 0.804753 0.802977 0.801428 0.800028 0.798730 0.797508 0.796350 0.795251 0.794210 0.793223 0.792289 0.791404 0.790564 0.789766 0.789007 0.788284 0.787595 0.786938 0.786311 0.785713 0.785143 0.784600 0.784082 0.783590 0.783122 0.782678 0.782258 0.781860 0.781485 0.781131 0.780799 0.780488 0.780197 0.779926 0.779674 0.779440 0.779223 0.779024 0.778841 0.778673 0.778520 0.778382 0.778257 0.778146 0.778046 0.777959 0.777881 0.777814 0.777755 0.777705 0.777662 0.777625 0.777595 0.777570 0.777552 0.777540 0.777534 0.777534 0.777540 0.777552 0.777571 0.777595 0.777625 0.777662 0.777705 0.777756 0.777815 0.777882 0.777959 0.778047 0.778146 0.778258 0.778383 0.778521 0.778674 0.778841 0.779024 0.779224 0.779440 0.779674 0.779927 0.780198 0.780489 0.780800 0.781132 0.781485 0.781860 0.782258 0.782679 0.783123 0.783590 0.784083 0.784600 0.785144 0.785714 0.786312 0.786938 0.787595 0.788284 0.789007 0.789766 0.790564 0.791404 0.792289 0.793223 0.794210 0.795251 0.796350 0.797508 0.798730 0.800028 0.801428 0.802977 0.804754 0.806866 0.809439 0.812584 0.816323 0.820484 0.824632 0.828111 0.830355 0.831407 0.832225 0.834076 0.837307 0.840844 0.843084 0.843709 0.843828 0.844941 0.848083 0.853030 0.856533 0.848089 0.801716 0.669145 0.418714 0.157238 0.082009 0.257648 0.560458 0.774492 0.861874 0.884162 0.884205 0.879044 0.872848 0.863601 0.845775 0.813929 0.772676 0.744591 0.749130 0.768697 0.747570 0.722773 0.000000
1.000000 0.586708 0.756013 0.795950 0.811995 0.817728 0.827607 0.841889 0.854963 0.863989 0.870011 0.875073 0.879641 0.879977 0.863796 0.805416 0.675897 0.497729 0.388067 0.431729 0.588688 0.739035 0.824974 0.857451 0.862690 0.858204 0.852085 0.847140 0.843951 0.842180 0.841031 0.839746 0.838140 0.836539 0.835063 0.833400 0.831082 0.827927 0.824180 0.820297 0.816677 0.813529 0.810883 0.808669 0.806780 0.805120 0.803615 0.802221 0.800910 0.799669 0.798491 0.797374 0.796316 0.795313 0.794362 0.793460 0.792603 0.791788 0.791013 0.790273 0.789568 0.788895 0.788253 0.787640 0.787056 0.786500 0.785970 0.785466 0.784987 0.784533 0.784103 0.783697 0.783314 0.782953 0.782615 0.782299 0.782003 0.781728 0.781473 0.781236 0.781018 0.780818 0.780636 0.780469 0.780318 0.780182 0.780060 0.779952 0.779855 0.779771 0.779696 0.779632 0.779576 0.779528 0.779487 0.779452 0.779424 0.779402 0.779385 0.779374 0.779368 0.779368 0.779374 0.779385 0.779402 0.779424 0.779453 0.779487 0.779528 0.779576 0.779632 0.779697 0.779771 0.779856 0.779952 0.780061 0.780183 0.780319 0.780470 0.780636 0.780819 0.781019 0.781237 0.781473 0.781729 0.782004 0.782299 0.782616 0.782954 0.783314 0.783697 0.784103 0.784533 0.784987 0.785466 0.785970 0.786500 0.787057 0.787641 0.788253 0.788895 0.789568 0.790273 0.791013 0.791789 0.792604 0.793460 0.794362 0.795313 0.796316 0.797375 0.798492 0.799669 0.800910 0.802221 0.803616 0.805120 0.806781 0.808669 0.810883 0.813529 0.816677 0.820298 0.824181 0.827928 0.831083 0.833401 0.835064 0.836540 0.838141 0.839748 0.841033 0.842182 0.843953 0.847142 0.852087 0.858206 0.862692 0.857452 0.824972 0.739028 0.588680 0.431732 0.388090 0.497763 0.675924 0.805430 0.863802 0.879980 0.879643 0.875076 0.870014 0.863992 0.854962 0.841882 0.827592 0.817708 0.811979 0.795944 0.756016 0.586717 1.000000
0.000000 0.630187 0.656830 0.758681 0.816505 0.843411 0.853157 0.857634 0.861023 0.864055 0.867086 0.870550 0.874120 0.875196 0.866979 0.837652 0.777726 0.701601 0.654913 0.670487 0.733818 0.800077 0.842230 0.860081 0.863551 0.860934 0.856051 0.850596 0.845787 0.842217 0.839768 0.837985 0.836512 0.835181 0.833780 0.832024 0.829695 0.826799 0.823569 0.820321 0.817313 0.814669 0.812394 0.810425 0.808683 0.807101 0.805631 0.804246 0.802933 0.801684 0.800498 0.799372 0.798303 0.797290 0.796328 0.795413 0.794543 0.793715 0.792925 0.792172 0.791453 0.790767 0.790112 0.789486 0.788890 0.788322 0.787781 0.787267 0.786778 0.786315 0.785876 0.785462 0.785072 0.784705 0.784361 0.784039 0.783739 0.783461 0.783202 0.782964 0.782744 0.782543 0.782360 0.782194 0.782044 0.781909 0.781789 0.781682 0.781588 0.781505 0.781433 0.781370 0.781316 0.781269 0.781230 0.781197 0.781171 0.781150 0.781134 0.781124 0.781119 0.781119 0.781124 0.781134 0.781150 0.781171 0.781198 0.781230 0.781270 0.781316 0.781370 0.781433 0.781506 0.781588 0.781683 0.781790 0.781910 0.782045 0.782195 0.782361 0.782544 0.782745 0.782964 0.783203 0.783461 0.783740 0.784040 0.784362 0.784706 0.785073 0.785463 0.785877 0.786315 0.786779 0.787267 0.787782 0.788323 0.788891 0.789487 0.790112 0.790767 0.791453 0.792172 0.792926 0.793715 0.794544 0.795414 0.796328 0.797290 0.798304 0.799372 0.800498 0.801685 0.802933 0.804246 0.805631 0.807101 0.808684 0.810425 0.812394 0.814670 0.817314 0.820322 0.823569 0.826800 0.829696 0.832025 0.833781 0.835182 0.836513 0.837987 0.839769 0.842218 0.845789 0.850598 0.856053 0.860938 0.863555 0.860085 0.842234 0.800080 0.733821 0.670495 0.654929 0.701620 0.777741 0.837661 0.866984 0.875199 0.874122 0.870553 0.867089 0.864059 0.861025 0.857634 0.853154 0.843407 0.816502 0.758684 0.656840 0.630199 0.000000
1.000000 0.321943 0.493516 0.652119 0.783916 0.842748 0.860950 0.864013 0.863616 0.863457 0.864342 0.866295 0.868869 0.870652 0.868502 0.857855 0.836520 0.810774 0.794182 0.793209 0.801856 0.810509 0.818458 0.828812 0.841583 0.851882 0.855233 0.852784 0.847969 0.843237 0.839539 0.836886 0.834967 0.833445 0.831984 0.830305 0.828251 0.825841 0.823227 0.820606 0.818134 0.815893 0.813892 0.812095 0.810454 0.808926 0.807485 0.806115 0.804808 0.803563 0.802377 0.801249 0.800177 0.799158 0.798189 0.797266 0.796387 0.795548 0.794748 0.793983 0.793253 0.792556 0.791890 0.791254 0.790647 0.790069 0.789518 0.788995 0.788497 0.788026 0.787580 0.787159 0.786762 0.786389 0.786039 0.785713 0.785408 0.785126 0.784865 0.784624 0.784403 0.784201 0.784017 0.783850 0.783700 0.783566 0.783447 0.783341 0.783247 0.783165 0.783094 0.783032 0.782979 0.782934 0.782896 0.782865 0.782839 0.782819 0.782805 0.782795 0.782790 0.782790 0.782795 0.782805 0.782820 0.782839 0.782865 0.782896 0.782934 0.782980 0.783033 0.783094 0.783166 0.783248 0.783341 0.783447 0.783567 0.783701 0.783851 0.784017 0.784201 0.784403 0.784624 0.784865 0.785127 0.785409 0.785713 0.786040 0.786389 0.786762 0.787159 0.787580 0.788026 0.788498 0.788995 0.789519 0.790069 0.790648 0.791254 0.791890 0.792556 0.793254 0.793984 0.794748 0.795549 0.796387 0.797267 0.798189 0.799158 0.800177 0.801249 0.802377 0.803563 0.804809 0.806115 0.807486 0.808927 0.810454 0.812095 0.813893 0.815894 0.818135 0.820606 0.823228 0.825842 0.828253 0.830306 0.831986 0.833446 0.834969 0.836887 0.839540 0.843238 0.847970 0.852787 0.855236 0.851888 0.841591 0.828822 0.818467 0.810515 0.801862 0.793217 0.794192 0.810783 0.836527 0.857860 0.868505 0.870655 0.868871 0.866299 0.864346 0.863461 0.863619 0.864016 0.860952 0.842749 0.783915 0.652120 0.493523 0.321957 1.000000
0.000000 0.324521 0.265621 0.548856 0.746534 0.834474 0.861154 0.865365 0.863886 0.862297 0.861884 0.862679 0.864406 0.866440 0.867548 0.866145 0.861529 0.855053 0.847633 0.833543 0.800644 0.746353 0.707352 0.721391 0.775095 0.822694 0.846207 0.851888 0.849332 0.844515 0.840047 0.836640 0.834195 0.832369 0.830795 0.829186 0.827390 0.825391 0.823266 0.821125 0.819059 0.817120 0.815322 0.813652 0.812086 0.810604 0.809192 0.807841 0.806549 0.805314 0.804135 0.803012 0.801942 0.800922 0.799950 0.799022 0.798137 0.797291 0.796482 0.795709 0.794970 0.794264 0.793589 0.792944 0.792329 0.791742 0.791183 0.790651 0.790146 0.789668 0.789215 0.788787 0.788384 0.788006 0.787651 0.787320 0.787012 0.786726 0.786462 0.786218 0.785995 0.785792 0.785607 0.785440 0.785289 0.785155 0.785035 0.784929 0.784836 0.784754 0.784684 0.784622 0.784570 0.784526 0.784489 0.784458 0.784434 0.784414 0.784401 0.784391 0.784387 0.784387 0.784392 0.784401 0.784415 0.784434 0.784458 0.784489 0.784526 0.784571 0.784623 0.784684 0.784755 0.784837 0.784930 0.785036 0.785155 0.785290 0.785440 0.785608 0.785792 0.785996 0.786219 0.786462 0.786727 0.787013 0.787321 0.787652 0.788006 0.788385 0.788787 0.789215 0.789668 0.790147 0.790652 0.791183 0.791742 0.792329 0.792945 0.793589 0.794264 0.794971 0.795710 0.796483 0.797291 0.798137 0.799022 0.799950 0.800922 0.801942 0.803012 0.804136 0.805314 0.806549 0.807842 0.809192 0.810605 0.812087 0.813652 0.815323 0.817121 0.819060 0.821126 0.823267 0.825392 0.827391 0.829187 0.830796 0.832371 0.834196 0.836641 0.840048 0.844517 0.849334 0.851892 0.846213 0.822704 0.775109 0.721404 0.707358 0.746353 0.800646 0.833547 0.847639 0.855058 0.861534 0.866148 0.867550 0.866443 0.864409 0.862682 0.861887 0.862302 0.863890 0.865369 0.861158 0.834475 0.746529 0.548841 0.265601 0.324514 0.000000
1.000000 0.160920 0.307623 0.541918 0.742786 0.832060 0.860015 0.864571 0.862874 0.860782 0.859704 0.859741 0.860776 0.862635 0.864986 0.867305 0.869036 0.869093 0.862906 0.836588 0.763937 0.627302 0.496731 0.536492 0.673582 0.780464 0.832048 0.848685 0.849730 0.845640 0.840904 0.837010 0.834144 0.832040 0.830342 0.828764 0.827141 0.825421 0.823626 0.821811 0.820026 0.818302 0.816654 0.815083 0.813582 0.812143 0.810762 0.809436 0.808164 0.806946 0.805780 0.804666 0.803601 0.802584 0.801613 0.800684 0.799795 0.798945 0.798131 0.797352 0.796607 0.795894 0.795211 0.794559 0.793937 0.793343 0.792777 0.792238 0.791726 0.791241 0.790782 0.790349 0.789941 0.789558 0.789199 0.788863 0.788551 0.788262 0.787995 0.787749 0.787524 0.787319 0.787132 0.786964 0.786813 0.786677 0.786557 0.786451 0.786357 0.786276 0.786205 0.786144 0.786092 0.786048 0.786011 0.785981 0.785957 0.785939 0.785925 0.785917 0.785912 0.785912 0.785917 0.785926 0.785939 0.785958 0.785982 0.786012 0.786048 0.786092 0.786144 0.786205 0.786276 0.786358 0.786451 0.786558 0.786678 0.786813 0.786965 0.787133 0.787320 0.787525 0.787750 0.787996 0.788263 0.788552 0.788864 0.789199 0.789558 0.789941 0.790350 0.790783 0.791242 0.791727 0.792239 0.792777 0.793343 0.793937 0.794560 0.795212 0.795894 0.796607 0.797353 0.798132 0.798945 0.799796 0.800684 0.801613 0.802585 0.803602 0.804666 0.805780 0.806946 0.808165 0.809437 0.810763 0.812144 0.813582 0.815084 0.816655 0.818303 0.820027 0.821812 0.823627 0.825422 0.827142 0.828766 0.830343 0.832042 0.834146 0.837011 0.840905 0.845641 0.849733 0.848689 0.832055 0.780477 0.673597 0.536497 0.496712 0.627281 0.763928 0.836588 0.862910 0.869097 0.869039 0.867307 0.864989 0.862638 0.860779 0.859745 0.859708 0.860786 0.862879 0.864575 0.860019 0.832060 0.742777 0.541889 0.307577 0.160891 1.000000
0.000000 0.495125 0.483196 0.651923 0.777935 0.840310 0.860442 0.863291 0.861336 0.859126 0.857773 0.857351 0.857836 0.859300 0.861812 0.865280 0.869146 0.871290 0.864850 0.832027 0.738845 0.557974 0.382356 0.426001 0.608976 0.751894 0.821514 0.845737 0.849647 0.846423 0.841748 0.837642 0.834527 0.832231 0.830433 0.828859 0.827336 0.825786 0.824199 0.822592 0.820991 0.819416 0.817881 0.816391 0.814949 0.813554 0.812209 0.810912 0.809665 0.808467 0.807317 0.806216 0.805161 0.804150 0.803182 0.802255 0.801366 0.800514 0.799697 0.798914 0.798164 0.797446 0.796758 0.796101 0.795472 0.794873 0.794301 0.793757 0.793239 0.792749 0.792285 0.791846 0.791434 0.791046 0.790683 0.790344 0.790028 0.789736 0.789466 0.789218 0.788991 0.788783 0.788595 0.788425 0.788273 0.788136 0.788015 0.787908 0.787814 0.787732 0.787661 0.787600 0.787548 0.787504 0.787468 0.787438 0.787414 0.787396 0.787383 0.787374 0.787370 0.787370 0.787374 0.787383 0.787396 0.787414 0.787438 0.787468 0.787504 0.787548 0.787600 0.787661 0.787733 0.787815 0.787909 0.788016 0.788137 0.788274 0.788426 0.788596 0.788784 0.788991 0.789219 0.789467 0.789737 0.790029 0.790344 0.790683 0.791046 0.791434 0.791847 0.792285 0.792749 0.793240 0.793757 0.794301 0.794873 0.795473 0.796101 0.796759 0.797446 0.798165 0.798915 0.799697 0.800514 0.801366 0.802255 0.803183 0.804151 0.805161 0.806216 0.807318 0.808467 0.809665 0.810913 0.812210 0.813555 0.814949 0.816392 0.817882 0.819417 0.820992 0.822593 0.824200 0.825788 0.827337 0.828860 0.830434 0.832232 0.834529 0.837643 0.841749 0.846425 0.849650 0.845741 0.821522 0.751906 0.608986 0.425986 0.382306 0.557932 0.738828 0.832025 0.864852 0.871294 0.869150 0.865283 0.861814 0.859303 0.857839 0.857354 0.857777 0.859130 0.861340 0.863296 0.860445 0.840310 0.777927 0.651899 0.483159 0.495100 0.000000
1.000000 0.516065 0.686198 0.764517 0.825098 0.854012 0.862675 0.862405 0.859854 0.857563 0.856080 0.855364 0.855412 0.856397 0.858568 0.862028 0.866257 0.868914 0.863111 0.832778 0.750852 0.606099 0.478911 0.500035 0.634260 0.755657 0.820297 0.844542 0.849275 0.846650 0.842251 0.838201 0.835038 0.832668 0.830823 0.829252 0.827787 0.826339 0.824878 0.823402 0.821924 0.820454 0.819005 0.817585 0.816198 0.814849 0.813542 0.812278 0.811058 0.809883 0.808754 0.807668 0.806625 0.805623 0.804661 0.803738 0.802851 0.801999 0.801182 0.800397 0.799645 0.798923 0.798232 0.797570 0.796938 0.796333 0.795757 0.795208 0.794686 0.794191 0.793723 0.793280 0.792863 0.792472 0.792105 0.791763 0.791444 0.791149 0.790877 0.790626 0.790396 0.790187 0.789997 0.789826 0.789672 0.789534 0.789411 0.789303 0.789208 0.789126 0.789054 0.788993 0.788940 0.788896 0.788860 0.788830 0.788806 0.788788 0.788775 0.788766 0.788762 0.788762 0.788767 0.788775 0.788788 0.788807 0.788830 0.788860 0.788897 0.788941 0.788993 0.789055 0.789126 0.789209 0.789304 0.789412 0.789535 0.789672 0.789826 0.789998 0.790188 0.790397 0.790627 0.790877 0.791150 0.791445 0.791764 0.792106 0.792473 0.792864 0.793281 0.793723 0.794192 0.794687 0.795209 0.795758 0.796334 0.796938 0.797571 0.798233 0.798924 0.799645 0.800398 0.801182 0.802000 0.802851 0.803738 0.804662 0.805624 0.806625 0.807668 0.808754 0.809884 0.811059 0.812278 0.813542 0.814850 0.816199 0.817585 0.819006 0.820455 0.821925 0.823403 0.824879 0.826341 0.827788 0.829254 0.830824 0.832669 0.835039 0.838202 0.842252 0.846652 0.849278 0.844546 0.820304 0.755665 0.634261 0.500012 0.478865 0.606060 0.750835 0.832775 0.863113 0.868918 0.866260 0.862031 0.858571 0.856400 0.855416 0.855368 0.856084 0.857568 0.859858 0.862409 0.862678 0.854012 0.825094 0.764505 0.686182 0.516052 1.000000
0.000000 0.725408 0.770320 0.833681 0.857865 0.865859 0.865489 0.862205 0.858828 0.856306 0.854656 0.853693 0.853372 0.853874 0.855498 0.858420 0.862212 0.864852 0.860955 0.839746 0.787450 0.705390 0.638343 0.644488 0.712377 0.783721 0.827199 0.845079 0.848652 0.846262 0.842272 0.838503 0.835477 0.833155 0.831325 0.829775 0.828352 0.826969 0.825589 0.824200 0.822806 0.821415 0.820035 0.818675 0.817341 0.816038 0.814771 0.813541 0.812352 0.811203 0.810094 0.809026 0.807997 0.807007 0.806053 0.805136 0.804253 0.803404 0.802588 0.801804 0.801050 0.800327 0.799634 0.798970 0.798334 0.797727 0.797147 0.796594 0.796069 0.795570 0.795098 0.794652 0.794232 0.793837 0.793467 0.793122 0.792801 0.792503 0.792228 0.791975 0.791743 0.791532 0.791340 0.791167 0.791011 0.790872 0.790748 0.790639 0.790543 0.790459 0.790387 0.790325 0.790272 0.790228 0.790191 0.790161 0.790137 0.790119 0.790105 0.790097 0.790092 0.790092 0.790097 0.790106 0.790119 0.790137 0.790161 0.790191 0.790228 0.790273 0.790325 0.790388 0.790460 0.790544 0.790640 0.790749 0.790872 0.791012 0.791167 0.791341 0.791532 0.791744 0.791976 0.792229 0.792504 0.792802 0.793123 0.793468 0.793838 0.794233 0.794653 0.795099 0.795571 0.796070 0.796595 0.797147 0.797727 0.798335 0.798970 0.799635 0.800328 0.801051 0.801804 0.802588 0.803405 0.804253 0.805136 0.806054 0.807007 0.807998 0.809027 0.810095 0.811203 0.812352 0.813542 0.814771 0.816039 0.817342 0.818676 0.820036 0.821416 0.822807 0.824201 0.825590 0.826971 0.828353 0.829776 0.831326 0.833156 0.835478 0.838505 0.842274 0.846264 0.848655 0.845083 0.827204 0.783726 0.712375 0.644473 0.638318 0.705368 0.787440 0.839744 0.860957 0.864855 0.862215 0.858424 0.855501 0.853877 0.853376 0.853696 0.854660 0.856310 0.858832 0.862209 0.865492 0.865861 0.857865 0.833679 0.770317 0.725406 0.000000
1.000000 0.634788 0.815240 0.856655 0.871310 0.871656 0.867403 0.862473 0.858385 0.855473 0.853539 0.852298 0.851643 0.851695 0.852721 0.854905 0.857958 0.860457 0.859003 0.847928 0.821831 0.784096 0.754525 0.755063 0.782421 0.814777 0.836765 0.846392 0.847818 0.845398 0.841869 0.838520 0.835763 0.833585 0.831826 0.830320 0.828939 0.827606 0.826283 0.824957 0.823627 0.822299 0.820979 0.819673 0.818389 0.817131 0.815904 0.814710 0.813551 0.812429 0.811344 0.810295 0.809282 0.808304 0.807361 0.806452 0.805575 0.804731 0.803918 0.803135 0.802383 0.801660 0.800966 0.800300 0.799663 0.799053 0.798471 0.797916 0.797388 0.796887 0.796412 0.795963 0.795540 0.795143 0.794770 0.794422 0.794099 0.793798 0.793521 0.793266 0.793032 0.792819 0.792625 0.792450 0.792293 0.792152 0.792027 0.791917 0.791820 0.791735 0.791662 0.791599 0.791545 0.791500 0.791463 0.791433 0.791408 0.791390 0.791376 0.791367 0.791363 0.791363 0.791367 0.791376 0.791390 0.791409 0.791433 0.791463 0.791501 0.791546 0.791599 0.791662 0.791736 0.791820 0.791917 0.792028 0.792153 0.792294 0.792451 0.792626 0.792820 0.793033 0.793267 0.793522 0.793799 0.794099 0.794423 0.794771 0.795143 0.795541 0.795964 0.796413 0.796888 0.797389 0.797917 0.798472 0.799054 0.799664 0.800301 0.800966 0.801660 0.802383 0.803136 0.803918 0.804731 0.805576 0.806452 0.807362 0.808305 0.809282 0.810295 0.811345 0.812430 0.813552 0.814711 0.815905 0.817132 0.818390 0.819674 0.820980 0.822300 0.823629 0.824958 0.826284 0.827607 0.828940 0.830321 0.831828 0.833586 0.835765 0.838522 0.841871 0.845400 0.847820 0.846396 0.836769 0.814780 0.782421 0.755057 0.754516 0.784088 0.821828 0.847929 0.859006 0.860461 0.857961 0.854908 0.852724 0.851699 0.851647 0.852302 0.853542 0.855477 0.858389 0.862476 0.867406 0.871658 0.871313 0.856660 0.815246 0.634794 1.000000
0.000000 0.736557 0.786929 0.846658 0.864783 0.868712 0.866642 0.862495 0.858343 0.855062 0.852744 0.851174 0.850195 0.849843 0.850303 0.851741 0.854016 0.856318 0.856831 0.852823 0.842227 0.827046 0.815156 0.814421 0.823844 0.835810 0.844163 0.847382 0.846797 0.844272 0.841199 0.838322 0.835899 0.833921 0.832274 0.830832 0.829498 0.828209 0.826935 0.825660 0.824384 0.823109 0.821841 0.820586 0.819350 0.818136 0.816948 0.815790 0.814663 0.813569 0.812507 0.811478 0.810483 0.809519 0.808588 0.807689 0.806820 0.805981 0.805173 0.804394 0.803644 0.802923 0.802229 0.801564 0.800926 0.800315 0.799732 0.799176 0.798646 0.798143 0.797666 0.797215 0.796790 0.796390 0.796015 0.795665 0.795340 0.795037 0.794758 0.794501 0.794265 0.794050 0.793854 0.793678 0.793519 0.793377 0.793250 0.793138 0.793040 0.792954 0.792880 0.792816 0.792762 0.792716 0.792678 0.792647 0.792623 0.792603 0.792590 0.792581 0.792576 0.792576 0.792581 0.792590 0.792604 0.792623 0.792648 0.792679 0.792717 0.792763 0.792817 0.792881 0.792955 0.793041 0.793139 0.793251 0.793377 0.793520 0.793679 0.793855 0.794051 0.794266 0.794502 0.794759 0.795038 0.795340 0.795666 0.796016 0.796391 0.796790 0.797215 0.797666 0.798143 0.798646 0.799176 0.799733 0.800316 0.800927 0.801564 0.802230 0.802923 0.803645 0.804395 0.805174 0.805982 0.806820 0.807689 0.808589 0.809520 0.810483 0.811479 0.812508 0.813569 0.814664 0.815791 0.816949 0.818136 0.819350 0.820587 0.821842 0.823110 0.824385 0.825661 0.826936 0.828211 0.829499 0.830833 0.832275 0.833923 0.835901 0.838324 0.841201 0.844274 0.846799 0.847385 0.844166 0.835813 0.823846 0.814421 0.815154 0.827045 0.842227 0.852825 0.856834 0.856321 0.854020 0.851744 0.850307 0.849846 0.850199 0.851178 0.852747 0.855066 0.858346 0.862498 0.866645 0.868716 0.864791 0.846672 0.786949 0.736573 0.000000
1.000000 0.558330 0.736576 0.794467 0.832387 0.853017 0.861138 0.861362 0.858352 0.854968 0.852257 0.850320 0.849018 0.848307 0.848280 0.849067 0.850648 0.852643 0.854122 0.853724 0.850459 0.845103 0.840646 0.839937 0.842599 0.845941 0.847743 0.847451 0.845629 0.843085 0.840431 0.838006 0.835924 0.834165 0.832648 0.831284 0.830003 0.828760 0.827530 0.826302 0.825074 0.823848 0.822629 0.821421 0.820230 0.819058 0.817910 0.816787 0.815692 0.814625 0.813588 0.812581 0.811603 0.810656 0.809738 0.808849 0.807990 0.807159 0.806356 0.805582 0.804836 0.804117 0.803426 0.802762 0.802124 0.801514 0.800930 0.800373 0.799843 0.799338 0.798860 0.798408 0.797981 0.797580 0.797204 0.796852 0.796525 0.796221 0.795940 0.795681 0.795443 0.795227 0.795030 0.794851 0.794691 0.794547 0.794419 0.794306 0.794207 0.794120 0.794044 0.793980 0.793924 0.793878 0.793839 0.793807 0.793782 0.793762 0.793748 0.793739 0.793734 0.793734 0.793739 0.793748 0.793762 0.793782 0.793808 0.793839 0.793878 0.793925 0.793980 0.794045 0.794120 0.794207 0.794307 0.794420 0.794548 0.794692 0.794852 0.795030 0.795227 0.795444 0.795682 0.795940 0.796222 0.796526 0.796853 0.797205 0.797581 0.797982 0.798409 0.798861 0.799339 0.799843 0.800374 0.800931 0.801515 0.802125 0.802762 0.803426 0.804118 0.804837 0.805583 0.806357 0.807159 0.807990 0.808850 0.809738 0.810656 0.811604 0.812581 0.813589 0.814626 0.815693 0.816788 0.817911 0.819059 0.820231 0.821422 0.822630 0.823849 0.825075 0.826303 0.827531 0.828761 0.830004 0.831285 0.832650 0.834167 0.835926 0.838008 0.840433 0.843088 0.845631 0.847454 0.847746 0.845944 0.842602 0.839939 0.840648 0.845105 0.850462 0.853727 0.854126 0.852646 0.850651 0.849070 0.848284 0.848311 0.849022 0.850323 0.852261 0.854972 0.858355 0.861365 0.861141 0.853024 0.832405 0.794499 0.736621 0.558372 1.000000
0.000000 0.616901 0.614205 0.685021 0.761176 0.820143 0.849534 0.858406 0.858020 0.854989 0.851995 0.849704 0.848094 0.847072 0.846655 0.846929 0.847932 0.849495 0.851124 0.852072 0.851740 0.850294 0.848825 0.848371 0.848746 0.848959 0.848268 0.846616 0.844378 0.841979 0.839700 0.837662 0.835887 0.834336 0.832949 0.831668 0.830445 0.829249 0.828063 0.826880 0.825697 0.824518 0.823345 0.822183 0.821035 0.819904 0.818793 0.817705 0.816641 0.815603 0.814591 0.813605 0.812647 0.811716 0.810812 0.809936 0.809087 0.808265 0.807470 0.806702 0.805960 0.805246 0.804557 0.803895 0.803260 0.802651 0.802068 0.801511 0.800980 0.800476 0.799997 0.799544 0.799117 0.798714 0.798337 0.797984 0.797655 0.797350 0.797068 0.796807 0.796568 0.796350 0.796152 0.795972 0.795810 0.795665 0.795536 0.795422 0.795321 0.795233 0.795156 0.795090 0.795034 0.794986 0.794947 0.794914 0.794888 0.794868 0.794853 0.794844 0.794839 0.794839 0.794844 0.794854 0.794868 0.794888 0.794915 0.794947 0.794987 0.795034 0.795091 0.795157 0.795233 0.795321 0.795422 0.795537 0.795666 0.795811 0.795973 0.796153 0.796351 0.796569 0.796808 0.797068 0.797351 0.797656 0.797985 0.798338 0.798715 0.799117 0.799545 0.799998 0.800476 0.800981 0.801512 0.802068 0.802651 0.803261 0.803896 0.804558 0.805246 0.805961 0.806702 0.807471 0.808266 0.809088 0.809937 0.810813 0.811717 0.812648 0.813606 0.814592 0.815604 0.816642 0.817706 0.818794 0.819905 0.821036 0.822184 0.823347 0.824519 0.825699 0.826881 0.828065 0.829251 0.830447 0.831670 0.832951 0.834338 0.835889 0.837665 0.839702 0.841981 0.844380 0.846619 0.848271 0.848962 0.848749 0.848374 0.848828 0.850297 0.851743 0.852076 0.851128 0.849498 0.847936 0.846933 0.846659 0.847076 0.848097 0.849708 0.851999 0.854992 0.858023 0.858409 0.849538 0.820153 0.761204 0.685080 0.614287 0.616961 0.000000
1.000000 0.567803 0.490401 0.520241 0.661196 0.777116 0.834620 0.854230 0.857226 0.854912 0.851809 0.849240 0.847364 0.846092 0.845384 0.845282 0.845819 0.846908 0.848267 0.849449 0.850052 0.850016 0.849696 0.849449 0.849165 0.848461 0.847122 0.845248 0.843120 0.841009 0.839070 0.837348 0.835823 0.834451 0.833185 0.831985 0.830821 0.829674 0.828533 0.827394 0.826257 0.825122 0.823994 0.822875 0.821768 0.820677 0.819603 0.818549 0.817516 0.816506 0.815519 0.814556 0.813617 0.812703 0.811815 0.810952 0.810114 0.809302 0.808515 0.807754 0.807019 0.806309 0.805625 0.804966 0.804334 0.803727 0.803145 0.802590 0.802060 0.801556 0.801077 0.800624 0.800197 0.799794 0.799416 0.799063 0.798733 0.798427 0.798143 0.797882 0.797642 0.797422 0.797223 0.797042 0.796879 0.796732 0.796602 0.796486 0.796384 0.796295 0.796217 0.796150 0.796093 0.796044 0.796004 0.795970 0.795944 0.795923 0.795908 0.795898 0.795893 0.795893 0.795898 0.795908 0.795923 0.795944 0.795971 0.796004 0.796045 0.796093 0.796150 0.796218 0.796295 0.796385 0.796487 0.796603 0.796733 0.796879 0.797042 0.797223 0.797423 0.797643 0.797883 0.798144 0.798427 0.798734 0.799063 0.799417 0.799795 0.800197 0.800625 0.801078 0.801557 0.802061 0.802590 0.803146 0.803727 0.804334 0.804967 0.805626 0.806310 0.807020 0.807755 0.808516 0.809303 0.810115 0.810953 0.811816 0.812704 0.813618 0.814556 0.815520 0.816507 0.817517 0.818550 0.819604 0.820678 0.821770 0.822876 0.823995 0.825124 0.826258 0.827396 0.828535 0.829676 0.830823 0.831987 0.833187 0.834453 0.835825 0.837350 0.839072 0.841011 0.843123 0.845250 0.847125 0.848464 0.849168 0.849452 0.849699 0.850019 0.850056 0.849453 0.848271 0.846912 0.845822 0.845286 0.845388 0.846095 0.847368 0.849243 0.851813 0.854916 0.857228 0.854232 0.834622 0.777123 0.661222 0.520308 0.490491 0.567859 1.000000
0.995724 0.686836 0.410826 0.417722 0.596348 0.748157 0.823629 0.850506 0.856102 0.854533 0.851492 0.848778 0.846726 0.845281 0.844379 0.844017 0.844201 0.844869 0.845844 0.846843 0.847590 0.847963 0.848039 0.847914 0.847513 0.846685 0.845387 0.843739 0.841942 0.840178 0.838549 0.837081 0.835752 0.834525 0.833363 0.832238 0.831133 0.830036 0.828941 0.827847 0.826754 0.825663 0.824578 0.823501 0.822435 0.821382 0.820344 0.819323 0.818320 0.817337 0.816375 0.815435 0.814516 0.813621 0.812748 0.811899 0.811074 0.810272 0.809495 0.808742 0.808014 0.807310 0.806631 0.805977 0.805347 0.804743 0.804165 0.803611 0.803083 0.802580 0.802102 0.801650 0.801223 0.800820 0.800442 0.800088 0.799758 0.799452 0.799168 0.798905 0.798665 0.798444 0.798243 0.798061 0.797897 0.797750 0.797618 0.797501 0.797398 0.797307 0.797229 0.797160 0.797102 0.797053 0.797011 0.796977 0.796950 0.796929 0.796913 0.796903 0.796898 0.796898 0.796903 0.796913 0.796929 0.796950 0.796978 0.797012 0.797053 0.797103 0.797161 0.797229 0.797308 0.797399 0.797502 0.797619 0.797751 0.797898 0.798062 0.798244 0.798445 0.798665 0.798906 0.799168 0.799453 0.799759 0.800089 0.800443 0.800821 0.801224 0.801651 0.802103 0.802581 0.803084 0.803612 0.804165 0.804744 0.805348 0.805977 0.806632 0.807311 0.808015 0.808743 0.809496 0.810273 0.811075 0.811900 0.812749 0.813622 0.814517 0.815436 0.816376 0.817338 0.818321 0.819324 0.820345 0.821383 0.822436 0.823502 0.824579 0.825665 0.826755 0.827849 0.828943 0.830038 0.831135 0.832240 0.833365 0.834527 0.835755 0.837083 0.838551 0.840180 0.841945 0.843742 0.845390 0.846688 0.847517 0.847918 0.848042 0.847967 0.847593 0.846846 0.845848 0.844873 0.844204 0.844021 0.844383 0.845285 0.846729 0.848781 0.851496 0.854537 0.856105 0.850508 0.823628 0.748153 0.596345 0.417731 0.410854 0.686854 0.995724
1.000000 0.583561 0.498672 0.496280 0.626895 0.753889 0.822556 0.848713 0.854828 0.853705 0.850853 0.848159 0.846055 0.844534 0.843528 0.843007 0.842949 0.843301 0.843935 0.844666 0.845300 0.845715 0.845889 0.845821 0.845457 0.844735 0.843665 0.842342 0.840904 0.839469 0.838110 0.836849 0.835675 0.834564 0.833489 0.832433 0.831384 0.830337 0.829289 0.828240 0.827190 0.826143 0.825100 0.824064 0.823037 0.822021 0.821017 0.820029 0.819056 0.818101 0.817164 0.816246 0.815348 0.814471 0.813615 0.812780 0.811968 0.811178 0.810411 0.809667 0.808947 0.808250 0.807576 0.806927 0.806303 0.805703 0.805127 0.804576 0.804050 0.803549 0.803073 0.802622 0.802196 0.801794 0.801417 0.801063 0.800733 0.800426 0.800142 0.799880 0.799638 0.799417 0.799216 0.799033 0.798868 0.798719 0.798586 0.798468 0.798364 0.798273 0.798193 0.798123 0.798064 0.798014 0.797972 0.797937 0.797909 0.797887 0.797871 0.797861 0.797856 0.797856 0.797861 0.797871 0.797887 0.797909 0.797937 0.797972 0.798014 0.798065 0.798124 0.798193 0.798273 0.798365 0.798469 0.798587 0.798720 0.798868 0.799034 0.799216 0.799418 0.799639 0.799880 0.800143 0.800427 0.800734 0.801064 0.801418 0.801795 0.802197 0.802623 0.803074 0.803550 0.804051 0.804577 0.805128 0.805703 0.806304 0.806928 0.807577 0.808250 0.808947 0.809668 0.810412 0.811179 0.811969 0.812781 0.813615 0.814472 0.815349 0.816247 0.817165 0.818102 0.819057 0.820030 0.821019 0.822022 0.823038 0.824065 0.825102 0.826144 0.827192 0.828241 0.829291 0.830339 0.831386 0.832435 0.833491 0.834566 0.835678 0.836851 0.838112 0.839471 0.840906 0.842345 0.843668 0.844738 0.845460 0.845824 0.845892 0.845719 0.845304 0.844670 0.843939 0.843304 0.842953 0.843010 0.843532 0.844538 0.846059 0.848163 0.850857 0.853709 0.854831 0.848714 0.822553 0.753876 0.626865 0.496235 0.498637 0.583547 1.000000
0.000000 0.647234 0.632361 0.653089 0.716181 0.786476 0.830486 0.849025 0.853538 0.852424 0.849817 0.847289 0.845261 0.843760 0.842734 0.842140 0.841944 0.842089 0.842480 0.842984 0.843462 0.843810 0.843974 0.843925 0.843622 0.843039 0.842197 0.841162 0.840025 0.838862 0.837725 0.836633 0.835584 0.834567 0.833567 0.832574 0.831579 0.830581 0.829580 0.828575 0.827570 0.826565 0.825563 0.824567 0.823578 0.822597 0.821628 0.820671 0.819728 0.818799 0.817887 0.816992 0.816114 0.815256 0.814417 0.813598 0.812799 0.812021 0.811265 0.810531 0.809819 0.809130 0.808463 0.807820 0.807201 0.806605 0.806034 0.805487 0.804964 0.804466 0.803992 0.803543 0.803118 0.802718 0.802341 0.801988 0.801659 0.801352 0.801068 0.800806 0.800564 0.800343 0.800140 0.799957 0.799791 0.799642 0.799508 0.799389 0.799284 0.799192 0.799111 0.799040 0.798980 0.798929 0.798886 0.798850 0.798822 0.798800 0.798783 0.798773 0.798768 0.798768 0.798773 0.798784 0.798800 0.798822 0.798851 0.798886 0.798929 0.798981 0.799041 0.799111 0.799192 0.799285 0.799390 0.799509 0.799643 0.799792 0.799958 0.800141 0.800343 0.800565 0.800806 0.801069 0.801353 0.801660 0.801989 0.802342 0.802718 0.803119 0.803544 0.803993 0.804466 0.804965 0.805487 0.806035 0.806606 0.807202 0.807821 0.808464 0.809131 0.809820 0.810532 0.811266 0.812022 0.812800 0.813598 0.814418 0.815257 0.816115 0.816993 0.817888 0.818800 0.819729 0.820672 0.821629 0.822599 0.823579 0.824568 0.825565 0.826567 0.827571 0.828577 0.829582 0.830583 0.831581 0.832576 0.833570 0.834570 0.835587 0.836635 0.837727 0.838865 0.840028 0.841165 0.842200 0.843043 0.843626 0.843928 0.843978 0.843814 0.843466 0.842988 0.842484 0.842093 0.841948 0.842144 0.842738 0.843764 0.845266 0.847293 0.849821 0.852428 0.853541 0.849027 0.830484 0.786464 0.716152 0.653046 0.632322 0.647212 0.000000
0.993121 0.725254 0.760181 0.768409 0.792501 0.820730 0.840928 0.850216 0.852164 0.850763 0.848410 0.846147 0.844298 0.842903 0.841928 0.841334 0.841083 0.841117 0.841359 0.841707 0.842058 0.842324 0.842452 0.842404 0.842153 0.841684 0.841019 0.840202 0.839290 0.838335 0.837370 0.836414 0.835469 0.834533 0.833600 0.832664 0.831721 0.830772 0.829817 0.828857 0.827895 0.826932 0.825970 0.825013 0.824060 0.823115 0.822178 0.821252 0.820337 0.819435 0.818548 0.817675 0.816819 0.815979 0.815157 0.814353 0.813569 0.812804 0.812060 0.811336 0.810633 0.809952 0.809293 0.808657 0.808044 0.807454 0.806887 0.806344 0.805825 0.805330 0.804859 0.804412 0.803990 0.803591 0.803216 0.802865 0.802536 0.802231 0.801947 0.801685 0.801443 0.801222 0.801019 0.800836 0.800669 0.800519 0.800385 0.800265 0.800159 0.800066 0.799984 0.799913 0.799852 0.799800 0.799756 0.799720 0.799691 0.799668 0.799652 0.799641 0.799635 0.799635 0.799641 0.799652 0.799668 0.799691 0.799720 0.799757 0.799800 0.799852 0.799914 0.799985 0.800066 0.800160 0.800266 0.800386 0.800520 0.800670 0.800836 0.801020 0.801223 0.801444 0.801686 0.801948 0.802232 0.802537 0.802866 0.803217 0.803592 0.803991 0.804413 0.804860 0.805331 0.805826 0.806345 0.806888 0.807454 0.808045 0.808658 0.809294 0.809953 0.810634 0.811337 0.812060 0.812805 0.813570 0.814354 0.815158 0.815980 0.816819 0.817676 0.818549 0.819436 0.820338 0.821253 0.822179 0.823116 0.824061 0.825014 0.825972 0.826933 0.827896 0.828859 0.829819 0.830774 0.831723 0.832666 0.833602 0.834536 0.835472 0.836416 0.837373 0.838338 0.839293 0.840205 0.841022 0.841688 0.842156 0.842408 0.842455 0.842328 0.842061 0.841711 0.841363 0.841121 0.841086 0.841338 0.841932 0.842907 0.844302 0.846152 0.848414 0.850768 0.852168 0.850219 0.840928 0.820724 0.792486 0.768388 0.760161 0.725243 0.993121
0.970114 0.881308 0.831960 0.828597 0.834053 0.842019 0.848121 0.850698 0.850446 0.848758 0.846680 0.844749 0.843156 0.841937 0.841074 0.840540 0.840295 0.840289 0.840454 0.840710 0.840974 0.841178 0.841271 0.841221 0.841006 0.840621 0.840081 0.839418 0.838668 0.837864 0.837031 0.836183 0.835326 0.834462 0.833589 0.832707 0.831815 0.830914 0.830004 0.829088 0.828168 0.827246 0.826324 0.825404 0.824487 0.823575 0.822671 0.821774 0.820888 0.820012 0.819149 0.818298 0.817463 0.816642 0.815838 0.815050 0.814280 0.813529 0.812796 0.812083 0.811391 0.810719 0.810068 0.809439 0.808833 0.808248 0.807687 0.807149 0.806635 0.806144 0.805676 0.805233 0.804813 0.804417 0.804044 0.803694 0.803367 0.803063 0.802780 0.802518 0.802277 0.802056 0.801854 0.801670 0.801503 0.801353 0.801218 0.801098 0.800991 0.800897 0.800814 0.800742 0.800681 0.800628 0.800583 0.800547 0.800517 0.800494 0.800477 0.800466 0.800460 0.800460 0.800466 0.800477 0.800494 0.800517 0.800547 0.800584 0.800628 0.800681 0.800743 0.800815 0.800897 0.800992 0.801098 0.801219 0.801354 0.801504 0.801671 0.801855 0.802057 0.802278 0.802519 0.802781 0.803063 0.803368 0.803695 0.804045 0.804418 0.804814 0.805234 0.805677 0.806144 0.806635 0.807150 0.807688 0.808249 0.808833 0.809440 0.810069 0.810720 0.811391 0.812084 0.812797 0.813529 0.814281 0.815051 0.815838 0.816643 0.817464 0.818300 0.819150 0.820013 0.820889 0.821776 0.822672 0.823577 0.824488 0.825405 0.826325 0.827248 0.828170 0.829090 0.830006 0.830915 0.831817 0.832709 0.833592 0.834464 0.835329 0.836186 0.837034 0.837867 0.838671 0.839421 0.840084 0.840624 0.841009 0.841224 0.841275 0.841182 0.840978 0.840714 0.840458 0.840293 0.840299 0.840544 0.841079 0.841941 0.843161 0.844754 0.846686 0.848763 0.850451 0.850703 0.848124 0.842019 0.834049 0.828591 0.831955 0.881307 0.970116
0.968875 0.892925 0.852499 0.849809 0.849892 0.850310 0.850321 0.849568 0.848149 0.846413 0.844677 0.843130 0.841851 0.840863 0.840162 0.839729 0.839536 0.839538 0.839676 0.839885 0.840099 0.840261 0.840329 0.840278 0.840090 0.839765 0.839313 0.838757 0.838121 0.837428 0.836696 0.835935 0.835153 0.834353 0.833538 0.832708 0.831864 0.831009 0.830144 0.829272 0.828393 0.827511 0.826627 0.825743 0.824860 0.823982 0.823108 0.822241 0.821382 0.820532 0.819692 0.818864 0.818049 0.817248 0.816461 0.815689 0.814934 0.814197 0.813477 0.812775 0.812093 0.811431 0.810789 0.810169 0.809569 0.808992 0.808437 0.807904 0.807395 0.806908 0.806445 0.806005 0.805589 0.805195 0.804825 0.804478 0.804152 0.803849 0.803568 0.803307 0.803067 0.802846 0.802645 0.802461 0.802294 0.802144 0.802009 0.801888 0.801781 0.801686 0.801603 0.801530 0.801468 0.801414 0.801369 0.801332 0.801302 0.801278 0.801261 0.801250 0.801244 0.801244 0.801250 0.801261 0.801279 0.801302 0.801332 0.801370 0.801415 0.801468 0.801531 0.801603 0.801686 0.801781 0.801889 0.802009 0.802144 0.802295 0.802462 0.802646 0.802847 0.803068 0.803308 0.803569 0.803850 0.804153 0.804478 0.804826 0.805196 0.805590 0.806006 0.806446 0.806909 0.807396 0.807905 0.808438 0.808993 0.809570 0.810169 0.810790 0.811432 0.812094 0.812776 0.813478 0.814198 0.814935 0.815690 0.816462 0.817249 0.818050 0.818865 0.819693 0.820533 0.821383 0.822242 0.823109 0.823983 0.824862 0.825744 0.826628 0.827512 0.828395 0.829273 0.830146 0.831011 0.831866 0.832710 0.833540 0.834356 0.835156 0.835938 0.836698 0.837431 0.838124 0.838760 0.839316 0.839768 0.840094 0.840281 0.840333 0.840264 0.840102 0.839889 0.839680 0.839542 0.839540 0.839734 0.840166 0.840868 0.841857 0.843136 0.844683 0.846419 0.848155 0.849573 0.850324 0.850312 0.849894 0.849811 0.852501 0.892927 0.968876
0.994139 0.778362 0.841914 0.851215 0.852331 0.850743 0.848806 0.846978 0.845308 0.843805 0.842484 0.841356 0.840428 0.839709 0.839202 0.838902 0.838788 0.838826 0.838968 0.839159 0.839346 0.839484 0.839539 0.839489 0.839324 0.839042 0.838654 0.838175 0.837622 0.837013 0.836359 0.835670 0.834953 0.834212 0.833450 0.832670 0.831873 0.831063 0.830242 0.829411 0.828572 0.827728 0.826881 0.826032 0.825183 0.824337 0.823493 0.822654 0.821822 0.820997 0.820181 0.819375 0.818580 0.817798 0.817029 0.816274 0.815534 0.814810 0.814103 0.813414 0.812743 0.812091 0.811459 0.810847 0.810255 0.809685 0.809137 0.808610 0.808106 0.807625 0.807167 0.806731 0.806318 0.805928 0.805561 0.805216 0.804894 0.804593 0.804313 0.804054 0.803814 0.803595 0.803393 0.803210 0.803044 0.802893 0.802758 0.802637 0.802529 0.802434 0.802351 0.802278 0.802215 0.802161 0.802115 0.802077 0.802047 0.802023 0.802005 0.801994 0.801988 0.801988 0.801994 0.802006 0.802023 0.802047 0.802078 0.802116 0.802161 0.802215 0.802278 0.802351 0.802435 0.802530 0.802638 0.802759 0.802894 0.803044 0.803211 0.803394 0.803596 0.803815 0.804054 0.804314 0.804593 0.804895 0.805217 0.805562 0.805929 0.806319 0.806732 0.807168 0.807626 0.808107 0.808611 0.809138 0.809686 0.810256 0.810847 0.811460 0.812092 0.812744 0.813415 0.814104 0.814811 0.815535 0.816275 0.817030 0.817799 0.818581 0.819376 0.820182 0.820998 0.821823 0.822656 0.823494 0.824338 0.825185 0.826034 0.826883 0.827730 0.828574 0.829412 0.830244 0.831065 0.831876 0.832672 0.833452 0.834214 0.834955 0.835673 0.836362 0.837016 0.837625 0.838178 0.838657 0.839045 0.839327 0.839493 0.839543 0.839488 0.839350 0.839163 0.838972 0.838830 0.838793 0.838906 0.839207 0.839714 0.840434 0.841362 0.842491 0.843811 0.845313 0.846982 0.848810 0.850746 0.852335 0.851219 0.841919 0.778367 0.994140
0.000000 0.767711 0.826195 0.847259 0.849467 0.847762 0.845498 0.843612 0.842175 0.841080 0.840218 0.839518 0.838951 0.838515 0.838219 0.838066 0.838046 0.838136 0.838297 0.838487 0.838663 0.838789 0.838838 0.838793 0.838646 0.838399 0.838059 0.837639 0.837150 0.836606 0.836016 0.835388 0.834728 0.834040 0.833329 0.832596 0.831845 0.831079 0.830299 0.829508 0.828708 0.827901 0.827089 0.826274 0.825458 0.824642 0.823828 0.823017 0.822210 0.821410 0.820617 0.819833 0.819059 0.818295 0.817544 0.816805 0.816081 0.815372 0.814678 0.814001 0.813342 0.812700 0.812078 0.811475 0.810892 0.810330 0.809789 0.809269 0.808771 0.808296 0.807843 0.807412 0.807003 0.806617 0.806253 0.805912 0.805592 0.805293 0.805015 0.804758 0.804520 0.804302 0.804101 0.803919 0.803753 0.803603 0.803467 0.803346 0.803239 0.803143 0.803059 0.802986 0.802922 0.802868 0.802822 0.802784 0.802753 0.802729 0.802711 0.802699 0.802694 0.802694 0.802700 0.802711 0.802729 0.802753 0.802784 0.802823 0.802869 0.802923 0.802987 0.803060 0.803144 0.803239 0.803347 0.803468 0.803603 0.803754 0.803920 0.804102 0.804303 0.804521 0.804759 0.805016 0.805294 0.805593 0.805913 0.806254 0.806618 0.807004 0.807413 0.807843 0.808297 0.808772 0.809270 0.809790 0.810331 0.810893 0.811476 0.812079 0.812701 0.813343 0.814002 0.814679 0.815373 0.816082 0.816806 0.817545 0.818296 0.819060 0.819834 0.820618 0.821411 0.822212 0.823018 0.823829 0.824643 0.825460 0.826276 0.827091 0.827903 0.828710 0.829510 0.830301 0.831081 0.831847 0.832598 0.833331 0.834043 0.834730 0.835391 0.836019 0.836609 0.837153 0.837642 0.838063 0.838403 0.838650 0.838796 0.838841 0.838793 0.838667 0.838491 0.838301 0.838140 0.838051 0.838071 0.838224 0.838521 0.838958 0.839525 0.840224 0.841086 0.842180 0.843616 0.845501 0.847764 0.849469 0.847262 0.826200 0.767716 0.000000
0.990039 0.771231 0.832859 0.842793 0.845308 0.843790 0.841712 0.840090 0.839044 0.838408 0.838002 0.837713 0.837493 0.837333 0.837245 0.837240 0.837317 0.837463 0.837650 0.837846 0.838019 0.838140 0.838188 0.838151 0.838022 0.837804 0.837504 0.837130 0.836693 0.836202 0.835666 0.835091 0.834482 0.833843 0.833179 0.832491 0.831783 0.831058 0.830319 0.829566 0.828803 0.828032 0.827254 0.826472 0.825687 0.824900 0.824114 0.823330 0.822549 0.821773 0.821003 0.820240 0.819486 0.818742 0.818008 0.817286 0.816577 0.815883 0.815203 0.814539 0.813891 0.813261 0.812649 0.812055 0.811482 0.810928 0.810394 0.809882 0.809391 0.808922 0.808474 0.808049 0.807645 0.807263 0.806903 0.806565 0.806248 0.805953 0.805677 0.805422 0.805186 0.804969 0.804770 0.804588 0.804423 0.804273 0.804138 0.804017 0.803910 0.803814 0.803730 0.803656 0.803593 0.803538 0.803492 0.803453 0.803422 0.803397 0.803379 0.803368 0.803362 0.803362 0.803368 0.803380 0.803398 0.803422 0.803453 0.803492 0.803538 0.803593 0.803657 0.803731 0.803815 0.803910 0.804018 0.804139 0.804274 0.804424 0.804589 0.804771 0.804970 0.805187 0.805423 0.805678 0.805954 0.806249 0.806566 0.806904 0.807264 0.807646 0.808049 0.808475 0.808923 0.809392 0.809883 0.810395 0.810929 0.811483 0.812056 0.812650 0.813262 0.813892 0.814539 0.815204 0.815884 0.816578 0.817287 0.818009 0.818743 0.819487 0.820241 0.821004 0.821774 0.822551 0.823332 0.824116 0.824902 0.825688 0.826474 0.827256 0.828034 0.828805 0.829568 0.830321 0.831061 0.831786 0.832493 0.833181 0.833846 0.834485 0.835094 0.835669 0.836205 0.836696 0.837133 0.837507 0.837808 0.838026 0.838154 0.838192 0.838144 0.838023 0.837850 0.837654 0.837467 0.837322 0.837245 0.837251 0.837340 0.837500 0.837720 0.838008 0.838413 0.839048 0.840092 0.841712 0.843790 0.845308 0.842793 0.832861 0.771234 0.990039
0.977670 0.877038 0.829479 0.839225 0.840948 0.839796 0.838032 0.836764 0.836126 0.835924 0.835935 0.836019 0.836113 0.836205 0.836309 0.836441 0.836608 0.836807 0.837020 0.837226 0.837399 0.837519 0.837569 0.837541 0.837429 0.837237 0.836970 0.836636 0.836243 0.835798 0.835309 0.834781 0.834217 0.833624 0.833002 0.832357 0.831690 0.831005 0.830303 0.829587 0.828860 0.828123 0.827378 0.826627 0.825872 0.825114 0.824355 0.823597 0.822841 0.822088 0.821341 0.820599 0.819865 0.819139 0.818423 0.817718 0.817025 0.816345 0.815679 0.815028 0.814393 0.813774 0.813173 0.812590 0.812025 0.811480 0.810956 0.810451 0.809967 0.809504 0.809063 0.808643 0.808245 0.807868 0.807512 0.807178 0.806865 0.806572 0.806300 0.806047 0.805813 0.805598 0.805400 0.805219 0.805055 0.804906 0.804772 0.804651 0.804544 0.804448 0.804364 0.804290 0.804226 0.804171 0.804124 0.804086 0.804054 0.804030 0.804011 0.804000 0.803994 0.803994 0.804000 0.804012 0.804030 0.804055 0.804086 0.804125 0.804172 0.804227 0.804291 0.804364 0.804449 0.804544 0.804652 0.804773 0.804907 0.805056 0.805220 0.805401 0.805599 0.805814 0.806048 0.806301 0.806573 0.806866 0.807179 0.807513 0.807869 0.808246 0.808644 0.809064 0.809505 0.809968 0.810452 0.810956 0.811481 0.812026 0.812591 0.813174 0.813775 0.814394 0.815029 0.815680 0.816346 0.817026 0.817719 0.818424 0.819140 0.819866 0.820600 0.821342 0.822090 0.822842 0.823599 0.824357 0.825115 0.825873 0.826628 0.827379 0.828125 0.828862 0.829589 0.830305 0.831007 0.831693 0.832359 0.833005 0.833626 0.834220 0.834783 0.835312 0.835801 0.836246 0.836639 0.836974 0.837241 0.837433 0.837544 0.837573 0.837523 0.837403 0.837230 0.837024 0.836811 0.836613 0.836447 0.836316 0.836212 0.836120 0.836026 0.835941 0.835928 0.836128 0.836763 0.838029 0.839791 0.840943 0.839220 0.829476 0.877037 0.977670
0.995404 0.763329 0.822604 0.833190 0.836750 0.836055 0.834699 0.833815 0.833559 0.833731 0.834095 0.834495 0.834856 0.835164 0.835432 0.835681 0.835926 0.836170 0.836406 0.836621 0.836796 0.836917 0.836971 0.836952 0.836857 0.836689 0.836452 0.836152 0.835797 0.835393 0.834945 0.834458 0.833937 0.833384 0.832803 0.832197 0.831569 0.830921 0.830255 0.829574 0.828881 0.828176 0.827462 0.826741 0.826015 0.825285 0.824553 0.823820 0.823088 0.822358 0.821632 0.820911 0.820197 0.819490 0.818792 0.818103 0.817426 0.816761 0.816109 0.815472 0.814849 0.814242 0.813652 0.813080 0.812525 0.811990 0.811473 0.810977 0.810501 0.810045 0.809610 0.809197 0.808804 0.808432 0.808082 0.807752 0.807442 0.807153 0.806884 0.806634 0.806402 0.806189 0.805993 0.805814 0.805651 0.805503 0.805369 0.805249 0.805142 0.805046 0.804962 0.804888 0.804824 0.804769 0.804722 0.804683 0.804652 0.804627 0.804608 0.804596 0.804590 0.804591 0.804597 0.804609 0.804627 0.804652 0.804684 0.804723 0.804769 0.804825 0.804889 0.804963 0.805047 0.805142 0.805250 0.805370 0.805503 0.805651 0.805815 0.805994 0.806190 0.806403 0.806635 0.806885 0.807154 0.807443 0.807753 0.808083 0.808433 0.808805 0.809198 0.809611 0.810046 0.810502 0.810978 0.811474 0.811991 0.812526 0.813081 0.813653 0.814243 0.814850 0.815473 0.816110 0.816762 0.817427 0.818104 0.818793 0.819491 0.820198 0.820913 0.821633 0.822359 0.823089 0.823821 0.824554 0.825286 0.826016 0.826743 0.827464 0.828178 0.828882 0.829576 0.830257 0.830923 0.831571 0.832200 0.832806 0.833387 0.833940 0.834461 0.834948 0.835396 0.835800 0.836156 0.836455 0.836692 0.836861 0.836956 0.836975 0.836921 0.836800 0.836625 0.836411 0.836175 0.835931 0.835687 0.835439 0.835171 0.834864 0.834501 0.834100 0.833733 0.833558 0.833810 0.834690 0.836043 0.836737 0.833177 0.822594 0.763323 0.995404
0.000000 0.749536 0.806556 0.829643 0.833577 0.833185 0.832076 0.831463 0.831476 0.831913 0.832537 0.833176 0.833745 0.834223 0.834622 0.834964 0.835271 0.835551 0.835806 0.836028 0.836205 0.836328 0.836387 0.836378 0.836299 0.836153 0.835942 0.835674 0.835353 0.834985 0.834574 0.834125 0.833641 0.833126 0.832583 0.832013 0.831421 0.830808 0.830176 0.829528 0.828867 0.828193 0.827509 0.826817 0.826118 0.825415 0.824708 0.824000 0.823292 0.822584 0.821880 0.821179 0.820484 0.819796 0.819115 0.818444 0.817783 0.817133 0.816495 0.815871 0.815261 0.814667 0.814088 0.813527 0.812983 0.812457 0.811950 0.811462 0.810994 0.810546 0.810118 0.809711 0.809324 0.808958 0.808613 0.808287 0.807982 0.807697 0.807431 0.807184 0.806955 0.806744 0.806550 0.806373 0.806211 0.806064 0.805931 0.805812 0.805705 0.805610 0.805526 0.805452 0.805388 0.805333 0.805286 0.805247 0.805215 0.805190 0.805172 0.805159 0.805153 0.805154 0.805160 0.805172 0.805190 0.805215 0.805247 0.805286 0.805333 0.805389 0.805453 0.805526 0.805611 0.805706 0.805812 0.805932 0.806065 0.806212 0.806373 0.806551 0.806745 0.806956 0.807185 0.807432 0.807698 0.807983 0.808288 0.808614 0.808959 0.809325 0.809712 0.810119 0.810547 0.810995 0.811463 0.811951 0.812458 0.812983 0.813528 0.814089 0.814668 0.815262 0.815872 0.816496 0.817134 0.817784 0.818445 0.819116 0.819797 0.820485 0.821181 0.821881 0.822586 0.823293 0.824001 0.824710 0.825417 0.826120 0.826819 0.827511 0.828195 0.828868 0.829530 0.830178 0.830810 0.831423 0.832016 0.832585 0.833129 0.833644 0.834128 0.834577 0.834988 0.835356 0.835677 0.835946 0.836156 0.836303 0.836382 0.836391 0.836332 0.836209 0.836032 0.835811 0.835557 0.835277 0.834971 0.834629 0.834231 0.833752 0.833181 0.832540 0.831912 0.831470 0.831451 0.832060 0.833164 0.833555 0.829620 0.806535 0.749521 0.000000
0.978632 0.754489 0.818618 0.829729 0.832333 0.831567 0.830424 0.829850 0.829949 0.830512 0.831282 0.832072 0.832783 0.833382 0.833877 0.834289 0.834642 0.834949 0.835217 0.835444 0.835624 0.835750 0.835815 0.835816 0.835753 0.835626 0.835441 0.835200 0.834910 0.834574 0.834197 0.833782 0.833333 0.832852 0.832343 0.831808 0.831248 0.830668 0.830068 0.829452 0.828820 0.828176 0.827521 0.826856 0.826184 0.825507 0.824825 0.824140 0.823454 0.822769 0.822086 0.821405 0.820729 0.820059 0.819396 0.818742 0.818096 0.817462 0.816839 0.816228 0.815632 0.815050 0.814483 0.813933 0.813399 0.812883 0.812386 0.811907 0.811447 0.811007 0.810587 0.810187 0.809807 0.809447 0.809106 0.808786 0.808486 0.808204 0.807942 0.807698 0.807472 0.807264 0.807072 0.806897 0.806736 0.806591 0.806459 0.806341 0.806234 0.806140 0.806056 0.805983 0.805919 0.805863 0.805816 0.805777 0.805745 0.805720 0.805702 0.805690 0.805684 0.805684 0.805690 0.805702 0.805721 0.805746 0.805778 0.805817 0.805864 0.805919 0.805983 0.806057 0.806141 0.806235 0.806341 0.806460 0.806592 0.806737 0.806898 0.807073 0.807265 0.807473 0.807699 0.807943 0.808205 0.808487 0.808787 0.809107 0.809448 0.809808 0.810188 0.810588 0.811008 0.811448 0.811908 0.812387 0.812884 0.813400 0.813934 0.814484 0.815051 0.815633 0.816229 0.816840 0.817463 0.818097 0.818743 0.819397 0.820060 0.820731 0.821406 0.822087 0.822770 0.823456 0.824142 0.824826 0.825508 0.826186 0.826858 0.827523 0.828178 0.828822 0.829454 0.830070 0.830670 0.831251 0.831810 0.832345 0.832855 0.833335 0.833785 0.834200 0.834577 0.834913 0.835204 0.835444 0.835630 0.835757 0.835820 0.835819 0.835754 0.835629 0.835449 0.835222 0.834955 0.834648 0.834296 0.833885 0.833390 0.832790 0.832077 0.831283 0.830507 0.829938 0.829831 0.830398 0.831535 0.832298 0.829693 0.818586 0.754466 0.978631
0.954332 0.875905 0.834979 0.833242 0.832641 0.831172 0.829717 0.828955 0.828961 0.829506 0.830312 0.831168 0.831955 0.832627 0.833184 0.833644 0.834030 0.834357 0.834636 0.834868 0.835051 0.835180 0.835252 0.835264 0.835215 0.835107 0.834944 0.834729 0.834466 0.834159 0.833812 0.833429 0.833011 0.832562 0.832085 0.831581 0.831053 0.830503 0.829933 0.829346 0.828743 0.828127 0.827499 0.826861 0.826215 0.825561 0.824903 0.824242 0.823578 0.822914 0.822251 0.821591 0.820934 0.820282 0.819636 0.818998 0.818369 0.817750 0.817141 0.816545 0.815962 0.815392 0.814838 0.814299 0.813777 0.813271 0.812784 0.812314 0.811864 0.811432 0.811019 0.810626 0.810253 0.809899 0.809565 0.809250 0.808954 0.808677 0.808419 0.808179 0.807956 0.807750 0.807561 0.807387 0.807229 0.807085 0.806954 0.806837 0.806731 0.806637 0.806554 0.806481 0.806417 0.806362 0.806315 0.806276 0.806244 0.806219 0.806200 0.806188 0.806182 0.806182 0.806188 0.806201 0.806219 0.806244 0.806276 0.806316 0.806362 0.806418 0.806482 0.806555 0.806638 0.806732 0.806838 0.806955 0.807086 0.807230 0.807388 0.807562 0.807751 0.807957 0.808180 0.808420 0.808678 0.808955 0.809251 0.809566 0.809900 0.810254 0.810627 0.811020 0.811433 0.811865 0.812315 0.812785 0.813272 0.813778 0.814300 0.814839 0.815393 0.815963 0.816546 0.817142 0.817751 0.818370 0.819000 0.819638 0.820283 0.820935 0.821592 0.822253 0.822916 0.823580 0.824243 0.824905 0.825563 0.826216 0.826863 0.827501 0.828129 0.828745 0.829348 0.829935 0.830505 0.831055 0.831583 0.832087 0.832565 0.833014 0.833432 0.833815 0.834162 0.834469 0.834733 0.834948 0.835111 0.835219 0.835267 0.835256 0.835184 0.835055 0.834872 0.834641 0.834363 0.834037 0.833653 0.833193 0.832636 0.831962 0.831171 0.830310 0.829497 0.828943 0.828927 0.829680 0.831126 0.832590 0.833190 0.834934 0.875878 0.954329
0.958291 0.879007 0.837442 0.834887 0.833588 0.831567 0.829697 0.828622 0.828414 0.828833 0.829582 0.830428 0.831234 0.831938 0.832530 0.833020 0.833429 0.833771 0.834059 0.834296 0.834483 0.834618 0.834697 0.834719 0.834685 0.834595 0.834452 0.834260 0.834022 0.833742 0.833422 0.833067 0.832678 0.832258 0.831809 0.831334 0.830835 0.830314 0.829773 0.829213 0.828638 0.828048 0.827446 0.826833 0.826211 0.825582 0.824947 0.824307 0.823665 0.823022 0.822379 0.821738 0.821100 0.820466 0.819838 0.819216 0.818603 0.817999 0.817405 0.816823 0.816254 0.815697 0.815155 0.814628 0.814117 0.813622 0.813145 0.812685 0.812243 0.811820 0.811416 0.811030 0.810664 0.810317 0.809989 0.809679 0.809389 0.809116 0.808862 0.808626 0.808407 0.808204 0.808017 0.807846 0.807689 0.807547 0.807418 0.807301 0.807197 0.807104 0.807021 0.806948 0.806884 0.806829 0.806783 0.806744 0.806712 0.806687 0.806668 0.806656 0.806650 0.806650 0.806656 0.806668 0.806687 0.806712 0.806744 0.806783 0.806830 0.806885 0.806949 0.807021 0.807104 0.807198 0.807302 0.807419 0.807548 0.807690 0.807847 0.808018 0.808205 0.808408 0.808627 0.808863 0.809117 0.809390 0.809680 0.809990 0.810318 0.810665 0.811031 0.811417 0.811821 0.812244 0.812686 0.813146 0.813623 0.814118 0.814629 0.815156 0.815698 0.816255 0.816824 0.817407 0.818000 0.818604 0.819217 0.819839 0.820467 0.821101 0.821739 0.822381 0.823024 0.823667 0.824309 0.824948 0.825583 0.826213 0.826835 0.827448 0.828050 0.828640 0.829215 0.829775 0.830316 0.830837 0.831337 0.831812 0.832260 0.832680 0.833070 0.833425 0.833745 0.834025 0.834264 0.834456 0.834599 0.834689 0.834723 0.834701 0.834622 0.834488 0.834301 0.834065 0.833778 0.833436 0.833029 0.832539 0.831947 0.831240 0.830429 0.829576 0.828818 0.828387 0.828583 0.829646 0.831505 0.833520 0.834818 0.837378 0.878966 0.958286
0.989441 0.762727 0.824925 0.833861 0.834619 0.832421 0.830142 0.828702 0.828206 0.828419 0.829036 0.829812 0.830590 0.831294 0.831898 0.832405 0.832830 0.833186 0.833483 0.833728 0.833921 0.834061 0.834149 0.834182 0.834161 0.834088 0.833964 0.833792 0.833577 0.833320 0.833025 0.832695 0.832332 0.831939 0.831517 0.831069 0.830597 0.830103 0.829588 0.829055 0.828505 0.827940 0.827363 0.826774 0.826175 0.825569 0.824956 0.824338 0.823718 0.823095 0.822471 0.821849 0.821229 0.820613 0.820002 0.819397 0.818800 0.818211 0.817633 0.817065 0.816509 0.815965 0.815436 0.814921 0.814421 0.813938 0.813471 0.813021 0.812589 0.812174 0.811778 0.811401 0.811042 0.810701 0.810379 0.810076 0.809791 0.809523 0.809274 0.809041 0.808825 0.808626 0.808442 0.808273 0.808119 0.807978 0.807851 0.807735 0.807632 0.807539 0.807457 0.807385 0.807322 0.807267 0.807220 0.807181 0.807149 0.807124 0.807106 0.807094 0.807088 0.807088 0.807094 0.807106 0.807125 0.807150 0.807182 0.807221 0.807267 0.807322 0.807385 0.807458 0.807540 0.807633 0.807736 0.807851 0.807979 0.808120 0.808274 0.808443 0.808627 0.808826 0.809042 0.809275 0.809524 0.809792 0.810077 0.810380 0.810702 0.811043 0.811402 0.811779 0.812175 0.812590 0.813022 0.813472 0.813939 0.814422 0.814922 0.815437 0.815966 0.816510 0.817066 0.817634 0.818213 0.818801 0.819398 0.820003 0.820614 0.821231 0.821850 0.822473 0.823096 0.823719 0.824340 0.824958 0.825571 0.826177 0.826775 0.827364 0.827942 0.828507 0.829057 0.829590 0.830105 0.830599 0.831072 0.831520 0.831942 0.832335 0.832698 0.833028 0.833323 0.833580 0.833796 0.833967 0.834091 0.834165 0.834186 0.834153 0.834066 0.833925 0.833733 0.833489 0.833193 0.832838 0.832415 0.831907 0.831302 0.830595 0.829811 0.829027 0.828397 0.828170 0.828651 0.830078 0.832346 0.834538 0.833778 0.824844 0.762661 0.989432
0.000000 0.758514 0.813616 0.833848 0.835648 0.833529 0.830925 0.829097 0.828253 0.828196 0.828627 0.829286 0.830001 0.830678 0.831278 0.831793 0.832231 0.832599 0.832908 0.833162 0.833362 0.833511 0.833608 0.833651 0.833643 0.833585 0.833478 0.833325 0.833130 0.832894 0.832622 0.832315 0.831976 0.831607 0.831210 0.830787 0.830340 0.829871 0.829381 0.828872 0.828346 0.827806 0.827252 0.826686 0.826110 0.825525 0.824934 0.824337 0.823737 0.823134 0.822529 0.821926 0.821324 0.820726 0.820132 0.819543 0.818962 0.818389 0.817825 0.817271 0.816729 0.816199 0.815682 0.815179 0.814692 0.814219 0.813763 0.813323 0.812900 0.812495 0.812108 0.811738 0.811387 0.811053 0.810738 0.810441 0.810161 0.809899 0.809654 0.809426 0.809214 0.809017 0.808836 0.808670 0.808518 0.808379 0.808253 0.808139 0.808037 0.807945 0.807864 0.807792 0.807729 0.807675 0.807629 0.807590 0.807558 0.807533 0.807515 0.807502 0.807496 0.807496 0.807503 0.807515 0.807533 0.807558 0.807590 0.807629 0.807676 0.807730 0.807793 0.807865 0.807946 0.808038 0.808140 0.808254 0.808380 0.808519 0.808671 0.808837 0.809018 0.809215 0.809427 0.809655 0.809900 0.810162 0.810442 0.810739 0.811054 0.811388 0.811739 0.812109 0.812496 0.812901 0.813324 0.813764 0.814220 0.814693 0.815180 0.815683 0.816200 0.816730 0.817272 0.817826 0.818390 0.818963 0.819544 0.820133 0.820727 0.821325 0.821927 0.822531 0.823135 0.823738 0.824339 0.824935 0.825527 0.826111 0.826687 0.827253 0.827807 0.828348 0.828874 0.829383 0.829873 0.830342 0.830790 0.831213 0.831610 0.831979 0.832318 0.832625 0.832898 0.833133 0.833329 0.833481 0.833588 0.833647 0.833655 0.833612 0.833515 0.833367 0.833167 0.832914 0.832607 0.832239 0.831803 0.831287 0.830686 0.830005 0.829283 0.828613 0.828168 0.828208 0.829036 0.830851 0.833449 0.835570 0.833775 0.813545 0.758449 0.000000
0.995683 0.768743 0.824573 0.833075 0.835891 0.834369 0.831772 0.829632 0.828433 0.828084 0.828302 0.828819 0.829448 0.830080 0.830665 0.831182 0.831629 0.832011 0.832333 0.832598 0.832809 0.832967 0.833072 0.833126 0.833130 0.833085 0.832993 0.832857 0.832680 0.832464 0.832213 0.831927 0.831610 0.831263 0.830889 0.830489 0.830065 0.829619 0.829152 0.828666 0.828164 0.827646 0.827114 0.826570 0.826016 0.825452 0.824882 0.824305 0.823724 0.823141 0.822555 0.821970 0.821386 0.820805 0.820228 0.819656 0.819090 0.818533 0.817983 0.817444 0.816916 0.816399 0.815895 0.815405 0.814929 0.814468 0.814023 0.813593 0.813181 0.812785 0.812406 0.812045 0.811701 0.811375 0.811066 0.810775 0.810501 0.810244 0.810004 0.809780 0.809572 0.809379 0.809202 0.809038 0.808888 0.808751 0.808627 0.808515 0.808414 0.808323 0.808242 0.808171 0.808109 0.808055 0.808009 0.807970 0.807939 0.807914 0.807895 0.807883 0.807877 0.807877 0.807883 0.807895 0.807914 0.807939 0.807971 0.808009 0.808055 0.808109 0.808172 0.808243 0.808324 0.808414 0.808516 0.808628 0.808752 0.808889 0.809039 0.809202 0.809380 0.809573 0.809781 0.810005 0.810245 0.810502 0.810776 0.811067 0.811376 0.811702 0.812046 0.812407 0.812786 0.813182 0.813594 0.814024 0.814469 0.814930 0.815406 0.815896 0.816400 0.816917 0.817445 0.817985 0.818534 0.819092 0.819657 0.820229 0.820806 0.821388 0.821971 0.822557 0.823142 0.823726 0.824307 0.824883 0.825454 0.826017 0.826572 0.827116 0.827648 0.828166 0.828668 0.829154 0.829621 0.830067 0.830491 0.830892 0.831266 0.831613 0.831930 0.832216 0.832468 0.832684 0.832861 0.832997 0.833089 0.833134 0.833130 0.833076 0.832971 0.832813 0.832603 0.832339 0.832019 0.831639 0.831192 0.830674 0.830088 0.829451 0.828813 0.828284 0.828050 0.828381 0.829563 0.831695 0.834300 0.835847 0.833066 0.824582 0.768740 0.995669
0.989280 0.870078 0.814060 0.826470 0.833422 0.834238 0.832246 0.830036 0.828589 0.827990 0.828009 0.828382 0.828917 0.829497 0.830059 0.830573 0.831030 0.831425 0.831761 0.832039 0.832260 0.832428 0.832543 0.832607 0.832622 0.832589 0.832511 0.832390 0.832229 0.832031 0.831797 0.831531 0.831234 0.830908 0.830554 0.830176 0.829773 0.829349 0.828904 0.828440 0.827959 0.827463 0.826952 0.826429 0.825895 0.825352 0.824802 0.824245 0.823683 0.823118 0.822551 0.821984 0.821418 0.820853 0.820293 0.819737 0.819187 0.818645 0.818111 0.817586 0.817071 0.816568 0.816077 0.815600 0.815136 0.814686 0.814252 0.813833 0.813430 0.813044 0.812674 0.812321 0.811985 0.811667 0.811365 0.811080 0.810812 0.810561 0.810325 0.810106 0.809902 0.809713 0.809538 0.809377 0.809230 0.809095 0.808973 0.808862 0.808762 0.808673 0.808593 0.808523 0.808461 0.808407 0.808361 0.808323 0.808291 0.808267 0.808248 0.808236 0.808230 0.808230 0.808236 0.808249 0.808267 0.808292 0.808323 0.808362 0.808408 0.808461 0.808523 0.808594 0.808673 0.808763 0.808863 0.808974 0.809096 0.809231 0.809378 0.809539 0.809714 0.809903 0.810107 0.810326 0.810562 0.810813 0.811081 0.811366 0.811668 0.811986 0.812322 0.812675 0.813045 0.813431 0.813834 0.814253 0.814687 0.815137 0.815601 0.816078 0.816569 0.817072 0.817587 0.818112 0.818646 0.819188 0.819738 0.820294 0.820855 0.821419 0.821985 0.822553 0.823119 0.823684 0.824246 0.824803 0.825354 0.825897 0.826431 0.826954 0.827464 0.827961 0.828442 0.828906 0.829351 0.829776 0.830178 0.830557 0.830910 0.831236 0.831534 0.831800 0.832034 0.832232 0.832393 0.832514 0.832593 0.832626 0.832611 0.832547 0.832432 0.832265 0.832044 0.831768 0.831433 0.831039 0.830584 0.830069 0.829504 0.828919 0.828374 0.827986 0.827951 0.828531 0.829965 0.832178 0.834201 0.833460 0.826617 0.814286 0.870233 0.989264
1.000000 0.716237 0.767204 0.808183 0.827766 0.832759 0.832045 0.830095 0.828583 0.827835 0.827702 0.827953 0.828401 0.828928 0.829464 0.829974 0.830437 0.830845 0.831195 0.831485 0.831719 0.831896 0.832020 0.832093 0.832117 0.832095 0.832029 0.831921 0.831775 0.831592 0.831376 0.831127 0.830848 0.830541 0.830207 0.829848 0.829466 0.829062 0.828637 0.828194 0.827733 0.827257 0.826767 0.826264 0.825750 0.825227 0.824695 0.824157 0.823614 0.823067 0.822519 0.821969 0.821420 0.820872 0.820328 0.819789 0.819255 0.818727 0.818208 0.817697 0.817197 0.816707 0.816230 0.815764 0.815312 0.814875 0.814451 0.814043 0.813650 0.813274 0.812913 0.812569 0.812241 0.811930 0.811635 0.811357 0.811095 0.810849 0.810619 0.810404 0.810204 0.810018 0.809847 0.809689 0.809544 0.809412 0.809292 0.809182 0.809084 0.808995 0.808917 0.808847 0.808786 0.808733 0.808687 0.808649 0.808618 0.808593 0.808575 0.808563 0.808557 0.808557 0.808563 0.808575 0.808593 0.808618 0.808650 0.808688 0.808733 0.808786 0.808848 0.808917 0.808996 0.809085 0.809183 0.809292 0.809413 0.809545 0.809690 0.809848 0.810019 0.810205 0.810405 0.810620 0.810850 0.811096 0.811358 0.811636 0.811931 0.812242 0.812570 0.812914 0.813275 0.813651 0.814044 0.814452 0.814876 0.815313 0.815765 0.816231 0.816708 0.817198 0.817698 0.818209 0.818728 0.819256 0.819790 0.820330 0.820874 0.821421 0.821970 0.822520 0.823069 0.823615 0.824159 0.824697 0.825228 0.825752 0.826266 0.826769 0.827259 0.827735 0.828196 0.828639 0.829064 0.829468 0.829851 0.830210 0.830544 0.830851 0.831130 0.831379 0.831596 0.831779 0.831925 0.832033 0.832099 0.832121 0.832097 0.832024 0.831900 0.831723 0.831491 0.831201 0.830853 0.830446 0.829984 0.829474 0.828935 0.828402 0.827943 0.827677 0.827791 0.828522 0.830027 0.831992 0.832771 0.827923 0.808590 0.767878 0.716838 1.000000
0.000000 0.503024 0.703051 0.790317 0.822226 0.831009 0.831476 0.829878 0.828412 0.827599 0.827369 0.827527 0.827901 0.828378 0.828889 0.829390 0.829858 0.830276 0.830638 0.830941 0.831185 0.831372 0.831504 0.831585 0.831617 0.831604 0.831548 0.831453 0.831319 0.831151 0.830949 0.830716 0.830454 0.830164 0.829848 0.829508 0.829144 0.828759 0.828354 0.827930 0.827489 0.827032 0.826561 0.826077 0.825582 0.825077 0.824564 0.824045 0.823520 0.822991 0.822459 0.821927 0.821395 0.820864 0.820336 0.819812 0.819294 0.818782 0.818277 0.817781 0.817294 0.816818 0.816353 0.815901 0.815461 0.815035 0.814623 0.814225 0.813843 0.813476 0.813124 0.812789 0.812469 0.812166 0.811878 0.811606 0.811350 0.811110 0.810885 0.810675 0.810479 0.810298 0.810130 0.809975 0.809833 0.809703 0.809584 0.809477 0.809379 0.809292 0.809215 0.809146 0.809085 0.809033 0.808988 0.808950 0.808919 0.808894 0.808876 0.808864 0.808858 0.808858 0.808864 0.808876 0.808894 0.808919 0.808950 0.808988 0.809033 0.809086 0.809146 0.809215 0.809293 0.809380 0.809477 0.809585 0.809703 0.809833 0.809976 0.810130 0.810298 0.810480 0.810676 0.810886 0.811111 0.811351 0.811607 0.811879 0.812167 0.812470 0.812790 0.813125 0.813477 0.813844 0.814226 0.814624 0.815036 0.815462 0.815902 0.816354 0.816819 0.817295 0.817782 0.818278 0.818783 0.819295 0.819813 0.820337 0.820865 0.821396 0.821928 0.822461 0.822992 0.823521 0.824046 0.824566 0.825079 0.825583 0.826078 0.826562 0.827034 0.827491 0.827932 0.828356 0.828761 0.829147 0.829510 0.829851 0.830167 0.830457 0.830719 0.830952 0.831154 0.831323 0.831456 0.831552 0.831608 0.831621 0.831588 0.831508 0.831376 0.831190 0.830947 0.830645 0.830285 0.829867 0.829401 0.828898 0.828384 0.827900 0.827515 0.827342 0.827554 0.828352 0.829815 0.831441 0.831066 0.822493 0.790975 0.704257 0.504449 0.000000
0.000000 0.496774 0.698218 0.787163 0.820335 0.829914 0.830842 0.829474 0.828094 0.827278 0.827002 0.827098 0.827416 0.827852 0.828338 0.828830 0.829298 0.829724 0.830095 0.830408 0.830660 0.830854 0.830993 0.831081 0.831120 0.831115 0.831069 0.830983 0.830861 0.830705 0.830517 0.830299 0.830052 0.829778 0.829479 0.829156 0.828810 0.828442 0.828055 0.827649 0.827226 0.826787 0.826334 0.825869 0.825392 0.824905 0.824410 0.823909 0.823401 0.822890 0.822375 0.821860 0.821344 0.820830 0.820318 0.819810 0.819307 0.818809 0.818319 0.817838 0.817365 0.816902 0.816451 0.816011 0.815583 0.815168 0.814768 0.814381 0.814009 0.813651 0.813309 0.812982 0.812671 0.812375 0.812095 0.811830 0.811580 0.811346 0.811126 0.810920 0.810729 0.810551 0.810387 0.810235 0.810096 0.809968 0.809852 0.809746 0.809650 0.809564 0.809488 0.809420 0.809360 0.809308 0.809263 0.809226 0.809195 0.809171 0.809153 0.809141 0.809135 0.809135 0.809141 0.809153 0.809171 0.809195 0.809226 0.809264 0.809308 0.809360 0.809420 0.809488 0.809565 0.809651 0.809747 0.809852 0.809969 0.810097 0.810236 0.810388 0.810552 0.810730 0.810921 0.811127 0.811347 0.811581 0.811831 0.812096 0.812376 0.812672 0.812983 0.813310 0.813652 0.814010 0.814382 0.814769 0.815169 0.815584 0.816012 0.816452 0.816903 0.817366 0.817839 0.818320 0.818810 0.819308 0.819811 0.820319 0.820831 0.821345 0.821861 0.822377 0.822891 0.823402 0.823910 0.824412 0.824907 0.825394 0.825871 0.826336 0.826789 0.827228 0.827651 0.828057 0.828444 0.828812 0.829158 0.829482 0.829781 0.830055 0.830302 0.830520 0.830708 0.830865 0.830987 0.831072 0.831119 0.831124 0.831084 0.830997 0.830858 0.830665 0.830413 0.830102 0.829732 0.829308 0.828840 0.828347 0.827858 0.827415 0.827085 0.826974 0.827233 0.828035 0.829416 0.830818 0.829992 0.820640 0.787883 0.699518 0.498315 0.000000
1.000000 0.707523 0.757531 0.800964 0.823137 0.829976 0.830371 0.828984 0.827665 0.826882 0.826600 0.826666 0.826949 0.827353 0.827818 0.828298 0.828764 0.829192 0.829569 0.829887 0.830145 0.830345 0.830489 0.830582 0.830627 0.830629 0.830590 0.830514 0.830402 0.830257 0.830081 0.829876 0.829644 0.829385 0.829101 0.828793 0.828463 0.828112 0.827742 0.827353 0.826947 0.826526 0.826090 0.825642 0.825183 0.824714 0.824236 0.823751 0.823261 0.822766 0.822268 0.821769 0.821270 0.820772 0.820275 0.819783 0.819295 0.818813 0.818337 0.817869 0.817411 0.816961 0.816523 0.816095 0.815680 0.815277 0.814888 0.814512 0.814150 0.813802 0.813469 0.813151 0.812848 0.812560 0.812287 0.812029 0.811786 0.811557 0.811342 0.811142 0.810955 0.810781 0.810620 0.810472 0.810335 0.810210 0.810095 0.809991 0.809897 0.809813 0.809737 0.809670 0.809611 0.809560 0.809516 0.809479 0.809448 0.809424 0.809406 0.809394 0.809389 0.809389 0.809395 0.809406 0.809424 0.809448 0.809479 0.809516 0.809560 0.809612 0.809671 0.809738 0.809814 0.809898 0.809992 0.810096 0.810210 0.810336 0.810472 0.810621 0.810782 0.810956 0.811143 0.811343 0.811558 0.811787 0.812030 0.812288 0.812561 0.812849 0.813152 0.813470 0.813803 0.814151 0.814513 0.814889 0.815278 0.815681 0.816096 0.816524 0.816962 0.817412 0.817870 0.818338 0.818814 0.819296 0.819784 0.820277 0.820773 0.821271 0.821771 0.822270 0.822767 0.823262 0.823752 0.824237 0.824715 0.825184 0.825644 0.826092 0.826528 0.826949 0.827355 0.827744 0.828114 0.828465 0.828795 0.829103 0.829387 0.829646 0.829879 0.830084 0.830260 0.830405 0.830517 0.830594 0.830632 0.830631 0.830586 0.830493 0.830349 0.830150 0.829892 0.829575 0.829200 0.828773 0.828308 0.827827 0.827359 0.826947 0.826654 0.826573 0.826839 0.827609 0.828930 0.830347 0.830042 0.823386 0.801514 0.758393 0.708278 1.000000
0.988789 0.865461 0.806116 0.819312 0.828270 0.830874 0.830060 0.828444 0.827148 0.826416 0.826160 0.826228 0.826497 0.826883 0.827331 0.827799 0.828257 0.828682 0.829059 0.829380 0.829641 0.829844 0.829991 0.830088 0.830138 0.830145 0.830113 0.830044 0.829941 0.829806 0.829642 0.829449 0.829229 0.828983 0.828713 0.828420 0.828106 0.827770 0.827416 0.827043 0.826653 0.826249 0.825830 0.825398 0.824956 0.824503 0.824042 0.823574 0.823100 0.822622 0.822141 0.821658 0.821174 0.820692 0.820211 0.819734 0.819260 0.818793 0.818332 0.817878 0.817433 0.816997 0.816572 0.816157 0.815754 0.815363 0.814984 0.814619 0.814267 0.813930 0.813606 0.813297 0.813002 0.812722 0.812457 0.812205 0.811968 0.811745 0.811536 0.811340 0.811158 0.810988 0.810831 0.810685 0.810552 0.810429 0.810317 0.810215 0.810122 0.810039 0.809965 0.809899 0.809841 0.809790 0.809746 0.809710 0.809679 0.809656 0.809638 0.809626 0.809620 0.809620 0.809626 0.809638 0.809656 0.809680 0.809710 0.809747 0.809790 0.809841 0.809899 0.809966 0.810040 0.810123 0.810216 0.810318 0.810430 0.810552 0.810686 0.810832 0.810989 0.811159 0.811341 0.811537 0.811746 0.811969 0.812206 0.812458 0.812723 0.813003 0.813298 0.813607 0.813931 0.814268 0.814620 0.814985 0.815363 0.815755 0.816158 0.816573 0.816998 0.817434 0.817879 0.818333 0.818794 0.819262 0.819735 0.820212 0.820693 0.821175 0.821659 0.822142 0.822623 0.823101 0.823575 0.824044 0.824505 0.824957 0.825400 0.825832 0.826250 0.826655 0.827045 0.827418 0.827772 0.828108 0.828423 0.828716 0.828986 0.829231 0.829452 0.829645 0.829810 0.829944 0.830047 0.830116 0.830148 0.830141 0.830091 0.829995 0.829847 0.829645 0.829385 0.829066 0.828690 0.828266 0.827809 0.827340 0.826889 0.826496 0.826216 0.826135 0.826376 0.827096 0.828391 0.830028 0.830903 0.828413 0.819608 0.806505 0.865719 0.988782
1.000000 0.766535 0.820076 0.828092 0.831746 0.831308 0.829506 0.827722 0.826492 0.825856 0.825670 0.825775 0.826056 0.826440 0.826877 0.827333 0.827780 0.828197 0.828569 0.828887 0.829147 0.829351 0.829500 0.829599 0.829652 0.829664 0.829637 0.829575 0.829480 0.829354 0.829200 0.829018 0.828809 0.828576 0.828319 0.828040 0.827739 0.827419 0.827079 0.826721 0.826347 0.825958 0.825555 0.825139 0.824713 0.824276 0.823831 0.823379 0.822922 0.822459 0.821994 0.821527 0.821059 0.820592 0.820126 0.819664 0.819206 0.818752 0.818306 0.817866 0.817434 0.817012 0.816599 0.816197 0.815806 0.815426 0.815059 0.814705 0.814364 0.814036 0.813722 0.813421 0.813135 0.812863 0.812604 0.812360 0.812129 0.811912 0.811708 0.811517 0.811339 0.811174 0.811020 0.810878 0.810747 0.810627 0.810517 0.810417 0.810326 0.810244 0.810171 0.810106 0.810049 0.809999 0.809956 0.809919 0.809890 0.809866 0.809849 0.809837 0.809831 0.809831 0.809837 0.809849 0.809866 0.809890 0.809920 0.809956 0.809999 0.810049 0.810107 0.810172 0.810245 0.810327 0.810418 0.810518 0.810628 0.810748 0.810879 0.811021 0.811174 0.811340 0.811518 0.811709 0.811913 0.812130 0.812361 0.812605 0.812863 0.813136 0.813422 0.813722 0.814037 0.814364 0.814706 0.815060 0.815427 0.815807 0.816198 0.816600 0.817013 0.817435 0.817867 0.818307 0.818753 0.819207 0.819665 0.820127 0.820593 0.821060 0.821528 0.821995 0.822460 0.822923 0.823381 0.823833 0.824278 0.824714 0.825141 0.825557 0.825960 0.826349 0.826723 0.827081 0.827421 0.827741 0.828042 0.828322 0.828579 0.828812 0.829020 0.829203 0.829357 0.829483 0.829578 0.829640 0.829667 0.829656 0.829602 0.829503 0.829354 0.829151 0.828892 0.828575 0.828205 0.827789 0.827343 0.826886 0.826446 0.826056 0.825765 0.825647 0.825820 0.826443 0.827668 0.829463 0.831297 0.831790 0.828196 0.820201 0.766621 1.000000
0.000000 0.758813 0.811408 0.830623 0.832553 0.830937 0.828636 0.826813 0.825704 0.825207 0.825131 0.825308 0.825628 0.826024 0.826457 0.826901 0.827333 0.827736 0.828097 0.828408 0.828664 0.828865 0.829015 0.829115 0.829171 0.829186 0.829164 0.829108 0.829019 0.828902 0.828756 0.828584 0.828386 0.828164 0.827920 0.827653 0.827365 0.827058 0.826732 0.826389 0.826030 0.825656 0.825268 0.824867 0.824456 0.824035 0.823606 0.823169 0.822727 0.822280 0.821830 0.821378 0.820926 0.820474 0.820023 0.819576 0.819132 0.818693 0.818260 0.817835 0.817416 0.817007 0.816607 0.816217 0.815838 0.815470 0.815114 0.814770 0.814439 0.814121 0.813816 0.813525 0.813247 0.812982 0.812731 0.812494 0.812269 0.812058 0.811859 0.811674 0.811500 0.811338 0.811188 0.811050 0.810922 0.810804 0.810696 0.810598 0.810509 0.810429 0.810357 0.810293 0.810236 0.810187 0.810144 0.810109 0.810079 0.810056 0.810038 0.810027 0.810021 0.810021 0.810027 0.810039 0.810056 0.810079 0.810109 0.810145 0.810187 0.810237 0.810293 0.810357 0.810429 0.810510 0.810599 0.810697 0.810805 0.810922 0.811050 0.811189 0.811339 0.811501 0.811674 0.811860 0.812059 0.812270 0.812495 0.812732 0.812983 0.813248 0.813526 0.813817 0.814122 0.814440 0.814771 0.815115 0.815471 0.815839 0.816218 0.816608 0.817008 0.817417 0.817835 0.818261 0.818694 0.819133 0.819577 0.820024 0.820475 0.820927 0.821380 0.821831 0.822281 0.822728 0.823171 0.823607 0.824037 0.824458 0.824869 0.825269 0.825657 0.826032 0.826391 0.826734 0.827060 0.827368 0.827655 0.827922 0.828167 0.828389 0.828586 0.828759 0.828905 0.829022 0.829111 0.829167 0.829189 0.829174 0.829118 0.829018 0.828869 0.828668 0.828412 0.828103 0.827743 0.827341 0.826909 0.826466 0.826030 0.825629 0.825301 0.825112 0.825175 0.825660 0.826762 0.828586 0.830897 0.832533 0.830623 0.811412 0.758807 0.000000
0.991800 0.763943 0.821567 0.829682 0.831615 0.829774 0.827463 0.825741 0.824807 0.824491 0.824561 0.824841 0.825219 0.825638 0.826071 0.826501 0.826913 0.827298 0.827643 0.827943 0.828191 0.828389 0.828537 0.828637 0.828695 0.828713 0.828694 0.828643 0.828561 0.828450 0.828312 0.828149 0.827961 0.827749 0.827516 0.827261 0.826986 0.826691 0.826379 0.826049 0.825704 0.825343 0.824970 0.824584 0.824188 0.823782 0.823367 0.822946 0.822519 0.822087 0.821652 0.821215 0.820777 0.820340 0.819904 0.819471 0.819042 0.818617 0.818198 0.817785 0.817381 0.816984 0.816597 0.816219 0.815852 0.815495 0.815150 0.814817 0.814496 0.814188 0.813892 0.813609 0.813339 0.813082 0.812838 0.812607 0.812389 0.812184 0.811991 0.811810 0.811640 0.811483 0.811336 0.811201 0.811075 0.810960 0.810855 0.810759 0.810671 0.810592 0.810521 0.810458 0.810402 0.810354 0.810312 0.810276 0.810247 0.810224 0.810207 0.810196 0.810190 0.810190 0.810196 0.810207 0.810224 0.810248 0.810277 0.810312 0.810354 0.810403 0.810459 0.810522 0.810593 0.810672 0.810759 0.810856 0.810961 0.811076 0.811201 0.811337 0.811484 0.811641 0.811810 0.811991 0.812185 0.812390 0.812608 0.812839 0.813083 0.813340 0.813610 0.813893 0.814189 0.814497 0.814818 0.815151 0.815496 0.815852 0.816220 0.816598 0.816985 0.817382 0.817786 0.818199 0.818618 0.819043 0.819472 0.819905 0.820341 0.820778 0.821216 0.821653 0.822088 0.822520 0.822947 0.823369 0.823783 0.824189 0.824586 0.824971 0.825345 0.825705 0.826051 0.826381 0.826693 0.826988 0.827263 0.827518 0.827752 0.827963 0.828151 0.828315 0.828453 0.828564 0.828646 0.828697 0.828716 0.828698 0.828641 0.828540 0.828392 0.828195 0.827947 0.827648 0.827304 0.826921 0.826509 0.826080 0.825645 0.825221 0.824836 0.824547 0.824465 0.824770 0.825694 0.827410 0.829722 0.831565 0.829635 0.821523 0.763903 0.991793
0.977531 0.871472 0.819559 0.827959 0.829290 0.827929 0.825937 0.824502 0.823827 0.823737 0.823987 0.824389 0.824839 0.825288 0.825721 0.826133 0.826521 0.826881 0.827207 0.827491 0.827730 0.827921 0.828066 0.828166 0.828224 0.828244 0.828229 0.828181 0.828104 0.828000 0.827869 0.827714 0.827535 0.827333 0.827110 0.826866 0.826602 0.826320 0.826019 0.825702 0.825370 0.825024 0.824664 0.824292 0.823910 0.823518 0.823118 0.822711 0.822298 0.821881 0.821461 0.821038 0.820615 0.820192 0.819771 0.819352 0.818936 0.818525 0.818119 0.817720 0.817328 0.816944 0.816569 0.816203 0.815848 0.815502 0.815168 0.814845 0.814534 0.814235 0.813948 0.813674 0.813412 0.813163 0.812926 0.812701 0.812489 0.812289 0.812101 0.811925 0.811760 0.811606 0.811463 0.811331 0.811208 0.811095 0.810992 0.810897 0.810812 0.810734 0.810664 0.810602 0.810547 0.810499 0.810457 0.810422 0.810394 0.810371 0.810354 0.810342 0.810337 0.810337 0.810343 0.810354 0.810371 0.810394 0.810423 0.810458 0.810499 0.810547 0.810603 0.810665 0.810735 0.810812 0.810898 0.810993 0.811096 0.811209 0.811331 0.811464 0.811607 0.811761 0.811926 0.812102 0.812290 0.812490 0.812702 0.812927 0.813164 0.813413 0.813675 0.813949 0.814236 0.814535 0.814846 0.815169 0.815503 0.815849 0.816204 0.816570 0.816945 0.817329 0.817721 0.818120 0.818526 0.818937 0.819353 0.819772 0.820193 0.820616 0.821040 0.821462 0.821882 0.822299 0.822712 0.823119 0.823519 0.823911 0.824294 0.824665 0.825025 0.825372 0.825704 0.826021 0.826321 0.826604 0.826868 0.827112 0.827335 0.827537 0.827716 0.827872 0.828002 0.828107 0.828184 0.828232 0.828247 0.828228 0.828169 0.828069 0.827925 0.827733 0.827495 0.827211 0.826887 0.826528 0.826141 0.825729 0.825295 0.824843 0.824388 0.823977 0.823717 0.823796 0.824461 0.825888 0.827875 0.829232 0.827900 0.819501 0.871433 0.977526
0.993370 0.755629 0.812269 0.822226 0.825962 0.825416 0.824065 0.823106 0.822799 0.822989 0.823442 0.823979 0.824502 0.824979 0.825407 0.825797 0.826155 0.826486 0.826786 0.827052 0.827279 0.827464 0.827605 0.827703 0.827761 0.827782 0.827769 0.827725 0.827652 0.827553 0.827429 0.827280 0.827110 0.826917 0.826703 0.826469 0.826216 0.825945 0.825656 0.825352 0.825032 0.824698 0.824351 0.823993 0.823624 0.823246 0.822860 0.822467 0.822068 0.821665 0.821259 0.820850 0.820441 0.820032 0.819624 0.819219 0.818816 0.818419 0.818026 0.817640 0.817261 0.816889 0.816526 0.816171 0.815827 0.815492 0.815169 0.814856 0.814554 0.814264 0.813986 0.813720 0.813466 0.813224 0.812994 0.812775 0.812569 0.812374 0.812191 0.812020 0.811859 0.811709 0.811569 0.811439 0.811319 0.811209 0.811107 0.811015 0.810930 0.810854 0.810785 0.810724 0.810670 0.810622 0.810581 0.810546 0.810518 0.810495 0.810478 0.810467 0.810462 0.810462 0.810467 0.810478 0.810495 0.810518 0.810547 0.810581 0.810622 0.810670 0.810724 0.810786 0.810854 0.810931 0.811015 0.811108 0.811210 0.811320 0.811440 0.811570 0.811709 0.811859 0.812020 0.812192 0.812375 0.812570 0.812776 0.812994 0.813224 0.813467 0.813721 0.813987 0.814265 0.814555 0.814857 0.815169 0.815493 0.815828 0.816172 0.816526 0.816890 0.817261 0.817641 0.818027 0.818420 0.818817 0.819219 0.819625 0.820033 0.820442 0.820851 0.821260 0.821666 0.822069 0.822468 0.822861 0.823247 0.823625 0.823994 0.824353 0.824699 0.825033 0.825353 0.825658 0.825947 0.826218 0.826471 0.826705 0.826919 0.827112 0.827283 0.827431 0.827556 0.827655 0.827728 0.827772 0.827785 0.827764 0.827706 0.827608 0.827467 0.827282 0.827056 0.826791 0.826491 0.826161 0.825804 0.825415 0.824986 0.824507 0.823980 0.823437 0.822976 0.822776 0.823074 0.824024 0.825368 0.825908 0.822168 0.812212 0.755584 0.993367
0.000000 0.739142 0.794329 0.818009 0.822702 0.822918 0.822168 0.821733 0.821833 0.822319 0.822973 0.823635 0.824222 0.824717 0.825131 0.825490 0.825813 0.826109 0.826382 0.826627 0.826840 0.827016 0.827152 0.827249 0.827306 0.827328 0.827317 0.827275 0.827206 0.827111 0.826992 0.826850 0.826687 0.826502 0.826297 0.826073 0.825830 0.825569 0.825291 0.824998 0.824690 0.824368 0.824034 0.823688 0.823332 0.822967 0.822594 0.822214 0.821829 0.821440 0.821047 0.820652 0.820256 0.819860 0.819466 0.819073 0.818684 0.818299 0.817920 0.817546 0.817178 0.816819 0.816467 0.816124 0.815790 0.815466 0.815152 0.814849 0.814557 0.814276 0.814006 0.813748 0.813501 0.813266 0.813043 0.812831 0.812630 0.812441 0.812262 0.812095 0.811938 0.811792 0.811655 0.811528 0.811411 0.811303 0.811203 0.811112 0.811029 0.810954 0.810887 0.810826 0.810773 0.810726 0.810685 0.810651 0.810623 0.810600 0.810583 0.810572 0.810567 0.810567 0.810572 0.810584 0.810600 0.810623 0.810651 0.810685 0.810726 0.810773 0.810827 0.810887 0.810955 0.811030 0.811113 0.811204 0.811304 0.811412 0.811529 0.811656 0.811792 0.811939 0.812096 0.812263 0.812442 0.812631 0.812831 0.813043 0.813267 0.813502 0.813749 0.814007 0.814277 0.814558 0.814850 0.815153 0.815467 0.815791 0.816125 0.816468 0.816819 0.817179 0.817546 0.817920 0.818300 0.818685 0.819074 0.819467 0.819861 0.820257 0.820653 0.821048 0.821441 0.821830 0.822216 0.822595 0.822968 0.823333 0.823689 0.824035 0.824370 0.824691 0.825000 0.825293 0.825571 0.825831 0.826075 0.826299 0.826504 0.826689 0.826853 0.826994 0.827114 0.827209 0.827278 0.827320 0.827331 0.827309 0.827252 0.827155 0.827019 0.826843 0.826630 0.826386 0.826114 0.825818 0.825497 0.825138 0.824723 0.824228 0.823638 0.822971 0.822311 0.821818 0.821710 0.822137 0.822880 0.822657 0.817960 0.794279 0.739102 0.000000
0.973551 0.740996 0.805033 0.817008 0.820685 0.820859 0.820530 0.820548 0.821020 0.821774 0.822606 0.823371 0.824004 0.824501 0.824892 0.825212 0.825493 0.825751 0.825993 0.826216 0.826413 0.826580 0.826711 0.826804 0.826861 0.826883 0.826872 0.826833 0.826766 0.826675 0.826561 0.826425 0.826268 0.826091 0.825894 0.825678 0.825445 0.825194 0.824926 0.824644 0.824347 0.824036 0.823714 0.823380 0.823036 0.822684 0.822323 0.821957 0.821584 0.821207 0.820828 0.820446 0.820063 0.819680 0.819298 0.818919 0.818542 0.818169 0.817802 0.817440 0.817084 0.816736 0.816395 0.816063 0.815740 0.815426 0.815122 0.814829 0.814546 0.814273 0.814012 0.813761 0.813522 0.813294 0.813077 0.812871 0.812676 0.812492 0.812319 0.812156 0.812003 0.811860 0.811727 0.811603 0.811489 0.811383 0.811286 0.811196 0.811115 0.811041 0.810975 0.810916 0.810863 0.810817 0.810777 0.810743 0.810715 0.810693 0.810676 0.810665 0.810660 0.810660 0.810665 0.810676 0.810693 0.810715 0.810743 0.810777 0.810817 0.810863 0.810916 0.810975 0.811042 0.811116 0.811197 0.811286 0.811384 0.811490 0.811604 0.811728 0.811861 0.812004 0.812157 0.812320 0.812493 0.812677 0.812872 0.813078 0.813295 0.813523 0.813762 0.814013 0.814274 0.814546 0.814830 0.815123 0.815427 0.815741 0.816064 0.816396 0.816737 0.817085 0.817441 0.817803 0.818170 0.818543 0.818919 0.819299 0.819681 0.820064 0.820447 0.820829 0.821208 0.821585 0.821958 0.822325 0.822685 0.823038 0.823381 0.823715 0.824038 0.824348 0.824645 0.824928 0.825195 0.825446 0.825680 0.825896 0.826093 0.826270 0.826427 0.826563 0.826678 0.826769 0.826835 0.826875 0.826885 0.826864 0.826807 0.826713 0.826582 0.826416 0.826218 0.825996 0.825755 0.825497 0.825217 0.824898 0.824508 0.824010 0.823376 0.822607 0.821771 0.821011 0.820533 0.820509 0.820832 0.820653 0.816973 0.804997 0.740969 0.973549
0.937940 0.861663 0.821595 0.820115 0.819443 0.819214 0.819178 0.819579 0.820367 0.821353 0.822335 0.823181 0.823841 0.824327 0.824683 0.824958 0.825192 0.825410 0.825619 0.825818 0.826000 0.826157 0.826281 0.826372 0.826426 0.826448 0.826438 0.826399 0.826335 0.826247 0.826138 0.826007 0.825856 0.825685 0.825496 0.825289 0.825064 0.824822 0.824564 0.824292 0.824005 0.823706 0.823394 0.823072 0.822740 0.822400 0.822051 0.821697 0.821337 0.820972 0.820605 0.820236 0.819865 0.819495 0.819125 0.818758 0.818394 0.818033 0.817678 0.817328 0.816984 0.816646 0.816317 0.815996 0.815683 0.815379 0.815085 0.814801 0.814527 0.814264 0.814011 0.813768 0.813537 0.813316 0.813106 0.812906 0.812717 0.812539 0.812371 0.812213 0.812064 0.811926 0.811796 0.811676 0.811564 0.811461 0.811367 0.811280 0.811200 0.811128 0.811063 0.811005 0.810954 0.810909 0.810869 0.810836 0.810809 0.810787 0.810771 0.810760 0.810755 0.810755 0.810760 0.810771 0.810787 0.810809 0.810837 0.810870 0.810909 0.810954 0.811006 0.811064 0.811129 0.811201 0.811280 0.811367 0.811462 0.811565 0.811677 0.811797 0.811926 0.812065 0.812213 0.812371 0.812540 0.812718 0.812907 0.813106 0.813317 0.813537 0.813769 0.814011 0.814265 0.814528 0.814802 0.815086 0.815380 0.815684 0.815996 0.816318 0.816647 0.816984 0.817328 0.817679 0.818034 0.818395 0.818759 0.819126 0.819496 0.819866 0.820236 0.820606 0.820973 0.821338 0.821698 0.822052 0.822401 0.822741 0.823073 0.823396 0.823707 0.824007 0.824293 0.824566 0.824823 0.825065 0.825290 0.825498 0.825687 0.825858 0.826009 0.826140 0.826250 0.826337 0.826402 0.826440 0.826450 0.826429 0.826374 0.826284 0.826159 0.826003 0.825821 0.825622 0.825413 0.825196 0.824962 0.824688 0.824333 0.823847 0.823186 0.822338 0.821353 0.820364 0.819572 0.819166 0.819198 0.819424 0.820094 0.821576 0.861652 0.937940
0.923782 0.869456 0.834078 0.819957 0.817806 0.817549 0.817935 0.818723 0.819814 0.821015 0.822132 0.823045 0.823721 0.824186 0.824500 0.824725 0.824911 0.825087 0.825263 0.825438 0.825603 0.825749 0.825867 0.825953 0.826006 0.826026 0.826015 0.825978 0.825916 0.825831 0.825725 0.825599 0.825454 0.825290 0.825108 0.824908 0.824691 0.824458 0.824210 0.823947 0.823670 0.823381 0.823081 0.822770 0.822449 0.822120 0.821783 0.821441 0.821093 0.820741 0.820386 0.820029 0.819670 0.819312 0.818955 0.818600 0.818248 0.817900 0.817556 0.817218 0.816885 0.816560 0.816242 0.815931 0.815629 0.815336 0.815053 0.814778 0.814514 0.814260 0.814015 0.813782 0.813558 0.813345 0.813143 0.812950 0.812768 0.812596 0.812434 0.812281 0.812138 0.812004 0.811879 0.811763 0.811655 0.811556 0.811464 0.811380 0.811303 0.811234 0.811171 0.811115 0.811065 0.811021 0.810983 0.810951 0.810924 0.810903 0.810887 0.810877 0.810872 0.810872 0.810877 0.810888 0.810903 0.810924 0.810951 0.810983 0.811021 0.811065 0.811115 0.811171 0.811234 0.811304 0.811381 0.811465 0.811556 0.811656 0.811764 0.811880 0.812005 0.812139 0.812282 0.812434 0.812597 0.812769 0.812951 0.813143 0.813346 0.813559 0.813782 0.814016 0.814260 0.814515 0.814779 0.815053 0.815337 0.815630 0.815932 0.816242 0.816560 0.816886 0.817218 0.817557 0.817901 0.818249 0.818601 0.818956 0.819313 0.819671 0.820029 0.820386 0.820742 0.821094 0.821442 0.821784 0.822121 0.822450 0.822771 0.823082 0.823383 0.823672 0.823948 0.824211 0.824459 0.824692 0.824909 0.825109 0.825291 0.825456 0.825601 0.825727 0.825833 0.825918 0.825980 0.826018 0.826028 0.826008 0.825956 0.825870 0.825752 0.825606 0.825440 0.825265 0.825089 0.824914 0.824729 0.824504 0.824191 0.823726 0.823051 0.822136 0.821018 0.819815 0.818721 0.817930 0.817541 0.817796 0.819947 0.834070 0.869451 0.923783
0.938719 0.858361 0.815875 0.814429 0.814739 0.815667 0.816671 0.817906 0.819314 0.820729 0.821975 0.822948 0.823631 0.824070 0.824339 0.824514 0.824651 0.824785 0.824929 0.825080 0.825228 0.825363 0.825473 0.825554 0.825604 0.825621 0.825610 0.825573 0.825513 0.825431 0.825328 0.825207 0.825067 0.824910 0.824734 0.824542 0.824333 0.824109 0.823870 0.823616 0.823350 0.823071 0.822781 0.822481 0.822172 0.821854 0.821529 0.821198 0.820863 0.820523 0.820180 0.819835 0.819490 0.819144 0.818800 0.818457 0.818117 0.817782 0.817450 0.817124 0.816804 0.816490 0.816184 0.815885 0.815595 0.815313 0.815040 0.814776 0.814522 0.814278 0.814044 0.813819 0.813605 0.813401 0.813207 0.813022 0.812848 0.812683 0.812528 0.812382 0.812245 0.812117 0.811997 0.811886 0.811783 0.811688 0.811600 0.811520 0.811446 0.811380 0.811320 0.811266 0.811218 0.811176 0.811140 0.811109 0.811084 0.811064 0.811049 0.811039 0.811034 0.811034 0.811039 0.811049 0.811064 0.811084 0.811109 0.811140 0.811177 0.811219 0.811266 0.811320 0.811380 0.811447 0.811520 0.811601 0.811688 0.811784 0.811887 0.811998 0.812117 0.812245 0.812382 0.812528 0.812684 0.812848 0.813023 0.813207 0.813402 0.813606 0.813820 0.814044 0.814279 0.814523 0.814777 0.815041 0.815313 0.815595 0.815886 0.816184 0.816491 0.816804 0.817125 0.817451 0.817782 0.818118 0.818458 0.818800 0.819145 0.819490 0.819836 0.820181 0.820524 0.820863 0.821199 0.821530 0.821855 0.822173 0.822482 0.822782 0.823072 0.823351 0.823617 0.823871 0.824110 0.824335 0.824544 0.824736 0.824911 0.825069 0.825209 0.825330 0.825432 0.825515 0.825575 0.825613 0.825624 0.825606 0.825557 0.825476 0.825365 0.825231 0.825082 0.824931 0.824787 0.824654 0.824517 0.824343 0.824075 0.823636 0.822954 0.821980 0.820734 0.819318 0.817908 0.816671 0.815665 0.814737 0.814426 0.815874 0.858361 0.938719
0.975735 0.730017 0.791297 0.804839 0.811103 0.813741 0.815501 0.817180 0.818896 0.820511 0.821871 0.822891 0.823573 0.823981 0.824204 0.824328 0.824418 0.824512 0.824624 0.824751 0.824882 0.825005 0.825107 0.825182 0.825227 0.825242 0.825230 0.825193 0.825134 0.825054 0.824956 0.824839 0.824705 0.824554 0.824386 0.824201 0.824000 0.823785 0.823554 0.823311 0.823054 0.822786 0.822506 0.822217 0.821919 0.821614 0.821301 0.820982 0.820659 0.820331 0.820001 0.819669 0.819337 0.819004 0.818673 0.818343 0.818016 0.817693 0.817375 0.817062 0.816754 0.816453 0.816160 0.815873 0.815595 0.815325 0.815064 0.814812 0.814570 0.814337 0.814113 0.813899 0.813695 0.813501 0.813316 0.813141 0.812975 0.812818 0.812671 0.812533 0.812403 0.812281 0.812168 0.812063 0.811966 0.811876 0.811793 0.811717 0.811647 0.811585 0.811528 0.811477 0.811432 0.811392 0.811358 0.811329 0.811305 0.811286 0.811271 0.811262 0.811257 0.811257 0.811262 0.811272 0.811286 0.811305 0.811329 0.811358 0.811392 0.811432 0.811477 0.811528 0.811585 0.811648 0.811717 0.811793 0.811876 0.811966 0.812064 0.812169 0.812282 0.812403 0.812533 0.812672 0.812819 0.812976 0.813141 0.813317 0.813501 0.813696 0.813900 0.814114 0.814337 0.814570 0.814813 0.815065 0.815326 0.815596 0.815874 0.816160 0.816454 0.816755 0.817062 0.817376 0.817694 0.818017 0.818344 0.818673 0.819005 0.819337 0.819670 0.820002 0.820332 0.820659 0.820983 0.821302 0.821614 0.821920 0.822218 0.822507 0.822787 0.823055 0.823312 0.823556 0.823786 0.824002 0.824202 0.824387 0.824556 0.824707 0.824841 0.824958 0.825056 0.825136 0.825195 0.825232 0.825244 0.825229 0.825184 0.825109 0.825007 0.824885 0.824753 0.824626 0.824514 0.824420 0.824331 0.824207 0.823984 0.823577 0.822895 0.821876 0.820516 0.818900 0.817184 0.815504 0.813743 0.811106 0.804842 0.791300 0.730020 0.975735
0.000000 0.716899 0.772073 0.800017 0.808741 0.812464 0.814719 0.816716 0.818654 0.820413 0.821847 0.822888 0.823554 0.823925 0.824101 0.824176 0.824221 0.824276 0.824357 0.824461 0.824575 0.824684 0.824777 0.824845 0.824885 0.824897 0.824883 0.824846 0.824788 0.824712 0.824617 0.824506 0.824378 0.824233 0.824072 0.823895 0.823703 0.823496 0.823275 0.823041 0.822795 0.822537 0.822269 0.821991 0.821705 0.821411 0.821110 0.820804 0.820494 0.820179 0.819862 0.819544 0.819224 0.818905 0.818587 0.818271 0.817958 0.817649 0.817344 0.817044 0.816750 0.816462 0.816182 0.815909 0.815643 0.815386 0.815138 0.814898 0.814668 0.814446 0.814234 0.814032 0.813838 0.813654 0.813480 0.813314 0.813158 0.813010 0.812871 0.812741 0.812619 0.812505 0.812399 0.812300 0.812208 0.812124 0.812046 0.811975 0.811910 0.811851 0.811797 0.811750 0.811707 0.811670 0.811638 0.811611 0.811588 0.811570 0.811557 0.811548 0.811544 0.811544 0.811548 0.811557 0.811570 0.811588 0.811611 0.811638 0.811670 0.811708 0.811750 0.811798 0.811851 0.811910 0.811975 0.812046 0.812124 0.812209 0.812300 0.812399 0.812505 0.812620 0.812742 0.812872 0.813011 0.813158 0.813315 0.813480 0.813655 0.813839 0.814032 0.814235 0.814447 0.814668 0.814899 0.815139 0.815387 0.815644 0.815909 0.816182 0.816463 0.816750 0.817044 0.817344 0.817649 0.817959 0.818272 0.818588 0.818906 0.819225 0.819544 0.819863 0.820180 0.820494 0.820805 0.821111 0.821412 0.821706 0.821992 0.822270 0.822538 0.822796 0.823042 0.823276 0.823497 0.823704 0.823896 0.824073 0.824234 0.824379 0.824507 0.824619 0.824713 0.824790 0.824848 0.824885 0.824899 0.824887 0.824847 0.824779 0.824687 0.824577 0.824463 0.824359 0.824278 0.824222 0.824178 0.824103 0.823928 0.823558 0.822891 0.821851 0.820418 0.818659 0.816720 0.814723 0.812469 0.808745 0.800022 0.772079 0.716904 0.000000
0.969513 0.726155 0.788176 0.802179 0.808989 0.812201 0.814493 0.816612 0.818651 0.820467 0.821921 0.822950 0.823584 0.823910 0.824036 0.824064 0.824066 0.824085 0.824137 0.824218 0.824314 0.824410 0.824492 0.824552 0.824586 0.824595 0.824579 0.824541 0.824485 0.824411 0.824320 0.824214 0.824092 0.823954 0.823801 0.823632 0.823449 0.823251 0.823040 0.822815 0.822580 0.822333 0.822075 0.821809 0.821535 0.821253 0.820965 0.820671 0.820374 0.820072 0.819768 0.819463 0.819157 0.818851 0.818547 0.818245 0.817945 0.817649 0.817358 0.817071 0.816791 0.816517 0.816249 0.815989 0.815737 0.815492 0.815256 0.815029 0.814810 0.814600 0.814400 0.814208 0.814025 0.813851 0.813686 0.813530 0.813383 0.813244 0.813113 0.812990 0.812875 0.812768 0.812668 0.812575 0.812489 0.812410 0.812336 0.812269 0.812208 0.812152 0.812102 0.812057 0.812017 0.811982 0.811952 0.811926 0.811904 0.811888 0.811875 0.811867 0.811862 0.811862 0.811867 0.811875 0.811888 0.811905 0.811926 0.811952 0.811982 0.812017 0.812057 0.812103 0.812153 0.812208 0.812270 0.812337 0.812410 0.812490 0.812576 0.812669 0.812769 0.812876 0.812991 0.813114 0.813244 0.813383 0.813531 0.813687 0.813852 0.814026 0.814208 0.814400 0.814601 0.814811 0.815029 0.815257 0.815493 0.815737 0.815990 0.816250 0.816517 0.816791 0.817072 0.817358 0.817650 0.817946 0.818245 0.818547 0.818852 0.819158 0.819464 0.819769 0.820073 0.820374 0.820672 0.820966 0.821254 0.821535 0.821810 0.822076 0.822333 0.822580 0.822816 0.823041 0.823252 0.823450 0.823633 0.823802 0.823956 0.824093 0.824215 0.824322 0.824412 0.824486 0.824543 0.824581 0.824596 0.824588 0.824554 0.824494 0.824412 0.824316 0.824220 0.824139 0.824087 0.824068 0.824065 0.824038 0.823912 0.823586 0.822953 0.821924 0.820471 0.818654 0.816616 0.814498 0.812205 0.808994 0.802184 0.788182 0.726160 0.969514
0.934845 0.853925 0.810845 0.809613 0.810690 0.812652 0.814687 0.816791 0.818837 0.820648 0.822077 0.823068 0.823655 0.823931 0.824009 0.823991 0.823954 0.823940 0.823964 0.824023 0.824101 0.824183 0.824254 0.824305 0.824333 0.824337 0.824318 0.824280 0.824225 0.824153 0.824067 0.823965 0.823849 0.823718 0.823572 0.823411 0.823236 0.823047 0.822845 0.822631 0.822405 0.822168 0.821922 0.821667 0.821404 0.821133 0.820857 0.820575 0.820290 0.820001 0.819709 0.819416 0.819123 0.818830 0.818538 0.818248 0.817961 0.817677 0.817398 0.817124 0.816855 0.816593 0.816337 0.816089 0.815847 0.815614 0.815389 0.815172 0.814964 0.814764 0.814572 0.814390 0.814216 0.814050 0.813894 0.813745 0.813604 0.813472 0.813347 0.813230 0.813121 0.813018 0.812923 0.812834 0.812752 0.812675 0.812605 0.812541 0.812482 0.812428 0.812379 0.812336 0.812297 0.812263 0.812233 0.812208 0.812188 0.812171 0.812159 0.812150 0.812146 0.812146 0.812151 0.812159 0.812171 0.812188 0.812209 0.812234 0.812263 0.812297 0.812336 0.812380 0.812428 0.812482 0.812541 0.812606 0.812676 0.812752 0.812835 0.812923 0.813019 0.813121 0.813231 0.813348 0.813473 0.813605 0.813745 0.813894 0.814051 0.814216 0.814390 0.814573 0.814764 0.814964 0.815173 0.815389 0.815615 0.815848 0.816089 0.816338 0.816593 0.816856 0.817124 0.817398 0.817678 0.817961 0.818248 0.818538 0.818830 0.819123 0.819417 0.819710 0.820001 0.820290 0.820576 0.820857 0.821134 0.821404 0.821667 0.821923 0.822169 0.822406 0.822632 0.822846 0.823048 0.823237 0.823412 0.823573 0.823719 0.823850 0.823966 0.824068 0.824155 0.824226 0.824282 0.824320 0.824338 0.824335 0.824307 0.824255 0.824184 0.824103 0.824025 0.823966 0.823941 0.823955 0.823993 0.824011 0.823933 0.823657 0.823070 0.822079 0.820651 0.818840 0.816794 0.814691 0.812656 0.810694 0.809618 0.810850 0.853928 0.934846
0.922071 0.864874 0.827470 0.812914 0.811722 0.812990 0.814934 0.817035 0.819082 0.820873 0.822265 0.823209 0.823746 0.823971 0.824002 0.823942 0.823869 0.823824 0.823823 0.823861 0.823922 0.823989 0.824049 0.824092 0.824113 0.824112 0.824091 0.824052 0.823996 0.823926 0.823842 0.823744 0.823633 0.823507 0.823368 0.823214 0.823046 0.822865 0.822671 0.822465 0.822248 0.822020 0.821783 0.821537 0.821284 0.821023 0.820756 0.820485 0.820209 0.819930 0.819649 0.819366 0.819082 0.818799 0.818517 0.818237 0.817959 0.817685 0.817415 0.817150 0.816891 0.816637 0.816390 0.816149 0.815916 0.815690 0.815472 0.815262 0.815061 0.814867 0.814682 0.814504 0.814336 0.814175 0.814022 0.813877 0.813740 0.813611 0.813489 0.813374 0.813267 0.813166 0.813071 0.812983 0.812902 0.812826 0.812756 0.812691 0.812632 0.812578 0.812528 0.812484 0.812445 0.812410 0.812380 0.812354 0.812333 0.812316 0.812303 0.812295 0.812291 0.812291 0.812295 0.812303 0.812316 0.812333 0.812354 0.812380 0.812410 0.812445 0.812485 0.812529 0.812578 0.812632 0.812691 0.812756 0.812826 0.812902 0.812984 0.813072 0.813166 0.813267 0.813375 0.813490 0.813612 0.813741 0.813878 0.814023 0.814175 0.814336 0.814505 0.814682 0.814867 0.815061 0.815263 0.815473 0.815691 0.815916 0.816150 0.816390 0.816637 0.816891 0.817151 0.817416 0.817686 0.817960 0.818237 0.818517 0.818799 0.819083 0.819366 0.819649 0.819930 0.820209 0.820485 0.820757 0.821024 0.821284 0.821538 0.821784 0.822021 0.822249 0.822466 0.822672 0.822866 0.823047 0.823215 0.823369 0.823508 0.823634 0.823745 0.823843 0.823927 0.823997 0.824053 0.824092 0.824114 0.824114 0.824093 0.824051 0.823991 0.823924 0.823862 0.823825 0.823826 0.823870 0.823944 0.824003 0.823973 0.823747 0.823211 0.822267 0.820876 0.819084 0.817037 0.814936 0.812993 0.811726 0.812918 0.827473 0.864876 0.922071
0.937578 0.854996 0.811015 0.809493 0.810617 0.812745 0.814952 0.817176 0.819269 0.821061 0.822424 0.823324 0.823812 0.823990 0.823978 0.823880 0.823774 0.823702 0.823678 0.823696 0.823741 0.823795 0.823844 0.823878 0.823893 0.823888 0.823863 0.823822 0.823765 0.823695 0.823611 0.823515 0.823406 0.823283 0.823148 0.822998 0.822835 0.822660 0.822472 0.822272 0.822061 0.821839 0.821608 0.821369 0.821121 0.820867 0.820607 0.820341 0.820072 0.819799 0.819523 0.819246 0.818968 0.818691 0.818414 0.818139 0.817866 0.817597 0.817332 0.817071 0.816815 0.816565 0.816321 0.816083 0.815853 0.815629 0.815413 0.815205 0.815004 0.814811 0.814627 0.814450 0.814281 0.814119 0.813966 0.813820 0.813681 0.813550 0.813426 0.813309 0.813198 0.813094 0.812997 0.812906 0.812821 0.812741 0.812668 0.812599 0.812537 0.812479 0.812427 0.812380 0.812337 0.812300 0.812267 0.812239 0.812216 0.812198 0.812184 0.812175 0.812170 0.812170 0.812175 0.812184 0.812198 0.812216 0.812239 0.812267 0.812300 0.812337 0.812380 0.812427 0.812480 0.812537 0.812600 0.812668 0.812742 0.812821 0.812906 0.812997 0.813095 0.813199 0.813309 0.813426 0.813550 0.813682 0.813820 0.813966 0.814120 0.814281 0.814450 0.814627 0.814812 0.815005 0.815205 0.815414 0.815629 0.815853 0.816083 0.816321 0.816565 0.816815 0.817071 0.817332 0.817597 0.817867 0.818139 0.818414 0.818691 0.818969 0.819247 0.819524 0.819799 0.820072 0.820342 0.820607 0.820867 0.821122 0.821369 0.821609 0.821840 0.822061 0.822272 0.822472 0.822660 0.822836 0.822999 0.823148 0.823284 0.823407 0.823516 0.823613 0.823696 0.823766 0.823823 0.823865 0.823889 0.823895 0.823880 0.823846 0.823797 0.823742 0.823698 0.823680 0.823704 0.823776 0.823882 0.823979 0.823991 0.823813 0.823326 0.822425 0.821062 0.819271 0.817178 0.814954 0.812747 0.810619 0.809496 0.811018 0.854997 0.937578
0.974440 0.726317 0.786947 0.800957 0.808237 0.811997 0.814754 0.817179 0.819350 0.821153 0.822493 0.823353 0.823795 0.823929 0.823877 0.823746 0.823611 0.823514 0.823468 0.823468 0.823497 0.823539 0.823578 0.823605 0.823615 0.823605 0.823577 0.823533 0.823474 0.823401 0.823315 0.823217 0.823107 0.822984 0.822848 0.822699 0.822537 0.822363 0.822176 0.821978 0.821770 0.821550 0.821322 0.821084 0.820839 0.820586 0.820327 0.820063 0.819794 0.819522 0.819247 0.818970 0.818692 0.818414 0.818137 0.817861 0.817587 0.817316 0.817049 0.816786 0.816528 0.816275 0.816027 0.815786 0.815552 0.815324 0.815104 0.814891 0.814685 0.814488 0.814297 0.814114 0.813939 0.813772 0.813612 0.813459 0.813313 0.813175 0.813044 0.812919 0.812802 0.812690 0.812586 0.812487 0.812395 0.812308 0.812227 0.812153 0.812083 0.812020 0.811962 0.811909 0.811862 0.811820 0.811783 0.811752 0.811725 0.811705 0.811689 0.811678 0.811673 0.811673 0.811679 0.811689 0.811705 0.811726 0.811752 0.811783 0.811820 0.811862 0.811909 0.811962 0.812020 0.812084 0.812153 0.812228 0.812308 0.812395 0.812487 0.812586 0.812691 0.812802 0.812920 0.813044 0.813176 0.813314 0.813459 0.813612 0.813772 0.813940 0.814115 0.814298 0.814488 0.814686 0.814891 0.815104 0.815325 0.815552 0.815787 0.816028 0.816275 0.816528 0.816786 0.817049 0.817317 0.817588 0.817861 0.818137 0.818415 0.818693 0.818970 0.819247 0.819522 0.819794 0.820063 0.820327 0.820586 0.820839 0.821084 0.821322 0.821551 0.821770 0.821979 0.822177 0.822363 0.822538 0.822699 0.822848 0.822984 0.823108 0.823218 0.823316 0.823402 0.823475 0.823534 0.823578 0.823606 0.823616 0.823607 0.823580 0.823540 0.823499 0.823469 0.823469 0.823515 0.823612 0.823747 0.823878 0.823930 0.823796 0.823354 0.822495 0.821155 0.819351 0.817181 0.814755 0.811998 0.808239 0.800959 0.786949 0.726319 0.974441
0.000000 0.712832 0.767672 0.796653 0.806608 0.811451 0.814573 0.817128 0.819330 0.821119 0.822419 0.823229 0.823622 0.823713 0.823625 0.823463 0.823301 0.823181 0.823114 0.823095 0.823110 0.823139 0.823170 0.823191 0.823196 0.823184 0.823153 0.823106 0.823043 0.822966 0.822876 0.822773 0.822657 0.822529 0.822388 0.822235 0.822070 0.821892 0.821703 0.821503 0.821291 0.821070 0.820838 0.820598 0.820349 0.820093 0.819831 0.819562 0.819289 0.819012 0.818731 0.818448 0.818165 0.817880 0.817596 0.817313 0.817032 0.816753 0.816478 0.816206 0.815939 0.815677 0.815421 0.815170 0.814926 0.814689 0.814459 0.814235 0.814020 0.813811 0.813610 0.813417 0.813231 0.813053 0.812882 0.812719 0.812562 0.812413 0.812271 0.812136 0.812008 0.811887 0.811772 0.811663 0.811562 0.811466 0.811376 0.811293 0.811216 0.811145 0.811080 0.811021 0.810967 0.810920 0.810879 0.810843 0.810813 0.810790 0.810772 0.810760 0.810754 0.810754 0.810760 0.810772 0.810790 0.810814 0.810843 0.810879 0.810920 0.810967 0.811021 0.811080 0.811145 0.811216 0.811294 0.811377 0.811466 0.811562 0.811664 0.811772 0.811887 0.812009 0.812137 0.812272 0.812414 0.812563 0.812719 0.812882 0.813053 0.813232 0.813417 0.813611 0.813812 0.814020 0.814236 0.814459 0.814689 0.814927 0.815171 0.815421 0.815677 0.815939 0.816206 0.816478 0.816753 0.817032 0.817313 0.817596 0.817880 0.818165 0.818449 0.818731 0.819012 0.819289 0.819562 0.819831 0.820094 0.820350 0.820598 0.820839 0.821070 0.821292 0.821503 0.821704 0.821893 0.822070 0.822236 0.822389 0.822530 0.822658 0.822774 0.822877 0.822967 0.823044 0.823107 0.823154 0.823185 0.823197 0.823192 0.823171 0.823141 0.823111 0.823097 0.823115 0.823182 0.823303 0.823464 0.823626 0.823714 0.823623 0.823230 0.822420 0.821120 0.819331 0.817129 0.814574 0.811452 0.806609 0.796655 0.767674 0.712834 0.000000
0.968278 0.721210 0.783774 0.799147 0.807291 0.811550 0.814551 0.817052 0.819194 0.820911 0.822137 0.822881 0.823220 0.823268 0.823147 0.822957 0.822770 0.822625 0.822535 0.822496 0.822492 0.822509 0.822530 0.822546 0.822549 0.822536 0.822506 0.822458 0.822393 0.822312 0.822216 0.822106 0.821982 0.821845 0.821696 0.821534 0.821361 0.821176 0.820980 0.820773 0.820555 0.820327 0.820089 0.819843 0.819587 0.819324 0.819053 0.818776 0.818494 0.818207 0.817917 0.817624 0.817329 0.817034 0.816739 0.816444 0.816152 0.815861 0.815574 0.815290 0.815011 0.814736 0.814467 0.814204 0.813948 0.813698 0.813455 0.813219 0.812991 0.812771 0.812558 0.812352 0.812155 0.811965 0.811783 0.811609 0.811442 0.811282 0.811130 0.810985 0.810847 0.810716 0.810592 0.810476 0.810365 0.810262 0.810165 0.810075 0.809991 0.809914 0.809843 0.809779 0.809721 0.809669 0.809624 0.809585 0.809553 0.809527 0.809508 0.809495 0.809489 0.809489 0.809495 0.809508 0.809527 0.809553 0.809585 0.809624 0.809669 0.809721 0.809779 0.809843 0.809914 0.809991 0.810075 0.810165 0.810262 0.810366 0.810476 0.810593 0.810717 0.810847 0.810985 0.811130 0.811282 0.811442 0.811609 0.811783 0.811966 0.812155 0.812353 0.812558 0.812771 0.812991 0.813219 0.813455 0.813698 0.813948 0.814204 0.814467 0.814736 0.815011 0.815290 0.815574 0.815861 0.816152 0.816444 0.816739 0.817034 0.817329 0.817624 0.817917 0.818207 0.818494 0.818776 0.819053 0.819324 0.819587 0.819843 0.820090 0.820327 0.820555 0.820773 0.820980 0.821176 0.821361 0.821535 0.821696 0.821846 0.821983 0.822107 0.822217 0.822313 0.822394 0.822459 0.822507 0.822537 0.822550 0.822547 0.822531 0.822510 0.822493 0.822497 0.822536 0.822626 0.822771 0.822958 0.823148 0.823270 0.823221 0.822882 0.822138 0.820912 0.819195 0.817052 0.814551 0.811551 0.807292 0.799148 0.783775 0.721212 0.968278
0.928469 0.847749 0.806810 0.807399 0.809549 0.812146 0.814604 0.816883 0.818874 0.820463 0.821585 0.822251 0.822534 0.822544 0.822393 0.822179 0.821968 0.821797 0.821679 0.821612 0.821584 0.821582 0.821591 0.821601 0.821605 0.821596 0.821571 0.821529 0.821467 0.821387 0.821289 0.821173 0.821042 0.820896 0.820736 0.820564 0.820380 0.820186 0.819980 0.819765 0.819539 0.819303 0.819058 0.818804 0.818541 0.818270 0.817991 0.817705 0.817413 0.817117 0.816816 0.816512 0.816207 0.815900 0.815594 0.815288 0.814984 0.814682 0.814384 0.814089 0.813799 0.813514 0.813235 0.812961 0.812695 0.812435 0.812184 0.811939 0.811703 0.811475 0.811255 0.811043 0.810839 0.810643 0.810456 0.810276 0.810105 0.809941 0.809785 0.809637 0.809496 0.809363 0.809236 0.809118 0.809006 0.808901 0.808803 0.808712 0.808627 0.808549 0.808477 0.808412 0.808354 0.808302 0.808256 0.808217 0.808185 0.808159 0.808140 0.808127 0.808120 0.808120 0.808127 0.808140 0.808159 0.808185 0.808217 0.808256 0.808302 0.808354 0.808412 0.808477 0.808549 0.808627 0.808712 0.808803 0.808901 0.809006 0.809118 0.809237 0.809363 0.809496 0.809637 0.809785 0.809941 0.810105 0.810276 0.810456 0.810643 0.810839 0.811043 0.811255 0.811475 0.811703 0.811939 0.812184 0.812435 0.812695 0.812961 0.813235 0.813514 0.813799 0.814089 0.814384 0.814682 0.814984 0.815288 0.815594 0.815900 0.816207 0.816512 0.816816 0.817116 0.817413 0.817705 0.817991 0.818270 0.818541 0.818804 0.819058 0.819303 0.819539 0.819765 0.819980 0.820186 0.820380 0.820564 0.820736 0.820896 0.821042 0.821174 0.821289 0.821388 0.821468 0.821529 0.821572 0.821596 0.821605 0.821602 0.821592 0.821582 0.821585 0.821613 0.821680 0.821797 0.821969 0.822180 0.822394 0.822545 0.822535 0.822252 0.821586 0.820464 0.818875 0.816884 0.814605 0.812147 0.809550 0.807401 0.806812 0.847750 0.928469
0.902854 0.857744 0.826919 0.813832 0.811671 0.812686 0.814570 0.816548 0.818326 0.819752 0.820753 0.821335 0.821567 0.821547 0.821378 0.821145 0.820910 0.820707 0.820552 0.820446 0.820382 0.820351 0.820341 0.820344 0.820350 0.820352 0.820343 0.820317 0.820270 0.820202 0.820111 0.819997 0.819864 0.819713 0.819546 0.819366 0.819174 0.818971 0.818758 0.818536 0.818305 0.818066 0.817817 0.817560 0.817294 0.817020 0.816738 0.816448 0.816152 0.815851 0.815545 0.815236 0.814926 0.814614 0.814303 0.813993 0.813686 0.813381 0.813079 0.812782 0.812490 0.812204 0.811924 0.811651 0.811386 0.811128 0.810879 0.810638 0.810406 0.810182 0.809968 0.809763 0.809566 0.809379 0.809200 0.809029 0.808868 0.808714 0.808568 0.808431 0.808301 0.808179 0.808064 0.807956 0.807855 0.807761 0.807674 0.807593 0.807517 0.807448 0.807385 0.807328 0.807276 0.807231 0.807191 0.807157 0.807129 0.807106 0.807089 0.807078 0.807072 0.807072 0.807078 0.807089 0.807106 0.807129 0.807157 0.807191 0.807231 0.807276 0.807328 0.807385 0.807448 0.807518 0.807593 0.807674 0.807761 0.807855 0.807956 0.808064 0.808179 0.808301 0.808431 0.808568 0.808714 0.808868 0.809030 0.809200 0.809379 0.809566 0.809763 0.809968 0.810182 0.810406 0.810638 0.810879 0.811128 0.811386 0.811651 0.811924 0.812204 0.812490 0.812782 0.813079 0.813380 0.813685 0.813993 0.814303 0.814614 0.814925 0.815236 0.815545 0.815850 0.816152 0.816448 0.816737 0.817020 0.817294 0.817560 0.817817 0.818066 0.818305 0.818536 0.818758 0.818971 0.819174 0.819366 0.819546 0.819713 0.819864 0.819998 0.820111 0.820202 0.820271 0.820317 0.820343 0.820352 0.820351 0.820345 0.820342 0.820351 0.820383 0.820447 0.820553 0.820708 0.820911 0.821146 0.821379 0.821548 0.821568 0.821336 0.820753 0.819753 0.818327 0.816549 0.814571 0.812687 0.811672 0.813833 0.826920 0.857745 0.902854
0.904188 0.859079 0.828370 0.815091 0.812504 0.813052 0.814520 0.816154 0.817663 0.818885 0.819744 0.820238 0.820424 0.820386 0.820210 0.819966 0.819707 0.819465 0.819259 0.819096 0.818977 0.818901 0.818863 0.818854 0.818866 0.818887 0.818907 0.818915 0.818902 0.818864 0.818797 0.818701 0.818579 0.818433 0.818268 0.818087 0.817894 0.817689 0.817476 0.817255 0.817028 0.816792 0.816550 0.816300 0.816043 0.815777 0.815504 0.815223 0.814935 0.814642 0.814344 0.814044 0.813742 0.813440 0.813139 0.812840 0.812544 0.812252 0.811964 0.811682 0.811406 0.811137 0.810876 0.810622 0.810377 0.810142 0.809915 0.809699 0.809492 0.809296 0.809109 0.808933 0.808766 0.808608 0.808460 0.808321 0.808191 0.808070 0.807956 0.807851 0.807753 0.807662 0.807578 0.807501 0.807430 0.807364 0.807304 0.807249 0.807198 0.807152 0.807109 0.807071 0.807037 0.807007 0.806980 0.806958 0.806940 0.806925 0.806914 0.806907 0.806904 0.806904 0.806907 0.806914 0.806925 0.806940 0.806958 0.806980 0.807007 0.807037 0.807071 0.807109 0.807152 0.807198 0.807249 0.807304 0.807365 0.807430 0.807501 0.807578 0.807662 0.807753 0.807851 0.807956 0.808070 0.808191 0.808321 0.808460 0.808608 0.808766 0.808932 0.809109 0.809296 0.809492 0.809699 0.809915 0.810141 0.810377 0.810622 0.810875 0.811137 0.811406 0.811682 0.811964 0.812251 0.812543 0.812839 0.813138 0.813440 0.813742 0.814044 0.814344 0.814641 0.814935 0.815222 0.815503 0.815777 0.816042 0.816300 0.816550 0.816792 0.817027 0.817255 0.817476 0.817689 0.817893 0.818087 0.818268 0.818433 0.818579 0.818701 0.818796 0.818864 0.818902 0.818915 0.818907 0.818887 0.818866 0.818855 0.818863 0.818902 0.818977 0.819096 0.819259 0.819466 0.819708 0.819967 0.820210 0.820387 0.820425 0.820239 0.819744 0.818886 0.817664 0.816155 0.814521 0.813053 0.812505 0.815092 0.828371 0.859079 0.904188
0.932263 0.852391 0.812010 0.811758 0.812498 0.813656 0.814846 0.816073 0.817220 0.818163 0.818828 0.819209 0.819345 0.819296 0.819122 0.818874 0.818590 0.818299 0.818022 0.817778 0.817580 0.817439 0.817357 0.817331 0.817351 0.817403 0.817470 0.817534 0.817581 0.817598 0.817579 0.817523 0.817431 0.817307 0.817158 0.816989 0.816805 0.816611 0.816409 0.816202 0.815990 0.815774 0.815554 0.815328 0.815096 0.814857 0.814611 0.814358 0.814098 0.813833 0.813564 0.813293 0.813021 0.812749 0.812480 0.812214 0.811953 0.811698 0.811449 0.811206 0.810972 0.810746 0.810530 0.810323 0.810126 0.809940 0.809765 0.809601 0.809449 0.809308 0.809179 0.809060 0.808952 0.808854 0.808765 0.808686 0.808616 0.808554 0.808500 0.808453 0.808413 0.808379 0.808351 0.808328 0.808309 0.808293 0.808280 0.808270 0.808261 0.808253 0.808245 0.808239 0.808234 0.808230 0.808226 0.808223 0.808221 0.808220 0.808219 0.808218 0.808218 0.808218 0.808218 0.808219 0.808220 0.808221 0.808223 0.808226 0.808230 0.808234 0.808239 0.808246 0.808253 0.808261 0.808270 0.808280 0.808293 0.808309 0.808328 0.808351 0.808379 0.808413 0.808453 0.808500 0.808554 0.808616 0.808686 0.808765 0.808853 0.808951 0.809059 0.809178 0.809308 0.809449 0.809601 0.809765 0.809939 0.810125 0.810322 0.810529 0.810746 0.810972 0.811206 0.811448 0.811697 0.811953 0.812214 0.812479 0.812748 0.813020 0.813292 0.813564 0.813833 0.814098 0.814357 0.814610 0.814856 0.815095 0.815327 0.815553 0.815774 0.815990 0.816201 0.816409 0.816610 0.816805 0.816989 0.817158 0.817307 0.817430 0.817522 0.817579 0.817597 0.817580 0.817534 0.817470 0.817403 0.817351 0.817331 0.817357 0.817439 0.817580 0.817778 0.818022 0.818299 0.818591 0.818874 0.819122 0.819296 0.819345 0.819210 0.818829 0.818163 0.817221 0.816074 0.814847 0.813656 0.812498 0.811758 0.812011 0.852391 0.932263
0.974232 0.731474 0.794632 0.807984 0.813528 0.815362 0.816243 0.816927 0.817555 0.818081 0.818454 0.818661 0.818719 0.818654 0.818488 0.818240 0.817926 0.817569 0.817197 0.816842 0.816535 0.816302 0.816159 0.816108 0.816140 0.816236 0.816372 0.816520 0.816654 0.816757 0.816814 0.816823 0.816783 0.816700 0.816584 0.816441 0.816282 0.816111 0.815935 0.815757 0.815578 0.815399 0.815220 0.815039 0.814855 0.814666 0.814472 0.814271 0.814064 0.813852 0.813637 0.813420 0.813204 0.812989 0.812779 0.812575 0.812377 0.812187 0.812006 0.811834 0.811672 0.811520 0.811379 0.811251 0.811134 0.811031 0.810940 0.810862 0.810797 0.810745 0.810705 0.810676 0.810660 0.810653 0.810657 0.810669 0.810690 0.810719 0.810754 0.810794 0.810840 0.810890 0.810944 0.811000 0.811057 0.811113 0.811169 0.811223 0.811273 0.811320 0.811363 0.811403 0.811438 0.811470 0.811498 0.811523 0.811543 0.811560 0.811573 0.811582 0.811586 0.811586 0.811582 0.811573 0.811560 0.811543 0.811523 0.811498 0.811470 0.811438 0.811403 0.811364 0.811320 0.811273 0.811223 0.811169 0.811114 0.811057 0.811000 0.810944 0.810891 0.810840 0.810794 0.810754 0.810719 0.810690 0.810669 0.810657 0.810653 0.810659 0.810676 0.810704 0.810744 0.810796 0.810861 0.810939 0.811030 0.811134 0.811250 0.811379 0.811519 0.811671 0.811833 0.812005 0.812186 0.812376 0.812574 0.812778 0.812989 0.813203 0.813419 0.813636 0.813851 0.814063 0.814270 0.814471 0.814665 0.814854 0.815038 0.815219 0.815399 0.815577 0.815756 0.815934 0.816110 0.816281 0.816441 0.816583 0.816700 0.816782 0.816822 0.816814 0.816756 0.816654 0.816519 0.816372 0.816236 0.816139 0.816107 0.816158 0.816302 0.816535 0.816842 0.817197 0.817569 0.817926 0.818240 0.818488 0.818654 0.818719 0.818662 0.818455 0.818082 0.817556 0.816927 0.816244 0.815363 0.813528 0.807984 0.794632 0.731474 0.974232
0.000000 0.730693 0.785455 0.810961 0.817565 0.819337 0.819570 0.819480 0.819372 0.819292 0.819226 0.819163 0.819093 0.818995 0.818837 0.818589 0.818236 0.817790 0.817288 0.816781 0.816325 0.815969 0.815743 0.815659 0.815708 0.815866 0.816095 0.816355 0.816609 0.816827 0.816988 0.817085 0.817117 0.817093 0.817023 0.816921 0.816798 0.816664 0.816528 0.816395 0.816268 0.816147 0.816031 0.815918 0.815807 0.815694 0.815578 0.815457 0.815330 0.815200 0.815066 0.814932 0.814801 0.814673 0.814552 0.814439 0.814335 0.814243 0.814161 0.814091 0.814034 0.813990 0.813959 0.813942 0.813940 0.813952 0.813979 0.814020 0.814076 0.814146 0.814230 0.814326 0.814433 0.814551 0.814678 0.814814 0.814957 0.815105 0.815259 0.815416 0.815576 0.815737 0.815897 0.816057 0.816213 0.816364 0.816509 0.816645 0.816773 0.816891 0.816998 0.817096 0.817183 0.817261 0.817329 0.817388 0.817438 0.817478 0.817508 0.817529 0.817539 0.817539 0.817529 0.817508 0.817478 0.817438 0.817389 0.817330 0.817261 0.817184 0.817096 0.816999 0.816891 0.816773 0.816646 0.816509 0.816364 0.816213 0.816057 0.815898 0.815737 0.815576 0.815416 0.815259 0.815106 0.814957 0.814814 0.814678 0.814551 0.814433 0.814326 0.814230 0.814146 0.814076 0.814020 0.813978 0.813952 0.813939 0.813942 0.813959 0.813990 0.814034 0.814091 0.814160 0.814242 0.814335 0.814438 0.814551 0.814672 0.814800 0.814932 0.815065 0.815199 0.815329 0.815456 0.815577 0.815693 0.815806 0.815917 0.816030 0.816146 0.816267 0.816394 0.816528 0.816663 0.816797 0.816920 0.817022 0.817092 0.817116 0.817084 0.816987 0.816826 0.816608 0.816354 0.816094 0.815865 0.815707 0.815658 0.815742 0.815968 0.816325 0.816780 0.817287 0.817790 0.818236 0.818589 0.818837 0.818995 0.819093 0.819163 0.819226 0.819293 0.819373 0.819480 0.819570 0.819337 0.817565 0.810961 0.785455 0.730693 0.000000
0.989712 0.751189 0.808585 0.820177 0.825555 0.826247 0.825511 0.824443 0.823415 0.822543 0.821879 0.821438 0.821187 0.821044 0.820898 0.820650 0.820240 0.819668 0.818982 0.818265 0.817607 0.817084 0.816750 0.816626 0.816702 0.816942 0.817294 0.817701 0.818106 0.818468 0.818758 0.818962 0.819081 0.819126 0.819112 0.819057 0.818980 0.818894 0.818811 0.818738 0.818680 0.818637 0.818608 0.818590 0.818578 0.818570 0.818560 0.818548 0.818532 0.818512 0.818491 0.818470 0.818453 0.818443 0.818442 0.818453 0.818476 0.818513 0.818564 0.818631 0.818712 0.818808 0.818920 0.819048 0.819192 0.819353 0.819530 0.819723 0.819932 0.820156 0.820394 0.820644 0.820906 0.821178 0.821458 0.821745 0.822037 0.822333 0.822630 0.822929 0.823226 0.823521 0.823811 0.824095 0.824371 0.824635 0.824886 0.825122 0.825342 0.825544 0.825728 0.825894 0.826043 0.826176 0.826292 0.826391 0.826475 0.826542 0.826593 0.826627 0.826644 0.826644 0.826627 0.826593 0.826542 0.826475 0.826392 0.826292 0.826176 0.826044 0.825895 0.825728 0.825544 0.825342 0.825123 0.824887 0.824636 0.824371 0.824096 0.823812 0.823522 0.823227 0.822929 0.822631 0.822333 0.822037 0.821745 0.821458 0.821178 0.820906 0.820644 0.820394 0.820156 0.819932 0.819723 0.819530 0.819353 0.819192 0.819048 0.818920 0.818808 0.818711 0.818630 0.818564 0.818513 0.818476 0.818452 0.818442 0.818442 0.818453 0.818469 0.818490 0.818511 0.818531 0.818547 0.818560 0.818569 0.818577 0.818589 0.818607 0.818636 0.818679 0.818737 0.818810 0.818893 0.818979 0.819057 0.819111 0.819125 0.819080 0.818961 0.818757 0.818467 0.818105 0.817700 0.817294 0.816941 0.816701 0.816625 0.816749 0.817083 0.817606 0.818265 0.818982 0.819668 0.820241 0.820650 0.820899 0.821044 0.821188 0.821439 0.821880 0.822543 0.823415 0.824443 0.825512 0.826247 0.825555 0.820177 0.808585 0.751189 0.989712
0.977773 0.873776 0.824079 0.833943 0.836511 0.836098 0.834410 0.832405 0.830413 0.828649 0.827280 0.826390 0.825937 0.825762 0.825651 0.825410 0.824920 0.824166 0.823219 0.822206 0.821266 0.820518 0.820044 0.819874 0.819993 0.820349 0.820865 0.821458 0.822054 0.822591 0.823032 0.823359 0.823574 0.823692 0.823736 0.823732 0.823703 0.823671 0.823651 0.823653 0.823682 0.823740 0.823823 0.823926 0.824044 0.824170 0.824298 0.824426 0.824550 0.824672 0.824793 0.824917 0.825046 0.825185 0.825336 0.825502 0.825683 0.825882 0.826098 0.826331 0.826581 0.826848 0.827133 0.827434 0.827753 0.828089 0.828443 0.828813 0.829199 0.829600 0.830015 0.830441 0.830877 0.831322 0.831773 0.832228 0.832685 0.833142 0.833598 0.834051 0.834498 0.834937 0.835367 0.835785 0.836187 0.836572 0.836937 0.837278 0.837595 0.837886 0.838150 0.838389 0.838603 0.838792 0.838958 0.839100 0.839219 0.839314 0.839386 0.839434 0.839459 0.839459 0.839435 0.839386 0.839314 0.839219 0.839100 0.838958 0.838793 0.838604 0.838390 0.838151 0.837886 0.837596 0.837279 0.836938 0.836573 0.836188 0.835786 0.835368 0.834938 0.834499 0.834052 0.833599 0.833143 0.832686 0.832229 0.831774 0.831323 0.830878 0.830442 0.830016 0.829601 0.829200 0.828814 0.828444 0.828090 0.827754 0.827435 0.827133 0.826849 0.826582 0.826331 0.826098 0.825882 0.825684 0.825502 0.825336 0.825185 0.825046 0.824917 0.824793 0.824672 0.824550 0.824426 0.824298 0.824169 0.824044 0.823926 0.823822 0.823739 0.823682 0.823652 0.823650 0.823670 0.823702 0.823731 0.823736 0.823692 0.823574 0.823359 0.823031 0.822591 0.822053 0.821458 0.820864 0.820348 0.819992 0.819873 0.820043 0.820518 0.821265 0.822206 0.823220 0.824166 0.824921 0.825410 0.825652 0.825762 0.825937 0.826391 0.827281 0.828649 0.830414 0.832406 0.834411 0.836099 0.836512 0.833943 0.824079 0.873776 0.977773
0.995728 0.775472 0.836668 0.846308 0.849274 0.848377 0.846342 0.843780 0.841022 0.838438 0.836387 0.835069 0.834453 0.834301 0.834276 0.834065 0.833475 0.832477 0.831176 0.829762 0.828442 0.827397 0.826744 0.826525 0.826714 0.827232 0.827967 0.828803 0.829635 0.830384 0.831000 0.831463 0.831780 0.831971 0.832071 0.832114 0.832134 0.832159 0.832210 0.832299 0.832433 0.832611 0.832829 0.833079 0.833352 0.833638 0.833931 0.834223 0.834514 0.834801 0.835089 0.835379 0.835677 0.835987 0.836311 0.836653 0.837014 0.837393 0.837791 0.838207 0.838640 0.839090 0.839557 0.840040 0.840540 0.841056 0.841587 0.842133 0.842693 0.843265 0.843847 0.844439 0.845036 0.845638 0.846242 0.846845 0.847445 0.848041 0.848629 0.849209 0.849778 0.850333 0.850874 0.851395 0.851896 0.852372 0.852821 0.853240 0.853627 0.853982 0.854304 0.854595 0.854854 0.855082 0.855282 0.855453 0.855596 0.855711 0.855797 0.855855 0.855884 0.855884 0.855855 0.855797 0.855711 0.855597 0.855454 0.855283 0.855083 0.854854 0.854595 0.854305 0.853983 0.853628 0.853241 0.852822 0.852373 0.851897 0.851397 0.850875 0.850335 0.849779 0.849211 0.848631 0.848042 0.847447 0.846846 0.846243 0.845640 0.845038 0.844440 0.843849 0.843266 0.842694 0.842134 0.841588 0.841057 0.840541 0.840042 0.839558 0.839091 0.838641 0.838208 0.837792 0.837394 0.837014 0.836654 0.836312 0.835987 0.835678 0.835380 0.835089 0.834802 0.834514 0.834224 0.833931 0.833639 0.833352 0.833079 0.832829 0.832611 0.832433 0.832299 0.832210 0.832159 0.832134 0.832114 0.832071 0.831972 0.831780 0.831464 0.831000 0.830384 0.829635 0.828803 0.827967 0.827232 0.826714 0.826525 0.826743 0.827397 0.828442 0.829762 0.831177 0.832478 0.833476 0.834066 0.834278 0.834302 0.834454 0.835070 0.836388 0.838440 0.841023 0.843781 0.846342 0.848378 0.849274 0.846308 0.836668 0.775472 0.995728
0.000000 0.780125 0.839253 0.860027 0.862991 0.862492 0.860810 0.858348 0.855362 0.852361 0.849892 0.848302 0.847614 0.847550 0.847657 0.847505 0.846826 0.845572 0.843883 0.842016 0.840261 0.838873 0.838017 0.837755 0.838045 0.838771 0.839776 0.840899 0.842003 0.842987 0.843790 0.844394 0.844808 0.845068 0.845216 0.845300 0.845364 0.845444 0.845564 0.845741 0.845981 0.846281 0.846635 0.847032 0.847458 0.847901 0.848351 0.848801 0.849246 0.849688 0.850127 0.850569 0.851017 0.851476 0.851950 0.852440 0.852947 0.853471 0.854011 0.854566 0.855134 0.855713 0.856304 0.856906 0.857518 0.858139 0.858768 0.859405 0.860048 0.860696 0.861346 0.861996 0.862643 0.863286 0.863923 0.864550 0.865166 0.865769 0.866357 0.866929 0.867484 0.868018 0.868531 0.869021 0.869485 0.869921 0.870328 0.870704 0.871049 0.871362 0.871644 0.871896 0.872119 0.872315 0.872485 0.872629 0.872749 0.872844 0.872916 0.872964 0.872988 0.872988 0.872964 0.872916 0.872845 0.872749 0.872629 0.872485 0.872316 0.872120 0.871897 0.871645 0.871363 0.871050 0.870705 0.870329 0.869922 0.869486 0.869022 0.868533 0.868020 0.867485 0.866931 0.866359 0.865771 0.865168 0.864551 0.863924 0.863288 0.862645 0.861997 0.861347 0.860698 0.860050 0.859407 0.858770 0.858140 0.857519 0.856908 0.856306 0.855715 0.855135 0.854568 0.854013 0.853473 0.852949 0.852441 0.851951 0.851477 0.851018 0.850570 0.850129 0.849689 0.849248 0.848802 0.848352 0.847902 0.847459 0.847033 0.846637 0.846282 0.845982 0.845742 0.845565 0.845445 0.845365 0.845301 0.845217 0.845069 0.844810 0.844395 0.843791 0.842988 0.842004 0.840900 0.839776 0.838771 0.838046 0.837756 0.838018 0.838873 0.840262 0.842017 0.843884 0.845574 0.846828 0.847507 0.847659 0.847552 0.847616 0.848304 0.849894 0.852362 0.855363 0.858349 0.860812 0.862493 0.862992 0.860028 0.839253 0.780126 0.000000
1.000000 0.798168 0.862466 0.872624 0.875232 0.874924 0.874191 0.872999 0.871220 0.869058 0.866972 0.865448 0.864720 0.864628 0.864749 0.864632 0.863977 0.862693 0.860889 0.858819 0.856817 0.855204 0.854210 0.853930 0.854319 0.855229 0.856459 0.857810 0.859115 0.860262 0.861187 0.861878 0.862351 0.862650 0.862826 0.862933 0.863022 0.863131 0.863289 0.863510 0.863800 0.864156 0.864568 0.865021 0.865502 0.865996 0.866493 0.866983 0.867464 0.867933 0.868394 0.868849 0.869303 0.869758 0.870217 0.870681 0.871150 0.871622 0.872097 0.872572 0.873045 0.873514 0.873978 0.874435 0.874885 0.875326 0.875756 0.876174 0.876579 0.876969 0.877342 0.877695 0.878028 0.878339 0.878626 0.878888 0.879124 0.879334 0.879518 0.879677 0.879809 0.879915 0.879997 0.880054 0.880089 0.880104 0.880102 0.880086 0.880059 0.880025 0.879985 0.879941 0.879895 0.879848 0.879802 0.879759 0.879720 0.879687 0.879661 0.879643 0.879634 0.879634 0.879643 0.879661 0.879687 0.879720 0.879759 0.879802 0.879848 0.879895 0.879941 0.879985 0.880025 0.880059 0.880086 0.880102 0.880105 0.880090 0.880055 0.879998 0.879916 0.879810 0.879677 0.879519 0.879335 0.879125 0.878889 0.878627 0.878340 0.878030 0.877697 0.877343 0.876971 0.876581 0.876176 0.875757 0.875327 0.874886 0.874437 0.873979 0.873515 0.873046 0.872573 0.872099 0.871624 0.871151 0.870683 0.870219 0.869759 0.869304 0.868851 0.868396 0.867935 0.867465 0.866985 0.866494 0.865998 0.865504 0.865023 0.864570 0.864158 0.863802 0.863512 0.863290 0.863133 0.863024 0.862935 0.862827 0.862651 0.862353 0.861879 0.861189 0.860263 0.859117 0.857811 0.856460 0.855230 0.854321 0.853932 0.854212 0.855205 0.856819 0.858821 0.860891 0.862695 0.863979 0.864635 0.864751 0.864631 0.864723 0.865450 0.866975 0.869060 0.871221 0.873000 0.874192 0.874925 0.875232 0.872625 0.862466 0.798168 1.000000
0.991650 0.910737 0.873833 0.879807 0.876560 0.873276 0.873195 0.876058 0.879667 0.881927 0.882258 0.881379 0.880186 0.879181 0.878506 0.878131 0.877912 0.877598 0.876951 0.875904 0.874623 0.873425 0.872617 0.872380 0.872720 0.873513 0.874565 0.875692 0.876751 0.877659 0.878381 0.878919 0.879292 0.879532 0.879676 0.879759 0.879814 0.879868 0.879941 0.880042 0.880173 0.880330 0.880504 0.880687 0.880868 0.881039 0.881194 0.881327 0.881437 0.881521 0.881577 0.881603 0.881599 0.881564 0.881495 0.881391 0.881252 0.881075 0.880860 0.880604 0.880306 0.879964 0.879575 0.879138 0.878650 0.878109 0.877513 0.876861 0.876151 0.875382 0.874554 0.873668 0.872724 0.871723 0.870667 0.869560 0.868404 0.867203 0.865962 0.864686 0.863378 0.862046 0.860695 0.859334 0.857977 0.856637 0.855331 0.854075 0.852883 0.851765 0.850727 0.849771 0.848899 0.848111 0.847409 0.846795 0.846275 0.845851 0.845530 0.845314 0.845205 0.845205 0.845313 0.845529 0.845850 0.846273 0.846794 0.847407 0.848109 0.848897 0.849769 0.850724 0.851762 0.852880 0.854072 0.855328 0.856634 0.857974 0.859332 0.860692 0.862043 0.863376 0.864683 0.865960 0.867201 0.868401 0.869558 0.870665 0.871721 0.872722 0.873666 0.874553 0.875381 0.876149 0.876860 0.877512 0.878108 0.878650 0.879138 0.879575 0.879963 0.880306 0.880604 0.880860 0.881075 0.881252 0.881391 0.881495 0.881564 0.881600 0.881604 0.881577 0.881522 0.881438 0.881328 0.881194 0.881040 0.880869 0.880688 0.880505 0.880331 0.880174 0.880043 0.879942 0.879870 0.879815 0.879760 0.879677 0.879534 0.879293 0.878920 0.878383 0.877660 0.876752 0.875693 0.874567 0.873514 0.872722 0.872381 0.872619 0.873427 0.874625 0.875905 0.876952 0.877599 0.877913 0.878133 0.878507 0.879182 0.880188 0.881380 0.882259 0.881929 0.879667 0.876057 0.873194 0.873275 0.876559 0.879807 0.873833 0.910738 0.991650
1.000000 0.817039 0.875101 0.866341 0.843435 0.823070 0.820024 0.834828 0.855996 0.872139 0.879629 0.880103 0.876397 0.871127 0.866662 0.864854 0.866327 0.870207 0.874803 0.878662 0.881145 0.882342 0.882679 0.882567 0.882248 0.881802 0.881240 0.880580 0.879886 0.879247 0.878744 0.878411 0.878236 0.878169 0.878143 0.878096 0.877981 0.877763 0.877423 0.876950 0.876339 0.875593 0.874720 0.873735 0.872655 0.871501 0.870287 0.869024 0.867712 0.866345 0.864908 0.863385 0.861758 0.860011 0.858133 0.856117 0.853963 0.851671 0.849243 0.846683 0.843993 0.841171 0.838218 0.835130 0.831904 0.828539 0.825034 0.821389 0.817607 0.813692 0.809650 0.805490 0.801219 0.796849 0.792391 0.787859 0.783265 0.778627 0.773957 0.769272 0.764584 0.759911 0.755271 0.750690 0.746202 0.741845 0.737663 0.733699 0.729985 0.726544 0.723383 0.720502 0.717896 0.715560 0.713491 0.711694 0.710177 0.708949 0.708018 0.707394 0.707080 0.707079 0.707392 0.708016 0.708946 0.710174 0.711690 0.713486 0.715554 0.717890 0.720495 0.723376 0.726536 0.729977 0.733691 0.737655 0.741836 0.746192 0.750681 0.755262 0.759901 0.764574 0.769262 0.773947 0.778617 0.783256 0.787849 0.792381 0.796839 0.801210 0.805480 0.809641 0.813683 0.817598 0.821380 0.825025 0.828531 0.831896 0.835122 0.838210 0.841164 0.843986 0.846677 0.849237 0.851665 0.853957 0.856112 0.858127 0.860006 0.861753 0.863381 0.864904 0.866340 0.867708 0.869020 0.870284 0.871498 0.872652 0.873732 0.874717 0.875591 0.876337 0.876948 0.877421 0.877761 0.877979 0.878095 0.878141 0.878167 0.878235 0.878409 0.878742 0.879246 0.879885 0.880579 0.881239 0.881802 0.882248 0.882568 0.882680 0.882343 0.881145 0.878661 0.874801 0.870204 0.866323 0.864850 0.866658 0.871124 0.876395 0.880102 0.879628 0.872137 0.855992 0.834823 0.820018 0.823064 0.843430 0.866339 0.875101 0.817039 1.000000
0.000000 0.814231 0.854146 0.817792 0.732918 0.653352 0.634958 0.681927 0.748693 0.798233 0.821730 0.823560 0.810952 0.791922 0.775300 0.768706 0.775085 0.791496 0.811774 0.830351 0.844210 0.852690 0.856417 0.856391 0.853544 0.848673 0.842528 0.835883 0.829500 0.824011 0.819800 0.816949 0.815275 0.814436 0.814036 0.813717 0.813194 0.812270 0.810821 0.808787 0.806158 0.802967 0.799283 0.795199 0.790821 0.786246 0.781557 0.776802 0.771992 0.767109 0.762106 0.756927 0.751518 0.745834 0.739846 0.733545 0.726937 0.720038 0.712870 0.705453 0.697804 0.689937 0.681857 0.673570 0.665080 0.656392 0.647516 0.638466 0.629260 0.619920 0.610470 0.600938 0.591351 0.581741 0.572136 0.562569 0.553071 0.543671 0.534396 0.525272 0.516320 0.507562 0.499023 0.490741 0.482762 0.475144 0.467950 0.461234 0.455035 0.449370 0.444233 0.439604 0.435456 0.431767 0.428524 0.425723 0.423370 0.421473 0.420040 0.419081 0.418600 0.418599 0.419079 0.420037 0.421468 0.423364 0.425717 0.428516 0.431758 0.435445 0.439592 0.444221 0.449357 0.455022 0.461220 0.467935 0.475129 0.482746 0.490724 0.499006 0.507543 0.516301 0.525253 0.534376 0.543650 0.553050 0.562548 0.572115 0.581719 0.591329 0.600916 0.610448 0.619898 0.629238 0.638444 0.647494 0.656370 0.665058 0.673548 0.681836 0.689916 0.697784 0.705432 0.712850 0.720019 0.726918 0.733526 0.739827 0.745815 0.751500 0.756910 0.762089 0.767092 0.771977 0.776786 0.781542 0.786232 0.790807 0.795186 0.799270 0.802955 0.806146 0.808775 0.810810 0.812259 0.813183 0.813706 0.814025 0.814425 0.815264 0.816938 0.819790 0.824001 0.829490 0.835875 0.842521 0.848667 0.853540 0.856387 0.856413 0.852686 0.844205 0.830343 0.811763 0.791482 0.775068 0.768687 0.775282 0.791907 0.810939 0.823550 0.821720 0.798222 0.748680 0.681911 0.634940 0.653335 0.732906 0.817786 0.854144 0.814231 0.000000
1.000000 0.819193 0.841111 0.728776 0.518487 0.318681 0.276907 0.374274 0.503737 0.601955 0.649203 0.649435 0.616093 0.568196 0.527629 0.512019 0.527192 0.566554 0.616789 0.664907 0.702560 0.726596 0.737336 0.736709 0.727184 0.711422 0.692183 0.672172 0.653745 0.638559 0.627385 0.620135 0.616096 0.614247 0.613523 0.613004 0.611988 0.609996 0.606748 0.602128 0.596152 0.588948 0.580731 0.571767 0.562336 0.552691 0.543024 0.533443 0.523973 0.514568 0.505135 0.495567 0.485768 0.475669 0.465241 0.454493 0.443461 0.432199 0.420766 0.409216 0.397595 0.385936 0.374263 0.362596 0.350951 0.339349 0.327814 0.316375 0.305064 0.293917 0.282967 0.272250 0.261797 0.251637 0.241798 0.232301 0.223169 0.214414 0.206049 0.198076 0.190495 0.183303 0.176501 0.170094 0.164096 0.158528 0.153414 0.148767 0.144588 0.140861 0.137556 0.134636 0.132064 0.129809 0.127850 0.126176 0.124781 0.123665 0.122827 0.122268 0.121989 0.121989 0.122267 0.122825 0.123662 0.124778 0.126172 0.127845 0.129803 0.132057 0.134629 0.137548 0.140852 0.144578 0.148757 0.153403 0.158517 0.164083 0.170081 0.176487 0.183289 0.190479 0.198059 0.206031 0.214395 0.223149 0.232281 0.241776 0.251614 0.261773 0.272225 0.282942 0.293891 0.305037 0.316347 0.327785 0.339320 0.350921 0.362565 0.374232 0.385905 0.397563 0.409184 0.420733 0.432166 0.443428 0.454460 0.465209 0.475636 0.485735 0.495535 0.505103 0.514535 0.523941 0.533411 0.542993 0.552660 0.562305 0.571737 0.580701 0.588919 0.596123 0.602100 0.606721 0.609969 0.611961 0.612977 0.613496 0.614219 0.616068 0.620106 0.627357 0.638532 0.653719 0.672149 0.692161 0.711403 0.727167 0.736693 0.737321 0.726580 0.702543 0.664885 0.616763 0.566523 0.527156 0.511981 0.527592 0.568162 0.616062 0.649408 0.649177 0.601930 0.503712 0.374250 0.276883 0.318655 0.518467 0.728765 0.841108 0.819193 1.000000
0.995591 0.923746 0.831816 0.639325 0.289650 0.016340 0.003670 0.081287 0.196048 0.303394 0.360165 0.353648 0.300633 0.233770 0.184550 0.168004 0.184753 0.229680 0.293325 0.361612 0.420400 0.460342 0.478121 0.475192 0.456059 0.426752 0.393481 0.361485 0.334303 0.313614 0.299535 0.291144 0.287002 0.285552 0.285375 0.285322 0.284556 0.282532 0.278961 0.273769 0.267059 0.259079 0.250172 0.240720 0.231092 0.221586 0.212403 0.203635 0.195279 0.187264 0.179485 0.171839 0.164244 0.156656 0.149067 0.141502 0.134004 0.126623 0.119406 0.112386 0.105589 0.099025 0.092697 0.086605 0.080746 0.075118 0.069722 0.064559 0.059632 0.054943 0.050494 0.046286 0.042317 0.038586 0.035088 0.031819 0.028774 0.025945 0.023326 0.020906 0.018675 0.016623 0.014740 0.013019 0.011457 0.010053 0.008808 0.007716 0.006772 0.005963 0.005273 0.004686 0.004187 0.003764 0.003407 0.003110 0.002869 0.002680 0.002541 0.002449 0.002404 0.002404 0.002449 0.002541 0.002680 0.002868 0.003109 0.003406 0.003763 0.004186 0.004684 0.005271 0.005961 0.006770 0.007714 0.008805 0.010051 0.011454 0.013015 0.014736 0.016619 0.018671 0.020901 0.023321 0.025939 0.028767 0.031812 0.035080 0.038578 0.042309 0.046277 0.050484 0.054932 0.059620 0.064546 0.069709 0.075104 0.080731 0.086589 0.092681 0.099007 0.105571 0.112367 0.119385 0.126602 0.133982 0.141479 0.149043 0.156631 0.164219 0.171813 0.179458 0.187236 0.195251 0.203606 0.212373 0.221556 0.231061 0.240689 0.250140 0.259047 0.267027 0.273736 0.278929 0.282499 0.284523 0.285289 0.285341 0.285518 0.286967 0.291109 0.299499 0.313577 0.334266 0.361449 0.393446 0.426718 0.456027 0.475161 0.478091 0.460313 0.420370 0.361581 0.293293 0.229648 0.184721 0.167972 0.184516 0.233734 0.300595 0.353610 0.360129 0.303363 0.196025 0.081274 0.003665 0.016331 0.289628 0.639312 0.831811 0.923745 0.995591
0.989459 0.930458 0.837548 0.618786 0.232173 -0.000007 -0.000007 -0.000007 0.039394 0.103063 0.141172 0.131513 0.088635 0.044843 0.019207 0.012531 0.020369 0.041201 0.074485 0.116889 0.159979 0.192683 0.207001 0.201720 0.181891 0.155484 0.129610 0.108389 0.093050 0.083104 0.077410 0.074751 0.074057 0.074450 0.075241 0.075915 0.076114 0.075615 0.074321 0.072238 0.069466 0.066171 0.062555 0.058821 0.055143 0.051644 0.048392 0.045401 0.042647 0.040082 0.037654 0.035316 0.033036 0.030797 0.028599 0.026453 0.024373 0.022374 0.020469 0.018664 0.016963 0.015364 0.013864 0.012459 0.011146 0.009920 0.008779 0.007722 0.006748 0.005855 0.005042 0.004306 0.003644 0.003053 0.002531 0.002073 0.001675 0.001334 0.001045 0.000802 0.000603 0.000440 0.000311 0.000210 0.000133 0.000078 0.000040 0.000016 0.000002 -0.000005 -0.000007 -0.000007 -0.000007 -0.000007 -0.000007 -0.000007 -0.000007 -0.000007 -0.000007 -0.000007 -0.000007 -0.000007 -0.000007 -0.000007 -0.000007 -0.000007 -0.000007 -0.000007 -0.000007 -0.000007 -0.000007 -0.000007 -0.000005 0.000002 0.000016 0.000040 0.000077 0.000133 0.000209 0.000310 0.000440 0.000602 0.000802 0.001044 0.001333 0.001674 0.002071 0.002529 0.003051 0.003642 0.004303 0.005039 0.005853 0.006745 0.007719 0.008775 0.009916 0.011141 0.012455 0.013859 0.015359 0.016957 0.018658 0.020462 0.022367 0.024366 0.026445 0.028591 0.030788 0.033026 0.035307 0.037644 0.040072 0.042636 0.045389 0.048380 0.051631 0.055129 0.058807 0.062540 0.066156 0.069450 0.072222 0.074304 0.075599 0.076098 0.075899 0.075224 0.074433 0.074040 0.074734 0.077391 0.083085 0.093030 0.108367 0.129585 0.155458 0.181862 0.201691 0.206972 0.192656 0.159956 0.116870 0.074470 0.041190 0.020360 0.012524 0.019198 0.044830 0.088615 0.131487 0.141146 0.103044 0.039385 -0.000007 -0.000007 -0.000007 0.232157 0.618773 0.837543 0.930458 0.989459
0.991906 0.922832 0.841554 0.684551 0.397495 0.115790 0.024726 0.037976 0.084090 0.138884 0.172114 0.167520 0.136981 0.104928 0.086296 0.081617 0.086482 0.098418 0.116904 0.140443 0.164676 0.183037 0.190073 0.184840 0.171259 0.155320 0.141764 0.132644 0.127856 0.126297 0.126735 0.128197 0.130048 0.131918 0.133606 0.135003 0.136046 0.136705 0.136980 0.136906 0.136549 0.135999 0.135351 0.134696 0.134100 0.133598 0.133201 0.132898 0.132665 0.132476 0.132310 0.132151 0.131995 0.131842 0.131698 0.131571 0.131467 0.131392 0.131348 0.131335 0.131352 0.131397 0.131467 0.131561 0.131678 0.131817 0.131977 0.132156 0.132356 0.132573 0.132805 0.133050 0.133305 0.133568 0.133836 0.134106 0.134376 0.134643 0.134906 0.135164 0.135414 0.135657 0.135889 0.136109 0.136315 0.136505 0.136675 0.136825 0.136954 0.137064 0.137156 0.137232 0.137297 0.137352 0.137399 0.137439 0.137474 0.137501 0.137523 0.137537 0.137544 0.137544 0.137537 0.137522 0.137501 0.137473 0.137439 0.137398 0.137351 0.137296 0.137231 0.137154 0.137062 0.136953 0.136823 0.136673 0.136503 0.136314 0.136108 0.135887 0.135654 0.135412 0.135161 0.134904 0.134640 0.134373 0.134103 0.133833 0.133565 0.133302 0.133047 0.132801 0.132569 0.132352 0.132152 0.131972 0.131813 0.131674 0.131557 0.131462 0.131391 0.131347 0.131330 0.131342 0.131386 0.131461 0.131564 0.131691 0.131835 0.131988 0.132144 0.132302 0.132468 0.132657 0.132890 0.133193 0.133589 0.134090 0.134687 0.135342 0.135988 0.136539 0.136896 0.136969 0.136694 0.136035 0.134992 0.133596 0.131908 0.130038 0.128187 0.126724 0.126286 0.127844 0.132631 0.141749 0.155303 0.171239 0.184818 0.190052 0.183018 0.164660 0.140431 0.116897 0.098413 0.086480 0.081616 0.086293 0.104922 0.136969 0.167503 0.172097 0.138870 0.084083 0.037975 0.024725 0.115784 0.397483 0.684543 0.841550 0.922831 0.991906
1.000000 0.817409 0.854667 0.782080 0.633802 0.460054 0.348780 0.334370 0.374183 0.422078 0.451319 0.453631 0.436541 0.414910 0.400126 0.395351 0.398476 0.406926 0.419086 0.433274 0.446778 0.456319 0.459563 0.456455 0.449270 0.441307 0.435244 0.432247 0.432110 0.433917 0.436670 0.439624 0.442362 0.444722 0.446691 0.448310 0.449630 0.450694 0.451541 0.452210 0.452748 0.453205 0.453628 0.454056 0.454509 0.454994 0.455501 0.456014 0.456518 0.456998 0.457448 0.457867 0.458259 0.458630 0.458990 0.459343 0.459694 0.460043 0.460391 0.460735 0.461073 0.461404 0.461726 0.462039 0.462343 0.462637 0.462923 0.463199 0.463466 0.463723 0.463970 0.464204 0.464426 0.464635 0.464829 0.465010 0.465177 0.465331 0.465473 0.465603 0.465723 0.465834 0.465936 0.466028 0.466109 0.466178 0.466233 0.466273 0.466299 0.466313 0.466315 0.466310 0.466301 0.466289 0.466278 0.466269 0.466262 0.466256 0.466253 0.466251 0.466250 0.466250 0.466250 0.466252 0.466256 0.466261 0.466268 0.466277 0.466288 0.466299 0.466309 0.466313 0.466310 0.466297 0.466271 0.466230 0.466175 0.466106 0.466024 0.465932 0.465830 0.465719 0.465599 0.465469 0.465327 0.465173 0.465006 0.464825 0.464630 0.464421 0.464199 0.463964 0.463718 0.463461 0.463193 0.462917 0.462631 0.462337 0.462033 0.461720 0.461397 0.461066 0.460728 0.460384 0.460036 0.459686 0.459336 0.458982 0.458623 0.458251 0.457859 0.457440 0.456990 0.456510 0.456006 0.455492 0.454985 0.454501 0.454047 0.453619 0.453196 0.452739 0.452201 0.451531 0.450685 0.449620 0.448301 0.446682 0.444713 0.442353 0.439616 0.436662 0.433909 0.432101 0.432237 0.435233 0.441295 0.449256 0.456441 0.459549 0.456307 0.446767 0.433266 0.419080 0.406923 0.398474 0.395349 0.400123 0.414905 0.436533 0.453620 0.451307 0.422067 0.374176 0.334365 0.348775 0.460048 0.633796 0.782076 0.854665 0.817409 1.000000
0.000000 0.817800 0.872028 0.861292 0.811763 0.750554 0.705160 0.692717 0.707074 0.728396 0.742598 0.745767 0.740742 0.733007 0.727141 0.725011 0.726269 0.729829 0.734725 0.740076 0.744886 0.748164 0.749324 0.748497 0.746485 0.744372 0.743033 0.742843 0.743697 0.745218 0.746995 0.748724 0.750247 0.751517 0.752554 0.753401 0.754096 0.754673 0.755156 0.755565 0.755921 0.756241 0.756542 0.756835 0.757124 0.757408 0.757683 0.757942 0.758179 0.758391 0.758578 0.758740 0.758882 0.759007 0.759120 0.759224 0.759320 0.759409 0.759491 0.759565 0.759629 0.759684 0.759729 0.759764 0.759787 0.759801 0.759804 0.759796 0.759778 0.759749 0.759710 0.759662 0.759603 0.759536 0.759460 0.759378 0.759290 0.759198 0.759103 0.759007 0.758911 0.758817 0.758724 0.758634 0.758546 0.758461 0.758377 0.758295 0.758214 0.758136 0.758061 0.757990 0.757924 0.757865 0.757813 0.757768 0.757732 0.757703 0.757681 0.757667 0.757659 0.757659 0.757666 0.757681 0.757702 0.757731 0.757768 0.757812 0.757864 0.757923 0.757989 0.758059 0.758134 0.758213 0.758293 0.758375 0.758459 0.758544 0.758632 0.758722 0.758814 0.758909 0.759005 0.759100 0.759195 0.759287 0.759375 0.759457 0.759533 0.759600 0.759658 0.759707 0.759746 0.759774 0.759793 0.759800 0.759797 0.759784 0.759760 0.759726 0.759681 0.759626 0.759561 0.759487 0.759405 0.759316 0.759220 0.759116 0.759003 0.758878 0.758736 0.758574 0.758387 0.758175 0.757938 0.757679 0.757404 0.757119 0.756831 0.756538 0.756237 0.755916 0.755561 0.755151 0.754669 0.754092 0.753396 0.752550 0.751513 0.750243 0.748721 0.746992 0.745215 0.743694 0.742839 0.743028 0.744368 0.746480 0.748491 0.749319 0.748159 0.744882 0.740073 0.734722 0.729827 0.726268 0.725010 0.727139 0.733005 0.740738 0.745762 0.742594 0.728392 0.707071 0.692714 0.705157 0.750551 0.811761 0.861291 0.872027 0.817800 0.000000
1.000000 0.844288 0.917594 0.922981 0.914615 0.903786 0.895733 0.893437 0.896676 0.901922 0.905790 0.907145 0.906604 0.905357 0.904372 0.904090 0.904492 0.905362 0.906463 0.907593 0.908566 0.909236 0.909548 0.909563 0.909436 0.909346 0.909426 0.909716 0.910180 0.910734 0.911295 0.911806 0.912240 0.912594 0.912878 0.913103 0.913282 0.913424 0.913534 0.913619 0.913683 0.913731 0.913765 0.913790 0.913805 0.913811 0.913808 0.913795 0.913772 0.913738 0.913695 0.913643 0.913584 0.913518 0.913446 0.913370 0.913290 0.913208 0.913122 0.913033 0.912942 0.912848 0.912751 0.912651 0.912548 0.912440 0.912329 0.912214 0.912094 0.911971 0.911843 0.911712 0.911578 0.911441 0.911303 0.911164 0.911025 0.910887 0.910751 0.910618 0.910489 0.910364 0.910245 0.910131 0.910023 0.909921 0.909826 0.909737 0.909654 0.909578 0.909509 0.909446 0.909390 0.909340 0.909297 0.909260 0.909229 0.909205 0.909187 0.909174 0.909168 0.909168 0.909174 0.909186 0.909205 0.909229 0.909260 0.909297 0.909340 0.909390 0.909446 0.909509 0.909578 0.909654 0.909736 0.909825 0.909921 0.910022 0.910130 0.910244 0.910364 0.910488 0.910617 0.910750 0.910886 0.911024 0.911163 0.911302 0.911440 0.911577 0.911711 0.911842 0.911970 0.912093 0.912213 0.912328 0.912439 0.912546 0.912650 0.912750 0.912847 0.912941 0.913032 0.913121 0.913206 0.913289 0.913369 0.913445 0.913516 0.913583 0.913642 0.913694 0.913737 0.913770 0.913794 0.913806 0.913810 0.913804 0.913789 0.913764 0.913730 0.913682 0.913618 0.913533 0.913423 0.913281 0.913102 0.912877 0.912593 0.912239 0.911805 0.911294 0.910733 0.910179 0.909716 0.909425 0.909346 0.909435 0.909562 0.909548 0.909236 0.908565 0.907592 0.906463 0.905361 0.904492 0.904089 0.904372 0.905357 0.906603 0.907144 0.905789 0.901921 0.896675 0.893437 0.895733 0.903786 0.914615 0.922980 0.917593 0.844289 1.000000
1.000000 1.000000 1.000000 1.000000 1.000000 1.000000 1.000000 1.000000 1.000000 1.000000 1.000000 1.000000 1.000000 1.000000 1.000000 1.000000 1.000000 1.000000 1.000000 1.000000 1.000000 1.000000 1.000000 1.000000 1.000000 1.000000 1.000000 1.000000 1.000000 1.000000 1.000000 1.000000 1.000000 1.000000 1.000000 1.000000 1.000000 1.000000 1.000000 1.000000 1.000000 1.000000 1.000000 1.000000 1.000000 1.000000 1.000000 1.000000 1.000000 1.000000 1.000000 1.000000 1.000000 1.000000 1.000000 1.000000 1.000000 1.000000 1.000000 1.000000 1.000000 1.000000 1.000000 1.000000 1.000000 1.000000 1.000000 1.000000 1.000000 1.000000 1.000000 1.000000 1.000000 1.000000 1.000000 1.000000 1.000000 1.000000 1.000000 1.000000 1.000000 1.000000 1.000000 1.000000 1.000000 1.000000 1.000000 1.000000 1.000000 1.000000 1.000000 1.000000 1.000000 1.000000 1.000000 1.000000 1.000000 1.000000 1.000000 1.000000 1.000000 1.000000 1.000000 1.000000 1.000000 1.000000 1.000000 1.000000 1.000000 1.000000 1.000000 1.000000 1.000000 1.000000 1.000000 1.000000 1.000000 1.000000 1.000000 1.000000 1.000000 1.000000 1.000000 1.000000 1.000000 1.000000 1.000000 1.000000 1.000000 1.000000 1.000000 1.000000 1.000000 1.000000 1.000000 1.000000 1.000000 1.000000 1.000000 1.000000 1.000000 1.000000 1.000000 1.000000 1.000000 1.000000 1.000000 1.000000 1.000000 1.000000 1.000000 1.000000 1.000000 1.000000 1.000000 1.000000 1.000000 1.000000 1.000000 1.000000 1.000000 1.000000 1.000000 1.000000 1.000000 1.000000 1.000000 1.000000 1.000000 1.000000 1.000000 1.000000 1.000000 1.000000 1.000000 1.000000 1.000000 1.000000 1.000000 1.000000 1.000000 1.000000 1.000000 1.000000 1.000000 1.000000 1.000000 1.000000 1.000000 1.000000 1.000000 1.000000 1.000000 1.000000 1.000000 1.000000 1.000000 1.000000 1.000000 1.000000 1.000000 1.000000
