0.015 0.092
0.000000 0.000000 0.000000 0.000000 0.000000 0.000000 0.000000 0.000000 0.000000 0.000000 0.000000 0.000000 0.000000 0.000000 0.000000 0.000000 0.000000 0.000000 0.000000 0.000000 0.000000 0.000000 0.000000 0.000000 0.000000 0.000000 0.000000 0.000000 0.000000 0.000000 0.000000 0.000000 0.000000 0.000000 0.000000 0.000000 0.000000 0.000000 0.000000 0.000000 0.000000 0.000000 0.000000 0.000000 0.000000 0.000000 0.000000 0.000000 0.000000 0.000000 0.000000 0.000000 0.000000 0.000000 0.000000 0.000000 0.000000 0.000000 0.000000 0.000000 0.000000 0.000000 0.000000 0.000000 0.000000 0.000000 0.000000 0.000000 0.000000 0.000000 0.000000 0.000000 0.000000 0.000000 0.000000 0.000000 0.000000 0.000000 0.000000 0.000000 0.000000 0.000000 0.000000 0.000000 0.000000 0.000000 0.000000 0.000000 0.000000 0.000000 0.000000 0.000000 0.000000 0.000000 0.000000 0.000000 0.000000 0.000000 0.000000 0.000000 0.000000 0.000000 0.000000 0.000000 0.000000 0.000000 0.000000 0.000000 0.000000 0.000000 0.000000 0.000000 0.000000 0.000000 0.000000 0.000000 0.000000 0.000000 0.000000 0.000000 0.000000 0.000000 0.000000 0.000000 0.000000 0.000000 0.000000 0.000000 0.000000 0.000000 0.000000 0.000000 0.000000 0.000000 0.000000 0.000000 0.000000 0.000000 0.000000 0.000000 0.000000 0.000000 0.000000 0.000000 0.000000 0.000000 0.000000 0.000000 0.000000 0.000000 0.000000 0.000000 0.000000 0.000000 0.000000 0.000000 0.000000 0.000000 0.000000 0.000000 0.000000 0.000000 0.000000 0.000000 0.000000 0.000000 0.000000 0.000000 0.000000 0.000000 0.000000 0.000000 0.000000 0.000000 0.000000 0.000000 0.000000 0.000000 0.000000 0.000000 0.000000 0.000000 0.000000 0.000000 0.000000 0.000000 0.000000 0.000000 0.000000 0.000000 0.000000 0.000000 0.000000 0.000000 0.000000 0.000000 0.000000 0.000000 0.000000 0.000000 0.000000 0.000000
0.000000 0.000774 0.000895 0.000892 0.000867 0.000841 0.000819 0.000802 0.000790 0.000781 0.000776 0.000774 0.000774 0.000777 0.000781 0.000786 0.000793 0.000801 0.000809 0.000817 0.000827 0.000836 0.000846 0.000855 0.000865 0.000875 0.000884 0.000893 0.000903 0.000912 0.000920 0.000929 0.000937 0.000945 0.000953 0.000960 0.000967 0.000974 0.000980 0.000987 0.000993 0.000998 0.001004 0.001009 0.001013 0.001018 0.001022 0.001027 0.001030 0.001034 0.001037 0.001041 0.001044 0.001047 0.001049 0.001052 0.001054 0.001056 0.001058 0.001060 0.001062 0.001063 0.001065 0.001066 0.001068 0.001069 0.001070 0.001071 0.001072 0.001072 0.001073 0.001074 0.001075 0.001075 0.001076 0.001076 0.001077 0.001077 0.001077 0.001078 0.001078 0.001078 0.001078 0.001079 0.001079 0.001079 0.001079 0.001079 0.001079 0.001080 0.001080 0.001080 0.001080 0.001080 0.001080 0.001080 0.001080 0.001080 0.001080 0.001080 0.001080 0.001080 0.001080 0.001080 0.001080 0.001080 0.001080 0.001080 0.001080 0.001080 0.001080 0.001080 0.001080 0.001079 0.001079 0.001079 0.001079 0.001079 0.001079 0.001078 0.001078 0.001078 0.001078 0.001077 0.001077 0.001077 0.001076 0.001076 0.001075 0.001075 0.001074 0.001073 0.001072 0.001072 0.001071 0.001070 0.001069 0.001068 0.001066 0.001065 0.001063 0.001062 0.001060 0.001058 0.001056 0.001054 0.001052 0.001049 0.001047 0.001044 0.001041 0.001037 0.001034 0.001030 0.001027 0.001022 0.001018 0.001013 0.001009 0.001004 0.000998 0.000993 0.000987 0.000980 0.000974 0.000967 0.000960 0.000953 0.000945 0.000937 0.000929 0.000920 0.000912 0.000903 0.000893 0.000884 0.000875 0.000865 0.000855 0.000846 0.000836 0.000827 0.000817 0.000809 0.000801 0.000793 0.000786 0.000781 0.000777 0.000774 0.000774 0.000776 0.000781 0.000790 0.000802 0.000819 0.000841 0.000867 0.000892 0.000895 0.000774 0.000000
0.000000 0.000986 0.001130 0.001129 0.001099 0.001069 0.001043 0.001024 0.001010 0.001001 0.000996 0.000994 0.000995 0.000998 0.001002 0.001008 0.001015 0.001023 0.001032 0.001041 0.001051 0.001061 0.001071 0.001081 0.001091 0.001100 0.001110 0.001120 0.001129 0.001139 0.001148 0.001156 0.001165 0.001173 0.001181 0.001188 0.001196 0.001202 0.001209 0.001215 0.001222 0.001227 0.001233 0.001238 0.001243 0.001248 0.001252 0.001256 0.001260 0.001264 0.001267 0.001271 0.001274 0.001277 0.001279 0.001282 0.001284 0.001286 0.001289 0.001290 0.001292 0.001294 0.001295 0.001297 0.001298 0.001299 0.001300 0.001301 0.001302 0.001303 0.001304 0.001305 0.001305 0.001306 0.001306 0.001307 0.001307 0.001308 0.001308 0.001308 0.001309 0.001309 0.001309 0.001310 0.001310 0.001310 0.001310 0.001310 0.001310 0.001310 0.001310 0.001311 0.001311 0.001311 0.001311 0.001311 0.001311 0.001311 0.001311 0.001311 0.001311 0.001311 0.001311 0.001311 0.001311 0.001311 0.001311 0.001311 0.001311 0.001311 0.001311 0.001310 0.001310 0.001310 0.001310 0.001310 0.001310 0.001310 0.001310 0.001309 0.001309 0.001309 0.001308 0.001308 0.001308 0.001307 0.001307 0.001306 0.001306 0.001305 0.001305 0.001304 0.001303 0.001302 0.001301 0.001300 0.001299 0.001298 0.001297 0.001295 0.001294 0.001292 0.001290 0.001289 0.001286 0.001284 0.001282 0.001279 0.001277 0.001274 0.001271 0.001267 0.001264 0.001260 0.001256 0.001252 0.001248 0.001243 0.001238 0.001233 0.001227 0.001222 0.001215 0.001209 0.001202 0.001196 0.001188 0.001181 0.001173 0.001165 0.001156 0.001148 0.001139 0.001129 0.001120 0.001110 0.001100 0.001091 0.001081 0.001071 0.001061 0.001051 0.001041 0.001032 0.001023 0.001015 0.001008 0.001002 0.000998 0.000995 0.000994 0.000996 0.001001 0.001010 0.001024 0.001043 0.001069 0.001099 0.001129 0.001130 0.000986 0.000000
0.000691 0.001122 0.001252 0.001254 0.001233 0.001210 0.001191 0.001178 0.001170 0.001166 0.001165 0.001166 0.001169 0.001174 0.001180 0.001187 0.001195 0.001203 0.001212 0.001222 0.001231 0.001241 0.001251 0.001260 0.001270 0.001279 0.001289 0.001298 0.001307 0.001315 0.001324 0.001332 0.001340 0.001347 0.001355 0.001362 0.001368 0.001375 0.001381 0.001387 0.001393 0.001398 0.001403 0.001408 0.001413 0.001417 0.001421 0.001425 0.001429 0.001432 0.001435 0.001438 0.001441 0.001444 0.001447 0.001449 0.001451 0.001453 0.001455 0.001457 0.001459 0.001460 0.001461 0.001463 0.001464 0.001465 0.001466 0.001467 0.001468 0.001469 0.001470 0.001470 0.001471 0.001471 0.001472 0.001472 0.001473 0.001473 0.001474 0.001474 0.001474 0.001474 0.001475 0.001475 0.001475 0.001475 0.001475 0.001476 0.001476 0.001476 0.001476 0.001476 0.001476 0.001476 0.001476 0.001476 0.001476 0.001476 0.001476 0.001476 0.001476 0.001476 0.001476 0.001476 0.001476 0.001476 0.001476 0.001476 0.001476 0.001476 0.001476 0.001476 0.001476 0.001476 0.001476 0.001475 0.001475 0.001475 0.001475 0.001475 0.001474 0.001474 0.001474 0.001474 0.001473 0.001473 0.001472 0.001472 0.001471 0.001471 0.001470 0.001470 0.001469 0.001468 0.001467 0.001466 0.001465 0.001464 0.001463 0.001461 0.001460 0.001459 0.001457 0.001455 0.001453 0.001451 0.001449 0.001447 0.001444 0.001441 0.001438 0.001435 0.001432 0.001429 0.001425 0.001421 0.001417 0.001413 0.001408 0.001403 0.001398 0.001393 0.001387 0.001381 0.001375 0.001368 0.001362 0.001355 0.001347 0.001340 0.001332 0.001324 0.001315 0.001307 0.001298 0.001289 0.001279 0.001270 0.001260 0.001251 0.001241 0.001231 0.001222 0.001212 0.001203 0.001195 0.001187 0.001180 0.001174 0.001169 0.001166 0.001165 0.001166 0.001170 0.001178 0.001191 0.001210 0.001233 0.001254 0.001252 0.001122 0.000691
0.000814 0.001246 0.001349 0.001359 0.001347 0.001334 0.001325 0.001320 0.001318 0.001319 0.001322 0.001327 0.001334 0.001341 0.001349 0.001358 0.001367 0.001377 0.001387 0.001396 0.001406 0.001416 0.001426 0.001436 0.001446 0.001455 0.001464 0.001473 0.001482 0.001490 0.001498 0.001506 0.001514 0.001521 0.001528 0.001535 0.001542 0.001548 0.001554 0.001560 0.001565 0.001570 0.001575 0.001580 0.001584 0.001589 0.001593 0.001596 0.001600 0.001603 0.001607 0.001610 0.001612 0.001615 0.001617 0.001620 0.001622 0.001624 0.001626 0.001628 0.001629 0.001631 0.001632 0.001633 0.001635 0.001636 0.001637 0.001638 0.001639 0.001639 0.001640 0.001641 0.001641 0.001642 0.001643 0.001643 0.001643 0.001644 0.001644 0.001644 0.001645 0.001645 0.001645 0.001645 0.001646 0.001646 0.001646 0.001646 0.001646 0.001646 0.001646 0.001647 0.001647 0.001647 0.001647 0.001647 0.001647 0.001647 0.001647 0.001647 0.001647 0.001647 0.001647 0.001647 0.001647 0.001647 0.001647 0.001647 0.001647 0.001647 0.001647 0.001646 0.001646 0.001646 0.001646 0.001646 0.001646 0.001646 0.001645 0.001645 0.001645 0.001645 0.001644 0.001644 0.001644 0.001643 0.001643 0.001643 0.001642 0.001641 0.001641 0.001640 0.001639 0.001639 0.001638 0.001637 0.001636 0.001635 0.001633 0.001632 0.001631 0.001629 0.001628 0.001626 0.001624 0.001622 0.001620 0.001617 0.001615 0.001612 0.001610 0.001607 0.001603 0.001600 0.001596 0.001593 0.001589 0.001584 0.001580 0.001575 0.001570 0.001565 0.001560 0.001554 0.001548 0.001542 0.001535 0.001528 0.001521 0.001514 0.001506 0.001498 0.001490 0.001482 0.001473 0.001464 0.001455 0.001446 0.001436 0.001426 0.001416 0.001406 0.001396 0.001387 0.001377 0.001367 0.001358 0.001349 0.001341 0.001334 0.001327 0.001322 0.001319 0.001318 0.001320 0.001325 0.001334 0.001347 0.001359 0.001349 0.001246 0.000814
0.000894 0.001327 0.001435 0.001451 0.001448 0.001444 0.001442 0.001443 0.001447 0.001453 0.001461 0.001469 0.001478 0.001488 0.001498 0.001508 0.001519 0.001530 0.001540 0.001551 0.001562 0.001572 0.001582 0.001593 0.001602 0.001612 0.001621 0.001631 0.001639 0.001648 0.001656 0.001664 0.001672 0.001679 0.001687 0.001693 0.001700 0.001706 0.001712 0.001718 0.001724 0.001729 0.001734 0.001739 0.001743 0.001747 0.001751 0.001755 0.001759 0.001762 0.001765 0.001768 0.001771 0.001774 0.001777 0.001779 0.001781 0.001783 0.001785 0.001787 0.001789 0.001790 0.001792 0.001793 0.001794 0.001795 0.001796 0.001797 0.001798 0.001799 0.001800 0.001800 0.001801 0.001802 0.001802 0.001803 0.001803 0.001804 0.001804 0.001804 0.001805 0.001805 0.001805 0.001805 0.001806 0.001806 0.001806 0.001806 0.001806 0.001806 0.001806 0.001806 0.001806 0.001807 0.001807 0.001807 0.001807 0.001807 0.001807 0.001807 0.001807 0.001807 0.001807 0.001807 0.001807 0.001807 0.001807 0.001807 0.001807 0.001806 0.001806 0.001806 0.001806 0.001806 0.001806 0.001806 0.001806 0.001806 0.001805 0.001805 0.001805 0.001805 0.001804 0.001804 0.001804 0.001803 0.001803 0.001802 0.001802 0.001801 0.001800 0.001800 0.001799 0.001798 0.001797 0.001796 0.001795 0.001794 0.001793 0.001792 0.001790 0.001789 0.001787 0.001785 0.001783 0.001781 0.001779 0.001777 0.001774 0.001771 0.001768 0.001765 0.001762 0.001759 0.001755 0.001751 0.001747 0.001743 0.001739 0.001734 0.001729 0.001724 0.001718 0.001712 0.001706 0.001700 0.001693 0.001687 0.001679 0.001672 0.001664 0.001656 0.001648 0.001639 0.001631 0.001621 0.001612 0.001602 0.001593 0.001582 0.001572 0.001562 0.001551 0.001540 0.001530 0.001519 0.001508 0.001498 0.001488 0.001478 0.001469 0.001461 0.001453 0.001447 0.001443 0.001442 0.001444 0.001448 0.001451 0.001435 0.001327 0.000894
0.000957 0.001398 0.001511 0.001533 0.001537 0.001538 0.001543 0.001549 0.001557 0.001567 0.001577 0.001589 0.001600 0.001612 0.001624 0.001635 0.001647 0.001659 0.001671 0.001682 0.001694 0.001705 0.001716 0.001726 0.001737 0.001747 0.001756 0.001766 0.001775 0.001784 0.001793 0.001801 0.001809 0.001817 0.001824 0.001831 0.001838 0.001844 0.001851 0.001856 0.001862 0.001868 0.001873 0.001878 0.001882 0.001887 0.001891 0.001895 0.001899 0.001902 0.001906 0.001909 0.001912 0.001915 0.001917 0.001920 0.001922 0.001924 0.001926 0.001928 0.001930 0.001931 0.001933 0.001934 0.001936 0.001937 0.001938 0.001939 0.001940 0.001941 0.001942 0.001942 0.001943 0.001944 0.001944 0.001945 0.001945 0.001946 0.001946 0.001946 0.001947 0.001947 0.001947 0.001948 0.001948 0.001948 0.001948 0.001948 0.001948 0.001949 0.001949 0.001949 0.001949 0.001949 0.001949 0.001949 0.001949 0.001949 0.001949 0.001949 0.001949 0.001949 0.001949 0.001949 0.001949 0.001949 0.001949 0.001949 0.001949 0.001949 0.001949 0.001949 0.001949 0.001948 0.001948 0.001948 0.001948 0.001948 0.001948 0.001947 0.001947 0.001947 0.001946 0.001946 0.001946 0.001945 0.001945 0.001944 0.001944 0.001943 0.001942 0.001942 0.001941 0.001940 0.001939 0.001938 0.001937 0.001936 0.001934 0.001933 0.001931 0.001930 0.001928 0.001926 0.001924 0.001922 0.001920 0.001917 0.001915 0.001912 0.001909 0.001906 0.001902 0.001899 0.001895 0.001891 0.001887 0.001882 0.001878 0.001873 0.001868 0.001862 0.001856 0.001851 0.001844 0.001838 0.001831 0.001824 0.001817 0.001809 0.001801 0.001793 0.001784 0.001775 0.001766 0.001756 0.001747 0.001737 0.001726 0.001716 0.001705 0.001694 0.001682 0.001671 0.001659 0.001647 0.001635 0.001624 0.001612 0.001600 0.001589 0.001577 0.001567 0.001557 0.001549 0.001543 0.001538 0.001537 0.001533 0.001511 0.001398 0.000957
0.001010 0.001463 0.001581 0.001607 0.001615 0.001622 0.001630 0.001640 0.001652 0.001664 0.001677 0.001690 0.001704 0.001717 0.001730 0.001743 0.001756 0.001769 0.001782 0.001794 0.001806 0.001818 0.001830 0.001841 0.001852 0.001863 0.001873 0.001883 0.001893 0.001902 0.001911 0.001920 0.001928 0.001936 0.001944 0.001951 0.001959 0.001965 0.001972 0.001978 0.001984 0.001990 0.001995 0.002000 0.002005 0.002010 0.002014 0.002019 0.002023 0.002026 0.002030 0.002033 0.002036 0.002039 0.002042 0.002045 0.002047 0.002050 0.002052 0.002054 0.002056 0.002057 0.002059 0.002060 0.002062 0.002063 0.002064 0.002065 0.002067 0.002067 0.002068 0.002069 0.002070 0.002071 0.002071 0.002072 0.002072 0.002073 0.002073 0.002073 0.002074 0.002074 0.002074 0.002075 0.002075 0.002075 0.002075 0.002075 0.002076 0.002076 0.002076 0.002076 0.002076 0.002076 0.002076 0.002076 0.002076 0.002076 0.002076 0.002076 0.002076 0.002076 0.002076 0.002076 0.002076 0.002076 0.002076 0.002076 0.002076 0.002076 0.002076 0.002076 0.002076 0.002076 0.002075 0.002075 0.002075 0.002075 0.002075 0.002074 0.002074 0.002074 0.002073 0.002073 0.002073 0.002072 0.002072 0.002071 0.002071 0.002070 0.002069 0.002068 0.002067 0.002067 0.002065 0.002064 0.002063 0.002062 0.002060 0.002059 0.002057 0.002056 0.002054 0.002052 0.002050 0.002047 0.002045 0.002042 0.002039 0.002036 0.002033 0.002030 0.002026 0.002023 0.002019 0.002014 0.002010 0.002005 0.002000 0.001995 0.001990 0.001984 0.001978 0.001972 0.001965 0.001959 0.001951 0.001944 0.001936 0.001928 0.001920 0.001911 0.001902 0.001893 0.001883 0.001873 0.001863 0.001852 0.001841 0.001830 0.001818 0.001806 0.001794 0.001782 0.001769 0.001756 0.001743 0.001730 0.001717 0.001704 0.001690 0.001677 0.001664 0.001652 0.001640 0.001630 0.001622 0.001615 0.001607 0.001581 0.001463 0.001010
0.001060 0.001526 0.001648 0.001677 0.001688 0.001698 0.001709 0.001722 0.001736 0.001750 0.001765 0.001780 0.001795 0.001810 0.001825 0.001839 0.001853 0.001867 0.001881 0.001894 0.001907 0.001920 0.001932 0.001944 0.001956 0.001967 0.001978 0.001988 0.001999 0.002009 0.002018 0.002027 0.002036 0.002045 0.002053 0.002061 0.002068 0.002076 0.002083 0.002089 0.002096 0.002102 0.002107 0.002113 0.002118 0.002123 0.002128 0.002132 0.002137 0.002141 0.002144 0.002148 0.002151 0.002154 0.002157 0.002160 0.002163 0.002165 0.002168 0.002170 0.002172 0.002174 0.002175 0.002177 0.002179 0.002180 0.002181 0.002182 0.002184 0.002185 0.002186 0.002186 0.002187 0.002188 0.002189 0.002189 0.002190 0.002190 0.002191 0.002191 0.002192 0.002192 0.002192 0.002192 0.002193 0.002193 0.002193 0.002193 0.002193 0.002194 0.002194 0.002194 0.002194 0.002194 0.002194 0.002194 0.002194 0.002194 0.002194 0.002194 0.002194 0.002194 0.002194 0.002194 0.002194 0.002194 0.002194 0.002194 0.002194 0.002194 0.002194 0.002194 0.002194 0.002193 0.002193 0.002193 0.002193 0.002193 0.002192 0.002192 0.002192 0.002192 0.002191 0.002191 0.002190 0.002190 0.002189 0.002189 0.002188 0.002187 0.002186 0.002186 0.002185 0.002184 0.002182 0.002181 0.002180 0.002179 0.002177 0.002175 0.002174 0.002172 0.002170 0.002168 0.002165 0.002163 0.002160 0.002157 0.002154 0.002151 0.002148 0.002144 0.002141 0.002137 0.002132 0.002128 0.002123 0.002118 0.002113 0.002107 0.002102 0.002096 0.002089 0.002083 0.002076 0.002068 0.002061 0.002053 0.002045 0.002036 0.002027 0.002018 0.002009 0.001999 0.001988 0.001978 0.001967 0.001956 0.001944 0.001932 0.001920 0.001907 0.001894 0.001881 0.001867 0.001853 0.001839 0.001825 0.001810 0.001795 0.001780 0.001765 0.001750 0.001736 0.001722 0.001709 0.001698 0.001688 0.001677 0.001648 0.001526 0.001060
0.001108 0.001590 0.001715 0.001746 0.001759 0.001771 0.001784 0.001799 0.001815 0.001831 0.001848 0.001865 0.001881 0.001897 0.001913 0.001929 0.001944 0.001959 0.001973 0.001988 0.002001 0.002015 0.002028 0.002041 0.002053 0.002065 0.002077 0.002088 0.002099 0.002110 0.002120 0.002130 0.002139 0.002148 0.002157 0.002165 0.002173 0.002181 0.002188 0.002196 0.002202 0.002209 0.002215 0.002221 0.002226 0.002232 0.002237 0.002242 0.002246 0.002250 0.002255 0.002258 0.002262 0.002265 0.002269 0.002272 0.002275 0.002277 0.002280 0.002282 0.002284 0.002286 0.002288 0.002290 0.002291 0.002293 0.002294 0.002296 0.002297 0.002298 0.002299 0.002300 0.002301 0.002302 0.002302 0.002303 0.002304 0.002304 0.002305 0.002305 0.002306 0.002306 0.002306 0.002307 0.002307 0.002307 0.002307 0.002308 0.002308 0.002308 0.002308 0.002308 0.002308 0.002308 0.002308 0.002309 0.002309 0.002309 0.002309 0.002309 0.002309 0.002309 0.002309 0.002309 0.002309 0.002309 0.002309 0.002308 0.002308 0.002308 0.002308 0.002308 0.002308 0.002308 0.002308 0.002307 0.002307 0.002307 0.002307 0.002306 0.002306 0.002306 0.002305 0.002305 0.002304 0.002304 0.002303 0.002302 0.002302 0.002301 0.002300 0.002299 0.002298 0.002297 0.002296 0.002294 0.002293 0.002291 0.002290 0.002288 0.002286 0.002284 0.002282 0.002280 0.002277 0.002275 0.002272 0.002269 0.002265 0.002262 0.002258 0.002255 0.002250 0.002246 0.002242 0.002237 0.002232 0.002226 0.002221 0.002215 0.002209 0.002202 0.002196 0.002188 0.002181 0.002173 0.002165 0.002157 0.002148 0.002139 0.002130 0.002120 0.002110 0.002099 0.002088 0.002077 0.002065 0.002053 0.002041 0.002028 0.002015 0.002001 0.001988 0.001973 0.001959 0.001944 0.001929 0.001913 0.001897 0.001881 0.001865 0.001848 0.001831 0.001815 0.001799 0.001784 0.001771 0.001759 0.001746 0.001715 0.001590 0.001108
0.001157 0.001655 0.001783 0.001816 0.001830 0.001844 0.001859 0.001876 0.001893 0.001911 0.001930 0.001948 0.001965 0.001983 0.002000 0.002016 0.002033 0.002049 0.002064 0.002080 0.002094 0.002109 0.002123 0.002137 0.002150 0.002163 0.002175 0.002187 0.002199 0.002210 0.002221 0.002231 0.002241 0.002251 0.002260 0.002269 0.002278 0.002286 0.002294 0.002302 0.002309 0.002316 0.002323 0.002329 0.002335 0.002341 0.002346 0.002351 0.002356 0.002361 0.002365 0.002369 0.002373 0.002377 0.002381 0.002384 0.002387 0.002390 0.002392 0.002395 0.002397 0.002400 0.002402 0.002404 0.002405 0.002407 0.002408 0.002410 0.002411 0.002412 0.002414 0.002415 0.002416 0.002416 0.002417 0.002418 0.002419 0.002419 0.002420 0.002420 0.002421 0.002421 0.002422 0.002422 0.002422 0.002422 0.002423 0.002423 0.002423 0.002423 0.002423 0.002424 0.002424 0.002424 0.002424 0.002424 0.002424 0.002424 0.002424 0.002424 0.002424 0.002424 0.002424 0.002424 0.002424 0.002424 0.002424 0.002424 0.002424 0.002424 0.002424 0.002423 0.002423 0.002423 0.002423 0.002423 0.002422 0.002422 0.002422 0.002422 0.002421 0.002421 0.002420 0.002420 0.002419 0.002419 0.002418 0.002417 0.002416 0.002416 0.002415 0.002414 0.002412 0.002411 0.002410 0.002408 0.002407 0.002405 0.002404 0.002402 0.002400 0.002397 0.002395 0.002392 0.002390 0.002387 0.002384 0.002381 0.002377 0.002373 0.002369 0.002365 0.002361 0.002356 0.002351 0.002346 0.002341 0.002335 0.002329 0.002323 0.002316 0.002309 0.002302 0.002294 0.002286 0.002278 0.002269 0.002260 0.002251 0.002241 0.002231 0.002221 0.002210 0.002199 0.002187 0.002175 0.002163 0.002150 0.002137 0.002123 0.002109 0.002094 0.002080 0.002064 0.002049 0.002033 0.002016 0.002000 0.001983 0.001965 0.001948 0.001930 0.001911 0.001893 0.001876 0.001859 0.001844 0.001830 0.001816 0.001783 0.001655 0.001157
0.001208 0.001723 0.001855 0.001889 0.001905 0.001919 0.001936 0.001954 0.001974 0.001993 0.002013 0.002032 0.002051 0.002070 0.002088 0.002106 0.002124 0.002141 0.002158 0.002174 0.002190 0.002205 0.002220 0.002235 0.002249 0.002263 0.002276 0.002289 0.002301 0.002313 0.002325 0.002336 0.002347 0.002357 0.002367 0.002377 0.002386 0.002395 0.002404 0.002412 0.002420 0.002427 0.002434 0.002441 0.002447 0.002454 0.002459 0.002465 0.002470 0.002475 0.002480 0.002485 0.002489 0.002493 0.002497 0.002500 0.002503 0.002507 0.002509 0.002512 0.002515 0.002517 0.002519 0.002522 0.002523 0.002525 0.002527 0.002528 0.002530 0.002531 0.002532 0.002534 0.002535 0.002536 0.002536 0.002537 0.002538 0.002539 0.002539 0.002540 0.002540 0.002541 0.002541 0.002542 0.002542 0.002542 0.002542 0.002543 0.002543 0.002543 0.002543 0.002543 0.002544 0.002544 0.002544 0.002544 0.002544 0.002544 0.002544 0.002544 0.002544 0.002544 0.002544 0.002544 0.002544 0.002544 0.002544 0.002544 0.002544 0.002544 0.002543 0.002543 0.002543 0.002543 0.002543 0.002542 0.002542 0.002542 0.002542 0.002541 0.002541 0.002540 0.002540 0.002539 0.002539 0.002538 0.002537 0.002536 0.002536 0.002535 0.002534 0.002532 0.002531 0.002530 0.002528 0.002527 0.002525 0.002523 0.002522 0.002519 0.002517 0.002515 0.002512 0.002509 0.002507 0.002503 0.002500 0.002497 0.002493 0.002489 0.002485 0.002480 0.002475 0.002470 0.002465 0.002459 0.002454 0.002447 0.002441 0.002434 0.002427 0.002420 0.002412 0.002404 0.002395 0.002386 0.002377 0.002367 0.002357 0.002347 0.002336 0.002325 0.002313 0.002301 0.002289 0.002276 0.002263 0.002249 0.002235 0.002220 0.002205 0.002190 0.002174 0.002158 0.002141 0.002124 0.002106 0.002088 0.002070 0.002051 0.002032 0.002013 0.001993 0.001974 0.001954 0.001936 0.001919 0.001905 0.001889 0.001855 0.001723 0.001208
0.001262 0.001797 0.001932 0.001966 0.001983 0.002000 0.002018 0.002038 0.002058 0.002079 0.002101 0.002121 0.002142 0.002162 0.002181 0.002201 0.002219 0.002238 0.002255 0.002273 0.002290 0.002306 0.002322 0.002338 0.002353 0.002368 0.002382 0.002396 0.002409 0.002422 0.002434 0.002446 0.002458 0.002469 0.002480 0.002490 0.002500 0.002510 0.002519 0.002528 0.002536 0.002544 0.002552 0.002559 0.002566 0.002573 0.002579 0.002585 0.002591 0.002596 0.002601 0.002606 0.002611 0.002615 0.002619 0.002623 0.002627 0.002630 0.002633 0.002636 0.002639 0.002642 0.002644 0.002646 0.002648 0.002650 0.002652 0.002654 0.002655 0.002657 0.002658 0.002659 0.002661 0.002662 0.002663 0.002663 0.002664 0.002665 0.002666 0.002666 0.002667 0.002667 0.002668 0.002668 0.002669 0.002669 0.002669 0.002670 0.002670 0.002670 0.002670 0.002670 0.002670 0.002671 0.002671 0.002671 0.002671 0.002671 0.002671 0.002671 0.002671 0.002671 0.002671 0.002671 0.002671 0.002671 0.002671 0.002671 0.002671 0.002670 0.002670 0.002670 0.002670 0.002670 0.002670 0.002669 0.002669 0.002669 0.002668 0.002668 0.002667 0.002667 0.002666 0.002666 0.002665 0.002664 0.002663 0.002663 0.002662 0.002661 0.002659 0.002658 0.002657 0.002655 0.002654 0.002652 0.002650 0.002648 0.002646 0.002644 0.002642 0.002639 0.002636 0.002633 0.002630 0.002627 0.002623 0.002619 0.002615 0.002611 0.002606 0.002601 0.002596 0.002591 0.002585 0.002579 0.002573 0.002566 0.002559 0.002552 0.002544 0.002536 0.002528 0.002519 0.002510 0.002500 0.002490 0.002480 0.002469 0.002458 0.002446 0.002434 0.002422 0.002409 0.002396 0.002382 0.002368 0.002353 0.002338 0.002322 0.002306 0.002290 0.002273 0.002255 0.002238 0.002219 0.002201 0.002181 0.002162 0.002142 0.002121 0.002101 0.002079 0.002058 0.002038 0.002018 0.002000 0.001983 0.001966 0.001932 0.001797 0.001262
0.001320 0.001875 0.002015 0.002050 0.002068 0.002085 0.002105 0.002126 0.002149 0.002171 0.002194 0.002216 0.002238 0.002259 0.002280 0.002301 0.002321 0.002341 0.002360 0.002378 0.002396 0.002414 0.002431 0.002448 0.002464 0.002480 0.002495 0.002510 0.002524 0.002538 0.002551 0.002564 0.002576 0.002588 0.002600 0.002611 0.002622 0.002632 0.002642 0.002651 0.002660 0.002669 0.002677 0.002685 0.002693 0.002700 0.002707 0.002713 0.002719 0.002725 0.002731 0.002736 0.002741 0.002746 0.002750 0.002754 0.002758 0.002762 0.002765 0.002769 0.002772 0.002774 0.002777 0.002780 0.002782 0.002784 0.002786 0.002788 0.002790 0.002791 0.002793 0.002794 0.002795 0.002796 0.002797 0.002798 0.002799 0.002800 0.002801 0.002801 0.002802 0.002803 0.002803 0.002804 0.002804 0.002804 0.002805 0.002805 0.002805 0.002805 0.002806 0.002806 0.002806 0.002806 0.002806 0.002806 0.002806 0.002807 0.002807 0.002807 0.002807 0.002807 0.002807 0.002807 0.002807 0.002806 0.002806 0.002806 0.002806 0.002806 0.002806 0.002806 0.002805 0.002805 0.002805 0.002805 0.002804 0.002804 0.002804 0.002803 0.002803 0.002802 0.002801 0.002801 0.002800 0.002799 0.002798 0.002797 0.002796 0.002795 0.002794 0.002793 0.002791 0.002790 0.002788 0.002786 0.002784 0.002782 0.002780 0.002777 0.002774 0.002772 0.002769 0.002765 0.002762 0.002758 0.002754 0.002750 0.002746 0.002741 0.002736 0.002731 0.002725 0.002719 0.002713 0.002707 0.002700 0.002693 0.002685 0.002677 0.002669 0.002660 0.002651 0.002642 0.002632 0.002622 0.002611 0.002600 0.002588 0.002576 0.002564 0.002551 0.002538 0.002524 0.002510 0.002495 0.002480 0.002464 0.002448 0.002431 0.002414 0.002396 0.002378 0.002360 0.002341 0.002321 0.002301 0.002280 0.002259 0.002238 0.002216 0.002194 0.002171 0.002149 0.002126 0.002105 0.002085 0.002068 0.002050 0.002015 0.001875 0.001320
0.001383 0.001961 0.002105 0.002140 0.002159 0.002178 0.002199 0.002222 0.002246 0.002270 0.002294 0.002318 0.002341 0.002364 0.002387 0.002409 0.002430 0.002451 0.002471 0.002491 0.002510 0.002529 0.002548 0.002565 0.002583 0.002600 0.002616 0.002632 0.002647 0.002662 0.002676 0.002690 0.002703 0.002716 0.002729 0.002740 0.002752 0.002763 0.002774 0.002784 0.002793 0.002803 0.002812 0.002820 0.002828 0.002836 0.002843 0.002851 0.002857 0.002864 0.002870 0.002875 0.002881 0.002886 0.002890 0.002895 0.002899 0.002903 0.002907 0.002911 0.002914 0.002917 0.002920 0.002923 0.002925 0.002927 0.002930 0.002932 0.002933 0.002935 0.002937 0.002938 0.002940 0.002941 0.002942 0.002943 0.002944 0.002945 0.002946 0.002947 0.002947 0.002948 0.002948 0.002949 0.002949 0.002950 0.002950 0.002950 0.002951 0.002951 0.002951 0.002951 0.002952 0.002952 0.002952 0.002952 0.002952 0.002952 0.002952 0.002952 0.002952 0.002952 0.002952 0.002952 0.002952 0.002952 0.002952 0.002952 0.002952 0.002952 0.002951 0.002951 0.002951 0.002951 0.002950 0.002950 0.002950 0.002949 0.002949 0.002948 0.002948 0.002947 0.002947 0.002946 0.002945 0.002944 0.002943 0.002942 0.002941 0.002940 0.002938 0.002937 0.002935 0.002933 0.002932 0.002930 0.002927 0.002925 0.002923 0.002920 0.002917 0.002914 0.002911 0.002907 0.002903 0.002899 0.002895 0.002890 0.002886 0.002881 0.002875 0.002870 0.002864 0.002857 0.002851 0.002843 0.002836 0.002828 0.002820 0.002812 0.002803 0.002793 0.002784 0.002774 0.002763 0.002752 0.002740 0.002729 0.002716 0.002703 0.002690 0.002676 0.002662 0.002647 0.002632 0.002616 0.002600 0.002583 0.002565 0.002548 0.002529 0.002510 0.002491 0.002471 0.002451 0.002430 0.002409 0.002387 0.002364 0.002341 0.002318 0.002294 0.002270 0.002246 0.002222 0.002199 0.002178 0.002159 0.002140 0.002105 0.001961 0.001383
0.001451 0.002053 0.002202 0.002238 0.002258 0.002278 0.002301 0.002325 0.002351 0.002377 0.002403 0.002428 0.002453 0.002477 0.002501 0.002524 0.002547 0.002570 0.002591 0.002613 0.002633 0.002653 0.002673 0.002692 0.002711 0.002729 0.002746 0.002763 0.002779 0.002795 0.002810 0.002825 0.002840 0.002853 0.002867 0.002880 0.002892 0.002904 0.002915 0.002926 0.002937 0.002947 0.002956 0.002965 0.002974 0.002982 0.002990 0.002998 0.003005 0.003012 0.003019 0.003025 0.003031 0.003036 0.003041 0.003046 0.003051 0.003055 0.003059 0.003063 0.003067 0.003070 0.003073 0.003076 0.003079 0.003081 0.003084 0.003086 0.003088 0.003090 0.003092 0.003093 0.003095 0.003096 0.003097 0.003099 0.003100 0.003101 0.003102 0.003102 0.003103 0.003104 0.003104 0.003105 0.003105 0.003106 0.003106 0.003107 0.003107 0.003107 0.003108 0.003108 0.003108 0.003108 0.003108 0.003108 0.003108 0.003109 0.003109 0.003109 0.003109 0.003109 0.003109 0.003109 0.003109 0.003108 0.003108 0.003108 0.003108 0.003108 0.003108 0.003108 0.003107 0.003107 0.003107 0.003106 0.003106 0.003105 0.003105 0.003104 0.003104 0.003103 0.003102 0.003102 0.003101 0.003100 0.003099 0.003097 0.003096 0.003095 0.003093 0.003092 0.003090 0.003088 0.003086 0.003084 0.003081 0.003079 0.003076 0.003073 0.003070 0.003067 0.003063 0.003059 0.003055 0.003051 0.003046 0.003041 0.003036 0.003031 0.003025 0.003019 0.003012 0.003005 0.002998 0.002990 0.002982 0.002974 0.002965 0.002956 0.002947 0.002937 0.002926 0.002915 0.002904 0.002892 0.002880 0.002867 0.002853 0.002840 0.002825 0.002810 0.002795 0.002779 0.002763 0.002746 0.002729 0.002711 0.002692 0.002673 0.002653 0.002633 0.002613 0.002591 0.002570 0.002547 0.002524 0.002501 0.002477 0.002453 0.002428 0.002403 0.002377 0.002351 0.002325 0.002301 0.002278 0.002258 0.002238 0.002202 0.002053 0.001451
0.001524 0.002153 0.002306 0.002343 0.002364 0.002386 0.002411 0.002437 0.002464 0.002492 0.002519 0.002546 0.002573 0.002599 0.002624 0.002649 0.002674 0.002697 0.002721 0.002743 0.002765 0.002787 0.002808 0.002828 0.002848 0.002867 0.002886 0.002904 0.002921 0.002938 0.002955 0.002971 0.002986 0.003001 0.003015 0.003029 0.003042 0.003055 0.003067 0.003079 0.003090 0.003101 0.003111 0.003121 0.003131 0.003140 0.003148 0.003156 0.003164 0.003172 0.003179 0.003185 0.003192 0.003197 0.003203 0.003208 0.003213 0.003218 0.003223 0.003227 0.003231 0.003234 0.003238 0.003241 0.003244 0.003247 0.003249 0.003252 0.003254 0.003256 0.003258 0.003260 0.003261 0.003263 0.003264 0.003266 0.003267 0.003268 0.003269 0.003270 0.003270 0.003271 0.003272 0.003272 0.003273 0.003273 0.003274 0.003274 0.003275 0.003275 0.003275 0.003276 0.003276 0.003276 0.003276 0.003276 0.003276 0.003276 0.003276 0.003277 0.003277 0.003277 0.003277 0.003276 0.003276 0.003276 0.003276 0.003276 0.003276 0.003276 0.003276 0.003275 0.003275 0.003275 0.003274 0.003274 0.003273 0.003273 0.003272 0.003272 0.003271 0.003270 0.003270 0.003269 0.003268 0.003267 0.003266 0.003264 0.003263 0.003261 0.003260 0.003258 0.003256 0.003254 0.003252 0.003249 0.003247 0.003244 0.003241 0.003238 0.003234 0.003231 0.003227 0.003223 0.003218 0.003213 0.003208 0.003203 0.003197 0.003192 0.003185 0.003179 0.003172 0.003164 0.003156 0.003148 0.003140 0.003131 0.003121 0.003111 0.003101 0.003090 0.003079 0.003067 0.003055 0.003042 0.003029 0.003015 0.003001 0.002986 0.002971 0.002955 0.002938 0.002921 0.002904 0.002886 0.002867 0.002848 0.002828 0.002808 0.002787 0.002765 0.002743 0.002721 0.002697 0.002674 0.002649 0.002624 0.002599 0.002573 0.002546 0.002519 0.002492 0.002464 0.002437 0.002411 0.002386 0.002364 0.002343 0.002306 0.002153 0.001524
0.001604 0.002261 0.002420 0.002458 0.002479 0.002503 0.002529 0.002557 0.002586 0.002616 0.002645 0.002674 0.002702 0.002730 0.002757 0.002783 0.002809 0.002835 0.002859 0.002884 0.002907 0.002930 0.002952 0.002974 0.002995 0.003016 0.003036 0.003055 0.003074 0.003092 0.003109 0.003126 0.003143 0.003159 0.003174 0.003189 0.003203 0.003217 0.003230 0.003242 0.003255 0.003266 0.003277 0.003288 0.003298 0.003308 0.003317 0.003326 0.003334 0.003342 0.003350 0.003357 0.003364 0.003370 0.003377 0.003382 0.003388 0.003393 0.003398 0.003402 0.003406 0.003410 0.003414 0.003418 0.003421 0.003424 0.003427 0.003429 0.003432 0.003434 0.003436 0.003438 0.003440 0.003441 0.003443 0.003444 0.003446 0.003447 0.003448 0.003449 0.003450 0.003451 0.003451 0.003452 0.003453 0.003453 0.003454 0.003454 0.003454 0.003455 0.003455 0.003455 0.003456 0.003456 0.003456 0.003456 0.003456 0.003456 0.003456 0.003456 0.003456 0.003456 0.003456 0.003456 0.003456 0.003456 0.003456 0.003456 0.003456 0.003456 0.003455 0.003455 0.003455 0.003454 0.003454 0.003454 0.003453 0.003453 0.003452 0.003451 0.003451 0.003450 0.003449 0.003448 0.003447 0.003446 0.003444 0.003443 0.003441 0.003440 0.003438 0.003436 0.003434 0.003432 0.003429 0.003427 0.003424 0.003421 0.003418 0.003414 0.003410 0.003406 0.003402 0.003398 0.003393 0.003388 0.003382 0.003377 0.003370 0.003364 0.003357 0.003350 0.003342 0.003334 0.003326 0.003317 0.003308 0.003298 0.003288 0.003277 0.003266 0.003255 0.003242 0.003230 0.003217 0.003203 0.003189 0.003174 0.003159 0.003143 0.003126 0.003109 0.003092 0.003074 0.003055 0.003036 0.003016 0.002995 0.002974 0.002952 0.002930 0.002907 0.002884 0.002859 0.002835 0.002809 0.002783 0.002757 0.002730 0.002702 0.002674 0.002645 0.002616 0.002586 0.002557 0.002529 0.002503 0.002479 0.002458 0.002420 0.002261 0.001604
0.001690 0.002378 0.002542 0.002581 0.002604 0.002629 0.002657 0.002687 0.002718 0.002749 0.002780 0.002811 0.002841 0.002870 0.002899 0.002927 0.002955 0.002982 0.003008 0.003034 0.003059 0.003084 0.003107 0.003130 0.003153 0.003175 0.003196 0.003217 0.003237 0.003256 0.003275 0.003293 0.003311 0.003328 0.003344 0.003360 0.003375 0.003390 0.003404 0.003417 0.003430 0.003443 0.003455 0.003466 0.003477 0.003488 0.003498 0.003507 0.003516 0.003525 0.003533 0.003541 0.003548 0.003555 0.003562 0.003568 0.003574 0.003579 0.003585 0.003590 0.003594 0.003598 0.003602 0.003606 0.003610 0.003613 0.003616 0.003619 0.003622 0.003624 0.003626 0.003629 0.003630 0.003632 0.003634 0.003635 0.003637 0.003638 0.003639 0.003640 0.003641 0.003642 0.003643 0.003644 0.003644 0.003645 0.003646 0.003646 0.003646 0.003647 0.003647 0.003647 0.003648 0.003648 0.003648 0.003648 0.003648 0.003649 0.003649 0.003649 0.003649 0.003649 0.003649 0.003649 0.003649 0.003648 0.003648 0.003648 0.003648 0.003648 0.003647 0.003647 0.003647 0.003646 0.003646 0.003646 0.003645 0.003644 0.003644 0.003643 0.003642 0.003641 0.003640 0.003639 0.003638 0.003637 0.003635 0.003634 0.003632 0.003630 0.003629 0.003626 0.003624 0.003622 0.003619 0.003616 0.003613 0.003610 0.003606 0.003602 0.003598 0.003594 0.003590 0.003585 0.003579 0.003574 0.003568 0.003562 0.003555 0.003548 0.003541 0.003533 0.003525 0.003516 0.003507 0.003498 0.003488 0.003477 0.003466 0.003455 0.003443 0.003430 0.003417 0.003404 0.003390 0.003375 0.003360 0.003344 0.003328 0.003311 0.003293 0.003275 0.003256 0.003237 0.003217 0.003196 0.003175 0.003153 0.003130 0.003107 0.003084 0.003059 0.003034 0.003008 0.002982 0.002955 0.002927 0.002899 0.002870 0.002841 0.002811 0.002780 0.002749 0.002718 0.002687 0.002657 0.002629 0.002604 0.002581 0.002542 0.002378 0.001690
0.001782 0.002504 0.002674 0.002713 0.002737 0.002764 0.002794 0.002826 0.002859 0.002892 0.002925 0.002958 0.002990 0.003021 0.003051 0.003081 0.003111 0.003140 0.003168 0.003195 0.003222 0.003248 0.003273 0.003298 0.003322 0.003345 0.003368 0.003390 0.003411 0.003432 0.003452 0.003471 0.003490 0.003508 0.003526 0.003543 0.003559 0.003574 0.003590 0.003604 0.003618 0.003631 0.003644 0.003657 0.003668 0.003680 0.003690 0.003700 0.003710 0.003720 0.003728 0.003737 0.003745 0.003752 0.003759 0.003766 0.003772 0.003778 0.003784 0.003789 0.003794 0.003799 0.003803 0.003807 0.003811 0.003815 0.003818 0.003821 0.003824 0.003827 0.003829 0.003832 0.003834 0.003836 0.003837 0.003839 0.003841 0.003842 0.003843 0.003844 0.003846 0.003847 0.003847 0.003848 0.003849 0.003850 0.003850 0.003851 0.003851 0.003852 0.003852 0.003852 0.003853 0.003853 0.003853 0.003853 0.003853 0.003853 0.003854 0.003854 0.003854 0.003854 0.003854 0.003854 0.003853 0.003853 0.003853 0.003853 0.003853 0.003853 0.003852 0.003852 0.003852 0.003851 0.003851 0.003850 0.003850 0.003849 0.003848 0.003847 0.003847 0.003846 0.003844 0.003843 0.003842 0.003841 0.003839 0.003837 0.003836 0.003834 0.003832 0.003829 0.003827 0.003824 0.003821 0.003818 0.003815 0.003811 0.003807 0.003803 0.003799 0.003794 0.003789 0.003784 0.003778 0.003772 0.003766 0.003759 0.003752 0.003745 0.003737 0.003728 0.003720 0.003710 0.003700 0.003690 0.003680 0.003668 0.003657 0.003644 0.003631 0.003618 0.003604 0.003590 0.003574 0.003559 0.003543 0.003526 0.003508 0.003490 0.003471 0.003452 0.003432 0.003411 0.003390 0.003368 0.003345 0.003322 0.003298 0.003273 0.003248 0.003222 0.003195 0.003168 0.003140 0.003111 0.003081 0.003051 0.003021 0.002990 0.002958 0.002925 0.002892 0.002859 0.002826 0.002794 0.002764 0.002737 0.002713 0.002674 0.002504 0.001782
0.001882 0.002639 0.002816 0.002855 0.002881 0.002909 0.002941 0.002975 0.003010 0.003045 0.003080 0.003115 0.003149 0.003182 0.003214 0.003246 0.003277 0.003308 0.003338 0.003367 0.003395 0.003423 0.003450 0.003476 0.003501 0.003526 0.003550 0.003574 0.003596 0.003619 0.003640 0.003661 0.003681 0.003700 0.003719 0.003737 0.003754 0.003771 0.003787 0.003803 0.003818 0.003832 0.003846 0.003859 0.003871 0.003883 0.003895 0.003906 0.003916 0.003926 0.003936 0.003945 0.003953 0.003962 0.003969 0.003977 0.003983 0.003990 0.003996 0.004002 0.004007 0.004012 0.004017 0.004021 0.004025 0.004029 0.004033 0.004036 0.004039 0.004042 0.004045 0.004048 0.004050 0.004052 0.004054 0.004056 0.004057 0.004059 0.004060 0.004062 0.004063 0.004064 0.004065 0.004066 0.004066 0.004067 0.004068 0.004068 0.004069 0.004069 0.004070 0.004070 0.004070 0.004071 0.004071 0.004071 0.004071 0.004071 0.004071 0.004072 0.004072 0.004072 0.004072 0.004071 0.004071 0.004071 0.004071 0.004071 0.004071 0.004070 0.004070 0.004070 0.004069 0.004069 0.004068 0.004068 0.004067 0.004066 0.004066 0.004065 0.004064 0.004063 0.004062 0.004060 0.004059 0.004057 0.004056 0.004054 0.004052 0.004050 0.004048 0.004045 0.004042 0.004039 0.004036 0.004033 0.004029 0.004025 0.004021 0.004017 0.004012 0.004007 0.004002 0.003996 0.003990 0.003983 0.003977 0.003969 0.003962 0.003953 0.003945 0.003936 0.003926 0.003916 0.003906 0.003895 0.003883 0.003871 0.003859 0.003846 0.003832 0.003818 0.003803 0.003787 0.003771 0.003754 0.003737 0.003719 0.003700 0.003681 0.003661 0.003640 0.003619 0.003596 0.003574 0.003550 0.003526 0.003501 0.003476 0.003450 0.003423 0.003395 0.003367 0.003338 0.003308 0.003277 0.003246 0.003214 0.003182 0.003149 0.003115 0.003080 0.003045 0.003010 0.002975 0.002941 0.002909 0.002881 0.002855 0.002816 0.002639 0.001882
0.001989 0.002785 0.002967 0.003008 0.003034 0.003064 0.003098 0.003134 0.003172 0.003209 0.003246 0.003282 0.003318 0.003354 0.003388 0.003422 0.003455 0.003487 0.003519 0.003549 0.003579 0.003609 0.003637 0.003665 0.003692 0.003719 0.003744 0.003769 0.003793 0.003817 0.003840 0.003862 0.003883 0.003904 0.003924 0.003943 0.003962 0.003979 0.003997 0.004013 0.004029 0.004045 0.004059 0.004073 0.004087 0.004100 0.004112 0.004124 0.004135 0.004146 0.004156 0.004166 0.004175 0.004184 0.004192 0.004200 0.004207 0.004214 0.004221 0.004227 0.004233 0.004238 0.004243 0.004248 0.004253 0.004257 0.004261 0.004264 0.004268 0.004271 0.004274 0.004276 0.004279 0.004281 0.004283 0.004285 0.004287 0.004289 0.004290 0.004292 0.004293 0.004294 0.004295 0.004296 0.004297 0.004298 0.004299 0.004299 0.004300 0.004300 0.004301 0.004301 0.004301 0.004302 0.004302 0.004302 0.004302 0.004303 0.004303 0.004303 0.004303 0.004303 0.004303 0.004303 0.004303 0.004302 0.004302 0.004302 0.004302 0.004301 0.004301 0.004301 0.004300 0.004300 0.004299 0.004299 0.004298 0.004297 0.004296 0.004295 0.004294 0.004293 0.004292 0.004290 0.004289 0.004287 0.004285 0.004283 0.004281 0.004279 0.004276 0.004274 0.004271 0.004268 0.004264 0.004261 0.004257 0.004253 0.004248 0.004243 0.004238 0.004233 0.004227 0.004221 0.004214 0.004207 0.004200 0.004192 0.004184 0.004175 0.004166 0.004156 0.004146 0.004135 0.004124 0.004112 0.004100 0.004087 0.004073 0.004059 0.004045 0.004029 0.004013 0.003997 0.003979 0.003962 0.003943 0.003924 0.003904 0.003883 0.003862 0.003840 0.003817 0.003793 0.003769 0.003744 0.003719 0.003692 0.003665 0.003637 0.003609 0.003579 0.003549 0.003519 0.003487 0.003455 0.003422 0.003388 0.003354 0.003318 0.003282 0.003246 0.003209 0.003172 0.003134 0.003098 0.003064 0.003034 0.003008 0.002967 0.002785 0.001989
0.002104 0.002940 0.003130 0.003171 0.003198 0.003230 0.003266 0.003304 0.003344 0.003383 0.003422 0.003461 0.003499 0.003536 0.003573 0.003608 0.003643 0.003677 0.003711 0.003743 0.003775 0.003806 0.003837 0.003866 0.003895 0.003923 0.003950 0.003977 0.004002 0.004027 0.004051 0.004075 0.004097 0.004119 0.004141 0.004161 0.004181 0.004200 0.004218 0.004236 0.004253 0.004270 0.004285 0.004300 0.004315 0.004329 0.004342 0.004354 0.004366 0.004378 0.004389 0.004399 0.004409 0.004419 0.004427 0.004436 0.004444 0.004451 0.004458 0.004465 0.004471 0.004477 0.004483 0.004488 0.004493 0.004497 0.004501 0.004505 0.004509 0.004513 0.004516 0.004519 0.004521 0.004524 0.004526 0.004528 0.004530 0.004532 0.004534 0.004535 0.004537 0.004538 0.004539 0.004540 0.004541 0.004542 0.004543 0.004543 0.004544 0.004544 0.004545 0.004545 0.004546 0.004546 0.004546 0.004547 0.004547 0.004547 0.004547 0.004547 0.004547 0.004547 0.004547 0.004547 0.004547 0.004547 0.004547 0.004546 0.004546 0.004546 0.004545 0.004545 0.004544 0.004544 0.004543 0.004543 0.004542 0.004541 0.004540 0.004539 0.004538 0.004537 0.004535 0.004534 0.004532 0.004530 0.004528 0.004526 0.004524 0.004521 0.004519 0.004516 0.004513 0.004509 0.004505 0.004501 0.004497 0.004493 0.004488 0.004483 0.004477 0.004471 0.004465 0.004458 0.004451 0.004444 0.004436 0.004427 0.004419 0.004409 0.004399 0.004389 0.004378 0.004366 0.004354 0.004342 0.004329 0.004315 0.004300 0.004285 0.004270 0.004253 0.004236 0.004218 0.004200 0.004181 0.004161 0.004141 0.004119 0.004097 0.004075 0.004051 0.004027 0.004002 0.003977 0.003950 0.003923 0.003895 0.003866 0.003837 0.003806 0.003775 0.003743 0.003711 0.003677 0.003643 0.003608 0.003573 0.003536 0.003499 0.003461 0.003422 0.003383 0.003344 0.003304 0.003266 0.003230 0.003198 0.003171 0.003130 0.002940 0.002104
0.002227 0.003106 0.003303 0.003345 0.003373 0.003407 0.003445 0.003485 0.003527 0.003569 0.003610 0.003651 0.003691 0.003730 0.003769 0.003806 0.003843 0.003879 0.003914 0.003949 0.003983 0.004015 0.004048 0.004079 0.004109 0.004139 0.004168 0.004196 0.004223 0.004249 0.004275 0.004300 0.004324 0.004347 0.004370 0.004392 0.004413 0.004433 0.004453 0.004471 0.004490 0.004507 0.004524 0.004540 0.004555 0.004570 0.004584 0.004598 0.004611 0.004623 0.004635 0.004646 0.004656 0.004666 0.004676 0.004685 0.004693 0.004701 0.004709 0.004716 0.004723 0.004729 0.004735 0.004741 0.004746 0.004751 0.004756 0.004760 0.004764 0.004767 0.004771 0.004774 0.004777 0.004780 0.004782 0.004785 0.004787 0.004789 0.004790 0.004792 0.004794 0.004795 0.004796 0.004797 0.004798 0.004799 0.004800 0.004801 0.004802 0.004802 0.004803 0.004803 0.004804 0.004804 0.004804 0.004804 0.004805 0.004805 0.004805 0.004805 0.004805 0.004805 0.004805 0.004805 0.004805 0.004805 0.004804 0.004804 0.004804 0.004804 0.004803 0.004803 0.004802 0.004802 0.004801 0.004800 0.004799 0.004798 0.004797 0.004796 0.004795 0.004794 0.004792 0.004790 0.004789 0.004787 0.004785 0.004782 0.004780 0.004777 0.004774 0.004771 0.004767 0.004764 0.004760 0.004756 0.004751 0.004746 0.004741 0.004735 0.004729 0.004723 0.004716 0.004709 0.004701 0.004693 0.004685 0.004676 0.004666 0.004656 0.004646 0.004635 0.004623 0.004611 0.004598 0.004584 0.004570 0.004555 0.004540 0.004524 0.004507 0.004490 0.004471 0.004453 0.004433 0.004413 0.004392 0.004370 0.004347 0.004324 0.004300 0.004275 0.004249 0.004223 0.004196 0.004168 0.004139 0.004109 0.004079 0.004048 0.004015 0.003983 0.003949 0.003914 0.003879 0.003843 0.003806 0.003769 0.003730 0.003691 0.003651 0.003610 0.003569 0.003527 0.003485 0.003445 0.003407 0.003373 0.003345 0.003303 0.003106 0.002227
0.002359 0.003283 0.003488 0.003531 0.003559 0.003594 0.003635 0.003677 0.003721 0.003765 0.003809 0.003852 0.003894 0.003935 0.003976 0.004016 0.004055 0.004093 0.004130 0.004166 0.004202 0.004236 0.004270 0.004303 0.004335 0.004367 0.004397 0.004427 0.004456 0.004484 0.004511 0.004537 0.004563 0.004587 0.004611 0.004634 0.004657 0.004678 0.004699 0.004719 0.004739 0.004757 0.004775 0.004792 0.004808 0.004824 0.004839 0.004854 0.004867 0.004881 0.004893 0.004905 0.004916 0.004927 0.004937 0.004947 0.004956 0.004965 0.004973 0.004981 0.004988 0.004995 0.005001 0.005007 0.005013 0.005018 0.005023 0.005028 0.005032 0.005036 0.005039 0.005043 0.005046 0.005049 0.005052 0.005054 0.005057 0.005059 0.005061 0.005062 0.005064 0.005066 0.005067 0.005068 0.005069 0.005070 0.005071 0.005072 0.005073 0.005073 0.005074 0.005074 0.005075 0.005075 0.005076 0.005076 0.005076 0.005076 0.005076 0.005077 0.005077 0.005077 0.005077 0.005076 0.005076 0.005076 0.005076 0.005076 0.005075 0.005075 0.005074 0.005074 0.005073 0.005073 0.005072 0.005071 0.005070 0.005069 0.005068 0.005067 0.005066 0.005064 0.005062 0.005061 0.005059 0.005057 0.005054 0.005052 0.005049 0.005046 0.005043 0.005039 0.005036 0.005032 0.005028 0.005023 0.005018 0.005013 0.005007 0.005001 0.004995 0.004988 0.004981 0.004973 0.004965 0.004956 0.004947 0.004937 0.004927 0.004916 0.004905 0.004893 0.004881 0.004867 0.004854 0.004839 0.004824 0.004808 0.004792 0.004775 0.004757 0.004739 0.004719 0.004699 0.004678 0.004657 0.004634 0.004611 0.004587 0.004563 0.004537 0.004511 0.004484 0.004456 0.004427 0.004397 0.004367 0.004335 0.004303 0.004270 0.004236 0.004202 0.004166 0.004130 0.004093 0.004055 0.004016 0.003976 0.003935 0.003894 0.003852 0.003809 0.003765 0.003721 0.003677 0.003635 0.003594 0.003559 0.003531 0.003488 0.003283 0.002359
0.002498 0.003471 0.003685 0.003727 0.003757 0.003794 0.003836 0.003881 0.003927 0.003974 0.004019 0.004065 0.004109 0.004152 0.004195 0.004237 0.004278 0.004318 0.004357 0.004395 0.004433 0.004469 0.004505 0.004540 0.004573 0.004607 0.004639 0.004670 0.004700 0.004730 0.004759 0.004787 0.004814 0.004840 0.004865 0.004890 0.004913 0.004936 0.004958 0.004979 0.005000 0.005020 0.005039 0.005057 0.005074 0.005091 0.005107 0.005122 0.005137 0.005151 0.005164 0.005177 0.005189 0.005201 0.005212 0.005222 0.005232 0.005241 0.005250 0.005258 0.005266 0.005273 0.005280 0.005287 0.005293 0.005298 0.005304 0.005309 0.005313 0.005317 0.005321 0.005325 0.005329 0.005332 0.005335 0.005337 0.005340 0.005342 0.005344 0.005346 0.005348 0.005350 0.005351 0.005352 0.005354 0.005355 0.005356 0.005357 0.005357 0.005358 0.005359 0.005359 0.005360 0.005360 0.005361 0.005361 0.005361 0.005361 0.005361 0.005362 0.005362 0.005362 0.005362 0.005361 0.005361 0.005361 0.005361 0.005361 0.005360 0.005360 0.005359 0.005359 0.005358 0.005357 0.005357 0.005356 0.005355 0.005354 0.005352 0.005351 0.005350 0.005348 0.005346 0.005344 0.005342 0.005340 0.005337 0.005335 0.005332 0.005329 0.005325 0.005321 0.005317 0.005313 0.005309 0.005304 0.005298 0.005293 0.005287 0.005280 0.005273 0.005266 0.005258 0.005250 0.005241 0.005232 0.005222 0.005212 0.005201 0.005189 0.005177 0.005164 0.005151 0.005137 0.005122 0.005107 0.005091 0.005074 0.005057 0.005039 0.005020 0.005000 0.004979 0.004958 0.004936 0.004913 0.004890 0.004865 0.004840 0.004814 0.004787 0.004759 0.004730 0.004700 0.004670 0.004639 0.004607 0.004573 0.004540 0.004505 0.004469 0.004433 0.004395 0.004357 0.004318 0.004278 0.004237 0.004195 0.004152 0.004109 0.004065 0.004019 0.003974 0.003927 0.003881 0.003836 0.003794 0.003757 0.003727 0.003685 0.003471 0.002498
0.002647 0.003671 0.003893 0.003936 0.003966 0.004004 0.004049 0.004096 0.004145 0.004193 0.004242 0.004289 0.004335 0.004381 0.004426 0.004470 0.004513 0.004555 0.004596 0.004636 0.004675 0.004714 0.004751 0.004788 0.004824 0.004858 0.004892 0.004925 0.004957 0.004989 0.005019 0.005048 0.005077 0.005104 0.005131 0.005157 0.005182 0.005206 0.005230 0.005252 0.005274 0.005295 0.005315 0.005334 0.005353 0.005371 0.005388 0.005404 0.005420 0.005435 0.005449 0.005462 0.005475 0.005488 0.005499 0.005510 0.005521 0.005531 0.005540 0.005549 0.005557 0.005565 0.005572 0.005579 0.005586 0.005592 0.005598 0.005603 0.005608 0.005612 0.005617 0.005621 0.005624 0.005628 0.005631 0.005634 0.005637 0.005639 0.005641 0.005643 0.005645 0.005647 0.005649 0.005650 0.005651 0.005653 0.005654 0.005655 0.005656 0.005656 0.005657 0.005658 0.005658 0.005659 0.005659 0.005659 0.005660 0.005660 0.005660 0.005660 0.005660 0.005660 0.005660 0.005660 0.005660 0.005660 0.005659 0.005659 0.005659 0.005658 0.005658 0.005657 0.005656 0.005656 0.005655 0.005654 0.005653 0.005651 0.005650 0.005649 0.005647 0.005645 0.005643 0.005641 0.005639 0.005637 0.005634 0.005631 0.005628 0.005624 0.005621 0.005617 0.005612 0.005608 0.005603 0.005598 0.005592 0.005586 0.005579 0.005572 0.005565 0.005557 0.005549 0.005540 0.005531 0.005521 0.005510 0.005499 0.005488 0.005475 0.005462 0.005449 0.005435 0.005420 0.005404 0.005388 0.005371 0.005353 0.005334 0.005315 0.005295 0.005274 0.005252 0.005230 0.005206 0.005182 0.005157 0.005131 0.005104 0.005077 0.005048 0.005019 0.004989 0.004957 0.004925 0.004892 0.004858 0.004824 0.004788 0.004751 0.004714 0.004675 0.004636 0.004596 0.004555 0.004513 0.004470 0.004426 0.004381 0.004335 0.004289 0.004242 0.004193 0.004145 0.004096 0.004049 0.004004 0.003966 0.003936 0.003893 0.003671 0.002647
0.002805 0.003883 0.004114 0.004157 0.004188 0.004227 0.004274 0.004323 0.004374 0.004425 0.004476 0.004525 0.004574 0.004622 0.004669 0.004715 0.004760 0.004804 0.004847 0.004889 0.004930 0.004971 0.005010 0.005048 0.005086 0.005122 0.005158 0.005193 0.005227 0.005259 0.005291 0.005322 0.005352 0.005381 0.005410 0.005437 0.005463 0.005489 0.005514 0.005538 0.005561 0.005583 0.005604 0.005624 0.005644 0.005663 0.005681 0.005698 0.005715 0.005731 0.005746 0.005760 0.005774 0.005787 0.005800 0.005811 0.005822 0.005833 0.005843 0.005852 0.005861 0.005870 0.005878 0.005885 0.005892 0.005899 0.005905 0.005910 0.005916 0.005921 0.005925 0.005930 0.005934 0.005937 0.005941 0.005944 0.005947 0.005949 0.005952 0.005954 0.005956 0.005958 0.005960 0.005961 0.005963 0.005964 0.005965 0.005966 0.005967 0.005968 0.005969 0.005969 0.005970 0.005970 0.005971 0.005971 0.005971 0.005972 0.005972 0.005972 0.005972 0.005972 0.005972 0.005972 0.005972 0.005971 0.005971 0.005971 0.005970 0.005970 0.005969 0.005969 0.005968 0.005967 0.005966 0.005965 0.005964 0.005963 0.005961 0.005960 0.005958 0.005956 0.005954 0.005952 0.005949 0.005947 0.005944 0.005941 0.005937 0.005934 0.005930 0.005925 0.005921 0.005916 0.005910 0.005905 0.005899 0.005892 0.005885 0.005878 0.005870 0.005861 0.005852 0.005843 0.005833 0.005822 0.005811 0.005800 0.005787 0.005774 0.005760 0.005746 0.005731 0.005715 0.005698 0.005681 0.005663 0.005644 0.005624 0.005604 0.005583 0.005561 0.005538 0.005514 0.005489 0.005463 0.005437 0.005410 0.005381 0.005352 0.005322 0.005291 0.005259 0.005227 0.005193 0.005158 0.005122 0.005086 0.005048 0.005010 0.004971 0.004930 0.004889 0.004847 0.004804 0.004760 0.004715 0.004669 0.004622 0.004574 0.004525 0.004476 0.004425 0.004374 0.004323 0.004274 0.004227 0.004188 0.004157 0.004114 0.003883 0.002805
0.002971 0.004106 0.004347 0.004390 0.004421 0.004462 0.004510 0.004562 0.004616 0.004669 0.004721 0.004773 0.004824 0.004874 0.004923 0.004971 0.005019 0.005065 0.005110 0.005154 0.005197 0.005239 0.005281 0.005321 0.005360 0.005399 0.005436 0.005472 0.005508 0.005542 0.005576 0.005608 0.005640 0.005671 0.005700 0.005729 0.005757 0.005784 0.005810 0.005835 0.005859 0.005883 0.005905 0.005927 0.005948 0.005968 0.005987 0.006005 0.006023 0.006040 0.006056 0.006071 0.006086 0.006099 0.006113 0.006125 0.006137 0.006148 0.006159 0.006169 0.006179 0.006188 0.006196 0.006204 0.006211 0.006218 0.006225 0.006231 0.006237 0.006242 0.006247 0.006251 0.006256 0.006260 0.006263 0.006267 0.006270 0.006273 0.006275 0.006278 0.006280 0.006282 0.006284 0.006286 0.006287 0.006289 0.006290 0.006291 0.006292 0.006293 0.006294 0.006294 0.006295 0.006295 0.006296 0.006296 0.006297 0.006297 0.006297 0.006297 0.006297 0.006297 0.006297 0.006297 0.006297 0.006297 0.006296 0.006296 0.006295 0.006295 0.006294 0.006294 0.006293 0.006292 0.006291 0.006290 0.006289 0.006287 0.006286 0.006284 0.006282 0.006280 0.006278 0.006275 0.006273 0.006270 0.006267 0.006263 0.006260 0.006256 0.006251 0.006247 0.006242 0.006237 0.006231 0.006225 0.006218 0.006211 0.006204 0.006196 0.006188 0.006179 0.006169 0.006159 0.006148 0.006137 0.006125 0.006113 0.006099 0.006086 0.006071 0.006056 0.006040 0.006023 0.006005 0.005987 0.005968 0.005948 0.005927 0.005905 0.005883 0.005859 0.005835 0.005810 0.005784 0.005757 0.005729 0.005700 0.005671 0.005640 0.005608 0.005576 0.005542 0.005508 0.005472 0.005436 0.005399 0.005360 0.005321 0.005281 0.005239 0.005197 0.005154 0.005110 0.005065 0.005019 0.004971 0.004923 0.004874 0.004824 0.004773 0.004721 0.004669 0.004616 0.004562 0.004510 0.004462 0.004421 0.004390 0.004347 0.004106 0.002971
0.003148 0.004342 0.004593 0.004635 0.004666 0.004709 0.004759 0.004813 0.004869 0.004924 0.004979 0.005034 0.005087 0.005139 0.005190 0.005240 0.005289 0.005338 0.005385 0.005431 0.005476 0.005520 0.005563 0.005605 0.005646 0.005687 0.005726 0.005764 0.005801 0.005837 0.005872 0.005906 0.005940 0.005972 0.006003 0.006033 0.006063 0.006091 0.006118 0.006145 0.006171 0.006195 0.006219 0.006242 0.006264 0.006285 0.006305 0.006325 0.006343 0.006361 0.006378 0.006394 0.006410 0.006424 0.006438 0.006452 0.006464 0.006476 0.006488 0.006498 0.006509 0.006518 0.006527 0.006535 0.006543 0.006551 0.006558 0.006564 0.006570 0.006576 0.006581 0.006586 0.006591 0.006595 0.006599 0.006603 0.006606 0.006609 0.006612 0.006615 0.006617 0.006619 0.006621 0.006623 0.006625 0.006626 0.006628 0.006629 0.006630 0.006631 0.006632 0.006632 0.006633 0.006634 0.006634 0.006635 0.006635 0.006635 0.006635 0.006636 0.006636 0.006636 0.006636 0.006635 0.006635 0.006635 0.006635 0.006634 0.006634 0.006633 0.006632 0.006632 0.006631 0.006630 0.006629 0.006628 0.006626 0.006625 0.006623 0.006621 0.006619 0.006617 0.006615 0.006612 0.006609 0.006606 0.006603 0.006599 0.006595 0.006591 0.006586 0.006581 0.006576 0.006570 0.006564 0.006558 0.006551 0.006543 0.006535 0.006527 0.006518 0.006509 0.006498 0.006488 0.006476 0.006464 0.006452 0.006438 0.006424 0.006410 0.006394 0.006378 0.006361 0.006343 0.006325 0.006305 0.006285 0.006264 0.006242 0.006219 0.006195 0.006171 0.006145 0.006118 0.006091 0.006063 0.006033 0.006003 0.005972 0.005940 0.005906 0.005872 0.005837 0.005801 0.005764 0.005726 0.005687 0.005646 0.005605 0.005563 0.005520 0.005476 0.005431 0.005385 0.005338 0.005289 0.005240 0.005190 0.005139 0.005087 0.005034 0.004979 0.004924 0.004869 0.004813 0.004759 0.004709 0.004666 0.004635 0.004593 0.004342 0.003148
0.003334 0.004590 0.004851 0.004893 0.004924 0.004968 0.005020 0.005077 0.005134 0.005192 0.005250 0.005306 0.005361 0.005416 0.005469 0.005521 0.005572 0.005622 0.005672 0.005720 0.005767 0.005813 0.005858 0.005902 0.005945 0.005987 0.006027 0.006067 0.006106 0.006144 0.006181 0.006217 0.006251 0.006285 0.006318 0.006350 0.006380 0.006410 0.006439 0.006467 0.006494 0.006520 0.006545 0.006569 0.006592 0.006614 0.006636 0.006656 0.006676 0.006695 0.006712 0.006730 0.006746 0.006762 0.006776 0.006791 0.006804 0.006817 0.006829 0.006840 0.006851 0.006861 0.006871 0.006880 0.006888 0.006896 0.006903 0.006910 0.006917 0.006923 0.006929 0.006934 0.006939 0.006943 0.006948 0.006951 0.006955 0.006958 0.006961 0.006964 0.006967 0.006969 0.006971 0.006973 0.006975 0.006977 0.006978 0.006979 0.006981 0.006982 0.006983 0.006983 0.006984 0.006985 0.006985 0.006986 0.006986 0.006986 0.006987 0.006987 0.006987 0.006987 0.006987 0.006987 0.006986 0.006986 0.006986 0.006985 0.006985 0.006984 0.006983 0.006983 0.006982 0.006981 0.006979 0.006978 0.006977 0.006975 0.006973 0.006971 0.006969 0.006967 0.006964 0.006961 0.006958 0.006955 0.006951 0.006948 0.006943 0.006939 0.006934 0.006929 0.006923 0.006917 0.006910 0.006903 0.006896 0.006888 0.006880 0.006871 0.006861 0.006851 0.006840 0.006829 0.006817 0.006804 0.006791 0.006776 0.006762 0.006746 0.006730 0.006712 0.006695 0.006676 0.006656 0.006636 0.006614 0.006592 0.006569 0.006545 0.006520 0.006494 0.006467 0.006439 0.006410 0.006380 0.006350 0.006318 0.006285 0.006251 0.006217 0.006181 0.006144 0.006106 0.006067 0.006027 0.005987 0.005945 0.005902 0.005858 0.005813 0.005767 0.005720 0.005672 0.005622 0.005572 0.005521 0.005469 0.005416 0.005361 0.005306 0.005250 0.005192 0.005134 0.005077 0.005020 0.004968 0.004924 0.004893 0.004851 0.004590 0.003334
0.003529 0.004851 0.005123 0.005164 0.005195 0.005239 0.005293 0.005352 0.005412 0.005472 0.005532 0.005590 0.005648 0.005704 0.005760 0.005814 0.005867 0.005919 0.005970 0.006020 0.006069 0.006117 0.006164 0.006210 0.006255 0.006298 0.006341 0.006382 0.006423 0.006462 0.006501 0.006538 0.006575 0.006610 0.006644 0.006678 0.006710 0.006741 0.006771 0.006800 0.006829 0.006856 0.006882 0.006908 0.006932 0.006955 0.006978 0.006999 0.007020 0.007040 0.007059 0.007077 0.007094 0.007111 0.007127 0.007142 0.007156 0.007169 0.007182 0.007194 0.007205 0.007216 0.007226 0.007236 0.007245 0.007253 0.007261 0.007269 0.007276 0.007282 0.007288 0.007294 0.007299 0.007304 0.007308 0.007313 0.007316 0.007320 0.007323 0.007326 0.007329 0.007331 0.007334 0.007336 0.007338 0.007339 0.007341 0.007342 0.007344 0.007345 0.007346 0.007347 0.007348 0.007348 0.007349 0.007349 0.007350 0.007350 0.007350 0.007350 0.007350 0.007350 0.007350 0.007350 0.007350 0.007350 0.007349 0.007349 0.007348 0.007348 0.007347 0.007346 0.007345 0.007344 0.007342 0.007341 0.007339 0.007338 0.007336 0.007334 0.007331 0.007329 0.007326 0.007323 0.007320 0.007316 0.007313 0.007308 0.007304 0.007299 0.007294 0.007288 0.007282 0.007276 0.007269 0.007261 0.007253 0.007245 0.007236 0.007226 0.007216 0.007205 0.007194 0.007182 0.007169 0.007156 0.007142 0.007127 0.007111 0.007094 0.007077 0.007059 0.007040 0.007020 0.006999 0.006978 0.006955 0.006932 0.006908 0.006882 0.006856 0.006829 0.006800 0.006771 0.006741 0.006710 0.006678 0.006644 0.006610 0.006575 0.006538 0.006501 0.006462 0.006423 0.006382 0.006341 0.006298 0.006255 0.006210 0.006164 0.006117 0.006069 0.006020 0.005970 0.005919 0.005867 0.005814 0.005760 0.005704 0.005648 0.005590 0.005532 0.005472 0.005412 0.005352 0.005293 0.005239 0.005195 0.005164 0.005123 0.004851 0.003529
0.003735 0.005125 0.005407 0.005448 0.005478 0.005523 0.005579 0.005640 0.005702 0.005764 0.005826 0.005887 0.005946 0.006005 0.006062 0.006118 0.006174 0.006228 0.006281 0.006333 0.006383 0.006433 0.006482 0.006529 0.006576 0.006621 0.006666 0.006709 0.006751 0.006792 0.006832 0.006871 0.006909 0.006946 0.006982 0.007017 0.007051 0.007083 0.007115 0.007145 0.007175 0.007204 0.007231 0.007258 0.007283 0.007308 0.007332 0.007354 0.007376 0.007397 0.007417 0.007436 0.007454 0.007472 0.007488 0.007504 0.007519 0.007533 0.007547 0.007560 0.007572 0.007583 0.007594 0.007604 0.007614 0.007623 0.007631 0.007639 0.007646 0.007653 0.007660 0.007666 0.007671 0.007676 0.007681 0.007686 0.007690 0.007694 0.007697 0.007700 0.007703 0.007706 0.007708 0.007711 0.007713 0.007715 0.007716 0.007718 0.007719 0.007720 0.007721 0.007722 0.007723 0.007724 0.007724 0.007725 0.007725 0.007726 0.007726 0.007726 0.007726 0.007726 0.007726 0.007726 0.007726 0.007725 0.007725 0.007724 0.007724 0.007723 0.007722 0.007721 0.007720 0.007719 0.007718 0.007716 0.007715 0.007713 0.007711 0.007708 0.007706 0.007703 0.007700 0.007697 0.007694 0.007690 0.007686 0.007681 0.007676 0.007671 0.007666 0.007660 0.007653 0.007646 0.007639 0.007631 0.007623 0.007614 0.007604 0.007594 0.007583 0.007572 0.007560 0.007547 0.007533 0.007519 0.007504 0.007488 0.007472 0.007454 0.007436 0.007417 0.007397 0.007376 0.007354 0.007332 0.007308 0.007283 0.007258 0.007231 0.007204 0.007175 0.007145 0.007115 0.007083 0.007051 0.007017 0.006982 0.006946 0.006909 0.006871 0.006832 0.006792 0.006751 0.006709 0.006666 0.006621 0.006576 0.006529 0.006482 0.006433 0.006383 0.006333 0.006281 0.006228 0.006174 0.006118 0.006062 0.006005 0.005946 0.005887 0.005826 0.005764 0.005702 0.005640 0.005579 0.005523 0.005478 0.005448 0.005407 0.005125 0.003735
0.003950 0.005410 0.005705 0.005744 0.005773 0.005819 0.005876 0.005939 0.006004 0.006068 0.006132 0.006195 0.006256 0.006317 0.006376 0.006435 0.006492 0.006548 0.006603 0.006656 0.006709 0.006761 0.006811 0.006860 0.006909 0.006956 0.007002 0.007047 0.007091 0.007134 0.007175 0.007216 0.007255 0.007294 0.007331 0.007367 0.007403 0.007437 0.007470 0.007502 0.007533 0.007562 0.007591 0.007619 0.007646 0.007672 0.007697 0.007721 0.007743 0.007765 0.007786 0.007806 0.007826 0.007844 0.007862 0.007878 0.007894 0.007909 0.007923 0.007937 0.007950 0.007962 0.007973 0.007984 0.007994 0.008004 0.008012 0.008021 0.008029 0.008036 0.008043 0.008049 0.008055 0.008061 0.008066 0.008070 0.008075 0.008079 0.008083 0.008086 0.008089 0.008092 0.008095 0.008097 0.008099 0.008101 0.008103 0.008105 0.008106 0.008107 0.008109 0.008110 0.008110 0.008111 0.008112 0.008112 0.008113 0.008113 0.008114 0.008114 0.008114 0.008114 0.008114 0.008114 0.008113 0.008113 0.008112 0.008112 0.008111 0.008110 0.008110 0.008109 0.008107 0.008106 0.008105 0.008103 0.008101 0.008099 0.008097 0.008095 0.008092 0.008089 0.008086 0.008083 0.008079 0.008075 0.008070 0.008066 0.008061 0.008055 0.008049 0.008043 0.008036 0.008029 0.008021 0.008012 0.008004 0.007994 0.007984 0.007973 0.007962 0.007950 0.007937 0.007923 0.007909 0.007894 0.007878 0.007862 0.007844 0.007826 0.007806 0.007786 0.007765 0.007743 0.007721 0.007697 0.007672 0.007646 0.007619 0.007591 0.007562 0.007533 0.007502 0.007470 0.007437 0.007403 0.007367 0.007331 0.007294 0.007255 0.007216 0.007175 0.007134 0.007091 0.007047 0.007002 0.006956 0.006909 0.006860 0.006811 0.006761 0.006709 0.006656 0.006603 0.006548 0.006492 0.006435 0.006376 0.006317 0.006256 0.006195 0.006132 0.006068 0.006004 0.005939 0.005876 0.005819 0.005773 0.005744 0.005705 0.005410 0.003950
0.004176 0.005709 0.006015 0.006053 0.006081 0.006127 0.006186 0.006251 0.006317 0.006384 0.006450 0.006515 0.006578 0.006641 0.006702 0.006762 0.006821 0.006879 0.006936 0.006991 0.007046 0.007099 0.007151 0.007202 0.007252 0.007301 0.007349 0.007396 0.007441 0.007485 0.007529 0.007571 0.007612 0.007652 0.007691 0.007728 0.007765 0.007801 0.007835 0.007868 0.007901 0.007932 0.007962 0.007991 0.008019 0.008046 0.008072 0.008097 0.008121 0.008144 0.008166 0.008188 0.008208 0.008227 0.008245 0.008263 0.008280 0.008296 0.008311 0.008325 0.008338 0.008351 0.008363 0.008375 0.008385 0.008395 0.008405 0.008414 0.008422 0.008430 0.008437 0.008444 0.008450 0.008456 0.008461 0.008466 0.008471 0.008475 0.008479 0.008483 0.008486 0.008489 0.008492 0.008495 0.008497 0.008499 0.008501 0.008503 0.008504 0.008506 0.008507 0.008508 0.008509 0.008510 0.008510 0.008511 0.008512 0.008512 0.008512 0.008512 0.008513 0.008513 0.008512 0.008512 0.008512 0.008512 0.008511 0.008510 0.008510 0.008509 0.008508 0.008507 0.008506 0.008504 0.008503 0.008501 0.008499 0.008497 0.008495 0.008492 0.008489 0.008486 0.008483 0.008479 0.008475 0.008471 0.008466 0.008461 0.008456 0.008450 0.008444 0.008437 0.008430 0.008422 0.008414 0.008405 0.008395 0.008385 0.008375 0.008363 0.008351 0.008338 0.008325 0.008311 0.008296 0.008280 0.008263 0.008245 0.008227 0.008208 0.008188 0.008166 0.008144 0.008121 0.008097 0.008072 0.008046 0.008019 0.007991 0.007962 0.007932 0.007901 0.007868 0.007835 0.007801 0.007765 0.007728 0.007691 0.007652 0.007612 0.007571 0.007529 0.007485 0.007441 0.007396 0.007349 0.007301 0.007252 0.007202 0.007151 0.007099 0.007046 0.006991 0.006936 0.006879 0.006821 0.006762 0.006702 0.006641 0.006578 0.006515 0.006450 0.006384 0.006317 0.006251 0.006186 0.006127 0.006081 0.006053 0.006015 0.005709 0.004176
0.004411 0.006020 0.006338 0.006375 0.006401 0.006448 0.006508 0.006574 0.006643 0.006711 0.006779 0.006846 0.006912 0.006976 0.007039 0.007101 0.007162 0.007221 0.007280 0.007337 0.007393 0.007448 0.007502 0.007555 0.007607 0.007657 0.007706 0.007755 0.007802 0.007848 0.007893 0.007936 0.007979 0.008020 0.008061 0.008100 0.008138 0.008175 0.008211 0.008246 0.008279 0.008312 0.008343 0.008374 0.008403 0.008431 0.008458 0.008484 0.008510 0.008534 0.008557 0.008579 0.008600 0.008620 0.008640 0.008658 0.008676 0.008692 0.008708 0.008723 0.008737 0.008751 0.008764 0.008776 0.008787 0.008797 0.008807 0.008817 0.008826 0.008834 0.008842 0.008849 0.008855 0.008862 0.008867 0.008873 0.008878 0.008882 0.008886 0.008890 0.008894 0.008897 0.008900 0.008903 0.008905 0.008908 0.008910 0.008911 0.008913 0.008915 0.008916 0.008917 0.008918 0.008919 0.008920 0.008920 0.008921 0.008921 0.008922 0.008922 0.008922 0.008922 0.008922 0.008922 0.008921 0.008921 0.008920 0.008920 0.008919 0.008918 0.008917 0.008916 0.008915 0.008913 0.008911 0.008910 0.008908 0.008905 0.008903 0.008900 0.008897 0.008894 0.008890 0.008886 0.008882 0.008878 0.008873 0.008867 0.008862 0.008855 0.008849 0.008842 0.008834 0.008826 0.008817 0.008807 0.008797 0.008787 0.008776 0.008764 0.008751 0.008737 0.008723 0.008708 0.008692 0.008676 0.008658 0.008640 0.008620 0.008600 0.008579 0.008557 0.008534 0.008510 0.008484 0.008458 0.008431 0.008403 0.008374 0.008343 0.008312 0.008279 0.008246 0.008211 0.008175 0.008138 0.008100 0.008061 0.008020 0.007979 0.007936 0.007893 0.007848 0.007802 0.007755 0.007706 0.007657 0.007607 0.007555 0.007502 0.007448 0.007393 0.007337 0.007280 0.007221 0.007162 0.007101 0.007039 0.006976 0.006912 0.006846 0.006779 0.006711 0.006643 0.006574 0.006508 0.006448 0.006401 0.006375 0.006338 0.006020 0.004411
0.004656 0.006344 0.006674 0.006709 0.006733 0.006780 0.006841 0.006909 0.006980 0.007050 0.007120 0.007189 0.007256 0.007322 0.007387 0.007451 0.007513 0.007574 0.007635 0.007694 0.007751 0.007808 0.007864 0.007918 0.007971 0.008023 0.008074 0.008124 0.008173 0.008220 0.008266 0.008312 0.008356 0.008399 0.008441 0.008481 0.008521 0.008559 0.008596 0.008632 0.008667 0.008701 0.008734 0.008766 0.008796 0.008826 0.008854 0.008881 0.008907 0.008933 0.008957 0.008980 0.009002 0.009023 0.009044 0.009063 0.009081 0.009099 0.009115 0.009131 0.009146 0.009160 0.009174 0.009186 0.009198 0.009210 0.009220 0.009230 0.009239 0.009248 0.009256 0.009264 0.009271 0.009277 0.009283 0.009289 0.009294 0.009299 0.009304 0.009308 0.009311 0.009315 0.009318 0.009321 0.009324 0.009326 0.009328 0.009330 0.009332 0.009334 0.009335 0.009336 0.009337 0.009338 0.009339 0.009340 0.009340 0.009341 0.009341 0.009341 0.009341 0.009341 0.009341 0.009341 0.009341 0.009340 0.009340 0.009339 0.009338 0.009337 0.009336 0.009335 0.009334 0.009332 0.009330 0.009328 0.009326 0.009324 0.009321 0.009318 0.009315 0.009311 0.009308 0.009304 0.009299 0.009294 0.009289 0.009283 0.009277 0.009271 0.009264 0.009256 0.009248 0.009239 0.009230 0.009220 0.009210 0.009198 0.009186 0.009174 0.009160 0.009146 0.009131 0.009115 0.009099 0.009081 0.009063 0.009044 0.009023 0.009002 0.008980 0.008957 0.008933 0.008907 0.008881 0.008854 0.008826 0.008796 0.008766 0.008734 0.008701 0.008667 0.008632 0.008596 0.008559 0.008521 0.008481 0.008441 0.008399 0.008356 0.008312 0.008266 0.008220 0.008173 0.008124 0.008074 0.008023 0.007971 0.007918 0.007864 0.007808 0.007751 0.007694 0.007635 0.007574 0.007513 0.007451 0.007387 0.007322 0.007256 0.007189 0.007120 0.007050 0.006980 0.006909 0.006841 0.006780 0.006733 0.006709 0.006674 0.006344 0.004656
0.004912 0.006679 0.007023 0.007055 0.007077 0.007124 0.007186 0.007256 0.007328 0.007400 0.007472 0.007542 0.007611 0.007679 0.007746 0.007811 0.007875 0.007938 0.008000 0.008060 0.008120 0.008178 0.008235 0.008291 0.008345 0.008399 0.008451 0.008503 0.008553 0.008602 0.008650 0.008696 0.008742 0.008786 0.008830 0.008872 0.008913 0.008952 0.008991 0.009028 0.009065 0.009100 0.009134 0.009167 0.009198 0.009229 0.009259 0.009287 0.009314 0.009341 0.009366 0.009390 0.009413 0.009435 0.009457 0.009477 0.009496 0.009515 0.009532 0.009549 0.009564 0.009579 0.009593 0.009606 0.009619 0.009631 0.009642 0.009652 0.009662 0.009671 0.009680 0.009688 0.009695 0.009702 0.009709 0.009715 0.009720 0.009725 0.009730 0.009734 0.009738 0.009742 0.009746 0.009749 0.009751 0.009754 0.009756 0.009758 0.009760 0.009762 0.009763 0.009765 0.009766 0.009767 0.009768 0.009769 0.009769 0.009770 0.009770 0.009770 0.009770 0.009770 0.009770 0.009770 0.009770 0.009769 0.009769 0.009768 0.009767 0.009766 0.009765 0.009763 0.009762 0.009760 0.009758 0.009756 0.009754 0.009751 0.009749 0.009746 0.009742 0.009738 0.009734 0.009730 0.009725 0.009720 0.009715 0.009709 0.009702 0.009695 0.009688 0.009680 0.009671 0.009662 0.009652 0.009642 0.009631 0.009619 0.009606 0.009593 0.009579 0.009564 0.009549 0.009532 0.009515 0.009496 0.009477 0.009457 0.009435 0.009413 0.009390 0.009366 0.009341 0.009314 0.009287 0.009259 0.009229 0.009198 0.009167 0.009134 0.009100 0.009065 0.009028 0.008991 0.008952 0.008913 0.008872 0.008830 0.008786 0.008742 0.008696 0.008650 0.008602 0.008553 0.008503 0.008451 0.008399 0.008345 0.008291 0.008235 0.008178 0.008120 0.008060 0.008000 0.007938 0.007875 0.007811 0.007746 0.007679 0.007611 0.007542 0.007472 0.007400 0.007328 0.007256 0.007186 0.007124 0.007077 0.007055 0.007023 0.006679 0.004912
0.005177 0.007027 0.007384 0.007413 0.007433 0.007479 0.007542 0.007613 0.007687 0.007761 0.007834 0.007906 0.007977 0.008046 0.008115 0.008181 0.008247 0.008311 0.008374 0.008436 0.008497 0.008557 0.008615 0.008673 0.008729 0.008784 0.008838 0.008891 0.008942 0.008993 0.009042 0.009090 0.009137 0.009183 0.009227 0.009271 0.009313 0.009354 0.009394 0.009433 0.009470 0.009507 0.009542 0.009576 0.009609 0.009641 0.009672 0.009701 0.009730 0.009757 0.009783 0.009809 0.009833 0.009856 0.009878 0.009899 0.009919 0.009939 0.009957 0.009974 0.009991 0.010006 0.010021 0.010035 0.010048 0.010061 0.010072 0.010083 0.010094 0.010103 0.010112 0.010121 0.010129 0.010136 0.010143 0.010149 0.010155 0.010160 0.010165 0.010170 0.010174 0.010178 0.010182 0.010185 0.010188 0.010191 0.010193 0.010195 0.010197 0.010199 0.010201 0.010202 0.010203 0.010204 0.010205 0.010206 0.010207 0.010207 0.010208 0.010208 0.010208 0.010208 0.010208 0.010208 0.010207 0.010207 0.010206 0.010205 0.010204 0.010203 0.010202 0.010201 0.010199 0.010197 0.010195 0.010193 0.010191 0.010188 0.010185 0.010182 0.010178 0.010174 0.010170 0.010165 0.010160 0.010155 0.010149 0.010143 0.010136 0.010129 0.010121 0.010112 0.010103 0.010094 0.010083 0.010072 0.010061 0.010048 0.010035 0.010021 0.010006 0.009991 0.009974 0.009957 0.009939 0.009919 0.009899 0.009878 0.009856 0.009833 0.009809 0.009783 0.009757 0.009730 0.009701 0.009672 0.009641 0.009609 0.009576 0.009542 0.009507 0.009470 0.009433 0.009394 0.009354 0.009313 0.009271 0.009227 0.009183 0.009137 0.009090 0.009042 0.008993 0.008942 0.008891 0.008838 0.008784 0.008729 0.008673 0.008615 0.008557 0.008497 0.008436 0.008374 0.008311 0.008247 0.008181 0.008115 0.008046 0.007977 0.007906 0.007834 0.007761 0.007687 0.007613 0.007542 0.007479 0.007433 0.007413 0.007384 0.007027 0.005177
0.005452 0.007387 0.007757 0.007784 0.007801 0.007845 0.007909 0.007981 0.008057 0.008132 0.008207 0.008281 0.008353 0.008424 0.008493 0.008561 0.008628 0.008694 0.008759 0.008822 0.008884 0.008945 0.009005 0.009064 0.009121 0.009178 0.009233 0.009287 0.009340 0.009392 0.009443 0.009492 0.009540 0.009587 0.009633 0.009678 0.009722 0.009764 0.009805 0.009845 0.009884 0.009922 0.009958 0.009994 0.010028 0.010061 0.010093 0.010123 0.010153 0.010181 0.010209 0.010235 0.010260 0.010284 0.010307 0.010329 0.010351 0.010371 0.010390 0.010408 0.010425 0.010441 0.010457 0.010471 0.010485 0.010498 0.010510 0.010522 0.010533 0.010543 0.010552 0.010561 0.010570 0.010577 0.010585 0.010591 0.010597 0.010603 0.010608 0.010613 0.010618 0.010622 0.010626 0.010629 0.010632 0.010635 0.010638 0.010640 0.010642 0.010644 0.010646 0.010647 0.010649 0.010650 0.010651 0.010651 0.010652 0.010653 0.010653 0.010653 0.010653 0.010653 0.010653 0.010653 0.010653 0.010652 0.010651 0.010651 0.010650 0.010649 0.010647 0.010646 0.010644 0.010642 0.010640 0.010638 0.010635 0.010632 0.010629 0.010626 0.010622 0.010618 0.010613 0.010608 0.010603 0.010597 0.010591 0.010585 0.010577 0.010570 0.010561 0.010552 0.010543 0.010533 0.010522 0.010510 0.010498 0.010485 0.010471 0.010457 0.010441 0.010425 0.010408 0.010390 0.010371 0.010351 0.010329 0.010307 0.010284 0.010260 0.010235 0.010209 0.010181 0.010153 0.010123 0.010093 0.010061 0.010028 0.009994 0.009958 0.009922 0.009884 0.009845 0.009805 0.009764 0.009722 0.009678 0.009633 0.009587 0.009540 0.009492 0.009443 0.009392 0.009340 0.009287 0.009233 0.009178 0.009121 0.009064 0.009005 0.008945 0.008884 0.008822 0.008759 0.008694 0.008628 0.008561 0.008493 0.008424 0.008353 0.008281 0.008207 0.008132 0.008057 0.007981 0.007909 0.007845 0.007801 0.007784 0.007757 0.007387 0.005452
0.005737 0.007758 0.008142 0.008165 0.008179 0.008222 0.008286 0.008360 0.008436 0.008514 0.008590 0.008665 0.008738 0.008810 0.008881 0.008951 0.009019 0.009086 0.009152 0.009216 0.009280 0.009342 0.009403 0.009463 0.009522 0.009580 0.009636 0.009692 0.009746 0.009799 0.009851 0.009902 0.009951 0.010000 0.010047 0.010093 0.010138 0.010181 0.010224 0.010265 0.010305 0.010344 0.010382 0.010418 0.010454 0.010488 0.010521 0.010553 0.010583 0.010613 0.010641 0.010668 0.010695 0.010720 0.010744 0.010767 0.010789 0.010809 0.010829 0.010848 0.010866 0.010883 0.010900 0.010915 0.010929 0.010943 0.010956 0.010968 0.010979 0.010990 0.011000 0.011009 0.011018 0.011026 0.011033 0.011040 0.011047 0.011053 0.011059 0.011064 0.011068 0.011073 0.011077 0.011080 0.011084 0.011087 0.011089 0.011092 0.011094 0.011096 0.011098 0.011100 0.011101 0.011102 0.011103 0.011104 0.011105 0.011105 0.011106 0.011106 0.011106 0.011106 0.011106 0.011106 0.011105 0.011105 0.011104 0.011103 0.011102 0.011101 0.011100 0.011098 0.011096 0.011094 0.011092 0.011089 0.011087 0.011084 0.011080 0.011077 0.011073 0.011068 0.011064 0.011059 0.011053 0.011047 0.011040 0.011033 0.011026 0.011018 0.011009 0.011000 0.010990 0.010979 0.010968 0.010956 0.010943 0.010929 0.010915 0.010900 0.010883 0.010866 0.010848 0.010829 0.010809 0.010789 0.010767 0.010744 0.010720 0.010695 0.010668 0.010641 0.010613 0.010583 0.010553 0.010521 0.010488 0.010454 0.010418 0.010382 0.010344 0.010305 0.010265 0.010224 0.010181 0.010138 0.010093 0.010047 0.010000 0.009951 0.009902 0.009851 0.009799 0.009746 0.009692 0.009636 0.009580 0.009522 0.009463 0.009403 0.009342 0.009280 0.009216 0.009152 0.009086 0.009019 0.008951 0.008881 0.008810 0.008738 0.008665 0.008590 0.008514 0.008436 0.008360 0.008286 0.008222 0.008179 0.008165 0.008142 0.007758 0.005737
0.006031 0.008139 0.008538 0.008558 0.008568 0.008610 0.008674 0.008748 0.008826 0.008904 0.008982 0.009058 0.009133 0.009206 0.009278 0.009349 0.009418 0.009486 0.009553 0.009619 0.009683 0.009747 0.009809 0.009870 0.009930 0.009989 0.010047 0.010103 0.010159 0.010213 0.010266 0.010318 0.010369 0.010418 0.010467 0.010514 0.010560 0.010605 0.010649 0.010691 0.010733 0.010773 0.010811 0.010849 0.010886 0.010921 0.010955 0.010988 0.011020 0.011050 0.011080 0.011108 0.011135 0.011161 0.011186 0.011210 0.011233 0.011255 0.011275 0.011295 0.011314 0.011332 0.011348 0.011364 0.011380 0.011394 0.011407 0.011420 0.011432 0.011443 0.011453 0.011463 0.011472 0.011481 0.011489 0.011496 0.011503 0.011509 0.011515 0.011520 0.011525 0.011530 0.011534 0.011538 0.011542 0.011545 0.011548 0.011550 0.011553 0.011555 0.011557 0.011558 0.011560 0.011561 0.011562 0.011563 0.011564 0.011564 0.011565 0.011565 0.011565 0.011565 0.011565 0.011565 0.011564 0.011564 0.011563 0.011562 0.011561 0.011560 0.011558 0.011557 0.011555 0.011553 0.011550 0.011548 0.011545 0.011542 0.011538 0.011534 0.011530 0.011525 0.011520 0.011515 0.011509 0.011503 0.011496 0.011489 0.011481 0.011472 0.011463 0.011453 0.011443 0.011432 0.011420 0.011407 0.011394 0.011380 0.011364 0.011348 0.011332 0.011314 0.011295 0.011275 0.011255 0.011233 0.011210 0.011186 0.011161 0.011135 0.011108 0.011080 0.011050 0.011020 0.010988 0.010955 0.010921 0.010886 0.010849 0.010811 0.010773 0.010733 0.010691 0.010649 0.010605 0.010560 0.010514 0.010467 0.010418 0.010369 0.010318 0.010266 0.010213 0.010159 0.010103 0.010047 0.009989 0.009930 0.009870 0.009809 0.009747 0.009683 0.009619 0.009553 0.009486 0.009418 0.009349 0.009278 0.009206 0.009133 0.009058 0.008982 0.008904 0.008826 0.008748 0.008674 0.008610 0.008568 0.008558 0.008538 0.008139 0.006031
0.006334 0.008532 0.008945 0.008961 0.008967 0.009007 0.009071 0.009146 0.009225 0.009304 0.009383 0.009460 0.009536 0.009610 0.009683 0.009755 0.009825 0.009894 0.009962 0.010029 0.010095 0.010159 0.010222 0.010284 0.010345 0.010405 0.010464 0.010522 0.010578 0.010634 0.010688 0.010741 0.010793 0.010844 0.010893 0.010942 0.010989 0.011035 0.011080 0.011123 0.011166 0.011207 0.011247 0.011286 0.011323 0.011360 0.011395 0.011429 0.011462 0.011493 0.011524 0.011553 0.011581 0.011608 0.011634 0.011659 0.011683 0.011705 0.011727 0.011747 0.011767 0.011785 0.011803 0.011819 0.011835 0.011850 0.011864 0.011877 0.011890 0.011901 0.011912 0.011923 0.011932 0.011941 0.011949 0.011957 0.011964 0.011971 0.011977 0.011983 0.011988 0.011993 0.011997 0.012001 0.012005 0.012008 0.012011 0.012014 0.012016 0.012019 0.012021 0.012022 0.012024 0.012025 0.012027 0.012027 0.012028 0.012029 0.012029 0.012030 0.012030 0.012030 0.012030 0.012029 0.012029 0.012028 0.012027 0.012027 0.012025 0.012024 0.012022 0.012021 0.012019 0.012016 0.012014 0.012011 0.012008 0.012005 0.012001 0.011997 0.011993 0.011988 0.011983 0.011977 0.011971 0.011964 0.011957 0.011949 0.011941 0.011932 0.011923 0.011912 0.011901 0.011890 0.011877 0.011864 0.011850 0.011835 0.011819 0.011803 0.011785 0.011767 0.011747 0.011727 0.011705 0.011683 0.011659 0.011634 0.011608 0.011581 0.011553 0.011524 0.011493 0.011462 0.011429 0.011395 0.011360 0.011323 0.011286 0.011247 0.011207 0.011166 0.011123 0.011080 0.011035 0.010989 0.010942 0.010893 0.010844 0.010793 0.010741 0.010688 0.010634 0.010578 0.010522 0.010464 0.010405 0.010345 0.010284 0.010222 0.010159 0.010095 0.010029 0.009962 0.009894 0.009825 0.009755 0.009683 0.009610 0.009536 0.009460 0.009383 0.009304 0.009225 0.009146 0.009071 0.009007 0.008967 0.008961 0.008945 0.008532 0.006334
0.006646 0.008935 0.009363 0.009374 0.009375 0.009413 0.009477 0.009552 0.009632 0.009712 0.009792 0.009870 0.009947 0.010022 0.010096 0.010169 0.010240 0.010310 0.010378 0.010446 0.010512 0.010578 0.010642 0.010705 0.010767 0.010828 0.010888 0.010946 0.011004 0.011060 0.011115 0.011169 0.011222 0.011274 0.011325 0.011374 0.011423 0.011470 0.011516 0.011560 0.011604 0.011646 0.011687 0.011727 0.011766 0.011803 0.011840 0.011875 0.011909 0.011941 0.011973 0.012003 0.012032 0.012060 0.012087 0.012112 0.012137 0.012160 0.012183 0.012204 0.012224 0.012243 0.012262 0.012279 0.012295 0.012311 0.012326 0.012339 0.012352 0.012364 0.012376 0.012387 0.012397 0.012406 0.012415 0.012423 0.012430 0.012437 0.012444 0.012449 0.012455 0.012460 0.012465 0.012469 0.012473 0.012476 0.012479 0.012482 0.012485 0.012487 0.012489 0.012491 0.012493 0.012494 0.012496 0.012497 0.012497 0.012498 0.012499 0.012499 0.012499 0.012499 0.012499 0.012499 0.012498 0.012497 0.012497 0.012496 0.012494 0.012493 0.012491 0.012489 0.012487 0.012485 0.012482 0.012479 0.012476 0.012473 0.012469 0.012465 0.012460 0.012455 0.012449 0.012444 0.012437 0.012430 0.012423 0.012415 0.012406 0.012397 0.012387 0.012376 0.012364 0.012352 0.012339 0.012326 0.012311 0.012295 0.012279 0.012262 0.012243 0.012224 0.012204 0.012183 0.012160 0.012137 0.012112 0.012087 0.012060 0.012032 0.012003 0.011973 0.011941 0.011909 0.011875 0.011840 0.011803 0.011766 0.011727 0.011687 0.011646 0.011604 0.011560 0.011516 0.011470 0.011423 0.011374 0.011325 0.011274 0.011222 0.011169 0.011115 0.011060 0.011004 0.010946 0.010888 0.010828 0.010767 0.010705 0.010642 0.010578 0.010512 0.010446 0.010378 0.010310 0.010240 0.010169 0.010096 0.010022 0.009947 0.009870 0.009792 0.009712 0.009632 0.009552 0.009477 0.009413 0.009375 0.009374 0.009363 0.008935 0.006646
0.006966 0.009347 0.009790 0.009797 0.009793 0.009828 0.009891 0.009967 0.010047 0.010128 0.010209 0.010288 0.010365 0.010441 0.010516 0.010589 0.010661 0.010732 0.010801 0.010869 0.010937 0.011003 0.011068 0.011131 0.011194 0.011256 0.011316 0.011376 0.011434 0.011492 0.011548 0.011603 0.011657 0.011710 0.011761 0.011812 0.011861 0.011909 0.011956 0.012002 0.012046 0.012090 0.012132 0.012173 0.012213 0.012251 0.012288 0.012324 0.012359 0.012393 0.012425 0.012456 0.012487 0.012515 0.012543 0.012570 0.012595 0.012619 0.012642 0.012664 0.012685 0.012705 0.012724 0.012742 0.012759 0.012776 0.012791 0.012805 0.012819 0.012831 0.012843 0.012854 0.012865 0.012874 0.012883 0.012892 0.012900 0.012907 0.012914 0.012920 0.012926 0.012931 0.012936 0.012940 0.012944 0.012948 0.012951 0.012955 0.012957 0.012960 0.012962 0.012964 0.012966 0.012967 0.012968 0.012969 0.012970 0.012971 0.012972 0.012972 0.012972 0.012972 0.012972 0.012972 0.012971 0.012970 0.012969 0.012968 0.012967 0.012966 0.012964 0.012962 0.012960 0.012957 0.012955 0.012951 0.012948 0.012944 0.012940 0.012936 0.012931 0.012926 0.012920 0.012914 0.012907 0.012900 0.012892 0.012883 0.012874 0.012865 0.012854 0.012843 0.012831 0.012819 0.012805 0.012791 0.012776 0.012759 0.012742 0.012724 0.012705 0.012685 0.012664 0.012642 0.012619 0.012595 0.012570 0.012543 0.012515 0.012487 0.012456 0.012425 0.012393 0.012359 0.012324 0.012288 0.012251 0.012213 0.012173 0.012132 0.012090 0.012046 0.012002 0.011956 0.011909 0.011861 0.011812 0.011761 0.011710 0.011657 0.011603 0.011548 0.011492 0.011434 0.011376 0.011316 0.011256 0.011194 0.011131 0.011068 0.011003 0.010937 0.010869 0.010801 0.010732 0.010661 0.010589 0.010516 0.010441 0.010365 0.010288 0.010209 0.010128 0.010047 0.009967 0.009891 0.009828 0.009793 0.009797 0.009790 0.009347 0.006966
0.007295 0.009769 0.010227 0.010229 0.010219 0.010251 0.010313 0.010389 0.010470 0.010552 0.010633 0.010713 0.010791 0.010867 0.010942 0.011016 0.011088 0.011160 0.011230 0.011298 0.011366 0.011433 0.011498 0.011563 0.011626 0.011689 0.011750 0.011810 0.011869 0.011927 0.011984 0.012040 0.012095 0.012149 0.012201 0.012253 0.012303 0.012352 0.012400 0.012447 0.012492 0.012537 0.012580 0.012622 0.012662 0.012702 0.012740 0.012777 0.012813 0.012848 0.012881 0.012913 0.012944 0.012974 0.013002 0.013030 0.013056 0.013081 0.013105 0.013128 0.013150 0.013170 0.013190 0.013209 0.013226 0.013243 0.013259 0.013274 0.013288 0.013301 0.013313 0.013325 0.013336 0.013346 0.013355 0.013364 0.013372 0.013380 0.013387 0.013393 0.013399 0.013405 0.013410 0.013415 0.013419 0.013423 0.013426 0.013429 0.013432 0.013435 0.013437 0.013439 0.013441 0.013443 0.013444 0.013445 0.013446 0.013447 0.013447 0.013448 0.013448 0.013448 0.013448 0.013447 0.013447 0.013446 0.013445 0.013444 0.013443 0.013441 0.013439 0.013437 0.013435 0.013432 0.013429 0.013426 0.013423 0.013419 0.013415 0.013410 0.013405 0.013399 0.013393 0.013387 0.013380 0.013372 0.013364 0.013355 0.013346 0.013336 0.013325 0.013313 0.013301 0.013288 0.013274 0.013259 0.013243 0.013226 0.013209 0.013190 0.013170 0.013150 0.013128 0.013105 0.013081 0.013056 0.013030 0.013002 0.012974 0.012944 0.012913 0.012881 0.012848 0.012813 0.012777 0.012740 0.012702 0.012662 0.012622 0.012580 0.012537 0.012492 0.012447 0.012400 0.012352 0.012303 0.012253 0.012201 0.012149 0.012095 0.012040 0.011984 0.011927 0.011869 0.011810 0.011750 0.011689 0.011626 0.011563 0.011498 0.011433 0.011366 0.011298 0.011230 0.011160 0.011088 0.011016 0.010942 0.010867 0.010791 0.010713 0.010633 0.010552 0.010470 0.010389 0.010313 0.010251 0.010219 0.010229 0.010227 0.009769 0.007295
0.007632 0.010199 0.010672 0.010669 0.010653 0.010682 0.010742 0.010818 0.010899 0.010982 0.011063 0.011144 0.011222 0.011299 0.011374 0.011448 0.011521 0.011593 0.011663 0.011732 0.011800 0.011867 0.011933 0.011998 0.012062 0.012125 0.012187 0.012248 0.012308 0.012367 0.012424 0.012481 0.012537 0.012591 0.012645 0.012697 0.012748 0.012798 0.012847 0.012894 0.012941 0.012986 0.013030 0.013073 0.013115 0.013155 0.013194 0.013232 0.013269 0.013305 0.013339 0.013372 0.013404 0.013434 0.013464 0.013492 0.013519 0.013545 0.013570 0.013593 0.013616 0.013637 0.013657 0.013677 0.013695 0.013712 0.013729 0.013744 0.013759 0.013772 0.013785 0.013797 0.013809 0.013819 0.013829 0.013838 0.013847 0.013855 0.013862 0.013869 0.013875 0.013881 0.013886 0.013891 0.013895 0.013899 0.013903 0.013906 0.013909 0.013912 0.013915 0.013917 0.013919 0.013920 0.013922 0.013923 0.013924 0.013925 0.013925 0.013925 0.013926 0.013926 0.013925 0.013925 0.013925 0.013924 0.013923 0.013922 0.013920 0.013919 0.013917 0.013915 0.013912 0.013909 0.013906 0.013903 0.013899 0.013895 0.013891 0.013886 0.013881 0.013875 0.013869 0.013862 0.013855 0.013847 0.013838 0.013829 0.013819 0.013809 0.013797 0.013785 0.013772 0.013759 0.013744 0.013729 0.013712 0.013695 0.013677 0.013657 0.013637 0.013616 0.013593 0.013570 0.013545 0.013519 0.013492 0.013464 0.013434 0.013404 0.013372 0.013339 0.013305 0.013269 0.013232 0.013194 0.013155 0.013115 0.013073 0.013030 0.012986 0.012941 0.012894 0.012847 0.012798 0.012748 0.012697 0.012645 0.012591 0.012537 0.012481 0.012424 0.012367 0.012308 0.012248 0.012187 0.012125 0.012062 0.011998 0.011933 0.011867 0.011800 0.011732 0.011663 0.011593 0.011521 0.011448 0.011374 0.011299 0.011222 0.011144 0.011063 0.010982 0.010899 0.010818 0.010742 0.010682 0.010653 0.010669 0.010672 0.010199 0.007632
0.007976 0.010637 0.011126 0.011117 0.011094 0.011119 0.011178 0.011254 0.011335 0.011418 0.011500 0.011580 0.011659 0.011736 0.011812 0.011886 0.011959 0.012030 0.012101 0.012170 0.012239 0.012306 0.012372 0.012438 0.012502 0.012566 0.012628 0.012689 0.012750 0.012809 0.012867 0.012925 0.012981 0.013036 0.013090 0.013143 0.013195 0.013246 0.013295 0.013344 0.013391 0.013437 0.013482 0.013526 0.013569 0.013610 0.013650 0.013689 0.013726 0.013763 0.013798 0.013832 0.013865 0.013896 0.013926 0.013955 0.013983 0.014010 0.014035 0.014060 0.014083 0.014105 0.014126 0.014146 0.014165 0.014183 0.014200 0.014216 0.014231 0.014245 0.014258 0.014271 0.014283 0.014293 0.014304 0.014313 0.014322 0.014330 0.014338 0.014345 0.014352 0.014358 0.014363 0.014368 0.014373 0.014377 0.014381 0.014384 0.014387 0.014390 0.014393 0.014395 0.014397 0.014399 0.014400 0.014401 0.014402 0.014403 0.014404 0.014404 0.014404 0.014404 0.014404 0.014404 0.014403 0.014402 0.014401 0.014400 0.014399 0.014397 0.014395 0.014393 0.014390 0.014387 0.014384 0.014381 0.014377 0.014373 0.014368 0.014363 0.014358 0.014352 0.014345 0.014338 0.014330 0.014322 0.014313 0.014304 0.014293 0.014283 0.014271 0.014258 0.014245 0.014231 0.014216 0.014200 0.014183 0.014165 0.014146 0.014126 0.014105 0.014083 0.014060 0.014035 0.014010 0.013983 0.013955 0.013926 0.013896 0.013865 0.013832 0.013798 0.013763 0.013726 0.013689 0.013650 0.013610 0.013569 0.013526 0.013482 0.013437 0.013391 0.013344 0.013295 0.013246 0.013195 0.013143 0.013090 0.013036 0.012981 0.012925 0.012867 0.012809 0.012750 0.012689 0.012628 0.012566 0.012502 0.012438 0.012372 0.012306 0.012239 0.012170 0.012101 0.012030 0.011959 0.011886 0.011812 0.011736 0.011659 0.011580 0.011500 0.011418 0.011335 0.011254 0.011178 0.011119 0.011094 0.011117 0.011126 0.010637 0.007976
0.008328 0.011082 0.011586 0.011572 0.011542 0.011563 0.011620 0.011695 0.011776 0.011859 0.011941 0.012021 0.012100 0.012177 0.012253 0.012327 0.012400 0.012472 0.012542 0.012612 0.012680 0.012748 0.012814 0.012880 0.012945 0.013008 0.013071 0.013133 0.013193 0.013253 0.013312 0.013370 0.013427 0.013482 0.013537 0.013591 0.013643 0.013695 0.013745 0.013795 0.013843 0.013890 0.013935 0.013980 0.014023 0.014065 0.014106 0.014146 0.014184 0.014222 0.014258 0.014292 0.014326 0.014358 0.014389 0.014419 0.014448 0.014475 0.014501 0.014526 0.014550 0.014573 0.014595 0.014615 0.014635 0.014653 0.014671 0.014687 0.014703 0.014718 0.014732 0.014744 0.014757 0.014768 0.014779 0.014788 0.014798 0.014806 0.014814 0.014822 0.014828 0.014835 0.014840 0.014846 0.014850 0.014855 0.014859 0.014862 0.014866 0.014869 0.014871 0.014874 0.014876 0.014877 0.014879 0.014880 0.014881 0.014882 0.014883 0.014883 0.014883 0.014883 0.014883 0.014883 0.014882 0.014881 0.014880 0.014879 0.014877 0.014876 0.014874 0.014871 0.014869 0.014866 0.014862 0.014859 0.014855 0.014850 0.014846 0.014840 0.014835 0.014828 0.014822 0.014814 0.014806 0.014798 0.014788 0.014779 0.014768 0.014757 0.014744 0.014732 0.014718 0.014703 0.014687 0.014671 0.014653 0.014635 0.014615 0.014595 0.014573 0.014550 0.014526 0.014501 0.014475 0.014448 0.014419 0.014389 0.014358 0.014326 0.014292 0.014258 0.014222 0.014184 0.014146 0.014106 0.014065 0.014023 0.013980 0.013935 0.013890 0.013843 0.013795 0.013745 0.013695 0.013643 0.013591 0.013537 0.013482 0.013427 0.013370 0.013312 0.013253 0.013193 0.013133 0.013071 0.013008 0.012945 0.012880 0.012814 0.012748 0.012680 0.012612 0.012542 0.012472 0.012400 0.012327 0.012253 0.012177 0.012100 0.012021 0.011941 0.011859 0.011776 0.011695 0.011620 0.011563 0.011542 0.011572 0.011586 0.011082 0.008328
0.008686 0.011533 0.012054 0.012033 0.011996 0.012012 0.012067 0.012141 0.012222 0.012304 0.012386 0.012467 0.012546 0.012623 0.012698 0.012772 0.012845 0.012917 0.012987 0.013056 0.013125 0.013192 0.013259 0.013324 0.013389 0.013453 0.013516 0.013578 0.013639 0.013699 0.013758 0.013816 0.013873 0.013930 0.013985 0.014039 0.014092 0.014144 0.014196 0.014245 0.014294 0.014342 0.014388 0.014434 0.014478 0.014521 0.014563 0.014603 0.014642 0.014680 0.014717 0.014753 0.014787 0.014820 0.014852 0.014882 0.014912 0.014940 0.014967 0.014993 0.015017 0.015041 0.015063 0.015084 0.015104 0.015123 0.015141 0.015159 0.015175 0.015190 0.015204 0.015217 0.015230 0.015242 0.015253 0.015263 0.015273 0.015281 0.015290 0.015297 0.015304 0.015311 0.015317 0.015322 0.015327 0.015332 0.015336 0.015340 0.015343 0.015346 0.015349 0.015351 0.015354 0.015355 0.015357 0.015358 0.015359 0.015360 0.015361 0.015361 0.015362 0.015362 0.015361 0.015361 0.015360 0.015359 0.015358 0.015357 0.015355 0.015354 0.015351 0.015349 0.015346 0.015343 0.015340 0.015336 0.015332 0.015327 0.015322 0.015317 0.015311 0.015304 0.015297 0.015290 0.015281 0.015273 0.015263 0.015253 0.015242 0.015230 0.015217 0.015204 0.015190 0.015175 0.015159 0.015141 0.015123 0.015104 0.015084 0.015063 0.015041 0.015017 0.014993 0.014967 0.014940 0.014912 0.014882 0.014852 0.014820 0.014787 0.014753 0.014717 0.014680 0.014642 0.014603 0.014563 0.014521 0.014478 0.014434 0.014388 0.014342 0.014294 0.014245 0.014196 0.014144 0.014092 0.014039 0.013985 0.013930 0.013873 0.013816 0.013758 0.013699 0.013639 0.013578 0.013516 0.013453 0.013389 0.013324 0.013259 0.013192 0.013125 0.013056 0.012987 0.012917 0.012845 0.012772 0.012698 0.012623 0.012546 0.012467 0.012386 0.012304 0.012222 0.012141 0.012067 0.012012 0.011996 0.012033 0.012054 0.011533 0.008686
0.009050 0.011990 0.012527 0.012500 0.012455 0.012466 0.012518 0.012591 0.012671 0.012754 0.012836 0.012916 0.012994 0.013071 0.013146 0.013220 0.013292 0.013363 0.013434 0.013503 0.013571 0.013638 0.013704 0.013770 0.013835 0.013898 0.013961 0.014023 0.014085 0.014145 0.014204 0.014263 0.014320 0.014377 0.014433 0.014487 0.014541 0.014594 0.014645 0.014696 0.014745 0.014794 0.014841 0.014887 0.014932 0.014975 0.015018 0.015059 0.015099 0.015138 0.015175 0.015212 0.015247 0.015280 0.015313 0.015344 0.015374 0.015403 0.015431 0.015457 0.015483 0.015507 0.015530 0.015551 0.015572 0.015592 0.015610 0.015628 0.015645 0.015660 0.015675 0.015689 0.015702 0.015714 0.015725 0.015736 0.015746 0.015755 0.015763 0.015771 0.015779 0.015785 0.015792 0.015797 0.015802 0.015807 0.015812 0.015815 0.015819 0.015822 0.015825 0.015828 0.015830 0.015832 0.015833 0.015835 0.015836 0.015837 0.015838 0.015838 0.015838 0.015838 0.015838 0.015838 0.015837 0.015836 0.015835 0.015833 0.015832 0.015830 0.015828 0.015825 0.015822 0.015819 0.015815 0.015812 0.015807 0.015802 0.015797 0.015792 0.015785 0.015779 0.015771 0.015763 0.015755 0.015746 0.015736 0.015725 0.015714 0.015702 0.015689 0.015675 0.015660 0.015645 0.015628 0.015610 0.015592 0.015572 0.015551 0.015530 0.015507 0.015483 0.015457 0.015431 0.015403 0.015374 0.015344 0.015313 0.015280 0.015247 0.015212 0.015175 0.015138 0.015099 0.015059 0.015018 0.014975 0.014932 0.014887 0.014841 0.014794 0.014745 0.014696 0.014645 0.014594 0.014541 0.014487 0.014433 0.014377 0.014320 0.014263 0.014204 0.014145 0.014085 0.014023 0.013961 0.013898 0.013835 0.013770 0.013704 0.013638 0.013571 0.013503 0.013434 0.013363 0.013292 0.013220 0.013146 0.013071 0.012994 0.012916 0.012836 0.012754 0.012671 0.012591 0.012518 0.012466 0.012455 0.012500 0.012527 0.011990 0.009050
0.009420 0.012452 0.013005 0.012972 0.012918 0.012924 0.012973 0.013044 0.013124 0.013206 0.013288 0.013367 0.013445 0.013522 0.013596 0.013669 0.013741 0.013812 0.013882 0.013950 0.014018 0.014085 0.014151 0.014216 0.014281 0.014344 0.014407 0.014469 0.014530 0.014591 0.014650 0.014709 0.014767 0.014824 0.014880 0.014935 0.014989 0.015042 0.015094 0.015145 0.015195 0.015244 0.015292 0.015338 0.015384 0.015428 0.015471 0.015513 0.015554 0.015593 0.015632 0.015669 0.015704 0.015739 0.015772 0.015804 0.015835 0.015864 0.015893 0.015920 0.015946 0.015970 0.015994 0.016016 0.016038 0.016058 0.016077 0.016095 0.016112 0.016128 0.016144 0.016158 0.016171 0.016184 0.016195 0.016206 0.016217 0.016226 0.016235 0.016243 0.016251 0.016258 0.016264 0.016270 0.016275 0.016280 0.016285 0.016289 0.016292 0.016296 0.016299 0.016301 0.016303 0.016306 0.016307 0.016309 0.016310 0.016311 0.016312 0.016312 0.016312 0.016312 0.016312 0.016312 0.016311 0.016310 0.016309 0.016307 0.016306 0.016303 0.016301 0.016299 0.016296 0.016292 0.016289 0.016285 0.016280 0.016275 0.016270 0.016264 0.016258 0.016251 0.016243 0.016235 0.016226 0.016217 0.016206 0.016195 0.016184 0.016171 0.016158 0.016144 0.016128 0.016112 0.016095 0.016077 0.016058 0.016038 0.016016 0.015994 0.015970 0.015946 0.015920 0.015893 0.015864 0.015835 0.015804 0.015772 0.015739 0.015704 0.015669 0.015632 0.015593 0.015554 0.015513 0.015471 0.015428 0.015384 0.015338 0.015292 0.015244 0.015195 0.015145 0.015094 0.015042 0.014989 0.014935 0.014880 0.014824 0.014767 0.014709 0.014650 0.014591 0.014530 0.014469 0.014407 0.014344 0.014281 0.014216 0.014151 0.014085 0.014018 0.013950 0.013882 0.013812 0.013741 0.013669 0.013596 0.013522 0.013445 0.013367 0.013288 0.013206 0.013124 0.013044 0.012973 0.012924 0.012918 0.012972 0.013005 0.012452 0.009420
0.009796 0.012919 0.013487 0.013447 0.013385 0.013385 0.013431 0.013501 0.013579 0.013661 0.013742 0.013821 0.013898 0.013974 0.014048 0.014120 0.014192 0.014262 0.014331 0.014399 0.014466 0.014532 0.014598 0.014662 0.014727 0.014790 0.014852 0.014914 0.014975 0.015036 0.015095 0.015154 0.015212 0.015269 0.015325 0.015381 0.015435 0.015488 0.015541 0.015592 0.015643 0.015692 0.015741 0.015788 0.015834 0.015879 0.015922 0.015965 0.016006 0.016046 0.016085 0.016123 0.016159 0.016195 0.016229 0.016261 0.016293 0.016323 0.016352 0.016379 0.016406 0.016431 0.016455 0.016478 0.016500 0.016521 0.016541 0.016559 0.016577 0.016593 0.016609 0.016624 0.016637 0.016650 0.016662 0.016674 0.016684 0.016694 0.016703 0.016711 0.016719 0.016726 0.016733 0.016739 0.016745 0.016750 0.016754 0.016759 0.016762 0.016766 0.016769 0.016772 0.016774 0.016776 0.016778 0.016779 0.016781 0.016782 0.016782 0.016783 0.016783 0.016783 0.016783 0.016782 0.016782 0.016781 0.016779 0.016778 0.016776 0.016774 0.016772 0.016769 0.016766 0.016762 0.016759 0.016754 0.016750 0.016745 0.016739 0.016733 0.016726 0.016719 0.016711 0.016703 0.016694 0.016684 0.016674 0.016662 0.016650 0.016637 0.016624 0.016609 0.016593 0.016577 0.016559 0.016541 0.016521 0.016500 0.016478 0.016455 0.016431 0.016406 0.016379 0.016352 0.016323 0.016293 0.016261 0.016229 0.016195 0.016159 0.016123 0.016085 0.016046 0.016006 0.015965 0.015922 0.015879 0.015834 0.015788 0.015741 0.015692 0.015643 0.015592 0.015541 0.015488 0.015435 0.015381 0.015325 0.015269 0.015212 0.015154 0.015095 0.015036 0.014975 0.014914 0.014852 0.014790 0.014727 0.014662 0.014598 0.014532 0.014466 0.014399 0.014331 0.014262 0.014192 0.014120 0.014048 0.013974 0.013898 0.013821 0.013742 0.013661 0.013579 0.013501 0.013431 0.013385 0.013385 0.013447 0.013487 0.012919 0.009796
0.010176 0.013389 0.013973 0.013926 0.013855 0.013848 0.013891 0.013959 0.014036 0.014117 0.014197 0.014276 0.014352 0.014427 0.014500 0.014572 0.014642 0.014711 0.014779 0.014847 0.014913 0.014979 0.015044 0.015108 0.015171 0.015234 0.015297 0.015358 0.015419 0.015479 0.015539 0.015597 0.015655 0.015712 0.015769 0.015824 0.015879 0.015932 0.015985 0.016037 0.016088 0.016138 0.016186 0.016234 0.016281 0.016326 0.016370 0.016413 0.016455 0.016496 0.016536 0.016574 0.016611 0.016647 0.016681 0.016715 0.016747 0.016777 0.016807 0.016835 0.016862 0.016888 0.016913 0.016936 0.016959 0.016980 0.017000 0.017019 0.017037 0.017054 0.017070 0.017085 0.017100 0.017113 0.017125 0.017137 0.017148 0.017158 0.017167 0.017176 0.017184 0.017191 0.017198 0.017204 0.017210 0.017215 0.017220 0.017224 0.017228 0.017232 0.017235 0.017238 0.017240 0.017242 0.017244 0.017246 0.017247 0.017248 0.017249 0.017249 0.017250 0.017250 0.017249 0.017249 0.017248 0.017247 0.017246 0.017244 0.017242 0.017240 0.017238 0.017235 0.017232 0.017228 0.017224 0.017220 0.017215 0.017210 0.017204 0.017198 0.017191 0.017184 0.017176 0.017167 0.017158 0.017148 0.017137 0.017125 0.017113 0.017100 0.017085 0.017070 0.017054 0.017037 0.017019 0.017000 0.016980 0.016959 0.016936 0.016913 0.016888 0.016862 0.016835 0.016807 0.016777 0.016747 0.016715 0.016681 0.016647 0.016611 0.016574 0.016536 0.016496 0.016455 0.016413 0.016370 0.016326 0.016281 0.016234 0.016186 0.016138 0.016088 0.016037 0.015985 0.015932 0.015879 0.015824 0.015769 0.015712 0.015655 0.015597 0.015539 0.015479 0.015419 0.015358 0.015297 0.015234 0.015171 0.015108 0.015044 0.014979 0.014913 0.014847 0.014779 0.014711 0.014642 0.014572 0.014500 0.014427 0.014352 0.014276 0.014197 0.014117 0.014036 0.013959 0.013891 0.013848 0.013855 0.013926 0.013973 0.013389 0.010176
0.010560 0.013861 0.014462 0.014408 0.014326 0.014313 0.014352 0.014418 0.014494 0.014574 0.014653 0.014731 0.014806 0.014880 0.014952 0.015023 0.015092 0.015160 0.015227 0.015294 0.015359 0.015424 0.015488 0.015552 0.015615 0.015677 0.015739 0.015800 0.015860 0.015920 0.015979 0.016038 0.016096 0.016153 0.016209 0.016265 0.016319 0.016373 0.016426 0.016478 0.016529 0.016579 0.016629 0.016677 0.016724 0.016770 0.016814 0.016858 0.016900 0.016942 0.016982 0.017021 0.017058 0.017095 0.017130 0.017164 0.017196 0.017228 0.017258 0.017287 0.017314 0.017341 0.017366 0.017390 0.017413 0.017435 0.017455 0.017475 0.017493 0.017511 0.017527 0.017543 0.017557 0.017571 0.017583 0.017595 0.017606 0.017617 0.017626 0.017635 0.017644 0.017651 0.017658 0.017665 0.017671 0.017676 0.017681 0.017685 0.017689 0.017693 0.017696 0.017699 0.017702 0.017704 0.017706 0.017708 0.017709 0.017710 0.017711 0.017711 0.017711 0.017711 0.017711 0.017711 0.017710 0.017709 0.017708 0.017706 0.017704 0.017702 0.017699 0.017696 0.017693 0.017689 0.017685 0.017681 0.017676 0.017671 0.017665 0.017658 0.017651 0.017644 0.017635 0.017626 0.017617 0.017606 0.017595 0.017583 0.017571 0.017557 0.017543 0.017527 0.017511 0.017493 0.017475 0.017455 0.017435 0.017413 0.017390 0.017366 0.017341 0.017314 0.017287 0.017258 0.017228 0.017196 0.017164 0.017130 0.017095 0.017058 0.017021 0.016982 0.016942 0.016900 0.016858 0.016814 0.016770 0.016724 0.016677 0.016629 0.016579 0.016529 0.016478 0.016426 0.016373 0.016319 0.016265 0.016209 0.016153 0.016096 0.016038 0.015979 0.015920 0.015860 0.015800 0.015739 0.015677 0.015615 0.015552 0.015488 0.015424 0.015359 0.015294 0.015227 0.015160 0.015092 0.015023 0.014952 0.014880 0.014806 0.014731 0.014653 0.014574 0.014494 0.014418 0.014352 0.014313 0.014326 0.014408 0.014462 0.013861 0.010560
0.010948 0.014336 0.014953 0.014891 0.014800 0.014779 0.014814 0.014878 0.014952 0.015031 0.015109 0.015186 0.015260 0.015333 0.015404 0.015473 0.015541 0.015608 0.015674 0.015739 0.015804 0.015868 0.015931 0.015994 0.016056 0.016117 0.016178 0.016239 0.016299 0.016358 0.016417 0.016475 0.016533 0.016590 0.016646 0.016701 0.016756 0.016810 0.016863 0.016915 0.016967 0.017017 0.017066 0.017115 0.017162 0.017209 0.017254 0.017298 0.017341 0.017383 0.017423 0.017463 0.017501 0.017538 0.017573 0.017608 0.017641 0.017673 0.017703 0.017733 0.017761 0.017788 0.017814 0.017838 0.017862 0.017884 0.017905 0.017925 0.017944 0.017962 0.017978 0.017994 0.018009 0.018023 0.018036 0.018048 0.018060 0.018070 0.018080 0.018089 0.018098 0.018106 0.018113 0.018120 0.018126 0.018131 0.018136 0.018141 0.018145 0.018149 0.018152 0.018155 0.018158 0.018160 0.018162 0.018164 0.018165 0.018166 0.018167 0.018167 0.018168 0.018168 0.018167 0.018167 0.018166 0.018165 0.018164 0.018162 0.018160 0.018158 0.018155 0.018152 0.018149 0.018145 0.018141 0.018136 0.018131 0.018126 0.018120 0.018113 0.018106 0.018098 0.018089 0.018080 0.018070 0.018060 0.018048 0.018036 0.018023 0.018009 0.017994 0.017978 0.017962 0.017944 0.017925 0.017905 0.017884 0.017862 0.017838 0.017814 0.017788 0.017761 0.017733 0.017703 0.017673 0.017641 0.017608 0.017573 0.017538 0.017501 0.017463 0.017423 0.017383 0.017341 0.017298 0.017254 0.017209 0.017162 0.017115 0.017066 0.017017 0.016967 0.016915 0.016863 0.016810 0.016756 0.016701 0.016646 0.016590 0.016533 0.016475 0.016417 0.016358 0.016299 0.016239 0.016178 0.016117 0.016056 0.015994 0.015931 0.015868 0.015804 0.015739 0.015674 0.015608 0.015541 0.015473 0.015404 0.015333 0.015260 0.015186 0.015109 0.015031 0.014952 0.014878 0.014814 0.014779 0.014800 0.014891 0.014953 0.014336 0.010948
0.011340 0.014811 0.015444 0.015375 0.015273 0.015246 0.015276 0.015337 0.015410 0.015487 0.015564 0.015639 0.015713 0.015784 0.015854 0.015922 0.015988 0.016054 0.016119 0.016183 0.016246 0.016309 0.016371 0.016432 0.016494 0.016554 0.016615 0.016674 0.016734 0.016792 0.016851 0.016909 0.016966 0.017022 0.017078 0.017134 0.017188 0.017242 0.017295 0.017348 0.017399 0.017450 0.017499 0.017548 0.017596 0.017642 0.017688 0.017733 0.017776 0.017818 0.017859 0.017899 0.017938 0.017975 0.018011 0.018046 0.018080 0.018112 0.018143 0.018173 0.018202 0.018229 0.018256 0.018281 0.018304 0.018327 0.018349 0.018369 0.018388 0.018406 0.018424 0.018440 0.018455 0.018469 0.018483 0.018495 0.018507 0.018518 0.018528 0.018537 0.018546 0.018554 0.018561 0.018568 0.018574 0.018580 0.018585 0.018590 0.018594 0.018598 0.018602 0.018605 0.018607 0.018610 0.018612 0.018614 0.018615 0.018616 0.018617 0.018617 0.018618 0.018618 0.018617 0.018617 0.018616 0.018615 0.018614 0.018612 0.018610 0.018607 0.018605 0.018602 0.018598 0.018594 0.018590 0.018585 0.018580 0.018574 0.018568 0.018561 0.018554 0.018546 0.018537 0.018528 0.018518 0.018507 0.018495 0.018483 0.018469 0.018455 0.018440 0.018424 0.018406 0.018388 0.018369 0.018349 0.018327 0.018304 0.018281 0.018256 0.018229 0.018202 0.018173 0.018143 0.018112 0.018080 0.018046 0.018011 0.017975 0.017938 0.017899 0.017859 0.017818 0.017776 0.017733 0.017688 0.017642 0.017596 0.017548 0.017499 0.017450 0.017399 0.017348 0.017295 0.017242 0.017188 0.017134 0.017078 0.017022 0.016966 0.016909 0.016851 0.016792 0.016734 0.016674 0.016615 0.016554 0.016494 0.016432 0.016371 0.016309 0.016246 0.016183 0.016119 0.016054 0.015988 0.015922 0.015854 0.015784 0.015713 0.015639 0.015564 0.015487 0.015410 0.015337 0.015276 0.015246 0.015273 0.015375 0.015444 0.014811 0.011340
0.011734 0.015287 0.015936 0.015859 0.015747 0.015711 0.015737 0.015795 0.015866 0.015942 0.016018 0.016092 0.016164 0.016233 0.016302 0.016368 0.016433 0.016498 0.016561 0.016623 0.016685 0.016747 0.016807 0.016868 0.016928 0.016988 0.017047 0.017106 0.017164 0.017223 0.017280 0.017337 0.017394 0.017450 0.017506 0.017561 0.017616 0.017669 0.017723 0.017775 0.017826 0.017877 0.017927 0.017976 0.018024 0.018071 0.018117 0.018161 0.018205 0.018248 0.018289 0.018329 0.018368 0.018406 0.018443 0.018478 0.018512 0.018545 0.018577 0.018607 0.018636 0.018664 0.018691 0.018716 0.018741 0.018764 0.018786 0.018806 0.018826 0.018845 0.018862 0.018879 0.018894 0.018909 0.018923 0.018935 0.018947 0.018958 0.018969 0.018978 0.018987 0.018995 0.019003 0.019010 0.019016 0.019022 0.019028 0.019032 0.019037 0.019041 0.019044 0.019047 0.019050 0.019053 0.019055 0.019057 0.019058 0.019059 0.019060 0.019060 0.019061 0.019061 0.019060 0.019060 0.019059 0.019058 0.019057 0.019055 0.019053 0.019050 0.019047 0.019044 0.019041 0.019037 0.019032 0.019028 0.019022 0.019016 0.019010 0.019003 0.018995 0.018987 0.018978 0.018969 0.018958 0.018947 0.018935 0.018923 0.018909 0.018894 0.018879 0.018862 0.018845 0.018826 0.018806 0.018786 0.018764 0.018741 0.018716 0.018691 0.018664 0.018636 0.018607 0.018577 0.018545 0.018512 0.018478 0.018443 0.018406 0.018368 0.018329 0.018289 0.018248 0.018205 0.018161 0.018117 0.018071 0.018024 0.017976 0.017927 0.017877 0.017826 0.017775 0.017723 0.017669 0.017616 0.017561 0.017506 0.017450 0.017394 0.017337 0.017280 0.017223 0.017164 0.017106 0.017047 0.016988 0.016928 0.016868 0.016807 0.016747 0.016685 0.016623 0.016561 0.016498 0.016433 0.016368 0.016302 0.016233 0.016164 0.016092 0.016018 0.015942 0.015866 0.015795 0.015737 0.015711 0.015747 0.015859 0.015936 0.015287 0.011734
0.012130 0.015763 0.016427 0.016343 0.016220 0.016176 0.016197 0.016251 0.016321 0.016395 0.016469 0.016541 0.016612 0.016680 0.016747 0.016812 0.016875 0.016938 0.016999 0.017060 0.017121 0.017181 0.017240 0.017299 0.017358 0.017417 0.017475 0.017533 0.017590 0.017648 0.017705 0.017761 0.017818 0.017873 0.017929 0.017983 0.018038 0.018091 0.018144 0.018196 0.018248 0.018298 0.018348 0.018397 0.018445 0.018493 0.018539 0.018584 0.018628 0.018671 0.018712 0.018753 0.018793 0.018831 0.018868 0.018904 0.018938 0.018972 0.019004 0.019034 0.019064 0.019092 0.019119 0.019145 0.019170 0.019193 0.019216 0.019237 0.019257 0.019276 0.019294 0.019310 0.019326 0.019341 0.019355 0.019368 0.019380 0.019392 0.019402 0.019412 0.019421 0.019430 0.019437 0.019444 0.019451 0.019457 0.019462 0.019467 0.019472 0.019476 0.019480 0.019483 0.019486 0.019488 0.019490 0.019492 0.019493 0.019495 0.019496 0.019496 0.019496 0.019496 0.019496 0.019496 0.019495 0.019493 0.019492 0.019490 0.019488 0.019486 0.019483 0.019480 0.019476 0.019472 0.019467 0.019462 0.019457 0.019451 0.019444 0.019437 0.019430 0.019421 0.019412 0.019402 0.019392 0.019380 0.019368 0.019355 0.019341 0.019326 0.019310 0.019294 0.019276 0.019257 0.019237 0.019216 0.019193 0.019170 0.019145 0.019119 0.019092 0.019064 0.019034 0.019004 0.018972 0.018938 0.018904 0.018868 0.018831 0.018793 0.018753 0.018712 0.018671 0.018628 0.018584 0.018539 0.018493 0.018445 0.018397 0.018348 0.018298 0.018248 0.018196 0.018144 0.018091 0.018038 0.017983 0.017929 0.017873 0.017818 0.017761 0.017705 0.017648 0.017590 0.017533 0.017475 0.017417 0.017358 0.017299 0.017240 0.017181 0.017121 0.017060 0.016999 0.016938 0.016875 0.016812 0.016747 0.016680 0.016612 0.016541 0.016469 0.016395 0.016321 0.016251 0.016197 0.016176 0.016220 0.016343 0.016427 0.015763 0.012130
0.012528 0.016237 0.016918 0.016826 0.016691 0.016639 0.016654 0.016705 0.016773 0.016845 0.016917 0.016988 0.017057 0.017124 0.017188 0.017251 0.017313 0.017374 0.017434 0.017493 0.017552 0.017610 0.017668 0.017726 0.017784 0.017841 0.017898 0.017955 0.018011 0.018068 0.018124 0.018180 0.018235 0.018290 0.018345 0.018399 0.018453 0.018507 0.018559 0.018611 0.018663 0.018713 0.018763 0.018812 0.018860 0.018908 0.018954 0.018999 0.019044 0.019087 0.019129 0.019170 0.019210 0.019248 0.019286 0.019322 0.019357 0.019390 0.019423 0.019454 0.019484 0.019513 0.019540 0.019566 0.019591 0.019615 0.019638 0.019659 0.019680 0.019699 0.019717 0.019734 0.019750 0.019766 0.019780 0.019793 0.019805 0.019817 0.019828 0.019838 0.019847 0.019856 0.019864 0.019871 0.019878 0.019884 0.019889 0.019894 0.019899 0.019903 0.019907 0.019910 0.019913 0.019915 0.019918 0.019919 0.019921 0.019922 0.019923 0.019924 0.019924 0.019924 0.019924 0.019923 0.019922 0.019921 0.019919 0.019918 0.019915 0.019913 0.019910 0.019907 0.019903 0.019899 0.019894 0.019889 0.019884 0.019878 0.019871 0.019864 0.019856 0.019847 0.019838 0.019828 0.019817 0.019805 0.019793 0.019780 0.019766 0.019750 0.019734 0.019717 0.019699 0.019680 0.019659 0.019638 0.019615 0.019591 0.019566 0.019540 0.019513 0.019484 0.019454 0.019423 0.019390 0.019357 0.019322 0.019286 0.019248 0.019210 0.019170 0.019129 0.019087 0.019044 0.018999 0.018954 0.018908 0.018860 0.018812 0.018763 0.018713 0.018663 0.018611 0.018559 0.018507 0.018453 0.018399 0.018345 0.018290 0.018235 0.018180 0.018124 0.018068 0.018011 0.017955 0.017898 0.017841 0.017784 0.017726 0.017668 0.017610 0.017552 0.017493 0.017434 0.017374 0.017313 0.017251 0.017188 0.017124 0.017057 0.016988 0.016917 0.016845 0.016773 0.016705 0.016654 0.016639 0.016691 0.016826 0.016918 0.016237 0.012528
0.012927 0.016710 0.017406 0.017306 0.017160 0.017099 0.017108 0.017156 0.017221 0.017291 0.017362 0.017431 0.017498 0.017563 0.017626 0.017687 0.017747 0.017806 0.017864 0.017922 0.017979 0.018035 0.018092 0.018148 0.018204 0.018260 0.018315 0.018371 0.018426 0.018482 0.018537 0.018592 0.018647 0.018701 0.018755 0.018809 0.018862 0.018915 0.018968 0.019019 0.019071 0.019121 0.019171 0.019220 0.019268 0.019316 0.019362 0.019407 0.019452 0.019495 0.019538 0.019579 0.019619 0.019658 0.019696 0.019732 0.019767 0.019801 0.019834 0.019866 0.019896 0.019925 0.019953 0.019979 0.020005 0.020029 0.020052 0.020074 0.020094 0.020114 0.020132 0.020150 0.020166 0.020182 0.020196 0.020210 0.020222 0.020234 0.020245 0.020255 0.020265 0.020273 0.020281 0.020289 0.020296 0.020302 0.020308 0.020313 0.020317 0.020322 0.020325 0.020329 0.020332 0.020334 0.020337 0.020338 0.020340 0.020341 0.020342 0.020343 0.020343 0.020343 0.020343 0.020342 0.020341 0.020340 0.020338 0.020337 0.020334 0.020332 0.020329 0.020325 0.020322 0.020317 0.020313 0.020308 0.020302 0.020296 0.020289 0.020281 0.020273 0.020265 0.020255 0.020245 0.020234 0.020222 0.020210 0.020196 0.020182 0.020166 0.020150 0.020132 0.020114 0.020094 0.020074 0.020052 0.020029 0.020005 0.019979 0.019953 0.019925 0.019896 0.019866 0.019834 0.019801 0.019767 0.019732 0.019696 0.019658 0.019619 0.019579 0.019538 0.019495 0.019452 0.019407 0.019362 0.019316 0.019268 0.019220 0.019171 0.019121 0.019071 0.019019 0.018968 0.018915 0.018862 0.018809 0.018755 0.018701 0.018647 0.018592 0.018537 0.018482 0.018426 0.018371 0.018315 0.018260 0.018204 0.018148 0.018092 0.018035 0.017979 0.017922 0.017864 0.017806 0.017747 0.017687 0.017626 0.017563 0.017498 0.017431 0.017362 0.017291 0.017221 0.017156 0.017108 0.017099 0.017160 0.017306 0.017406 0.016710 0.012927
0.013327 0.017181 0.017892 0.017784 0.017626 0.017555 0.017559 0.017603 0.017666 0.017734 0.017803 0.017870 0.017935 0.017998 0.018059 0.018118 0.018176 0.018233 0.018289 0.018345 0.018400 0.018455 0.018509 0.018564 0.018618 0.018672 0.018727 0.018781 0.018835 0.018889 0.018943 0.018997 0.019051 0.019105 0.019159 0.019212 0.019265 0.019317 0.019369 0.019420 0.019471 0.019522 0.019571 0.019620 0.019669 0.019716 0.019762 0.019808 0.019852 0.019896 0.019939 0.019980 0.020020 0.020059 0.020097 0.020134 0.020170 0.020204 0.020237 0.020269 0.020300 0.020329 0.020357 0.020384 0.020410 0.020434 0.020457 0.020480 0.020500 0.020520 0.020539 0.020557 0.020573 0.020589 0.020604 0.020617 0.020630 0.020642 0.020653 0.020664 0.020673 0.020682 0.020690 0.020698 0.020705 0.020711 0.020717 0.020722 0.020727 0.020731 0.020735 0.020739 0.020742 0.020744 0.020747 0.020748 0.020750 0.020751 0.020752 0.020753 0.020753 0.020753 0.020753 0.020752 0.020751 0.020750 0.020748 0.020747 0.020744 0.020742 0.020739 0.020735 0.020731 0.020727 0.020722 0.020717 0.020711 0.020705 0.020698 0.020690 0.020682 0.020673 0.020664 0.020653 0.020642 0.020630 0.020617 0.020604 0.020589 0.020573 0.020557 0.020539 0.020520 0.020500 0.020480 0.020457 0.020434 0.020410 0.020384 0.020357 0.020329 0.020300 0.020269 0.020237 0.020204 0.020170 0.020134 0.020097 0.020059 0.020020 0.019980 0.019939 0.019896 0.019852 0.019808 0.019762 0.019716 0.019669 0.019620 0.019571 0.019522 0.019471 0.019420 0.019369 0.019317 0.019265 0.019212 0.019159 0.019105 0.019051 0.018997 0.018943 0.018889 0.018835 0.018781 0.018727 0.018672 0.018618 0.018564 0.018509 0.018455 0.018400 0.018345 0.018289 0.018233 0.018176 0.018118 0.018059 0.017998 0.017935 0.017870 0.017803 0.017734 0.017666 0.017603 0.017559 0.017555 0.017626 0.017784 0.017892 0.017181 0.013327
0.013727 0.017648 0.018374 0.018259 0.018088 0.018008 0.018006 0.018046 0.018106 0.018172 0.018239 0.018304 0.018368 0.018428 0.018487 0.018544 0.018600 0.018655 0.018709 0.018762 0.018815 0.018868 0.018921 0.018973 0.019026 0.019079 0.019131 0.019184 0.019237 0.019290 0.019343 0.019396 0.019449 0.019502 0.019555 0.019607 0.019659 0.019711 0.019763 0.019814 0.019864 0.019915 0.019964 0.020013 0.020061 0.020108 0.020155 0.020200 0.020245 0.020289 0.020331 0.020373 0.020413 0.020453 0.020491 0.020528 0.020564 0.020598 0.020632 0.020664 0.020695 0.020724 0.020753 0.020780 0.020806 0.020831 0.020854 0.020876 0.020898 0.020918 0.020937 0.020955 0.020971 0.020987 0.021002 0.021016 0.021029 0.021041 0.021053 0.021063 0.021073 0.021082 0.021090 0.021098 0.021105 0.021111 0.021117 0.021123 0.021127 0.021132 0.021136 0.021139 0.021142 0.021145 0.021147 0.021149 0.021151 0.021152 0.021153 0.021154 0.021154 0.021154 0.021154 0.021153 0.021152 0.021151 0.021149 0.021147 0.021145 0.021142 0.021139 0.021136 0.021132 0.021127 0.021123 0.021117 0.021111 0.021105 0.021098 0.021090 0.021082 0.021073 0.021063 0.021053 0.021041 0.021029 0.021016 0.021002 0.020987 0.020971 0.020955 0.020937 0.020918 0.020898 0.020876 0.020854 0.020831 0.020806 0.020780 0.020753 0.020724 0.020695 0.020664 0.020632 0.020598 0.020564 0.020528 0.020491 0.020453 0.020413 0.020373 0.020331 0.020289 0.020245 0.020200 0.020155 0.020108 0.020061 0.020013 0.019964 0.019915 0.019864 0.019814 0.019763 0.019711 0.019659 0.019607 0.019555 0.019502 0.019449 0.019396 0.019343 0.019290 0.019237 0.019184 0.019131 0.019079 0.019026 0.018973 0.018921 0.018868 0.018815 0.018762 0.018709 0.018655 0.018600 0.018544 0.018487 0.018428 0.018368 0.018304 0.018239 0.018172 0.018106 0.018046 0.018006 0.018008 0.018088 0.018259 0.018374 0.017648 0.013727
0.014126 0.018112 0.018852 0.018729 0.018546 0.018457 0.018448 0.018484 0.018541 0.018605 0.018670 0.018733 0.018794 0.018853 0.018910 0.018965 0.019018 0.019071 0.019122 0.019173 0.019224 0.019275 0.019326 0.019377 0.019427 0.019478 0.019529 0.019581 0.019632 0.019684 0.019736 0.019787 0.019839 0.019891 0.019943 0.019995 0.020046 0.020098 0.020149 0.020199 0.020249 0.020299 0.020348 0.020397 0.020445 0.020492 0.020538 0.020584 0.020629 0.020672 0.020715 0.020757 0.020797 0.020837 0.020875 0.020913 0.020949 0.020983 0.021017 0.021049 0.021081 0.021110 0.021139 0.021166 0.021193 0.021218 0.021241 0.021264 0.021285 0.021306 0.021325 0.021343 0.021360 0.021376 0.021391 0.021405 0.021419 0.021431 0.021442 0.021453 0.021463 0.021472 0.021480 0.021488 0.021495 0.021502 0.021508 0.021513 0.021518 0.021523 0.021527 0.021530 0.021533 0.021536 0.021538 0.021540 0.021542 0.021543 0.021544 0.021545 0.021545 0.021545 0.021545 0.021544 0.021543 0.021542 0.021540 0.021538 0.021536 0.021533 0.021530 0.021527 0.021523 0.021518 0.021513 0.021508 0.021502 0.021495 0.021488 0.021480 0.021472 0.021463 0.021453 0.021442 0.021431 0.021419 0.021405 0.021391 0.021376 0.021360 0.021343 0.021325 0.021306 0.021285 0.021264 0.021241 0.021218 0.021193 0.021166 0.021139 0.021110 0.021081 0.021049 0.021017 0.020983 0.020949 0.020913 0.020875 0.020837 0.020797 0.020757 0.020715 0.020672 0.020629 0.020584 0.020538 0.020492 0.020445 0.020397 0.020348 0.020299 0.020249 0.020199 0.020149 0.020098 0.020046 0.019995 0.019943 0.019891 0.019839 0.019787 0.019736 0.019684 0.019632 0.019581 0.019529 0.019478 0.019427 0.019377 0.019326 0.019275 0.019224 0.019173 0.019122 0.019071 0.019018 0.018965 0.018910 0.018853 0.018794 0.018733 0.018670 0.018605 0.018541 0.018484 0.018448 0.018457 0.018546 0.018729 0.018852 0.018112 0.014126
0.014526 0.018571 0.019326 0.019196 0.019000 0.018901 0.018885 0.018917 0.018971 0.019033 0.019095 0.019157 0.019215 0.019272 0.019326 0.019379 0.019430 0.019480 0.019529 0.019578 0.019627 0.019675 0.019724 0.019773 0.019822 0.019871 0.019920 0.019970 0.020020 0.020070 0.020120 0.020171 0.020222 0.020273 0.020323 0.020374 0.020425 0.020476 0.020526 0.020576 0.020626 0.020675 0.020724 0.020773 0.020820 0.020867 0.020914 0.020959 0.021004 0.021048 0.021090 0.021132 0.021173 0.021212 0.021251 0.021288 0.021324 0.021359 0.021393 0.021426 0.021457 0.021487 0.021516 0.021544 0.021570 0.021595 0.021619 0.021642 0.021664 0.021684 0.021704 0.021722 0.021739 0.021755 0.021771 0.021785 0.021798 0.021811 0.021822 0.021833 0.021843 0.021852 0.021861 0.021869 0.021876 0.021882 0.021888 0.021894 0.021899 0.021903 0.021907 0.021911 0.021914 0.021917 0.021919 0.021921 0.021923 0.021924 0.021925 0.021926 0.021926 0.021926 0.021926 0.021925 0.021924 0.021923 0.021921 0.021919 0.021917 0.021914 0.021911 0.021907 0.021903 0.021899 0.021894 0.021888 0.021882 0.021876 0.021869 0.021861 0.021852 0.021843 0.021833 0.021822 0.021811 0.021798 0.021785 0.021771 0.021755 0.021739 0.021722 0.021704 0.021684 0.021664 0.021642 0.021619 0.021595 0.021570 0.021544 0.021516 0.021487 0.021457 0.021426 0.021393 0.021359 0.021324 0.021288 0.021251 0.021212 0.021173 0.021132 0.021090 0.021048 0.021004 0.020959 0.020914 0.020867 0.020820 0.020773 0.020724 0.020675 0.020626 0.020576 0.020526 0.020476 0.020425 0.020374 0.020323 0.020273 0.020222 0.020171 0.020120 0.020070 0.020020 0.019970 0.019920 0.019871 0.019822 0.019773 0.019724 0.019675 0.019627 0.019578 0.019529 0.019480 0.019430 0.019379 0.019326 0.019272 0.019215 0.019157 0.019095 0.019033 0.018971 0.018917 0.018885 0.018901 0.019000 0.019196 0.019326 0.018571 0.014526
0.014924 0.019025 0.019795 0.019657 0.019449 0.019339 0.019316 0.019344 0.019395 0.019454 0.019514 0.019574 0.019630 0.019684 0.019736 0.019786 0.019835 0.019883 0.019930 0.019976 0.020022 0.020069 0.020115 0.020162 0.020209 0.020256 0.020303 0.020351 0.020400 0.020448 0.020497 0.020547 0.020596 0.020646 0.020696 0.020746 0.020796 0.020846 0.020895 0.020945 0.020994 0.021043 0.021092 0.021140 0.021187 0.021234 0.021280 0.021325 0.021370 0.021414 0.021456 0.021498 0.021539 0.021579 0.021617 0.021655 0.021691 0.021726 0.021760 0.021793 0.021824 0.021855 0.021884 0.021911 0.021938 0.021963 0.021987 0.022010 0.022032 0.022053 0.022072 0.022091 0.022108 0.022125 0.022140 0.022154 0.022168 0.022180 0.022192 0.022203 0.022213 0.022222 0.022231 0.022239 0.022246 0.022253 0.022259 0.022265 0.022270 0.022274 0.022278 0.022282 0.022285 0.022288 0.022290 0.022292 0.022294 0.022295 0.022296 0.022297 0.022297 0.022297 0.022297 0.022296 0.022295 0.022294 0.022292 0.022290 0.022288 0.022285 0.022282 0.022278 0.022274 0.022270 0.022265 0.022259 0.022253 0.022246 0.022239 0.022231 0.022222 0.022213 0.022203 0.022192 0.022180 0.022168 0.022154 0.022140 0.022125 0.022108 0.022091 0.022072 0.022053 0.022032 0.022010 0.021987 0.021963 0.021938 0.021911 0.021884 0.021855 0.021824 0.021793 0.021760 0.021726 0.021691 0.021655 0.021617 0.021579 0.021539 0.021498 0.021456 0.021414 0.021370 0.021325 0.021280 0.021234 0.021187 0.021140 0.021092 0.021043 0.020994 0.020945 0.020895 0.020846 0.020796 0.020746 0.020696 0.020646 0.020596 0.020547 0.020497 0.020448 0.020400 0.020351 0.020303 0.020256 0.020209 0.020162 0.020115 0.020069 0.020022 0.019976 0.019930 0.019883 0.019835 0.019786 0.019736 0.019684 0.019630 0.019574 0.019514 0.019454 0.019395 0.019344 0.019316 0.019339 0.019449 0.019657 0.019795 0.019025 0.014924
0.015320 0.019474 0.020258 0.020113 0.019892 0.019772 0.019742 0.019765 0.019812 0.019869 0.019927 0.019984 0.020038 0.020090 0.020140 0.020187 0.020233 0.020279 0.020323 0.020367 0.020411 0.020455 0.020499 0.020543 0.020588 0.020633 0.020679 0.020725 0.020772 0.020819 0.020866 0.020914 0.020962 0.021011 0.021060 0.021109 0.021158 0.021207 0.021256 0.021305 0.021354 0.021402 0.021450 0.021498 0.021545 0.021592 0.021637 0.021683 0.021727 0.021771 0.021813 0.021855 0.021896 0.021936 0.021974 0.022012 0.022048 0.022083 0.022117 0.022150 0.022182 0.022212 0.022241 0.022269 0.022296 0.022322 0.022346 0.022369 0.022391 0.022412 0.022431 0.022450 0.022468 0.022484 0.022499 0.022514 0.022528 0.022540 0.022552 0.022563 0.022573 0.022583 0.022591 0.022599 0.022607 0.022613 0.022620 0.022625 0.022630 0.022635 0.022639 0.022642 0.022646 0.022649 0.022651 0.022653 0.022655 0.022656 0.022657 0.022658 0.022658 0.022658 0.022658 0.022657 0.022656 0.022655 0.022653 0.022651 0.022649 0.022646 0.022642 0.022639 0.022635 0.022630 0.022625 0.022620 0.022613 0.022607 0.022599 0.022591 0.022583 0.022573 0.022563 0.022552 0.022540 0.022528 0.022514 0.022499 0.022484 0.022468 0.022450 0.022431 0.022412 0.022391 0.022369 0.022346 0.022322 0.022296 0.022269 0.022241 0.022212 0.022182 0.022150 0.022117 0.022083 0.022048 0.022012 0.021974 0.021936 0.021896 0.021855 0.021813 0.021771 0.021727 0.021683 0.021637 0.021592 0.021545 0.021498 0.021450 0.021402 0.021354 0.021305 0.021256 0.021207 0.021158 0.021109 0.021060 0.021011 0.020962 0.020914 0.020866 0.020819 0.020772 0.020725 0.020679 0.020633 0.020588 0.020543 0.020499 0.020455 0.020411 0.020367 0.020323 0.020279 0.020233 0.020187 0.020140 0.020090 0.020038 0.019984 0.019927 0.019869 0.019812 0.019765 0.019742 0.019772 0.019892 0.020113 0.020258 0.019474 0.015320
0.015715 0.019918 0.020715 0.020563 0.020330 0.020198 0.020161 0.020179 0.020224 0.020278 0.020333 0.020388 0.020440 0.020489 0.020536 0.020581 0.020625 0.020667 0.020709 0.020750 0.020792 0.020833 0.020875 0.020917 0.020959 0.021003 0.021046 0.021091 0.021135 0.021181 0.021227 0.021273 0.021320 0.021368 0.021415 0.021463 0.021512 0.021560 0.021608 0.021656 0.021705 0.021752 0.021800 0.021847 0.021894 0.021940 0.021986 0.022031 0.022075 0.022119 0.022161 0.022203 0.022244 0.022283 0.022322 0.022360 0.022396 0.022431 0.022465 0.022498 0.022530 0.022561 0.022590 0.022618 0.022645 0.022670 0.022695 0.022718 0.022740 0.022761 0.022781 0.022799 0.022817 0.022833 0.022849 0.022864 0.022877 0.022890 0.022902 0.022913 0.022923 0.022933 0.022941 0.022950 0.022957 0.022964 0.022970 0.022976 0.022981 0.022985 0.022989 0.022993 0.022996 0.022999 0.023002 0.023004 0.023005 0.023007 0.023008 0.023008 0.023009 0.023009 0.023008 0.023008 0.023007 0.023005 0.023004 0.023002 0.022999 0.022996 0.022993 0.022989 0.022985 0.022981 0.022976 0.022970 0.022964 0.022957 0.022950 0.022941 0.022933 0.022923 0.022913 0.022902 0.022890 0.022877 0.022864 0.022849 0.022833 0.022817 0.022799 0.022781 0.022761 0.022740 0.022718 0.022695 0.022670 0.022645 0.022618 0.022590 0.022561 0.022530 0.022498 0.022465 0.022431 0.022396 0.022360 0.022322 0.022283 0.022244 0.022203 0.022161 0.022119 0.022075 0.022031 0.021986 0.021940 0.021894 0.021847 0.021800 0.021752 0.021705 0.021656 0.021608 0.021560 0.021512 0.021463 0.021415 0.021368 0.021320 0.021273 0.021227 0.021181 0.021135 0.021091 0.021046 0.021003 0.020959 0.020917 0.020875 0.020833 0.020792 0.020750 0.020709 0.020667 0.020625 0.020581 0.020536 0.020489 0.020440 0.020388 0.020333 0.020278 0.020224 0.020179 0.020161 0.020198 0.020330 0.020563 0.020715 0.019918 0.015715
0.016108 0.020355 0.021165 0.021007 0.020761 0.020618 0.020574 0.020587 0.020628 0.020679 0.020733 0.020785 0.020834 0.020881 0.020926 0.020968 0.021009 0.021049 0.021088 0.021127 0.021165 0.021204 0.021243 0.021283 0.021323 0.021364 0.021406 0.021448 0.021492 0.021535 0.021580 0.021625 0.021670 0.021717 0.021763 0.021810 0.021857 0.021905 0.021952 0.022000 0.022047 0.022094 0.022141 0.022188 0.022235 0.022281 0.022326 0.022371 0.022415 0.022458 0.022500 0.022542 0.022583 0.022622 0.022661 0.022699 0.022735 0.022770 0.022804 0.022837 0.022869 0.022900 0.022929 0.022957 0.022984 0.023010 0.023034 0.023057 0.023080 0.023101 0.023120 0.023139 0.023157 0.023173 0.023189 0.023204 0.023217 0.023230 0.023242 0.023253 0.023264 0.023273 0.023282 0.023290 0.023297 0.023304 0.023311 0.023316 0.023321 0.023326 0.023330 0.023334 0.023337 0.023340 0.023342 0.023344 0.023346 0.023347 0.023348 0.023349 0.023349 0.023349 0.023349 0.023348 0.023347 0.023346 0.023344 0.023342 0.023340 0.023337 0.023334 0.023330 0.023326 0.023321 0.023316 0.023311 0.023304 0.023297 0.023290 0.023282 0.023273 0.023264 0.023253 0.023242 0.023230 0.023217 0.023204 0.023189 0.023173 0.023157 0.023139 0.023120 0.023101 0.023080 0.023057 0.023034 0.023010 0.022984 0.022957 0.022929 0.022900 0.022869 0.022837 0.022804 0.022770 0.022735 0.022699 0.022661 0.022622 0.022583 0.022542 0.022500 0.022458 0.022415 0.022371 0.022326 0.022281 0.022235 0.022188 0.022141 0.022094 0.022047 0.022000 0.021952 0.021905 0.021857 0.021810 0.021763 0.021717 0.021670 0.021625 0.021580 0.021535 0.021492 0.021448 0.021406 0.021364 0.021323 0.021283 0.021243 0.021204 0.021165 0.021127 0.021088 0.021049 0.021009 0.020968 0.020926 0.020881 0.020834 0.020785 0.020733 0.020679 0.020628 0.020587 0.020574 0.020618 0.020761 0.021007 0.021165 0.020355 0.016108
0.016499 0.020785 0.021609 0.021444 0.021185 0.021032 0.020980 0.020988 0.021026 0.021074 0.021125 0.021175 0.021223 0.021267 0.021309 0.021349 0.021387 0.021424 0.021460 0.021496 0.021532 0.021568 0.021605 0.021642 0.021680 0.021719 0.021759 0.021799 0.021840 0.021882 0.021925 0.021969 0.022013 0.022058 0.022103 0.022149 0.022195 0.022242 0.022288 0.022335 0.022382 0.022429 0.022475 0.022522 0.022568 0.022613 0.022658 0.022703 0.022746 0.022789 0.022832 0.022873 0.022914 0.022953 0.022992 0.023029 0.023066 0.023101 0.023135 0.023168 0.023200 0.023230 0.023260 0.023288 0.023315 0.023341 0.023365 0.023388 0.023411 0.023432 0.023452 0.023470 0.023488 0.023505 0.023520 0.023535 0.023549 0.023562 0.023574 0.023585 0.023595 0.023605 0.023614 0.023622 0.023629 0.023636 0.023642 0.023648 0.023653 0.023658 0.023662 0.023666 0.023669 0.023672 0.023674 0.023676 0.023678 0.023679 0.023680 0.023681 0.023681 0.023681 0.023681 0.023680 0.023679 0.023678 0.023676 0.023674 0.023672 0.023669 0.023666 0.023662 0.023658 0.023653 0.023648 0.023642 0.023636 0.023629 0.023622 0.023614 0.023605 0.023595 0.023585 0.023574 0.023562 0.023549 0.023535 0.023520 0.023505 0.023488 0.023470 0.023452 0.023432 0.023411 0.023388 0.023365 0.023341 0.023315 0.023288 0.023260 0.023230 0.023200 0.023168 0.023135 0.023101 0.023066 0.023029 0.022992 0.022953 0.022914 0.022873 0.022832 0.022789 0.022746 0.022703 0.022658 0.022613 0.022568 0.022522 0.022475 0.022429 0.022382 0.022335 0.022288 0.022242 0.022195 0.022149 0.022103 0.022058 0.022013 0.021969 0.021925 0.021882 0.021840 0.021799 0.021759 0.021719 0.021680 0.021642 0.021605 0.021568 0.021532 0.021496 0.021460 0.021424 0.021387 0.021349 0.021309 0.021267 0.021223 0.021175 0.021125 0.021074 0.021026 0.020988 0.020980 0.021032 0.021185 0.021444 0.021609 0.020785 0.016499
0.016888 0.021208 0.022045 0.021875 0.021604 0.021440 0.021380 0.021383 0.021417 0.021463 0.021512 0.021560 0.021605 0.021647 0.021686 0.021723 0.021759 0.021793 0.021827 0.021860 0.021893 0.021927 0.021961 0.021996 0.022032 0.022068 0.022106 0.022144 0.022183 0.022224 0.022265 0.022307 0.022350 0.022393 0.022437 0.022482 0.022527 0.022573 0.022619 0.022665 0.022711 0.022757 0.022803 0.022849 0.022894 0.022939 0.022984 0.023028 0.023072 0.023115 0.023157 0.023198 0.023238 0.023278 0.023316 0.023354 0.023390 0.023425 0.023459 0.023492 0.023524 0.023554 0.023584 0.023612 0.023639 0.023665 0.023689 0.023713 0.023735 0.023756 0.023776 0.023795 0.023812 0.023829 0.023845 0.023859 0.023873 0.023886 0.023898 0.023909 0.023919 0.023929 0.023938 0.023946 0.023953 0.023960 0.023967 0.023972 0.023977 0.023982 0.023986 0.023990 0.023993 0.023996 0.023998 0.024001 0.024002 0.024004 0.024005 0.024005 0.024006 0.024006 0.024005 0.024005 0.024004 0.024002 0.024001 0.023998 0.023996 0.023993 0.023990 0.023986 0.023982 0.023977 0.023972 0.023967 0.023960 0.023953 0.023946 0.023938 0.023929 0.023919 0.023909 0.023898 0.023886 0.023873 0.023859 0.023845 0.023829 0.023812 0.023795 0.023776 0.023756 0.023735 0.023713 0.023689 0.023665 0.023639 0.023612 0.023584 0.023554 0.023524 0.023492 0.023459 0.023425 0.023390 0.023354 0.023316 0.023278 0.023238 0.023198 0.023157 0.023115 0.023072 0.023028 0.022984 0.022939 0.022894 0.022849 0.022803 0.022757 0.022711 0.022665 0.022619 0.022573 0.022527 0.022482 0.022437 0.022393 0.022350 0.022307 0.022265 0.022224 0.022183 0.022144 0.022106 0.022068 0.022032 0.021996 0.021961 0.021927 0.021893 0.021860 0.021827 0.021793 0.021759 0.021723 0.021686 0.021647 0.021605 0.021560 0.021512 0.021463 0.021417 0.021383 0.021380 0.021440 0.021604 0.021875 0.022045 0.021208 0.016888
0.017274 0.021624 0.022474 0.022299 0.022016 0.021841 0.021774 0.021773 0.021804 0.021847 0.021894 0.021940 0.021983 0.022023 0.022060 0.022094 0.022127 0.022159 0.022190 0.022221 0.022251 0.022283 0.022314 0.022347 0.022380 0.022414 0.022450 0.022486 0.022524 0.022562 0.022602 0.022642 0.022684 0.022726 0.022769 0.022812 0.022857 0.022901 0.022946 0.022991 0.023037 0.023082 0.023128 0.023173 0.023218 0.023263 0.023307 0.023351 0.023394 0.023437 0.023478 0.023519 0.023560 0.023599 0.023637 0.023675 0.023711 0.023746 0.023780 0.023813 0.023844 0.023875 0.023904 0.023932 0.023959 0.023985 0.024010 0.024033 0.024055 0.024076 0.024096 0.024115 0.024133 0.024149 0.024165 0.024180 0.024193 0.024206 0.024218 0.024229 0.024240 0.024249 0.024258 0.024266 0.024274 0.024281 0.024287 0.024292 0.024298 0.024302 0.024306 0.024310 0.024313 0.024316 0.024319 0.024321 0.024322 0.024324 0.024325 0.024325 0.024326 0.024326 0.024325 0.024325 0.024324 0.024322 0.024321 0.024319 0.024316 0.024313 0.024310 0.024306 0.024302 0.024298 0.024292 0.024287 0.024281 0.024274 0.024266 0.024258 0.024249 0.024240 0.024229 0.024218 0.024206 0.024193 0.024180 0.024165 0.024149 0.024133 0.024115 0.024096 0.024076 0.024055 0.024033 0.024010 0.023985 0.023959 0.023932 0.023904 0.023875 0.023844 0.023813 0.023780 0.023746 0.023711 0.023675 0.023637 0.023599 0.023560 0.023519 0.023478 0.023437 0.023394 0.023351 0.023307 0.023263 0.023218 0.023173 0.023128 0.023082 0.023037 0.022991 0.022946 0.022901 0.022857 0.022812 0.022769 0.022726 0.022684 0.022642 0.022602 0.022562 0.022524 0.022486 0.022450 0.022414 0.022380 0.022347 0.022314 0.022283 0.022251 0.022221 0.022190 0.022159 0.022127 0.022094 0.022060 0.022023 0.021983 0.021940 0.021894 0.021847 0.021804 0.021773 0.021774 0.021841 0.022016 0.022299 0.022474 0.021624 0.017274
0.017657 0.022033 0.022896 0.022717 0.022423 0.022238 0.022164 0.022158 0.022187 0.022229 0.022275 0.022319 0.022360 0.022398 0.022434 0.022466 0.022497 0.022526 0.022555 0.022583 0.022611 0.022640 0.022669 0.022699 0.022730 0.022763 0.022796 0.022831 0.022866 0.022903 0.022941 0.022980 0.023020 0.023061 0.023103 0.023145 0.023188 0.023232 0.023276 0.023321 0.023365 0.023410 0.023455 0.023500 0.023544 0.023589 0.023632 0.023676 0.023719 0.023761 0.023803 0.023843 0.023883 0.023923 0.023961 0.023998 0.024034 0.024069 0.024103 0.024136 0.024167 0.024198 0.024227 0.024255 0.024282 0.024307 0.024332 0.024355 0.024377 0.024398 0.024418 0.024437 0.024455 0.024471 0.024487 0.024502 0.024515 0.024528 0.024540 0.024551 0.024562 0.024571 0.024580 0.024588 0.024595 0.024602 0.024609 0.024614 0.024619 0.024624 0.024628 0.024632 0.024635 0.024638 0.024640 0.024642 0.024644 0.024645 0.024646 0.024647 0.024647 0.024647 0.024647 0.024646 0.024645 0.024644 0.024642 0.024640 0.024638 0.024635 0.024632 0.024628 0.024624 0.024619 0.024614 0.024609 0.024602 0.024595 0.024588 0.024580 0.024571 0.024562 0.024551 0.024540 0.024528 0.024515 0.024502 0.024487 0.024471 0.024455 0.024437 0.024418 0.024398 0.024377 0.024355 0.024332 0.024307 0.024282 0.024255 0.024227 0.024198 0.024167 0.024136 0.024103 0.024069 0.024034 0.023998 0.023961 0.023923 0.023883 0.023843 0.023803 0.023761 0.023719 0.023676 0.023632 0.023589 0.023544 0.023500 0.023455 0.023410 0.023365 0.023321 0.023276 0.023232 0.023188 0.023145 0.023103 0.023061 0.023020 0.022980 0.022941 0.022903 0.022866 0.022831 0.022796 0.022763 0.022730 0.022699 0.022669 0.022640 0.022611 0.022583 0.022555 0.022526 0.022497 0.022466 0.022434 0.022398 0.022360 0.022319 0.022275 0.022229 0.022187 0.022158 0.022164 0.022238 0.022423 0.022717 0.022896 0.022033 0.017657
0.018039 0.022435 0.023312 0.023130 0.022826 0.022632 0.022552 0.022544 0.022571 0.022613 0.022658 0.022703 0.022743 0.022781 0.022815 0.022846 0.022875 0.022903 0.022929 0.022956 0.022982 0.023008 0.023035 0.023063 0.023092 0.023123 0.023154 0.023187 0.023221 0.023256 0.023293 0.023330 0.023369 0.023409 0.023449 0.023491 0.023533 0.023576 0.023619 0.023663 0.023707 0.023751 0.023795 0.023839 0.023883 0.023927 0.023971 0.024014 0.024056 0.024098 0.024139 0.024180 0.024220 0.024259 0.024297 0.024333 0.024369 0.024404 0.024438 0.024471 0.024502 0.024532 0.024562 0.024590 0.024616 0.024642 0.024666 0.024689 0.024711 0.024732 0.024752 0.024771 0.024789 0.024805 0.024821 0.024835 0.024849 0.024862 0.024874 0.024885 0.024895 0.024905 0.024913 0.024921 0.024929 0.024936 0.024942 0.024948 0.024953 0.024957 0.024961 0.024965 0.024968 0.024971 0.024973 0.024976 0.024977 0.024979 0.024980 0.024980 0.024981 0.024981 0.024980 0.024980 0.024979 0.024977 0.024976 0.024973 0.024971 0.024968 0.024965 0.024961 0.024957 0.024953 0.024948 0.024942 0.024936 0.024929 0.024921 0.024913 0.024905 0.024895 0.024885 0.024874 0.024862 0.024849 0.024835 0.024821 0.024805 0.024789 0.024771 0.024752 0.024732 0.024711 0.024689 0.024666 0.024642 0.024616 0.024590 0.024562 0.024532 0.024502 0.024471 0.024438 0.024404 0.024369 0.024333 0.024297 0.024259 0.024220 0.024180 0.024139 0.024098 0.024056 0.024014 0.023971 0.023927 0.023883 0.023839 0.023795 0.023751 0.023707 0.023663 0.023619 0.023576 0.023533 0.023491 0.023449 0.023409 0.023369 0.023330 0.023293 0.023256 0.023221 0.023187 0.023154 0.023123 0.023092 0.023063 0.023035 0.023008 0.022982 0.022956 0.022929 0.022903 0.022875 0.022846 0.022815 0.022781 0.022743 0.022703 0.022658 0.022613 0.022571 0.022544 0.022552 0.022632 0.022826 0.023130 0.023312 0.022435 0.018039
0.018420 0.022831 0.023722 0.023539 0.023229 0.023028 0.022944 0.022935 0.022964 0.023008 0.023055 0.023101 0.023144 0.023182 0.023217 0.023248 0.023277 0.023303 0.023329 0.023354 0.023378 0.023403 0.023429 0.023455 0.023483 0.023511 0.023541 0.023572 0.023605 0.023638 0.023673 0.023710 0.023747 0.023786 0.023825 0.023866 0.023907 0.023949 0.023992 0.024035 0.024078 0.024121 0.024165 0.024209 0.024252 0.024296 0.024339 0.024381 0.024424 0.024465 0.024506 0.024546 0.024586 0.024625 0.024662 0.024699 0.024735 0.024769 0.024803 0.024835 0.024867 0.024897 0.024926 0.024954 0.024980 0.025006 0.025030 0.025053 0.025075 0.025096 0.025116 0.025134 0.025152 0.025168 0.025184 0.025198 0.025212 0.025225 0.025237 0.025248 0.025258 0.025267 0.025276 0.025284 0.025291 0.025298 0.025304 0.025310 0.025315 0.025319 0.025324 0.025327 0.025330 0.025333 0.025336 0.025338 0.025339 0.025341 0.025342 0.025342 0.025343 0.025343 0.025342 0.025342 0.025341 0.025339 0.025338 0.025336 0.025333 0.025330 0.025327 0.025324 0.025319 0.025315 0.025310 0.025304 0.025298 0.025291 0.025284 0.025276 0.025267 0.025258 0.025248 0.025237 0.025225 0.025212 0.025198 0.025184 0.025168 0.025152 0.025134 0.025116 0.025096 0.025075 0.025053 0.025030 0.025006 0.024980 0.024954 0.024926 0.024897 0.024867 0.024835 0.024803 0.024769 0.024735 0.024699 0.024662 0.024625 0.024586 0.024546 0.024506 0.024465 0.024424 0.024381 0.024339 0.024296 0.024252 0.024209 0.024165 0.024121 0.024078 0.024035 0.023992 0.023949 0.023907 0.023866 0.023825 0.023786 0.023747 0.023710 0.023673 0.023638 0.023605 0.023572 0.023541 0.023511 0.023483 0.023455 0.023429 0.023403 0.023378 0.023354 0.023329 0.023303 0.023277 0.023248 0.023217 0.023182 0.023144 0.023101 0.023055 0.023008 0.022964 0.022935 0.022944 0.023028 0.023229 0.023539 0.023722 0.022831 0.018420
0.018802 0.023222 0.024129 0.023950 0.023636 0.023433 0.023350 0.023345 0.023379 0.023429 0.023482 0.023534 0.023581 0.023623 0.023661 0.023695 0.023725 0.023752 0.023778 0.023803 0.023828 0.023852 0.023877 0.023902 0.023928 0.023956 0.023984 0.024014 0.024045 0.024078 0.024112 0.024147 0.024184 0.024221 0.024260 0.024300 0.024340 0.024381 0.024423 0.024465 0.024508 0.024551 0.024594 0.024637 0.024680 0.024723 0.024766 0.024808 0.024850 0.024891 0.024932 0.024972 0.025011 0.025049 0.025087 0.025123 0.025159 0.025193 0.025226 0.025259 0.025290 0.025320 0.025349 0.025376 0.025403 0.025428 0.025452 0.025475 0.025497 0.025518 0.025537 0.025556 0.025573 0.025590 0.025605 0.025619 0.025633 0.025646 0.025657 0.025668 0.025678 0.025688 0.025696 0.025704 0.025712 0.025718 0.025724 0.025730 0.025735 0.025739 0.025744 0.025747 0.025750 0.025753 0.025755 0.025757 0.025759 0.025760 0.025761 0.025762 0.025762 0.025762 0.025762 0.025761 0.025760 0.025759 0.025757 0.025755 0.025753 0.025750 0.025747 0.025744 0.025739 0.025735 0.025730 0.025724 0.025718 0.025712 0.025704 0.025696 0.025688 0.025678 0.025668 0.025657 0.025646 0.025633 0.025619 0.025605 0.025590 0.025573 0.025556 0.025537 0.025518 0.025497 0.025475 0.025452 0.025428 0.025403 0.025376 0.025349 0.025320 0.025290 0.025259 0.025226 0.025193 0.025159 0.025123 0.025087 0.025049 0.025011 0.024972 0.024932 0.024891 0.024850 0.024808 0.024766 0.024723 0.024680 0.024637 0.024594 0.024551 0.024508 0.024465 0.024423 0.024381 0.024340 0.024300 0.024260 0.024221 0.024184 0.024147 0.024112 0.024078 0.024045 0.024014 0.023984 0.023956 0.023928 0.023902 0.023877 0.023852 0.023828 0.023803 0.023778 0.023752 0.023725 0.023695 0.023661 0.023623 0.023581 0.023534 0.023482 0.023429 0.023379 0.023345 0.023350 0.023433 0.023636 0.023950 0.024129 0.023222 0.018802
0.019188 0.023612 0.024539 0.024370 0.024059 0.023860 0.023785 0.023791 0.023838 0.023901 0.023967 0.024031 0.024088 0.024139 0.024184 0.024224 0.024259 0.024291 0.024320 0.024347 0.024372 0.024398 0.024423 0.024448 0.024474 0.024501 0.024529 0.024559 0.024589 0.024621 0.024654 0.024689 0.024724 0.024761 0.024799 0.024838 0.024878 0.024918 0.024959 0.025001 0.025043 0.025085 0.025128 0.025170 0.025213 0.025255 0.025297 0.025339 0.025381 0.025422 0.025462 0.025502 0.025540 0.025578 0.025616 0.025652 0.025687 0.025721 0.025754 0.025786 0.025817 0.025847 0.025876 0.025903 0.025929 0.025954 0.025978 0.026001 0.026023 0.026043 0.026063 0.026081 0.026098 0.026115 0.026130 0.026144 0.026158 0.026170 0.026182 0.026193 0.026203 0.026212 0.026221 0.026228 0.026236 0.026242 0.026248 0.026254 0.026259 0.026263 0.026267 0.026271 0.026274 0.026277 0.026279 0.026281 0.026283 0.026284 0.026285 0.026286 0.026286 0.026286 0.026286 0.026285 0.026284 0.026283 0.026281 0.026279 0.026277 0.026274 0.026271 0.026267 0.026263 0.026259 0.026254 0.026248 0.026242 0.026236 0.026228 0.026221 0.026212 0.026203 0.026193 0.026182 0.026170 0.026158 0.026144 0.026130 0.026115 0.026098 0.026081 0.026063 0.026043 0.026023 0.026001 0.025978 0.025954 0.025929 0.025903 0.025876 0.025847 0.025817 0.025786 0.025754 0.025721 0.025687 0.025652 0.025616 0.025578 0.025540 0.025502 0.025462 0.025422 0.025381 0.025339 0.025297 0.025255 0.025213 0.025170 0.025128 0.025085 0.025043 0.025001 0.024959 0.024918 0.024878 0.024838 0.024799 0.024761 0.024724 0.024689 0.024654 0.024621 0.024589 0.024559 0.024529 0.024501 0.024474 0.024448 0.024423 0.024398 0.024372 0.024347 0.024320 0.024291 0.024259 0.024224 0.024184 0.024139 0.024088 0.024031 0.023967 0.023901 0.023838 0.023791 0.023785 0.023860 0.024059 0.024370 0.024539 0.023612 0.019188
0.019585 0.024010 0.024962 0.024812 0.024516 0.024333 0.024278 0.024307 0.024379 0.024467 0.024556 0.024641 0.024717 0.024785 0.024845 0.024897 0.024942 0.024982 0.025017 0.025050 0.025080 0.025108 0.025135 0.025163 0.025190 0.025218 0.025246 0.025276 0.025306 0.025338 0.025371 0.025405 0.025440 0.025476 0.025513 0.025552 0.025591 0.025631 0.025671 0.025712 0.025754 0.025795 0.025837 0.025879 0.025921 0.025963 0.026005 0.026046 0.026087 0.026128 0.026168 0.026207 0.026245 0.026283 0.026320 0.026356 0.026391 0.026425 0.026457 0.026489 0.026520 0.026549 0.026578 0.026605 0.026631 0.026656 0.026679 0.026702 0.026723 0.026744 0.026763 0.026781 0.026798 0.026814 0.026830 0.026844 0.026857 0.026869 0.026881 0.026891 0.026901 0.026911 0.026919 0.026927 0.026934 0.026940 0.026946 0.026952 0.026957 0.026961 0.026965 0.026969 0.026972 0.026974 0.026977 0.026979 0.026980 0.026982 0.026983 0.026983 0.026983 0.026983 0.026983 0.026983 0.026982 0.026980 0.026979 0.026977 0.026974 0.026972 0.026969 0.026965 0.026961 0.026957 0.026952 0.026946 0.026940 0.026934 0.026927 0.026919 0.026911 0.026901 0.026891 0.026881 0.026869 0.026857 0.026844 0.026830 0.026814 0.026798 0.026781 0.026763 0.026744 0.026723 0.026702 0.026679 0.026656 0.026631 0.026605 0.026578 0.026549 0.026520 0.026489 0.026457 0.026425 0.026391 0.026356 0.026320 0.026283 0.026245 0.026207 0.026168 0.026128 0.026087 0.026046 0.026005 0.025963 0.025921 0.025879 0.025837 0.025795 0.025754 0.025712 0.025671 0.025631 0.025591 0.025552 0.025513 0.025476 0.025440 0.025405 0.025371 0.025338 0.025306 0.025276 0.025246 0.025218 0.025190 0.025163 0.025135 0.025108 0.025080 0.025050 0.025017 0.024982 0.024942 0.024897 0.024845 0.024785 0.024717 0.024641 0.024556 0.024467 0.024379 0.024307 0.024278 0.024333 0.024516 0.024812 0.024962 0.024010 0.019585
0.020003 0.024428 0.025416 0.025300 0.025036 0.024889 0.024873 0.024945 0.025060 0.025190 0.025319 0.025440 0.025549 0.025645 0.025730 0.025803 0.025866 0.025920 0.025968 0.026011 0.026049 0.026084 0.026116 0.026148 0.026178 0.026208 0.026239 0.026269 0.026301 0.026333 0.026366 0.026400 0.026435 0.026471 0.026508 0.026545 0.026584 0.026623 0.026663 0.026704 0.026744 0.026786 0.026827 0.026868 0.026910 0.026951 0.026993 0.027033 0.027074 0.027114 0.027153 0.027192 0.027230 0.027267 0.027304 0.027339 0.027374 0.027407 0.027439 0.027471 0.027501 0.027530 0.027558 0.027585 0.027611 0.027636 0.027659 0.027681 0.027703 0.027723 0.027742 0.027760 0.027776 0.027792 0.027807 0.027821 0.027834 0.027847 0.027858 0.027868 0.027878 0.027887 0.027896 0.027903 0.027910 0.027917 0.027923 0.027928 0.027933 0.027937 0.027941 0.027944 0.027947 0.027950 0.027952 0.027954 0.027956 0.027957 0.027958 0.027959 0.027959 0.027959 0.027959 0.027958 0.027957 0.027956 0.027954 0.027952 0.027950 0.027947 0.027944 0.027941 0.027937 0.027933 0.027928 0.027923 0.027917 0.027910 0.027903 0.027896 0.027887 0.027878 0.027868 0.027858 0.027847 0.027834 0.027821 0.027807 0.027792 0.027776 0.027760 0.027742 0.027723 0.027703 0.027681 0.027659 0.027636 0.027611 0.027585 0.027558 0.027530 0.027501 0.027471 0.027439 0.027407 0.027374 0.027339 0.027304 0.027267 0.027230 0.027192 0.027153 0.027114 0.027074 0.027033 0.026993 0.026951 0.026910 0.026868 0.026827 0.026786 0.026744 0.026704 0.026663 0.026623 0.026584 0.026545 0.026508 0.026471 0.026435 0.026400 0.026366 0.026333 0.026301 0.026269 0.026239 0.026208 0.026178 0.026148 0.026116 0.026084 0.026049 0.026011 0.025968 0.025920 0.025866 0.025803 0.025730 0.025645 0.025549 0.025440 0.025319 0.025190 0.025060 0.024945 0.024873 0.024889 0.025036 0.025300 0.025416 0.024428 0.020003
0.020462 0.024891 0.025931 0.025873 0.025669 0.025585 0.025639 0.025782 0.025968 0.026166 0.026359 0.026538 0.026699 0.026841 0.026964 0.027071 0.027163 0.027242 0.027310 0.027369 0.027421 0.027467 0.027509 0.027548 0.027584 0.027619 0.027652 0.027686 0.027719 0.027752 0.027786 0.027821 0.027856 0.027892 0.027929 0.027966 0.028004 0.028043 0.028082 0.028122 0.028162 0.028203 0.028243 0.028284 0.028325 0.028365 0.028406 0.028446 0.028486 0.028525 0.028564 0.028602 0.028640 0.028676 0.028712 0.028747 0.028781 0.028814 0.028846 0.028877 0.028907 0.028936 0.028963 0.028990 0.029015 0.029039 0.029063 0.029085 0.029105 0.029125 0.029144 0.029162 0.029178 0.029194 0.029209 0.029222 0.029235 0.029247 0.029258 0.029269 0.029278 0.029287 0.029296 0.029303 0.029310 0.029316 0.029322 0.029327 0.029332 0.029336 0.029340 0.029343 0.029346 0.029349 0.029351 0.029353 0.029355 0.029356 0.029357 0.029357 0.029358 0.029358 0.029357 0.029357 0.029356 0.029355 0.029353 0.029351 0.029349 0.029346 0.029343 0.029340 0.029336 0.029332 0.029327 0.029322 0.029316 0.029310 0.029303 0.029296 0.029287 0.029278 0.029269 0.029258 0.029247 0.029235 0.029222 0.029209 0.029194 0.029178 0.029162 0.029144 0.029125 0.029105 0.029085 0.029063 0.029039 0.029015 0.028990 0.028963 0.028936 0.028907 0.028877 0.028846 0.028814 0.028781 0.028747 0.028712 0.028676 0.028640 0.028602 0.028564 0.028525 0.028486 0.028446 0.028406 0.028365 0.028325 0.028284 0.028243 0.028203 0.028162 0.028122 0.028082 0.028043 0.028004 0.027966 0.027929 0.027892 0.027856 0.027821 0.027786 0.027752 0.027719 0.027686 0.027652 0.027619 0.027584 0.027548 0.027509 0.027467 0.027421 0.027369 0.027310 0.027242 0.027163 0.027071 0.026964 0.026841 0.026699 0.026538 0.026359 0.026166 0.025968 0.025782 0.025639 0.025585 0.025669 0.025873 0.025931 0.024891 0.020462
0.020995 0.025440 0.026556 0.026592 0.026488 0.026511 0.026677 0.026933 0.027230 0.027533 0.027822 0.028089 0.028328 0.028539 0.028722 0.028880 0.029016 0.029132 0.029231 0.029315 0.029388 0.029452 0.029507 0.029557 0.029602 0.029644 0.029683 0.029721 0.029757 0.029793 0.029829 0.029864 0.029900 0.029936 0.029973 0.030010 0.030047 0.030085 0.030124 0.030163 0.030202 0.030242 0.030281 0.030321 0.030361 0.030401 0.030440 0.030480 0.030519 0.030557 0.030595 0.030632 0.030669 0.030705 0.030740 0.030774 0.030808 0.030840 0.030872 0.030902 0.030931 0.030960 0.030987 0.031013 0.031038 0.031061 0.031084 0.031106 0.031126 0.031146 0.031164 0.031182 0.031198 0.031213 0.031228 0.031241 0.031254 0.031266 0.031277 0.031287 0.031296 0.031305 0.031313 0.031320 0.031327 0.031333 0.031339 0.031344 0.031349 0.031353 0.031356 0.031360 0.031363 0.031365 0.031367 0.031369 0.031371 0.031372 0.031373 0.031373 0.031374 0.031374 0.031373 0.031373 0.031372 0.031371 0.031369 0.031367 0.031365 0.031363 0.031360 0.031356 0.031353 0.031349 0.031344 0.031339 0.031333 0.031327 0.031320 0.031313 0.031305 0.031296 0.031287 0.031277 0.031266 0.031254 0.031241 0.031228 0.031213 0.031198 0.031182 0.031164 0.031146 0.031126 0.031106 0.031084 0.031061 0.031038 0.031013 0.030987 0.030960 0.030931 0.030902 0.030872 0.030840 0.030808 0.030774 0.030740 0.030705 0.030669 0.030632 0.030595 0.030557 0.030519 0.030480 0.030440 0.030401 0.030361 0.030321 0.030281 0.030242 0.030202 0.030163 0.030124 0.030085 0.030047 0.030010 0.029973 0.029936 0.029900 0.029864 0.029829 0.029793 0.029757 0.029721 0.029683 0.029644 0.029602 0.029557 0.029507 0.029452 0.029388 0.029315 0.029231 0.029132 0.029016 0.028880 0.028722 0.028539 0.028328 0.028089 0.027822 0.027533 0.027230 0.026933 0.026677 0.026511 0.026488 0.026592 0.026556 0.025440 0.020995
0.021651 0.026137 0.027369 0.027548 0.027601 0.027791 0.028127 0.028553 0.029014 0.029470 0.029902 0.030296 0.030648 0.030958 0.031228 0.031459 0.031658 0.031826 0.031969 0.032091 0.032194 0.032282 0.032358 0.032424 0.032482 0.032534 0.032581 0.032625 0.032666 0.032705 0.032743 0.032780 0.032816 0.032853 0.032889 0.032926 0.032963 0.033000 0.033037 0.033075 0.033113 0.033151 0.033190 0.033228 0.033267 0.033305 0.033343 0.033381 0.033419 0.033457 0.033493 0.033530 0.033565 0.033600 0.033635 0.033668 0.033700 0.033732 0.033763 0.033792 0.033821 0.033849 0.033875 0.033900 0.033925 0.033948 0.033970 0.033991 0.034012 0.034031 0.034049 0.034065 0.034081 0.034097 0.034111 0.034124 0.034136 0.034148 0.034158 0.034168 0.034178 0.034186 0.034194 0.034201 0.034208 0.034214 0.034219 0.034224 0.034229 0.034233 0.034236 0.034240 0.034242 0.034245 0.034247 0.034249 0.034250 0.034251 0.034252 0.034253 0.034253 0.034253 0.034253 0.034252 0.034251 0.034250 0.034249 0.034247 0.034245 0.034242 0.034240 0.034236 0.034233 0.034229 0.034224 0.034219 0.034214 0.034208 0.034201 0.034194 0.034186 0.034178 0.034168 0.034158 0.034148 0.034136 0.034124 0.034111 0.034097 0.034081 0.034065 0.034049 0.034031 0.034012 0.033991 0.033970 0.033948 0.033925 0.033900 0.033875 0.033849 0.033821 0.033792 0.033763 0.033732 0.033700 0.033668 0.033635 0.033600 0.033565 0.033530 0.033493 0.033457 0.033419 0.033381 0.033343 0.033305 0.033267 0.033228 0.033190 0.033151 0.033113 0.033075 0.033037 0.033000 0.032963 0.032926 0.032889 0.032853 0.032816 0.032780 0.032743 0.032705 0.032666 0.032625 0.032581 0.032534 0.032482 0.032424 0.032358 0.032282 0.032194 0.032091 0.031969 0.031826 0.031658 0.031459 0.031228 0.030958 0.030648 0.030296 0.029902 0.029470 0.029014 0.028553 0.028127 0.027791 0.027601 0.027548 0.027369 0.026137 0.021651
0.022512 0.027078 0.028479 0.028869 0.029156 0.029590 0.030174 0.030845 0.031538 0.032212 0.032842 0.033414 0.033923 0.034371 0.034759 0.035092 0.035377 0.035618 0.035822 0.035993 0.036138 0.036260 0.036363 0.036451 0.036526 0.036592 0.036650 0.036701 0.036748 0.036791 0.036832 0.036870 0.036908 0.036944 0.036980 0.037016 0.037051 0.037087 0.037123 0.037159 0.037195 0.037231 0.037268 0.037304 0.037341 0.037377 0.037414 0.037450 0.037486 0.037522 0.037557 0.037592 0.037627 0.037660 0.037693 0.037725 0.037757 0.037787 0.037817 0.037846 0.037874 0.037900 0.037926 0.037951 0.037974 0.037997 0.038019 0.038039 0.038059 0.038077 0.038095 0.038111 0.038127 0.038141 0.038155 0.038168 0.038180 0.038191 0.038202 0.038211 0.038220 0.038229 0.038236 0.038243 0.038250 0.038255 0.038261 0.038266 0.038270 0.038274 0.038278 0.038281 0.038283 0.038286 0.038288 0.038290 0.038291 0.038292 0.038293 0.038294 0.038294 0.038294 0.038294 0.038293 0.038292 0.038291 0.038290 0.038288 0.038286 0.038283 0.038281 0.038278 0.038274 0.038270 0.038266 0.038261 0.038255 0.038250 0.038243 0.038236 0.038229 0.038220 0.038211 0.038202 0.038191 0.038180 0.038168 0.038155 0.038141 0.038127 0.038111 0.038095 0.038077 0.038059 0.038039 0.038019 0.037997 0.037974 0.037951 0.037926 0.037900 0.037874 0.037846 0.037817 0.037787 0.037757 0.037725 0.037693 0.037660 0.037627 0.037592 0.037557 0.037522 0.037486 0.037450 0.037414 0.037377 0.037341 0.037304 0.037268 0.037231 0.037195 0.037159 0.037123 0.037087 0.037051 0.037016 0.036980 0.036944 0.036908 0.036870 0.036832 0.036791 0.036748 0.036701 0.036650 0.036592 0.036526 0.036451 0.036363 0.036260 0.036138 0.035993 0.035822 0.035618 0.035377 0.035092 0.034759 0.034371 0.033923 0.033414 0.032842 0.032212 0.031538 0.030845 0.030174 0.029590 0.029156 0.028869 0.028479 0.027078 0.022512
0.023691 0.028393 0.030036 0.030725 0.031342 0.032120 0.033051 0.034058 0.035071 0.036040 0.036937 0.037747 0.038467 0.039098 0.039644 0.040112 0.040510 0.040847 0.041130 0.041368 0.041566 0.041732 0.041871 0.041987 0.042084 0.042167 0.042238 0.042299 0.042353 0.042401 0.042445 0.042485 0.042523 0.042558 0.042593 0.042627 0.042660 0.042694 0.042727 0.042760 0.042793 0.042827 0.042861 0.042895 0.042929 0.042963 0.042997 0.043031 0.043064 0.043098 0.043131 0.043164 0.043197 0.043229 0.043260 0.043291 0.043321 0.043350 0.043378 0.043406 0.043433 0.043458 0.043483 0.043507 0.043530 0.043551 0.043572 0.043592 0.043611 0.043629 0.043646 0.043662 0.043677 0.043691 0.043704 0.043717 0.043728 0.043739 0.043749 0.043759 0.043767 0.043775 0.043783 0.043790 0.043796 0.043802 0.043807 0.043811 0.043816 0.043819 0.043823 0.043826 0.043829 0.043831 0.043833 0.043835 0.043836 0.043837 0.043838 0.043838 0.043839 0.043839 0.043838 0.043838 0.043837 0.043836 0.043835 0.043833 0.043831 0.043829 0.043826 0.043823 0.043819 0.043816 0.043811 0.043807 0.043802 0.043796 0.043790 0.043783 0.043775 0.043767 0.043759 0.043749 0.043739 0.043728 0.043717 0.043704 0.043691 0.043677 0.043662 0.043646 0.043629 0.043611 0.043592 0.043572 0.043551 0.043530 0.043507 0.043483 0.043458 0.043433 0.043406 0.043378 0.043350 0.043321 0.043291 0.043260 0.043229 0.043197 0.043164 0.043131 0.043098 0.043064 0.043031 0.042997 0.042963 0.042929 0.042895 0.042861 0.042827 0.042793 0.042760 0.042727 0.042694 0.042660 0.042627 0.042593 0.042558 0.042523 0.042485 0.042445 0.042401 0.042353 0.042299 0.042238 0.042167 0.042084 0.041987 0.041871 0.041732 0.041566 0.041368 0.041130 0.040847 0.040510 0.040112 0.039644 0.039098 0.038467 0.037747 0.036937 0.036040 0.035071 0.034058 0.033051 0.032120 0.031342 0.030725 0.030036 0.028393 0.023691
0.025340 0.030252 0.032228 0.033328 0.034394 0.035638 0.037033 0.038488 0.039921 0.041277 0.042523 0.043644 0.044636 0.045502 0.046251 0.046891 0.047436 0.047894 0.048279 0.048600 0.048866 0.049087 0.049269 0.049420 0.049545 0.049649 0.049735 0.049807 0.049869 0.049922 0.049968 0.050009 0.050046 0.050081 0.050113 0.050144 0.050174 0.050203 0.050233 0.050262 0.050291 0.050321 0.050351 0.050381 0.050411 0.050442 0.050472 0.050503 0.050534 0.050565 0.050595 0.050626 0.050656 0.050685 0.050715 0.050743 0.050772 0.050799 0.050826 0.050852 0.050877 0.050902 0.050925 0.050948 0.050970 0.050990 0.051010 0.051029 0.051047 0.051065 0.051081 0.051096 0.051111 0.051124 0.051137 0.051149 0.051160 0.051171 0.051181 0.051190 0.051198 0.051206 0.051213 0.051219 0.051225 0.051231 0.051236 0.051240 0.051245 0.051248 0.051251 0.051254 0.051257 0.051259 0.051261 0.051263 0.051264 0.051265 0.051266 0.051266 0.051267 0.051267 0.051266 0.051266 0.051265 0.051264 0.051263 0.051261 0.051259 0.051257 0.051254 0.051251 0.051248 0.051245 0.051240 0.051236 0.051231 0.051225 0.051219 0.051213 0.051206 0.051198 0.051190 0.051181 0.051171 0.051160 0.051149 0.051137 0.051124 0.051111 0.051096 0.051081 0.051065 0.051047 0.051029 0.051010 0.050990 0.050970 0.050948 0.050925 0.050902 0.050877 0.050852 0.050826 0.050799 0.050772 0.050743 0.050715 0.050685 0.050656 0.050626 0.050595 0.050565 0.050534 0.050503 0.050472 0.050442 0.050411 0.050381 0.050351 0.050321 0.050291 0.050262 0.050233 0.050203 0.050174 0.050144 0.050113 0.050081 0.050046 0.050009 0.049968 0.049922 0.049869 0.049807 0.049735 0.049649 0.049545 0.049420 0.049269 0.049087 0.048866 0.048600 0.048279 0.047894 0.047436 0.046891 0.046251 0.045502 0.044636 0.043644 0.042523 0.041277 0.039921 0.038488 0.037033 0.035638 0.034394 0.033328 0.032228 0.030252 0.025340
0.027646 0.032862 0.035287 0.036929 0.038586 0.040438 0.042433 0.044463 0.046434 0.048281 0.049968 0.051478 0.052811 0.053973 0.054975 0.055831 0.056557 0.057167 0.057676 0.058100 0.058449 0.058737 0.058972 0.059165 0.059322 0.059449 0.059553 0.059638 0.059708 0.059765 0.059813 0.059854 0.059889 0.059920 0.059948 0.059974 0.059999 0.060023 0.060047 0.060070 0.060094 0.060118 0.060142 0.060167 0.060192 0.060218 0.060244 0.060271 0.060298 0.060325 0.060352 0.060379 0.060406 0.060433 0.060459 0.060485 0.060511 0.060537 0.060561 0.060586 0.060609 0.060632 0.060654 0.060675 0.060696 0.060716 0.060734 0.060752 0.060770 0.060786 0.060802 0.060816 0.060830 0.060843 0.060855 0.060867 0.060878 0.060888 0.060897 0.060906 0.060914 0.060921 0.060928 0.060934 0.060940 0.060945 0.060950 0.060954 0.060958 0.060962 0.060965 0.060968 0.060970 0.060972 0.060974 0.060976 0.060977 0.060978 0.060979 0.060979 0.060980 0.060980 0.060979 0.060979 0.060978 0.060977 0.060976 0.060974 0.060972 0.060970 0.060968 0.060965 0.060962 0.060958 0.060954 0.060950 0.060945 0.060940 0.060934 0.060928 0.060921 0.060914 0.060906 0.060897 0.060888 0.060878 0.060867 0.060855 0.060843 0.060830 0.060816 0.060802 0.060786 0.060770 0.060752 0.060734 0.060716 0.060696 0.060675 0.060654 0.060632 0.060609 0.060586 0.060561 0.060537 0.060511 0.060485 0.060459 0.060433 0.060406 0.060379 0.060352 0.060325 0.060298 0.060271 0.060244 0.060218 0.060192 0.060167 0.060142 0.060118 0.060094 0.060070 0.060047 0.060023 0.059999 0.059974 0.059948 0.059920 0.059889 0.059854 0.059813 0.059765 0.059708 0.059638 0.059553 0.059449 0.059322 0.059165 0.058972 0.058737 0.058449 0.058100 0.057676 0.057167 0.056557 0.055831 0.054975 0.053973 0.052811 0.051478 0.049968 0.048281 0.046434 0.044463 0.042433 0.040438 0.038586 0.036929 0.035287 0.032862 0.027646
0.030827 0.036459 0.039476 0.041817 0.044225 0.046841 0.049586 0.052331 0.054965 0.057417 0.059645 0.061634 0.063384 0.064908 0.066219 0.067339 0.068285 0.069079 0.069741 0.070288 0.070738 0.071105 0.071404 0.071645 0.071838 0.071993 0.072116 0.072214 0.072291 0.072352 0.072400 0.072438 0.072469 0.072495 0.072516 0.072535 0.072552 0.072568 0.072583 0.072599 0.072614 0.072631 0.072648 0.072666 0.072684 0.072704 0.072724 0.072745 0.072766 0.072788 0.072811 0.072833 0.072856 0.072880 0.072903 0.072926 0.072949 0.072971 0.072994 0.073016 0.073037 0.073058 0.073078 0.073098 0.073117 0.073135 0.073153 0.073170 0.073186 0.073201 0.073216 0.073230 0.073243 0.073255 0.073267 0.073278 0.073288 0.073297 0.073306 0.073314 0.073322 0.073329 0.073336 0.073342 0.073347 0.073352 0.073357 0.073361 0.073365 0.073368 0.073371 0.073374 0.073376 0.073378 0.073380 0.073381 0.073383 0.073384 0.073384 0.073385 0.073385 0.073385 0.073385 0.073384 0.073384 0.073383 0.073381 0.073380 0.073378 0.073376 0.073374 0.073371 0.073368 0.073365 0.073361 0.073357 0.073352 0.073347 0.073342 0.073336 0.073329 0.073322 0.073314 0.073306 0.073297 0.073288 0.073278 0.073267 0.073255 0.073243 0.073230 0.073216 0.073201 0.073186 0.073170 0.073153 0.073135 0.073117 0.073098 0.073078 0.073058 0.073037 0.073016 0.072994 0.072971 0.072949 0.072926 0.072903 0.072880 0.072856 0.072833 0.072811 0.072788 0.072766 0.072745 0.072724 0.072704 0.072684 0.072666 0.072648 0.072631 0.072614 0.072599 0.072583 0.072568 0.072552 0.072535 0.072516 0.072495 0.072469 0.072438 0.072400 0.072352 0.072291 0.072214 0.072116 0.071993 0.071838 0.071645 0.071404 0.071105 0.070738 0.070288 0.069741 0.069079 0.068285 0.067339 0.066219 0.064908 0.063384 0.061634 0.059645 0.057417 0.054965 0.052331 0.049586 0.046841 0.044225 0.041817 0.039476 0.036459 0.030827
0.035100 0.041308 0.045087 0.048302 0.051631 0.055171 0.058814 0.062413 0.065842 0.069017 0.071896 0.074460 0.076716 0.078678 0.080366 0.081806 0.083021 0.084040 0.084886 0.085583 0.086153 0.086617 0.086990 0.087288 0.087524 0.087709 0.087853 0.087963 0.088047 0.088109 0.088155 0.088188 0.088211 0.088227 0.088239 0.088246 0.088252 0.088256 0.088260 0.088264 0.088269 0.088275 0.088282 0.088290 0.088300 0.088310 0.088322 0.088336 0.088350 0.088366 0.088382 0.088399 0.088417 0.088435 0.088454 0.088473 0.088492 0.088511 0.088530 0.088549 0.088568 0.088586 0.088604 0.088622 0.088639 0.088656 0.088672 0.088687 0.088702 0.088716 0.088730 0.088742 0.088755 0.088766 0.088777 0.088787 0.088797 0.088806 0.088814 0.088822 0.088829 0.088836 0.088842 0.088848 0.088853 0.088858 0.088862 0.088866 0.088869 0.088873 0.088875 0.088878 0.088880 0.088882 0.088884 0.088885 0.088886 0.088887 0.088888 0.088889 0.088889 0.088889 0.088889 0.088888 0.088887 0.088886 0.088885 0.088884 0.088882 0.088880 0.088878 0.088875 0.088873 0.088869 0.088866 0.088862 0.088858 0.088853 0.088848 0.088842 0.088836 0.088829 0.088822 0.088814 0.088806 0.088797 0.088787 0.088777 0.088766 0.088755 0.088742 0.088730 0.088716 0.088702 0.088687 0.088672 0.088656 0.088639 0.088622 0.088604 0.088586 0.088568 0.088549 0.088530 0.088511 0.088492 0.088473 0.088454 0.088435 0.088417 0.088399 0.088382 0.088366 0.088350 0.088336 0.088322 0.088310 0.088300 0.088290 0.088282 0.088275 0.088269 0.088264 0.088260 0.088256 0.088252 0.088246 0.088239 0.088227 0.088211 0.088188 0.088155 0.088109 0.088047 0.087963 0.087853 0.087709 0.087524 0.087288 0.086990 0.086617 0.086153 0.085583 0.084886 0.084040 0.083021 0.081806 0.080366 0.078678 0.076716 0.074460 0.071896 0.069017 0.065842 0.062413 0.058814 0.055171 0.051631 0.048302 0.045087 0.041308 0.035100
0.040721 0.047684 0.052417 0.056681 0.061083 0.065682 0.070352 0.074932 0.079287 0.083322 0.086982 0.090249 0.093127 0.095634 0.097794 0.099636 0.101193 0.102495 0.103575 0.104462 0.105185 0.105768 0.106235 0.106603 0.106890 0.107112 0.107279 0.107402 0.107491 0.107552 0.107591 0.107614 0.107625 0.107627 0.107622 0.107613 0.107602 0.107590 0.107577 0.107565 0.107554 0.107545 0.107537 0.107531 0.107528 0.107527 0.107527 0.107530 0.107535 0.107541 0.107549 0.107558 0.107568 0.107580 0.107592 0.107606 0.107619 0.107634 0.107648 0.107663 0.107678 0.107694 0.107709 0.107723 0.107738 0.107752 0.107766 0.107780 0.107793 0.107805 0.107817 0.107829 0.107840 0.107850 0.107860 0.107869 0.107878 0.107886 0.107894 0.107901 0.107908 0.107914 0.107920 0.107925 0.107930 0.107934 0.107938 0.107942 0.107945 0.107948 0.107951 0.107953 0.107956 0.107957 0.107959 0.107960 0.107961 0.107962 0.107963 0.107963 0.107964 0.107964 0.107963 0.107963 0.107962 0.107961 0.107960 0.107959 0.107957 0.107956 0.107953 0.107951 0.107948 0.107945 0.107942 0.107938 0.107934 0.107930 0.107925 0.107920 0.107914 0.107908 0.107901 0.107894 0.107886 0.107878 0.107869 0.107860 0.107850 0.107840 0.107829 0.107817 0.107805 0.107793 0.107780 0.107766 0.107752 0.107738 0.107723 0.107709 0.107694 0.107678 0.107663 0.107648 0.107634 0.107619 0.107606 0.107592 0.107580 0.107568 0.107558 0.107549 0.107541 0.107535 0.107530 0.107527 0.107527 0.107528 0.107531 0.107537 0.107545 0.107554 0.107565 0.107577 0.107590 0.107602 0.107613 0.107622 0.107627 0.107625 0.107614 0.107591 0.107552 0.107491 0.107402 0.107279 0.107112 0.106890 0.106603 0.106235 0.105768 0.105185 0.104462 0.103575 0.102495 0.101193 0.099636 0.097794 0.095634 0.093127 0.090249 0.086982 0.083322 0.079287 0.074932 0.070352 0.065682 0.061083 0.056681 0.052417 0.047684 0.040721
0.047960 0.055841 0.061703 0.067146 0.072712 0.078442 0.084228 0.089920 0.095376 0.100480 0.105154 0.109359 0.113086 0.116347 0.119169 0.121582 0.123623 0.125332 0.126748 0.127909 0.128851 0.129606 0.130204 0.130672 0.131030 0.131300 0.131497 0.131636 0.131729 0.131784 0.131812 0.131818 0.131807 0.131785 0.131755 0.131720 0.131682 0.131642 0.131604 0.131566 0.131530 0.131498 0.131468 0.131441 0.131418 0.131398 0.131381 0.131367 0.131356 0.131348 0.131343 0.131340 0.131339 0.131341 0.131344 0.131348 0.131354 0.131361 0.131369 0.131378 0.131387 0.131397 0.131408 0.131418 0.131429 0.131440 0.131450 0.131461 0.131471 0.131482 0.131491 0.131501 0.131510 0.131519 0.131527 0.131535 0.131543 0.131550 0.131557 0.131563 0.131569 0.131575 0.131580 0.131584 0.131589 0.131593 0.131596 0.131600 0.131603 0.131605 0.131608 0.131610 0.131612 0.131614 0.131615 0.131616 0.131617 0.131618 0.131619 0.131619 0.131619 0.131619 0.131619 0.131619 0.131618 0.131617 0.131616 0.131615 0.131614 0.131612 0.131610 0.131608 0.131605 0.131603 0.131600 0.131596 0.131593 0.131589 0.131584 0.131580 0.131575 0.131569 0.131563 0.131557 0.131550 0.131543 0.131535 0.131527 0.131519 0.131510 0.131501 0.131491 0.131482 0.131471 0.131461 0.131450 0.131440 0.131429 0.131418 0.131408 0.131397 0.131387 0.131378 0.131369 0.131361 0.131354 0.131348 0.131344 0.131341 0.131339 0.131340 0.131343 0.131348 0.131356 0.131367 0.131381 0.131398 0.131418 0.131441 0.131468 0.131498 0.131530 0.131566 0.131604 0.131642 0.131682 0.131720 0.131755 0.131785 0.131807 0.131818 0.131812 0.131784 0.131729 0.131636 0.131497 0.131300 0.131030 0.130672 0.130204 0.129606 0.128851 0.127909 0.126748 0.125332 0.123623 0.121582 0.119169 0.116347 0.113086 0.109359 0.105154 0.100480 0.095376 0.089920 0.084228 0.078442 0.072712 0.067146 0.061703 0.055841 0.047960
0.057074 0.065917 0.072984 0.079629 0.086345 0.093230 0.100264 0.107357 0.114358 0.121091 0.127397 0.133165 0.138338 0.142904 0.146877 0.150292 0.153188 0.155615 0.157624 0.159266 0.160592 0.161647 0.162474 0.163111 0.163591 0.163941 0.164186 0.164348 0.164442 0.164485 0.164487 0.164459 0.164409 0.164342 0.164266 0.164182 0.164096 0.164009 0.163923 0.163841 0.163762 0.163688 0.163618 0.163555 0.163496 0.163444 0.163396 0.163354 0.163317 0.163285 0.163257 0.163234 0.163214 0.163197 0.163184 0.163174 0.163166 0.163161 0.163158 0.163156 0.163156 0.163158 0.163160 0.163164 0.163168 0.163173 0.163179 0.163185 0.163191 0.163197 0.163204 0.163210 0.163216 0.163223 0.163229 0.163235 0.163241 0.163246 0.163251 0.163256 0.163261 0.163266 0.163270 0.163274 0.163277 0.163281 0.163284 0.163286 0.163289 0.163291 0.163293 0.163295 0.163297 0.163298 0.163299 0.163301 0.163301 0.163302 0.163303 0.163303 0.163303 0.163303 0.163303 0.163303 0.163302 0.163301 0.163301 0.163299 0.163298 0.163297 0.163295 0.163293 0.163291 0.163289 0.163286 0.163284 0.163281 0.163277 0.163274 0.163270 0.163266 0.163261 0.163256 0.163251 0.163246 0.163241 0.163235 0.163229 0.163223 0.163216 0.163210 0.163204 0.163197 0.163191 0.163185 0.163179 0.163173 0.163168 0.163164 0.163160 0.163158 0.163156 0.163156 0.163158 0.163161 0.163166 0.163174 0.163184 0.163197 0.163214 0.163234 0.163257 0.163285 0.163317 0.163354 0.163396 0.163444 0.163496 0.163555 0.163618 0.163688 0.163762 0.163841 0.163923 0.164009 0.164096 0.164182 0.164266 0.164342 0.164409 0.164459 0.164487 0.164485 0.164442 0.164348 0.164186 0.163941 0.163591 0.163111 0.162474 0.161647 0.160592 0.159266 0.157624 0.155615 0.153188 0.150292 0.146877 0.142904 0.138338 0.133165 0.127397 0.121091 0.114358 0.107357 0.100264 0.093230 0.086345 0.079629 0.072984 0.065917 0.057074
0.068235 0.077752 0.085918 0.093709 0.101630 0.109969 0.118932 0.128539 0.138582 0.148692 0.158467 0.167587 0.175860 0.183205 0.189616 0.195128 0.199801 0.203707 0.206927 0.209543 0.211637 0.213286 0.214561 0.215525 0.216232 0.216730 0.217059 0.217254 0.217343 0.217350 0.217294 0.217192 0.217057 0.216899 0.216727 0.216546 0.216363 0.216181 0.216003 0.215831 0.215668 0.215513 0.215368 0.215234 0.215109 0.214995 0.214890 0.214795 0.214709 0.214632 0.214562 0.214501 0.214446 0.214398 0.214356 0.214319 0.214288 0.214261 0.214238 0.214219 0.214203 0.214190 0.214179 0.214171 0.214165 0.214160 0.214157 0.214156 0.214155 0.214155 0.214156 0.214158 0.214160 0.214162 0.214165 0.214168 0.214171 0.214174 0.214177 0.214180 0.214184 0.214187 0.214189 0.214192 0.214195 0.214197 0.214199 0.214202 0.214203 0.214205 0.214207 0.214208 0.214210 0.214211 0.214212 0.214213 0.214213 0.214214 0.214214 0.214215 0.214215 0.214215 0.214215 0.214214 0.214214 0.214213 0.214213 0.214212 0.214211 0.214210 0.214208 0.214207 0.214205 0.214203 0.214202 0.214199 0.214197 0.214195 0.214192 0.214189 0.214187 0.214184 0.214180 0.214177 0.214174 0.214171 0.214168 0.214165 0.214162 0.214160 0.214158 0.214156 0.214155 0.214155 0.214156 0.214157 0.214160 0.214165 0.214171 0.214179 0.214190 0.214203 0.214219 0.214238 0.214261 0.214288 0.214319 0.214356 0.214398 0.214446 0.214501 0.214562 0.214632 0.214709 0.214795 0.214890 0.214995 0.215109 0.215234 0.215368 0.215513 0.215668 0.215831 0.216003 0.216181 0.216363 0.216546 0.216727 0.216899 0.217057 0.217192 0.217294 0.217350 0.217343 0.217254 0.217059 0.216730 0.216232 0.215525 0.214561 0.213286 0.211637 0.209543 0.206927 0.203707 0.199801 0.195128 0.189616 0.183205 0.175860 0.167587 0.158467 0.148692 0.138582 0.128539 0.118932 0.109969 0.101630 0.093709 0.085918 0.077752 0.068235
0.081357 0.090692 0.099886 0.109320 0.119586 0.131337 0.145124 0.161044 0.178581 0.196775 0.214588 0.231206 0.246158 0.259270 0.270562 0.280145 0.288170 0.294801 0.300202 0.304539 0.307965 0.310625 0.312646 0.314141 0.315208 0.315927 0.316370 0.316594 0.316647 0.316570 0.316395 0.316149 0.315853 0.315525 0.315177 0.314820 0.314463 0.314112 0.313770 0.313443 0.313132 0.312838 0.312563 0.312307 0.312069 0.311850 0.311649 0.311466 0.311299 0.311147 0.311010 0.310887 0.310776 0.310678 0.310590 0.310512 0.310443 0.310383 0.310330 0.310284 0.310244 0.310209 0.310180 0.310155 0.310133 0.310116 0.310101 0.310089 0.310079 0.310071 0.310065 0.310061 0.310057 0.310055 0.310053 0.310053 0.310053 0.310053 0.310054 0.310055 0.310056 0.310058 0.310059 0.310061 0.310063 0.310064 0.310066 0.310067 0.310069 0.310070 0.310071 0.310072 0.310073 0.310074 0.310075 0.310076 0.310076 0.310077 0.310077 0.310078 0.310078 0.310078 0.310078 0.310077 0.310077 0.310076 0.310076 0.310075 0.310074 0.310073 0.310072 0.310071 0.310070 0.310069 0.310067 0.310066 0.310064 0.310063 0.310061 0.310059 0.310058 0.310056 0.310055 0.310054 0.310053 0.310053 0.310053 0.310053 0.310055 0.310057 0.310061 0.310065 0.310071 0.310079 0.310089 0.310101 0.310116 0.310133 0.310155 0.310180 0.310209 0.310244 0.310284 0.310330 0.310383 0.310443 0.310512 0.310590 0.310678 0.310776 0.310887 0.311010 0.311147 0.311299 0.311466 0.311649 0.311850 0.312069 0.312307 0.312563 0.312838 0.313132 0.313443 0.313770 0.314112 0.314463 0.314820 0.315177 0.315525 0.315853 0.316149 0.316395 0.316570 0.316647 0.316594 0.316370 0.315927 0.315208 0.314141 0.312646 0.310625 0.307965 0.304539 0.300202 0.294801 0.288170 0.280145 0.270562 0.259270 0.246158 0.231206 0.214588 0.196775 0.178581 0.161044 0.145124 0.131337 0.119586 0.109320 0.099886 0.090692 0.081357
0.095668 0.103786 0.115462 0.130055 0.148126 0.170488 0.197645 0.229070 0.263006 0.297049 0.329006 0.357473 0.381923 0.402452 0.419462 0.433430 0.444808 0.453989 0.461318 0.467097 0.471587 0.475016 0.477577 0.479434 0.480724 0.481559 0.482036 0.482231 0.482209 0.482022 0.481712 0.481315 0.480858 0.480363 0.479848 0.479325 0.478806 0.478298 0.477807 0.477337 0.476892 0.476472 0.476080 0.475714 0.475376 0.475064 0.474778 0.474516 0.474278 0.474061 0.473865 0.473689 0.473530 0.473389 0.473262 0.473150 0.473050 0.472962 0.472885 0.472817 0.472758 0.472707 0.472663 0.472625 0.472592 0.472565 0.472542 0.472522 0.472506 0.472493 0.472482 0.472474 0.472467 0.472462 0.472458 0.472456 0.472454 0.472453 0.472453 0.472453 0.472454 0.472455 0.472456 0.472457 0.472458 0.472460 0.472461 0.472463 0.472464 0.472465 0.472467 0.472468 0.472469 0.472470 0.472471 0.472471 0.472472 0.472473 0.472473 0.472473 0.472473 0.472473 0.472473 0.472473 0.472473 0.472472 0.472471 0.472471 0.472470 0.472469 0.472468 0.472467 0.472465 0.472464 0.472463 0.472461 0.472460 0.472458 0.472457 0.472456 0.472455 0.472454 0.472453 0.472453 0.472453 0.472454 0.472456 0.472458 0.472462 0.472467 0.472474 0.472482 0.472493 0.472506 0.472522 0.472542 0.472565 0.472592 0.472625 0.472663 0.472707 0.472758 0.472817 0.472885 0.472962 0.473050 0.473150 0.473262 0.473389 0.473530 0.473689 0.473865 0.474061 0.474278 0.474516 0.474778 0.475064 0.475376 0.475714 0.476080 0.476472 0.476892 0.477337 0.477807 0.478298 0.478806 0.479325 0.479848 0.480363 0.480858 0.481315 0.481712 0.482022 0.482209 0.482231 0.482036 0.481559 0.480724 0.479434 0.477577 0.475016 0.471587 0.467097 0.461318 0.453989 0.444808 0.433430 0.419462 0.402452 0.381923 0.357473 0.329006 0.297049 0.263006 0.229070 0.197645 0.170488 0.148126 0.130055 0.115462 0.103786 0.095668
0.108894 0.117323 0.138867 0.171027 0.212665 0.261846 0.315856 0.371266 0.424385 0.472104 0.512643 0.545699 0.572000 0.592700 0.608961 0.621747 0.631805 0.639697 0.645854 0.650615 0.654253 0.656989 0.659000 0.660431 0.661401 0.662006 0.662322 0.662414 0.662334 0.662123 0.661817 0.661442 0.661021 0.660571 0.660107 0.659639 0.659176 0.658725 0.658289 0.657873 0.657478 0.657107 0.656760 0.656437 0.656137 0.655862 0.655609 0.655378 0.655167 0.654976 0.654804 0.654649 0.654509 0.654385 0.654274 0.654176 0.654089 0.654013 0.653946 0.653888 0.653837 0.653794 0.653756 0.653725 0.653698 0.653675 0.653656 0.653641 0.653629 0.653619 0.653611 0.653605 0.653601 0.653598 0.653596 0.653595 0.653595 0.653596 0.653597 0.653598 0.653600 0.653601 0.653603 0.653605 0.653607 0.653609 0.653611 0.653613 0.653615 0.653617 0.653618 0.653620 0.653621 0.653622 0.653623 0.653624 0.653625 0.653625 0.653626 0.653626 0.653626 0.653626 0.653626 0.653626 0.653625 0.653625 0.653624 0.653623 0.653622 0.653621 0.653620 0.653618 0.653617 0.653615 0.653613 0.653611 0.653609 0.653607 0.653605 0.653603 0.653601 0.653600 0.653598 0.653597 0.653596 0.653595 0.653595 0.653596 0.653598 0.653601 0.653605 0.653611 0.653619 0.653629 0.653641 0.653656 0.653675 0.653698 0.653725 0.653756 0.653794 0.653837 0.653888 0.653946 0.654013 0.654089 0.654176 0.654274 0.654385 0.654509 0.654649 0.654804 0.654976 0.655167 0.655378 0.655609 0.655862 0.656137 0.656437 0.656760 0.657107 0.657478 0.657873 0.658289 0.658725 0.659176 0.659639 0.660107 0.660571 0.661021 0.661442 0.661817 0.662123 0.662334 0.662414 0.662322 0.662006 0.661401 0.660431 0.659000 0.656989 0.654253 0.650615 0.645854 0.639697 0.631805 0.621747 0.608961 0.592700 0.572000 0.545699 0.512643 0.472104 0.424385 0.371266 0.315856 0.261846 0.212665 0.171027 0.138867 0.117323 0.108894
0.116691 0.136357 0.188205 0.264697 0.352538 0.436790 0.509840 0.570579 0.619858 0.658735 0.688518 0.710815 0.727318 0.739534 0.748654 0.755536 0.760773 0.764775 0.767829 0.770145 0.771882 0.773164 0.774085 0.774723 0.775136 0.775372 0.775469 0.775459 0.775366 0.775211 0.775010 0.774777 0.774522 0.774255 0.773982 0.773709 0.773440 0.773178 0.772925 0.772685 0.772456 0.772242 0.772041 0.771854 0.771682 0.771523 0.771377 0.771244 0.771123 0.771014 0.770915 0.770827 0.770748 0.770678 0.770616 0.770561 0.770514 0.770472 0.770436 0.770406 0.770380 0.770358 0.770340 0.770325 0.770313 0.770303 0.770296 0.770290 0.770286 0.770284 0.770283 0.770283 0.770283 0.770285 0.770286 0.770289 0.770291 0.770294 0.770297 0.770300 0.770303 0.770306 0.770309 0.770312 0.770314 0.770317 0.770319 0.770322 0.770324 0.770326 0.770328 0.770329 0.770331 0.770332 0.770333 0.770334 0.770335 0.770336 0.770336 0.770336 0.770336 0.770336 0.770336 0.770336 0.770336 0.770335 0.770334 0.770333 0.770332 0.770331 0.770329 0.770328 0.770326 0.770324 0.770322 0.770319 0.770317 0.770314 0.770312 0.770309 0.770306 0.770303 0.770300 0.770297 0.770294 0.770291 0.770289 0.770286 0.770285 0.770283 0.770283 0.770283 0.770284 0.770286 0.770290 0.770296 0.770303 0.770313 0.770325 0.770340 0.770358 0.770380 0.770406 0.770436 0.770472 0.770514 0.770561 0.770616 0.770678 0.770748 0.770827 0.770915 0.771014 0.771123 0.771244 0.771377 0.771523 0.771682 0.771854 0.772041 0.772242 0.772456 0.772685 0.772925 0.773178 0.773440 0.773709 0.773982 0.774255 0.774522 0.774777 0.775010 0.775211 0.775366 0.775459 0.775469 0.775372 0.775136 0.774723 0.774085 0.773164 0.771882 0.770145 0.767829 0.764775 0.760773 0.755536 0.748654 0.739534 0.727318 0.710815 0.688518 0.658735 0.619858 0.570579 0.509840 0.436790 0.352538 0.264697 0.188205 0.136357 0.116691
0.114806 0.171718 0.286805 0.427968 0.549609 0.634508 0.690305 0.727920 0.754246 0.772900 0.785957 0.794908 0.800951 0.805023 0.807800 0.809731 0.811100 0.812083 0.812789 0.813292 0.813644 0.813879 0.814027 0.814107 0.814134 0.814120 0.814074 0.814002 0.813912 0.813808 0.813694 0.813572 0.813447 0.813321 0.813194 0.813069 0.812948 0.812830 0.812718 0.812611 0.812509 0.812414 0.812325 0.812243 0.812167 0.812097 0.812033 0.811975 0.811922 0.811875 0.811833 0.811796 0.811763 0.811735 0.811710 0.811689 0.811671 0.811657 0.811644 0.811635 0.811627 0.811622 0.811618 0.811616 0.811615 0.811615 0.811616 0.811618 0.811620 0.811623 0.811627 0.811631 0.811635 0.811639 0.811643 0.811648 0.811652 0.811656 0.811661 0.811665 0.811669 0.811672 0.811676 0.811679 0.811682 0.811685 0.811688 0.811690 0.811693 0.811695 0.811697 0.811698 0.811700 0.811701 0.811702 0.811703 0.811704 0.811705 0.811705 0.811706 0.811706 0.811706 0.811706 0.811705 0.811705 0.811704 0.811703 0.811702 0.811701 0.811700 0.811698 0.811697 0.811695 0.811693 0.811690 0.811688 0.811685 0.811682 0.811679 0.811676 0.811672 0.811669 0.811665 0.811661 0.811656 0.811652 0.811648 0.811643 0.811639 0.811635 0.811631 0.811627 0.811623 0.811620 0.811618 0.811616 0.811615 0.811615 0.811616 0.811618 0.811622 0.811627 0.811635 0.811644 0.811657 0.811671 0.811689 0.811710 0.811735 0.811763 0.811796 0.811833 0.811875 0.811922 0.811975 0.812033 0.812097 0.812167 0.812243 0.812325 0.812414 0.812509 0.812611 0.812718 0.812830 0.812948 0.813069 0.813194 0.813321 0.813447 0.813572 0.813694 0.813808 0.813912 0.814002 0.814074 0.814120 0.814134 0.814107 0.814027 0.813879 0.813644 0.813292 0.812789 0.812083 0.811100 0.809731 0.807800 0.805023 0.800951 0.794908 0.785957 0.772900 0.754246 0.727920 0.690305 0.634508 0.549609 0.427968 0.286805 0.171718 0.114806
0.100456 0.226446 0.423164 0.600657 0.709178 0.763597 0.789316 0.801915 0.808654 0.812428 0.814390 0.815146 0.815140 0.814723 0.814135 0.813521 0.812950 0.812448 0.812018 0.811654 0.811349 0.811093 0.810879 0.810699 0.810547 0.810417 0.810305 0.810205 0.810116 0.810035 0.809961 0.809891 0.809826 0.809764 0.809705 0.809649 0.809595 0.809544 0.809496 0.809451 0.809408 0.809368 0.809330 0.809296 0.809264 0.809235 0.809208 0.809184 0.809163 0.809145 0.809128 0.809114 0.809103 0.809093 0.809085 0.809079 0.809074 0.809071 0.809070 0.809069 0.809070 0.809071 0.809074 0.809077 0.809081 0.809085 0.809090 0.809095 0.809100 0.809105 0.809111 0.809116 0.809121 0.809127 0.809132 0.809137 0.809142 0.809147 0.809152 0.809156 0.809160 0.809164 0.809168 0.809171 0.809175 0.809178 0.809180 0.809183 0.809185 0.809187 0.809189 0.809191 0.809192 0.809194 0.809195 0.809196 0.809196 0.809197 0.809197 0.809198 0.809198 0.809198 0.809198 0.809197 0.809197 0.809196 0.809196 0.809195 0.809194 0.809192 0.809191 0.809189 0.809187 0.809185 0.809183 0.809180 0.809178 0.809175 0.809171 0.809168 0.809164 0.809160 0.809156 0.809152 0.809147 0.809142 0.809137 0.809132 0.809127 0.809121 0.809116 0.809111 0.809105 0.809100 0.809095 0.809090 0.809085 0.809081 0.809077 0.809074 0.809071 0.809070 0.809069 0.809070 0.809071 0.809074 0.809079 0.809085 0.809093 0.809103 0.809114 0.809128 0.809145 0.809163 0.809184 0.809208 0.809235 0.809264 0.809296 0.809330 0.809368 0.809408 0.809451 0.809496 0.809544 0.809595 0.809649 0.809705 0.809764 0.809826 0.809891 0.809961 0.810035 0.810116 0.810205 0.810305 0.810417 0.810547 0.810699 0.810879 0.811093 0.811349 0.811654 0.812018 0.812448 0.812950 0.813521 0.814135 0.814723 0.815140 0.815146 0.814390 0.812428 0.808654 0.801915 0.789316 0.763597 0.709178 0.600657 0.423164 0.226446 0.100456
0.062235 0.282895 0.547377 0.718479 0.792830 0.817043 0.820768 0.817991 0.814043 0.810430 0.807317 0.804596 0.802201 0.800125 0.798368 0.796918 0.795740 0.794792 0.794032 0.793424 0.792938 0.792549 0.792237 0.791988 0.791786 0.791623 0.791489 0.791379 0.791285 0.791206 0.791136 0.791075 0.791019 0.790968 0.790921 0.790877 0.790835 0.790796 0.790759 0.790724 0.790691 0.790659 0.790630 0.790603 0.790577 0.790554 0.790533 0.790514 0.790496 0.790481 0.790467 0.790456 0.790446 0.790437 0.790430 0.790425 0.790421 0.790419 0.790417 0.790417 0.790417 0.790419 0.790421 0.790423 0.790427 0.790430 0.790434 0.790439 0.790443 0.790448 0.790453 0.790458 0.790463 0.790467 0.790472 0.790477 0.790481 0.790486 0.790490 0.790494 0.790497 0.790501 0.790504 0.790507 0.790510 0.790513 0.790516 0.790518 0.790520 0.790522 0.790524 0.790525 0.790526 0.790528 0.790529 0.790529 0.790530 0.790531 0.790531 0.790531 0.790532 0.790532 0.790531 0.790531 0.790531 0.790530 0.790529 0.790529 0.790528 0.790526 0.790525 0.790524 0.790522 0.790520 0.790518 0.790516 0.790513 0.790510 0.790507 0.790504 0.790501 0.790497 0.790494 0.790490 0.790486 0.790481 0.790477 0.790472 0.790467 0.790463 0.790458 0.790453 0.790448 0.790443 0.790439 0.790434 0.790430 0.790427 0.790423 0.790421 0.790419 0.790417 0.790417 0.790417 0.790419 0.790421 0.790425 0.790430 0.790437 0.790446 0.790456 0.790467 0.790481 0.790496 0.790514 0.790533 0.790554 0.790577 0.790603 0.790630 0.790659 0.790691 0.790724 0.790759 0.790796 0.790835 0.790877 0.790921 0.790968 0.791019 0.791075 0.791136 0.791206 0.791285 0.791379 0.791489 0.791623 0.791786 0.791988 0.792237 0.792549 0.792938 0.793424 0.794032 0.794792 0.795740 0.796918 0.798368 0.800125 0.802201 0.804596 0.807317 0.810430 0.814043 0.817991 0.820768 0.817043 0.792830 0.718479 0.547377 0.282895 0.062235
0.000000 0.348134 0.649502 0.779433 0.821684 0.825850 0.817678 0.807818 0.799698 0.793703 0.789308 0.785965 0.783328 0.781216 0.779527 0.778187 0.777131 0.776299 0.775641 0.775119 0.774702 0.774366 0.774093 0.773869 0.773684 0.773527 0.773393 0.773276 0.773173 0.773079 0.772992 0.772912 0.772837 0.772765 0.772696 0.772631 0.772568 0.772508 0.772450 0.772395 0.772342 0.772292 0.772245 0.772200 0.772158 0.772119 0.772083 0.772050 0.772019 0.771991 0.771965 0.771942 0.771922 0.771904 0.771888 0.771874 0.771862 0.771852 0.771843 0.771836 0.771831 0.771827 0.771824 0.771822 0.771820 0.771820 0.771820 0.771821 0.771823 0.771825 0.771827 0.771829 0.771832 0.771835 0.771838 0.771841 0.771844 0.771847 0.771850 0.771852 0.771855 0.771858 0.771860 0.771863 0.771865 0.771867 0.771869 0.771871 0.771872 0.771874 0.771875 0.771877 0.771878 0.771879 0.771879 0.771880 0.771881 0.771881 0.771882 0.771882 0.771882 0.771882 0.771882 0.771882 0.771881 0.771881 0.771880 0.771879 0.771879 0.771878 0.771877 0.771875 0.771874 0.771872 0.771871 0.771869 0.771867 0.771865 0.771863 0.771860 0.771858 0.771855 0.771852 0.771850 0.771847 0.771844 0.771841 0.771838 0.771835 0.771832 0.771829 0.771827 0.771825 0.771823 0.771821 0.771820 0.771820 0.771820 0.771822 0.771824 0.771827 0.771831 0.771836 0.771843 0.771852 0.771862 0.771874 0.771888 0.771904 0.771922 0.771942 0.771965 0.771991 0.772019 0.772050 0.772083 0.772119 0.772158 0.772200 0.772245 0.772292 0.772342 0.772395 0.772450 0.772508 0.772568 0.772631 0.772696 0.772765 0.772837 0.772912 0.772992 0.773079 0.773173 0.773276 0.773393 0.773527 0.773684 0.773869 0.774093 0.774366 0.774702 0.775119 0.775641 0.776299 0.777131 0.778187 0.779527 0.781216 0.783328 0.785965 0.789308 0.793703 0.799698 0.807818 0.817678 0.825850 0.821684 0.779433 0.649502 0.348134 0.000000
0.000000 0.560353 0.729726 0.805687 0.822341 0.815579 0.802855 0.791398 0.783090 0.777563 0.773908 0.771379 0.769529 0.768128 0.767055 0.766233 0.765600 0.765110 0.764723 0.764413 0.764157 0.763942 0.763755 0.763590 0.763441 0.763302 0.763172 0.763047 0.762926 0.762809 0.762694 0.762582 0.762471 0.762364 0.762258 0.762156 0.762056 0.761959 0.761866 0.761777 0.761691 0.761609 0.761531 0.761458 0.761388 0.761323 0.761262 0.761205 0.761152 0.761104 0.761059 0.761018 0.760981 0.760947 0.760916 0.760888 0.760864 0.760842 0.760823 0.760806 0.760791 0.760778 0.760767 0.760758 0.760750 0.760743 0.760738 0.760734 0.760731 0.760728 0.760726 0.760725 0.760725 0.760725 0.760725 0.760726 0.760726 0.760727 0.760728 0.760730 0.760731 0.760732 0.760734 0.760735 0.760736 0.760738 0.760739 0.760740 0.760741 0.760742 0.760743 0.760744 0.760745 0.760745 0.760746 0.760747 0.760747 0.760747 0.760748 0.760748 0.760748 0.760748 0.760748 0.760748 0.760747 0.760747 0.760747 0.760746 0.760745 0.760745 0.760744 0.760743 0.760742 0.760741 0.760740 0.760739 0.760738 0.760736 0.760735 0.760734 0.760732 0.760731 0.760730 0.760728 0.760727 0.760726 0.760726 0.760725 0.760725 0.760725 0.760725 0.760726 0.760728 0.760731 0.760734 0.760738 0.760743 0.760750 0.760758 0.760767 0.760778 0.760791 0.760806 0.760823 0.760842 0.760864 0.760888 0.760916 0.760947 0.760981 0.761018 0.761059 0.761104 0.761152 0.761205 0.761262 0.761323 0.761388 0.761458 0.761531 0.761609 0.761691 0.761777 0.761866 0.761959 0.762056 0.762156 0.762258 0.762364 0.762471 0.762582 0.762694 0.762809 0.762926 0.763047 0.763172 0.763302 0.763441 0.763590 0.763755 0.763942 0.764157 0.764413 0.764723 0.765110 0.765600 0.766233 0.767055 0.768128 0.769529 0.771379 0.773908 0.777563 0.783090 0.791398 0.802855 0.815579 0.822341 0.805687 0.729726 0.560353 0.000000
1.000000 0.743566 0.793487 0.813517 0.812605 0.801324 0.788800 0.779023 0.772644 0.768879 0.766722 0.765440 0.764620 0.764064 0.763674 0.763399 0.763199 0.763047 0.762923 0.762812 0.762706 0.762600 0.762490 0.762374 0.762253 0.762126 0.761994 0.761857 0.761716 0.761572 0.761426 0.761280 0.761134 0.760988 0.760845 0.760704 0.760566 0.760432 0.760303 0.760178 0.760058 0.759943 0.759834 0.759730 0.759632 0.759540 0.759454 0.759372 0.759297 0.759227 0.759162 0.759102 0.759046 0.758996 0.758950 0.758908 0.758870 0.758835 0.758804 0.758776 0.758752 0.758730 0.758710 0.758693 0.758678 0.758665 0.758654 0.758644 0.758636 0.758629 0.758623 0.758618 0.758614 0.758611 0.758608 0.758606 0.758604 0.758603 0.758602 0.758602 0.758602 0.758602 0.758602 0.758602 0.758602 0.758603 0.758603 0.758604 0.758604 0.758605 0.758605 0.758606 0.758606 0.758606 0.758607 0.758607 0.758607 0.758608 0.758608 0.758608 0.758608 0.758608 0.758608 0.758608 0.758608 0.758607 0.758607 0.758607 0.758606 0.758606 0.758606 0.758605 0.758605 0.758604 0.758604 0.758603 0.758603 0.758602 0.758602 0.758602 0.758602 0.758602 0.758602 0.758602 0.758603 0.758604 0.758606 0.758608 0.758611 0.758614 0.758618 0.758623 0.758629 0.758636 0.758644 0.758654 0.758665 0.758678 0.758693 0.758710 0.758730 0.758752 0.758776 0.758804 0.758835 0.758870 0.758908 0.758950 0.758996 0.759046 0.759102 0.759162 0.759227 0.759297 0.759372 0.759454 0.759540 0.759632 0.759730 0.759834 0.759943 0.760058 0.760178 0.760303 0.760432 0.760566 0.760704 0.760845 0.760988 0.761134 0.761280 0.761426 0.761572 0.761716 0.761857 0.761994 0.762126 0.762253 0.762374 0.762490 0.762600 0.762706 0.762812 0.762923 0.763047 0.763199 0.763399 0.763674 0.764064 0.764620 0.765440 0.766722 0.768879 0.772644 0.779023 0.788800 0.801324 0.812605 0.813517 0.793487 0.743566 1.000000
0.950532 0.865077 0.820276 0.811512 0.801635 0.790511 0.780907 0.774291 0.770501 0.768657 0.767899 0.767655 0.767628 0.767685 0.767773 0.767866 0.767949 0.768011 0.768047 0.768056 0.768036 0.767989 0.767918 0.767826 0.767714 0.767586 0.767445 0.767293 0.767132 0.766965 0.766793 0.766619 0.766444 0.766269 0.766095 0.765924 0.765757 0.765594 0.765436 0.765283 0.765137 0.764996 0.764862 0.764735 0.764614 0.764500 0.764392 0.764292 0.764197 0.764110 0.764028 0.763952 0.763882 0.763818 0.763758 0.763704 0.763655 0.763610 0.763569 0.763532 0.763498 0.763468 0.763442 0.763418 0.763396 0.763377 0.763361 0.763346 0.763333 0.763322 0.763313 0.763304 0.763297 0.763291 0.763286 0.763281 0.763278 0.763275 0.763272 0.763270 0.763269 0.763267 0.763266 0.763265 0.763265 0.763265 0.763264 0.763264 0.763264 0.763264 0.763264 0.763264 0.763264 0.763264 0.763265 0.763265 0.763265 0.763265 0.763265 0.763265 0.763265 0.763265 0.763265 0.763265 0.763265 0.763265 0.763265 0.763265 0.763264 0.763264 0.763264 0.763264 0.763264 0.763264 0.763264 0.763264 0.763265 0.763265 0.763265 0.763266 0.763267 0.763269 0.763270 0.763272 0.763275 0.763278 0.763281 0.763286 0.763291 0.763297 0.763304 0.763313 0.763322 0.763333 0.763346 0.763361 0.763377 0.763396 0.763418 0.763442 0.763468 0.763498 0.763532 0.763569 0.763610 0.763655 0.763704 0.763758 0.763818 0.763882 0.763952 0.764028 0.764110 0.764197 0.764292 0.764392 0.764500 0.764614 0.764735 0.764862 0.764996 0.765137 0.765283 0.765436 0.765594 0.765757 0.765924 0.766095 0.766269 0.766444 0.766619 0.766793 0.766965 0.767132 0.767293 0.767445 0.767586 0.767714 0.767826 0.767918 0.767989 0.768036 0.768056 0.768047 0.768011 0.767949 0.767866 0.767773 0.767685 0.767628 0.767655 0.767899 0.768657 0.770501 0.774291 0.780907 0.790511 0.801635 0.811512 0.820276 0.865077 0.950532
0.887205 0.846926 0.820404 0.803941 0.793639 0.785619 0.779891 0.776499 0.774943 0.774518 0.774645 0.774971 0.775334 0.775669 0.775958 0.776196 0.776381 0.776515 0.776599 0.776639 0.776637 0.776600 0.776531 0.776435 0.776316 0.776177 0.776023 0.775855 0.775678 0.775493 0.775303 0.775110 0.774916 0.774722 0.774529 0.774339 0.774153 0.773972 0.773796 0.773626 0.773462 0.773305 0.773155 0.773012 0.772876 0.772747 0.772626 0.772512 0.772405 0.772305 0.772211 0.772124 0.772044 0.771969 0.771900 0.771837 0.771779 0.771726 0.771678 0.771634 0.771594 0.771558 0.771525 0.771496 0.771470 0.771446 0.771425 0.771407 0.771390 0.771376 0.771363 0.771352 0.771343 0.771334 0.771327 0.771321 0.771315 0.771311 0.771307 0.771303 0.771301 0.771298 0.771296 0.771295 0.771293 0.771292 0.771292 0.771291 0.771290 0.771290 0.771290 0.771289 0.771289 0.771289 0.771289 0.771289 0.771289 0.771289 0.771289 0.771289 0.771289 0.771289 0.771289 0.771289 0.771289 0.771289 0.771289 0.771289 0.771289 0.771289 0.771289 0.771290 0.771290 0.771290 0.771291 0.771292 0.771292 0.771293 0.771295 0.771296 0.771298 0.771301 0.771303 0.771307 0.771311 0.771315 0.771321 0.771327 0.771334 0.771343 0.771352 0.771363 0.771376 0.771390 0.771407 0.771425 0.771446 0.771470 0.771496 0.771525 0.771558 0.771594 0.771634 0.771678 0.771726 0.771779 0.771837 0.771900 0.771969 0.772044 0.772124 0.772211 0.772305 0.772405 0.772512 0.772626 0.772747 0.772876 0.773012 0.773155 0.773305 0.773462 0.773626 0.773796 0.773972 0.774153 0.774339 0.774529 0.774722 0.774916 0.775110 0.775303 0.775493 0.775678 0.775855 0.776023 0.776177 0.776316 0.776435 0.776531 0.776600 0.776637 0.776639 0.776599 0.776515 0.776381 0.776196 0.775958 0.775669 0.775334 0.774971 0.774645 0.774518 0.774943 0.776499 0.779891 0.785619 0.793639 0.803941 0.820404 0.846926 0.887205
0.819541 0.819348 0.807323 0.797454 0.790702 0.786484 0.784089 0.783048 0.782891 0.783191 0.783653 0.784122 0.784538 0.784886 0.785168 0.785387 0.785546 0.785652 0.785708 0.785720 0.785693 0.785632 0.785542 0.785427 0.785290 0.785135 0.784965 0.784784 0.784593 0.784396 0.784194 0.783990 0.783785 0.783580 0.783377 0.783177 0.782981 0.782789 0.782603 0.782423 0.782249 0.782083 0.781923 0.781771 0.781625 0.781488 0.781358 0.781235 0.781120 0.781011 0.780910 0.780816 0.780728 0.780646 0.780571 0.780501 0.780437 0.780378 0.780324 0.780275 0.780230 0.780190 0.780153 0.780119 0.780089 0.780062 0.780038 0.780017 0.779998 0.779981 0.779965 0.779952 0.779940 0.779930 0.779921 0.779913 0.779906 0.779901 0.779896 0.779891 0.779887 0.779884 0.779882 0.779879 0.779877 0.779876 0.779875 0.779873 0.779873 0.779872 0.779871 0.779871 0.779870 0.779870 0.779870 0.779870 0.779869 0.779869 0.779869 0.779869 0.779869 0.779869 0.779869 0.779869 0.779869 0.779869 0.779870 0.779870 0.779870 0.779870 0.779871 0.779871 0.779872 0.779873 0.779873 0.779875 0.779876 0.779877 0.779879 0.779882 0.779884 0.779887 0.779891 0.779896 0.779901 0.779906 0.779913 0.779921 0.779930 0.779940 0.779952 0.779965 0.779981 0.779998 0.780017 0.780038 0.780062 0.780089 0.780119 0.780153 0.780190 0.780230 0.780275 0.780324 0.780378 0.780437 0.780501 0.780571 0.780646 0.780728 0.780816 0.780910 0.781011 0.781120 0.781235 0.781358 0.781488 0.781625 0.781771 0.781923 0.782083 0.782249 0.782423 0.782603 0.782789 0.782981 0.783177 0.783377 0.783580 0.783785 0.783990 0.784194 0.784396 0.784593 0.784784 0.784965 0.785135 0.785290 0.785427 0.785542 0.785632 0.785693 0.785720 0.785708 0.785652 0.785546 0.785387 0.785168 0.784886 0.784538 0.784122 0.783653 0.783191 0.782891 0.783048 0.784089 0.786484 0.790702 0.797454 0.807323 0.819348 0.819541
0.797345 0.803713 0.799922 0.795496 0.792697 0.791383 0.791057 0.791262 0.791690 0.792160 0.792588 0.792945 0.793234 0.793461 0.793634 0.793757 0.793833 0.793867 0.793861 0.793822 0.793752 0.793655 0.793534 0.793393 0.793235 0.793063 0.792879 0.792685 0.792483 0.792277 0.792066 0.791854 0.791642 0.791430 0.791221 0.791015 0.790812 0.790615 0.790423 0.790236 0.790057 0.789884 0.789718 0.789559 0.789408 0.789264 0.789127 0.788998 0.788877 0.788763 0.788656 0.788555 0.788462 0.788375 0.788294 0.788220 0.788151 0.788087 0.788029 0.787975 0.787927 0.787882 0.787842 0.787805 0.787772 0.787742 0.787715 0.787691 0.787670 0.787650 0.787633 0.787618 0.787605 0.787593 0.787582 0.787573 0.787565 0.787558 0.787552 0.787547 0.787542 0.787538 0.787535 0.787532 0.787530 0.787528 0.787526 0.787524 0.787523 0.787522 0.787521 0.787521 0.787520 0.787520 0.787519 0.787519 0.787519 0.787519 0.787518 0.787518 0.787518 0.787518 0.787518 0.787518 0.787519 0.787519 0.787519 0.787519 0.787520 0.787520 0.787521 0.787521 0.787522 0.787523 0.787524 0.787526 0.787528 0.787530 0.787532 0.787535 0.787538 0.787542 0.787547 0.787552 0.787558 0.787565 0.787573 0.787582 0.787593 0.787605 0.787618 0.787633 0.787650 0.787670 0.787691 0.787715 0.787742 0.787772 0.787805 0.787842 0.787882 0.787927 0.787975 0.788029 0.788087 0.788151 0.788220 0.788294 0.788375 0.788462 0.788555 0.788656 0.788763 0.788877 0.788998 0.789127 0.789264 0.789408 0.789559 0.789718 0.789884 0.790057 0.790236 0.790423 0.790615 0.790812 0.791015 0.791221 0.791430 0.791642 0.791854 0.792066 0.792277 0.792483 0.792685 0.792879 0.793063 0.793235 0.793393 0.793534 0.793655 0.793752 0.793822 0.793861 0.793867 0.793833 0.793757 0.793634 0.793461 0.793234 0.792945 0.792588 0.792160 0.791690 0.791262 0.791057 0.791383 0.792697 0.795496 0.799922 0.803713 0.797345
0.807014 0.802681 0.800123 0.798402 0.797864 0.798139 0.798728 0.799332 0.799816 0.800162 0.800398 0.800560 0.800673 0.800750 0.800795 0.800811 0.800796 0.800754 0.800685 0.800592 0.800478 0.800345 0.800195 0.800029 0.799851 0.799661 0.799463 0.799257 0.799045 0.798830 0.798612 0.798393 0.798174 0.797957 0.797742 0.797530 0.797322 0.797119 0.796921 0.796729 0.796544 0.796365 0.796194 0.796029 0.795872 0.795723 0.795581 0.795446 0.795319 0.795200 0.795087 0.794982 0.794883 0.794791 0.794706 0.794626 0.794553 0.794485 0.794423 0.794365 0.794313 0.794265 0.794221 0.794182 0.794146 0.794113 0.794083 0.794057 0.794033 0.794012 0.793993 0.793976 0.793961 0.793948 0.793936 0.793926 0.793917 0.793909 0.793902 0.793896 0.793890 0.793886 0.793882 0.793878 0.793875 0.793873 0.793871 0.793869 0.793868 0.793866 0.793865 0.793864 0.793864 0.793863 0.793862 0.793862 0.793862 0.793861 0.793861 0.793861 0.793861 0.793861 0.793861 0.793861 0.793861 0.793862 0.793862 0.793862 0.793863 0.793864 0.793864 0.793865 0.793866 0.793868 0.793869 0.793871 0.793873 0.793875 0.793878 0.793882 0.793886 0.793890 0.793896 0.793902 0.793909 0.793917 0.793926 0.793936 0.793948 0.793961 0.793976 0.793993 0.794012 0.794033 0.794057 0.794083 0.794113 0.794146 0.794182 0.794221 0.794265 0.794313 0.794365 0.794423 0.794485 0.794553 0.794626 0.794706 0.794791 0.794883 0.794982 0.795087 0.795200 0.795319 0.795446 0.795581 0.795723 0.795872 0.796029 0.796194 0.796365 0.796544 0.796729 0.796921 0.797119 0.797322 0.797530 0.797742 0.797957 0.798174 0.798393 0.798612 0.798830 0.799045 0.799257 0.799463 0.799661 0.799851 0.800029 0.800195 0.800345 0.800478 0.800592 0.800685 0.800754 0.800796 0.800811 0.800795 0.800750 0.800673 0.800560 0.800398 0.800162 0.799816 0.799332 0.798728 0.798139 0.797864 0.798402 0.800123 0.802681 0.807014
0.816953 0.808362 0.804807 0.803896 0.804257 0.805084 0.805884 0.806448 0.806767 0.806906 0.806940 0.806924 0.806887 0.806839 0.806779 0.806706 0.806618 0.806513 0.806392 0.806256 0.806105 0.805941 0.805764 0.805577 0.805380 0.805175 0.804963 0.804745 0.804523 0.804299 0.804072 0.803846 0.803620 0.803395 0.803173 0.802955 0.802741 0.802531 0.802327 0.802129 0.801938 0.801753 0.801575 0.801404 0.801241 0.801085 0.800937 0.800797 0.800664 0.800538 0.800420 0.800309 0.800206 0.800109 0.800018 0.799934 0.799856 0.799784 0.799718 0.799657 0.799601 0.799549 0.799502 0.799459 0.799420 0.799385 0.799353 0.799324 0.799299 0.799275 0.799255 0.799236 0.799219 0.799205 0.799192 0.799180 0.799170 0.799161 0.799153 0.799146 0.799140 0.799135 0.799131 0.799127 0.799123 0.799120 0.799118 0.799116 0.799114 0.799113 0.799111 0.799110 0.799109 0.799109 0.799108 0.799107 0.799107 0.799107 0.799106 0.799106 0.799106 0.799106 0.799106 0.799106 0.799107 0.799107 0.799107 0.799108 0.799109 0.799109 0.799110 0.799111 0.799113 0.799114 0.799116 0.799118 0.799120 0.799123 0.799127 0.799131 0.799135 0.799140 0.799146 0.799153 0.799161 0.799170 0.799180 0.799192 0.799205 0.799219 0.799236 0.799255 0.799275 0.799299 0.799324 0.799353 0.799385 0.799420 0.799459 0.799502 0.799549 0.799601 0.799657 0.799718 0.799784 0.799856 0.799934 0.800018 0.800109 0.800206 0.800309 0.800420 0.800538 0.800664 0.800797 0.800937 0.801085 0.801241 0.801404 0.801575 0.801753 0.801938 0.802129 0.802327 0.802531 0.802741 0.802955 0.803173 0.803395 0.803620 0.803846 0.804072 0.804299 0.804523 0.804745 0.804963 0.805175 0.805380 0.805577 0.805764 0.805941 0.806105 0.806256 0.806392 0.806513 0.806618 0.806706 0.806779 0.806839 0.806887 0.806924 0.806940 0.806906 0.806767 0.806448 0.805884 0.805084 0.804257 0.803896 0.804807 0.808362 0.816953
0.823623 0.814519 0.810663 0.809925 0.810510 0.811394 0.812100 0.812496 0.812625 0.812589 0.812475 0.812337 0.812198 0.812065 0.811933 0.811798 0.811656 0.811506 0.811346 0.811176 0.810997 0.810808 0.810610 0.810403 0.810190 0.809970 0.809745 0.809515 0.809283 0.809048 0.808813 0.808577 0.808343 0.808111 0.807881 0.807655 0.807433 0.807216 0.807005 0.806800 0.806601 0.806409 0.806224 0.806047 0.805877 0.805715 0.805560 0.805413 0.805274 0.805142 0.805018 0.804902 0.804792 0.804690 0.804595 0.804506 0.804423 0.804347 0.804276 0.804211 0.804151 0.804097 0.804046 0.804000 0.803959 0.803921 0.803886 0.803855 0.803827 0.803802 0.803780 0.803759 0.803741 0.803725 0.803711 0.803698 0.803687 0.803677 0.803669 0.803661 0.803654 0.803648 0.803643 0.803639 0.803635 0.803632 0.803629 0.803627 0.803625 0.803623 0.803621 0.803620 0.803619 0.803618 0.803617 0.803617 0.803616 0.803616 0.803616 0.803616 0.803615 0.803615 0.803616 0.803616 0.803616 0.803616 0.803617 0.803617 0.803618 0.803619 0.803620 0.803621 0.803623 0.803625 0.803627 0.803629 0.803632 0.803635 0.803639 0.803643 0.803648 0.803654 0.803661 0.803669 0.803677 0.803687 0.803698 0.803711 0.803725 0.803741 0.803759 0.803780 0.803802 0.803827 0.803855 0.803886 0.803921 0.803959 0.804000 0.804046 0.804097 0.804151 0.804211 0.804276 0.804347 0.804423 0.804506 0.804595 0.804690 0.804792 0.804902 0.805018 0.805142 0.805274 0.805413 0.805560 0.805715 0.805877 0.806047 0.806224 0.806409 0.806601 0.806800 0.807005 0.807216 0.807433 0.807655 0.807881 0.808111 0.808343 0.808577 0.808813 0.809048 0.809283 0.809515 0.809745 0.809970 0.810190 0.810403 0.810610 0.810808 0.810997 0.811176 0.811346 0.811506 0.811656 0.811798 0.811933 0.812065 0.812198 0.812337 0.812475 0.812589 0.812625 0.812496 0.812100 0.811394 0.810510 0.809925 0.810663 0.814519 0.823623
0.828445 0.819795 0.816111 0.815478 0.816081 0.816880 0.817441 0.817682 0.817677 0.817533 0.817333 0.817126 0.816929 0.816744 0.816566 0.816391 0.816213 0.816031 0.815843 0.815648 0.815445 0.815236 0.815020 0.814797 0.814569 0.814335 0.814097 0.813856 0.813613 0.813368 0.813123 0.812878 0.812635 0.812394 0.812156 0.811922 0.811692 0.811467 0.811248 0.811035 0.810828 0.810629 0.810437 0.810252 0.810075 0.809906 0.809744 0.809591 0.809445 0.809308 0.809178 0.809055 0.808940 0.808833 0.808732 0.808639 0.808552 0.808471 0.808396 0.808327 0.808264 0.808205 0.808152 0.808103 0.808058 0.808018 0.807981 0.807948 0.807918 0.807891 0.807866 0.807845 0.807825 0.807808 0.807792 0.807778 0.807766 0.807755 0.807746 0.807738 0.807730 0.807724 0.807718 0.807713 0.807709 0.807706 0.807702 0.807700 0.807697 0.807695 0.807694 0.807692 0.807691 0.807690 0.807689 0.807689 0.807688 0.807688 0.807687 0.807687 0.807687 0.807687 0.807687 0.807687 0.807688 0.807688 0.807689 0.807689 0.807690 0.807691 0.807692 0.807694 0.807695 0.807697 0.807700 0.807702 0.807706 0.807709 0.807713 0.807718 0.807724 0.807730 0.807738 0.807746 0.807755 0.807766 0.807778 0.807792 0.807808 0.807825 0.807845 0.807866 0.807891 0.807918 0.807948 0.807981 0.808018 0.808058 0.808103 0.808152 0.808205 0.808264 0.808327 0.808396 0.808471 0.808552 0.808639 0.808732 0.808833 0.808940 0.809055 0.809178 0.809308 0.809445 0.809591 0.809744 0.809906 0.810075 0.810252 0.810437 0.810629 0.810828 0.811035 0.811248 0.811467 0.811692 0.811922 0.812156 0.812394 0.812635 0.812878 0.813123 0.813368 0.813613 0.813856 0.814097 0.814335 0.814569 0.814797 0.815020 0.815236 0.815445 0.815648 0.815843 0.816031 0.816213 0.816391 0.816566 0.816744 0.816929 0.817126 0.817333 0.817533 0.817677 0.817682 0.817441 0.816880 0.816081 0.815478 0.816111 0.819795 0.828445
0.832476 0.824320 0.820901 0.820372 0.820967 0.821684 0.822138 0.822283 0.822204 0.822007 0.821768 0.821527 0.821300 0.821086 0.820880 0.820678 0.820476 0.820270 0.820060 0.819845 0.819625 0.819398 0.819166 0.818929 0.818687 0.818441 0.818191 0.817939 0.817685 0.817430 0.817176 0.816922 0.816669 0.816419 0.816173 0.815930 0.815692 0.815459 0.815232 0.815011 0.814797 0.814590 0.814391 0.814199 0.814014 0.813838 0.813670 0.813510 0.813358 0.813215 0.813079 0.812951 0.812831 0.812718 0.812613 0.812514 0.812423 0.812338 0.812259 0.812186 0.812119 0.812058 0.812001 0.811949 0.811902 0.811859 0.811820 0.811785 0.811752 0.811724 0.811698 0.811674 0.811653 0.811635 0.811618 0.811603 0.811590 0.811578 0.811568 0.811559 0.811551 0.811544 0.811538 0.811533 0.811528 0.811524 0.811521 0.811518 0.811515 0.811513 0.811511 0.811509 0.811508 0.811507 0.811506 0.811505 0.811505 0.811504 0.811504 0.811504 0.811504 0.811504 0.811504 0.811504 0.811504 0.811505 0.811505 0.811506 0.811507 0.811508 0.811509 0.811511 0.811513 0.811515 0.811518 0.811521 0.811524 0.811528 0.811533 0.811538 0.811544 0.811551 0.811559 0.811568 0.811578 0.811590 0.811603 0.811618 0.811635 0.811653 0.811674 0.811698 0.811724 0.811752 0.811785 0.811820 0.811859 0.811902 0.811949 0.812001 0.812058 0.812119 0.812186 0.812259 0.812338 0.812423 0.812514 0.812613 0.812718 0.812831 0.812951 0.813079 0.813215 0.813358 0.813510 0.813670 0.813838 0.814014 0.814199 0.814391 0.814590 0.814797 0.815011 0.815232 0.815459 0.815692 0.815930 0.816173 0.816419 0.816669 0.816922 0.817176 0.817430 0.817685 0.817939 0.818191 0.818441 0.818687 0.818929 0.819166 0.819398 0.819625 0.819845 0.820060 0.820270 0.820476 0.820678 0.820880 0.821086 0.821300 0.821527 0.821768 0.822007 0.822204 0.822283 0.822138 0.821684 0.820967 0.820372 0.820901 0.824320 0.832476
0.836208 0.828401 0.825206 0.824766 0.825358 0.826025 0.826419 0.826514 0.826403 0.826186 0.825933 0.825679 0.825436 0.825205 0.824981 0.824760 0.824539 0.824316 0.824089 0.823857 0.823621 0.823380 0.823134 0.822884 0.822629 0.822372 0.822111 0.821848 0.821584 0.821320 0.821056 0.820792 0.820531 0.820273 0.820018 0.819767 0.819521 0.819281 0.819046 0.818818 0.818596 0.818382 0.818175 0.817976 0.817785 0.817603 0.817428 0.817262 0.817104 0.816955 0.816813 0.816680 0.816555 0.816437 0.816327 0.816224 0.816128 0.816039 0.815957 0.815880 0.815810 0.815745 0.815686 0.815631 0.815582 0.815536 0.815495 0.815457 0.815424 0.815393 0.815365 0.815341 0.815318 0.815298 0.815281 0.815265 0.815251 0.815238 0.815227 0.815218 0.815209 0.815202 0.815195 0.815189 0.815184 0.815180 0.815176 0.815173 0.815170 0.815168 0.815166 0.815164 0.815163 0.815161 0.815160 0.815160 0.815159 0.815158 0.815158 0.815158 0.815158 0.815158 0.815158 0.815158 0.815158 0.815159 0.815160 0.815160 0.815161 0.815163 0.815164 0.815166 0.815168 0.815170 0.815173 0.815176 0.815180 0.815184 0.815189 0.815195 0.815202 0.815209 0.815218 0.815227 0.815238 0.815251 0.815265 0.815281 0.815298 0.815318 0.815341 0.815365 0.815393 0.815424 0.815457 0.815495 0.815536 0.815582 0.815631 0.815686 0.815745 0.815810 0.815880 0.815957 0.816039 0.816128 0.816224 0.816327 0.816437 0.816555 0.816680 0.816813 0.816955 0.817104 0.817262 0.817428 0.817603 0.817785 0.817976 0.818175 0.818382 0.818596 0.818818 0.819046 0.819281 0.819521 0.819767 0.820018 0.820273 0.820531 0.820792 0.821056 0.821320 0.821584 0.821848 0.822111 0.822372 0.822629 0.822884 0.823134 0.823380 0.823621 0.823857 0.824089 0.824316 0.824539 0.824760 0.824981 0.825205 0.825436 0.825679 0.825933 0.826186 0.826403 0.826514 0.826419 0.826025 0.825358 0.824766 0.825206 0.828401 0.836208
0.839817 0.832245 0.829217 0.828848 0.829440 0.830079 0.830441 0.830513 0.830390 0.830168 0.829911 0.829651 0.829400 0.829158 0.828921 0.828685 0.828450 0.828211 0.827969 0.827724 0.827474 0.827220 0.826961 0.826699 0.826434 0.826165 0.825894 0.825622 0.825348 0.825075 0.824802 0.824531 0.824261 0.823995 0.823732 0.823474 0.823220 0.822972 0.822730 0.822495 0.822266 0.822045 0.821832 0.821627 0.821429 0.821241 0.821060 0.820888 0.820725 0.820570 0.820423 0.820285 0.820154 0.820032 0.819918 0.819811 0.819711 0.819618 0.819532 0.819453 0.819379 0.819311 0.819249 0.819192 0.819140 0.819092 0.819049 0.819010 0.818974 0.818942 0.818913 0.818886 0.818863 0.818842 0.818823 0.818806 0.818792 0.818778 0.818767 0.818756 0.818747 0.818739 0.818732 0.818726 0.818721 0.818716 0.818712 0.818709 0.818706 0.818703 0.818701 0.818699 0.818697 0.818696 0.818695 0.818694 0.818693 0.818693 0.818692 0.818692 0.818692 0.818692 0.818692 0.818692 0.818693 0.818693 0.818694 0.818695 0.818696 0.818697 0.818699 0.818701 0.818703 0.818706 0.818709 0.818712 0.818716 0.818721 0.818726 0.818732 0.818739 0.818747 0.818756 0.818767 0.818778 0.818792 0.818806 0.818823 0.818842 0.818863 0.818886 0.818913 0.818942 0.818974 0.819010 0.819049 0.819092 0.819140 0.819192 0.819249 0.819311 0.819379 0.819453 0.819532 0.819618 0.819711 0.819811 0.819918 0.820032 0.820154 0.820285 0.820423 0.820570 0.820725 0.820888 0.821060 0.821241 0.821429 0.821627 0.821832 0.822045 0.822266 0.822495 0.822730 0.822972 0.823220 0.823474 0.823732 0.823995 0.824261 0.824531 0.824802 0.825075 0.825348 0.825622 0.825894 0.826165 0.826434 0.826699 0.826961 0.827220 0.827474 0.827724 0.827969 0.828211 0.828450 0.828685 0.828921 0.829158 0.829400 0.829651 0.829911 0.830168 0.830390 0.830513 0.830441 0.830079 0.829440 0.828848 0.829217 0.832245 0.839817
0.843353 0.835954 0.833057 0.832742 0.833335 0.833953 0.834294 0.834354 0.834226 0.834003 0.833745 0.833483 0.833226 0.832974 0.832727 0.832479 0.832231 0.831980 0.831725 0.831467 0.831205 0.830939 0.830670 0.830397 0.830121 0.829843 0.829563 0.829281 0.828999 0.828717 0.828437 0.828157 0.827880 0.827606 0.827336 0.827071 0.826810 0.826556 0.826307 0.826065 0.825830 0.825603 0.825383 0.825172 0.824969 0.824774 0.824588 0.824411 0.824242 0.824082 0.823931 0.823788 0.823653 0.823526 0.823408 0.823297 0.823193 0.823097 0.823008 0.822925 0.822849 0.822778 0.822713 0.822654 0.822599 0.822550 0.822504 0.822463 0.822426 0.822392 0.822362 0.822334 0.822310 0.822288 0.822268 0.822250 0.822235 0.822221 0.822208 0.822198 0.822188 0.822179 0.822172 0.822166 0.822160 0.822155 0.822151 0.822147 0.822144 0.822141 0.822139 0.822137 0.822135 0.822134 0.822132 0.822131 0.822131 0.822130 0.822130 0.822129 0.822129 0.822129 0.822129 0.822130 0.822130 0.822131 0.822131 0.822132 0.822134 0.822135 0.822137 0.822139 0.822141 0.822144 0.822147 0.822151 0.822155 0.822160 0.822166 0.822172 0.822179 0.822188 0.822198 0.822208 0.822221 0.822235 0.822250 0.822268 0.822288 0.822310 0.822334 0.822362 0.822392 0.822426 0.822463 0.822504 0.822550 0.822599 0.822654 0.822713 0.822778 0.822849 0.822925 0.823008 0.823097 0.823193 0.823297 0.823408 0.823526 0.823653 0.823788 0.823931 0.824082 0.824242 0.824411 0.824588 0.824774 0.824969 0.825172 0.825383 0.825603 0.825830 0.826065 0.826307 0.826556 0.826810 0.827071 0.827336 0.827606 0.827880 0.828157 0.828437 0.828717 0.828999 0.829281 0.829563 0.829843 0.830121 0.830397 0.830670 0.830939 0.831205 0.831467 0.831725 0.831980 0.832231 0.832479 0.832727 0.832974 0.833226 0.833483 0.833745 0.834003 0.834226 0.834354 0.834294 0.833953 0.833335 0.832742 0.833057 0.835954 0.843353
0.846828 0.839573 0.836787 0.836514 0.837105 0.837704 0.838027 0.838077 0.837945 0.837721 0.837462 0.837197 0.836934 0.836676 0.836419 0.836162 0.835902 0.835640 0.835375 0.835105 0.834833 0.834557 0.834277 0.833995 0.833710 0.833422 0.833134 0.832844 0.832554 0.832265 0.831976 0.831690 0.831406 0.831125 0.830848 0.830576 0.830309 0.830048 0.829793 0.829545 0.829304 0.829071 0.828846 0.828629 0.828421 0.828221 0.828030 0.827847 0.827674 0.827509 0.827353 0.827206 0.827067 0.826936 0.826814 0.826699 0.826593 0.826493 0.826401 0.826315 0.826236 0.826163 0.826096 0.826034 0.825977 0.825926 0.825879 0.825836 0.825797 0.825762 0.825730 0.825702 0.825676 0.825653 0.825632 0.825614 0.825597 0.825583 0.825570 0.825558 0.825548 0.825539 0.825532 0.825525 0.825519 0.825514 0.825509 0.825505 0.825502 0.825499 0.825496 0.825494 0.825492 0.825491 0.825490 0.825489 0.825488 0.825487 0.825487 0.825486 0.825486 0.825486 0.825486 0.825487 0.825487 0.825488 0.825489 0.825490 0.825491 0.825492 0.825494 0.825496 0.825499 0.825502 0.825505 0.825509 0.825514 0.825519 0.825525 0.825532 0.825539 0.825548 0.825558 0.825570 0.825583 0.825597 0.825614 0.825632 0.825653 0.825676 0.825702 0.825730 0.825762 0.825797 0.825836 0.825879 0.825926 0.825977 0.826034 0.826096 0.826163 0.826236 0.826315 0.826401 0.826493 0.826593 0.826699 0.826814 0.826936 0.827067 0.827206 0.827353 0.827509 0.827674 0.827847 0.828030 0.828221 0.828421 0.828629 0.828846 0.829071 0.829304 0.829545 0.829793 0.830048 0.830309 0.830576 0.830848 0.831125 0.831406 0.831690 0.831976 0.832265 0.832554 0.832844 0.833134 0.833422 0.833710 0.833995 0.834277 0.834557 0.834833 0.835105 0.835375 0.835640 0.835902 0.836162 0.836419 0.836676 0.836934 0.837197 0.837462 0.837721 0.837945 0.838077 0.838027 0.837704 0.837105 0.836514 0.836787 0.839573 0.846828
0.850246 0.843123 0.840436 0.840198 0.840783 0.841361 0.841666 0.841705 0.841568 0.841342 0.841081 0.840813 0.840545 0.840280 0.840015 0.839749 0.839481 0.839209 0.838934 0.838655 0.838373 0.838087 0.837799 0.837508 0.837214 0.836919 0.836623 0.836325 0.836028 0.835732 0.835437 0.835143 0.834853 0.834566 0.834283 0.834005 0.833732 0.833465 0.833205 0.832951 0.832705 0.832466 0.832236 0.832014 0.831800 0.831596 0.831400 0.831213 0.831035 0.830866 0.830706 0.830555 0.830412 0.830278 0.830152 0.830034 0.829924 0.829822 0.829726 0.829638 0.829556 0.829481 0.829411 0.829348 0.829289 0.829236 0.829187 0.829143 0.829103 0.829066 0.829033 0.829003 0.828977 0.828953 0.828931 0.828912 0.828895 0.828880 0.828866 0.828854 0.828844 0.828835 0.828826 0.828819 0.828813 0.828807 0.828803 0.828799 0.828795 0.828792 0.828789 0.828787 0.828785 0.828784 0.828782 0.828781 0.828780 0.828780 0.828779 0.828779 0.828779 0.828779 0.828779 0.828779 0.828780 0.828780 0.828781 0.828782 0.828784 0.828785 0.828787 0.828789 0.828792 0.828795 0.828799 0.828803 0.828807 0.828813 0.828819 0.828826 0.828835 0.828844 0.828854 0.828866 0.828880 0.828895 0.828912 0.828931 0.828953 0.828977 0.829003 0.829033 0.829066 0.829103 0.829143 0.829187 0.829236 0.829289 0.829348 0.829411 0.829481 0.829556 0.829638 0.829726 0.829822 0.829924 0.830034 0.830152 0.830278 0.830412 0.830555 0.830706 0.830866 0.831035 0.831213 0.831400 0.831596 0.831800 0.832014 0.832236 0.832466 0.832705 0.832951 0.833205 0.833465 0.833732 0.834005 0.834283 0.834566 0.834853 0.835143 0.835437 0.835732 0.836028 0.836325 0.836623 0.836919 0.837214 0.837508 0.837799 0.838087 0.838373 0.838655 0.838934 0.839209 0.839481 0.839749 0.840015 0.840280 0.840545 0.840813 0.841081 0.841342 0.841568 0.841705 0.841666 0.841361 0.840783 0.840198 0.840436 0.843123 0.850246
0.853612 0.846616 0.844019 0.843811 0.844385 0.844942 0.845227 0.845254 0.845111 0.844882 0.844619 0.844347 0.844075 0.843804 0.843532 0.843258 0.842981 0.842701 0.842417 0.842130 0.841840 0.841546 0.841250 0.840951 0.840650 0.840347 0.840044 0.839740 0.839436 0.839133 0.838832 0.838533 0.838237 0.837944 0.837655 0.837372 0.837093 0.836821 0.836556 0.836297 0.836046 0.835802 0.835567 0.835340 0.835122 0.834913 0.834713 0.834522 0.834340 0.834167 0.834003 0.833848 0.833702 0.833564 0.833435 0.833315 0.833202 0.833096 0.832999 0.832908 0.832824 0.832746 0.832675 0.832609 0.832549 0.832494 0.832444 0.832398 0.832356 0.832319 0.832285 0.832254 0.832226 0.832201 0.832179 0.832159 0.832142 0.832126 0.832112 0.832099 0.832088 0.832079 0.832070 0.832063 0.832056 0.832051 0.832046 0.832041 0.832038 0.832034 0.832032 0.832029 0.832027 0.832026 0.832024 0.832023 0.832022 0.832021 0.832021 0.832021 0.832020 0.832020 0.832021 0.832021 0.832021 0.832022 0.832023 0.832024 0.832026 0.832027 0.832029 0.832032 0.832034 0.832038 0.832041 0.832046 0.832051 0.832056 0.832063 0.832070 0.832079 0.832088 0.832099 0.832112 0.832126 0.832142 0.832159 0.832179 0.832201 0.832226 0.832254 0.832285 0.832319 0.832356 0.832398 0.832444 0.832494 0.832549 0.832609 0.832675 0.832746 0.832824 0.832908 0.832999 0.833096 0.833202 0.833315 0.833435 0.833564 0.833702 0.833848 0.834003 0.834167 0.834340 0.834522 0.834713 0.834913 0.835122 0.835340 0.835567 0.835802 0.836046 0.836297 0.836556 0.836821 0.837093 0.837372 0.837655 0.837944 0.838237 0.838533 0.838832 0.839133 0.839436 0.839740 0.840044 0.840347 0.840650 0.840951 0.841250 0.841546 0.841840 0.842130 0.842417 0.842701 0.842981 0.843258 0.843532 0.843804 0.844075 0.844347 0.844619 0.844882 0.845111 0.845254 0.845227 0.844942 0.844385 0.843811 0.844019 0.846616 0.853612
0.856935 0.850061 0.847546 0.847363 0.847925 0.848458 0.848722 0.848736 0.848586 0.848354 0.848088 0.847813 0.847536 0.847260 0.846982 0.846701 0.846417 0.846130 0.845839 0.845544 0.845246 0.844945 0.844642 0.844336 0.844028 0.843719 0.843410 0.843100 0.842790 0.842481 0.842174 0.841870 0.841568 0.841270 0.840976 0.840688 0.840405 0.840128 0.839857 0.839594 0.839338 0.839090 0.838851 0.838620 0.838398 0.838184 0.837980 0.837786 0.837600 0.837423 0.837256 0.837098 0.836949 0.836808 0.836676 0.836553 0.836437 0.836329 0.836229 0.836136 0.836050 0.835971 0.835897 0.835830 0.835768 0.835712 0.835660 0.835613 0.835570 0.835531 0.835496 0.835465 0.835436 0.835410 0.835388 0.835367 0.835349 0.835332 0.835318 0.835305 0.835294 0.835284 0.835275 0.835267 0.835260 0.835254 0.835249 0.835245 0.835241 0.835238 0.835235 0.835232 0.835230 0.835228 0.835227 0.835226 0.835225 0.835224 0.835224 0.835223 0.835223 0.835223 0.835223 0.835224 0.835224 0.835225 0.835226 0.835227 0.835228 0.835230 0.835232 0.835235 0.835238 0.835241 0.835245 0.835249 0.835254 0.835260 0.835267 0.835275 0.835284 0.835294 0.835305 0.835318 0.835332 0.835349 0.835367 0.835388 0.835410 0.835436 0.835465 0.835496 0.835531 0.835570 0.835613 0.835660 0.835712 0.835768 0.835830 0.835897 0.835971 0.836050 0.836136 0.836229 0.836329 0.836437 0.836553 0.836676 0.836808 0.836949 0.837098 0.837256 0.837423 0.837600 0.837786 0.837980 0.838184 0.838398 0.838620 0.838851 0.839090 0.839338 0.839594 0.839857 0.840128 0.840405 0.840688 0.840976 0.841270 0.841568 0.841870 0.842174 0.842481 0.842790 0.843100 0.843410 0.843719 0.844028 0.844336 0.844642 0.844945 0.845246 0.845544 0.845839 0.846130 0.846417 0.846701 0.846982 0.847260 0.847536 0.847813 0.848088 0.848354 0.848586 0.848736 0.848722 0.848458 0.847925 0.847363 0.847546 0.850061 0.856935
0.860219 0.853462 0.851027 0.850864 0.851411 0.851918 0.852162 0.852162 0.852005 0.851769 0.851500 0.851222 0.850941 0.850659 0.850376 0.850089 0.849799 0.849505 0.849207 0.848906 0.848602 0.848294 0.847984 0.847672 0.847359 0.847044 0.846728 0.846413 0.846098 0.845784 0.845472 0.845162 0.844856 0.844553 0.844255 0.843962 0.843674 0.843393 0.843118 0.842851 0.842591 0.842339 0.842096 0.841861 0.841635 0.841419 0.841211 0.841013 0.840824 0.840644 0.840474 0.840313 0.840161 0.840017 0.839883 0.839757 0.839639 0.839529 0.839427 0.839332 0.839244 0.839162 0.839087 0.839018 0.838955 0.838897 0.838844 0.838796 0.838752 0.838713 0.838677 0.838644 0.838615 0.838588 0.838565 0.838544 0.838525 0.838508 0.838493 0.838480 0.838468 0.838458 0.838449 0.838441 0.838434 0.838428 0.838422 0.838418 0.838414 0.838410 0.838407 0.838405 0.838403 0.838401 0.838399 0.838398 0.838397 0.838396 0.838396 0.838395 0.838395 0.838395 0.838395 0.838396 0.838396 0.838397 0.838398 0.838399 0.838401 0.838403 0.838405 0.838407 0.838410 0.838414 0.838418 0.838422 0.838428 0.838434 0.838441 0.838449 0.838458 0.838468 0.838480 0.838493 0.838508 0.838525 0.838544 0.838565 0.838588 0.838615 0.838644 0.838677 0.838713 0.838752 0.838796 0.838844 0.838897 0.838955 0.839018 0.839087 0.839162 0.839244 0.839332 0.839427 0.839529 0.839639 0.839757 0.839883 0.840017 0.840161 0.840313 0.840474 0.840644 0.840824 0.841013 0.841211 0.841419 0.841635 0.841861 0.842096 0.842339 0.842591 0.842851 0.843118 0.843393 0.843674 0.843962 0.844255 0.844553 0.844856 0.845162 0.845472 0.845784 0.846098 0.846413 0.846728 0.847044 0.847359 0.847672 0.847984 0.848294 0.848602 0.848906 0.849207 0.849505 0.849799 0.850089 0.850376 0.850659 0.850941 0.851222 0.851500 0.851769 0.852005 0.852162 0.852162 0.851918 0.851411 0.850864 0.851027 0.853462 0.860219
0.863469 0.856827 0.854465 0.854320 0.854850 0.855332 0.855554 0.855540 0.855376 0.855135 0.854863 0.854581 0.854297 0.854010 0.853722 0.853430 0.853134 0.852834 0.852530 0.852223 0.851913 0.851600 0.851284 0.850967 0.850648 0.850328 0.850007 0.849686 0.849366 0.849048 0.848731 0.848417 0.848106 0.847800 0.847497 0.847200 0.846909 0.846623 0.846345 0.846074 0.845811 0.845555 0.845309 0.845071 0.844841 0.844622 0.844411 0.844210 0.844018 0.843835 0.843662 0.843499 0.843344 0.843198 0.843062 0.842933 0.842813 0.842701 0.842597 0.842500 0.842411 0.842328 0.842251 0.842181 0.842116 0.842057 0.842003 0.841954 0.841909 0.841869 0.841832 0.841798 0.841768 0.841741 0.841717 0.841696 0.841676 0.841659 0.841644 0.841630 0.841618 0.841607 0.841598 0.841590 0.841583 0.841576 0.841571 0.841566 0.841562 0.841558 0.841555 0.841553 0.841550 0.841549 0.841547 0.841546 0.841545 0.841544 0.841543 0.841543 0.841543 0.841543 0.841543 0.841543 0.841544 0.841545 0.841546 0.841547 0.841549 0.841550 0.841553 0.841555 0.841558 0.841562 0.841566 0.841571 0.841576 0.841583 0.841590 0.841598 0.841607 0.841618 0.841630 0.841644 0.841659 0.841676 0.841696 0.841717 0.841741 0.841768 0.841798 0.841832 0.841869 0.841909 0.841954 0.842003 0.842057 0.842116 0.842181 0.842251 0.842328 0.842411 0.842500 0.842597 0.842701 0.842813 0.842933 0.843062 0.843198 0.843344 0.843499 0.843662 0.843835 0.844018 0.844210 0.844411 0.844622 0.844841 0.845071 0.845309 0.845555 0.845811 0.846074 0.846345 0.846623 0.846909 0.847200 0.847497 0.847800 0.848106 0.848417 0.848731 0.849048 0.849366 0.849686 0.850007 0.850328 0.850648 0.850967 0.851284 0.851600 0.851913 0.852223 0.852530 0.852834 0.853134 0.853430 0.853722 0.854010 0.854297 0.854581 0.854863 0.855135 0.855376 0.855540 0.855554 0.855332 0.854850 0.854320 0.854465 0.856827 0.863469
0.866690 0.860159 0.857866 0.857735 0.858248 0.858703 0.858903 0.858876 0.858703 0.858458 0.858183 0.857897 0.857609 0.857318 0.857025 0.856728 0.856427 0.856122 0.855813 0.855500 0.855185 0.854867 0.854546 0.854223 0.853899 0.853575 0.853249 0.852924 0.852600 0.852277 0.851957 0.851639 0.851324 0.851014 0.850708 0.850407 0.850112 0.849823 0.849542 0.849268 0.849001 0.848743 0.848493 0.848252 0.848020 0.847797 0.847584 0.847380 0.847186 0.847001 0.846826 0.846660 0.846503 0.846355 0.846216 0.846086 0.845964 0.845851 0.845745 0.845646 0.845555 0.845471 0.845393 0.845322 0.845256 0.845196 0.845141 0.845090 0.845045 0.845003 0.844966 0.844932 0.844901 0.844874 0.844849 0.844827 0.844807 0.844789 0.844774 0.844760 0.844747 0.844736 0.844727 0.844718 0.844711 0.844705 0.844699 0.844694 0.844690 0.844686 0.844683 0.844680 0.844678 0.844676 0.844674 0.844673 0.844672 0.844671 0.844671 0.844670 0.844670 0.844670 0.844670 0.844671 0.844671 0.844672 0.844673 0.844674 0.844676 0.844678 0.844680 0.844683 0.844686 0.844690 0.844694 0.844699 0.844705 0.844711 0.844718 0.844727 0.844736 0.844747 0.844760 0.844774 0.844789 0.844807 0.844827 0.844849 0.844874 0.844901 0.844932 0.844966 0.845003 0.845045 0.845090 0.845141 0.845196 0.845256 0.845322 0.845393 0.845471 0.845555 0.845646 0.845745 0.845851 0.845964 0.846086 0.846216 0.846355 0.846503 0.846660 0.846826 0.847001 0.847186 0.847380 0.847584 0.847797 0.848020 0.848252 0.848493 0.848743 0.849001 0.849268 0.849542 0.849823 0.850112 0.850407 0.850708 0.851014 0.851324 0.851639 0.851957 0.852277 0.852600 0.852924 0.853249 0.853575 0.853899 0.854223 0.854546 0.854867 0.855185 0.855500 0.855813 0.856122 0.856427 0.856728 0.857025 0.857318 0.857609 0.857897 0.858183 0.858458 0.858703 0.858876 0.858903 0.858703 0.858248 0.857735 0.857866 0.860159 0.866690
0.869882 0.863460 0.861233 0.861113 0.861607 0.862036 0.862215 0.862173 0.861992 0.861742 0.861463 0.861175 0.860882 0.860588 0.860290 0.859988 0.859682 0.859372 0.859058 0.858741 0.858421 0.858098 0.857772 0.857445 0.857117 0.856788 0.856459 0.856130 0.855802 0.855475 0.855151 0.854829 0.854511 0.854198 0.853888 0.853585 0.853287 0.852995 0.852711 0.852434 0.852165 0.851904 0.851651 0.851408 0.851174 0.850949 0.850733 0.850527 0.850330 0.850144 0.849966 0.849798 0.849640 0.849490 0.849349 0.849218 0.849094 0.848979 0.848872 0.848772 0.848680 0.848594 0.848515 0.848442 0.848376 0.848315 0.848259 0.848208 0.848161 0.848119 0.848081 0.848046 0.848015 0.847987 0.847962 0.847939 0.847919 0.847901 0.847885 0.847871 0.847858 0.847847 0.847837 0.847829 0.847821 0.847814 0.847809 0.847804 0.847799 0.847795 0.847792 0.847789 0.847787 0.847785 0.847783 0.847782 0.847781 0.847780 0.847780 0.847779 0.847779 0.847779 0.847779 0.847780 0.847780 0.847781 0.847782 0.847783 0.847785 0.847787 0.847789 0.847792 0.847795 0.847799 0.847804 0.847809 0.847814 0.847821 0.847829 0.847837 0.847847 0.847858 0.847871 0.847885 0.847901 0.847919 0.847939 0.847962 0.847987 0.848015 0.848046 0.848081 0.848119 0.848161 0.848208 0.848259 0.848315 0.848376 0.848442 0.848515 0.848594 0.848680 0.848772 0.848872 0.848979 0.849094 0.849218 0.849349 0.849490 0.849640 0.849798 0.849966 0.850144 0.850330 0.850527 0.850733 0.850949 0.851174 0.851408 0.851651 0.851904 0.852165 0.852434 0.852711 0.852995 0.853287 0.853585 0.853888 0.854198 0.854511 0.854829 0.855151 0.855475 0.855802 0.856130 0.856459 0.856788 0.857117 0.857445 0.857772 0.858098 0.858421 0.858741 0.859058 0.859372 0.859682 0.859988 0.860290 0.860588 0.860882 0.861175 0.861463 0.861742 0.861992 0.862173 0.862215 0.862036 0.861607 0.861113 0.861233 0.863460 0.869882
0.873048 0.866732 0.864567 0.864457 0.864931 0.865333 0.865490 0.865434 0.865246 0.864991 0.864708 0.864416 0.864119 0.863821 0.863518 0.863212 0.862901 0.862587 0.862269 0.861947 0.861622 0.861295 0.860965 0.860634 0.860302 0.859969 0.859636 0.859304 0.858972 0.858643 0.858315 0.857991 0.857670 0.857353 0.857041 0.856735 0.856434 0.856141 0.855854 0.855574 0.855303 0.855040 0.854785 0.854540 0.854303 0.854076 0.853859 0.853651 0.853453 0.853264 0.853085 0.852915 0.852755 0.852604 0.852462 0.852329 0.852204 0.852088 0.851979 0.851878 0.851785 0.851698 0.851618 0.851545 0.851477 0.851415 0.851358 0.851307 0.851260 0.851217 0.851178 0.851143 0.851111 0.851083 0.851057 0.851034 0.851014 0.850995 0.850979 0.850965 0.850952 0.850940 0.850930 0.850922 0.850914 0.850907 0.850901 0.850896 0.850892 0.850888 0.850885 0.850882 0.850879 0.850877 0.850876 0.850874 0.850873 0.850872 0.850872 0.850871 0.850871 0.850871 0.850871 0.850872 0.850872 0.850873 0.850874 0.850876 0.850877 0.850879 0.850882 0.850885 0.850888 0.850892 0.850896 0.850901 0.850907 0.850914 0.850922 0.850930 0.850940 0.850952 0.850965 0.850979 0.850995 0.851014 0.851034 0.851057 0.851083 0.851111 0.851143 0.851178 0.851217 0.851260 0.851307 0.851358 0.851415 0.851477 0.851545 0.851618 0.851698 0.851785 0.851878 0.851979 0.852088 0.852204 0.852329 0.852462 0.852604 0.852755 0.852915 0.853085 0.853264 0.853453 0.853651 0.853859 0.854076 0.854303 0.854540 0.854785 0.855040 0.855303 0.855574 0.855854 0.856141 0.856434 0.856735 0.857041 0.857353 0.857670 0.857991 0.858315 0.858643 0.858972 0.859304 0.859636 0.859969 0.860302 0.860634 0.860965 0.861295 0.861622 0.861947 0.862269 0.862587 0.862901 0.863212 0.863518 0.863821 0.864119 0.864416 0.864708 0.864991 0.865246 0.865434 0.865490 0.865333 0.864931 0.864457 0.864567 0.866732 0.873048
0.876187 0.869975 0.867870 0.867767 0.868221 0.868597 0.868732 0.868662 0.868465 0.868205 0.867918 0.867622 0.867322 0.867019 0.866712 0.866402 0.866087 0.865768 0.865445 0.865120 0.864791 0.864460 0.864126 0.863792 0.863456 0.863120 0.862783 0.862448 0.862113 0.861781 0.861451 0.861123 0.860800 0.860481 0.860167 0.859858 0.859556 0.859260 0.858971 0.858690 0.858416 0.858152 0.857895 0.857648 0.857410 0.857182 0.856962 0.856753 0.856553 0.856363 0.856183 0.856012 0.855850 0.855698 0.855555 0.855421 0.855295 0.855177 0.855068 0.854966 0.854872 0.854784 0.854703 0.854629 0.854561 0.854498 0.854441 0.854388 0.854341 0.854297 0.854258 0.854223 0.854190 0.854162 0.854136 0.854112 0.854092 0.854073 0.854056 0.854042 0.854029 0.854017 0.854007 0.853998 0.853990 0.853983 0.853977 0.853972 0.853968 0.853964 0.853960 0.853957 0.853955 0.853953 0.853951 0.853950 0.853949 0.853948 0.853947 0.853947 0.853946 0.853946 0.853947 0.853947 0.853948 0.853949 0.853950 0.853951 0.853953 0.853955 0.853957 0.853960 0.853964 0.853968 0.853972 0.853977 0.853983 0.853990 0.853998 0.854007 0.854017 0.854029 0.854042 0.854056 0.854073 0.854092 0.854112 0.854136 0.854162 0.854190 0.854223 0.854258 0.854297 0.854341 0.854388 0.854441 0.854498 0.854561 0.854629 0.854703 0.854784 0.854872 0.854966 0.855068 0.855177 0.855295 0.855421 0.855555 0.855698 0.855850 0.856012 0.856183 0.856363 0.856553 0.856753 0.856962 0.857182 0.857410 0.857648 0.857895 0.858152 0.858416 0.858690 0.858971 0.859260 0.859556 0.859858 0.860167 0.860481 0.860800 0.861123 0.861451 0.861781 0.862113 0.862448 0.862783 0.863120 0.863456 0.863792 0.864126 0.864460 0.864791 0.865120 0.865445 0.865768 0.866087 0.866402 0.866712 0.867019 0.867322 0.867622 0.867918 0.868205 0.868465 0.868662 0.868732 0.868597 0.868221 0.867767 0.867870 0.869975 0.876187
0.879299 0.873189 0.871141 0.871045 0.871477 0.871827 0.871941 0.871857 0.871652 0.871386 0.871095 0.870795 0.870491 0.870183 0.869873 0.869558 0.869239 0.868916 0.868590 0.868260 0.867928 0.867593 0.867256 0.866918 0.866579 0.866240 0.865901 0.865562 0.865225 0.864890 0.864558 0.864228 0.863903 0.863582 0.863266 0.862955 0.862651 0.862353 0.862063 0.861780 0.861506 0.861239 0.860982 0.860733 0.860494 0.860264 0.860044 0.859833 0.859632 0.859441 0.859260 0.859088 0.858925 0.858772 0.858628 0.858493 0.858366 0.858248 0.858138 0.858035 0.857940 0.857852 0.857770 0.857695 0.857626 0.857563 0.857505 0.857453 0.857404 0.857361 0.857321 0.857285 0.857253 0.857223 0.857197 0.857174 0.857153 0.857134 0.857117 0.857102 0.857089 0.857077 0.857067 0.857058 0.857050 0.857043 0.857037 0.857031 0.857027 0.857023 0.857019 0.857017 0.857014 0.857012 0.857010 0.857009 0.857008 0.857007 0.857006 0.857006 0.857005 0.857005 0.857006 0.857006 0.857007 0.857008 0.857009 0.857010 0.857012 0.857014 0.857017 0.857019 0.857023 0.857027 0.857031 0.857037 0.857043 0.857050 0.857058 0.857067 0.857077 0.857089 0.857102 0.857117 0.857134 0.857153 0.857174 0.857197 0.857223 0.857253 0.857285 0.857321 0.857361 0.857404 0.857453 0.857505 0.857563 0.857626 0.857695 0.857770 0.857852 0.857940 0.858035 0.858138 0.858248 0.858366 0.858493 0.858628 0.858772 0.858925 0.859088 0.859260 0.859441 0.859632 0.859833 0.860044 0.860264 0.860494 0.860733 0.860982 0.861239 0.861506 0.861780 0.862063 0.862353 0.862651 0.862955 0.863266 0.863582 0.863903 0.864228 0.864558 0.864890 0.865225 0.865562 0.865901 0.866240 0.866579 0.866918 0.867256 0.867593 0.867928 0.868260 0.868590 0.868916 0.869239 0.869558 0.869873 0.870183 0.870491 0.870795 0.871095 0.871386 0.871652 0.871857 0.871941 0.871827 0.871477 0.871045 0.871141 0.873189 0.879299
0.882384 0.876375 0.874382 0.874290 0.874701 0.875024 0.875118 0.875020 0.874806 0.874535 0.874239 0.873935 0.873627 0.873316 0.873001 0.872682 0.872359 0.872032 0.871702 0.871369 0.871033 0.870695 0.870355 0.870014 0.869672 0.869330 0.868988 0.868647 0.868308 0.867971 0.867637 0.867305 0.866978 0.866655 0.866338 0.866026 0.865720 0.865422 0.865130 0.864846 0.864570 0.864303 0.864044 0.863795 0.863555 0.863324 0.863103 0.862892 0.862690 0.862498 0.862316 0.862143 0.861980 0.861826 0.861681 0.861546 0.861418 0.861299 0.861188 0.861085 0.860990 0.860901 0.860819 0.860744 0.860674 0.860611 0.860552 0.860499 0.860451 0.860407 0.860367 0.860330 0.860298 0.860268 0.860242 0.860218 0.860197 0.860178 0.860161 0.860146 0.860132 0.860120 0.860110 0.860101 0.860093 0.860086 0.860080 0.860074 0.860070 0.860065 0.860062 0.860059 0.860056 0.860054 0.860053 0.860051 0.860050 0.860049 0.860048 0.860048 0.860048 0.860048 0.860048 0.860048 0.860049 0.860050 0.860051 0.860053 0.860054 0.860056 0.860059 0.860062 0.860065 0.860070 0.860074 0.860080 0.860086 0.860093 0.860101 0.860110 0.860120 0.860132 0.860146 0.860161 0.860178 0.860197 0.860218 0.860242 0.860268 0.860298 0.860330 0.860367 0.860407 0.860451 0.860499 0.860552 0.860611 0.860674 0.860744 0.860819 0.860901 0.860990 0.861085 0.861188 0.861299 0.861418 0.861546 0.861681 0.861826 0.861980 0.862143 0.862316 0.862498 0.862690 0.862892 0.863103 0.863324 0.863555 0.863795 0.864044 0.864303 0.864570 0.864846 0.865130 0.865422 0.865720 0.866026 0.866338 0.866655 0.866978 0.867305 0.867637 0.867971 0.868308 0.868647 0.868988 0.869330 0.869672 0.870014 0.870355 0.870695 0.871033 0.871369 0.871702 0.872032 0.872359 0.872682 0.873001 0.873316 0.873627 0.873935 0.874239 0.874535 0.874806 0.875020 0.875118 0.875024 0.874701 0.874290 0.874382 0.876375 0.882384
0.885442 0.879532 0.877591 0.877503 0.877893 0.878190 0.878263 0.878152 0.877929 0.877652 0.877352 0.877043 0.876731 0.876416 0.876097 0.875774 0.875447 0.875117 0.874783 0.874446 0.874107 0.873766 0.873423 0.873080 0.872735 0.872391 0.872047 0.871704 0.871363 0.871024 0.870688 0.870355 0.870026 0.869703 0.869384 0.869071 0.868764 0.868465 0.868172 0.867888 0.867611 0.867343 0.867084 0.866834 0.866593 0.866362 0.866140 0.865929 0.865726 0.865534 0.865351 0.865178 0.865015 0.864860 0.864715 0.864579 0.864451 0.864332 0.864221 0.864117 0.864021 0.863932 0.863850 0.863774 0.863704 0.863640 0.863582 0.863528 0.863480 0.863435 0.863395 0.863358 0.863326 0.863296 0.863269 0.863245 0.863224 0.863205 0.863188 0.863172 0.863159 0.863147 0.863136 0.863127 0.863119 0.863112 0.863106 0.863100 0.863095 0.863091 0.863088 0.863085 0.863082 0.863080 0.863078 0.863077 0.863076 0.863075 0.863074 0.863074 0.863073 0.863073 0.863074 0.863074 0.863075 0.863076 0.863077 0.863078 0.863080 0.863082 0.863085 0.863088 0.863091 0.863095 0.863100 0.863106 0.863112 0.863119 0.863127 0.863136 0.863147 0.863159 0.863172 0.863188 0.863205 0.863224 0.863245 0.863269 0.863296 0.863326 0.863358 0.863395 0.863435 0.863480 0.863528 0.863582 0.863640 0.863704 0.863774 0.863850 0.863932 0.864021 0.864117 0.864221 0.864332 0.864451 0.864579 0.864715 0.864860 0.865015 0.865178 0.865351 0.865534 0.865726 0.865929 0.866140 0.866362 0.866593 0.866834 0.867084 0.867343 0.867611 0.867888 0.868172 0.868465 0.868764 0.869071 0.869384 0.869703 0.870026 0.870355 0.870688 0.871024 0.871363 0.871704 0.872047 0.872391 0.872735 0.873080 0.873423 0.873766 0.874107 0.874446 0.874783 0.875117 0.875447 0.875774 0.876097 0.876416 0.876731 0.877043 0.877352 0.877652 0.877929 0.878152 0.878263 0.878190 0.877893 0.877503 0.877591 0.879532 0.885442
0.888473 0.882662 0.880771 0.880684 0.881052 0.881324 0.881377 0.881252 0.881021 0.880738 0.880433 0.880121 0.879804 0.879485 0.879162 0.878835 0.878504 0.878170 0.877833 0.877493 0.877151 0.876807 0.876462 0.876116 0.875769 0.875423 0.875077 0.874732 0.874389 0.874049 0.873712 0.873378 0.873048 0.872723 0.872404 0.872090 0.871783 0.871483 0.871190 0.870905 0.870628 0.870360 0.870100 0.869850 0.869609 0.869378 0.869156 0.868944 0.868741 0.868549 0.868366 0.868193 0.868029 0.867875 0.867729 0.867593 0.867465 0.867345 0.867234 0.867130 0.867034 0.866945 0.866862 0.866786 0.866716 0.866652 0.866593 0.866540 0.866491 0.866446 0.866406 0.866369 0.866336 0.866306 0.866280 0.866255 0.866234 0.866215 0.866197 0.866182 0.866169 0.866157 0.866146 0.866137 0.866128 0.866121 0.866115 0.866109 0.866105 0.866101 0.866097 0.866094 0.866091 0.866089 0.866087 0.866086 0.866085 0.866084 0.866083 0.866083 0.866082 0.866082 0.866083 0.866083 0.866084 0.866085 0.866086 0.866087 0.866089 0.866091 0.866094 0.866097 0.866101 0.866105 0.866109 0.866115 0.866121 0.866128 0.866137 0.866146 0.866157 0.866169 0.866182 0.866197 0.866215 0.866234 0.866255 0.866280 0.866306 0.866336 0.866369 0.866406 0.866446 0.866491 0.866540 0.866593 0.866652 0.866716 0.866786 0.866862 0.866945 0.867034 0.867130 0.867234 0.867345 0.867465 0.867593 0.867729 0.867875 0.868029 0.868193 0.868366 0.868549 0.868741 0.868944 0.869156 0.869378 0.869609 0.869850 0.870100 0.870360 0.870628 0.870905 0.871190 0.871483 0.871783 0.872090 0.872404 0.872723 0.873048 0.873378 0.873712 0.874049 0.874389 0.874732 0.875077 0.875423 0.875769 0.876116 0.876462 0.876807 0.877151 0.877493 0.877833 0.878170 0.878504 0.878835 0.879162 0.879485 0.879804 0.880121 0.880433 0.880738 0.881021 0.881252 0.881377 0.881324 0.881052 0.880684 0.880771 0.882662 0.888473
0.891477 0.885762 0.883920 0.883834 0.884181 0.884428 0.884461 0.884322 0.884083 0.883794 0.883484 0.883167 0.882846 0.882523 0.882196 0.881865 0.881531 0.881194 0.880853 0.880510 0.880166 0.879819 0.879471 0.879123 0.878774 0.878426 0.878078 0.877732 0.877388 0.877047 0.876708 0.876374 0.876043 0.875718 0.875398 0.875084 0.874777 0.874476 0.874183 0.873898 0.873621 0.873353 0.873093 0.872843 0.872602 0.872371 0.872149 0.871937 0.871735 0.871543 0.871360 0.871187 0.871023 0.870869 0.870724 0.870587 0.870459 0.870340 0.870228 0.870124 0.870028 0.869939 0.869856 0.869780 0.869710 0.869646 0.869587 0.869534 0.869485 0.869440 0.869399 0.869363 0.869330 0.869300 0.869273 0.869249 0.869227 0.869208 0.869190 0.869175 0.869161 0.869149 0.869139 0.869129 0.869121 0.869114 0.869107 0.869102 0.869097 0.869093 0.869089 0.869086 0.869084 0.869081 0.869080 0.869078 0.869077 0.869076 0.869075 0.869075 0.869075 0.869075 0.869075 0.869075 0.869076 0.869077 0.869078 0.869080 0.869081 0.869084 0.869086 0.869089 0.869093 0.869097 0.869102 0.869107 0.869114 0.869121 0.869129 0.869139 0.869149 0.869161 0.869175 0.869190 0.869208 0.869227 0.869249 0.869273 0.869300 0.869330 0.869363 0.869399 0.869440 0.869485 0.869534 0.869587 0.869646 0.869710 0.869780 0.869856 0.869939 0.870028 0.870124 0.870228 0.870340 0.870459 0.870587 0.870724 0.870869 0.871023 0.871187 0.871360 0.871543 0.871735 0.871937 0.872149 0.872371 0.872602 0.872843 0.873093 0.873353 0.873621 0.873898 0.874183 0.874476 0.874777 0.875084 0.875398 0.875718 0.876043 0.876374 0.876708 0.877047 0.877388 0.877732 0.878078 0.878426 0.878774 0.879123 0.879471 0.879819 0.880166 0.880510 0.880853 0.881194 0.881531 0.881865 0.882196 0.882523 0.882846 0.883167 0.883484 0.883794 0.884083 0.884322 0.884461 0.884428 0.884181 0.883834 0.883920 0.885762 0.891477
0.894454 0.888834 0.887038 0.886953 0.887278 0.887500 0.887514 0.887362 0.887114 0.886819 0.886505 0.886183 0.885858 0.885531 0.885200 0.884865 0.884528 0.884187 0.883844 0.883498 0.883151 0.882802 0.882452 0.882101 0.881751 0.881401 0.881052 0.880705 0.880360 0.880017 0.879678 0.879343 0.879013 0.878687 0.878367 0.878053 0.877745 0.877445 0.877152 0.876867 0.876591 0.876323 0.876064 0.875814 0.875574 0.875343 0.875122 0.874910 0.874708 0.874516 0.874334 0.874161 0.873998 0.873843 0.873698 0.873562 0.873435 0.873315 0.873204 0.873100 0.873004 0.872915 0.872833 0.872757 0.872687 0.872623 0.872564 0.872510 0.872461 0.872416 0.872376 0.872339 0.872306 0.872276 0.872249 0.872225 0.872203 0.872184 0.872166 0.872151 0.872137 0.872125 0.872115 0.872105 0.872097 0.872090 0.872083 0.872078 0.872073 0.872069 0.872065 0.872062 0.872059 0.872057 0.872055 0.872054 0.872052 0.872052 0.872051 0.872050 0.872050 0.872050 0.872050 0.872051 0.872052 0.872052 0.872054 0.872055 0.872057 0.872059 0.872062 0.872065 0.872069 0.872073 0.872078 0.872083 0.872090 0.872097 0.872105 0.872115 0.872125 0.872137 0.872151 0.872166 0.872184 0.872203 0.872225 0.872249 0.872276 0.872306 0.872339 0.872376 0.872416 0.872461 0.872510 0.872564 0.872623 0.872687 0.872757 0.872833 0.872915 0.873004 0.873100 0.873204 0.873315 0.873435 0.873562 0.873698 0.873843 0.873998 0.874161 0.874334 0.874516 0.874708 0.874910 0.875122 0.875343 0.875574 0.875814 0.876064 0.876323 0.876591 0.876867 0.877152 0.877445 0.877745 0.878053 0.878367 0.878687 0.879013 0.879343 0.879678 0.880017 0.880360 0.880705 0.881052 0.881401 0.881751 0.882101 0.882452 0.882802 0.883151 0.883498 0.883844 0.884187 0.884528 0.884865 0.885200 0.885531 0.885858 0.886183 0.886505 0.886819 0.887114 0.887362 0.887514 0.887500 0.887278 0.886953 0.887038 0.888834 0.894454
0.897402 0.891878 0.890127 0.890041 0.890344 0.890542 0.890537 0.890372 0.890116 0.889815 0.889496 0.889170 0.888841 0.888509 0.888174 0.887836 0.887495 0.887151 0.886805 0.886457 0.886107 0.885756 0.885404 0.885052 0.884700 0.884349 0.883999 0.883651 0.883305 0.882962 0.882622 0.882287 0.881956 0.881631 0.881311 0.880997 0.880690 0.880390 0.880098 0.879813 0.879538 0.879270 0.879012 0.878763 0.878523 0.878293 0.878072 0.877862 0.877660 0.877469 0.877287 0.877115 0.876952 0.876799 0.876654 0.876518 0.876391 0.876272 0.876161 0.876058 0.875962 0.875873 0.875791 0.875715 0.875645 0.875581 0.875522 0.875469 0.875420 0.875375 0.875335 0.875298 0.875265 0.875235 0.875208 0.875184 0.875162 0.875143 0.875125 0.875110 0.875096 0.875084 0.875074 0.875064 0.875056 0.875049 0.875042 0.875037 0.875032 0.875028 0.875024 0.875021 0.875018 0.875016 0.875014 0.875013 0.875011 0.875010 0.875010 0.875009 0.875009 0.875009 0.875009 0.875010 0.875010 0.875011 0.875013 0.875014 0.875016 0.875018 0.875021 0.875024 0.875028 0.875032 0.875037 0.875042 0.875049 0.875056 0.875064 0.875074 0.875084 0.875096 0.875110 0.875125 0.875143 0.875162 0.875184 0.875208 0.875235 0.875265 0.875298 0.875335 0.875375 0.875420 0.875469 0.875522 0.875581 0.875645 0.875715 0.875791 0.875873 0.875962 0.876058 0.876161 0.876272 0.876391 0.876518 0.876654 0.876799 0.876952 0.877115 0.877287 0.877469 0.877660 0.877862 0.878072 0.878293 0.878523 0.878763 0.879012 0.879270 0.879538 0.879813 0.880098 0.880390 0.880690 0.880997 0.881311 0.881631 0.881956 0.882287 0.882622 0.882962 0.883305 0.883651 0.883999 0.884349 0.884700 0.885052 0.885404 0.885756 0.886107 0.886457 0.886805 0.887151 0.887495 0.887836 0.888174 0.888509 0.888841 0.889170 0.889496 0.889815 0.890116 0.890372 0.890537 0.890542 0.890344 0.890041 0.890127 0.891878 0.897402
0.900323 0.894893 0.893186 0.893098 0.893379 0.893554 0.893530 0.893353 0.893088 0.892781 0.892457 0.892127 0.891794 0.891458 0.891119 0.890778 0.890434 0.890087 0.889738 0.889387 0.889035 0.888682 0.888328 0.887974 0.887621 0.887269 0.886918 0.886569 0.886223 0.885880 0.885541 0.885205 0.884875 0.884549 0.884230 0.883917 0.883610 0.883311 0.883020 0.882736 0.882461 0.882195 0.881938 0.881690 0.881451 0.881222 0.881002 0.880792 0.880592 0.880401 0.880221 0.880049 0.879887 0.879734 0.879590 0.879455 0.879328 0.879210 0.879100 0.878997 0.878901 0.878813 0.878731 0.878655 0.878586 0.878522 0.878464 0.878410 0.878361 0.878317 0.878276 0.878240 0.878207 0.878177 0.878150 0.878126 0.878104 0.878085 0.878068 0.878052 0.878039 0.878027 0.878016 0.878006 0.877998 0.877991 0.877984 0.877979 0.877974 0.877970 0.877966 0.877963 0.877960 0.877958 0.877956 0.877955 0.877954 0.877953 0.877952 0.877951 0.877951 0.877951 0.877951 0.877952 0.877953 0.877954 0.877955 0.877956 0.877958 0.877960 0.877963 0.877966 0.877970 0.877974 0.877979 0.877984 0.877991 0.877998 0.878006 0.878016 0.878027 0.878039 0.878052 0.878068 0.878085 0.878104 0.878126 0.878150 0.878177 0.878207 0.878240 0.878276 0.878317 0.878361 0.878410 0.878464 0.878522 0.878586 0.878655 0.878731 0.878813 0.878901 0.878997 0.879100 0.879210 0.879328 0.879455 0.879590 0.879734 0.879887 0.880049 0.880221 0.880401 0.880592 0.880792 0.881002 0.881222 0.881451 0.881690 0.881938 0.882195 0.882461 0.882736 0.883020 0.883311 0.883610 0.883917 0.884230 0.884549 0.884875 0.885205 0.885541 0.885880 0.886223 0.886569 0.886918 0.887269 0.887621 0.887974 0.888328 0.888682 0.889035 0.889387 0.889738 0.890087 0.890434 0.890778 0.891119 0.891458 0.891794 0.892127 0.892457 0.892781 0.893088 0.893353 0.893530 0.893554 0.893379 0.893098 0.893186 0.894893 0.900323
0.903216 0.897880 0.896214 0.896125 0.896384 0.896535 0.896493 0.896304 0.896031 0.895718 0.895390 0.895055 0.894718 0.894378 0.894036 0.893691 0.893344 0.892994 0.892642 0.892289 0.891935 0.891580 0.891225 0.890870 0.890516 0.890163 0.889811 0.889462 0.889116 0.888772 0.888433 0.888098 0.887768 0.887444 0.887125 0.886813 0.886507 0.886209 0.885919 0.885636 0.885363 0.885098 0.884842 0.884595 0.884357 0.884129 0.883911 0.883702 0.883503 0.883314 0.883134 0.882963 0.882802 0.882650 0.882507 0.882373 0.882247 0.882129 0.882020 0.881917 0.881822 0.881734 0.881653 0.881578 0.881509 0.881445 0.881387 0.881334 0.881285 0.881241 0.881201 0.881165 0.881132 0.881102 0.881075 0.881051 0.881030 0.881010 0.880993 0.880978 0.880964 0.880952 0.880941 0.880932 0.880924 0.880916 0.880910 0.880904 0.880900 0.880895 0.880892 0.880889 0.880886 0.880884 0.880882 0.880880 0.880879 0.880878 0.880877 0.880877 0.880877 0.880877 0.880877 0.880877 0.880878 0.880879 0.880880 0.880882 0.880884 0.880886 0.880889 0.880892 0.880895 0.880900 0.880904 0.880910 0.880916 0.880924 0.880932 0.880941 0.880952 0.880964 0.880978 0.880993 0.881010 0.881030 0.881051 0.881075 0.881102 0.881132 0.881165 0.881201 0.881241 0.881285 0.881334 0.881387 0.881445 0.881509 0.881578 0.881653 0.881734 0.881822 0.881917 0.882020 0.882129 0.882247 0.882373 0.882507 0.882650 0.882802 0.882963 0.883134 0.883314 0.883503 0.883702 0.883911 0.884129 0.884357 0.884595 0.884842 0.885098 0.885363 0.885636 0.885919 0.886209 0.886507 0.886813 0.887125 0.887444 0.887768 0.888098 0.888433 0.888772 0.889116 0.889462 0.889811 0.890163 0.890516 0.890870 0.891225 0.891580 0.891935 0.892289 0.892642 0.892994 0.893344 0.893691 0.894036 0.894378 0.894718 0.895055 0.895390 0.895718 0.896031 0.896304 0.896493 0.896535 0.896384 0.896125 0.896214 0.897880 0.903216
0.906080 0.900837 0.899213 0.899120 0.899359 0.899487 0.899427 0.899226 0.898945 0.898627 0.898293 0.897954 0.897613 0.897269 0.896924 0.896575 0.896225 0.895873 0.895519 0.895163 0.894807 0.894451 0.894094 0.893738 0.893383 0.893030 0.892678 0.892329 0.891982 0.891639 0.891301 0.890966 0.890637 0.890313 0.889996 0.889685 0.889380 0.889084 0.888795 0.888514 0.888242 0.887978 0.887723 0.887478 0.887242 0.887016 0.886799 0.886592 0.886394 0.886206 0.886027 0.885858 0.885698 0.885547 0.885405 0.885272 0.885147 0.885030 0.884921 0.884820 0.884726 0.884638 0.884557 0.884483 0.884414 0.884351 0.884293 0.884240 0.884192 0.884148 0.884108 0.884072 0.884039 0.884010 0.883983 0.883959 0.883938 0.883919 0.883901 0.883886 0.883873 0.883861 0.883850 0.883841 0.883832 0.883825 0.883819 0.883813 0.883808 0.883804 0.883801 0.883797 0.883795 0.883793 0.883791 0.883789 0.883788 0.883787 0.883786 0.883786 0.883786 0.883786 0.883786 0.883786 0.883787 0.883788 0.883789 0.883791 0.883793 0.883795 0.883797 0.883801 0.883804 0.883808 0.883813 0.883819 0.883825 0.883832 0.883841 0.883850 0.883861 0.883873 0.883886 0.883901 0.883919 0.883938 0.883959 0.883983 0.884010 0.884039 0.884072 0.884108 0.884148 0.884192 0.884240 0.884293 0.884351 0.884414 0.884483 0.884557 0.884638 0.884726 0.884820 0.884921 0.885030 0.885147 0.885272 0.885405 0.885547 0.885698 0.885858 0.886027 0.886206 0.886394 0.886592 0.886799 0.887016 0.887242 0.887478 0.887723 0.887978 0.888242 0.888514 0.888795 0.889084 0.889380 0.889685 0.889996 0.890313 0.890637 0.890966 0.891301 0.891639 0.891982 0.892329 0.892678 0.893030 0.893383 0.893738 0.894094 0.894451 0.894807 0.895163 0.895519 0.895873 0.896225 0.896575 0.896924 0.897269 0.897613 0.897954 0.898293 0.898627 0.898945 0.899226 0.899427 0.899487 0.899359 0.899120 0.899213 0.900837 0.906080
0.908916 0.903766 0.902181 0.902086 0.902303 0.902409 0.902332 0.902119 0.901830 0.901506 0.901168 0.900825 0.900480 0.900132 0.899783 0.899432 0.899079 0.898724 0.898367 0.898010 0.897653 0.897295 0.896937 0.896580 0.896225 0.895871 0.895519 0.895170 0.894824 0.894481 0.894143 0.893810 0.893482 0.893159 0.892843 0.892533 0.892230 0.891935 0.891648 0.891369 0.891098 0.890837 0.890584 0.890340 0.890106 0.889881 0.889666 0.889460 0.889264 0.889078 0.888901 0.888733 0.888575 0.888425 0.888284 0.888152 0.888028 0.887913 0.887805 0.887704 0.887610 0.887524 0.887444 0.887370 0.887302 0.887239 0.887182 0.887129 0.887082 0.887038 0.886998 0.886962 0.886930 0.886901 0.886874 0.886850 0.886829 0.886810 0.886793 0.886778 0.886764 0.886752 0.886742 0.886732 0.886724 0.886717 0.886711 0.886705 0.886700 0.886696 0.886693 0.886689 0.886687 0.886685 0.886683 0.886681 0.886680 0.886679 0.886678 0.886678 0.886678 0.886678 0.886678 0.886678 0.886679 0.886680 0.886681 0.886683 0.886685 0.886687 0.886689 0.886693 0.886696 0.886700 0.886705 0.886711 0.886717 0.886724 0.886732 0.886742 0.886752 0.886764 0.886778 0.886793 0.886810 0.886829 0.886850 0.886874 0.886901 0.886930 0.886962 0.886998 0.887038 0.887082 0.887129 0.887182 0.887239 0.887302 0.887370 0.887444 0.887524 0.887610 0.887704 0.887805 0.887913 0.888028 0.888152 0.888284 0.888425 0.888575 0.888733 0.888901 0.889078 0.889264 0.889460 0.889666 0.889881 0.890106 0.890340 0.890584 0.890837 0.891098 0.891369 0.891648 0.891935 0.892230 0.892533 0.892843 0.893159 0.893482 0.893810 0.894143 0.894481 0.894824 0.895170 0.895519 0.895871 0.896225 0.896580 0.896937 0.897295 0.897653 0.898010 0.898367 0.898724 0.899079 0.899432 0.899783 0.900132 0.900480 0.900825 0.901168 0.901506 0.901830 0.902119 0.902332 0.902409 0.902303 0.902086 0.902181 0.903766 0.908916
0.911722 0.906665 0.905119 0.905020 0.905216 0.905300 0.905207 0.904983 0.904687 0.904357 0.904014 0.903667 0.903318 0.902967 0.902614 0.902260 0.901904 0.901547 0.901189 0.900830 0.900470 0.900111 0.899753 0.899396 0.899040 0.898686 0.898334 0.897985 0.897640 0.897298 0.896961 0.896629 0.896302 0.895981 0.895666 0.895358 0.895057 0.894764 0.894479 0.894202 0.893933 0.893673 0.893422 0.893181 0.892949 0.892726 0.892513 0.892309 0.892115 0.891930 0.891755 0.891589 0.891432 0.891284 0.891144 0.891013 0.890891 0.890776 0.890669 0.890570 0.890477 0.890391 0.890312 0.890239 0.890172 0.890110 0.890053 0.890001 0.889953 0.889910 0.889871 0.889835 0.889803 0.889774 0.889748 0.889724 0.889703 0.889684 0.889667 0.889652 0.889639 0.889627 0.889617 0.889607 0.889599 0.889592 0.889586 0.889580 0.889575 0.889571 0.889568 0.889565 0.889562 0.889560 0.889558 0.889556 0.889555 0.889554 0.889553 0.889553 0.889553 0.889553 0.889553 0.889553 0.889554 0.889555 0.889556 0.889558 0.889560 0.889562 0.889565 0.889568 0.889571 0.889575 0.889580 0.889586 0.889592 0.889599 0.889607 0.889617 0.889627 0.889639 0.889652 0.889667 0.889684 0.889703 0.889724 0.889748 0.889774 0.889803 0.889835 0.889871 0.889910 0.889953 0.890001 0.890053 0.890110 0.890172 0.890239 0.890312 0.890391 0.890477 0.890570 0.890669 0.890776 0.890891 0.891013 0.891144 0.891284 0.891432 0.891589 0.891755 0.891930 0.892115 0.892309 0.892513 0.892726 0.892949 0.893181 0.893422 0.893673 0.893933 0.894202 0.894479 0.894764 0.895057 0.895358 0.895666 0.895981 0.896302 0.896629 0.896961 0.897298 0.897640 0.897985 0.898334 0.898686 0.899040 0.899396 0.899753 0.900111 0.900470 0.900830 0.901189 0.901547 0.901904 0.902260 0.902614 0.902967 0.903318 0.903667 0.904014 0.904357 0.904687 0.904983 0.905207 0.905300 0.905216 0.905020 0.905119 0.906665 0.911722
0.914499 0.909535 0.908026 0.907923 0.908099 0.908162 0.908052 0.907818 0.907514 0.907179 0.906831 0.906480 0.906127 0.905773 0.905417 0.905060 0.904702 0.904342 0.903982 0.903622 0.903262 0.902902 0.902542 0.902185 0.901829 0.901475 0.901123 0.900775 0.900431 0.900090 0.899754 0.899423 0.899098 0.898779 0.898466 0.898160 0.897861 0.897570 0.897287 0.897012 0.896746 0.896488 0.896240 0.896000 0.895771 0.895550 0.895339 0.895137 0.894945 0.894762 0.894589 0.894425 0.894269 0.894123 0.893985 0.893856 0.893735 0.893621 0.893515 0.893417 0.893326 0.893241 0.893162 0.893090 0.893023 0.892962 0.892906 0.892855 0.892808 0.892765 0.892726 0.892691 0.892659 0.892630 0.892604 0.892581 0.892560 0.892541 0.892525 0.892510 0.892496 0.892485 0.892474 0.892465 0.892457 0.892450 0.892444 0.892438 0.892433 0.892429 0.892426 0.892423 0.892420 0.892418 0.892416 0.892414 0.892413 0.892412 0.892412 0.892411 0.892411 0.892411 0.892411 0.892412 0.892412 0.892413 0.892414 0.892416 0.892418 0.892420 0.892423 0.892426 0.892429 0.892433 0.892438 0.892444 0.892450 0.892457 0.892465 0.892474 0.892485 0.892496 0.892510 0.892525 0.892541 0.892560 0.892581 0.892604 0.892630 0.892659 0.892691 0.892726 0.892765 0.892808 0.892855 0.892906 0.892962 0.893023 0.893090 0.893162 0.893241 0.893326 0.893417 0.893515 0.893621 0.893735 0.893856 0.893985 0.894123 0.894269 0.894425 0.894589 0.894762 0.894945 0.895137 0.895339 0.895550 0.895771 0.896000 0.896240 0.896488 0.896746 0.897012 0.897287 0.897570 0.897861 0.898160 0.898466 0.898779 0.899098 0.899423 0.899754 0.900090 0.900431 0.900775 0.901123 0.901475 0.901829 0.902185 0.902542 0.902902 0.903262 0.903622 0.903982 0.904342 0.904702 0.905060 0.905417 0.905773 0.906127 0.906480 0.906831 0.907179 0.907514 0.907818 0.908052 0.908162 0.908099 0.907923 0.908026 0.909535 0.914499
0.917246 0.912375 0.910903 0.910796 0.910951 0.910993 0.910868 0.910623 0.910312 0.909972 0.909620 0.909265 0.908908 0.908551 0.908192 0.907833 0.907472 0.907111 0.906749 0.906387 0.906026 0.905665 0.905305 0.904947 0.904592 0.904238 0.903887 0.903540 0.903197 0.902858 0.902523 0.902194 0.901871 0.901553 0.901242 0.900939 0.900642 0.900353 0.900073 0.899800 0.899537 0.899282 0.899036 0.898799 0.898571 0.898353 0.898144 0.897945 0.897755 0.897575 0.897403 0.897241 0.897088 0.896943 0.896807 0.896679 0.896559 0.896447 0.896343 0.896246 0.896156 0.896072 0.895994 0.895923 0.895857 0.895797 0.895741 0.895691 0.895644 0.895602 0.895564 0.895529 0.895497 0.895469 0.895443 0.895420 0.895399 0.895381 0.895364 0.895350 0.895336 0.895325 0.895315 0.895305 0.895297 0.895290 0.895284 0.895279 0.895274 0.895270 0.895266 0.895263 0.895261 0.895259 0.895257 0.895255 0.895254 0.895253 0.895253 0.895252 0.895252 0.895252 0.895252 0.895253 0.895253 0.895254 0.895255 0.895257 0.895259 0.895261 0.895263 0.895266 0.895270 0.895274 0.895279 0.895284 0.895290 0.895297 0.895305 0.895315 0.895325 0.895336 0.895350 0.895364 0.895381 0.895399 0.895420 0.895443 0.895469 0.895497 0.895529 0.895564 0.895602 0.895644 0.895691 0.895741 0.895797 0.895857 0.895923 0.895994 0.896072 0.896156 0.896246 0.896343 0.896447 0.896559 0.896679 0.896807 0.896943 0.897088 0.897241 0.897403 0.897575 0.897755 0.897945 0.898144 0.898353 0.898571 0.898799 0.899036 0.899282 0.899537 0.899800 0.900073 0.900353 0.900642 0.900939 0.901242 0.901553 0.901871 0.902194 0.902523 0.902858 0.903197 0.903540 0.903887 0.904238 0.904592 0.904947 0.905305 0.905665 0.906026 0.906387 0.906749 0.907111 0.907472 0.907833 0.908192 0.908551 0.908908 0.909265 0.909620 0.909972 0.910312 0.910623 0.910868 0.910993 0.910951 0.910796 0.910903 0.912375 0.917246
0.919963 0.915185 0.913749 0.913637 0.913772 0.913794 0.913654 0.913399 0.913081 0.912735 0.912380 0.912021 0.911661 0.911300 0.910939 0.910577 0.910214 0.909851 0.909488 0.909125 0.908763 0.908402 0.908042 0.907684 0.907329 0.906976 0.906626 0.906280 0.905938 0.905600 0.905268 0.904940 0.904619 0.904304 0.903996 0.903694 0.903400 0.903114 0.902836 0.902567 0.902305 0.902053 0.901810 0.901576 0.901351 0.901135 0.900929 0.900732 0.900545 0.900367 0.900198 0.900037 0.899886 0.899743 0.899609 0.899483 0.899365 0.899255 0.899152 0.899056 0.898967 0.898884 0.898808 0.898738 0.898673 0.898613 0.898558 0.898508 0.898463 0.898421 0.898383 0.898349 0.898318 0.898290 0.898264 0.898242 0.898221 0.898203 0.898186 0.898172 0.898159 0.898147 0.898137 0.898128 0.898120 0.898113 0.898107 0.898102 0.898097 0.898093 0.898090 0.898087 0.898084 0.898082 0.898080 0.898079 0.898078 0.898077 0.898076 0.898076 0.898075 0.898075 0.898076 0.898076 0.898077 0.898078 0.898079 0.898080 0.898082 0.898084 0.898087 0.898090 0.898093 0.898097 0.898102 0.898107 0.898113 0.898120 0.898128 0.898137 0.898147 0.898159 0.898172 0.898186 0.898203 0.898221 0.898242 0.898264 0.898290 0.898318 0.898349 0.898383 0.898421 0.898463 0.898508 0.898558 0.898613 0.898673 0.898738 0.898808 0.898884 0.898967 0.899056 0.899152 0.899255 0.899365 0.899483 0.899609 0.899743 0.899886 0.900037 0.900198 0.900367 0.900545 0.900732 0.900929 0.901135 0.901351 0.901576 0.901810 0.902053 0.902305 0.902567 0.902836 0.903114 0.903400 0.903694 0.903996 0.904304 0.904619 0.904940 0.905268 0.905600 0.905938 0.906280 0.906626 0.906976 0.907329 0.907684 0.908042 0.908402 0.908763 0.909125 0.909488 0.909851 0.910214 0.910577 0.910939 0.911300 0.911661 0.912021 0.912380 0.912735 0.913081 0.913399 0.913654 0.913794 0.913772 0.913637 0.913749 0.915185 0.919963
0.922648 0.917964 0.916563 0.916446 0.916562 0.916564 0.916410 0.916144 0.915820 0.915470 0.915110 0.914748 0.914385 0.914021 0.913657 0.913293 0.912929 0.912564 0.912200 0.911836 0.911473 0.911112 0.910752 0.910395 0.910040 0.909688 0.909339 0.908995 0.908654 0.908318 0.907988 0.907663 0.907344 0.907031 0.906725 0.906427 0.906136 0.905852 0.905577 0.905311 0.905052 0.904803 0.904563 0.904332 0.904110 0.903897 0.903693 0.903499 0.903314 0.903139 0.902972 0.902814 0.902665 0.902524 0.902392 0.902268 0.902152 0.902043 0.901942 0.901847 0.901759 0.901678 0.901603 0.901534 0.901470 0.901411 0.901357 0.901308 0.901263 0.901222 0.901184 0.901151 0.901120 0.901092 0.901067 0.901045 0.901025 0.901007 0.900991 0.900976 0.900964 0.900952 0.900942 0.900933 0.900925 0.900919 0.900913 0.900907 0.900903 0.900899 0.900895 0.900892 0.900890 0.900888 0.900886 0.900884 0.900883 0.900882 0.900882 0.900881 0.900881 0.900881 0.900881 0.900882 0.900882 0.900883 0.900884 0.900886 0.900888 0.900890 0.900892 0.900895 0.900899 0.900903 0.900907 0.900913 0.900919 0.900925 0.900933 0.900942 0.900952 0.900964 0.900976 0.900991 0.901007 0.901025 0.901045 0.901067 0.901092 0.901120 0.901151 0.901184 0.901222 0.901263 0.901308 0.901357 0.901411 0.901470 0.901534 0.901603 0.901678 0.901759 0.901847 0.901942 0.902043 0.902152 0.902268 0.902392 0.902524 0.902665 0.902814 0.902972 0.903139 0.903314 0.903499 0.903693 0.903897 0.904110 0.904332 0.904563 0.904803 0.905052 0.905311 0.905577 0.905852 0.906136 0.906427 0.906725 0.907031 0.907344 0.907663 0.907988 0.908318 0.908654 0.908995 0.909339 0.909688 0.910040 0.910395 0.910752 0.911112 0.911473 0.911836 0.912200 0.912564 0.912929 0.913293 0.913657 0.914021 0.914385 0.914748 0.915110 0.915470 0.915820 0.916144 0.916410 0.916564 0.916562 0.916446 0.916563 0.917964 0.922648
0.925302 0.920712 0.919345 0.919223 0.919320 0.919303 0.919134 0.918860 0.918529 0.918175 0.917811 0.917446 0.917080 0.916714 0.916347 0.915981 0.915615 0.915249 0.914884 0.914519 0.914156 0.913795 0.913436 0.913079 0.912725 0.912374 0.912027 0.911684 0.911345 0.911012 0.910684 0.910361 0.910045 0.909735 0.909432 0.909136 0.908848 0.908568 0.908296 0.908032 0.907777 0.907531 0.907294 0.907066 0.906847 0.906637 0.906437 0.906245 0.906063 0.905890 0.905726 0.905570 0.905424 0.905285 0.905155 0.905033 0.904919 0.904812 0.904712 0.904619 0.904533 0.904453 0.904379 0.904311 0.904248 0.904190 0.904137 0.904089 0.904044 0.904004 0.903967 0.903934 0.903904 0.903877 0.903852 0.903830 0.903810 0.903792 0.903777 0.903762 0.903750 0.903739 0.903729 0.903720 0.903712 0.903706 0.903700 0.903694 0.903690 0.903686 0.903683 0.903680 0.903677 0.903675 0.903673 0.903672 0.903671 0.903670 0.903669 0.903669 0.903668 0.903668 0.903669 0.903669 0.903670 0.903671 0.903672 0.903673 0.903675 0.903677 0.903680 0.903683 0.903686 0.903690 0.903694 0.903700 0.903706 0.903712 0.903720 0.903729 0.903739 0.903750 0.903762 0.903777 0.903792 0.903810 0.903830 0.903852 0.903877 0.903904 0.903934 0.903967 0.904004 0.904044 0.904089 0.904137 0.904190 0.904248 0.904311 0.904379 0.904453 0.904533 0.904619 0.904712 0.904812 0.904919 0.905033 0.905155 0.905285 0.905424 0.905570 0.905726 0.905890 0.906063 0.906245 0.906437 0.906637 0.906847 0.907066 0.907294 0.907531 0.907777 0.908032 0.908296 0.908568 0.908848 0.909136 0.909432 0.909735 0.910045 0.910361 0.910684 0.911012 0.911345 0.911684 0.912027 0.912374 0.912725 0.913079 0.913436 0.913795 0.914156 0.914519 0.914884 0.915249 0.915615 0.915981 0.916347 0.916714 0.917080 0.917446 0.917811 0.918175 0.918529 0.918860 0.919134 0.919303 0.919320 0.919223 0.919345 0.920712 0.925302
0.927923 0.923427 0.922095 0.921967 0.922046 0.922011 0.921828 0.921545 0.921209 0.920849 0.920483 0.920114 0.919745 0.919377 0.919009 0.918641 0.918273 0.917906 0.917540 0.917176 0.916813 0.916452 0.916093 0.915737 0.915384 0.915035 0.914689 0.914348 0.914012 0.913680 0.913355 0.913035 0.912721 0.912414 0.912115 0.911822 0.911537 0.911260 0.910992 0.910731 0.910480 0.910237 0.910003 0.909778 0.909563 0.909356 0.909159 0.908970 0.908791 0.908621 0.908459 0.908306 0.908162 0.908026 0.907898 0.907778 0.907666 0.907561 0.907463 0.907371 0.907287 0.907208 0.907136 0.907069 0.907007 0.906950 0.906898 0.906850 0.906807 0.906767 0.906731 0.906699 0.906669 0.906642 0.906618 0.906596 0.906577 0.906559 0.906544 0.906530 0.906518 0.906507 0.906497 0.906488 0.906481 0.906474 0.906468 0.906463 0.906459 0.906455 0.906451 0.906449 0.906446 0.906444 0.906442 0.906441 0.906440 0.906439 0.906438 0.906438 0.906437 0.906437 0.906438 0.906438 0.906439 0.906440 0.906441 0.906442 0.906444 0.906446 0.906449 0.906451 0.906455 0.906459 0.906463 0.906468 0.906474 0.906481 0.906488 0.906497 0.906507 0.906518 0.906530 0.906544 0.906559 0.906577 0.906596 0.906618 0.906642 0.906669 0.906699 0.906731 0.906767 0.906807 0.906850 0.906898 0.906950 0.907007 0.907069 0.907136 0.907208 0.907287 0.907371 0.907463 0.907561 0.907666 0.907778 0.907898 0.908026 0.908162 0.908306 0.908459 0.908621 0.908791 0.908970 0.909159 0.909356 0.909563 0.909778 0.910003 0.910237 0.910480 0.910731 0.910992 0.911260 0.911537 0.911822 0.912115 0.912414 0.912721 0.913035 0.913355 0.913680 0.914012 0.914348 0.914689 0.915035 0.915384 0.915737 0.916093 0.916452 0.916813 0.917176 0.917540 0.917906 0.918273 0.918641 0.919009 0.919377 0.919745 0.920114 0.920483 0.920849 0.921209 0.921545 0.921828 0.922011 0.922046 0.921967 0.922095 0.923427 0.927923
0.930511 0.926111 0.924811 0.924679 0.924738 0.924686 0.924491 0.924199 0.923857 0.923494 0.923124 0.922752 0.922381 0.922011 0.921641 0.921271 0.920903 0.920535 0.920169 0.919804 0.919441 0.919081 0.918723 0.918368 0.918017 0.917669 0.917326 0.916987 0.916653 0.916324 0.916001 0.915684 0.915374 0.915070 0.914774 0.914485 0.914203 0.913930 0.913665 0.913408 0.913160 0.912921 0.912690 0.912469 0.912257 0.912054 0.911859 0.911674 0.911498 0.911330 0.911172 0.911022 0.910880 0.910746 0.910621 0.910503 0.910393 0.910290 0.910193 0.910104 0.910021 0.909944 0.909873 0.909807 0.909746 0.909691 0.909640 0.909593 0.909550 0.909511 0.909476 0.909444 0.909415 0.909389 0.909365 0.909344 0.909324 0.909307 0.909292 0.909278 0.909266 0.909255 0.909246 0.909237 0.909230 0.909223 0.909218 0.909213 0.909208 0.909204 0.909201 0.909198 0.909196 0.909194 0.909192 0.909191 0.909190 0.909189 0.909188 0.909188 0.909187 0.909187 0.909188 0.909188 0.909189 0.909190 0.909191 0.909192 0.909194 0.909196 0.909198 0.909201 0.909204 0.909208 0.909213 0.909218 0.909223 0.909230 0.909237 0.909246 0.909255 0.909266 0.909278 0.909292 0.909307 0.909324 0.909344 0.909365 0.909389 0.909415 0.909444 0.909476 0.909511 0.909550 0.909593 0.909640 0.909691 0.909746 0.909807 0.909873 0.909944 0.910021 0.910104 0.910193 0.910290 0.910393 0.910503 0.910621 0.910746 0.910880 0.911022 0.911172 0.911330 0.911498 0.911674 0.911859 0.912054 0.912257 0.912469 0.912690 0.912921 0.913160 0.913408 0.913665 0.913930 0.914203 0.914485 0.914774 0.915070 0.915374 0.915684 0.916001 0.916324 0.916653 0.916987 0.917326 0.917669 0.918017 0.918368 0.918723 0.919081 0.919441 0.919804 0.920169 0.920535 0.920903 0.921271 0.921641 0.922011 0.922381 0.922752 0.923124 0.923494 0.923857 0.924199 0.924491 0.924686 0.924738 0.924679 0.924811 0.926111 0.930511
0.933065 0.928761 0.927494 0.927356 0.927398 0.927329 0.927121 0.926821 0.926474 0.926107 0.925734 0.925361 0.924987 0.924615 0.924243 0.923873 0.923504 0.923136 0.922769 0.922405 0.922042 0.921683 0.921326 0.920973 0.920623 0.920278 0.919936 0.919600 0.919269 0.918943 0.918623 0.918309 0.918002 0.917702 0.917409 0.917123 0.916846 0.916576 0.916315 0.916062 0.915817 0.915582 0.915355 0.915138 0.914929 0.914729 0.914538 0.914356 0.914183 0.914019 0.913863 0.913716 0.913577 0.913446 0.913323 0.913207 0.913099 0.912998 0.912904 0.912816 0.912735 0.912659 0.912589 0.912525 0.912466 0.912411 0.912361 0.912315 0.912273 0.912235 0.912201 0.912169 0.912141 0.912115 0.912092 0.912071 0.912052 0.912036 0.912021 0.912007 0.911995 0.911985 0.911975 0.911967 0.911960 0.911953 0.911948 0.911943 0.911938 0.911935 0.911931 0.911929 0.911926 0.911924 0.911923 0.911921 0.911920 0.911919 0.911919 0.911918 0.911918 0.911918 0.911918 0.911919 0.911919 0.911920 0.911921 0.911923 0.911924 0.911926 0.911929 0.911931 0.911935 0.911938 0.911943 0.911948 0.911953 0.911960 0.911967 0.911975 0.911985 0.911995 0.912007 0.912021 0.912036 0.912052 0.912071 0.912092 0.912115 0.912141 0.912169 0.912201 0.912235 0.912273 0.912315 0.912361 0.912411 0.912466 0.912525 0.912589 0.912659 0.912735 0.912816 0.912904 0.912998 0.913099 0.913207 0.913323 0.913446 0.913577 0.913716 0.913863 0.914019 0.914183 0.914356 0.914538 0.914729 0.914929 0.915138 0.915355 0.915582 0.915817 0.916062 0.916315 0.916576 0.916846 0.917123 0.917409 0.917702 0.918002 0.918309 0.918623 0.918943 0.919269 0.919600 0.919936 0.920278 0.920623 0.920973 0.921326 0.921683 0.922042 0.922405 0.922769 0.923136 0.923504 0.923873 0.924243 0.924615 0.924987 0.925361 0.925734 0.926107 0.926474 0.926821 0.927121 0.927329 0.927398 0.927356 0.927494 0.928761 0.933065
0.935585 0.931377 0.930143 0.930000 0.930024 0.929938 0.929719 0.929412 0.929060 0.928690 0.928314 0.927938 0.927563 0.927189 0.926816 0.926445 0.926075 0.925707 0.925341 0.924977 0.924616 0.924257 0.923902 0.923550 0.923203 0.922859 0.922521 0.922187 0.921858 0.921536 0.921219 0.920909 0.920605 0.920309 0.920020 0.919738 0.919464 0.919199 0.918941 0.918692 0.918452 0.918220 0.917997 0.917783 0.917578 0.917382 0.917195 0.917016 0.916847 0.916686 0.916533 0.916389 0.916252 0.916124 0.916003 0.915890 0.915784 0.915685 0.915593 0.915507 0.915428 0.915354 0.915285 0.915222 0.915164 0.915111 0.915062 0.915017 0.914976 0.914939 0.914905 0.914875 0.914847 0.914821 0.914799 0.914778 0.914760 0.914744 0.914729 0.914716 0.914704 0.914694 0.914685 0.914677 0.914669 0.914663 0.914658 0.914653 0.914648 0.914645 0.914642 0.914639 0.914637 0.914635 0.914633 0.914632 0.914631 0.914630 0.914629 0.914629 0.914629 0.914629 0.914629 0.914629 0.914630 0.914631 0.914632 0.914633 0.914635 0.914637 0.914639 0.914642 0.914645 0.914648 0.914653 0.914658 0.914663 0.914669 0.914677 0.914685 0.914694 0.914704 0.914716 0.914729 0.914744 0.914760 0.914778 0.914799 0.914821 0.914847 0.914875 0.914905 0.914939 0.914976 0.915017 0.915062 0.915111 0.915164 0.915222 0.915285 0.915354 0.915428 0.915507 0.915593 0.915685 0.915784 0.915890 0.916003 0.916124 0.916252 0.916389 0.916533 0.916686 0.916847 0.917016 0.917195 0.917382 0.917578 0.917783 0.917997 0.918220 0.918452 0.918692 0.918941 0.919199 0.919464 0.919738 0.920020 0.920309 0.920605 0.920909 0.921219 0.921536 0.921858 0.922187 0.922521 0.922859 0.923203 0.923550 0.923902 0.924257 0.924616 0.924977 0.925341 0.925707 0.926075 0.926445 0.926816 0.927189 0.927563 0.927938 0.928314 0.928690 0.929060 0.929412 0.929719 0.929938 0.930024 0.930000 0.930143 0.931377 0.935585
0.938070 0.933959 0.932757 0.932608 0.932615 0.932514 0.932284 0.931970 0.931613 0.931240 0.930862 0.930484 0.930108 0.929733 0.929359 0.928987 0.928617 0.928249 0.927884 0.927521 0.927160 0.926803 0.926450 0.926100 0.925755 0.925414 0.925078 0.924748 0.924422 0.924103 0.923790 0.923483 0.923184 0.922891 0.922606 0.922328 0.922059 0.921797 0.921544 0.921299 0.921063 0.920835 0.920616 0.920406 0.920205 0.920013 0.919829 0.919654 0.919488 0.919330 0.919181 0.919039 0.918906 0.918780 0.918662 0.918552 0.918448 0.918351 0.918261 0.918177 0.918099 0.918027 0.917960 0.917899 0.917842 0.917790 0.917742 0.917698 0.917658 0.917622 0.917589 0.917559 0.917532 0.917507 0.917485 0.917465 0.917447 0.917431 0.917417 0.917404 0.917392 0.917382 0.917373 0.917365 0.917358 0.917352 0.917347 0.917342 0.917338 0.917334 0.917331 0.917329 0.917326 0.917324 0.917323 0.917321 0.917320 0.917320 0.917319 0.917319 0.917318 0.917318 0.917319 0.917319 0.917320 0.917320 0.917321 0.917323 0.917324 0.917326 0.917329 0.917331 0.917334 0.917338 0.917342 0.917347 0.917352 0.917358 0.917365 0.917373 0.917382 0.917392 0.917404 0.917417 0.917431 0.917447 0.917465 0.917485 0.917507 0.917532 0.917559 0.917589 0.917622 0.917658 0.917698 0.917742 0.917790 0.917842 0.917899 0.917960 0.918027 0.918099 0.918177 0.918261 0.918351 0.918448 0.918552 0.918662 0.918780 0.918906 0.919039 0.919181 0.919330 0.919488 0.919654 0.919829 0.920013 0.920205 0.920406 0.920616 0.920835 0.921063 0.921299 0.921544 0.921797 0.922059 0.922328 0.922606 0.922891 0.923184 0.923483 0.923790 0.924103 0.924422 0.924748 0.925078 0.925414 0.925755 0.926100 0.926450 0.926803 0.927160 0.927521 0.927884 0.928249 0.928617 0.928987 0.929359 0.929733 0.930108 0.930484 0.930862 0.931240 0.931613 0.931970 0.932284 0.932514 0.932615 0.932608 0.932757 0.933959 0.938070
0.940518 0.936505 0.935335 0.935181 0.935172 0.935055 0.934815 0.934494 0.934134 0.933758 0.933378 0.932999 0.932621 0.932245 0.931871 0.931499 0.931129 0.930762 0.930397 0.930035 0.929676 0.929321 0.928970 0.928623 0.928280 0.927942 0.927609 0.927282 0.926960 0.926644 0.926335 0.926032 0.925736 0.925448 0.925167 0.924894 0.924628 0.924371 0.924122 0.923882 0.923650 0.923426 0.923212 0.923006 0.922809 0.922620 0.922440 0.922269 0.922106 0.921952 0.921806 0.921667 0.921537 0.921414 0.921299 0.921191 0.921090 0.920995 0.920907 0.920825 0.920749 0.920679 0.920613 0.920553 0.920498 0.920447 0.920400 0.920358 0.920319 0.920283 0.920251 0.920222 0.920195 0.920171 0.920149 0.920130 0.920113 0.920097 0.920083 0.920070 0.920059 0.920049 0.920041 0.920033 0.920026 0.920020 0.920015 0.920010 0.920006 0.920003 0.920000 0.919997 0.919995 0.919993 0.919991 0.919990 0.919989 0.919988 0.919988 0.919987 0.919987 0.919987 0.919987 0.919988 0.919988 0.919989 0.919990 0.919991 0.919993 0.919995 0.919997 0.920000 0.920003 0.920006 0.920010 0.920015 0.920020 0.920026 0.920033 0.920041 0.920049 0.920059 0.920070 0.920083 0.920097 0.920113 0.920130 0.920149 0.920171 0.920195 0.920222 0.920251 0.920283 0.920319 0.920358 0.920400 0.920447 0.920498 0.920553 0.920613 0.920679 0.920749 0.920825 0.920907 0.920995 0.921090 0.921191 0.921299 0.921414 0.921537 0.921667 0.921806 0.921952 0.922106 0.922269 0.922440 0.922620 0.922809 0.923006 0.923212 0.923426 0.923650 0.923882 0.924122 0.924371 0.924628 0.924894 0.925167 0.925448 0.925736 0.926032 0.926335 0.926644 0.926960 0.927282 0.927609 0.927942 0.928280 0.928623 0.928970 0.929321 0.929676 0.930035 0.930397 0.930762 0.931129 0.931499 0.931871 0.932245 0.932621 0.932999 0.933378 0.933758 0.934134 0.934494 0.934815 0.935055 0.935172 0.935181 0.935335 0.936505 0.940518
0.942930 0.939016 0.937876 0.937717 0.937692 0.937561 0.937311 0.936984 0.936620 0.936243 0.935861 0.935481 0.935102 0.934726 0.934352 0.933980 0.933611 0.933244 0.932880 0.932520 0.932163 0.931810 0.931461 0.931117 0.930777 0.930442 0.930112 0.929788 0.929470 0.929159 0.928853 0.928555 0.928263 0.927979 0.927703 0.927434 0.927173 0.926920 0.926676 0.926440 0.926212 0.925993 0.925783 0.925581 0.925388 0.925204 0.925028 0.924860 0.924701 0.924550 0.924407 0.924272 0.924145 0.924025 0.923913 0.923807 0.923708 0.923616 0.923530 0.923450 0.923376 0.923308 0.923244 0.923185 0.923132 0.923082 0.923037 0.922995 0.922957 0.922922 0.922891 0.922862 0.922836 0.922813 0.922792 0.922773 0.922756 0.922741 0.922727 0.922715 0.922704 0.922694 0.922686 0.922678 0.922672 0.922666 0.922661 0.922656 0.922652 0.922649 0.922646 0.922643 0.922641 0.922639 0.922638 0.922636 0.922635 0.922635 0.922634 0.922634 0.922633 0.922633 0.922634 0.922634 0.922635 0.922635 0.922636 0.922638 0.922639 0.922641 0.922643 0.922646 0.922649 0.922652 0.922656 0.922661 0.922666 0.922672 0.922678 0.922686 0.922694 0.922704 0.922715 0.922727 0.922741 0.922756 0.922773 0.922792 0.922813 0.922836 0.922862 0.922891 0.922922 0.922957 0.922995 0.923037 0.923082 0.923132 0.923185 0.923244 0.923308 0.923376 0.923450 0.923530 0.923616 0.923708 0.923807 0.923913 0.924025 0.924145 0.924272 0.924407 0.924550 0.924701 0.924860 0.925028 0.925204 0.925388 0.925581 0.925783 0.925993 0.926212 0.926440 0.926676 0.926920 0.927173 0.927434 0.927703 0.927979 0.928263 0.928555 0.928853 0.929159 0.929470 0.929788 0.930112 0.930442 0.930777 0.931117 0.931461 0.931810 0.932163 0.932520 0.932880 0.933244 0.933611 0.933980 0.934352 0.934726 0.935102 0.935481 0.935861 0.936243 0.936620 0.936984 0.937311 0.937561 0.937692 0.937717 0.937876 0.939016 0.942930
0.945304 0.941489 0.940380 0.940216 0.940176 0.940031 0.939772 0.939440 0.939073 0.938693 0.938311 0.937930 0.937551 0.937174 0.936800 0.936429 0.936061 0.935695 0.935333 0.934975 0.934620 0.934269 0.933923 0.933582 0.933245 0.932914 0.932588 0.932268 0.931954 0.931646 0.931345 0.931051 0.930764 0.930485 0.930213 0.929948 0.929692 0.929444 0.929205 0.928973 0.928750 0.928536 0.928330 0.928132 0.927944 0.927763 0.927591 0.927428 0.927272 0.927125 0.926985 0.926854 0.926729 0.926613 0.926503 0.926400 0.926304 0.926214 0.926130 0.926053 0.925980 0.925913 0.925852 0.925795 0.925742 0.925694 0.925650 0.925609 0.925572 0.925538 0.925508 0.925480 0.925455 0.925432 0.925412 0.925393 0.925376 0.925362 0.925348 0.925336 0.925326 0.925317 0.925308 0.925301 0.925294 0.925289 0.925284 0.925279 0.925275 0.925272 0.925269 0.925267 0.925265 0.925263 0.925261 0.925260 0.925259 0.925258 0.925258 0.925257 0.925257 0.925257 0.925257 0.925258 0.925258 0.925259 0.925260 0.925261 0.925263 0.925265 0.925267 0.925269 0.925272 0.925275 0.925279 0.925284 0.925289 0.925294 0.925301 0.925308 0.925317 0.925326 0.925336 0.925348 0.925362 0.925376 0.925393 0.925412 0.925432 0.925455 0.925480 0.925508 0.925538 0.925572 0.925609 0.925650 0.925694 0.925742 0.925795 0.925852 0.925913 0.925980 0.926053 0.926130 0.926214 0.926304 0.926400 0.926503 0.926613 0.926729 0.926854 0.926985 0.927125 0.927272 0.927428 0.927591 0.927763 0.927944 0.928132 0.928330 0.928536 0.928750 0.928973 0.929205 0.929444 0.929692 0.929948 0.930213 0.930485 0.930764 0.931051 0.931345 0.931646 0.931954 0.932268 0.932588 0.932914 0.933245 0.933582 0.933923 0.934269 0.934620 0.934975 0.935333 0.935695 0.936061 0.936429 0.936800 0.937174 0.937551 0.937930 0.938311 0.938693 0.939073 0.939440 0.939772 0.940031 0.940176 0.940216 0.940380 0.941489 0.945304
0.947639 0.943924 0.942847 0.942677 0.942622 0.942465 0.942197 0.941860 0.941491 0.941110 0.940726 0.940345 0.939966 0.939590 0.939217 0.938846 0.938479 0.938115 0.937755 0.937399 0.937047 0.936699 0.936356 0.936017 0.935684 0.935357 0.935035 0.934719 0.934409 0.934106 0.933809 0.933520 0.933238 0.932963 0.932696 0.932437 0.932185 0.931942 0.931707 0.931481 0.931262 0.931053 0.930851 0.930658 0.930474 0.930298 0.930130 0.929970 0.929819 0.929675 0.929539 0.929411 0.929290 0.929176 0.929069 0.928969 0.928875 0.928788 0.928706 0.928631 0.928560 0.928495 0.928435 0.928380 0.928329 0.928282 0.928239 0.928199 0.928164 0.928131 0.928101 0.928074 0.928050 0.928027 0.928008 0.927990 0.927973 0.927959 0.927946 0.927935 0.927924 0.927915 0.927907 0.927900 0.927894 0.927888 0.927883 0.927879 0.927875 0.927872 0.927869 0.927867 0.927865 0.927863 0.927862 0.927860 0.927859 0.927859 0.927858 0.927858 0.927858 0.927858 0.927858 0.927858 0.927859 0.927859 0.927860 0.927862 0.927863 0.927865 0.927867 0.927869 0.927872 0.927875 0.927879 0.927883 0.927888 0.927894 0.927900 0.927907 0.927915 0.927924 0.927935 0.927946 0.927959 0.927973 0.927990 0.928008 0.928027 0.928050 0.928074 0.928101 0.928131 0.928164 0.928199 0.928239 0.928282 0.928329 0.928380 0.928435 0.928495 0.928560 0.928631 0.928706 0.928788 0.928875 0.928969 0.929069 0.929176 0.929290 0.929411 0.929539 0.929675 0.929819 0.929970 0.930130 0.930298 0.930474 0.930658 0.930851 0.931053 0.931262 0.931481 0.931707 0.931942 0.932185 0.932437 0.932696 0.932963 0.933238 0.933520 0.933809 0.934106 0.934409 0.934719 0.935035 0.935357 0.935684 0.936017 0.936356 0.936699 0.937047 0.937399 0.937755 0.938115 0.938479 0.938846 0.939217 0.939590 0.939966 0.940345 0.940726 0.941110 0.941491 0.941860 0.942197 0.942465 0.942622 0.942677 0.942847 0.943924 0.947639
0.949934 0.946321 0.945274 0.945099 0.945031 0.944861 0.944585 0.944244 0.943873 0.943491 0.943107 0.942726 0.942347 0.941972 0.941600 0.941231 0.940865 0.940503 0.940146 0.939792 0.939442 0.939098 0.938758 0.938423 0.938094 0.937770 0.937452 0.937141 0.936836 0.936537 0.936246 0.935961 0.935684 0.935414 0.935152 0.934898 0.934652 0.934414 0.934184 0.933962 0.933748 0.933543 0.933347 0.933158 0.932978 0.932807 0.932643 0.932487 0.932340 0.932200 0.932067 0.931942 0.931825 0.931714 0.931610 0.931513 0.931422 0.931337 0.931258 0.931184 0.931116 0.931053 0.930994 0.930940 0.930891 0.930845 0.930803 0.930765 0.930730 0.930699 0.930670 0.930644 0.930620 0.930598 0.930579 0.930562 0.930546 0.930532 0.930519 0.930508 0.930498 0.930489 0.930482 0.930475 0.930469 0.930463 0.930458 0.930454 0.930451 0.930448 0.930445 0.930442 0.930440 0.930439 0.930437 0.930436 0.930435 0.930435 0.930434 0.930434 0.930433 0.930433 0.930434 0.930434 0.930435 0.930435 0.930436 0.930437 0.930439 0.930440 0.930442 0.930445 0.930448 0.930451 0.930454 0.930458 0.930463 0.930469 0.930475 0.930482 0.930489 0.930498 0.930508 0.930519 0.930532 0.930546 0.930562 0.930579 0.930598 0.930620 0.930644 0.930670 0.930699 0.930730 0.930765 0.930803 0.930845 0.930891 0.930940 0.930994 0.931053 0.931116 0.931184 0.931258 0.931337 0.931422 0.931513 0.931610 0.931714 0.931825 0.931942 0.932067 0.932200 0.932340 0.932487 0.932643 0.932807 0.932978 0.933158 0.933347 0.933543 0.933748 0.933962 0.934184 0.934414 0.934652 0.934898 0.935152 0.935414 0.935684 0.935961 0.936246 0.936537 0.936836 0.937141 0.937452 0.937770 0.938094 0.938423 0.938758 0.939098 0.939442 0.939792 0.940146 0.940503 0.940865 0.941231 0.941600 0.941972 0.942347 0.942726 0.943107 0.943491 0.943873 0.944244 0.944585 0.944861 0.945031 0.945099 0.945274 0.946321 0.949934
0.952190 0.948678 0.947661 0.947482 0.947400 0.947219 0.946936 0.946591 0.946218 0.945836 0.945452 0.945071 0.944694 0.944319 0.943949 0.943582 0.943218 0.942859 0.942504 0.942153 0.941807 0.941465 0.941129 0.940798 0.940473 0.940154 0.939841 0.939534 0.939234 0.938940 0.938653 0.938374 0.938102 0.937837 0.937581 0.937332 0.937091 0.936858 0.936633 0.936416 0.936208 0.936008 0.935816 0.935632 0.935457 0.935289 0.935130 0.934978 0.934835 0.934698 0.934570 0.934448 0.934334 0.934226 0.934125 0.934031 0.933942 0.933860 0.933783 0.933712 0.933645 0.933584 0.933528 0.933475 0.933427 0.933383 0.933343 0.933306 0.933272 0.933241 0.933213 0.933188 0.933165 0.933144 0.933125 0.933108 0.933093 0.933080 0.933067 0.933057 0.933047 0.933038 0.933031 0.933024 0.933018 0.933013 0.933008 0.933004 0.933001 0.932998 0.932995 0.932993 0.932991 0.932989 0.932988 0.932987 0.932986 0.932985 0.932985 0.932984 0.932984 0.932984 0.932984 0.932985 0.932985 0.932986 0.932987 0.932988 0.932989 0.932991 0.932993 0.932995 0.932998 0.933001 0.933004 0.933008 0.933013 0.933018 0.933024 0.933031 0.933038 0.933047 0.933057 0.933067 0.933080 0.933093 0.933108 0.933125 0.933144 0.933165 0.933188 0.933213 0.933241 0.933272 0.933306 0.933343 0.933383 0.933427 0.933475 0.933528 0.933584 0.933645 0.933712 0.933783 0.933860 0.933942 0.934031 0.934125 0.934226 0.934334 0.934448 0.934570 0.934698 0.934835 0.934978 0.935130 0.935289 0.935457 0.935632 0.935816 0.936008 0.936208 0.936416 0.936633 0.936858 0.937091 0.937332 0.937581 0.937837 0.938102 0.938374 0.938653 0.938940 0.939234 0.939534 0.939841 0.940154 0.940473 0.940798 0.941129 0.941465 0.941807 0.942153 0.942504 0.942859 0.943218 0.943582 0.943949 0.944319 0.944694 0.945071 0.945452 0.945836 0.946218 0.946591 0.946936 0.947219 0.947400 0.947482 0.947661 0.948678 0.952190
0.954403 0.950995 0.950008 0.949824 0.949729 0.949537 0.949248 0.948901 0.948527 0.948144 0.947761 0.947381 0.947005 0.946632 0.946263 0.945898 0.945537 0.945181 0.944829 0.944481 0.944139 0.943801 0.943469 0.943143 0.942822 0.942507 0.942199 0.941897 0.941602 0.941313 0.941032 0.940758 0.940491 0.940232 0.939981 0.939737 0.939501 0.939274 0.939054 0.938843 0.938640 0.938444 0.938257 0.938079 0.937908 0.937745 0.937590 0.937442 0.937303 0.937170 0.937045 0.936927 0.936816 0.936712 0.936614 0.936522 0.936437 0.936357 0.936282 0.936213 0.936149 0.936090 0.936035 0.935984 0.935938 0.935895 0.935856 0.935820 0.935787 0.935757 0.935730 0.935706 0.935683 0.935663 0.935645 0.935629 0.935614 0.935601 0.935589 0.935579 0.935569 0.935561 0.935554 0.935547 0.935542 0.935536 0.935532 0.935528 0.935525 0.935522 0.935519 0.935517 0.935515 0.935514 0.935512 0.935511 0.935510 0.935510 0.935509 0.935509 0.935509 0.935509 0.935509 0.935509 0.935510 0.935510 0.935511 0.935512 0.935514 0.935515 0.935517 0.935519 0.935522 0.935525 0.935528 0.935532 0.935536 0.935542 0.935547 0.935554 0.935561 0.935569 0.935579 0.935589 0.935601 0.935614 0.935629 0.935645 0.935663 0.935683 0.935706 0.935730 0.935757 0.935787 0.935820 0.935856 0.935895 0.935938 0.935984 0.936035 0.936090 0.936149 0.936213 0.936282 0.936357 0.936437 0.936522 0.936614 0.936712 0.936816 0.936927 0.937045 0.937170 0.937303 0.937442 0.937590 0.937745 0.937908 0.938079 0.938257 0.938444 0.938640 0.938843 0.939054 0.939274 0.939501 0.939737 0.939981 0.940232 0.940491 0.940758 0.941032 0.941313 0.941602 0.941897 0.942199 0.942507 0.942822 0.943143 0.943469 0.943801 0.944139 0.944481 0.944829 0.945181 0.945537 0.945898 0.946263 0.946632 0.947005 0.947381 0.947761 0.948144 0.948527 0.948901 0.949248 0.949537 0.949729 0.949824 0.950008 0.950995 0.954403
0.956575 0.953270 0.952313 0.952125 0.952018 0.951816 0.951521 0.951171 0.950797 0.950415 0.950033 0.949655 0.949280 0.948909 0.948543 0.948180 0.947822 0.947469 0.947120 0.946776 0.946438 0.946104 0.945777 0.945455 0.945139 0.944829 0.944526 0.944229 0.943939 0.943656 0.943381 0.943112 0.942851 0.942597 0.942352 0.942114 0.941884 0.941661 0.941447 0.941241 0.941043 0.940853 0.940671 0.940497 0.940331 0.940173 0.940022 0.939879 0.939743 0.939615 0.939493 0.939379 0.939271 0.939170 0.939075 0.938986 0.938903 0.938826 0.938754 0.938687 0.938625 0.938568 0.938514 0.938466 0.938421 0.938379 0.938341 0.938307 0.938275 0.938246 0.938220 0.938196 0.938175 0.938155 0.938138 0.938122 0.938108 0.938095 0.938084 0.938074 0.938065 0.938057 0.938050 0.938043 0.938038 0.938033 0.938029 0.938025 0.938022 0.938019 0.938016 0.938014 0.938012 0.938011 0.938010 0.938009 0.938008 0.938007 0.938007 0.938006 0.938006 0.938006 0.938006 0.938007 0.938007 0.938008 0.938009 0.938010 0.938011 0.938012 0.938014 0.938016 0.938019 0.938022 0.938025 0.938029 0.938033 0.938038 0.938043 0.938050 0.938057 0.938065 0.938074 0.938084 0.938095 0.938108 0.938122 0.938138 0.938155 0.938175 0.938196 0.938220 0.938246 0.938275 0.938307 0.938341 0.938379 0.938421 0.938466 0.938514 0.938568 0.938625 0.938687 0.938754 0.938826 0.938903 0.938986 0.939075 0.939170 0.939271 0.939379 0.939493 0.939615 0.939743 0.939879 0.940022 0.940173 0.940331 0.940497 0.940671 0.940853 0.941043 0.941241 0.941447 0.941661 0.941884 0.942114 0.942352 0.942597 0.942851 0.943112 0.943381 0.943656 0.943939 0.944229 0.944526 0.944829 0.945139 0.945455 0.945777 0.946104 0.946438 0.946776 0.947120 0.947469 0.947822 0.948180 0.948543 0.948909 0.949280 0.949655 0.950033 0.950415 0.950797 0.951171 0.951521 0.951816 0.952018 0.952125 0.952313 0.953270 0.956575
0.958704 0.955503 0.954576 0.954384 0.954265 0.954054 0.953754 0.953403 0.953028 0.952647 0.952267 0.951890 0.951518 0.951150 0.950786 0.950426 0.950072 0.949722 0.949377 0.949037 0.948703 0.948374 0.948052 0.947735 0.947424 0.947119 0.946822 0.946530 0.946246 0.945969 0.945699 0.945436 0.945181 0.944933 0.944693 0.944460 0.944236 0.944020 0.943811 0.943610 0.943418 0.943233 0.943056 0.942887 0.942725 0.942572 0.942425 0.942287 0.942155 0.942031 0.941913 0.941802 0.941698 0.941600 0.941508 0.941422 0.941342 0.941267 0.941198 0.941133 0.941073 0.941017 0.940966 0.940919 0.940875 0.940836 0.940799 0.940766 0.940735 0.940707 0.940682 0.940659 0.940638 0.940620 0.940603 0.940587 0.940574 0.940561 0.940551 0.940541 0.940532 0.940524 0.940517 0.940511 0.940506 0.940501 0.940497 0.940494 0.940490 0.940488 0.940485 0.940483 0.940482 0.940480 0.940479 0.940478 0.940477 0.940476 0.940476 0.940476 0.940475 0.940475 0.940476 0.940476 0.940476 0.940477 0.940478 0.940479 0.940480 0.940482 0.940483 0.940485 0.940488 0.940490 0.940494 0.940497 0.940501 0.940506 0.940511 0.940517 0.940524 0.940532 0.940541 0.940551 0.940561 0.940574 0.940587 0.940603 0.940620 0.940638 0.940659 0.940682 0.940707 0.940735 0.940766 0.940799 0.940836 0.940875 0.940919 0.940966 0.941017 0.941073 0.941133 0.941198 0.941267 0.941342 0.941422 0.941508 0.941600 0.941698 0.941802 0.941913 0.942031 0.942155 0.942287 0.942425 0.942572 0.942725 0.942887 0.943056 0.943233 0.943418 0.943610 0.943811 0.944020 0.944236 0.944460 0.944693 0.944933 0.945181 0.945436 0.945699 0.945969 0.946246 0.946530 0.946822 0.947119 0.947424 0.947735 0.948052 0.948374 0.948703 0.949037 0.949377 0.949722 0.950072 0.950426 0.950786 0.951150 0.951518 0.951890 0.952267 0.952647 0.953028 0.953403 0.953754 0.954054 0.954265 0.954384 0.954576 0.955503 0.958704
0.960788 0.957693 0.956795 0.956600 0.956470 0.956251 0.955946 0.955593 0.955220 0.954840 0.954462 0.954088 0.953718 0.953353 0.952992 0.952636 0.952285 0.951940 0.951599 0.951264 0.950934 0.950611 0.950293 0.949981 0.949676 0.949377 0.949085 0.948799 0.948521 0.948249 0.947985 0.947728 0.947479 0.947237 0.947003 0.946777 0.946558 0.946348 0.946145 0.945949 0.945762 0.945583 0.945411 0.945247 0.945090 0.944941 0.944800 0.944665 0.944538 0.944417 0.944303 0.944196 0.944095 0.944001 0.943912 0.943829 0.943751 0.943679 0.943612 0.943550 0.943492 0.943438 0.943389 0.943343 0.943301 0.943263 0.943227 0.943195 0.943166 0.943139 0.943115 0.943093 0.943073 0.943055 0.943038 0.943024 0.943010 0.942999 0.942988 0.942979 0.942970 0.942963 0.942956 0.942950 0.942945 0.942941 0.942937 0.942933 0.942930 0.942928 0.942925 0.942923 0.942922 0.942920 0.942919 0.942918 0.942917 0.942917 0.942916 0.942916 0.942916 0.942916 0.942916 0.942916 0.942917 0.942917 0.942918 0.942919 0.942920 0.942922 0.942923 0.942925 0.942928 0.942930 0.942933 0.942937 0.942941 0.942945 0.942950 0.942956 0.942963 0.942970 0.942979 0.942988 0.942999 0.943010 0.943024 0.943038 0.943055 0.943073 0.943093 0.943115 0.943139 0.943166 0.943195 0.943227 0.943263 0.943301 0.943343 0.943389 0.943438 0.943492 0.943550 0.943612 0.943679 0.943751 0.943829 0.943912 0.944001 0.944095 0.944196 0.944303 0.944417 0.944538 0.944665 0.944800 0.944941 0.945090 0.945247 0.945411 0.945583 0.945762 0.945949 0.946145 0.946348 0.946558 0.946777 0.947003 0.947237 0.947479 0.947728 0.947985 0.948249 0.948521 0.948799 0.949085 0.949377 0.949676 0.949981 0.950293 0.950611 0.950934 0.951264 0.951599 0.951940 0.952285 0.952636 0.952992 0.953353 0.953718 0.954088 0.954462 0.954840 0.955220 0.955593 0.955946 0.956251 0.956470 0.956600 0.956795 0.957693 0.960788
0.962828 0.959839 0.958970 0.958772 0.958632 0.958405 0.958097 0.957743 0.957371 0.956993 0.956618 0.956246 0.955880 0.955518 0.955161 0.954809 0.954462 0.954121 0.953785 0.953455 0.953130 0.952812 0.952500 0.952194 0.951894 0.951601 0.951315 0.951035 0.950763 0.950498 0.950240 0.949989 0.949746 0.949510 0.949282 0.949062 0.948849 0.948644 0.948447 0.948258 0.948076 0.947902 0.947735 0.947576 0.947425 0.947280 0.947143 0.947013 0.946890 0.946774 0.946664 0.946560 0.946463 0.946371 0.946286 0.946206 0.946131 0.946061 0.945996 0.945936 0.945880 0.945829 0.945781 0.945737 0.945697 0.945660 0.945626 0.945595 0.945566 0.945541 0.945517 0.945496 0.945477 0.945459 0.945444 0.945430 0.945417 0.945406 0.945395 0.945386 0.945378 0.945371 0.945365 0.945359 0.945354 0.945350 0.945346 0.945343 0.945340 0.945337 0.945335 0.945333 0.945332 0.945330 0.945329 0.945328 0.945327 0.945327 0.945326 0.945326 0.945326 0.945326 0.945326 0.945326 0.945327 0.945327 0.945328 0.945329 0.945330 0.945332 0.945333 0.945335 0.945337 0.945340 0.945343 0.945346 0.945350 0.945354 0.945359 0.945365 0.945371 0.945378 0.945386 0.945395 0.945406 0.945417 0.945430 0.945444 0.945459 0.945477 0.945496 0.945517 0.945541 0.945566 0.945595 0.945626 0.945660 0.945697 0.945737 0.945781 0.945829 0.945880 0.945936 0.945996 0.946061 0.946131 0.946206 0.946286 0.946371 0.946463 0.946560 0.946664 0.946774 0.946890 0.947013 0.947143 0.947280 0.947425 0.947576 0.947735 0.947902 0.948076 0.948258 0.948447 0.948644 0.948849 0.949062 0.949282 0.949510 0.949746 0.949989 0.950240 0.950498 0.950763 0.951035 0.951315 0.951601 0.951894 0.952194 0.952500 0.952812 0.953130 0.953455 0.953785 0.954121 0.954462 0.954809 0.955161 0.955518 0.955880 0.956246 0.956618 0.956993 0.957371 0.957743 0.958097 0.958405 0.958632 0.958772 0.958970 0.959839 0.962828
0.964822 0.961940 0.961100 0.960899 0.960749 0.960515 0.960205 0.959851 0.959480 0.959106 0.958733 0.958365 0.958002 0.957644 0.957291 0.956944 0.956602 0.956265 0.955935 0.955610 0.955291 0.954978 0.954671 0.954371 0.954078 0.953791 0.953511 0.953238 0.952972 0.952713 0.952461 0.952217 0.951980 0.951751 0.951529 0.951315 0.951109 0.950910 0.950718 0.950535 0.950358 0.950190 0.950028 0.949874 0.949728 0.949588 0.949456 0.949330 0.949211 0.949099 0.948993 0.948893 0.948799 0.948711 0.948628 0.948551 0.948479 0.948412 0.948349 0.948291 0.948238 0.948188 0.948142 0.948100 0.948061 0.948026 0.947993 0.947963 0.947936 0.947911 0.947889 0.947868 0.947850 0.947833 0.947818 0.947805 0.947792 0.947781 0.947772 0.947763 0.947755 0.947748 0.947742 0.947737 0.947732 0.947728 0.947724 0.947721 0.947718 0.947716 0.947714 0.947712 0.947710 0.947709 0.947708 0.947707 0.947706 0.947706 0.947705 0.947705 0.947705 0.947705 0.947705 0.947705 0.947706 0.947706 0.947707 0.947708 0.947709 0.947710 0.947712 0.947714 0.947716 0.947718 0.947721 0.947724 0.947728 0.947732 0.947737 0.947742 0.947748 0.947755 0.947763 0.947772 0.947781 0.947792 0.947805 0.947818 0.947833 0.947850 0.947868 0.947889 0.947911 0.947936 0.947963 0.947993 0.948026 0.948061 0.948100 0.948142 0.948188 0.948238 0.948291 0.948349 0.948412 0.948479 0.948551 0.948628 0.948711 0.948799 0.948893 0.948993 0.949099 0.949211 0.949330 0.949456 0.949588 0.949728 0.949874 0.950028 0.950190 0.950358 0.950535 0.950718 0.950910 0.951109 0.951315 0.951529 0.951751 0.951980 0.952217 0.952461 0.952713 0.952972 0.953238 0.953511 0.953791 0.954078 0.954371 0.954671 0.954978 0.955291 0.955610 0.955935 0.956265 0.956602 0.956944 0.957291 0.957644 0.958002 0.958365 0.958733 0.959106 0.959480 0.959851 0.960205 0.960515 0.960749 0.960899 0.961100 0.961940 0.964822
0.966770 0.963994 0.963185 0.962980 0.962822 0.962582 0.962269 0.961916 0.961548 0.961176 0.960807 0.960443 0.960084 0.959731 0.959383 0.959040 0.958703 0.958372 0.958047 0.957727 0.957414 0.957107 0.956807 0.956513 0.956226 0.955946 0.955672 0.955406 0.955146 0.954894 0.954649 0.954412 0.954181 0.953958 0.953743 0.953535 0.953335 0.953142 0.952957 0.952779 0.952608 0.952445 0.952289 0.952140 0.951999 0.951864 0.951736 0.951615 0.951500 0.951392 0.951289 0.951193 0.951103 0.951018 0.950938 0.950864 0.950795 0.950730 0.950670 0.950615 0.950563 0.950515 0.950471 0.950431 0.950394 0.950359 0.950328 0.950299 0.950273 0.950250 0.950228 0.950208 0.950191 0.950175 0.950160 0.950147 0.950136 0.950125 0.950116 0.950108 0.950100 0.950093 0.950088 0.950082 0.950078 0.950074 0.950070 0.950067 0.950065 0.950062 0.950060 0.950059 0.950057 0.950056 0.950055 0.950054 0.950053 0.950053 0.950052 0.950052 0.950052 0.950052 0.950052 0.950052 0.950053 0.950053 0.950054 0.950055 0.950056 0.950057 0.950059 0.950060 0.950062 0.950065 0.950067 0.950070 0.950074 0.950078 0.950082 0.950088 0.950093 0.950100 0.950108 0.950116 0.950125 0.950136 0.950147 0.950160 0.950175 0.950191 0.950208 0.950228 0.950250 0.950273 0.950299 0.950328 0.950359 0.950394 0.950431 0.950471 0.950515 0.950563 0.950615 0.950670 0.950730 0.950795 0.950864 0.950938 0.951018 0.951103 0.951193 0.951289 0.951392 0.951500 0.951615 0.951736 0.951864 0.951999 0.952140 0.952289 0.952445 0.952608 0.952779 0.952957 0.953142 0.953335 0.953535 0.953743 0.953958 0.954181 0.954412 0.954649 0.954894 0.955146 0.955406 0.955672 0.955946 0.956226 0.956513 0.956807 0.957107 0.957414 0.957727 0.958047 0.958372 0.958703 0.959040 0.959383 0.959731 0.960084 0.960443 0.960807 0.961176 0.961548 0.961916 0.962269 0.962582 0.962822 0.962980 0.963185 0.963994 0.966770
0.968671 0.966003 0.965222 0.965015 0.964849 0.964603 0.964289 0.963938 0.963572 0.963204 0.962840 0.962480 0.962126 0.961777 0.961434 0.961097 0.960765 0.960440 0.960120 0.959807 0.959500 0.959200 0.958906 0.958619 0.958339 0.958065 0.957798 0.957539 0.957286 0.957041 0.956802 0.956572 0.956348 0.956132 0.955923 0.955722 0.955527 0.955341 0.955161 0.954989 0.954825 0.954667 0.954516 0.954373 0.954236 0.954106 0.953983 0.953866 0.953756 0.953651 0.953553 0.953461 0.953374 0.953292 0.953216 0.953144 0.953078 0.953016 0.952958 0.952905 0.952855 0.952809 0.952767 0.952728 0.952693 0.952660 0.952630 0.952602 0.952577 0.952555 0.952534 0.952515 0.952498 0.952483 0.952469 0.952457 0.952446 0.952436 0.952427 0.952419 0.952412 0.952405 0.952400 0.952395 0.952390 0.952387 0.952383 0.952380 0.952378 0.952375 0.952373 0.952372 0.952370 0.952369 0.952368 0.952367 0.952367 0.952366 0.952366 0.952366 0.952365 0.952365 0.952366 0.952366 0.952366 0.952367 0.952367 0.952368 0.952369 0.952370 0.952372 0.952373 0.952375 0.952378 0.952380 0.952383 0.952387 0.952390 0.952395 0.952400 0.952405 0.952412 0.952419 0.952427 0.952436 0.952446 0.952457 0.952469 0.952483 0.952498 0.952515 0.952534 0.952555 0.952577 0.952602 0.952630 0.952660 0.952693 0.952728 0.952767 0.952809 0.952855 0.952905 0.952958 0.953016 0.953078 0.953144 0.953216 0.953292 0.953374 0.953461 0.953553 0.953651 0.953756 0.953866 0.953983 0.954106 0.954236 0.954373 0.954516 0.954667 0.954825 0.954989 0.955161 0.955341 0.955527 0.955722 0.955923 0.956132 0.956348 0.956572 0.956802 0.957041 0.957286 0.957539 0.957798 0.958065 0.958339 0.958619 0.958906 0.959200 0.959500 0.959807 0.960120 0.960440 0.960765 0.961097 0.961434 0.961777 0.962126 0.962480 0.962840 0.963204 0.963572 0.963938 0.964289 0.964603 0.964849 0.965015 0.965222 0.966003 0.968671
0.970524 0.967963 0.967212 0.967003 0.966829 0.966579 0.966264 0.965915 0.965553 0.965189 0.964829 0.964474 0.964125 0.963782 0.963445 0.963113 0.962788 0.962468 0.962155 0.961849 0.961549 0.961255 0.960968 0.960688 0.960414 0.960148 0.959888 0.959635 0.959390 0.959152 0.958920 0.958696 0.958480 0.958270 0.958068 0.957873 0.957685 0.957505 0.957332 0.957166 0.957007 0.956855 0.956710 0.956571 0.956440 0.956315 0.956196 0.956084 0.955977 0.955877 0.955783 0.955694 0.955610 0.955532 0.955459 0.955390 0.955326 0.955267 0.955212 0.955161 0.955113 0.955069 0.955029 0.954992 0.954958 0.954926 0.954897 0.954871 0.954847 0.954825 0.954806 0.954788 0.954772 0.954757 0.954744 0.954732 0.954721 0.954712 0.954703 0.954695 0.954689 0.954683 0.954677 0.954673 0.954668 0.954665 0.954662 0.954659 0.954656 0.954654 0.954652 0.954651 0.954649 0.954648 0.954647 0.954646 0.954646 0.954645 0.954645 0.954645 0.954645 0.954645 0.954645 0.954645 0.954645 0.954646 0.954646 0.954647 0.954648 0.954649 0.954651 0.954652 0.954654 0.954656 0.954659 0.954662 0.954665 0.954668 0.954673 0.954677 0.954683 0.954689 0.954695 0.954703 0.954712 0.954721 0.954732 0.954744 0.954757 0.954772 0.954788 0.954806 0.954825 0.954847 0.954871 0.954897 0.954926 0.954958 0.954992 0.955029 0.955069 0.955113 0.955161 0.955212 0.955267 0.955326 0.955390 0.955459 0.955532 0.955610 0.955694 0.955783 0.955877 0.955977 0.956084 0.956196 0.956315 0.956440 0.956571 0.956710 0.956855 0.957007 0.957166 0.957332 0.957505 0.957685 0.957873 0.958068 0.958270 0.958480 0.958696 0.958920 0.959152 0.959390 0.959635 0.959888 0.960148 0.960414 0.960688 0.960968 0.961255 0.961549 0.961849 0.962155 0.962468 0.962788 0.963113 0.963445 0.963782 0.964125 0.964474 0.964829 0.965189 0.965553 0.965915 0.966264 0.966579 0.966829 0.967003 0.967212 0.967963 0.970524
0.972328 0.969876 0.969153 0.968943 0.968762 0.968509 0.968194 0.967847 0.967489 0.967130 0.966775 0.966426 0.966082 0.965745 0.965414 0.965089 0.964770 0.964457 0.964151 0.963851 0.963558 0.963271 0.962991 0.962718 0.962452 0.962193 0.961941 0.961695 0.961457 0.961226 0.961002 0.960785 0.960575 0.960373 0.960177 0.959989 0.959808 0.959634 0.959467 0.959307 0.959154 0.959007 0.958868 0.958735 0.958608 0.958488 0.958374 0.958266 0.958164 0.958068 0.957977 0.957892 0.957812 0.957737 0.957667 0.957601 0.957540 0.957483 0.957430 0.957381 0.957336 0.957294 0.957255 0.957220 0.957187 0.957157 0.957130 0.957105 0.957082 0.957061 0.957042 0.957025 0.957009 0.956995 0.956983 0.956971 0.956961 0.956952 0.956944 0.956937 0.956930 0.956925 0.956919 0.956915 0.956911 0.956908 0.956904 0.956902 0.956899 0.956897 0.956896 0.956894 0.956893 0.956892 0.956891 0.956890 0.956889 0.956889 0.956889 0.956888 0.956888 0.956888 0.956888 0.956889 0.956889 0.956889 0.956890 0.956891 0.956892 0.956893 0.956894 0.956896 0.956897 0.956899 0.956902 0.956904 0.956908 0.956911 0.956915 0.956919 0.956925 0.956930 0.956937 0.956944 0.956952 0.956961 0.956971 0.956983 0.956995 0.957009 0.957025 0.957042 0.957061 0.957082 0.957105 0.957130 0.957157 0.957187 0.957220 0.957255 0.957294 0.957336 0.957381 0.957430 0.957483 0.957540 0.957601 0.957667 0.957737 0.957812 0.957892 0.957977 0.958068 0.958164 0.958266 0.958374 0.958488 0.958608 0.958735 0.958868 0.959007 0.959154 0.959307 0.959467 0.959634 0.959808 0.959989 0.960177 0.960373 0.960575 0.960785 0.961002 0.961226 0.961457 0.961695 0.961941 0.962193 0.962452 0.962718 0.962991 0.963271 0.963558 0.963851 0.964151 0.964457 0.964770 0.965089 0.965414 0.965745 0.966082 0.966426 0.966775 0.967130 0.967489 0.967847 0.968194 0.968509 0.968762 0.968943 0.969153 0.969876 0.972328
0.974083 0.971740 0.971045 0.970834 0.970647 0.970391 0.970077 0.969733 0.969379 0.969026 0.968677 0.968334 0.967996 0.967665 0.967341 0.967022 0.966710 0.966404 0.966105 0.965813 0.965527 0.965248 0.964976 0.964711 0.964452 0.964200 0.963956 0.963718 0.963487 0.963263 0.963047 0.962837 0.962634 0.962439 0.962250 0.962069 0.961894 0.961727 0.961566 0.961412 0.961264 0.961124 0.960990 0.960862 0.960740 0.960625 0.960516 0.960412 0.960314 0.960222 0.960135 0.960054 0.959977 0.959905 0.959838 0.959776 0.959717 0.959663 0.959612 0.959565 0.959522 0.959482 0.959445 0.959411 0.959380 0.959351 0.959325 0.959301 0.959280 0.959260 0.959242 0.959226 0.959211 0.959197 0.959185 0.959175 0.959165 0.959156 0.959149 0.959142 0.959135 0.959130 0.959125 0.959121 0.959117 0.959114 0.959111 0.959108 0.959106 0.959104 0.959102 0.959101 0.959100 0.959099 0.959098 0.959097 0.959097 0.959096 0.959096 0.959096 0.959095 0.959095 0.959096 0.959096 0.959096 0.959097 0.959097 0.959098 0.959099 0.959100 0.959101 0.959102 0.959104 0.959106 0.959108 0.959111 0.959114 0.959117 0.959121 0.959125 0.959130 0.959135 0.959142 0.959149 0.959156 0.959165 0.959175 0.959185 0.959197 0.959211 0.959226 0.959242 0.959260 0.959280 0.959301 0.959325 0.959351 0.959380 0.959411 0.959445 0.959482 0.959522 0.959565 0.959612 0.959663 0.959717 0.959776 0.959838 0.959905 0.959977 0.960054 0.960135 0.960222 0.960314 0.960412 0.960516 0.960625 0.960740 0.960862 0.960990 0.961124 0.961264 0.961412 0.961566 0.961727 0.961894 0.962069 0.962250 0.962439 0.962634 0.962837 0.963047 0.963263 0.963487 0.963718 0.963956 0.964200 0.964452 0.964711 0.964976 0.965248 0.965527 0.965813 0.966105 0.966404 0.966710 0.967022 0.967341 0.967665 0.967996 0.968334 0.968677 0.969026 0.969379 0.969733 0.970077 0.970391 0.970647 0.970834 0.971045 0.971740 0.974083
0.975788 0.973553 0.972888 0.972676 0.972484 0.972225 0.971912 0.971572 0.971224 0.970877 0.970534 0.970197 0.969866 0.969542 0.969224 0.968913 0.968609 0.968310 0.968019 0.967734 0.967456 0.967185 0.966921 0.966663 0.966412 0.966169 0.965932 0.965702 0.965479 0.965263 0.965053 0.964851 0.964656 0.964467 0.964286 0.964111 0.963943 0.963782 0.963627 0.963479 0.963338 0.963203 0.963074 0.962952 0.962835 0.962725 0.962620 0.962521 0.962428 0.962340 0.962257 0.962178 0.962105 0.962037 0.961973 0.961913 0.961857 0.961805 0.961757 0.961712 0.961671 0.961633 0.961598 0.961565 0.961536 0.961508 0.961484 0.961461 0.961440 0.961421 0.961404 0.961389 0.961374 0.961362 0.961350 0.961340 0.961331 0.961323 0.961315 0.961309 0.961303 0.961298 0.961293 0.961289 0.961285 0.961282 0.961279 0.961277 0.961275 0.961273 0.961272 0.961270 0.961269 0.961268 0.961267 0.961266 0.961266 0.961265 0.961265 0.961265 0.961265 0.961265 0.961265 0.961265 0.961265 0.961266 0.961266 0.961267 0.961268 0.961269 0.961270 0.961272 0.961273 0.961275 0.961277 0.961279 0.961282 0.961285 0.961289 0.961293 0.961298 0.961303 0.961309 0.961315 0.961323 0.961331 0.961340 0.961350 0.961362 0.961374 0.961389 0.961404 0.961421 0.961440 0.961461 0.961484 0.961508 0.961536 0.961565 0.961598 0.961633 0.961671 0.961712 0.961757 0.961805 0.961857 0.961913 0.961973 0.962037 0.962105 0.962178 0.962257 0.962340 0.962428 0.962521 0.962620 0.962725 0.962835 0.962952 0.963074 0.963203 0.963338 0.963479 0.963627 0.963782 0.963943 0.964111 0.964286 0.964467 0.964656 0.964851 0.965053 0.965263 0.965479 0.965702 0.965932 0.966169 0.966412 0.966663 0.966921 0.967185 0.967456 0.967734 0.968019 0.968310 0.968609 0.968913 0.969224 0.969542 0.969866 0.970197 0.970534 0.970877 0.971224 0.971572 0.971912 0.972225 0.972484 0.972676 0.972888 0.973553 0.975788
0.977442 0.975317 0.974680 0.974468 0.974271 0.974010 0.973700 0.973364 0.973022 0.972681 0.972345 0.972015 0.971691 0.971375 0.971065 0.970761 0.970464 0.970174 0.969891 0.969614 0.969344 0.969081 0.968825 0.968576 0.968333 0.968097 0.967868 0.967646 0.967431 0.967223 0.967021 0.966827 0.966639 0.966457 0.966283 0.966115 0.965954 0.965799 0.965651 0.965509 0.965374 0.965244 0.965121 0.965004 0.964892 0.964787 0.964687 0.964592 0.964503 0.964419 0.964339 0.964265 0.964195 0.964130 0.964069 0.964012 0.963958 0.963909 0.963863 0.963821 0.963781 0.963745 0.963712 0.963681 0.963653 0.963627 0.963603 0.963581 0.963562 0.963544 0.963528 0.963513 0.963500 0.963487 0.963477 0.963467 0.963458 0.963450 0.963443 0.963437 0.963432 0.963427 0.963422 0.963418 0.963415 0.963412 0.963409 0.963407 0.963405 0.963403 0.963402 0.963401 0.963399 0.963398 0.963398 0.963397 0.963397 0.963396 0.963396 0.963396 0.963396 0.963396 0.963396 0.963396 0.963396 0.963397 0.963397 0.963398 0.963398 0.963399 0.963401 0.963402 0.963403 0.963405 0.963407 0.963409 0.963412 0.963415 0.963418 0.963422 0.963427 0.963432 0.963437 0.963443 0.963450 0.963458 0.963467 0.963477 0.963487 0.963500 0.963513 0.963528 0.963544 0.963562 0.963581 0.963603 0.963627 0.963653 0.963681 0.963712 0.963745 0.963781 0.963821 0.963863 0.963909 0.963958 0.964012 0.964069 0.964130 0.964195 0.964265 0.964339 0.964419 0.964503 0.964592 0.964687 0.964787 0.964892 0.965004 0.965121 0.965244 0.965374 0.965509 0.965651 0.965799 0.965954 0.966115 0.966283 0.966457 0.966639 0.966827 0.967021 0.967223 0.967431 0.967646 0.967868 0.968097 0.968333 0.968576 0.968825 0.969081 0.969344 0.969614 0.969891 0.970174 0.970464 0.970761 0.971065 0.971375 0.971691 0.972015 0.972345 0.972681 0.973022 0.973364 0.973700 0.974010 0.974271 0.974468 0.974680 0.975317 0.977442
0.979046 0.977029 0.976421 0.976209 0.976008 0.975746 0.975438 0.975108 0.974772 0.974438 0.974109 0.973787 0.973471 0.973162 0.972860 0.972565 0.972276 0.971995 0.971720 0.971451 0.971190 0.970936 0.970688 0.970447 0.970213 0.969985 0.969765 0.969551 0.969344 0.969143 0.968950 0.968763 0.968582 0.968408 0.968241 0.968080 0.967925 0.967777 0.967635 0.967500 0.967370 0.967247 0.967129 0.967017 0.966911 0.966810 0.966714 0.966624 0.966539 0.966459 0.966383 0.966312 0.966246 0.966183 0.966125 0.966071 0.966021 0.965974 0.965930 0.965890 0.965852 0.965818 0.965786 0.965757 0.965730 0.965705 0.965683 0.965662 0.965644 0.965627 0.965611 0.965597 0.965585 0.965573 0.965563 0.965554 0.965546 0.965538 0.965532 0.965526 0.965520 0.965516 0.965512 0.965508 0.965505 0.965502 0.965499 0.965497 0.965495 0.965494 0.965492 0.965491 0.965490 0.965489 0.965488 0.965488 0.965487 0.965487 0.965487 0.965486 0.965486 0.965486 0.965486 0.965487 0.965487 0.965487 0.965488 0.965488 0.965489 0.965490 0.965491 0.965492 0.965494 0.965495 0.965497 0.965499 0.965502 0.965505 0.965508 0.965512 0.965516 0.965520 0.965526 0.965532 0.965538 0.965546 0.965554 0.965563 0.965573 0.965585 0.965597 0.965611 0.965627 0.965644 0.965662 0.965683 0.965705 0.965730 0.965757 0.965786 0.965818 0.965852 0.965890 0.965930 0.965974 0.966021 0.966071 0.966125 0.966183 0.966246 0.966312 0.966383 0.966459 0.966539 0.966624 0.966714 0.966810 0.966911 0.967017 0.967129 0.967247 0.967370 0.967500 0.967635 0.967777 0.967925 0.968080 0.968241 0.968408 0.968582 0.968763 0.968950 0.969143 0.969344 0.969551 0.969765 0.969985 0.970213 0.970447 0.970688 0.970936 0.971190 0.971451 0.971720 0.971995 0.972276 0.972565 0.972860 0.973162 0.973471 0.973787 0.974109 0.974438 0.974772 0.975108 0.975438 0.975746 0.976008 0.976209 0.976421 0.977029 0.979046
0.980598 0.978690 0.978110 0.977898 0.977694 0.977432 0.977128 0.976803 0.976474 0.976147 0.975827 0.975512 0.975205 0.974905 0.974611 0.974324 0.974044 0.973771 0.973505 0.973246 0.972993 0.972748 0.972509 0.972277 0.972051 0.971832 0.971620 0.971415 0.971216 0.971024 0.970838 0.970658 0.970485 0.970319 0.970159 0.970005 0.969857 0.969716 0.969580 0.969450 0.969327 0.969209 0.969097 0.968990 0.968889 0.968792 0.968702 0.968616 0.968535 0.968458 0.968387 0.968319 0.968256 0.968197 0.968142 0.968090 0.968042 0.967998 0.967956 0.967918 0.967883 0.967850 0.967820 0.967792 0.967767 0.967743 0.967722 0.967703 0.967685 0.967669 0.967654 0.967641 0.967629 0.967618 0.967609 0.967600 0.967592 0.967585 0.967579 0.967573 0.967568 0.967564 0.967560 0.967557 0.967554 0.967551 0.967549 0.967546 0.967545 0.967543 0.967542 0.967541 0.967540 0.967539 0.967538 0.967538 0.967537 0.967537 0.967536 0.967536 0.967536 0.967536 0.967536 0.967536 0.967537 0.967537 0.967538 0.967538 0.967539 0.967540 0.967541 0.967542 0.967543 0.967545 0.967546 0.967549 0.967551 0.967554 0.967557 0.967560 0.967564 0.967568 0.967573 0.967579 0.967585 0.967592 0.967600 0.967609 0.967618 0.967629 0.967641 0.967654 0.967669 0.967685 0.967703 0.967722 0.967743 0.967767 0.967792 0.967820 0.967850 0.967883 0.967918 0.967956 0.967998 0.968042 0.968090 0.968142 0.968197 0.968256 0.968319 0.968387 0.968458 0.968535 0.968616 0.968702 0.968792 0.968889 0.968990 0.969097 0.969209 0.969327 0.969450 0.969580 0.969716 0.969857 0.970005 0.970159 0.970319 0.970485 0.970658 0.970838 0.971024 0.971216 0.971415 0.971620 0.971832 0.972051 0.972277 0.972509 0.972748 0.972993 0.973246 0.973505 0.973771 0.974044 0.974324 0.974611 0.974905 0.975205 0.975512 0.975827 0.976147 0.976474 0.976803 0.977128 0.977432 0.977694 0.977898 0.978110 0.978690 0.980598
0.982097 0.980299 0.979747 0.979536 0.979329 0.979068 0.978767 0.978449 0.978127 0.977809 0.977496 0.977191 0.976892 0.976600 0.976316 0.976038 0.975767 0.975504 0.975247 0.974997 0.974753 0.974517 0.974287 0.974064 0.973847 0.973637 0.973434 0.973237 0.973046 0.972862 0.972684 0.972513 0.972348 0.972189 0.972036 0.971889 0.971748 0.971613 0.971484 0.971360 0.971242 0.971130 0.971023 0.970922 0.970826 0.970734 0.970648 0.970566 0.970489 0.970417 0.970349 0.970285 0.970225 0.970169 0.970117 0.970068 0.970022 0.969980 0.969941 0.969905 0.969871 0.969840 0.969812 0.969786 0.969762 0.969740 0.969719 0.969701 0.969684 0.969669 0.969655 0.969643 0.969632 0.969622 0.969612 0.969604 0.969597 0.969590 0.969584 0.969579 0.969574 0.969570 0.969566 0.969563 0.969560 0.969558 0.969556 0.969554 0.969552 0.969551 0.969549 0.969548 0.969547 0.969546 0.969546 0.969545 0.969545 0.969544 0.969544 0.969544 0.969544 0.969544 0.969544 0.969544 0.969544 0.969545 0.969545 0.969546 0.969546 0.969547 0.969548 0.969549 0.969551 0.969552 0.969554 0.969556 0.969558 0.969560 0.969563 0.969566 0.969570 0.969574 0.969579 0.969584 0.969590 0.969597 0.969604 0.969612 0.969622 0.969632 0.969643 0.969655 0.969669 0.969684 0.969701 0.969719 0.969740 0.969762 0.969786 0.969812 0.969840 0.969871 0.969905 0.969941 0.969980 0.970022 0.970068 0.970117 0.970169 0.970225 0.970285 0.970349 0.970417 0.970489 0.970566 0.970648 0.970734 0.970826 0.970922 0.971023 0.971130 0.971242 0.971360 0.971484 0.971613 0.971748 0.971889 0.972036 0.972189 0.972348 0.972513 0.972684 0.972862 0.973046 0.973237 0.973434 0.973637 0.973847 0.974064 0.974287 0.974517 0.974753 0.974997 0.975247 0.975504 0.975767 0.976038 0.976316 0.976600 0.976892 0.977191 0.977496 0.977809 0.978127 0.978449 0.978767 0.979068 0.979329 0.979536 0.979747 0.980299 0.982097
0.983545 0.981856 0.981331 0.981121 0.980912 0.980652 0.980356 0.980045 0.979731 0.979421 0.979118 0.978821 0.978532 0.978250 0.977974 0.977706 0.977445 0.977191 0.976944 0.976703 0.976469 0.976242 0.976022 0.975808 0.975601 0.975400 0.975205 0.975017 0.974835 0.974659 0.974489 0.974326 0.974168 0.974017 0.973871 0.973731 0.973597 0.973469 0.973346 0.973228 0.973116 0.973010 0.972908 0.972812 0.972721 0.972634 0.972552 0.972475 0.972402 0.972333 0.972269 0.972208 0.972152 0.972098 0.972049 0.972003 0.971960 0.971920 0.971883 0.971849 0.971817 0.971788 0.971761 0.971736 0.971714 0.971693 0.971674 0.971657 0.971641 0.971627 0.971614 0.971602 0.971591 0.971582 0.971573 0.971565 0.971558 0.971552 0.971546 0.971542 0.971537 0.971533 0.971530 0.971527 0.971524 0.971522 0.971520 0.971518 0.971516 0.971515 0.971514 0.971513 0.971512 0.971511 0.971510 0.971510 0.971509 0.971509 0.971509 0.971509 0.971509 0.971509 0.971509 0.971509 0.971509 0.971509 0.971510 0.971510 0.971511 0.971512 0.971513 0.971514 0.971515 0.971516 0.971518 0.971520 0.971522 0.971524 0.971527 0.971530 0.971533 0.971537 0.971542 0.971546 0.971552 0.971558 0.971565 0.971573 0.971582 0.971591 0.971602 0.971614 0.971627 0.971641 0.971657 0.971674 0.971693 0.971714 0.971736 0.971761 0.971788 0.971817 0.971849 0.971883 0.971920 0.971960 0.972003 0.972049 0.972098 0.972152 0.972208 0.972269 0.972333 0.972402 0.972475 0.972552 0.972634 0.972721 0.972812 0.972908 0.973010 0.973116 0.973228 0.973346 0.973469 0.973597 0.973731 0.973871 0.974017 0.974168 0.974326 0.974489 0.974659 0.974835 0.975017 0.975205 0.975400 0.975601 0.975808 0.976022 0.976242 0.976469 0.976703 0.976944 0.977191 0.977445 0.977706 0.977974 0.978250 0.978532 0.978821 0.979118 0.979421 0.979731 0.980045 0.980356 0.980652 0.980912 0.981121 0.981331 0.981856 0.983545
0.984940 0.983359 0.982862 0.982653 0.982443 0.982185 0.981894 0.981590 0.981285 0.980984 0.980690 0.980403 0.980124 0.979851 0.979586 0.979328 0.979077 0.978833 0.978595 0.978365 0.978141 0.977924 0.977713 0.977508 0.977310 0.977119 0.976933 0.976754 0.976580 0.976413 0.976251 0.976096 0.975946 0.975802 0.975663 0.975531 0.975403 0.975281 0.975165 0.975054 0.974948 0.974847 0.974751 0.974659 0.974573 0.974491 0.974413 0.974340 0.974271 0.974206 0.974145 0.974088 0.974035 0.973985 0.973938 0.973894 0.973854 0.973816 0.973781 0.973749 0.973719 0.973692 0.973666 0.973643 0.973622 0.973602 0.973584 0.973568 0.973553 0.973540 0.973528 0.973517 0.973507 0.973498 0.973490 0.973482 0.973476 0.973470 0.973465 0.973460 0.973456 0.973452 0.973449 0.973446 0.973444 0.973441 0.973439 0.973438 0.973436 0.973435 0.973434 0.973433 0.973432 0.973431 0.973431 0.973430 0.973430 0.973430 0.973429 0.973429 0.973429 0.973429 0.973429 0.973429 0.973430 0.973430 0.973430 0.973431 0.973431 0.973432 0.973433 0.973434 0.973435 0.973436 0.973438 0.973439 0.973441 0.973444 0.973446 0.973449 0.973452 0.973456 0.973460 0.973465 0.973470 0.973476 0.973482 0.973490 0.973498 0.973507 0.973517 0.973528 0.973540 0.973553 0.973568 0.973584 0.973602 0.973622 0.973643 0.973666 0.973692 0.973719 0.973749 0.973781 0.973816 0.973854 0.973894 0.973938 0.973985 0.974035 0.974088 0.974145 0.974206 0.974271 0.974340 0.974413 0.974491 0.974573 0.974659 0.974751 0.974847 0.974948 0.975054 0.975165 0.975281 0.975403 0.975531 0.975663 0.975802 0.975946 0.976096 0.976251 0.976413 0.976580 0.976754 0.976933 0.977119 0.977310 0.977508 0.977713 0.977924 0.978141 0.978365 0.978595 0.978833 0.979077 0.979328 0.979586 0.979851 0.980124 0.980403 0.980690 0.980984 0.981285 0.981590 0.981894 0.982185 0.982443 0.982653 0.982862 0.983359 0.984940
0.986281 0.984808 0.984339 0.984132 0.983921 0.983665 0.983380 0.983084 0.982788 0.982497 0.982213 0.981936 0.981667 0.981405 0.981150 0.980903 0.980662 0.980428 0.980201 0.979981 0.979767 0.979560 0.979359 0.979164 0.978976 0.978793 0.978617 0.978446 0.978282 0.978123 0.977970 0.977822 0.977680 0.977544 0.977412 0.977287 0.977166 0.977051 0.976941 0.976836 0.976735 0.976640 0.976549 0.976463 0.976381 0.976304 0.976231 0.976162 0.976097 0.976035 0.975978 0.975924 0.975874 0.975827 0.975783 0.975741 0.975703 0.975668 0.975635 0.975605 0.975577 0.975551 0.975527 0.975505 0.975485 0.975467 0.975450 0.975435 0.975421 0.975408 0.975397 0.975386 0.975377 0.975369 0.975361 0.975354 0.975348 0.975343 0.975338 0.975333 0.975329 0.975326 0.975323 0.975320 0.975318 0.975316 0.975314 0.975312 0.975311 0.975310 0.975309 0.975308 0.975307 0.975306 0.975306 0.975306 0.975305 0.975305 0.975305 0.975305 0.975304 0.975304 0.975305 0.975305 0.975305 0.975305 0.975306 0.975306 0.975306 0.975307 0.975308 0.975309 0.975310 0.975311 0.975312 0.975314 0.975316 0.975318 0.975320 0.975323 0.975326 0.975329 0.975333 0.975338 0.975343 0.975348 0.975354 0.975361 0.975369 0.975377 0.975386 0.975397 0.975408 0.975421 0.975435 0.975450 0.975467 0.975485 0.975505 0.975527 0.975551 0.975577 0.975605 0.975635 0.975668 0.975703 0.975741 0.975783 0.975827 0.975874 0.975924 0.975978 0.976035 0.976097 0.976162 0.976231 0.976304 0.976381 0.976463 0.976549 0.976640 0.976735 0.976836 0.976941 0.977051 0.977166 0.977287 0.977412 0.977544 0.977680 0.977822 0.977970 0.978123 0.978282 0.978446 0.978617 0.978793 0.978976 0.979164 0.979359 0.979560 0.979767 0.979981 0.980201 0.980428 0.980662 0.980903 0.981150 0.981405 0.981667 0.981936 0.982213 0.982497 0.982788 0.983084 0.983380 0.983665 0.983921 0.984132 0.984339 0.984808 0.986281
0.987568 0.986204 0.985762 0.985557 0.985345 0.985093 0.984814 0.984527 0.984240 0.983960 0.983686 0.983420 0.983162 0.982910 0.982667 0.982430 0.982200 0.981977 0.981761 0.981551 0.981348 0.981151 0.980960 0.980775 0.980596 0.980424 0.980256 0.980095 0.979939 0.979789 0.979644 0.979504 0.979370 0.979241 0.979117 0.978999 0.978885 0.978776 0.978672 0.978573 0.978478 0.978388 0.978303 0.978222 0.978145 0.978072 0.978003 0.977938 0.977877 0.977819 0.977765 0.977715 0.977667 0.977623 0.977582 0.977543 0.977507 0.977474 0.977443 0.977415 0.977388 0.977364 0.977342 0.977321 0.977303 0.977285 0.977270 0.977255 0.977242 0.977231 0.977220 0.977210 0.977201 0.977194 0.977186 0.977180 0.977174 0.977169 0.977165 0.977161 0.977157 0.977154 0.977151 0.977148 0.977146 0.977144 0.977142 0.977141 0.977140 0.977139 0.977138 0.977137 0.977136 0.977135 0.977135 0.977135 0.977134 0.977134 0.977134 0.977134 0.977134 0.977134 0.977134 0.977134 0.977134 0.977134 0.977135 0.977135 0.977135 0.977136 0.977137 0.977138 0.977139 0.977140 0.977141 0.977142 0.977144 0.977146 0.977148 0.977151 0.977154 0.977157 0.977161 0.977165 0.977169 0.977174 0.977180 0.977186 0.977194 0.977201 0.977210 0.977220 0.977231 0.977242 0.977255 0.977270 0.977285 0.977303 0.977321 0.977342 0.977364 0.977388 0.977415 0.977443 0.977474 0.977507 0.977543 0.977582 0.977623 0.977667 0.977715 0.977765 0.977819 0.977877 0.977938 0.978003 0.978072 0.978145 0.978222 0.978303 0.978388 0.978478 0.978573 0.978672 0.978776 0.978885 0.978999 0.979117 0.979241 0.979370 0.979504 0.979644 0.979789 0.979939 0.980095 0.980256 0.980424 0.980596 0.980775 0.980960 0.981151 0.981348 0.981551 0.981761 0.981977 0.982200 0.982430 0.982667 0.982910 0.983162 0.983420 0.983686 0.983960 0.984240 0.984527 0.984814 0.985093 0.985345 0.985557 0.985762 0.986204 0.987568
0.988802 0.987545 0.987130 0.986927 0.986715 0.986467 0.986195 0.985917 0.985641 0.985371 0.985109 0.984854 0.984607 0.984367 0.984134 0.983909 0.983690 0.983479 0.983273 0.983075 0.982882 0.982696 0.982515 0.982340 0.982172 0.982008 0.981850 0.981698 0.981551 0.981409 0.981273 0.981141 0.981015 0.980894 0.980777 0.980665 0.980558 0.980456 0.980358 0.980265 0.980176 0.980091 0.980011 0.979935 0.979863 0.979794 0.979730 0.979669 0.979611 0.979557 0.979507 0.979459 0.979415 0.979373 0.979334 0.979298 0.979265 0.979234 0.979205 0.979178 0.979153 0.979131 0.979110 0.979091 0.979073 0.979057 0.979042 0.979029 0.979017 0.979006 0.978996 0.978987 0.978979 0.978971 0.978965 0.978959 0.978953 0.978949 0.978944 0.978941 0.978937 0.978934 0.978932 0.978929 0.978927 0.978925 0.978924 0.978922 0.978921 0.978920 0.978919 0.978918 0.978918 0.978917 0.978917 0.978916 0.978916 0.978916 0.978916 0.978915 0.978915 0.978915 0.978915 0.978916 0.978916 0.978916 0.978916 0.978917 0.978917 0.978918 0.978918 0.978919 0.978920 0.978921 0.978922 0.978924 0.978925 0.978927 0.978929 0.978932 0.978934 0.978937 0.978941 0.978944 0.978949 0.978953 0.978959 0.978965 0.978971 0.978979 0.978987 0.978996 0.979006 0.979017 0.979029 0.979042 0.979057 0.979073 0.979091 0.979110 0.979131 0.979153 0.979178 0.979205 0.979234 0.979265 0.979298 0.979334 0.979373 0.979415 0.979459 0.979507 0.979557 0.979611 0.979669 0.979730 0.979794 0.979863 0.979935 0.980011 0.980091 0.980176 0.980265 0.980358 0.980456 0.980558 0.980665 0.980777 0.980894 0.981015 0.981141 0.981273 0.981409 0.981551 0.981698 0.981850 0.982008 0.982172 0.982340 0.982515 0.982696 0.982882 0.983075 0.983273 0.983479 0.983690 0.983909 0.984134 0.984367 0.984607 0.984854 0.985109 0.985371 0.985641 0.985917 0.986195 0.986467 0.986715 0.986927 0.987130 0.987545 0.988802
0.989980 0.988830 0.988443 0.988242 0.988031 0.987787 0.987523 0.987255 0.986989 0.986731 0.986480 0.986237 0.986002 0.985774 0.985553 0.985340 0.985133 0.984932 0.984739 0.984551 0.984369 0.984194 0.984024 0.983859 0.983700 0.983547 0.983399 0.983255 0.983117 0.982984 0.982856 0.982733 0.982614 0.982500 0.982391 0.982286 0.982186 0.982090 0.981998 0.981911 0.981827 0.981748 0.981673 0.981601 0.981534 0.981470 0.981409 0.981352 0.981298 0.981248 0.981201 0.981156 0.981115 0.981076 0.981040 0.981006 0.980975 0.980945 0.980919 0.980894 0.980871 0.980850 0.980830 0.980812 0.980796 0.980781 0.980767 0.980755 0.980743 0.980733 0.980724 0.980715 0.980708 0.980701 0.980695 0.980689 0.980684 0.980680 0.980676 0.980672 0.980669 0.980666 0.980664 0.980662 0.980660 0.980658 0.980657 0.980655 0.980654 0.980653 0.980652 0.980652 0.980651 0.980651 0.980650 0.980650 0.980649 0.980649 0.980649 0.980649 0.980649 0.980649 0.980649 0.980649 0.980649 0.980649 0.980650 0.980650 0.980651 0.980651 0.980652 0.980652 0.980653 0.980654 0.980655 0.980657 0.980658 0.980660 0.980662 0.980664 0.980666 0.980669 0.980672 0.980676 0.980680 0.980684 0.980689 0.980695 0.980701 0.980708 0.980715 0.980724 0.980733 0.980743 0.980755 0.980767 0.980781 0.980796 0.980812 0.980830 0.980850 0.980871 0.980894 0.980919 0.980945 0.980975 0.981006 0.981040 0.981076 0.981115 0.981156 0.981201 0.981248 0.981298 0.981352 0.981409 0.981470 0.981534 0.981601 0.981673 0.981748 0.981827 0.981911 0.981998 0.982090 0.982186 0.982286 0.982391 0.982500 0.982614 0.982733 0.982856 0.982984 0.983117 0.983255 0.983399 0.983547 0.983700 0.983859 0.984024 0.984194 0.984369 0.984551 0.984739 0.984932 0.985133 0.985340 0.985553 0.985774 0.986002 0.986237 0.986480 0.986731 0.986989 0.987255 0.987523 0.987787 0.988031 0.988242 0.988443 0.988830 0.989980
0.991103 0.990060 0.989699 0.989501 0.989292 0.989053 0.988797 0.988539 0.988285 0.988039 0.987800 0.987570 0.987347 0.987131 0.986923 0.986721 0.986526 0.986338 0.986156 0.985980 0.985809 0.985645 0.985485 0.985331 0.985182 0.985039 0.984900 0.984766 0.984637 0.984512 0.984393 0.984277 0.984166 0.984060 0.983958 0.983860 0.983766 0.983676 0.983591 0.983509 0.983431 0.983357 0.983287 0.983220 0.983157 0.983097 0.983041 0.982988 0.982938 0.982891 0.982846 0.982805 0.982766 0.982730 0.982696 0.982665 0.982636 0.982609 0.982584 0.982561 0.982539 0.982519 0.982501 0.982485 0.982470 0.982456 0.982443 0.982431 0.982421 0.982411 0.982403 0.982395 0.982388 0.982381 0.982376 0.982370 0.982366 0.982362 0.982358 0.982355 0.982352 0.982349 0.982347 0.982345 0.982343 0.982342 0.982340 0.982339 0.982338 0.982337 0.982336 0.982336 0.982335 0.982335 0.982334 0.982334 0.982334 0.982333 0.982333 0.982333 0.982333 0.982333 0.982333 0.982333 0.982333 0.982334 0.982334 0.982334 0.982335 0.982335 0.982336 0.982336 0.982337 0.982338 0.982339 0.982340 0.982342 0.982343 0.982345 0.982347 0.982349 0.982352 0.982355 0.982358 0.982362 0.982366 0.982370 0.982376 0.982381 0.982388 0.982395 0.982403 0.982411 0.982421 0.982431 0.982443 0.982456 0.982470 0.982485 0.982501 0.982519 0.982539 0.982561 0.982584 0.982609 0.982636 0.982665 0.982696 0.982730 0.982766 0.982805 0.982846 0.982891 0.982938 0.982988 0.983041 0.983097 0.983157 0.983220 0.983287 0.983357 0.983431 0.983509 0.983591 0.983676 0.983766 0.983860 0.983958 0.984060 0.984166 0.984277 0.984393 0.984512 0.984637 0.984766 0.984900 0.985039 0.985182 0.985331 0.985485 0.985645 0.985809 0.985980 0.986156 0.986338 0.986526 0.986721 0.986923 0.987131 0.987347 0.987570 0.987800 0.988039 0.988285 0.988539 0.988797 0.989053 0.989292 0.989501 0.989699 0.990060 0.991103
0.992170 0.991233 0.990899 0.990704 0.990497 0.990263 0.990017 0.989770 0.989528 0.989294 0.989068 0.988851 0.988640 0.988438 0.988242 0.988053 0.987871 0.987695 0.987525 0.987360 0.987201 0.987047 0.986899 0.986756 0.986617 0.986483 0.986354 0.986229 0.986109 0.985993 0.985882 0.985774 0.985671 0.985572 0.985477 0.985386 0.985299 0.985215 0.985136 0.985060 0.984987 0.984918 0.984853 0.984791 0.984732 0.984677 0.984624 0.984575 0.984528 0.984484 0.984443 0.984405 0.984369 0.984335 0.984304 0.984275 0.984248 0.984222 0.984199 0.984178 0.984158 0.984140 0.984123 0.984107 0.984093 0.984080 0.984069 0.984058 0.984048 0.984039 0.984031 0.984024 0.984017 0.984012 0.984006 0.984001 0.983997 0.983993 0.983990 0.983987 0.983984 0.983982 0.983980 0.983978 0.983976 0.983975 0.983974 0.983973 0.983972 0.983971 0.983970 0.983969 0.983969 0.983968 0.983968 0.983968 0.983968 0.983967 0.983967 0.983967 0.983967 0.983967 0.983967 0.983967 0.983967 0.983968 0.983968 0.983968 0.983968 0.983969 0.983969 0.983970 0.983971 0.983972 0.983973 0.983974 0.983975 0.983976 0.983978 0.983980 0.983982 0.983984 0.983987 0.983990 0.983993 0.983997 0.984001 0.984006 0.984012 0.984017 0.984024 0.984031 0.984039 0.984048 0.984058 0.984069 0.984080 0.984093 0.984107 0.984123 0.984140 0.984158 0.984178 0.984199 0.984222 0.984248 0.984275 0.984304 0.984335 0.984369 0.984405 0.984443 0.984484 0.984528 0.984575 0.984624 0.984677 0.984732 0.984791 0.984853 0.984918 0.984987 0.985060 0.985136 0.985215 0.985299 0.985386 0.985477 0.985572 0.985671 0.985774 0.985882 0.985993 0.986109 0.986229 0.986354 0.986483 0.986617 0.986756 0.986899 0.987047 0.987201 0.987360 0.987525 0.987695 0.987871 0.988053 0.988242 0.988438 0.988640 0.988851 0.989068 0.989294 0.989528 0.989770 0.990017 0.990263 0.990497 0.990704 0.990899 0.991233 0.992170
0.993180 0.992349 0.992040 0.991849 0.991645 0.991418 0.991181 0.990946 0.990717 0.990496 0.990284 0.990080 0.989883 0.989694 0.989511 0.989335 0.989166 0.989002 0.988844 0.988692 0.988544 0.988402 0.988264 0.988132 0.988003 0.987879 0.987760 0.987644 0.987533 0.987426 0.987322 0.987223 0.987127 0.987036 0.986948 0.986863 0.986782 0.986705 0.986631 0.986561 0.986494 0.986430 0.986369 0.986312 0.986257 0.986206 0.986157 0.986111 0.986068 0.986028 0.985990 0.985954 0.985921 0.985889 0.985860 0.985833 0.985808 0.985785 0.985764 0.985744 0.985725 0.985709 0.985693 0.985679 0.985666 0.985654 0.985643 0.985633 0.985624 0.985616 0.985608 0.985602 0.985596 0.985590 0.985585 0.985581 0.985577 0.985574 0.985570 0.985568 0.985565 0.985563 0.985561 0.985559 0.985558 0.985557 0.985555 0.985554 0.985554 0.985553 0.985552 0.985552 0.985551 0.985551 0.985550 0.985550 0.985550 0.985550 0.985549 0.985549 0.985549 0.985549 0.985549 0.985549 0.985550 0.985550 0.985550 0.985550 0.985551 0.985551 0.985552 0.985552 0.985553 0.985554 0.985554 0.985555 0.985557 0.985558 0.985559 0.985561 0.985563 0.985565 0.985568 0.985570 0.985574 0.985577 0.985581 0.985585 0.985590 0.985596 0.985602 0.985608 0.985616 0.985624 0.985633 0.985643 0.985654 0.985666 0.985679 0.985693 0.985709 0.985725 0.985744 0.985764 0.985785 0.985808 0.985833 0.985860 0.985889 0.985921 0.985954 0.985990 0.986028 0.986068 0.986111 0.986157 0.986206 0.986257 0.986312 0.986369 0.986430 0.986494 0.986561 0.986631 0.986705 0.986782 0.986863 0.986948 0.987036 0.987127 0.987223 0.987322 0.987426 0.987533 0.987644 0.987760 0.987879 0.988003 0.988132 0.988264 0.988402 0.988544 0.988692 0.988844 0.989002 0.989166 0.989335 0.989511 0.989694 0.989883 0.990080 0.990284 0.990496 0.990717 0.990946 0.991181 0.991418 0.991645 0.991849 0.992040 0.992349 0.993180
0.994132 0.993405 0.993123 0.992936 0.992735 0.992515 0.992290 0.992067 0.991852 0.991645 0.991446 0.991256 0.991074 0.990898 0.990729 0.990567 0.990410 0.990259 0.990114 0.989973 0.989838 0.989707 0.989580 0.989458 0.989340 0.989226 0.989116 0.989010 0.988907 0.988809 0.988714 0.988622 0.988534 0.988449 0.988368 0.988290 0.988216 0.988145 0.988076 0.988011 0.987950 0.987891 0.987835 0.987782 0.987731 0.987684 0.987639 0.987597 0.987557 0.987519 0.987484 0.987451 0.987421 0.987392 0.987365 0.987340 0.987317 0.987296 0.987276 0.987258 0.987241 0.987225 0.987211 0.987198 0.987186 0.987175 0.987165 0.987156 0.987147 0.987140 0.987133 0.987127 0.987121 0.987116 0.987112 0.987108 0.987104 0.987101 0.987098 0.987096 0.987093 0.987091 0.987090 0.987088 0.987087 0.987085 0.987084 0.987083 0.987083 0.987082 0.987081 0.987081 0.987080 0.987080 0.987080 0.987079 0.987079 0.987079 0.987079 0.987079 0.987079 0.987079 0.987079 0.987079 0.987079 0.987079 0.987079 0.987080 0.987080 0.987080 0.987081 0.987081 0.987082 0.987083 0.987083 0.987084 0.987085 0.987087 0.987088 0.987090 0.987091 0.987093 0.987096 0.987098 0.987101 0.987104 0.987108 0.987112 0.987116 0.987121 0.987127 0.987133 0.987140 0.987147 0.987156 0.987165 0.987175 0.987186 0.987198 0.987211 0.987225 0.987241 0.987258 0.987276 0.987296 0.987317 0.987340 0.987365 0.987392 0.987421 0.987451 0.987484 0.987519 0.987557 0.987597 0.987639 0.987684 0.987731 0.987782 0.987835 0.987891 0.987950 0.988011 0.988076 0.988145 0.988216 0.988290 0.988368 0.988449 0.988534 0.988622 0.988714 0.988809 0.988907 0.989010 0.989116 0.989226 0.989340 0.989458 0.989580 0.989707 0.989838 0.989973 0.990114 0.990259 0.990410 0.990567 0.990729 0.990898 0.991074 0.991256 0.991446 0.991645 0.991852 0.992067 0.992290 0.992515 0.992735 0.992936 0.993123 0.993405 0.994132
0.995023 0.994401 0.994145 0.993962 0.993766 0.993555 0.993341 0.993132 0.992931 0.992738 0.992555 0.992379 0.992211 0.992050 0.991895 0.991746 0.991603 0.991465 0.991333 0.991204 0.991081 0.990961 0.990846 0.990734 0.990627 0.990523 0.990422 0.990325 0.990231 0.990141 0.990054 0.989970 0.989890 0.989812 0.989738 0.989666 0.989598 0.989533 0.989470 0.989410 0.989354 0.989300 0.989248 0.989199 0.989153 0.989110 0.989068 0.989029 0.988993 0.988958 0.988926 0.988896 0.988868 0.988841 0.988817 0.988794 0.988773 0.988753 0.988735 0.988718 0.988702 0.988688 0.988675 0.988663 0.988652 0.988642 0.988633 0.988624 0.988617 0.988610 0.988604 0.988598 0.988593 0.988588 0.988584 0.988580 0.988577 0.988574 0.988572 0.988569 0.988567 0.988565 0.988564 0.988562 0.988561 0.988560 0.988559 0.988558 0.988557 0.988557 0.988556 0.988556 0.988555 0.988555 0.988555 0.988554 0.988554 0.988554 0.988554 0.988554 0.988554 0.988554 0.988554 0.988554 0.988554 0.988554 0.988554 0.988555 0.988555 0.988555 0.988556 0.988556 0.988557 0.988557 0.988558 0.988559 0.988560 0.988561 0.988562 0.988564 0.988565 0.988567 0.988569 0.988572 0.988574 0.988577 0.988580 0.988584 0.988588 0.988593 0.988598 0.988604 0.988610 0.988617 0.988624 0.988633 0.988642 0.988652 0.988663 0.988675 0.988688 0.988702 0.988718 0.988735 0.988753 0.988773 0.988794 0.988817 0.988841 0.988868 0.988896 0.988926 0.988958 0.988993 0.989029 0.989068 0.989110 0.989153 0.989199 0.989248 0.989300 0.989354 0.989410 0.989470 0.989533 0.989598 0.989666 0.989738 0.989812 0.989890 0.989970 0.990054 0.990141 0.990231 0.990325 0.990422 0.990523 0.990627 0.990734 0.990846 0.990961 0.991081 0.991204 0.991333 0.991465 0.991603 0.991746 0.991895 0.992050 0.992211 0.992379 0.992555 0.992738 0.992931 0.993132 0.993341 0.993555 0.993766 0.993962 0.994145 0.994401 0.995023
0.995853 0.995334 0.995104 0.994927 0.994736 0.994534 0.994333 0.994139 0.993953 0.993776 0.993608 0.993448 0.993295 0.993148 0.993008 0.992873 0.992744 0.992619 0.992499 0.992383 0.992272 0.992164 0.992059 0.991959 0.991861 0.991767 0.991676 0.991588 0.991503 0.991421 0.991342 0.991266 0.991193 0.991122 0.991054 0.990989 0.990927 0.990867 0.990810 0.990756 0.990704 0.990654 0.990608 0.990563 0.990521 0.990481 0.990443 0.990408 0.990374 0.990343 0.990313 0.990285 0.990260 0.990235 0.990213 0.990192 0.990173 0.990155 0.990138 0.990123 0.990108 0.990095 0.990083 0.990072 0.990062 0.990053 0.990045 0.990037 0.990030 0.990024 0.990018 0.990013 0.990008 0.990004 0.990000 0.989997 0.989994 0.989991 0.989989 0.989987 0.989985 0.989983 0.989982 0.989981 0.989979 0.989978 0.989978 0.989977 0.989976 0.989975 0.989975 0.989975 0.989974 0.989974 0.989974 0.989973 0.989973 0.989973 0.989973 0.989973 0.989973 0.989973 0.989973 0.989973 0.989973 0.989973 0.989973 0.989974 0.989974 0.989974 0.989975 0.989975 0.989975 0.989976 0.989977 0.989978 0.989978 0.989979 0.989981 0.989982 0.989983 0.989985 0.989987 0.989989 0.989991 0.989994 0.989997 0.990000 0.990004 0.990008 0.990013 0.990018 0.990024 0.990030 0.990037 0.990045 0.990053 0.990062 0.990072 0.990083 0.990095 0.990108 0.990123 0.990138 0.990155 0.990173 0.990192 0.990213 0.990235 0.990260 0.990285 0.990313 0.990343 0.990374 0.990408 0.990443 0.990481 0.990521 0.990563 0.990608 0.990654 0.990704 0.990756 0.990810 0.990867 0.990927 0.990989 0.991054 0.991122 0.991193 0.991266 0.991342 0.991421 0.991503 0.991588 0.991676 0.991767 0.991861 0.991959 0.992059 0.992164 0.992272 0.992383 0.992499 0.992619 0.992744 0.992873 0.993008 0.993148 0.993295 0.993448 0.993608 0.993776 0.993953 0.994139 0.994333 0.994534 0.994736 0.994927 0.995104 0.995334 0.995853
0.996618 0.996201 0.995997 0.995826 0.995643 0.995453 0.995266 0.995087 0.994917 0.994757 0.994605 0.994460 0.994323 0.994191 0.994066 0.993945 0.993830 0.993719 0.993612 0.993508 0.993409 0.993312 0.993219 0.993129 0.993042 0.992957 0.992876 0.992797 0.992720 0.992647 0.992575 0.992507 0.992441 0.992377 0.992316 0.992257 0.992200 0.992146 0.992095 0.992045 0.991998 0.991953 0.991911 0.991870 0.991832 0.991795 0.991761 0.991729 0.991698 0.991670 0.991643 0.991618 0.991594 0.991572 0.991552 0.991533 0.991515 0.991499 0.991484 0.991470 0.991457 0.991445 0.991434 0.991424 0.991415 0.991406 0.991399 0.991392 0.991385 0.991380 0.991375 0.991370 0.991366 0.991362 0.991359 0.991355 0.991353 0.991350 0.991348 0.991346 0.991345 0.991343 0.991342 0.991340 0.991339 0.991339 0.991338 0.991337 0.991336 0.991336 0.991335 0.991335 0.991335 0.991334 0.991334 0.991334 0.991334 0.991334 0.991334 0.991334 0.991334 0.991334 0.991334 0.991334 0.991334 0.991334 0.991334 0.991334 0.991334 0.991335 0.991335 0.991335 0.991336 0.991336 0.991337 0.991338 0.991339 0.991339 0.991340 0.991342 0.991343 0.991345 0.991346 0.991348 0.991350 0.991353 0.991355 0.991359 0.991362 0.991366 0.991370 0.991375 0.991380 0.991385 0.991392 0.991399 0.991406 0.991415 0.991424 0.991434 0.991445 0.991457 0.991470 0.991484 0.991499 0.991515 0.991533 0.991552 0.991572 0.991594 0.991618 0.991643 0.991670 0.991698 0.991729 0.991761 0.991795 0.991832 0.991870 0.991911 0.991953 0.991998 0.992045 0.992095 0.992146 0.992200 0.992257 0.992316 0.992377 0.992441 0.992507 0.992575 0.992647 0.992720 0.992797 0.992876 0.992957 0.993042 0.993129 0.993219 0.993312 0.993409 0.993508 0.993612 0.993719 0.993830 0.993945 0.994066 0.994191 0.994323 0.994460 0.994605 0.994757 0.994917 0.995087 0.995266 0.995453 0.995643 0.995826 0.995997 0.996201 0.996618
0.997317 0.996999 0.996821 0.996658 0.996484 0.996306 0.996135 0.995973 0.995821 0.995677 0.995542 0.995414 0.995293 0.995177 0.995067 0.994961 0.994859 0.994762 0.994667 0.994577 0.994489 0.994404 0.994322 0.994242 0.994165 0.994091 0.994018 0.993948 0.993880 0.993815 0.993751 0.993690 0.993631 0.993574 0.993519 0.993466 0.993415 0.993367 0.993320 0.993276 0.993233 0.993193 0.993154 0.993118 0.993083 0.993051 0.993020 0.992990 0.992963 0.992937 0.992913 0.992890 0.992869 0.992849 0.992830 0.992813 0.992797 0.992782 0.992768 0.992756 0.992744 0.992733 0.992723 0.992714 0.992706 0.992699 0.992692 0.992685 0.992680 0.992675 0.992670 0.992666 0.992662 0.992658 0.992655 0.992653 0.992650 0.992648 0.992646 0.992644 0.992643 0.992641 0.992640 0.992639 0.992638 0.992637 0.992637 0.992636 0.992636 0.992635 0.992635 0.992634 0.992634 0.992634 0.992634 0.992633 0.992633 0.992633 0.992633 0.992633 0.992633 0.992633 0.992633 0.992633 0.992633 0.992633 0.992633 0.992634 0.992634 0.992634 0.992634 0.992635 0.992635 0.992636 0.992636 0.992637 0.992637 0.992638 0.992639 0.992640 0.992641 0.992643 0.992644 0.992646 0.992648 0.992650 0.992653 0.992655 0.992658 0.992662 0.992666 0.992670 0.992675 0.992680 0.992685 0.992692 0.992699 0.992706 0.992714 0.992723 0.992733 0.992744 0.992756 0.992768 0.992782 0.992797 0.992813 0.992830 0.992849 0.992869 0.992890 0.992913 0.992937 0.992963 0.992990 0.993020 0.993051 0.993083 0.993118 0.993154 0.993193 0.993233 0.993276 0.993320 0.993367 0.993415 0.993466 0.993519 0.993574 0.993631 0.993690 0.993751 0.993815 0.993880 0.993948 0.994018 0.994091 0.994165 0.994242 0.994322 0.994404 0.994489 0.994577 0.994667 0.994762 0.994859 0.994961 0.995067 0.995177 0.995293 0.995414 0.995542 0.995677 0.995821 0.995973 0.996135 0.996306 0.996484 0.996658 0.996821 0.996999 0.997317
0.997944 0.997723 0.997570 0.997418 0.997255 0.997093 0.996939 0.996795 0.996661 0.996535 0.996418 0.996307 0.996202 0.996102 0.996006 0.995915 0.995828 0.995744 0.995663 0.995585 0.995509 0.995435 0.995364 0.995295 0.995228 0.995163 0.995100 0.995038 0.994979 0.994921 0.994865 0.994811 0.994759 0.994708 0.994660 0.994613 0.994568 0.994524 0.994483 0.994443 0.994405 0.994369 0.994335 0.994302 0.994271 0.994242 0.994214 0.994188 0.994163 0.994140 0.994118 0.994098 0.994079 0.994061 0.994044 0.994029 0.994014 0.994001 0.993989 0.993977 0.993967 0.993957 0.993948 0.993940 0.993933 0.993926 0.993920 0.993914 0.993909 0.993904 0.993900 0.993896 0.993893 0.993890 0.993887 0.993885 0.993882 0.993881 0.993879 0.993877 0.993876 0.993875 0.993874 0.993873 0.993872 0.993871 0.993870 0.993870 0.993869 0.993869 0.993869 0.993868 0.993868 0.993868 0.993868 0.993867 0.993867 0.993867 0.993867 0.993867 0.993867 0.993867 0.993867 0.993867 0.993867 0.993867 0.993867 0.993868 0.993868 0.993868 0.993868 0.993869 0.993869 0.993869 0.993870 0.993870 0.993871 0.993872 0.993873 0.993874 0.993875 0.993876 0.993877 0.993879 0.993881 0.993882 0.993885 0.993887 0.993890 0.993893 0.993896 0.993900 0.993904 0.993909 0.993914 0.993920 0.993926 0.993933 0.993940 0.993948 0.993957 0.993967 0.993977 0.993989 0.994001 0.994014 0.994029 0.994044 0.994061 0.994079 0.994098 0.994118 0.994140 0.994163 0.994188 0.994214 0.994242 0.994271 0.994302 0.994335 0.994369 0.994405 0.994443 0.994483 0.994524 0.994568 0.994613 0.994660 0.994708 0.994759 0.994811 0.994865 0.994921 0.994979 0.995038 0.995100 0.995163 0.995228 0.995295 0.995364 0.995435 0.995509 0.995585 0.995663 0.995744 0.995828 0.995915 0.996006 0.996102 0.996202 0.996307 0.996418 0.996535 0.996661 0.996795 0.996939 0.997093 0.997255 0.997418 0.997570 0.997723 0.997944
0.998497 0.998367 0.998240 0.998100 0.997951 0.997806 0.997671 0.997547 0.997432 0.997326 0.997226 0.997132 0.997044 0.996960 0.996880 0.996804 0.996731 0.996660 0.996592 0.996526 0.996462 0.996400 0.996340 0.996281 0.996224 0.996168 0.996114 0.996061 0.996010 0.995960 0.995911 0.995864 0.995819 0.995774 0.995732 0.995691 0.995651 0.995613 0.995577 0.995542 0.995508 0.995477 0.995446 0.995417 0.995390 0.995364 0.995339 0.995316 0.995294 0.995273 0.995254 0.995236 0.995219 0.995203 0.995188 0.995174 0.995161 0.995150 0.995139 0.995128 0.995119 0.995110 0.995103 0.995095 0.995089 0.995083 0.995077 0.995072 0.995068 0.995064 0.995060 0.995056 0.995053 0.995051 0.995048 0.995046 0.995044 0.995042 0.995041 0.995039 0.995038 0.995037 0.995036 0.995035 0.995035 0.995034 0.995033 0.995033 0.995032 0.995032 0.995032 0.995031 0.995031 0.995031 0.995031 0.995031 0.995031 0.995030 0.995030 0.995030 0.995030 0.995030 0.995030 0.995030 0.995030 0.995031 0.995031 0.995031 0.995031 0.995031 0.995031 0.995032 0.995032 0.995032 0.995033 0.995033 0.995034 0.995035 0.995035 0.995036 0.995037 0.995038 0.995039 0.995041 0.995042 0.995044 0.995046 0.995048 0.995051 0.995053 0.995056 0.995060 0.995064 0.995068 0.995072 0.995077 0.995083 0.995089 0.995095 0.995103 0.995110 0.995119 0.995128 0.995139 0.995150 0.995161 0.995174 0.995188 0.995203 0.995219 0.995236 0.995254 0.995273 0.995294 0.995316 0.995339 0.995364 0.995390 0.995417 0.995446 0.995477 0.995508 0.995542 0.995577 0.995613 0.995651 0.995691 0.995732 0.995774 0.995819 0.995864 0.995911 0.995960 0.996010 0.996061 0.996114 0.996168 0.996224 0.996281 0.996340 0.996400 0.996462 0.996526 0.996592 0.996660 0.996731 0.996804 0.996880 0.996960 0.997044 0.997132 0.997226 0.997326 0.997432 0.997547 0.997671 0.997806 0.997951 0.998100 0.998240 0.998367 0.998497
0.998969 0.998923 0.998822 0.998697 0.998566 0.998441 0.998328 0.998224 0.998130 0.998042 0.997961 0.997885 0.997813 0.997745 0.997681 0.997619 0.997560 0.997503 0.997447 0.997394 0.997341 0.997290 0.997240 0.997192 0.997144 0.997098 0.997052 0.997008 0.996965 0.996922 0.996881 0.996841 0.996802 0.996764 0.996728 0.996692 0.996658 0.996625 0.996594 0.996564 0.996534 0.996507 0.996480 0.996455 0.996431 0.996408 0.996387 0.996366 0.996347 0.996329 0.996312 0.996296 0.996281 0.996267 0.996254 0.996242 0.996231 0.996220 0.996211 0.996202 0.996194 0.996186 0.996179 0.996173 0.996167 0.996161 0.996157 0.996152 0.996148 0.996145 0.996141 0.996138 0.996136 0.996133 0.996131 0.996129 0.996128 0.996126 0.996125 0.996123 0.996122 0.996121 0.996121 0.996120 0.996119 0.996119 0.996118 0.996118 0.996117 0.996117 0.996117 0.996116 0.996116 0.996116 0.996116 0.996116 0.996116 0.996116 0.996115 0.996115 0.996115 0.996115 0.996115 0.996115 0.996116 0.996116 0.996116 0.996116 0.996116 0.996116 0.996116 0.996117 0.996117 0.996117 0.996118 0.996118 0.996119 0.996119 0.996120 0.996121 0.996121 0.996122 0.996123 0.996125 0.996126 0.996128 0.996129 0.996131 0.996133 0.996136 0.996138 0.996141 0.996145 0.996148 0.996152 0.996157 0.996161 0.996167 0.996173 0.996179 0.996186 0.996194 0.996202 0.996211 0.996220 0.996231 0.996242 0.996254 0.996267 0.996281 0.996296 0.996312 0.996329 0.996347 0.996366 0.996387 0.996408 0.996431 0.996455 0.996480 0.996507 0.996534 0.996564 0.996594 0.996625 0.996658 0.996692 0.996728 0.996764 0.996802 0.996841 0.996881 0.996922 0.996965 0.997008 0.997052 0.997098 0.997144 0.997192 0.997240 0.997290 0.997341 0.997394 0.997447 0.997503 0.997560 0.997619 0.997681 0.997745 0.997813 0.997885 0.997961 0.998042 0.998130 0.998224 0.998328 0.998441 0.998566 0.998697 0.998822 0.998923 0.998969
0.999356 0.999382 0.999306 0.999200 0.999090 0.998989 0.998898 0.998817 0.998743 0.998675 0.998612 0.998553 0.998498 0.998446 0.998397 0.998349 0.998304 0.998260 0.998217 0.998175 0.998134 0.998094 0.998054 0.998016 0.997978 0.997940 0.997903 0.997867 0.997832 0.997797 0.997763 0.997730 0.997697 0.997666 0.997635 0.997606 0.997577 0.997549 0.997522 0.997497 0.997472 0.997448 0.997426 0.997404 0.997384 0.997364 0.997346 0.997328 0.997312 0.997296 0.997281 0.997268 0.997255 0.997243 0.997232 0.997221 0.997211 0.997202 0.997194 0.997186 0.997179 0.997173 0.997167 0.997161 0.997156 0.997151 0.997147 0.997143 0.997140 0.997137 0.997134 0.997131 0.997129 0.997127 0.997125 0.997124 0.997122 0.997121 0.997120 0.997119 0.997118 0.997117 0.997116 0.997115 0.997115 0.997114 0.997114 0.997114 0.997113 0.997113 0.997113 0.997112 0.997112 0.997112 0.997112 0.997112 0.997112 0.997112 0.997112 0.997112 0.997112 0.997112 0.997112 0.997112 0.997112 0.997112 0.997112 0.997112 0.997112 0.997112 0.997112 0.997113 0.997113 0.997113 0.997114 0.997114 0.997114 0.997115 0.997115 0.997116 0.997117 0.997118 0.997119 0.997120 0.997121 0.997122 0.997124 0.997125 0.997127 0.997129 0.997131 0.997134 0.997137 0.997140 0.997143 0.997147 0.997151 0.997156 0.997161 0.997167 0.997173 0.997179 0.997186 0.997194 0.997202 0.997211 0.997221 0.997232 0.997243 0.997255 0.997268 0.997281 0.997296 0.997312 0.997328 0.997346 0.997364 0.997384 0.997404 0.997426 0.997448 0.997472 0.997497 0.997522 0.997549 0.997577 0.997606 0.997635 0.997666 0.997697 0.997730 0.997763 0.997797 0.997832 0.997867 0.997903 0.997940 0.997978 0.998016 0.998054 0.998094 0.998134 0.998175 0.998217 0.998260 0.998304 0.998349 0.998397 0.998446 0.998498 0.998553 0.998612 0.998675 0.998743 0.998817 0.998898 0.998989 0.999090 0.999200 0.999306 0.999382 0.999356
0.999653 0.999731 0.999679 0.999595 0.999513 0.999438 0.999372 0.999313 0.999259 0.999211 0.999166 0.999124 0.999085 0.999049 0.999014 0.998980 0.998947 0.998916 0.998885 0.998854 0.998824 0.998794 0.998765 0.998736 0.998707 0.998678 0.998650 0.998622 0.998594 0.998567 0.998540 0.998514 0.998488 0.998463 0.998438 0.998414 0.998391 0.998368 0.998346 0.998325 0.998305 0.998286 0.998267 0.998249 0.998232 0.998216 0.998201 0.998186 0.998172 0.998159 0.998147 0.998136 0.998125 0.998115 0.998105 0.998096 0.998088 0.998081 0.998074 0.998067 0.998061 0.998056 0.998051 0.998046 0.998042 0.998038 0.998034 0.998031 0.998028 0.998026 0.998023 0.998021 0.998019 0.998017 0.998016 0.998014 0.998013 0.998012 0.998011 0.998010 0.998009 0.998009 0.998008 0.998007 0.998007 0.998007 0.998006 0.998006 0.998006 0.998005 0.998005 0.998005 0.998005 0.998005 0.998005 0.998004 0.998004 0.998004 0.998004 0.998004 0.998004 0.998004 0.998004 0.998004 0.998004 0.998004 0.998004 0.998005 0.998005 0.998005 0.998005 0.998005 0.998005 0.998006 0.998006 0.998006 0.998007 0.998007 0.998007 0.998008 0.998009 0.998009 0.998010 0.998011 0.998012 0.998013 0.998014 0.998016 0.998017 0.998019 0.998021 0.998023 0.998026 0.998028 0.998031 0.998034 0.998038 0.998042 0.998046 0.998051 0.998056 0.998061 0.998067 0.998074 0.998081 0.998088 0.998096 0.998105 0.998115 0.998125 0.998136 0.998147 0.998159 0.998172 0.998186 0.998201 0.998216 0.998232 0.998249 0.998267 0.998286 0.998305 0.998325 0.998346 0.998368 0.998391 0.998414 0.998438 0.998463 0.998488 0.998514 0.998540 0.998567 0.998594 0.998622 0.998650 0.998678 0.998707 0.998736 0.998765 0.998794 0.998824 0.998854 0.998885 0.998916 0.998947 0.998980 0.999014 0.999049 0.999085 0.999124 0.999166 0.999211 0.999259 0.999313 0.999372 0.999438 0.999513 0.999595 0.999679 0.999731 0.999653
0.999857 0.999956 0.999923 0.999871 0.999819 0.999773 0.999732 0.999695 0.999662 0.999632 0.999604 0.999578 0.999554 0.999531 0.999510 0.999489 0.999468 0.999448 0.999428 0.999408 0.999388 0.999368 0.999349 0.999329 0.999309 0.999289 0.999268 0.999248 0.999229 0.999209 0.999189 0.999170 0.999150 0.999132 0.999113 0.999095 0.999077 0.999060 0.999043 0.999027 0.999011 0.998996 0.998982 0.998968 0.998955 0.998942 0.998930 0.998918 0.998907 0.998897 0.998887 0.998878 0.998870 0.998862 0.998854 0.998847 0.998841 0.998835 0.998829 0.998824 0.998819 0.998815 0.998811 0.998807 0.998803 0.998800 0.998797 0.998795 0.998792 0.998790 0.998788 0.998787 0.998785 0.998784 0.998782 0.998781 0.998780 0.998779 0.998778 0.998778 0.998777 0.998777 0.998776 0.998776 0.998775 0.998775 0.998775 0.998774 0.998774 0.998774 0.998774 0.998774 0.998774 0.998773 0.998773 0.998773 0.998773 0.998773 0.998773 0.998773 0.998773 0.998773 0.998773 0.998773 0.998773 0.998773 0.998773 0.998773 0.998773 0.998774 0.998774 0.998774 0.998774 0.998774 0.998774 0.998775 0.998775 0.998775 0.998776 0.998776 0.998777 0.998777 0.998778 0.998778 0.998779 0.998780 0.998781 0.998782 0.998784 0.998785 0.998787 0.998788 0.998790 0.998792 0.998795 0.998797 0.998800 0.998803 0.998807 0.998811 0.998815 0.998819 0.998824 0.998829 0.998835 0.998841 0.998847 0.998854 0.998862 0.998870 0.998878 0.998887 0.998897 0.998907 0.998918 0.998930 0.998942 0.998955 0.998968 0.998982 0.998996 0.999011 0.999027 0.999043 0.999060 0.999077 0.999095 0.999113 0.999132 0.999150 0.999170 0.999189 0.999209 0.999229 0.999248 0.999268 0.999289 0.999309 0.999329 0.999349 0.999368 0.999388 0.999408 0.999428 0.999448 0.999468 0.999489 0.999510 0.999531 0.999554 0.999578 0.999604 0.999632 0.999662 0.999695 0.999732 0.999773 0.999819 0.999871 0.999923 0.999956 0.999857
0.999968 1.000018 1.000018 1.000012 0.999995 0.999976 0.999959 0.999942 0.999927 0.999913 0.999900 0.999888 0.999877 0.999866 0.999856 0.999846 0.999836 0.999826 0.999816 0.999806 0.999796 0.999785 0.999774 0.999763 0.999751 0.999740 0.999728 0.999716 0.999704 0.999691 0.999679 0.999667 0.999654 0.999642 0.999630 0.999618 0.999606 0.999595 0.999583 0.999572 0.999562 0.999551 0.999541 0.999531 0.999522 0.999513 0.999505 0.999496 0.999489 0.999481 0.999474 0.999468 0.999462 0.999456 0.999450 0.999445 0.999441 0.999436 0.999432 0.999428 0.999425 0.999421 0.999418 0.999416 0.999413 0.999411 0.999409 0.999407 0.999405 0.999404 0.999402 0.999401 0.999400 0.999399 0.999398 0.999397 0.999396 0.999395 0.999395 0.999394 0.999394 0.999393 0.999393 0.999393 0.999392 0.999392 0.999392 0.999392 0.999392 0.999391 0.999391 0.999391 0.999391 0.999391 0.999391 0.999391 0.999391 0.999391 0.999391 0.999391 0.999391 0.999391 0.999391 0.999391 0.999391 0.999391 0.999391 0.999391 0.999391 0.999391 0.999391 0.999391 0.999391 0.999392 0.999392 0.999392 0.999392 0.999392 0.999393 0.999393 0.999393 0.999394 0.999394 0.999395 0.999395 0.999396 0.999397 0.999398 0.999399 0.999400 0.999401 0.999402 0.999404 0.999405 0.999407 0.999409 0.999411 0.999413 0.999416 0.999418 0.999421 0.999425 0.999428 0.999432 0.999436 0.999441 0.999445 0.999450 0.999456 0.999462 0.999468 0.999474 0.999481 0.999489 0.999496 0.999505 0.999513 0.999522 0.999531 0.999541 0.999551 0.999562 0.999572 0.999583 0.999595 0.999606 0.999618 0.999630 0.999642 0.999654 0.999667 0.999679 0.999691 0.999704 0.999716 0.999728 0.999740 0.999751 0.999763 0.999774 0.999785 0.999796 0.999806 0.999816 0.999826 0.999836 0.999846 0.999856 0.999866 0.999877 0.999888 0.999900 0.999913 0.999927 0.999942 0.999959 0.999976 0.999995 1.000012 1.000018 1.000018 0.999968
1.000000 1.000018 1.000018 1.000018 1.000018 1.000018 1.000018 1.000018 1.000018 1.000018 1.000018 1.000018 1.000018 1.000018 1.000018 1.000018 1.000018 1.000016 1.000015 1.000013 1.000011 1.000009 1.000006 1.000003 1.000000 0.999996 0.999992 0.999988 0.999983 0.999979 0.999974 0.999968 0.999963 0.999957 0.999952 0.999946 0.999940 0.999935 0.999929 0.999923 0.999918 0.999912 0.999907 0.999901 0.999896 0.999891 0.999887 0.999882 0.999878 0.999874 0.999870 0.999866 0.999862 0.999859 0.999856 0.999853 0.999850 0.999847 0.999845 0.999843 0.999841 0.999839 0.999837 0.999835 0.999834 0.999833 0.999831 0.999830 0.999829 0.999828 0.999827 0.999827 0.999826 0.999825 0.999825 0.999824 0.999824 0.999823 0.999823 0.999823 0.999822 0.999822 0.999822 0.999822 0.999822 0.999821 0.999821 0.999821 0.999821 0.999821 0.999821 0.999821 0.999821 0.999821 0.999821 0.999821 0.999821 0.999821 0.999821 0.999821 0.999821 0.999821 0.999821 0.999821 0.999821 0.999821 0.999821 0.999821 0.999821 0.999821 0.999821 0.999821 0.999821 0.999821 0.999821 0.999821 0.999821 0.999822 0.999822 0.999822 0.999822 0.999822 0.999823 0.999823 0.999823 0.999824 0.999824 0.999825 0.999825 0.999826 0.999827 0.999827 0.999828 0.999829 0.999830 0.999831 0.999833 0.999834 0.999835 0.999837 0.999839 0.999841 0.999843 0.999845 0.999847 0.999850 0.999853 0.999856 0.999859 0.999862 0.999866 0.999870 0.999874 0.999878 0.999882 0.999887 0.999891 0.999896 0.999901 0.999907 0.999912 0.999918 0.999923 0.999929 0.999935 0.999940 0.999946 0.999952 0.999957 0.999963 0.999968 0.999974 0.999979 0.999983 0.999988 0.999992 0.999996 1.000000 1.000003 1.000006 1.000009 1.000011 1.000013 1.000015 1.000016 1.000018 1.000018 1.000018 1.000018 1.000018 1.000018 1.000018 1.000018 1.000018 1.000018 1.000018 1.000018 1.000018 1.000018 1.000018 1.000018 1.000000
1.000000 1.000018 1.000018 1.000018 1.000018 1.000018 1.000018 1.000018 1.000018 1.000018 1.000018 1.000018 1.000018 1.000018 1.000018 1.000018 1.000018 1.000018 1.000018 1.000018 1.000018 1.000018 1.000018 1.000018 1.000018 1.000018 1.000018 1.000018 1.000018 1.000018 1.000018 1.000018 1.000018 1.000018 1.000018 1.000018 1.000018 1.000018 1.000018 1.000018 1.000018 1.000018 1.000018 1.000018 1.000018 1.000018 1.000018 1.000018 1.000018 1.000018 1.000018 1.000018 1.000018 1.000018 1.000018 1.000018 1.000018 1.000018 1.000018 1.000018 1.000018 1.000018 1.000018 1.000018 1.000018 1.000018 1.000018 1.000018 1.000018 1.000018 1.000018 1.000018 1.000018 1.000018 1.000018 1.000018 1.000018 1.000018 1.000018 1.000018 1.000018 1.000018 1.000018 1.000018 1.000018 1.000018 1.000018 1.000018 1.000018 1.000018 1.000018 1.000018 1.000018 1.000018 1.000018 1.000018 1.000018 1.000018 1.000018 1.000018 1.000018 1.000018 1.000018 1.000018 1.000018 1.000018 1.000018 1.000018 1.000018 1.000018 1.000018 1.000018 1.000018 1.000018 1.000018 1.000018 1.000018 1.000018 1.000018 1.000018 1.000018 1.000018 1.000018 1.000018 1.000018 1.000018 1.000018 1.000018 1.000018 1.000018 1.000018 1.000018 1.000018 1.000018 1.000018 1.000018 1.000018 1.000018 1.000018 1.000018 1.000018 1.000018 1.000018 1.000018 1.000018 1.000018 1.000018 1.000018 1.000018 1.000018 1.000018 1.000018 1.000018 1.000018 1.000018 1.000018 1.000018 1.000018 1.000018 1.000018 1.000018 1.000018 1.000018 1.000018 1.000018 1.000018 1.000018 1.000018 1.000018 1.000018 1.000018 1.000018 1.000018 1.000018 1.000018 1.000018 1.000018 1.000018 1.000018 1.000018 1.000018 1.000018 1.000018 1.000018 1.000018 1.000018 1.000018 1.000018 1.000018 1.000018 1.000018 1.000018 1.000018 1.000018 1.000018 1.000018 1.000018 1.000018 1.000018 1.000018 1.000018 1.000000
1.000000 1.000018 1.000018 1.000018 1.000018 1.000018 1.000018 1.000018 1.000018 1.000018 1.000018 1.000018 1.000018 1.000018 1.000018 1.000018 1.000018 1.000018 1.000018 1.000018 1.000018 1.000018 1.000018 1.000018 1.000018 1.000018 1.000018 1.000018 1.000018 1.000018 1.000018 1.000018 1.000018 1.000018 1.000018 1.000018 1.000018 1.000018 1.000018 1.000018 1.000018 1.000018 1.000018 1.000018 1.000018 1.000018 1.000018 1.000018 1.000018 1.000018 1.000018 1.000018 1.000018 1.000018 1.000018 1.000018 1.000018 1.000018 1.000018 1.000018 1.000018 1.000018 1.000018 1.000018 1.000018 1.000018 1.000018 1.000018 1.000018 1.000018 1.000018 1.000018 1.000018 1.000018 1.000018 1.000018 1.000018 1.000018 1.000018 1.000018 1.000018 1.000018 1.000018 1.000018 1.000018 1.000018 1.000018 1.000018 1.000018 1.000018 1.000018 1.000018 1.000018 1.000018 1.000018 1.000018 1.000018 1.000018 1.000018 1.000018 1.000018 1.000018 1.000018 1.000018 1.000018 1.000018 1.000018 1.000018 1.000018 1.000018 1.000018 1.000018 1.000018 1.000018 1.000018 1.000018 1.000018 1.000018 1.000018 1.000018 1.000018 1.000018 1.000018 1.000018 1.000018 1.000018 1.000018 1.000018 1.000018 1.000018 1.000018 1.000018 1.000018 1.000018 1.000018 1.000018 1.000018 1.000018 1.000018 1.000018 1.000018 1.000018 1.000018 1.000018 1.000018 1.000018 1.000018 1.000018 1.000018 1.000018 1.000018 1.000018 1.000018 1.000018 1.000018 1.000018 1.000018 1.000018 1.000018 1.000018 1.000018 1.000018 1.000018 1.000018 1.000018 1.000018 1.000018 1.000018 1.000018 1.000018 1.000018 1.000018 1.000018 1.000018 1.000018 1.000018 1.000018 1.000018 1.000018 1.000018 1.000018 1.000018 1.000018 1.000018 1.000018 1.000018 1.000018 1.000018 1.000018 1.000018 1.000018 1.000018 1.000018 1.000018 1.000018 1.000018 1.000018 1.000018 1.000018 1.000018 1.000018 1.000000
1.000000 1.000018 1.000018 1.000018 1.000018 1.000018 1.000018 1.000018 1.000018 1.000018 1.000018 1.000018 1.000018 1.000018 1.000018 1.000018 1.000018 1.000018 1.000018 1.000018 1.000018 1.000018 1.000018 1.000018 1.000018 1.000018 1.000018 1.000018 1.000018 1.000018 1.000018 1.000018 1.000018 1.000018 1.000018 1.000018 1.000018 1.000018 1.000018 1.000018 1.000018 1.000018 1.000018 1.000018 1.000018 1.000018 1.000018 1.000018 1.000018 1.000018 1.000018 1.000018 1.000018 1.000018 1.000018 1.000018 1.000018 1.000018 1.000018 1.000018 1.000018 1.000018 1.000018 1.000018 1.000018 1.000018 1.000018 1.000018 1.000018 1.000018 1.000018 1.000018 1.000018 1.000018 1.000018 1.000018 1.000018 1.000018 1.000018 1.000018 1.000018 1.000018 1.000018 1.000018 1.000018 1.000018 1.000018 1.000018 1.000018 1.000018 1.000018 1.000018 1.000018 1.000018 1.000018 1.000018 1.000018 1.000018 1.000018 1.000018 1.000018 1.000018 1.000018 1.000018 1.000018 1.000018 1.000018 1.000018 1.000018 1.000018 1.000018 1.000018 1.000018 1.000018 1.000018 1.000018 1.000018 1.000018 1.000018 1.000018 1.000018 1.000018 1.000018 1.000018 1.000018 1.000018 1.000018 1.000018 1.000018 1.000018 1.000018 1.000018 1.000018 1.000018 1.000018 1.000018 1.000018 1.000018 1.000018 1.000018 1.000018 1.000018 1.000018 1.000018 1.000018 1.000018 1.000018 1.000018 1.000018 1.000018 1.000018 1.000018 1.000018 1.000018 1.000018 1.000018 1.000018 1.000018 1.000018 1.000018 1.000018 1.000018 1.000018 1.000018 1.000018 1.000018 1.000018 1.000018 1.000018 1.000018 1.000018 1.000018 1.000018 1.000018 1.000018 1.000018 1.000018 1.000018 1.000018 1.000018 1.000018 1.000018 1.000018 1.000018 1.000018 1.000018 1.000018 1.000018 1.000018 1.000018 1.000018 1.000018 1.000018 1.000018 1.000018 1.000018 1.000018 1.000018 1.000018 1.000018 1.000018 1.000000
1.000000 1.000018 1.000018 1.000018 1.000018 1.000018 1.000018 1.000018 1.000018 1.000018 1.000018 1.000018 1.000018 1.000018 1.000018 1.000018 1.000018 1.000018 1.000018 1.000018 1.000018 1.000018 1.000018 1.000018 1.000018 1.000018 1.000018 1.000018 1.000018 1.000018 1.000018 1.000018 1.000018 1.000018 1.000018 1.000018 1.000018 1.000018 1.000018 1.000018 1.000018 1.000018 1.000018 1.000018 1.000018 1.000018 1.000018 1.000018 1.000018 1.000018 1.000018 1.000018 1.000018 1.000018 1.000018 1.000018 1.000018 1.000018 1.000018 1.000018 1.000018 1.000018 1.000018 1.000018 1.000018 1.000018 1.000018 1.000018 1.000018 1.000018 1.000018 1.000018 1.000018 1.000018 1.000018 1.000018 1.000018 1.000018 1.000018 1.000018 1.000018 1.000018 1.000018 1.000018 1.000018 1.000018 1.000018 1.000018 1.000018 1.000018 1.000018 1.000018 1.000018 1.000018 1.000018 1.000018 1.000018 1.000018 1.000018 1.000018 1.000018 1.000018 1.000018 1.000018 1.000018 1.000018 1.000018 1.000018 1.000018 1.000018 1.000018 1.000018 1.000018 1.000018 1.000018 1.000018 1.000018 1.000018 1.000018 1.000018 1.000018 1.000018 1.000018 1.000018 1.000018 1.000018 1.000018 1.000018 1.000018 1.000018 1.000018 1.000018 1.000018 1.000018 1.000018 1.000018 1.000018 1.000018 1.000018 1.000018 1.000018 1.000018 1.000018 1.000018 1.000018 1.000018 1.000018 1.000018 1.000018 1.000018 1.000018 1.000018 1.000018 1.000018 1.000018 1.000018 1.000018 1.000018 1.000018 1.000018 1.000018 1.000018 1.000018 1.000018 1.000018 1.000018 1.000018 1.000018 1.000018 1.000018 1.000018 1.000018 1.000018 1.000018 1.000018 1.000018 1.000018 1.000018 1.000018 1.000018 1.000018 1.000018 1.000018 1.000018 1.000018 1.000018 1.000018 1.000018 1.000018 1.000018 1.000018 1.000018 1.000018 1.000018 1.000018 1.000018 1.000018 1.000018 1.000018 1.000018 1.000018 1.000000
1.000000 1.000018 1.000018 1.000018 1.000018 1.000018 1.000018 1.000018 1.000018 1.000018 1.000018 1.000018 1.000018 1.000018 1.000018 1.000018 1.000018 1.000018 1.000018 1.000018 1.000018 1.000018 1.000018 1.000018 1.000018 1.000018 1.000018 1.000018 1.000018 1.000018 1.000018 1.000018 1.000018 1.000018 1.000018 1.000018 1.000018 1.000018 1.000018 1.000018 1.000018 1.000018 1.000018 1.000018 1.000018 1.000018 1.000018 1.000018 1.000018 1.000018 1.000018 1.000018 1.000018 1.000018 1.000018 1.000018 1.000018 1.000018 1.000018 1.000018 1.000018 1.000018 1.000018 1.000018 1.000018 1.000018 1.000018 1.000018 1.000018 1.000018 1.000018 1.000018 1.000018 1.000018 1.000018 1.000018 1.000018 1.000018 1.000018 1.000018 1.000018 1.000018 1.000018 1.000018 1.000018 1.000018 1.000018 1.000018 1.000018 1.000018 1.000018 1.000018 1.000018 1.000018 1.000018 1.000018 1.000018 1.000018 1.000018 1.000018 1.000018 1.000018 1.000018 1.000018 1.000018 1.000018 1.000018 1.000018 1.000018 1.000018 1.000018 1.000018 1.000018 1.000018 1.000018 1.000018 1.000018 1.000018 1.000018 1.000018 1.000018 1.000018 1.000018 1.000018 1.000018 1.000018 1.000018 1.000018 1.000018 1.000018 1.000018 1.000018 1.000018 1.000018 1.000018 1.000018 1.000018 1.000018 1.000018 1.000018 1.000018 1.000018 1.000018 1.000018 1.000018 1.000018 1.000018 1.000018 1.000018 1.000018 1.000018 1.000018 1.000018 1.000018 1.000018 1.000018 1.000018 1.000018 1.000018 1.000018 1.000018 1.000018 1.000018 1.000018 1.000018 1.000018 1.000018 1.000018 1.000018 1.000018 1.000018 1.000018 1.000018 1.000018 1.000018 1.000018 1.000018 1.000018 1.000018 1.000018 1.000018 1.000018 1.000018 1.000018 1.000018 1.000018 1.000018 1.000018 1.000018 1.000018 1.000018 1.000018 1.000018 1.000018 1.000018 1.000018 1.000018 1.000018 1.000018 1.000018 1.000018 1.000000
1.000000 1.000018 1.000018 1.000018 1.000018 1.000018 1.000018 1.000018 1.000018 1.000018 1.000018 1.000018 1.000018 1.000018 1.000018 1.000018 1.000018 1.000018 1.000018 1.000018 1.000018 1.000018 1.000018 1.000018 1.000018 1.000018 1.000018 1.000018 1.000018 1.000018 1.000018 1.000018 1.000018 1.000018 1.000018 1.000018 1.000018 1.000018 1.000018 1.000018 1.000018 1.000018 1.000018 1.000018 1.000018 1.000018 1.000018 1.000018 1.000018 1.000018 1.000018 1.000018 1.000018 1.000018 1.000018 1.000018 1.000018 1.000018 1.000018 1.000018 1.000018 1.000018 1.000018 1.000018 1.000018 1.000018 1.000018 1.000018 1.000018 1.000018 1.000018 1.000018 1.000018 1.000018 1.000018 1.000018 1.000018 1.000018 1.000018 1.000018 1.000018 1.000018 1.000018 1.000018 1.000018 1.000018 1.000018 1.000018 1.000018 1.000018 1.000018 1.000018 1.000018 1.000018 1.000018 1.000018 1.000018 1.000018 1.000018 1.000018 1.000018 1.000018 1.000018 1.000018 1.000018 1.000018 1.000018 1.000018 1.000018 1.000018 1.000018 1.000018 1.000018 1.000018 1.000018 1.000018 1.000018 1.000018 1.000018 1.000018 1.000018 1.000018 1.000018 1.000018 1.000018 1.000018 1.000018 1.000018 1.000018 1.000018 1.000018 1.000018 1.000018 1.000018 1.000018 1.000018 1.000018 1.000018 1.000018 1.000018 1.000018 1.000018 1.000018 1.000018 1.000018 1.000018 1.000018 1.000018 1.000018 1.000018 1.000018 1.000018 1.000018 1.000018 1.000018 1.000018 1.000018 1.000018 1.000018 1.000018 1.000018 1.000018 1.000018 1.000018 1.000018 1.000018 1.000018 1.000018 1.000018 1.000018 1.000018 1.000018 1.000018 1.000018 1.000018 1.000018 1.000018 1.000018 1.000018 1.000018 1.000018 1.000018 1.000018 1.000018 1.000018 1.000018 1.000018 1.000018 1.000018 1.000018 1.000018 1.000018 1.000018 1.000018 1.000018 1.000018 1.000018 1.000018 1.000018 1.000018 1.000018 1.000000
1.000000 1.000018 1.000018 1.000018 1.000018 1.000018 1.000018 1.000018 1.000018 1.000018 1.000018 1.000018 1.000018 1.000018 1.000018 1.000018 1.000018 1.000018 1.000018 1.000018 1.000018 1.000018 1.000018 1.000018 1.000018 1.000018 1.000018 1.000018 1.000018 1.000018 1.000018 1.000018 1.000018 1.000018 1.000018 1.000018 1.000018 1.000018 1.000018 1.000018 1.000018 1.000018 1.000018 1.000018 1.000018 1.000018 1.000018 1.000018 1.000018 1.000018 1.000018 1.000018 1.000018 1.000018 1.000018 1.000018 1.000018 1.000018 1.000018 1.000018 1.000018 1.000018 1.000018 1.000018 1.000018 1.000018 1.000018 1.000018 1.000018 1.000018 1.000018 1.000018 1.000018 1.000018 1.000018 1.000018 1.000018 1.000018 1.000018 1.000018 1.000018 1.000018 1.000018 1.000018 1.000018 1.000018 1.000018 1.000018 1.000018 1.000018 1.000018 1.000018 1.000018 1.000018 1.000018 1.000018 1.000018 1.000018 1.000018 1.000018 1.000018 1.000018 1.000018 1.000018 1.000018 1.000018 1.000018 1.000018 1.000018 1.000018 1.000018 1.000018 1.000018 1.000018 1.000018 1.000018 1.000018 1.000018 1.000018 1.000018 1.000018 1.000018 1.000018 1.000018 1.000018 1.000018 1.000018 1.000018 1.000018 1.000018 1.000018 1.000018 1.000018 1.000018 1.000018 1.000018 1.000018 1.000018 1.000018 1.000018 1.000018 1.000018 1.000018 1.000018 1.000018 1.000018 1.000018 1.000018 1.000018 1.000018 1.000018 1.000018 1.000018 1.000018 1.000018 1.000018 1.000018 1.000018 1.000018 1.000018 1.000018 1.000018 1.000018 1.000018 1.000018 1.000018 1.000018 1.000018 1.000018 1.000018 1.000018 1.000018 1.000018 1.000018 1.000018 1.000018 1.000018 1.000018 1.000018 1.000018 1.000018 1.000018 1.000018 1.000018 1.000018 1.000018 1.000018 1.000018 1.000018 1.000018 1.000018 1.000018 1.000018 1.000018 1.000018 1.000018 1.000018 1.000018 1.000018 1.000018 1.000018 1.000000
1.000000 1.000018 1.000018 1.000018 1.000018 1.000018 1.000018 1.000018 1.000018 1.000018 1.000018 1.000018 1.000018 1.000018 1.000018 1.000018 1.000018 1.000018 1.000018 1.000018 1.000018 1.000018 1.000018 1.000018 1.000018 1.000018 1.000018 1.000018 1.000018 1.000018 1.000018 1.000018 1.000018 1.000018 1.000018 1.000018 1.000018 1.000018 1.000018 1.000018 1.000018 1.000018 1.000018 1.000018 1.000018 1.000018 1.000018 1.000018 1.000018 1.000018 1.000018 1.000018 1.000018 1.000018 1.000018 1.000018 1.000018 1.000018 1.000018 1.000018 1.000018 1.000018 1.000018 1.000018 1.000018 1.000018 1.000018 1.000018 1.000018 1.000018 1.000018 1.000018 1.000018 1.000018 1.000018 1.000018 1.000018 1.000018 1.000018 1.000018 1.000018 1.000018 1.000018 1.000018 1.000018 1.000018 1.000018 1.000018 1.000018 1.000018 1.000018 1.000018 1.000018 1.000018 1.000018 1.000018 1.000018 1.000018 1.000018 1.000018 1.000018 1.000018 1.000018 1.000018 1.000018 1.000018 1.000018 1.000018 1.000018 1.000018 1.000018 1.000018 1.000018 1.000018 1.000018 1.000018 1.000018 1.000018 1.000018 1.000018 1.000018 1.000018 1.000018 1.000018 1.000018 1.000018 1.000018 1.000018 1.000018 1.000018 1.000018 1.000018 1.000018 1.000018 1.000018 1.000018 1.000018 1.000018 1.000018 1.000018 1.000018 1.000018 1.000018 1.000018 1.000018 1.000018 1.000018 1.000018 1.000018 1.000018 1.000018 1.000018 1.000018 1.000018 1.000018 1.000018 1.000018 1.000018 1.000018 1.000018 1.000018 1.000018 1.000018 1.000018 1.000018 1.000018 1.000018 1.000018 1.000018 1.000018 1.000018 1.000018 1.000018 1.000018 1.000018 1.000018 1.000018 1.000018 1.000018 1.000018 1.000018 1.000018 1.000018 1.000018 1.000018 1.000018 1.000018 1.000018 1.000018 1.000018 1.000018 1.000018 1.000018 1.000018 1.000018 1.000018 1.000018 1.000018 1.000018 1.000018 1.000018 1.000000
1.000000 1.000018 1.000018 1.000018 1.000018 1.000018 1.000018 1.000018 1.000018 1.000018 1.000018 1.000018 1.000018 1.000018 1.000018 1.000018 1.000018 1.000018 1.000018 1.000018 1.000018 1.000018 1.000018 1.000018 1.000018 1.000018 1.000018 1.000018 1.000018 1.000018 1.000018 1.000018 1.000018 1.000018 1.000018 1.000018 1.000018 1.000018 1.000018 1.000018 1.000018 1.000018 1.000018 1.000018 1.000018 1.000018 1.000018 1.000018 1.000018 1.000018 1.000018 1.000018 1.000018 1.000018 1.000018 1.000018 1.000018 1.000018 1.000018 1.000018 1.000018 1.000018 1.000018 1.000018 1.000018 1.000018 1.000018 1.000018 1.000018 1.000018 1.000018 1.000018 1.000018 1.000018 1.000018 1.000018 1.000018 1.000018 1.000018 1.000018 1.000018 1.000018 1.000018 1.000018 1.000018 1.000018 1.000018 1.000018 1.000018 1.000018 1.000018 1.000018 1.000018 1.000018 1.000018 1.000018 1.000018 1.000018 1.000018 1.000018 1.000018 1.000018 1.000018 1.000018 1.000018 1.000018 1.000018 1.000018 1.000018 1.000018 1.000018 1.000018 1.000018 1.000018 1.000018 1.000018 1.000018 1.000018 1.000018 1.000018 1.000018 1.000018 1.000018 1.000018 1.000018 1.000018 1.000018 1.000018 1.000018 1.000018 1.000018 1.000018 1.000018 1.000018 1.000018 1.000018 1.000018 1.000018 1.000018 1.000018 1.000018 1.000018 1.000018 1.000018 1.000018 1.000018 1.000018 1.000018 1.000018 1.000018 1.000018 1.000018 1.000018 1.000018 1.000018 1.000018 1.000018 1.000018 1.000018 1.000018 1.000018 1.000018 1.000018 1.000018 1.000018 1.000018 1.000018 1.000018 1.000018 1.000018 1.000018 1.000018 1.000018 1.000018 1.000018 1.000018 1.000018 1.000018 1.000018 1.000018 1.000018 1.000018 1.000018 1.000018 1.000018 1.000018 1.000018 1.000018 1.000018 1.000018 1.000018 1.000018 1.000018 1.000018 1.000018 1.000018 1.000018 1.000018 1.000018 1.000018 1.000018 1.000000
1.000000 1.000018 1.000018 1.000018 1.000018 1.000018 1.000018 1.000018 1.000018 1.000018 1.000018 1.000018 1.000018 1.000018 1.000018 1.000018 1.000018 1.000018 1.000018 1.000018 1.000018 1.000018 1.000018 1.000018 1.000018 1.000018 1.000018 1.000018 1.000018 1.000018 1.000018 1.000018 1.000018 1.000018 1.000018 1.000018 1.000018 1.000018 1.000018 1.000018 1.000018 1.000018 1.000018 1.000018 1.000018 1.000018 1.000018 1.000018 1.000018 1.000018 1.000018 1.000018 1.000018 1.000018 1.000018 1.000018 1.000018 1.000018 1.000018 1.000018 1.000018 1.000018 1.000018 1.000018 1.000018 1.000018 1.000018 1.000018 1.000018 1.000018 1.000018 1.000018 1.000018 1.000018 1.000018 1.000018 1.000018 1.000018 1.000018 1.000018 1.000018 1.000018 1.000018 1.000018 1.000018 1.000018 1.000018 1.000018 1.000018 1.000018 1.000018 1.000018 1.000018 1.000018 1.000018 1.000018 1.000018 1.000018 1.000018 1.000018 1.000018 1.000018 1.000018 1.000018 1.000018 1.000018 1.000018 1.000018 1.000018 1.000018 1.000018 1.000018 1.000018 1.000018 1.000018 1.000018 1.000018 1.000018 1.000018 1.000018 1.000018 1.000018 1.000018 1.000018 1.000018 1.000018 1.000018 1.000018 1.000018 1.000018 1.000018 1.000018 1.000018 1.000018 1.000018 1.000018 1.000018 1.000018 1.000018 1.000018 1.000018 1.000018 1.000018 1.000018 1.000018 1.000018 1.000018 1.000018 1.000018 1.000018 1.000018 1.000018 1.000018 1.000018 1.000018 1.000018 1.000018 1.000018 1.000018 1.000018 1.000018 1.000018 1.000018 1.000018 1.000018 1.000018 1.000018 1.000018 1.000018 1.000018 1.000018 1.000018 1.000018 1.000018 1.000018 1.000018 1.000018 1.000018 1.000018 1.000018 1.000018 1.000018 1.000018 1.000018 1.000018 1.000018 1.000018 1.000018 1.000018 1.000018 1.000018 1.000018 1.000018 1.000018 1.000018 1.000018 1.000018 1.000018 1.000018 1.000018 1.000018 1.000000
1.000000 1.000018 1.000018 1.000018 1.000018 1.000018 1.000018 1.000018 1.000018 1.000018 1.000018 1.000018 1.000018 1.000018 1.000018 1.000018 1.000018 1.000018 1.000018 1.000018 1.000018 1.000018 1.000018 1.000018 1.000018 1.000018 1.000018 1.000018 1.000018 1.000018 1.000018 1.000018 1.000018 1.000018 1.000018 1.000018 1.000018 1.000018 1.000018 1.000018 1.000018 1.000018 1.000018 1.000018 1.000018 1.000018 1.000018 1.000018 1.000018 1.000018 1.000018 1.000018 1.000018 1.000018 1.000018 1.000018 1.000018 1.000018 1.000018 1.000018 1.000018 1.000018 1.000018 1.000018 1.000018 1.000018 1.000018 1.000018 1.000018 1.000018 1.000018 1.000018 1.000018 1.000018 1.000018 1.000018 1.000018 1.000018 1.000018 1.000018 1.000018 1.000018 1.000018 1.000018 1.000018 1.000018 1.000018 1.000018 1.000018 1.000018 1.000018 1.000018 1.000018 1.000018 1.000018 1.000018 1.000018 1.000018 1.000018 1.000018 1.000018 1.000018 1.000018 1.000018 1.000018 1.000018 1.000018 1.000018 1.000018 1.000018 1.000018 1.000018 1.000018 1.000018 1.000018 1.000018 1.000018 1.000018 1.000018 1.000018 1.000018 1.000018 1.000018 1.000018 1.000018 1.000018 1.000018 1.000018 1.000018 1.000018 1.000018 1.000018 1.000018 1.000018 1.000018 1.000018 1.000018 1.000018 1.000018 1.000018 1.000018 1.000018 1.000018 1.000018 1.000018 1.000018 1.000018 1.000018 1.000018 1.000018 1.000018 1.000018 1.000018 1.000018 1.000018 1.000018 1.000018 1.000018 1.000018 1.000018 1.000018 1.000018 1.000018 1.000018 1.000018 1.000018 1.000018 1.000018 1.000018 1.000018 1.000018 1.000018 1.000018 1.000018 1.000018 1.000018 1.000018 1.000018 1.000018 1.000018 1.000018 1.000018 1.000018 1.000018 1.000018 1.000018 1.000018 1.000018 1.000018 1.000018 1.000018 1.000018 1.000018 1.000018 1.000018 1.000018 1.000018 1.000018 1.000018 1.000018 1.000018 1.000000
1.000000 1.000000 1.000000 1.000000 1.000000 1.000000 1.000000 1.000000 1.000000 1.000000 1.000000 1.000000 1.000000 1.000000 1.000000 1.000000 1.000000 1.000000 1.000000 1.000000 1.000000 1.000000 1.000000 1.000000 1.000000 1.000000 1.000000 1.000000 1.000000 1.000000 1.000000 1.000000 1.000000 1.000000 1.000000 1.000000 1.000000 1.000000 1.000000 1.000000 1.000000 1.000000 1.000000 1.000000 1.000000 1.000000 1.000000 1.000000 1.000000 1.000000 1.000000 1.000000 1.000000 1.000000 1.000000 1.000000 1.000000 1.000000 1.000000 1.000000 1.000000 1.000000 1.000000 1.000000 1.000000 1.000000 1.000000 1.000000 1.000000 1.000000 1.000000 1.000000 1.000000 1.000000 1.000000 1.000000 1.000000 1.000000 1.000000 1.000000 1.000000 1.000000 1.000000 1.000000 1.000000 1.000000 1.000000 1.000000 1.000000 1.000000 1.000000 1.000000 1.000000 1.000000 1.000000 1.000000 1.000000 1.000000 1.000000 1.000000 1.000000 1.000000 1.000000 1.000000 1.000000 1.000000 1.000000 1.000000 1.000000 1.000000 1.000000 1.000000 1.000000 1.000000 1.000000 1.000000 1.000000 1.000000 1.000000 1.000000 1.000000 1.000000 1.000000 1.000000 1.000000 1.000000 1.000000 1.000000 1.000000 1.000000 1.000000 1.000000 1.000000 1.000000 1.000000 1.000000 1.000000 1.000000 1.000000 1.000000 1.000000 1.000000 1.000000 1.000000 1.000000 1.000000 1.000000 1.000000 1.000000 1.000000 1.000000 1.000000 1.000000 1.000000 1.000000 1.000000 1.000000 1.000000 1.000000 1.000000 1.000000 1.000000 1.000000 1.000000 1.000000 1.000000 1.000000 1.000000 1.000000 1.000000 1.000000 1.000000 1.000000 1.000000 1.000000 1.000000 1.000000 1.000000 1.000000 1.000000 1.000000 1.000000 1.000000 1.000000 1.000000 1.000000 1.000000 1.000000 1.000000 1.000000 1.000000 1.000000 1.000000 1.000000 1.000000 1.000000 1.000000 1.000000 1.000000 1.000000 1.000000 1.000000
