0.015 0.092
0.000000 0.000000 0.000000 0.000000 0.000000 0.000000 0.000000 0.000000 0.000000 0.000000 0.000000 0.000000 0.000000 0.000000 0.000000 0.000000 0.000000 0.000000 0.000000 0.000000 0.000000 0.000000 0.000000 0.000000 0.000000 0.000000 0.000000 0.000000 0.000000 0.000000 0.000000 0.000000 0.000000 0.000000 0.000000 0.000000 0.000000 0.000000 0.000000 0.000000 0.000000 0.000000 0.000000 0.000000 0.000000 0.000000 0.000000 0.000000 0.000000 0.000000 0.000000 0.000000 0.000000 0.000000 0.000000 0.000000 0.000000 0.000000 0.000000 0.000000 0.000000 0.000000 0.000000 0.000000 0.000000 0.000000 0.000000 0.000000 0.000000 0.000000 0.000000 0.000000 0.000000 0.000000 0.000000 0.000000 0.000000 0.000000 0.000000 0.000000 0.000000 0.000000 0.000000 0.000000 0.000000 0.000000 0.000000 0.000000 0.000000 0.000000 0.000000 0.000000 0.000000 0.000000 0.000000 0.000000 0.000000 0.000000 0.000000 0.000000 0.000000 0.000000 0.000000 0.000000 0.000000 0.000000 0.000000 0.000000 0.000000 0.000000 0.000000 0.000000 0.000000 0.000000 0.000000 0.000000 0.000000 0.000000 0.000000 0.000000 0.000000 0.000000 0.000000 0.000000 0.000000 0.000000 0.000000 0.000000 0.000000 0.000000 0.000000 0.000000 0.000000 0.000000 0.000000 0.000000 0.000000 0.000000 0.000000 0.000000 0.000000 0.000000 0.000000 0.000000 0.000000 0.000000 0.000000 0.000000 0.000000 0.000000 0.000000 0.000000 0.000000 0.000000 0.000000 0.000000 0.000000 0.000000 0.000000 0.000000 0.000000 0.000000 0.000000 0.000000 0.000000 0.000000 0.000000 0.000000 0.000000 0.000000 0.000000 0.000000 0.000000 0.000000 0.000000 0.000000 0.000000 0.000000 0.000000 0.000000 0.000000 0.000000 0.000000 0.000000 0.000000 0.000000 0.000000 0.000000 0.000000 0.000000 0.000000 0.000000 0.000000 0.000000 0.000000 0.000000 0.000000 0.000000 0.000000 0.000000 0.000000 0.000000
0.000000 0.003078 0.003581 0.003609 0.003549 0.003477 0.003412 0.003357 0.003312 0.003275 0.003246 0.003222 0.003204 0.003189 0.003177 0.003168 0.003160 0.003154 0.003148 0.003143 0.003139 0.003135 0.003132 0.003129 0.003126 0.003123 0.003121 0.003118 0.003116 0.003114 0.003112 0.003110 0.003109 0.003107 0.003106 0.003104 0.003103 0.003102 0.003101 0.003100 0.003099 0.003099 0.003098 0.003097 0.003097 0.003097 0.003096 0.003096 0.003096 0.003096 0.003095 0.003095 0.003095 0.003095 0.003095 0.003096 0.003096 0.003096 0.003096 0.003096 0.003097 0.003097 0.003097 0.003097 0.003098 0.003098 0.003098 0.003099 0.003099 0.003099 0.003100 0.003100 0.003100 0.003101 0.003101 0.003101 0.003102 0.003102 0.003102 0.003103 0.003103 0.003103 0.003104 0.003104 0.003104 0.003104 0.003105 0.003105 0.003105 0.003105 0.003106 0.003106 0.003106 0.003106 0.003106 0.003106 0.003106 0.003106 0.003106 0.003106 0.003106 0.003106 0.003106 0.003106 0.003106 0.003106 0.003106 0.003106 0.003106 0.003106 0.003106 0.003106 0.003105 0.003105 0.003105 0.003105 0.003104 0.003104 0.003104 0.003104 0.003103 0.003103 0.003103 0.003102 0.003102 0.003102 0.003101 0.003101 0.003101 0.003100 0.003100 0.003100 0.003099 0.003099 0.003099 0.003098 0.003098 0.003098 0.003097 0.003097 0.003097 0.003097 0.003096 0.003096 0.003096 0.003096 0.003096 0.003095 0.003095 0.003095 0.003095 0.003095 0.003096 0.003096 0.003096 0.003096 0.003097 0.003097 0.003097 0.003098 0.003099 0.003099 0.003100 0.003101 0.003102 0.003103 0.003104 0.003106 0.003107 0.003109 0.003110 0.003112 0.003114 0.003116 0.003118 0.003121 0.003123 0.003126 0.003129 0.003132 0.003135 0.003139 0.003143 0.003148 0.003154 0.003160 0.003168 0.003177 0.003189 0.003204 0.003222 0.003246 0.003275 0.003312 0.003357 0.003412 0.003477 0.003549 0.003609 0.003581 0.003078 0.000000
0.000376 0.003978 0.004630 0.004710 0.004658 0.004582 0.004509 0.004446 0.004394 0.004351 0.004317 0.004289 0.004268 0.004251 0.004237 0.004226 0.004217 0.004210 0.004204 0.004198 0.004194 0.004190 0.004186 0.004182 0.004179 0.004176 0.004173 0.004171 0.004169 0.004166 0.004164 0.004162 0.004161 0.004159 0.004158 0.004156 0.004155 0.004154 0.004153 0.004152 0.004151 0.004151 0.004150 0.004150 0.004149 0.004149 0.004149 0.004148 0.004148 0.004148 0.004148 0.004148 0.004149 0.004149 0.004149 0.004149 0.004149 0.004150 0.004150 0.004151 0.004151 0.004151 0.004152 0.004152 0.004153 0.004153 0.004154 0.004154 0.004155 0.004155 0.004156 0.004156 0.004157 0.004157 0.004158 0.004158 0.004158 0.004159 0.004159 0.004160 0.004160 0.004161 0.004161 0.004161 0.004162 0.004162 0.004162 0.004163 0.004163 0.004163 0.004163 0.004164 0.004164 0.004164 0.004164 0.004164 0.004164 0.004164 0.004165 0.004165 0.004165 0.004165 0.004165 0.004165 0.004164 0.004164 0.004164 0.004164 0.004164 0.004164 0.004164 0.004163 0.004163 0.004163 0.004163 0.004162 0.004162 0.004162 0.004161 0.004161 0.004161 0.004160 0.004160 0.004159 0.004159 0.004158 0.004158 0.004158 0.004157 0.004157 0.004156 0.004156 0.004155 0.004155 0.004154 0.004154 0.004153 0.004153 0.004152 0.004152 0.004151 0.004151 0.004151 0.004150 0.004150 0.004149 0.004149 0.004149 0.004149 0.004149 0.004148 0.004148 0.004148 0.004148 0.004148 0.004149 0.004149 0.004149 0.004150 0.004150 0.004151 0.004151 0.004152 0.004153 0.004154 0.004155 0.004156 0.004158 0.004159 0.004161 0.004162 0.004164 0.004166 0.004169 0.004171 0.004173 0.004176 0.004179 0.004182 0.004186 0.004190 0.004194 0.004198 0.004204 0.004210 0.004217 0.004226 0.004237 0.004251 0.004268 0.004289 0.004317 0.004351 0.004394 0.004446 0.004509 0.004582 0.004658 0.004710 0.004630 0.003978 0.000376
0.003383 0.004528 0.005029 0.005115 0.005083 0.005023 0.004962 0.004906 0.004860 0.004821 0.004790 0.004766 0.004746 0.004731 0.004718 0.004709 0.004701 0.004694 0.004689 0.004684 0.004681 0.004677 0.004674 0.004671 0.004668 0.004666 0.004664 0.004662 0.004660 0.004658 0.004657 0.004655 0.004654 0.004653 0.004651 0.004650 0.004650 0.004649 0.004648 0.004648 0.004647 0.004647 0.004647 0.004646 0.004646 0.004646 0.004646 0.004646 0.004646 0.004646 0.004647 0.004647 0.004647 0.004648 0.004648 0.004648 0.004649 0.004649 0.004650 0.004650 0.004651 0.004651 0.004652 0.004652 0.004653 0.004654 0.004654 0.004655 0.004655 0.004656 0.004656 0.004657 0.004658 0.004658 0.004659 0.004659 0.004660 0.004660 0.004661 0.004661 0.004661 0.004662 0.004662 0.004663 0.004663 0.004663 0.004664 0.004664 0.004664 0.004665 0.004665 0.004665 0.004665 0.004666 0.004666 0.004666 0.004666 0.004666 0.004666 0.004666 0.004666 0.004666 0.004666 0.004666 0.004666 0.004666 0.004666 0.004666 0.004666 0.004665 0.004665 0.004665 0.004665 0.004664 0.004664 0.004664 0.004663 0.004663 0.004663 0.004662 0.004662 0.004661 0.004661 0.004661 0.004660 0.004660 0.004659 0.004659 0.004658 0.004658 0.004657 0.004656 0.004656 0.004655 0.004655 0.004654 0.004654 0.004653 0.004652 0.004652 0.004651 0.004651 0.004650 0.004650 0.004649 0.004649 0.004648 0.004648 0.004648 0.004647 0.004647 0.004647 0.004646 0.004646 0.004646 0.004646 0.004646 0.004646 0.004646 0.004647 0.004647 0.004647 0.004648 0.004648 0.004649 0.004650 0.004650 0.004651 0.004653 0.004654 0.004655 0.004657 0.004658 0.004660 0.004662 0.004664 0.004666 0.004668 0.004671 0.004674 0.004677 0.004681 0.004684 0.004689 0.004694 0.004701 0.004709 0.004718 0.004731 0.004746 0.004766 0.004790 0.004821 0.004860 0.004906 0.004962 0.005023 0.005083 0.005115 0.005029 0.004528 0.003383
0.004073 0.004976 0.005252 0.005322 0.005307 0.005267 0.005221 0.005179 0.005142 0.005112 0.005086 0.005066 0.005050 0.005038 0.005028 0.005020 0.005014 0.005009 0.005005 0.005001 0.004998 0.004996 0.004994 0.004992 0.004990 0.004988 0.004987 0.004985 0.004984 0.004983 0.004982 0.004981 0.004980 0.004979 0.004979 0.004978 0.004978 0.004977 0.004977 0.004977 0.004977 0.004977 0.004977 0.004977 0.004977 0.004977 0.004977 0.004978 0.004978 0.004978 0.004979 0.004979 0.004980 0.004980 0.004981 0.004981 0.004982 0.004982 0.004983 0.004984 0.004984 0.004985 0.004986 0.004986 0.004987 0.004987 0.004988 0.004989 0.004989 0.004990 0.004991 0.004991 0.004992 0.004992 0.004993 0.004993 0.004994 0.004994 0.004995 0.004995 0.004996 0.004996 0.004997 0.004997 0.004997 0.004998 0.004998 0.004999 0.004999 0.004999 0.004999 0.005000 0.005000 0.005000 0.005000 0.005000 0.005000 0.005001 0.005001 0.005001 0.005001 0.005001 0.005001 0.005001 0.005001 0.005000 0.005000 0.005000 0.005000 0.005000 0.005000 0.004999 0.004999 0.004999 0.004999 0.004998 0.004998 0.004997 0.004997 0.004997 0.004996 0.004996 0.004995 0.004995 0.004994 0.004994 0.004993 0.004993 0.004992 0.004992 0.004991 0.004991 0.004990 0.004989 0.004989 0.004988 0.004987 0.004987 0.004986 0.004986 0.004985 0.004984 0.004984 0.004983 0.004982 0.004982 0.004981 0.004981 0.004980 0.004980 0.004979 0.004979 0.004978 0.004978 0.004978 0.004977 0.004977 0.004977 0.004977 0.004977 0.004977 0.004977 0.004977 0.004977 0.004977 0.004978 0.004978 0.004979 0.004979 0.004980 0.004981 0.004982 0.004983 0.004984 0.004985 0.004987 0.004988 0.004990 0.004992 0.004994 0.004996 0.004998 0.005001 0.005005 0.005009 0.005014 0.005020 0.005028 0.005038 0.005050 0.005066 0.005086 0.005112 0.005142 0.005179 0.005221 0.005267 0.005307 0.005322 0.005252 0.004976 0.004073
0.004438 0.005180 0.005406 0.005464 0.005463 0.005440 0.005411 0.005382 0.005356 0.005333 0.005315 0.005299 0.005287 0.005278 0.005271 0.005265 0.005260 0.005257 0.005254 0.005252 0.005250 0.005248 0.005246 0.005245 0.005244 0.005243 0.005242 0.005241 0.005241 0.005240 0.005240 0.005239 0.005239 0.005239 0.005239 0.005238 0.005238 0.005238 0.005238 0.005239 0.005239 0.005239 0.005239 0.005240 0.005240 0.005241 0.005241 0.005241 0.005242 0.005243 0.005243 0.005244 0.005244 0.005245 0.005246 0.005246 0.005247 0.005248 0.005248 0.005249 0.005250 0.005250 0.005251 0.005252 0.005252 0.005253 0.005254 0.005254 0.005255 0.005256 0.005256 0.005257 0.005257 0.005258 0.005259 0.005259 0.005260 0.005260 0.005261 0.005261 0.005262 0.005262 0.005262 0.005263 0.005263 0.005264 0.005264 0.005264 0.005265 0.005265 0.005265 0.005265 0.005266 0.005266 0.005266 0.005266 0.005266 0.005266 0.005266 0.005266 0.005266 0.005266 0.005266 0.005266 0.005266 0.005266 0.005266 0.005266 0.005266 0.005266 0.005265 0.005265 0.005265 0.005265 0.005264 0.005264 0.005264 0.005263 0.005263 0.005262 0.005262 0.005262 0.005261 0.005261 0.005260 0.005260 0.005259 0.005259 0.005258 0.005257 0.005257 0.005256 0.005256 0.005255 0.005254 0.005254 0.005253 0.005252 0.005252 0.005251 0.005250 0.005250 0.005249 0.005248 0.005248 0.005247 0.005246 0.005246 0.005245 0.005244 0.005244 0.005243 0.005243 0.005242 0.005241 0.005241 0.005241 0.005240 0.005240 0.005239 0.005239 0.005239 0.005239 0.005238 0.005238 0.005238 0.005238 0.005239 0.005239 0.005239 0.005239 0.005240 0.005240 0.005241 0.005241 0.005242 0.005243 0.005244 0.005245 0.005246 0.005248 0.005250 0.005252 0.005254 0.005257 0.005260 0.005265 0.005271 0.005278 0.005287 0.005299 0.005315 0.005333 0.005356 0.005382 0.005411 0.005440 0.005463 0.005464 0.005406 0.005180 0.004438
0.004655 0.005310 0.005514 0.005575 0.005586 0.005578 0.005563 0.005546 0.005530 0.005515 0.005502 0.005491 0.005483 0.005476 0.005471 0.005467 0.005464 0.005462 0.005460 0.005459 0.005458 0.005457 0.005456 0.005456 0.005455 0.005455 0.005454 0.005454 0.005454 0.005454 0.005454 0.005454 0.005454 0.005454 0.005454 0.005454 0.005455 0.005455 0.005455 0.005456 0.005456 0.005457 0.005457 0.005458 0.005458 0.005459 0.005459 0.005460 0.005461 0.005461 0.005462 0.005463 0.005463 0.005464 0.005465 0.005466 0.005466 0.005467 0.005468 0.005468 0.005469 0.005470 0.005471 0.005471 0.005472 0.005473 0.005473 0.005474 0.005475 0.005475 0.005476 0.005477 0.005477 0.005478 0.005478 0.005479 0.005479 0.005480 0.005480 0.005481 0.005481 0.005482 0.005482 0.005483 0.005483 0.005483 0.005484 0.005484 0.005484 0.005485 0.005485 0.005485 0.005485 0.005485 0.005486 0.005486 0.005486 0.005486 0.005486 0.005486 0.005486 0.005486 0.005486 0.005486 0.005486 0.005486 0.005486 0.005486 0.005485 0.005485 0.005485 0.005485 0.005485 0.005484 0.005484 0.005484 0.005483 0.005483 0.005483 0.005482 0.005482 0.005481 0.005481 0.005480 0.005480 0.005479 0.005479 0.005478 0.005478 0.005477 0.005477 0.005476 0.005475 0.005475 0.005474 0.005473 0.005473 0.005472 0.005471 0.005471 0.005470 0.005469 0.005468 0.005468 0.005467 0.005466 0.005466 0.005465 0.005464 0.005463 0.005463 0.005462 0.005461 0.005461 0.005460 0.005459 0.005459 0.005458 0.005458 0.005457 0.005457 0.005456 0.005456 0.005455 0.005455 0.005455 0.005454 0.005454 0.005454 0.005454 0.005454 0.005454 0.005454 0.005454 0.005454 0.005454 0.005455 0.005455 0.005456 0.005456 0.005457 0.005458 0.005459 0.005460 0.005462 0.005464 0.005467 0.005471 0.005476 0.005483 0.005491 0.005502 0.005515 0.005530 0.005546 0.005563 0.005578 0.005586 0.005575 0.005514 0.005310 0.004655
0.004793 0.005404 0.005600 0.005666 0.005687 0.005691 0.005687 0.005680 0.005671 0.005663 0.005655 0.005649 0.005643 0.005639 0.005636 0.005634 0.005632 0.005631 0.005630 0.005630 0.005629 0.005629 0.005629 0.005629 0.005629 0.005629 0.005629 0.005629 0.005629 0.005630 0.005630 0.005630 0.005630 0.005631 0.005631 0.005632 0.005632 0.005633 0.005633 0.005634 0.005635 0.005635 0.005636 0.005637 0.005637 0.005638 0.005639 0.005639 0.005640 0.005641 0.005642 0.005642 0.005643 0.005644 0.005645 0.005645 0.005646 0.005647 0.005648 0.005648 0.005649 0.005650 0.005651 0.005651 0.005652 0.005653 0.005653 0.005654 0.005655 0.005655 0.005656 0.005657 0.005657 0.005658 0.005658 0.005659 0.005659 0.005660 0.005660 0.005661 0.005661 0.005662 0.005662 0.005663 0.005663 0.005663 0.005664 0.005664 0.005664 0.005664 0.005665 0.005665 0.005665 0.005665 0.005665 0.005666 0.005666 0.005666 0.005666 0.005666 0.005666 0.005666 0.005666 0.005666 0.005666 0.005666 0.005666 0.005665 0.005665 0.005665 0.005665 0.005665 0.005664 0.005664 0.005664 0.005664 0.005663 0.005663 0.005663 0.005662 0.005662 0.005661 0.005661 0.005660 0.005660 0.005659 0.005659 0.005658 0.005658 0.005657 0.005657 0.005656 0.005655 0.005655 0.005654 0.005653 0.005653 0.005652 0.005651 0.005651 0.005650 0.005649 0.005648 0.005648 0.005647 0.005646 0.005645 0.005645 0.005644 0.005643 0.005642 0.005642 0.005641 0.005640 0.005639 0.005639 0.005638 0.005637 0.005637 0.005636 0.005635 0.005635 0.005634 0.005633 0.005633 0.005632 0.005632 0.005631 0.005631 0.005630 0.005630 0.005630 0.005630 0.005629 0.005629 0.005629 0.005629 0.005629 0.005629 0.005629 0.005629 0.005629 0.005630 0.005630 0.005631 0.005632 0.005634 0.005636 0.005639 0.005643 0.005649 0.005655 0.005663 0.005671 0.005680 0.005687 0.005691 0.005687 0.005666 0.005600 0.005404 0.004793
0.004887 0.005478 0.005670 0.005741 0.005770 0.005783 0.005787 0.005788 0.005785 0.005782 0.005779 0.005776 0.005773 0.005771 0.005770 0.005769 0.005768 0.005768 0.005768 0.005768 0.005768 0.005768 0.005768 0.005769 0.005769 0.005769 0.005770 0.005770 0.005771 0.005771 0.005772 0.005772 0.005773 0.005774 0.005774 0.005775 0.005776 0.005776 0.005777 0.005778 0.005778 0.005779 0.005780 0.005781 0.005781 0.005782 0.005783 0.005784 0.005785 0.005785 0.005786 0.005787 0.005788 0.005788 0.005789 0.005790 0.005791 0.005792 0.005792 0.005793 0.005794 0.005794 0.005795 0.005796 0.005797 0.005797 0.005798 0.005799 0.005799 0.005800 0.005800 0.005801 0.005802 0.005802 0.005803 0.005803 0.005804 0.005804 0.005805 0.005805 0.005806 0.005806 0.005806 0.005807 0.005807 0.005807 0.005808 0.005808 0.005808 0.005809 0.005809 0.005809 0.005809 0.005809 0.005809 0.005810 0.005810 0.005810 0.005810 0.005810 0.005810 0.005810 0.005810 0.005810 0.005810 0.005810 0.005810 0.005809 0.005809 0.005809 0.005809 0.005809 0.005809 0.005808 0.005808 0.005808 0.005807 0.005807 0.005807 0.005806 0.005806 0.005806 0.005805 0.005805 0.005804 0.005804 0.005803 0.005803 0.005802 0.005802 0.005801 0.005800 0.005800 0.005799 0.005799 0.005798 0.005797 0.005797 0.005796 0.005795 0.005794 0.005794 0.005793 0.005792 0.005792 0.005791 0.005790 0.005789 0.005788 0.005788 0.005787 0.005786 0.005785 0.005785 0.005784 0.005783 0.005782 0.005781 0.005781 0.005780 0.005779 0.005778 0.005778 0.005777 0.005776 0.005776 0.005775 0.005774 0.005774 0.005773 0.005772 0.005772 0.005771 0.005771 0.005770 0.005770 0.005769 0.005769 0.005769 0.005768 0.005768 0.005768 0.005768 0.005768 0.005768 0.005768 0.005769 0.005770 0.005771 0.005773 0.005776 0.005779 0.005782 0.005785 0.005788 0.005787 0.005783 0.005770 0.005741 0.005670 0.005478 0.004887
0.004954 0.005537 0.005729 0.005803 0.005838 0.005857 0.005867 0.005873 0.005876 0.005877 0.005877 0.005876 0.005876 0.005876 0.005875 0.005875 0.005876 0.005876 0.005876 0.005877 0.005877 0.005878 0.005879 0.005879 0.005880 0.005881 0.005881 0.005882 0.005883 0.005883 0.005884 0.005885 0.005886 0.005886 0.005887 0.005888 0.005889 0.005889 0.005890 0.005891 0.005892 0.005893 0.005893 0.005894 0.005895 0.005896 0.005897 0.005897 0.005898 0.005899 0.005900 0.005901 0.005901 0.005902 0.005903 0.005904 0.005904 0.005905 0.005906 0.005907 0.005907 0.005908 0.005909 0.005909 0.005910 0.005911 0.005911 0.005912 0.005913 0.005913 0.005914 0.005914 0.005915 0.005915 0.005916 0.005916 0.005917 0.005917 0.005918 0.005918 0.005919 0.005919 0.005919 0.005920 0.005920 0.005920 0.005921 0.005921 0.005921 0.005922 0.005922 0.005922 0.005922 0.005922 0.005922 0.005923 0.005923 0.005923 0.005923 0.005923 0.005923 0.005923 0.005923 0.005923 0.005923 0.005923 0.005923 0.005922 0.005922 0.005922 0.005922 0.005922 0.005922 0.005921 0.005921 0.005921 0.005920 0.005920 0.005920 0.005919 0.005919 0.005919 0.005918 0.005918 0.005917 0.005917 0.005916 0.005916 0.005915 0.005915 0.005914 0.005914 0.005913 0.005913 0.005912 0.005911 0.005911 0.005910 0.005909 0.005909 0.005908 0.005907 0.005907 0.005906 0.005905 0.005904 0.005904 0.005903 0.005902 0.005901 0.005901 0.005900 0.005899 0.005898 0.005897 0.005897 0.005896 0.005895 0.005894 0.005893 0.005893 0.005892 0.005891 0.005890 0.005889 0.005889 0.005888 0.005887 0.005886 0.005886 0.005885 0.005884 0.005883 0.005883 0.005882 0.005881 0.005881 0.005880 0.005879 0.005879 0.005878 0.005877 0.005877 0.005876 0.005876 0.005876 0.005875 0.005875 0.005876 0.005876 0.005876 0.005877 0.005877 0.005876 0.005873 0.005867 0.005857 0.005838 0.005803 0.005729 0.005537 0.004954
0.005005 0.005585 0.005777 0.005854 0.005892 0.005915 0.005931 0.005940 0.005947 0.005951 0.005953 0.005955 0.005956 0.005957 0.005958 0.005959 0.005959 0.005960 0.005961 0.005962 0.005963 0.005964 0.005964 0.005965 0.005966 0.005967 0.005968 0.005969 0.005969 0.005970 0.005971 0.005972 0.005973 0.005974 0.005974 0.005975 0.005976 0.005977 0.005978 0.005979 0.005979 0.005980 0.005981 0.005982 0.005983 0.005984 0.005984 0.005985 0.005986 0.005987 0.005987 0.005988 0.005989 0.005990 0.005991 0.005991 0.005992 0.005993 0.005993 0.005994 0.005995 0.005996 0.005996 0.005997 0.005997 0.005998 0.005999 0.005999 0.006000 0.006000 0.006001 0.006002 0.006002 0.006003 0.006003 0.006004 0.006004 0.006004 0.006005 0.006005 0.006006 0.006006 0.006006 0.006007 0.006007 0.006007 0.006008 0.006008 0.006008 0.006008 0.006009 0.006009 0.006009 0.006009 0.006009 0.006009 0.006009 0.006010 0.006010 0.006010 0.006010 0.006010 0.006010 0.006010 0.006010 0.006009 0.006009 0.006009 0.006009 0.006009 0.006009 0.006009 0.006008 0.006008 0.006008 0.006008 0.006007 0.006007 0.006007 0.006006 0.006006 0.006006 0.006005 0.006005 0.006004 0.006004 0.006004 0.006003 0.006003 0.006002 0.006002 0.006001 0.006000 0.006000 0.005999 0.005999 0.005998 0.005997 0.005997 0.005996 0.005996 0.005995 0.005994 0.005993 0.005993 0.005992 0.005991 0.005991 0.005990 0.005989 0.005988 0.005987 0.005987 0.005986 0.005985 0.005984 0.005984 0.005983 0.005982 0.005981 0.005980 0.005979 0.005979 0.005978 0.005977 0.005976 0.005975 0.005974 0.005974 0.005973 0.005972 0.005971 0.005970 0.005969 0.005969 0.005968 0.005967 0.005966 0.005965 0.005964 0.005964 0.005963 0.005962 0.005961 0.005960 0.005959 0.005959 0.005958 0.005957 0.005956 0.005955 0.005953 0.005951 0.005947 0.005940 0.005931 0.005915 0.005892 0.005854 0.005777 0.005585 0.005005
0.005045 0.005624 0.005817 0.005895 0.005936 0.005962 0.005980 0.005993 0.006001 0.006008 0.006012 0.006015 0.006017 0.006019 0.006021 0.006022 0.006023 0.006025 0.006026 0.006027 0.006028 0.006029 0.006030 0.006031 0.006032 0.006033 0.006034 0.006035 0.006036 0.006036 0.006037 0.006038 0.006039 0.006040 0.006041 0.006042 0.006043 0.006043 0.006044 0.006045 0.006046 0.006047 0.006048 0.006048 0.006049 0.006050 0.006051 0.006052 0.006052 0.006053 0.006054 0.006055 0.006056 0.006056 0.006057 0.006058 0.006058 0.006059 0.006060 0.006060 0.006061 0.006062 0.006062 0.006063 0.006064 0.006064 0.006065 0.006065 0.006066 0.006066 0.006067 0.006067 0.006068 0.006068 0.006069 0.006069 0.006070 0.006070 0.006071 0.006071 0.006071 0.006072 0.006072 0.006072 0.006073 0.006073 0.006073 0.006073 0.006074 0.006074 0.006074 0.006074 0.006074 0.006075 0.006075 0.006075 0.006075 0.006075 0.006075 0.006075 0.006075 0.006075 0.006075 0.006075 0.006075 0.006075 0.006075 0.006075 0.006075 0.006074 0.006074 0.006074 0.006074 0.006074 0.006073 0.006073 0.006073 0.006073 0.006072 0.006072 0.006072 0.006071 0.006071 0.006071 0.006070 0.006070 0.006069 0.006069 0.006068 0.006068 0.006067 0.006067 0.006066 0.006066 0.006065 0.006065 0.006064 0.006064 0.006063 0.006062 0.006062 0.006061 0.006060 0.006060 0.006059 0.006058 0.006058 0.006057 0.006056 0.006056 0.006055 0.006054 0.006053 0.006052 0.006052 0.006051 0.006050 0.006049 0.006048 0.006048 0.006047 0.006046 0.006045 0.006044 0.006043 0.006043 0.006042 0.006041 0.006040 0.006039 0.006038 0.006037 0.006036 0.006036 0.006035 0.006034 0.006033 0.006032 0.006031 0.006030 0.006029 0.006028 0.006027 0.006026 0.006025 0.006023 0.006022 0.006021 0.006019 0.006017 0.006015 0.006012 0.006008 0.006001 0.005993 0.005980 0.005962 0.005936 0.005895 0.005817 0.005624 0.005045
0.005076 0.005656 0.005849 0.005928 0.005970 0.005998 0.006018 0.006032 0.006043 0.006051 0.006056 0.006060 0.006064 0.006066 0.006068 0.006070 0.006072 0.006073 0.006074 0.006076 0.006077 0.006078 0.006079 0.006080 0.006081 0.006082 0.006083 0.006084 0.006085 0.006086 0.006087 0.006088 0.006089 0.006090 0.006091 0.006091 0.006092 0.006093 0.006094 0.006095 0.006096 0.006097 0.006097 0.006098 0.006099 0.006100 0.006101 0.006101 0.006102 0.006103 0.006104 0.006104 0.006105 0.006106 0.006106 0.006107 0.006108 0.006108 0.006109 0.006110 0.006110 0.006111 0.006112 0.006112 0.006113 0.006113 0.006114 0.006114 0.006115 0.006115 0.006116 0.006116 0.006117 0.006117 0.006118 0.006118 0.006119 0.006119 0.006119 0.006120 0.006120 0.006120 0.006121 0.006121 0.006121 0.006122 0.006122 0.006122 0.006122 0.006123 0.006123 0.006123 0.006123 0.006123 0.006123 0.006123 0.006123 0.006124 0.006124 0.006124 0.006124 0.006124 0.006124 0.006124 0.006124 0.006123 0.006123 0.006123 0.006123 0.006123 0.006123 0.006123 0.006123 0.006122 0.006122 0.006122 0.006122 0.006121 0.006121 0.006121 0.006120 0.006120 0.006120 0.006119 0.006119 0.006119 0.006118 0.006118 0.006117 0.006117 0.006116 0.006116 0.006115 0.006115 0.006114 0.006114 0.006113 0.006113 0.006112 0.006112 0.006111 0.006110 0.006110 0.006109 0.006108 0.006108 0.006107 0.006106 0.006106 0.006105 0.006104 0.006104 0.006103 0.006102 0.006101 0.006101 0.006100 0.006099 0.006098 0.006097 0.006097 0.006096 0.006095 0.006094 0.006093 0.006092 0.006091 0.006091 0.006090 0.006089 0.006088 0.006087 0.006086 0.006085 0.006084 0.006083 0.006082 0.006081 0.006080 0.006079 0.006078 0.006077 0.006076 0.006074 0.006073 0.006072 0.006070 0.006068 0.006066 0.006064 0.006060 0.006056 0.006051 0.006043 0.006032 0.006018 0.005998 0.005970 0.005928 0.005849 0.005656 0.005076
0.005100 0.005681 0.005875 0.005955 0.005997 0.006026 0.006047 0.006062 0.006074 0.006083 0.006089 0.006094 0.006098 0.006101 0.006103 0.006105 0.006107 0.006109 0.006110 0.006112 0.006113 0.006114 0.006115 0.006116 0.006117 0.006118 0.006119 0.006120 0.006121 0.006122 0.006123 0.006124 0.006125 0.006126 0.006127 0.006128 0.006129 0.006130 0.006130 0.006131 0.006132 0.006133 0.006134 0.006135 0.006135 0.006136 0.006137 0.006138 0.006138 0.006139 0.006140 0.006140 0.006141 0.006142 0.006142 0.006143 0.006144 0.006144 0.006145 0.006146 0.006146 0.006147 0.006147 0.006148 0.006148 0.006149 0.006150 0.006150 0.006151 0.006151 0.006152 0.006152 0.006152 0.006153 0.006153 0.006154 0.006154 0.006154 0.006155 0.006155 0.006155 0.006156 0.006156 0.006156 0.006157 0.006157 0.006157 0.006157 0.006158 0.006158 0.006158 0.006158 0.006158 0.006158 0.006159 0.006159 0.006159 0.006159 0.006159 0.006159 0.006159 0.006159 0.006159 0.006159 0.006159 0.006159 0.006159 0.006159 0.006158 0.006158 0.006158 0.006158 0.006158 0.006158 0.006157 0.006157 0.006157 0.006157 0.006156 0.006156 0.006156 0.006155 0.006155 0.006155 0.006154 0.006154 0.006154 0.006153 0.006153 0.006152 0.006152 0.006152 0.006151 0.006151 0.006150 0.006150 0.006149 0.006148 0.006148 0.006147 0.006147 0.006146 0.006146 0.006145 0.006144 0.006144 0.006143 0.006142 0.006142 0.006141 0.006140 0.006140 0.006139 0.006138 0.006138 0.006137 0.006136 0.006135 0.006135 0.006134 0.006133 0.006132 0.006131 0.006130 0.006130 0.006129 0.006128 0.006127 0.006126 0.006125 0.006124 0.006123 0.006122 0.006121 0.006120 0.006119 0.006118 0.006117 0.006116 0.006115 0.006114 0.006113 0.006112 0.006110 0.006109 0.006107 0.006105 0.006103 0.006101 0.006098 0.006094 0.006089 0.006083 0.006074 0.006062 0.006047 0.006026 0.005997 0.005955 0.005875 0.005681 0.005100
0.005119 0.005702 0.005895 0.005975 0.006018 0.006047 0.006068 0.006085 0.006097 0.006106 0.006113 0.006119 0.006123 0.006126 0.006129 0.006131 0.006133 0.006135 0.006136 0.006138 0.006139 0.006140 0.006141 0.006142 0.006143 0.006145 0.006146 0.006147 0.006148 0.006148 0.006149 0.006150 0.006151 0.006152 0.006153 0.006154 0.006155 0.006156 0.006156 0.006157 0.006158 0.006159 0.006160 0.006160 0.006161 0.006162 0.006163 0.006163 0.006164 0.006165 0.006166 0.006166 0.006167 0.006168 0.006168 0.006169 0.006169 0.006170 0.006171 0.006171 0.006172 0.006172 0.006173 0.006173 0.006174 0.006174 0.006175 0.006175 0.006176 0.006176 0.006177 0.006177 0.006178 0.006178 0.006179 0.006179 0.006179 0.006180 0.006180 0.006180 0.006181 0.006181 0.006181 0.006181 0.006182 0.006182 0.006182 0.006182 0.006183 0.006183 0.006183 0.006183 0.006183 0.006183 0.006184 0.006184 0.006184 0.006184 0.006184 0.006184 0.006184 0.006184 0.006184 0.006184 0.006184 0.006184 0.006184 0.006184 0.006183 0.006183 0.006183 0.006183 0.006183 0.006183 0.006182 0.006182 0.006182 0.006182 0.006181 0.006181 0.006181 0.006181 0.006180 0.006180 0.006180 0.006179 0.006179 0.006179 0.006178 0.006178 0.006177 0.006177 0.006176 0.006176 0.006175 0.006175 0.006174 0.006174 0.006173 0.006173 0.006172 0.006172 0.006171 0.006171 0.006170 0.006169 0.006169 0.006168 0.006168 0.006167 0.006166 0.006166 0.006165 0.006164 0.006163 0.006163 0.006162 0.006161 0.006160 0.006160 0.006159 0.006158 0.006157 0.006156 0.006156 0.006155 0.006154 0.006153 0.006152 0.006151 0.006150 0.006149 0.006148 0.006148 0.006147 0.006146 0.006145 0.006143 0.006142 0.006141 0.006140 0.006139 0.006138 0.006136 0.006135 0.006133 0.006131 0.006129 0.006126 0.006123 0.006119 0.006113 0.006106 0.006097 0.006085 0.006068 0.006047 0.006018 0.005975 0.005895 0.005702 0.005119
0.005134 0.005717 0.005911 0.005991 0.006034 0.006063 0.006084 0.006101 0.006113 0.006123 0.006130 0.006136 0.006140 0.006144 0.006147 0.006149 0.006151 0.006153 0.006154 0.006156 0.006157 0.006158 0.006160 0.006161 0.006162 0.006163 0.006164 0.006165 0.006166 0.006167 0.006168 0.006169 0.006169 0.006170 0.006171 0.006172 0.006173 0.006174 0.006175 0.006175 0.006176 0.006177 0.006178 0.006179 0.006179 0.006180 0.006181 0.006181 0.006182 0.006183 0.006183 0.006184 0.006185 0.006185 0.006186 0.006187 0.006187 0.006188 0.006188 0.006189 0.006189 0.006190 0.006191 0.006191 0.006192 0.006192 0.006193 0.006193 0.006193 0.006194 0.006194 0.006195 0.006195 0.006196 0.006196 0.006196 0.006197 0.006197 0.006197 0.006198 0.006198 0.006198 0.006198 0.006199 0.006199 0.006199 0.006199 0.006200 0.006200 0.006200 0.006200 0.006200 0.006200 0.006201 0.006201 0.006201 0.006201 0.006201 0.006201 0.006201 0.006201 0.006201 0.006201 0.006201 0.006201 0.006201 0.006201 0.006201 0.006201 0.006200 0.006200 0.006200 0.006200 0.006200 0.006200 0.006199 0.006199 0.006199 0.006199 0.006198 0.006198 0.006198 0.006198 0.006197 0.006197 0.006197 0.006196 0.006196 0.006196 0.006195 0.006195 0.006194 0.006194 0.006193 0.006193 0.006193 0.006192 0.006192 0.006191 0.006191 0.006190 0.006189 0.006189 0.006188 0.006188 0.006187 0.006187 0.006186 0.006185 0.006185 0.006184 0.006183 0.006183 0.006182 0.006181 0.006181 0.006180 0.006179 0.006179 0.006178 0.006177 0.006176 0.006175 0.006175 0.006174 0.006173 0.006172 0.006171 0.006170 0.006169 0.006169 0.006168 0.006167 0.006166 0.006165 0.006164 0.006163 0.006162 0.006161 0.006160 0.006158 0.006157 0.006156 0.006154 0.006153 0.006151 0.006149 0.006147 0.006144 0.006140 0.006136 0.006130 0.006123 0.006113 0.006101 0.006084 0.006063 0.006034 0.005991 0.005911 0.005717 0.005134
0.005145 0.005730 0.005923 0.006003 0.006045 0.006074 0.006096 0.006112 0.006125 0.006135 0.006142 0.006148 0.006153 0.006156 0.006159 0.006161 0.006163 0.006165 0.006167 0.006168 0.006170 0.006171 0.006172 0.006173 0.006174 0.006175 0.006176 0.006177 0.006178 0.006179 0.006180 0.006181 0.006182 0.006183 0.006183 0.006184 0.006185 0.006186 0.006187 0.006188 0.006188 0.006189 0.006190 0.006191 0.006191 0.006192 0.006193 0.006193 0.006194 0.006195 0.006195 0.006196 0.006197 0.006197 0.006198 0.006198 0.006199 0.006200 0.006200 0.006201 0.006201 0.006202 0.006202 0.006203 0.006203 0.006204 0.006204 0.006205 0.006205 0.006205 0.006206 0.006206 0.006207 0.006207 0.006207 0.006208 0.006208 0.006208 0.006209 0.006209 0.006209 0.006210 0.006210 0.006210 0.006210 0.006211 0.006211 0.006211 0.006211 0.006211 0.006211 0.006212 0.006212 0.006212 0.006212 0.006212 0.006212 0.006212 0.006212 0.006212 0.006212 0.006212 0.006212 0.006212 0.006212 0.006212 0.006212 0.006212 0.006212 0.006212 0.006212 0.006211 0.006211 0.006211 0.006211 0.006211 0.006211 0.006210 0.006210 0.006210 0.006210 0.006209 0.006209 0.006209 0.006208 0.006208 0.006208 0.006207 0.006207 0.006207 0.006206 0.006206 0.006205 0.006205 0.006205 0.006204 0.006204 0.006203 0.006203 0.006202 0.006202 0.006201 0.006201 0.006200 0.006200 0.006199 0.006198 0.006198 0.006197 0.006197 0.006196 0.006195 0.006195 0.006194 0.006193 0.006193 0.006192 0.006191 0.006191 0.006190 0.006189 0.006188 0.006188 0.006187 0.006186 0.006185 0.006184 0.006183 0.006183 0.006182 0.006181 0.006180 0.006179 0.006178 0.006177 0.006176 0.006175 0.006174 0.006173 0.006172 0.006171 0.006170 0.006168 0.006167 0.006165 0.006163 0.006161 0.006159 0.006156 0.006153 0.006148 0.006142 0.006135 0.006125 0.006112 0.006096 0.006074 0.006045 0.006003 0.005923 0.005730 0.005145
0.005153 0.005739 0.005933 0.006011 0.006054 0.006082 0.006104 0.006120 0.006133 0.006143 0.006150 0.006156 0.006161 0.006164 0.006167 0.006169 0.006172 0.006173 0.006175 0.006176 0.006178 0.006179 0.006180 0.006181 0.006182 0.006183 0.006184 0.006185 0.006186 0.006187 0.006188 0.006189 0.006189 0.006190 0.006191 0.006192 0.006193 0.006194 0.006194 0.006195 0.006196 0.006197 0.006197 0.006198 0.006199 0.006200 0.006200 0.006201 0.006202 0.006202 0.006203 0.006203 0.006204 0.006205 0.006205 0.006206 0.006206 0.006207 0.006207 0.006208 0.006209 0.006209 0.006210 0.006210 0.006210 0.006211 0.006211 0.006212 0.006212 0.006213 0.006213 0.006213 0.006214 0.006214 0.006215 0.006215 0.006215 0.006215 0.006216 0.006216 0.006216 0.006217 0.006217 0.006217 0.006217 0.006218 0.006218 0.006218 0.006218 0.006218 0.006218 0.006219 0.006219 0.006219 0.006219 0.006219 0.006219 0.006219 0.006219 0.006219 0.006219 0.006219 0.006219 0.006219 0.006219 0.006219 0.006219 0.006219 0.006219 0.006219 0.006219 0.006218 0.006218 0.006218 0.006218 0.006218 0.006218 0.006217 0.006217 0.006217 0.006217 0.006216 0.006216 0.006216 0.006215 0.006215 0.006215 0.006215 0.006214 0.006214 0.006213 0.006213 0.006213 0.006212 0.006212 0.006211 0.006211 0.006210 0.006210 0.006210 0.006209 0.006209 0.006208 0.006207 0.006207 0.006206 0.006206 0.006205 0.006205 0.006204 0.006203 0.006203 0.006202 0.006202 0.006201 0.006200 0.006200 0.006199 0.006198 0.006197 0.006197 0.006196 0.006195 0.006194 0.006194 0.006193 0.006192 0.006191 0.006190 0.006189 0.006189 0.006188 0.006187 0.006186 0.006185 0.006184 0.006183 0.006182 0.006181 0.006180 0.006179 0.006178 0.006176 0.006175 0.006173 0.006172 0.006169 0.006167 0.006164 0.006161 0.006156 0.006150 0.006143 0.006133 0.006120 0.006104 0.006082 0.006054 0.006011 0.005933 0.005739 0.005153
0.005159 0.005746 0.005939 0.006018 0.006060 0.006088 0.006109 0.006125 0.006138 0.006148 0.006155 0.006161 0.006165 0.006169 0.006172 0.006174 0.006176 0.006178 0.006180 0.006181 0.006182 0.006183 0.006184 0.006186 0.006187 0.006188 0.006188 0.006189 0.006190 0.006191 0.006192 0.006193 0.006194 0.006195 0.006196 0.006196 0.006197 0.006198 0.006199 0.006200 0.006200 0.006201 0.006202 0.006202 0.006203 0.006204 0.006205 0.006205 0.006206 0.006206 0.006207 0.006208 0.006208 0.006209 0.006209 0.006210 0.006210 0.006211 0.006212 0.006212 0.006213 0.006213 0.006214 0.006214 0.006214 0.006215 0.006215 0.006216 0.006216 0.006217 0.006217 0.006217 0.006218 0.006218 0.006218 0.006219 0.006219 0.006219 0.006220 0.006220 0.006220 0.006220 0.006221 0.006221 0.006221 0.006221 0.006221 0.006222 0.006222 0.006222 0.006222 0.006222 0.006222 0.006222 0.006223 0.006223 0.006223 0.006223 0.006223 0.006223 0.006223 0.006223 0.006223 0.006223 0.006223 0.006223 0.006223 0.006223 0.006222 0.006222 0.006222 0.006222 0.006222 0.006222 0.006222 0.006221 0.006221 0.006221 0.006221 0.006221 0.006220 0.006220 0.006220 0.006220 0.006219 0.006219 0.006219 0.006218 0.006218 0.006218 0.006217 0.006217 0.006217 0.006216 0.006216 0.006215 0.006215 0.006214 0.006214 0.006214 0.006213 0.006213 0.006212 0.006212 0.006211 0.006210 0.006210 0.006209 0.006209 0.006208 0.006208 0.006207 0.006206 0.006206 0.006205 0.006205 0.006204 0.006203 0.006202 0.006202 0.006201 0.006200 0.006200 0.006199 0.006198 0.006197 0.006196 0.006196 0.006195 0.006194 0.006193 0.006192 0.006191 0.006190 0.006189 0.006188 0.006188 0.006187 0.006186 0.006184 0.006183 0.006182 0.006181 0.006180 0.006178 0.006176 0.006174 0.006172 0.006169 0.006165 0.006161 0.006155 0.006148 0.006138 0.006125 0.006109 0.006088 0.006060 0.006018 0.005939 0.005746 0.005159
0.005164 0.005751 0.005944 0.006022 0.006064 0.006092 0.006112 0.006128 0.006141 0.006150 0.006158 0.006164 0.006168 0.006172 0.006174 0.006177 0.006179 0.006181 0.006182 0.006183 0.006185 0.006186 0.006187 0.006188 0.006189 0.006190 0.006191 0.006192 0.006192 0.006193 0.006194 0.006195 0.006196 0.006197 0.006198 0.006198 0.006199 0.006200 0.006201 0.006201 0.006202 0.006203 0.006204 0.006204 0.006205 0.006206 0.006206 0.006207 0.006208 0.006208 0.006209 0.006209 0.006210 0.006211 0.006211 0.006212 0.006212 0.006213 0.006213 0.006214 0.006214 0.006215 0.006215 0.006216 0.006216 0.006216 0.006217 0.006217 0.006218 0.006218 0.006218 0.006219 0.006219 0.006219 0.006220 0.006220 0.006220 0.006221 0.006221 0.006221 0.006222 0.006222 0.006222 0.006222 0.006222 0.006223 0.006223 0.006223 0.006223 0.006223 0.006223 0.006224 0.006224 0.006224 0.006224 0.006224 0.006224 0.006224 0.006224 0.006224 0.006224 0.006224 0.006224 0.006224 0.006224 0.006224 0.006224 0.006224 0.006224 0.006224 0.006224 0.006223 0.006223 0.006223 0.006223 0.006223 0.006223 0.006222 0.006222 0.006222 0.006222 0.006222 0.006221 0.006221 0.006221 0.006220 0.006220 0.006220 0.006219 0.006219 0.006219 0.006218 0.006218 0.006218 0.006217 0.006217 0.006216 0.006216 0.006216 0.006215 0.006215 0.006214 0.006214 0.006213 0.006213 0.006212 0.006212 0.006211 0.006211 0.006210 0.006209 0.006209 0.006208 0.006208 0.006207 0.006206 0.006206 0.006205 0.006204 0.006204 0.006203 0.006202 0.006201 0.006201 0.006200 0.006199 0.006198 0.006198 0.006197 0.006196 0.006195 0.006194 0.006193 0.006192 0.006192 0.006191 0.006190 0.006189 0.006188 0.006187 0.006186 0.006185 0.006183 0.006182 0.006181 0.006179 0.006177 0.006174 0.006172 0.006168 0.006164 0.006158 0.006150 0.006141 0.006128 0.006112 0.006092 0.006064 0.006022 0.005944 0.005751 0.005164
0.005166 0.005754 0.005948 0.006025 0.006066 0.006094 0.006114 0.006130 0.006142 0.006152 0.006159 0.006165 0.006169 0.006172 0.006175 0.006178 0.006180 0.006181 0.006183 0.006184 0.006185 0.006186 0.006187 0.006188 0.006189 0.006190 0.006191 0.006192 0.006193 0.006194 0.006195 0.006195 0.006196 0.006197 0.006198 0.006199 0.006199 0.006200 0.006201 0.006202 0.006202 0.006203 0.006204 0.006204 0.006205 0.006206 0.006206 0.006207 0.006208 0.006208 0.006209 0.006209 0.006210 0.006211 0.006211 0.006212 0.006212 0.006213 0.006213 0.006214 0.006214 0.006215 0.006215 0.006215 0.006216 0.006216 0.006217 0.006217 0.006217 0.006218 0.006218 0.006219 0.006219 0.006219 0.006220 0.006220 0.006220 0.006220 0.006221 0.006221 0.006221 0.006221 0.006222 0.006222 0.006222 0.006222 0.006222 0.006223 0.006223 0.006223 0.006223 0.006223 0.006223 0.006223 0.006223 0.006224 0.006224 0.006224 0.006224 0.006224 0.006224 0.006224 0.006224 0.006224 0.006224 0.006224 0.006224 0.006223 0.006223 0.006223 0.006223 0.006223 0.006223 0.006223 0.006223 0.006222 0.006222 0.006222 0.006222 0.006222 0.006221 0.006221 0.006221 0.006221 0.006220 0.006220 0.006220 0.006220 0.006219 0.006219 0.006219 0.006218 0.006218 0.006217 0.006217 0.006217 0.006216 0.006216 0.006215 0.006215 0.006215 0.006214 0.006214 0.006213 0.006213 0.006212 0.006212 0.006211 0.006211 0.006210 0.006209 0.006209 0.006208 0.006208 0.006207 0.006206 0.006206 0.006205 0.006204 0.006204 0.006203 0.006202 0.006202 0.006201 0.006200 0.006199 0.006199 0.006198 0.006197 0.006196 0.006195 0.006195 0.006194 0.006193 0.006192 0.006191 0.006190 0.006189 0.006188 0.006187 0.006186 0.006185 0.006184 0.006183 0.006181 0.006180 0.006178 0.006175 0.006172 0.006169 0.006165 0.006159 0.006152 0.006142 0.006130 0.006114 0.006094 0.006066 0.006025 0.005948 0.005754 0.005166
0.005168 0.005757 0.005950 0.006027 0.006068 0.006095 0.006115 0.006130 0.006142 0.006152 0.006159 0.006164 0.006169 0.006172 0.006175 0.006177 0.006179 0.006181 0.006182 0.006183 0.006184 0.006185 0.006186 0.006187 0.006188 0.006189 0.006190 0.006191 0.006192 0.006193 0.006194 0.006194 0.006195 0.006196 0.006197 0.006198 0.006198 0.006199 0.006200 0.006201 0.006201 0.006202 0.006203 0.006203 0.006204 0.006205 0.006205 0.006206 0.006206 0.006207 0.006208 0.006208 0.006209 0.006209 0.006210 0.006210 0.006211 0.006211 0.006212 0.006212 0.006213 0.006213 0.006214 0.006214 0.006214 0.006215 0.006215 0.006216 0.006216 0.006216 0.006217 0.006217 0.006217 0.006218 0.006218 0.006218 0.006219 0.006219 0.006219 0.006219 0.006220 0.006220 0.006220 0.006220 0.006220 0.006221 0.006221 0.006221 0.006221 0.006221 0.006221 0.006221 0.006222 0.006222 0.006222 0.006222 0.006222 0.006222 0.006222 0.006222 0.006222 0.006222 0.006222 0.006222 0.006222 0.006222 0.006222 0.006222 0.006222 0.006222 0.006221 0.006221 0.006221 0.006221 0.006221 0.006221 0.006221 0.006220 0.006220 0.006220 0.006220 0.006220 0.006219 0.006219 0.006219 0.006219 0.006218 0.006218 0.006218 0.006217 0.006217 0.006217 0.006216 0.006216 0.006216 0.006215 0.006215 0.006214 0.006214 0.006214 0.006213 0.006213 0.006212 0.006212 0.006211 0.006211 0.006210 0.006210 0.006209 0.006209 0.006208 0.006208 0.006207 0.006206 0.006206 0.006205 0.006205 0.006204 0.006203 0.006203 0.006202 0.006201 0.006201 0.006200 0.006199 0.006198 0.006198 0.006197 0.006196 0.006195 0.006194 0.006194 0.006193 0.006192 0.006191 0.006190 0.006189 0.006188 0.006187 0.006186 0.006185 0.006184 0.006183 0.006182 0.006181 0.006179 0.006177 0.006175 0.006172 0.006169 0.006164 0.006159 0.006152 0.006142 0.006130 0.006115 0.006095 0.006068 0.006027 0.005950 0.005757 0.005168
0.005169 0.005758 0.005951 0.006028 0.006068 0.006095 0.006114 0.006130 0.006141 0.006151 0.006158 0.006163 0.006167 0.006171 0.006173 0.006176 0.006178 0.006179 0.006180 0.006182 0.006183 0.006184 0.006185 0.006186 0.006187 0.006187 0.006188 0.006189 0.006190 0.006191 0.006192 0.006192 0.006193 0.006194 0.006195 0.006196 0.006196 0.006197 0.006198 0.006198 0.006199 0.006200 0.006201 0.006201 0.006202 0.006202 0.006203 0.006204 0.006204 0.006205 0.006205 0.006206 0.006206 0.006207 0.006208 0.006208 0.006209 0.006209 0.006209 0.006210 0.006210 0.006211 0.006211 0.006212 0.006212 0.006212 0.006213 0.006213 0.006214 0.006214 0.006214 0.006215 0.006215 0.006215 0.006216 0.006216 0.006216 0.006216 0.006217 0.006217 0.006217 0.006217 0.006217 0.006218 0.006218 0.006218 0.006218 0.006218 0.006219 0.006219 0.006219 0.006219 0.006219 0.006219 0.006219 0.006219 0.006219 0.006219 0.006219 0.006219 0.006219 0.006219 0.006219 0.006219 0.006219 0.006219 0.006219 0.006219 0.006219 0.006219 0.006219 0.006219 0.006219 0.006219 0.006218 0.006218 0.006218 0.006218 0.006218 0.006217 0.006217 0.006217 0.006217 0.006217 0.006216 0.006216 0.006216 0.006216 0.006215 0.006215 0.006215 0.006214 0.006214 0.006214 0.006213 0.006213 0.006212 0.006212 0.006212 0.006211 0.006211 0.006210 0.006210 0.006209 0.006209 0.006209 0.006208 0.006208 0.006207 0.006206 0.006206 0.006205 0.006205 0.006204 0.006204 0.006203 0.006202 0.006202 0.006201 0.006201 0.006200 0.006199 0.006198 0.006198 0.006197 0.006196 0.006196 0.006195 0.006194 0.006193 0.006192 0.006192 0.006191 0.006190 0.006189 0.006188 0.006187 0.006187 0.006186 0.006185 0.006184 0.006183 0.006182 0.006180 0.006179 0.006178 0.006176 0.006173 0.006171 0.006167 0.006163 0.006158 0.006151 0.006141 0.006130 0.006114 0.006095 0.006068 0.006028 0.005951 0.005758 0.005169
0.005169 0.005759 0.005952 0.006028 0.006068 0.006094 0.006113 0.006128 0.006140 0.006149 0.006156 0.006161 0.006165 0.006169 0.006171 0.006174 0.006175 0.006177 0.006178 0.006179 0.006180 0.006181 0.006182 0.006183 0.006184 0.006185 0.006186 0.006187 0.006187 0.006188 0.006189 0.006190 0.006191 0.006191 0.006192 0.006193 0.006194 0.006194 0.006195 0.006196 0.006196 0.006197 0.006198 0.006198 0.006199 0.006200 0.006200 0.006201 0.006201 0.006202 0.006203 0.006203 0.006204 0.006204 0.006205 0.006205 0.006206 0.006206 0.006207 0.006207 0.006207 0.006208 0.006208 0.006209 0.006209 0.006209 0.006210 0.006210 0.006210 0.006211 0.006211 0.006211 0.006212 0.006212 0.006212 0.006213 0.006213 0.006213 0.006213 0.006214 0.006214 0.006214 0.006214 0.006214 0.006215 0.006215 0.006215 0.006215 0.006215 0.006215 0.006216 0.006216 0.006216 0.006216 0.006216 0.006216 0.006216 0.006216 0.006216 0.006216 0.006216 0.006216 0.006216 0.006216 0.006216 0.006216 0.006216 0.006216 0.006216 0.006216 0.006216 0.006216 0.006215 0.006215 0.006215 0.006215 0.006215 0.006215 0.006214 0.006214 0.006214 0.006214 0.006214 0.006213 0.006213 0.006213 0.006213 0.006212 0.006212 0.006212 0.006211 0.006211 0.006211 0.006210 0.006210 0.006210 0.006209 0.006209 0.006209 0.006208 0.006208 0.006207 0.006207 0.006207 0.006206 0.006206 0.006205 0.006205 0.006204 0.006204 0.006203 0.006203 0.006202 0.006201 0.006201 0.006200 0.006200 0.006199 0.006198 0.006198 0.006197 0.006196 0.006196 0.006195 0.006194 0.006194 0.006193 0.006192 0.006191 0.006191 0.006190 0.006189 0.006188 0.006187 0.006187 0.006186 0.006185 0.006184 0.006183 0.006182 0.006181 0.006180 0.006179 0.006178 0.006177 0.006175 0.006174 0.006171 0.006169 0.006165 0.006161 0.006156 0.006149 0.006140 0.006128 0.006113 0.006094 0.006068 0.006028 0.005952 0.005759 0.005169
0.005169 0.005759 0.005951 0.006027 0.006067 0.006093 0.006112 0.006127 0.006138 0.006147 0.006154 0.006159 0.006163 0.006166 0.006169 0.006171 0.006173 0.006174 0.006175 0.006177 0.006178 0.006179 0.006179 0.006180 0.006181 0.006182 0.006183 0.006184 0.006184 0.006185 0.006186 0.006187 0.006188 0.006188 0.006189 0.006190 0.006190 0.006191 0.006192 0.006193 0.006193 0.006194 0.006194 0.006195 0.006196 0.006196 0.006197 0.006197 0.006198 0.006199 0.006199 0.006200 0.006200 0.006201 0.006201 0.006202 0.006202 0.006203 0.006203 0.006203 0.006204 0.006204 0.006205 0.006205 0.006205 0.006206 0.006206 0.006207 0.006207 0.006207 0.006208 0.006208 0.006208 0.006208 0.006209 0.006209 0.006209 0.006209 0.006210 0.006210 0.006210 0.006210 0.006211 0.006211 0.006211 0.006211 0.006211 0.006211 0.006212 0.006212 0.006212 0.006212 0.006212 0.006212 0.006212 0.006212 0.006212 0.006212 0.006212 0.006212 0.006212 0.006212 0.006212 0.006212 0.006212 0.006212 0.006212 0.006212 0.006212 0.006212 0.006212 0.006212 0.006212 0.006212 0.006211 0.006211 0.006211 0.006211 0.006211 0.006211 0.006210 0.006210 0.006210 0.006210 0.006209 0.006209 0.006209 0.006209 0.006208 0.006208 0.006208 0.006208 0.006207 0.006207 0.006207 0.006206 0.006206 0.006205 0.006205 0.006205 0.006204 0.006204 0.006203 0.006203 0.006203 0.006202 0.006202 0.006201 0.006201 0.006200 0.006200 0.006199 0.006199 0.006198 0.006197 0.006197 0.006196 0.006196 0.006195 0.006194 0.006194 0.006193 0.006193 0.006192 0.006191 0.006190 0.006190 0.006189 0.006188 0.006188 0.006187 0.006186 0.006185 0.006184 0.006184 0.006183 0.006182 0.006181 0.006180 0.006179 0.006179 0.006178 0.006177 0.006175 0.006174 0.006173 0.006171 0.006169 0.006166 0.006163 0.006159 0.006154 0.006147 0.006138 0.006127 0.006112 0.006093 0.006067 0.006027 0.005951 0.005759 0.005169
0.005168 0.005758 0.005951 0.006026 0.006065 0.006091 0.006110 0.006124 0.006136 0.006144 0.006151 0.006156 0.006160 0.006163 0.006166 0.006168 0.006170 0.006171 0.006172 0.006173 0.006174 0.006175 0.006176 0.006177 0.006178 0.006179 0.006180 0.006180 0.006181 0.006182 0.006183 0.006183 0.006184 0.006185 0.006185 0.006186 0.006187 0.006188 0.006188 0.006189 0.006190 0.006190 0.006191 0.006191 0.006192 0.006193 0.006193 0.006194 0.006194 0.006195 0.006195 0.006196 0.006196 0.006197 0.006197 0.006198 0.006198 0.006199 0.006199 0.006200 0.006200 0.006200 0.006201 0.006201 0.006202 0.006202 0.006202 0.006203 0.006203 0.006203 0.006204 0.006204 0.006204 0.006204 0.006205 0.006205 0.006205 0.006205 0.006206 0.006206 0.006206 0.006206 0.006206 0.006207 0.006207 0.006207 0.006207 0.006207 0.006207 0.006208 0.006208 0.006208 0.006208 0.006208 0.006208 0.006208 0.006208 0.006208 0.006208 0.006208 0.006208 0.006208 0.006208 0.006208 0.006208 0.006208 0.006208 0.006208 0.006208 0.006208 0.006208 0.006208 0.006208 0.006207 0.006207 0.006207 0.006207 0.006207 0.006207 0.006206 0.006206 0.006206 0.006206 0.006206 0.006205 0.006205 0.006205 0.006205 0.006204 0.006204 0.006204 0.006204 0.006203 0.006203 0.006203 0.006202 0.006202 0.006202 0.006201 0.006201 0.006200 0.006200 0.006200 0.006199 0.006199 0.006198 0.006198 0.006197 0.006197 0.006196 0.006196 0.006195 0.006195 0.006194 0.006194 0.006193 0.006193 0.006192 0.006191 0.006191 0.006190 0.006190 0.006189 0.006188 0.006188 0.006187 0.006186 0.006185 0.006185 0.006184 0.006183 0.006183 0.006182 0.006181 0.006180 0.006180 0.006179 0.006178 0.006177 0.006176 0.006175 0.006174 0.006173 0.006172 0.006171 0.006170 0.006168 0.006166 0.006163 0.006160 0.006156 0.006151 0.006144 0.006136 0.006124 0.006110 0.006091 0.006065 0.006026 0.005951 0.005758 0.005168
0.005166 0.005757 0.005949 0.006025 0.006064 0.006089 0.006107 0.006122 0.006133 0.006141 0.006148 0.006153 0.006157 0.006160 0.006163 0.006165 0.006166 0.006168 0.006169 0.006170 0.006171 0.006172 0.006173 0.006174 0.006174 0.006175 0.006176 0.006177 0.006177 0.006178 0.006179 0.006180 0.006180 0.006181 0.006182 0.006182 0.006183 0.006184 0.006184 0.006185 0.006186 0.006186 0.006187 0.006188 0.006188 0.006189 0.006189 0.006190 0.006190 0.006191 0.006191 0.006192 0.006192 0.006193 0.006193 0.006194 0.006194 0.006195 0.006195 0.006196 0.006196 0.006196 0.006197 0.006197 0.006197 0.006198 0.006198 0.006198 0.006199 0.006199 0.006199 0.006200 0.006200 0.006200 0.006200 0.006201 0.006201 0.006201 0.006201 0.006202 0.006202 0.006202 0.006202 0.006202 0.006202 0.006203 0.006203 0.006203 0.006203 0.006203 0.006203 0.006203 0.006203 0.006203 0.006204 0.006204 0.006204 0.006204 0.006204 0.006204 0.006204 0.006204 0.006204 0.006204 0.006204 0.006204 0.006204 0.006204 0.006203 0.006203 0.006203 0.006203 0.006203 0.006203 0.006203 0.006203 0.006203 0.006202 0.006202 0.006202 0.006202 0.006202 0.006202 0.006201 0.006201 0.006201 0.006201 0.006200 0.006200 0.006200 0.006200 0.006199 0.006199 0.006199 0.006198 0.006198 0.006198 0.006197 0.006197 0.006197 0.006196 0.006196 0.006196 0.006195 0.006195 0.006194 0.006194 0.006193 0.006193 0.006192 0.006192 0.006191 0.006191 0.006190 0.006190 0.006189 0.006189 0.006188 0.006188 0.006187 0.006186 0.006186 0.006185 0.006184 0.006184 0.006183 0.006182 0.006182 0.006181 0.006180 0.006180 0.006179 0.006178 0.006177 0.006177 0.006176 0.006175 0.006174 0.006174 0.006173 0.006172 0.006171 0.006170 0.006169 0.006168 0.006166 0.006165 0.006163 0.006160 0.006157 0.006153 0.006148 0.006141 0.006133 0.006122 0.006107 0.006089 0.006064 0.006025 0.005949 0.005757 0.005166
0.005164 0.005755 0.005948 0.006023 0.006062 0.006086 0.006105 0.006119 0.006130 0.006138 0.006145 0.006150 0.006154 0.006157 0.006159 0.006161 0.006163 0.006164 0.006165 0.006166 0.006167 0.006168 0.006169 0.006170 0.006171 0.006171 0.006172 0.006173 0.006174 0.006174 0.006175 0.006176 0.006176 0.006177 0.006178 0.006178 0.006179 0.006180 0.006180 0.006181 0.006182 0.006182 0.006183 0.006183 0.006184 0.006185 0.006185 0.006186 0.006186 0.006187 0.006187 0.006188 0.006188 0.006189 0.006189 0.006190 0.006190 0.006190 0.006191 0.006191 0.006192 0.006192 0.006192 0.006193 0.006193 0.006193 0.006194 0.006194 0.006194 0.006195 0.006195 0.006195 0.006195 0.006196 0.006196 0.006196 0.006196 0.006197 0.006197 0.006197 0.006197 0.006197 0.006198 0.006198 0.006198 0.006198 0.006198 0.006198 0.006198 0.006198 0.006199 0.006199 0.006199 0.006199 0.006199 0.006199 0.006199 0.006199 0.006199 0.006199 0.006199 0.006199 0.006199 0.006199 0.006199 0.006199 0.006199 0.006199 0.006199 0.006199 0.006199 0.006199 0.006198 0.006198 0.006198 0.006198 0.006198 0.006198 0.006198 0.006198 0.006197 0.006197 0.006197 0.006197 0.006197 0.006196 0.006196 0.006196 0.006196 0.006195 0.006195 0.006195 0.006195 0.006194 0.006194 0.006194 0.006193 0.006193 0.006193 0.006192 0.006192 0.006192 0.006191 0.006191 0.006190 0.006190 0.006190 0.006189 0.006189 0.006188 0.006188 0.006187 0.006187 0.006186 0.006186 0.006185 0.006185 0.006184 0.006183 0.006183 0.006182 0.006182 0.006181 0.006180 0.006180 0.006179 0.006178 0.006178 0.006177 0.006176 0.006176 0.006175 0.006174 0.006174 0.006173 0.006172 0.006171 0.006171 0.006170 0.006169 0.006168 0.006167 0.006166 0.006165 0.006164 0.006163 0.006161 0.006159 0.006157 0.006154 0.006150 0.006145 0.006138 0.006130 0.006119 0.006105 0.006086 0.006062 0.006023 0.005948 0.005755 0.005164
0.005162 0.005754 0.005946 0.006021 0.006059 0.006084 0.006102 0.006116 0.006127 0.006135 0.006141 0.006146 0.006150 0.006153 0.006155 0.006157 0.006159 0.006160 0.006161 0.006162 0.006163 0.006164 0.006165 0.006166 0.006167 0.006167 0.006168 0.006169 0.006169 0.006170 0.006171 0.006172 0.006172 0.006173 0.006174 0.006174 0.006175 0.006176 0.006176 0.006177 0.006177 0.006178 0.006179 0.006179 0.006180 0.006180 0.006181 0.006181 0.006182 0.006182 0.006183 0.006183 0.006184 0.006184 0.006185 0.006185 0.006185 0.006186 0.006186 0.006187 0.006187 0.006187 0.006188 0.006188 0.006188 0.006189 0.006189 0.006189 0.006190 0.006190 0.006190 0.006190 0.006191 0.006191 0.006191 0.006191 0.006192 0.006192 0.006192 0.006192 0.006192 0.006193 0.006193 0.006193 0.006193 0.006193 0.006193 0.006193 0.006194 0.006194 0.006194 0.006194 0.006194 0.006194 0.006194 0.006194 0.006194 0.006194 0.006194 0.006194 0.006194 0.006194 0.006194 0.006194 0.006194 0.006194 0.006194 0.006194 0.006194 0.006194 0.006194 0.006194 0.006194 0.006194 0.006193 0.006193 0.006193 0.006193 0.006193 0.006193 0.006193 0.006192 0.006192 0.006192 0.006192 0.006192 0.006191 0.006191 0.006191 0.006191 0.006190 0.006190 0.006190 0.006190 0.006189 0.006189 0.006189 0.006188 0.006188 0.006188 0.006187 0.006187 0.006187 0.006186 0.006186 0.006185 0.006185 0.006185 0.006184 0.006184 0.006183 0.006183 0.006182 0.006182 0.006181 0.006181 0.006180 0.006180 0.006179 0.006179 0.006178 0.006177 0.006177 0.006176 0.006176 0.006175 0.006174 0.006174 0.006173 0.006172 0.006172 0.006171 0.006170 0.006169 0.006169 0.006168 0.006167 0.006167 0.006166 0.006165 0.006164 0.006163 0.006162 0.006161 0.006160 0.006159 0.006157 0.006155 0.006153 0.006150 0.006146 0.006141 0.006135 0.006127 0.006116 0.006102 0.006084 0.006059 0.006021 0.005946 0.005754 0.005162
0.005160 0.005752 0.005944 0.006019 0.006056 0.006081 0.006099 0.006113 0.006123 0.006131 0.006138 0.006142 0.006146 0.006149 0.006151 0.006153 0.006155 0.006156 0.006157 0.006158 0.006159 0.006160 0.006161 0.006162 0.006163 0.006163 0.006164 0.006165 0.006165 0.006166 0.006167 0.006167 0.006168 0.006169 0.006169 0.006170 0.006171 0.006171 0.006172 0.006172 0.006173 0.006174 0.006174 0.006175 0.006175 0.006176 0.006176 0.006177 0.006177 0.006178 0.006178 0.006179 0.006179 0.006180 0.006180 0.006180 0.006181 0.006181 0.006182 0.006182 0.006182 0.006183 0.006183 0.006183 0.006184 0.006184 0.006184 0.006185 0.006185 0.006185 0.006185 0.006186 0.006186 0.006186 0.006186 0.006187 0.006187 0.006187 0.006187 0.006187 0.006188 0.006188 0.006188 0.006188 0.006188 0.006188 0.006188 0.006188 0.006189 0.006189 0.006189 0.006189 0.006189 0.006189 0.006189 0.006189 0.006189 0.006189 0.006189 0.006189 0.006189 0.006189 0.006189 0.006189 0.006189 0.006189 0.006189 0.006189 0.006189 0.006189 0.006189 0.006189 0.006189 0.006189 0.006188 0.006188 0.006188 0.006188 0.006188 0.006188 0.006188 0.006188 0.006187 0.006187 0.006187 0.006187 0.006187 0.006186 0.006186 0.006186 0.006186 0.006185 0.006185 0.006185 0.006185 0.006184 0.006184 0.006184 0.006183 0.006183 0.006183 0.006182 0.006182 0.006182 0.006181 0.006181 0.006180 0.006180 0.006180 0.006179 0.006179 0.006178 0.006178 0.006177 0.006177 0.006176 0.006176 0.006175 0.006175 0.006174 0.006174 0.006173 0.006172 0.006172 0.006171 0.006171 0.006170 0.006169 0.006169 0.006168 0.006167 0.006167 0.006166 0.006165 0.006165 0.006164 0.006163 0.006163 0.006162 0.006161 0.006160 0.006159 0.006158 0.006157 0.006156 0.006155 0.006153 0.006151 0.006149 0.006146 0.006142 0.006138 0.006131 0.006123 0.006113 0.006099 0.006081 0.006056 0.006019 0.005944 0.005752 0.005160
0.005157 0.005749 0.005942 0.006016 0.006054 0.006078 0.006096 0.006109 0.006120 0.006128 0.006134 0.006139 0.006142 0.006145 0.006147 0.006149 0.006151 0.006152 0.006153 0.006154 0.006155 0.006156 0.006157 0.006158 0.006158 0.006159 0.006160 0.006160 0.006161 0.006162 0.006162 0.006163 0.006164 0.006164 0.006165 0.006165 0.006166 0.006167 0.006167 0.006168 0.006168 0.006169 0.006170 0.006170 0.006171 0.006171 0.006172 0.006172 0.006173 0.006173 0.006174 0.006174 0.006174 0.006175 0.006175 0.006176 0.006176 0.006176 0.006177 0.006177 0.006178 0.006178 0.006178 0.006179 0.006179 0.006179 0.006179 0.006180 0.006180 0.006180 0.006180 0.006181 0.006181 0.006181 0.006181 0.006182 0.006182 0.006182 0.006182 0.006182 0.006182 0.006183 0.006183 0.006183 0.006183 0.006183 0.006183 0.006183 0.006184 0.006184 0.006184 0.006184 0.006184 0.006184 0.006184 0.006184 0.006184 0.006184 0.006184 0.006184 0.006184 0.006184 0.006184 0.006184 0.006184 0.006184 0.006184 0.006184 0.006184 0.006184 0.006184 0.006184 0.006184 0.006184 0.006183 0.006183 0.006183 0.006183 0.006183 0.006183 0.006183 0.006182 0.006182 0.006182 0.006182 0.006182 0.006182 0.006181 0.006181 0.006181 0.006181 0.006180 0.006180 0.006180 0.006180 0.006179 0.006179 0.006179 0.006179 0.006178 0.006178 0.006178 0.006177 0.006177 0.006176 0.006176 0.006176 0.006175 0.006175 0.006174 0.006174 0.006174 0.006173 0.006173 0.006172 0.006172 0.006171 0.006171 0.006170 0.006170 0.006169 0.006168 0.006168 0.006167 0.006167 0.006166 0.006165 0.006165 0.006164 0.006164 0.006163 0.006162 0.006162 0.006161 0.006160 0.006160 0.006159 0.006158 0.006158 0.006157 0.006156 0.006155 0.006154 0.006153 0.006152 0.006151 0.006149 0.006147 0.006145 0.006142 0.006139 0.006134 0.006128 0.006120 0.006109 0.006096 0.006078 0.006054 0.006016 0.005942 0.005749 0.005157
0.005154 0.005747 0.005939 0.006013 0.006051 0.006075 0.006092 0.006105 0.006116 0.006124 0.006130 0.006135 0.006138 0.006141 0.006143 0.006145 0.006147 0.006148 0.006149 0.006150 0.006151 0.006152 0.006153 0.006153 0.006154 0.006155 0.006155 0.006156 0.006157 0.006157 0.006158 0.006159 0.006159 0.006160 0.006160 0.006161 0.006162 0.006162 0.006163 0.006163 0.006164 0.006164 0.006165 0.006165 0.006166 0.006166 0.006167 0.006167 0.006168 0.006168 0.006169 0.006169 0.006170 0.006170 0.006170 0.006171 0.006171 0.006172 0.006172 0.006172 0.006173 0.006173 0.006173 0.006174 0.006174 0.006174 0.006174 0.006175 0.006175 0.006175 0.006175 0.006176 0.006176 0.006176 0.006176 0.006176 0.006177 0.006177 0.006177 0.006177 0.006177 0.006177 0.006178 0.006178 0.006178 0.006178 0.006178 0.006178 0.006178 0.006178 0.006178 0.006179 0.006179 0.006179 0.006179 0.006179 0.006179 0.006179 0.006179 0.006179 0.006179 0.006179 0.006179 0.006179 0.006179 0.006179 0.006179 0.006179 0.006179 0.006179 0.006179 0.006178 0.006178 0.006178 0.006178 0.006178 0.006178 0.006178 0.006178 0.006178 0.006177 0.006177 0.006177 0.006177 0.006177 0.006177 0.006176 0.006176 0.006176 0.006176 0.006176 0.006175 0.006175 0.006175 0.006175 0.006174 0.006174 0.006174 0.006174 0.006173 0.006173 0.006173 0.006172 0.006172 0.006172 0.006171 0.006171 0.006170 0.006170 0.006170 0.006169 0.006169 0.006168 0.006168 0.006167 0.006167 0.006166 0.006166 0.006165 0.006165 0.006164 0.006164 0.006163 0.006163 0.006162 0.006162 0.006161 0.006160 0.006160 0.006159 0.006159 0.006158 0.006157 0.006157 0.006156 0.006155 0.006155 0.006154 0.006153 0.006153 0.006152 0.006151 0.006150 0.006149 0.006148 0.006147 0.006145 0.006143 0.006141 0.006138 0.006135 0.006130 0.006124 0.006116 0.006105 0.006092 0.006075 0.006051 0.006013 0.005939 0.005747 0.005154
0.005151 0.005744 0.005936 0.006010 0.006047 0.006071 0.006088 0.006102 0.006112 0.006120 0.006126 0.006130 0.006134 0.006137 0.006139 0.006141 0.006142 0.006144 0.006145 0.006146 0.006147 0.006147 0.006148 0.006149 0.006150 0.006150 0.006151 0.006151 0.006152 0.006153 0.006153 0.006154 0.006155 0.006155 0.006156 0.006156 0.006157 0.006158 0.006158 0.006159 0.006159 0.006160 0.006160 0.006161 0.006161 0.006162 0.006162 0.006163 0.006163 0.006164 0.006164 0.006164 0.006165 0.006165 0.006166 0.006166 0.006166 0.006167 0.006167 0.006167 0.006168 0.006168 0.006168 0.006169 0.006169 0.006169 0.006169 0.006170 0.006170 0.006170 0.006170 0.006170 0.006171 0.006171 0.006171 0.006171 0.006171 0.006172 0.006172 0.006172 0.006172 0.006172 0.006172 0.006172 0.006173 0.006173 0.006173 0.006173 0.006173 0.006173 0.006173 0.006173 0.006173 0.006173 0.006173 0.006173 0.006173 0.006173 0.006174 0.006174 0.006174 0.006174 0.006174 0.006174 0.006173 0.006173 0.006173 0.006173 0.006173 0.006173 0.006173 0.006173 0.006173 0.006173 0.006173 0.006173 0.006173 0.006173 0.006172 0.006172 0.006172 0.006172 0.006172 0.006172 0.006172 0.006171 0.006171 0.006171 0.006171 0.006171 0.006170 0.006170 0.006170 0.006170 0.006170 0.006169 0.006169 0.006169 0.006169 0.006168 0.006168 0.006168 0.006167 0.006167 0.006167 0.006166 0.006166 0.006166 0.006165 0.006165 0.006164 0.006164 0.006164 0.006163 0.006163 0.006162 0.006162 0.006161 0.006161 0.006160 0.006160 0.006159 0.006159 0.006158 0.006158 0.006157 0.006156 0.006156 0.006155 0.006155 0.006154 0.006153 0.006153 0.006152 0.006151 0.006151 0.006150 0.006150 0.006149 0.006148 0.006147 0.006147 0.006146 0.006145 0.006144 0.006142 0.006141 0.006139 0.006137 0.006134 0.006130 0.006126 0.006120 0.006112 0.006102 0.006088 0.006071 0.006047 0.006010 0.005936 0.005744 0.005151
0.005148 0.005741 0.005933 0.006007 0.006044 0.006068 0.006085 0.006098 0.006108 0.006116 0.006122 0.006126 0.006130 0.006133 0.006135 0.006137 0.006138 0.006139 0.006140 0.006141 0.006142 0.006143 0.006144 0.006144 0.006145 0.006146 0.006146 0.006147 0.006148 0.006148 0.006149 0.006149 0.006150 0.006151 0.006151 0.006152 0.006152 0.006153 0.006153 0.006154 0.006154 0.006155 0.006155 0.006156 0.006156 0.006157 0.006157 0.006158 0.006158 0.006159 0.006159 0.006159 0.006160 0.006160 0.006161 0.006161 0.006161 0.006162 0.006162 0.006162 0.006163 0.006163 0.006163 0.006163 0.006164 0.006164 0.006164 0.006164 0.006165 0.006165 0.006165 0.006165 0.006165 0.006166 0.006166 0.006166 0.006166 0.006166 0.006166 0.006167 0.006167 0.006167 0.006167 0.006167 0.006167 0.006167 0.006167 0.006168 0.006168 0.006168 0.006168 0.006168 0.006168 0.006168 0.006168 0.006168 0.006168 0.006168 0.006168 0.006168 0.006168 0.006168 0.006168 0.006168 0.006168 0.006168 0.006168 0.006168 0.006168 0.006168 0.006168 0.006168 0.006168 0.006168 0.006168 0.006167 0.006167 0.006167 0.006167 0.006167 0.006167 0.006167 0.006167 0.006166 0.006166 0.006166 0.006166 0.006166 0.006166 0.006165 0.006165 0.006165 0.006165 0.006165 0.006164 0.006164 0.006164 0.006164 0.006163 0.006163 0.006163 0.006163 0.006162 0.006162 0.006162 0.006161 0.006161 0.006161 0.006160 0.006160 0.006159 0.006159 0.006159 0.006158 0.006158 0.006157 0.006157 0.006156 0.006156 0.006155 0.006155 0.006154 0.006154 0.006153 0.006153 0.006152 0.006152 0.006151 0.006151 0.006150 0.006149 0.006149 0.006148 0.006148 0.006147 0.006146 0.006146 0.006145 0.006144 0.006144 0.006143 0.006142 0.006141 0.006140 0.006139 0.006138 0.006137 0.006135 0.006133 0.006130 0.006126 0.006122 0.006116 0.006108 0.006098 0.006085 0.006068 0.006044 0.006007 0.005933 0.005741 0.005148
0.005145 0.005738 0.005930 0.006004 0.006041 0.006064 0.006081 0.006094 0.006104 0.006111 0.006117 0.006122 0.006125 0.006128 0.006130 0.006132 0.006134 0.006135 0.006136 0.006137 0.006138 0.006138 0.006139 0.006140 0.006140 0.006141 0.006142 0.006142 0.006143 0.006144 0.006144 0.006145 0.006145 0.006146 0.006146 0.006147 0.006147 0.006148 0.006149 0.006149 0.006150 0.006150 0.006151 0.006151 0.006151 0.006152 0.006152 0.006153 0.006153 0.006154 0.006154 0.006154 0.006155 0.006155 0.006155 0.006156 0.006156 0.006156 0.006157 0.006157 0.006157 0.006158 0.006158 0.006158 0.006158 0.006159 0.006159 0.006159 0.006159 0.006160 0.006160 0.006160 0.006160 0.006160 0.006160 0.006161 0.006161 0.006161 0.006161 0.006161 0.006161 0.006161 0.006162 0.006162 0.006162 0.006162 0.006162 0.006162 0.006162 0.006162 0.006162 0.006162 0.006162 0.006162 0.006162 0.006163 0.006163 0.006163 0.006163 0.006163 0.006163 0.006163 0.006163 0.006163 0.006163 0.006163 0.006163 0.006162 0.006162 0.006162 0.006162 0.006162 0.006162 0.006162 0.006162 0.006162 0.006162 0.006162 0.006162 0.006162 0.006161 0.006161 0.006161 0.006161 0.006161 0.006161 0.006161 0.006160 0.006160 0.006160 0.006160 0.006160 0.006160 0.006159 0.006159 0.006159 0.006159 0.006158 0.006158 0.006158 0.006158 0.006157 0.006157 0.006157 0.006156 0.006156 0.006156 0.006155 0.006155 0.006155 0.006154 0.006154 0.006154 0.006153 0.006153 0.006152 0.006152 0.006151 0.006151 0.006151 0.006150 0.006150 0.006149 0.006149 0.006148 0.006147 0.006147 0.006146 0.006146 0.006145 0.006145 0.006144 0.006144 0.006143 0.006142 0.006142 0.006141 0.006140 0.006140 0.006139 0.006138 0.006138 0.006137 0.006136 0.006135 0.006134 0.006132 0.006130 0.006128 0.006125 0.006122 0.006117 0.006111 0.006104 0.006094 0.006081 0.006064 0.006041 0.006004 0.005930 0.005738 0.005145
0.005141 0.005735 0.005927 0.006000 0.006037 0.006060 0.006077 0.006090 0.006100 0.006107 0.006113 0.006118 0.006121 0.006124 0.006126 0.006128 0.006129 0.006130 0.006131 0.006132 0.006133 0.006134 0.006135 0.006135 0.006136 0.006136 0.006137 0.006138 0.006138 0.006139 0.006139 0.006140 0.006140 0.006141 0.006142 0.006142 0.006143 0.006143 0.006144 0.006144 0.006145 0.006145 0.006146 0.006146 0.006147 0.006147 0.006147 0.006148 0.006148 0.006149 0.006149 0.006149 0.006150 0.006150 0.006150 0.006151 0.006151 0.006151 0.006152 0.006152 0.006152 0.006152 0.006153 0.006153 0.006153 0.006153 0.006154 0.006154 0.006154 0.006154 0.006154 0.006155 0.006155 0.006155 0.006155 0.006155 0.006155 0.006156 0.006156 0.006156 0.006156 0.006156 0.006156 0.006156 0.006156 0.006156 0.006156 0.006157 0.006157 0.006157 0.006157 0.006157 0.006157 0.006157 0.006157 0.006157 0.006157 0.006157 0.006157 0.006157 0.006157 0.006157 0.006157 0.006157 0.006157 0.006157 0.006157 0.006157 0.006157 0.006157 0.006157 0.006157 0.006157 0.006157 0.006157 0.006156 0.006156 0.006156 0.006156 0.006156 0.006156 0.006156 0.006156 0.006156 0.006156 0.006155 0.006155 0.006155 0.006155 0.006155 0.006155 0.006154 0.006154 0.006154 0.006154 0.006154 0.006153 0.006153 0.006153 0.006153 0.006152 0.006152 0.006152 0.006152 0.006151 0.006151 0.006151 0.006150 0.006150 0.006150 0.006149 0.006149 0.006149 0.006148 0.006148 0.006147 0.006147 0.006147 0.006146 0.006146 0.006145 0.006145 0.006144 0.006144 0.006143 0.006143 0.006142 0.006142 0.006141 0.006140 0.006140 0.006139 0.006139 0.006138 0.006138 0.006137 0.006136 0.006136 0.006135 0.006135 0.006134 0.006133 0.006132 0.006131 0.006130 0.006129 0.006128 0.006126 0.006124 0.006121 0.006118 0.006113 0.006107 0.006100 0.006090 0.006077 0.006060 0.006037 0.006000 0.005927 0.005735 0.005141
0.005137 0.005732 0.005924 0.005997 0.006033 0.006056 0.006073 0.006086 0.006095 0.006103 0.006109 0.006113 0.006117 0.006119 0.006121 0.006123 0.006125 0.006126 0.006127 0.006128 0.006129 0.006129 0.006130 0.006131 0.006131 0.006132 0.006132 0.006133 0.006134 0.006134 0.006135 0.006135 0.006136 0.006136 0.006137 0.006137 0.006138 0.006138 0.006139 0.006139 0.006140 0.006140 0.006141 0.006141 0.006141 0.006142 0.006142 0.006143 0.006143 0.006143 0.006144 0.006144 0.006145 0.006145 0.006145 0.006145 0.006146 0.006146 0.006146 0.006147 0.006147 0.006147 0.006147 0.006148 0.006148 0.006148 0.006148 0.006148 0.006149 0.006149 0.006149 0.006149 0.006149 0.006149 0.006150 0.006150 0.006150 0.006150 0.006150 0.006150 0.006150 0.006150 0.006151 0.006151 0.006151 0.006151 0.006151 0.006151 0.006151 0.006151 0.006151 0.006151 0.006151 0.006151 0.006151 0.006151 0.006151 0.006151 0.006151 0.006151 0.006151 0.006151 0.006151 0.006151 0.006151 0.006151 0.006151 0.006151 0.006151 0.006151 0.006151 0.006151 0.006151 0.006151 0.006151 0.006151 0.006151 0.006151 0.006151 0.006151 0.006150 0.006150 0.006150 0.006150 0.006150 0.006150 0.006150 0.006150 0.006149 0.006149 0.006149 0.006149 0.006149 0.006149 0.006148 0.006148 0.006148 0.006148 0.006148 0.006147 0.006147 0.006147 0.006147 0.006146 0.006146 0.006146 0.006145 0.006145 0.006145 0.006145 0.006144 0.006144 0.006143 0.006143 0.006143 0.006142 0.006142 0.006141 0.006141 0.006141 0.006140 0.006140 0.006139 0.006139 0.006138 0.006138 0.006137 0.006137 0.006136 0.006136 0.006135 0.006135 0.006134 0.006134 0.006133 0.006132 0.006132 0.006131 0.006131 0.006130 0.006129 0.006129 0.006128 0.006127 0.006126 0.006125 0.006123 0.006121 0.006119 0.006117 0.006113 0.006109 0.006103 0.006095 0.006086 0.006073 0.006056 0.006033 0.005997 0.005924 0.005732 0.005137
0.005134 0.005728 0.005920 0.005993 0.006029 0.006052 0.006069 0.006081 0.006091 0.006099 0.006104 0.006109 0.006112 0.006115 0.006117 0.006119 0.006120 0.006121 0.006122 0.006123 0.006124 0.006125 0.006125 0.006126 0.006126 0.006127 0.006128 0.006128 0.006129 0.006129 0.006130 0.006130 0.006131 0.006131 0.006132 0.006132 0.006133 0.006133 0.006134 0.006134 0.006135 0.006135 0.006136 0.006136 0.006136 0.006137 0.006137 0.006138 0.006138 0.006138 0.006139 0.006139 0.006139 0.006140 0.006140 0.006140 0.006140 0.006141 0.006141 0.006141 0.006142 0.006142 0.006142 0.006142 0.006142 0.006143 0.006143 0.006143 0.006143 0.006143 0.006143 0.006144 0.006144 0.006144 0.006144 0.006144 0.006144 0.006144 0.006145 0.006145 0.006145 0.006145 0.006145 0.006145 0.006145 0.006145 0.006145 0.006145 0.006145 0.006145 0.006145 0.006146 0.006146 0.006146 0.006146 0.006146 0.006146 0.006146 0.006146 0.006146 0.006146 0.006146 0.006146 0.006146 0.006146 0.006146 0.006146 0.006146 0.006146 0.006146 0.006146 0.006145 0.006145 0.006145 0.006145 0.006145 0.006145 0.006145 0.006145 0.006145 0.006145 0.006145 0.006145 0.006145 0.006144 0.006144 0.006144 0.006144 0.006144 0.006144 0.006144 0.006143 0.006143 0.006143 0.006143 0.006143 0.006143 0.006142 0.006142 0.006142 0.006142 0.006142 0.006141 0.006141 0.006141 0.006140 0.006140 0.006140 0.006140 0.006139 0.006139 0.006139 0.006138 0.006138 0.006138 0.006137 0.006137 0.006136 0.006136 0.006136 0.006135 0.006135 0.006134 0.006134 0.006133 0.006133 0.006132 0.006132 0.006131 0.006131 0.006130 0.006130 0.006129 0.006129 0.006128 0.006128 0.006127 0.006126 0.006126 0.006125 0.006125 0.006124 0.006123 0.006122 0.006121 0.006120 0.006119 0.006117 0.006115 0.006112 0.006109 0.006104 0.006099 0.006091 0.006081 0.006069 0.006052 0.006029 0.005993 0.005920 0.005728 0.005134
0.005130 0.005725 0.005917 0.005990 0.006026 0.006048 0.006065 0.006077 0.006087 0.006094 0.006100 0.006104 0.006107 0.006110 0.006112 0.006114 0.006115 0.006117 0.006118 0.006118 0.006119 0.006120 0.006121 0.006121 0.006122 0.006122 0.006123 0.006123 0.006124 0.006124 0.006125 0.006125 0.006126 0.006126 0.006127 0.006127 0.006128 0.006128 0.006129 0.006129 0.006130 0.006130 0.006131 0.006131 0.006131 0.006132 0.006132 0.006132 0.006133 0.006133 0.006133 0.006134 0.006134 0.006134 0.006135 0.006135 0.006135 0.006135 0.006136 0.006136 0.006136 0.006136 0.006137 0.006137 0.006137 0.006137 0.006137 0.006137 0.006138 0.006138 0.006138 0.006138 0.006138 0.006138 0.006138 0.006139 0.006139 0.006139 0.006139 0.006139 0.006139 0.006139 0.006139 0.006139 0.006139 0.006139 0.006140 0.006140 0.006140 0.006140 0.006140 0.006140 0.006140 0.006140 0.006140 0.006140 0.006140 0.006140 0.006140 0.006140 0.006140 0.006140 0.006140 0.006140 0.006140 0.006140 0.006140 0.006140 0.006140 0.006140 0.006140 0.006140 0.006140 0.006140 0.006140 0.006140 0.006139 0.006139 0.006139 0.006139 0.006139 0.006139 0.006139 0.006139 0.006139 0.006139 0.006139 0.006138 0.006138 0.006138 0.006138 0.006138 0.006138 0.006138 0.006137 0.006137 0.006137 0.006137 0.006137 0.006137 0.006136 0.006136 0.006136 0.006136 0.006135 0.006135 0.006135 0.006135 0.006134 0.006134 0.006134 0.006133 0.006133 0.006133 0.006132 0.006132 0.006132 0.006131 0.006131 0.006131 0.006130 0.006130 0.006129 0.006129 0.006128 0.006128 0.006127 0.006127 0.006126 0.006126 0.006125 0.006125 0.006124 0.006124 0.006123 0.006123 0.006122 0.006122 0.006121 0.006121 0.006120 0.006119 0.006118 0.006118 0.006117 0.006115 0.006114 0.006112 0.006110 0.006107 0.006104 0.006100 0.006094 0.006087 0.006077 0.006065 0.006048 0.006026 0.005990 0.005917 0.005725 0.005130
0.005126 0.005721 0.005913 0.005986 0.006022 0.006044 0.006060 0.006073 0.006082 0.006090 0.006095 0.006100 0.006103 0.006105 0.006108 0.006109 0.006111 0.006112 0.006113 0.006114 0.006114 0.006115 0.006116 0.006116 0.006117 0.006117 0.006118 0.006119 0.006119 0.006120 0.006120 0.006121 0.006121 0.006122 0.006122 0.006122 0.006123 0.006123 0.006124 0.006124 0.006125 0.006125 0.006125 0.006126 0.006126 0.006127 0.006127 0.006127 0.006128 0.006128 0.006128 0.006128 0.006129 0.006129 0.006129 0.006130 0.006130 0.006130 0.006130 0.006131 0.006131 0.006131 0.006131 0.006131 0.006131 0.006132 0.006132 0.006132 0.006132 0.006132 0.006132 0.006133 0.006133 0.006133 0.006133 0.006133 0.006133 0.006133 0.006133 0.006133 0.006133 0.006134 0.006134 0.006134 0.006134 0.006134 0.006134 0.006134 0.006134 0.006134 0.006134 0.006134 0.006134 0.006134 0.006134 0.006134 0.006134 0.006134 0.006134 0.006134 0.006134 0.006134 0.006134 0.006134 0.006134 0.006134 0.006134 0.006134 0.006134 0.006134 0.006134 0.006134 0.006134 0.006134 0.006134 0.006134 0.006134 0.006134 0.006134 0.006134 0.006134 0.006133 0.006133 0.006133 0.006133 0.006133 0.006133 0.006133 0.006133 0.006133 0.006133 0.006132 0.006132 0.006132 0.006132 0.006132 0.006132 0.006131 0.006131 0.006131 0.006131 0.006131 0.006131 0.006130 0.006130 0.006130 0.006130 0.006129 0.006129 0.006129 0.006128 0.006128 0.006128 0.006128 0.006127 0.006127 0.006127 0.006126 0.006126 0.006125 0.006125 0.006125 0.006124 0.006124 0.006123 0.006123 0.006122 0.006122 0.006122 0.006121 0.006121 0.006120 0.006120 0.006119 0.006119 0.006118 0.006117 0.006117 0.006116 0.006116 0.006115 0.006114 0.006114 0.006113 0.006112 0.006111 0.006109 0.006108 0.006105 0.006103 0.006100 0.006095 0.006090 0.006082 0.006073 0.006060 0.006044 0.006022 0.005986 0.005913 0.005721 0.005126
0.005122 0.005717 0.005909 0.005982 0.006018 0.006040 0.006056 0.006068 0.006078 0.006085 0.006091 0.006095 0.006098 0.006101 0.006103 0.006105 0.006106 0.006107 0.006108 0.006109 0.006110 0.006110 0.006111 0.006112 0.006112 0.006113 0.006113 0.006114 0.006114 0.006115 0.006115 0.006116 0.006116 0.006117 0.006117 0.006117 0.006118 0.006118 0.006119 0.006119 0.006120 0.006120 0.006120 0.006121 0.006121 0.006121 0.006122 0.006122 0.006122 0.006123 0.006123 0.006123 0.006123 0.006124 0.006124 0.006124 0.006124 0.006125 0.006125 0.006125 0.006125 0.006125 0.006126 0.006126 0.006126 0.006126 0.006126 0.006126 0.006127 0.006127 0.006127 0.006127 0.006127 0.006127 0.006127 0.006127 0.006127 0.006127 0.006128 0.006128 0.006128 0.006128 0.006128 0.006128 0.006128 0.006128 0.006128 0.006128 0.006128 0.006128 0.006128 0.006128 0.006128 0.006128 0.006128 0.006128 0.006128 0.006128 0.006128 0.006128 0.006128 0.006128 0.006128 0.006128 0.006128 0.006128 0.006128 0.006128 0.006128 0.006128 0.006128 0.006128 0.006128 0.006128 0.006128 0.006128 0.006128 0.006128 0.006128 0.006128 0.006128 0.006128 0.006128 0.006128 0.006127 0.006127 0.006127 0.006127 0.006127 0.006127 0.006127 0.006127 0.006127 0.006127 0.006126 0.006126 0.006126 0.006126 0.006126 0.006126 0.006125 0.006125 0.006125 0.006125 0.006125 0.006124 0.006124 0.006124 0.006124 0.006123 0.006123 0.006123 0.006123 0.006122 0.006122 0.006122 0.006121 0.006121 0.006121 0.006120 0.006120 0.006120 0.006119 0.006119 0.006118 0.006118 0.006117 0.006117 0.006117 0.006116 0.006116 0.006115 0.006115 0.006114 0.006114 0.006113 0.006113 0.006112 0.006112 0.006111 0.006110 0.006110 0.006109 0.006108 0.006107 0.006106 0.006105 0.006103 0.006101 0.006098 0.006095 0.006091 0.006085 0.006078 0.006068 0.006056 0.006040 0.006018 0.005982 0.005909 0.005717 0.005122
0.005118 0.005714 0.005906 0.005978 0.006014 0.006036 0.006052 0.006064 0.006073 0.006081 0.006086 0.006090 0.006094 0.006096 0.006098 0.006100 0.006101 0.006102 0.006103 0.006104 0.006105 0.006106 0.006106 0.006107 0.006107 0.006108 0.006108 0.006109 0.006109 0.006110 0.006110 0.006111 0.006111 0.006112 0.006112 0.006112 0.006113 0.006113 0.006114 0.006114 0.006114 0.006115 0.006115 0.006116 0.006116 0.006116 0.006116 0.006117 0.006117 0.006117 0.006118 0.006118 0.006118 0.006118 0.006119 0.006119 0.006119 0.006119 0.006119 0.006120 0.006120 0.006120 0.006120 0.006120 0.006120 0.006121 0.006121 0.006121 0.006121 0.006121 0.006121 0.006121 0.006121 0.006121 0.006122 0.006122 0.006122 0.006122 0.006122 0.006122 0.006122 0.006122 0.006122 0.006122 0.006122 0.006122 0.006122 0.006122 0.006122 0.006122 0.006122 0.006122 0.006122 0.006122 0.006122 0.006122 0.006122 0.006123 0.006123 0.006123 0.006123 0.006123 0.006123 0.006123 0.006123 0.006122 0.006122 0.006122 0.006122 0.006122 0.006122 0.006122 0.006122 0.006122 0.006122 0.006122 0.006122 0.006122 0.006122 0.006122 0.006122 0.006122 0.006122 0.006122 0.006122 0.006122 0.006122 0.006122 0.006121 0.006121 0.006121 0.006121 0.006121 0.006121 0.006121 0.006121 0.006121 0.006120 0.006120 0.006120 0.006120 0.006120 0.006120 0.006119 0.006119 0.006119 0.006119 0.006119 0.006118 0.006118 0.006118 0.006118 0.006117 0.006117 0.006117 0.006116 0.006116 0.006116 0.006116 0.006115 0.006115 0.006114 0.006114 0.006114 0.006113 0.006113 0.006112 0.006112 0.006112 0.006111 0.006111 0.006110 0.006110 0.006109 0.006109 0.006108 0.006108 0.006107 0.006107 0.006106 0.006106 0.006105 0.006104 0.006103 0.006102 0.006101 0.006100 0.006098 0.006096 0.006094 0.006090 0.006086 0.006081 0.006073 0.006064 0.006052 0.006036 0.006014 0.005978 0.005906 0.005714 0.005118
0.005114 0.005710 0.005902 0.005975 0.006010 0.006032 0.006048 0.006060 0.006069 0.006076 0.006082 0.006086 0.006089 0.006092 0.006094 0.006095 0.006097 0.006098 0.006099 0.006099 0.006100 0.006101 0.006101 0.006102 0.006102 0.006103 0.006103 0.006104 0.006104 0.006105 0.006105 0.006106 0.006106 0.006107 0.006107 0.006107 0.006108 0.006108 0.006109 0.006109 0.006109 0.006110 0.006110 0.006110 0.006111 0.006111 0.006111 0.006112 0.006112 0.006112 0.006112 0.006113 0.006113 0.006113 0.006113 0.006113 0.006114 0.006114 0.006114 0.006114 0.006114 0.006114 0.006115 0.006115 0.006115 0.006115 0.006115 0.006115 0.006115 0.006115 0.006116 0.006116 0.006116 0.006116 0.006116 0.006116 0.006116 0.006116 0.006116 0.006116 0.006116 0.006116 0.006116 0.006116 0.006116 0.006116 0.006116 0.006116 0.006116 0.006117 0.006117 0.006117 0.006117 0.006117 0.006117 0.006117 0.006117 0.006117 0.006117 0.006117 0.006117 0.006117 0.006117 0.006117 0.006117 0.006117 0.006117 0.006117 0.006117 0.006117 0.006117 0.006117 0.006117 0.006116 0.006116 0.006116 0.006116 0.006116 0.006116 0.006116 0.006116 0.006116 0.006116 0.006116 0.006116 0.006116 0.006116 0.006116 0.006116 0.006116 0.006116 0.006116 0.006115 0.006115 0.006115 0.006115 0.006115 0.006115 0.006115 0.006115 0.006114 0.006114 0.006114 0.006114 0.006114 0.006114 0.006113 0.006113 0.006113 0.006113 0.006113 0.006112 0.006112 0.006112 0.006112 0.006111 0.006111 0.006111 0.006110 0.006110 0.006110 0.006109 0.006109 0.006109 0.006108 0.006108 0.006107 0.006107 0.006107 0.006106 0.006106 0.006105 0.006105 0.006104 0.006104 0.006103 0.006103 0.006102 0.006102 0.006101 0.006101 0.006100 0.006099 0.006099 0.006098 0.006097 0.006095 0.006094 0.006092 0.006089 0.006086 0.006082 0.006076 0.006069 0.006060 0.006048 0.006032 0.006010 0.005975 0.005902 0.005710 0.005114
0.005110 0.005706 0.005898 0.005971 0.006006 0.006028 0.006043 0.006055 0.006065 0.006072 0.006077 0.006081 0.006084 0.006087 0.006089 0.006091 0.006092 0.006093 0.006094 0.006095 0.006095 0.006096 0.006097 0.006097 0.006098 0.006098 0.006099 0.006099 0.006100 0.006100 0.006100 0.006101 0.006101 0.006102 0.006102 0.006102 0.006103 0.006103 0.006104 0.006104 0.006104 0.006105 0.006105 0.006105 0.006105 0.006106 0.006106 0.006106 0.006107 0.006107 0.006107 0.006107 0.006107 0.006108 0.006108 0.006108 0.006108 0.006108 0.006109 0.006109 0.006109 0.006109 0.006109 0.006109 0.006109 0.006109 0.006110 0.006110 0.006110 0.006110 0.006110 0.006110 0.006110 0.006110 0.006110 0.006110 0.006110 0.006110 0.006110 0.006110 0.006110 0.006110 0.006110 0.006111 0.006111 0.006111 0.006111 0.006111 0.006111 0.006111 0.006111 0.006111 0.006111 0.006111 0.006111 0.006111 0.006111 0.006111 0.006111 0.006111 0.006111 0.006111 0.006111 0.006111 0.006111 0.006111 0.006111 0.006111 0.006111 0.006111 0.006111 0.006111 0.006111 0.006111 0.006111 0.006111 0.006111 0.006111 0.006111 0.006110 0.006110 0.006110 0.006110 0.006110 0.006110 0.006110 0.006110 0.006110 0.006110 0.006110 0.006110 0.006110 0.006110 0.006110 0.006110 0.006110 0.006109 0.006109 0.006109 0.006109 0.006109 0.006109 0.006109 0.006109 0.006108 0.006108 0.006108 0.006108 0.006108 0.006107 0.006107 0.006107 0.006107 0.006107 0.006106 0.006106 0.006106 0.006105 0.006105 0.006105 0.006105 0.006104 0.006104 0.006104 0.006103 0.006103 0.006102 0.006102 0.006102 0.006101 0.006101 0.006100 0.006100 0.006100 0.006099 0.006099 0.006098 0.006098 0.006097 0.006097 0.006096 0.006095 0.006095 0.006094 0.006093 0.006092 0.006091 0.006089 0.006087 0.006084 0.006081 0.006077 0.006072 0.006065 0.006055 0.006043 0.006028 0.006006 0.005971 0.005898 0.005706 0.005110
0.005106 0.005703 0.005895 0.005967 0.006002 0.006023 0.006039 0.006051 0.006060 0.006067 0.006072 0.006077 0.006080 0.006082 0.006084 0.006086 0.006087 0.006088 0.006089 0.006090 0.006091 0.006091 0.006092 0.006092 0.006093 0.006093 0.006094 0.006094 0.006095 0.006095 0.006095 0.006096 0.006096 0.006097 0.006097 0.006097 0.006098 0.006098 0.006098 0.006099 0.006099 0.006099 0.006100 0.006100 0.006100 0.006101 0.006101 0.006101 0.006101 0.006101 0.006102 0.006102 0.006102 0.006102 0.006102 0.006103 0.006103 0.006103 0.006103 0.006103 0.006103 0.006103 0.006104 0.006104 0.006104 0.006104 0.006104 0.006104 0.006104 0.006104 0.006104 0.006104 0.006104 0.006104 0.006104 0.006104 0.006104 0.006105 0.006105 0.006105 0.006105 0.006105 0.006105 0.006105 0.006105 0.006105 0.006105 0.006105 0.006105 0.006105 0.006105 0.006105 0.006105 0.006105 0.006105 0.006105 0.006105 0.006105 0.006105 0.006105 0.006105 0.006105 0.006105 0.006105 0.006105 0.006105 0.006105 0.006105 0.006105 0.006105 0.006105 0.006105 0.006105 0.006105 0.006105 0.006105 0.006105 0.006105 0.006105 0.006105 0.006105 0.006105 0.006105 0.006105 0.006105 0.006104 0.006104 0.006104 0.006104 0.006104 0.006104 0.006104 0.006104 0.006104 0.006104 0.006104 0.006104 0.006104 0.006104 0.006104 0.006103 0.006103 0.006103 0.006103 0.006103 0.006103 0.006103 0.006102 0.006102 0.006102 0.006102 0.006102 0.006101 0.006101 0.006101 0.006101 0.006101 0.006100 0.006100 0.006100 0.006099 0.006099 0.006099 0.006098 0.006098 0.006098 0.006097 0.006097 0.006097 0.006096 0.006096 0.006095 0.006095 0.006095 0.006094 0.006094 0.006093 0.006093 0.006092 0.006092 0.006091 0.006091 0.006090 0.006089 0.006088 0.006087 0.006086 0.006084 0.006082 0.006080 0.006077 0.006072 0.006067 0.006060 0.006051 0.006039 0.006023 0.006002 0.005967 0.005895 0.005703 0.005106
0.005102 0.005699 0.005891 0.005963 0.005998 0.006019 0.006035 0.006047 0.006056 0.006063 0.006068 0.006072 0.006075 0.006078 0.006080 0.006081 0.006082 0.006084 0.006084 0.006085 0.006086 0.006086 0.006087 0.006088 0.006088 0.006089 0.006089 0.006089 0.006090 0.006090 0.006091 0.006091 0.006091 0.006092 0.006092 0.006092 0.006093 0.006093 0.006093 0.006094 0.006094 0.006094 0.006095 0.006095 0.006095 0.006095 0.006096 0.006096 0.006096 0.006096 0.006096 0.006097 0.006097 0.006097 0.006097 0.006097 0.006097 0.006097 0.006098 0.006098 0.006098 0.006098 0.006098 0.006098 0.006098 0.006098 0.006098 0.006098 0.006098 0.006098 0.006099 0.006099 0.006099 0.006099 0.006099 0.006099 0.006099 0.006099 0.006099 0.006099 0.006099 0.006099 0.006099 0.006099 0.006099 0.006099 0.006099 0.006099 0.006099 0.006099 0.006099 0.006099 0.006099 0.006099 0.006099 0.006099 0.006099 0.006099 0.006099 0.006099 0.006099 0.006099 0.006099 0.006099 0.006099 0.006099 0.006099 0.006099 0.006099 0.006099 0.006099 0.006099 0.006099 0.006099 0.006099 0.006099 0.006099 0.006099 0.006099 0.006099 0.006099 0.006099 0.006099 0.006099 0.006099 0.006099 0.006099 0.006099 0.006099 0.006099 0.006099 0.006099 0.006098 0.006098 0.006098 0.006098 0.006098 0.006098 0.006098 0.006098 0.006098 0.006098 0.006098 0.006098 0.006097 0.006097 0.006097 0.006097 0.006097 0.006097 0.006097 0.006096 0.006096 0.006096 0.006096 0.006096 0.006095 0.006095 0.006095 0.006095 0.006094 0.006094 0.006094 0.006093 0.006093 0.006093 0.006092 0.006092 0.006092 0.006091 0.006091 0.006091 0.006090 0.006090 0.006089 0.006089 0.006089 0.006088 0.006088 0.006087 0.006086 0.006086 0.006085 0.006084 0.006084 0.006082 0.006081 0.006080 0.006078 0.006075 0.006072 0.006068 0.006063 0.006056 0.006047 0.006035 0.006019 0.005998 0.005963 0.005891 0.005699 0.005102
0.005098 0.005695 0.005887 0.005959 0.005994 0.006015 0.006031 0.006042 0.006051 0.006058 0.006063 0.006068 0.006071 0.006073 0.006075 0.006077 0.006078 0.006079 0.006080 0.006080 0.006081 0.006082 0.006082 0.006083 0.006083 0.006084 0.006084 0.006085 0.006085 0.006085 0.006086 0.006086 0.006086 0.006087 0.006087 0.006087 0.006088 0.006088 0.006088 0.006089 0.006089 0.006089 0.006089 0.006090 0.006090 0.006090 0.006090 0.006091 0.006091 0.006091 0.006091 0.006091 0.006091 0.006091 0.006092 0.006092 0.006092 0.006092 0.006092 0.006092 0.006092 0.006092 0.006092 0.006092 0.006093 0.006093 0.006093 0.006093 0.006093 0.006093 0.006093 0.006093 0.006093 0.006093 0.006093 0.006093 0.006093 0.006093 0.006093 0.006093 0.006093 0.006093 0.006093 0.006093 0.006093 0.006093 0.006093 0.006093 0.006093 0.006093 0.006093 0.006093 0.006093 0.006093 0.006093 0.006093 0.006093 0.006093 0.006093 0.006093 0.006093 0.006093 0.006093 0.006093 0.006093 0.006093 0.006093 0.006093 0.006093 0.006093 0.006093 0.006093 0.006093 0.006093 0.006093 0.006093 0.006093 0.006093 0.006093 0.006093 0.006093 0.006093 0.006093 0.006093 0.006093 0.006093 0.006093 0.006093 0.006093 0.006093 0.006093 0.006093 0.006093 0.006093 0.006093 0.006093 0.006093 0.006093 0.006092 0.006092 0.006092 0.006092 0.006092 0.006092 0.006092 0.006092 0.006092 0.006092 0.006091 0.006091 0.006091 0.006091 0.006091 0.006091 0.006091 0.006090 0.006090 0.006090 0.006090 0.006089 0.006089 0.006089 0.006089 0.006088 0.006088 0.006088 0.006087 0.006087 0.006087 0.006086 0.006086 0.006086 0.006085 0.006085 0.006085 0.006084 0.006084 0.006083 0.006083 0.006082 0.006082 0.006081 0.006080 0.006080 0.006079 0.006078 0.006077 0.006075 0.006073 0.006071 0.006068 0.006063 0.006058 0.006051 0.006042 0.006031 0.006015 0.005994 0.005959 0.005887 0.005695 0.005098
0.005094 0.005691 0.005883 0.005955 0.005990 0.006011 0.006026 0.006038 0.006047 0.006054 0.006059 0.006063 0.006066 0.006069 0.006070 0.006072 0.006073 0.006074 0.006075 0.006076 0.006076 0.006077 0.006078 0.006078 0.006079 0.006079 0.006079 0.006080 0.006080 0.006080 0.006081 0.006081 0.006082 0.006082 0.006082 0.006082 0.006083 0.006083 0.006083 0.006084 0.006084 0.006084 0.006084 0.006085 0.006085 0.006085 0.006085 0.006085 0.006085 0.006086 0.006086 0.006086 0.006086 0.006086 0.006086 0.006086 0.006086 0.006087 0.006087 0.006087 0.006087 0.006087 0.006087 0.006087 0.006087 0.006087 0.006087 0.006087 0.006087 0.006087 0.006087 0.006087 0.006087 0.006087 0.006087 0.006087 0.006087 0.006087 0.006087 0.006087 0.006087 0.006087 0.006087 0.006087 0.006087 0.006087 0.006087 0.006087 0.006087 0.006087 0.006087 0.006087 0.006087 0.006087 0.006087 0.006087 0.006087 0.006087 0.006087 0.006087 0.006087 0.006087 0.006087 0.006087 0.006087 0.006087 0.006087 0.006087 0.006087 0.006087 0.006087 0.006087 0.006087 0.006087 0.006087 0.006087 0.006087 0.006087 0.006087 0.006087 0.006087 0.006087 0.006087 0.006087 0.006087 0.006087 0.006087 0.006087 0.006087 0.006087 0.006087 0.006087 0.006087 0.006087 0.006087 0.006087 0.006087 0.006087 0.006087 0.006087 0.006087 0.006087 0.006087 0.006087 0.006087 0.006086 0.006086 0.006086 0.006086 0.006086 0.006086 0.006086 0.006086 0.006085 0.006085 0.006085 0.006085 0.006085 0.006085 0.006084 0.006084 0.006084 0.006084 0.006083 0.006083 0.006083 0.006082 0.006082 0.006082 0.006082 0.006081 0.006081 0.006080 0.006080 0.006080 0.006079 0.006079 0.006079 0.006078 0.006078 0.006077 0.006076 0.006076 0.006075 0.006074 0.006073 0.006072 0.006070 0.006069 0.006066 0.006063 0.006059 0.006054 0.006047 0.006038 0.006026 0.006011 0.005990 0.005955 0.005883 0.005691 0.005094
0.005090 0.005688 0.005880 0.005952 0.005986 0.006007 0.006022 0.006034 0.006043 0.006049 0.006055 0.006059 0.006062 0.006064 0.006066 0.006067 0.006069 0.006070 0.006070 0.006071 0.006072 0.006072 0.006073 0.006073 0.006074 0.006074 0.006075 0.006075 0.006075 0.006076 0.006076 0.006076 0.006077 0.006077 0.006077 0.006078 0.006078 0.006078 0.006078 0.006079 0.006079 0.006079 0.006079 0.006079 0.006080 0.006080 0.006080 0.006080 0.006080 0.006080 0.006080 0.006081 0.006081 0.006081 0.006081 0.006081 0.006081 0.006081 0.006081 0.006081 0.006081 0.006081 0.006081 0.006081 0.006081 0.006081 0.006081 0.006082 0.006082 0.006082 0.006082 0.006082 0.006082 0.006082 0.006082 0.006082 0.006082 0.006082 0.006082 0.006081 0.006081 0.006081 0.006081 0.006081 0.006081 0.006081 0.006081 0.006081 0.006081 0.006081 0.006081 0.006081 0.006081 0.006081 0.006081 0.006081 0.006081 0.006081 0.006081 0.006081 0.006081 0.006081 0.006081 0.006081 0.006081 0.006081 0.006081 0.006081 0.006081 0.006081 0.006081 0.006081 0.006081 0.006081 0.006081 0.006081 0.006081 0.006081 0.006081 0.006081 0.006081 0.006081 0.006081 0.006082 0.006082 0.006082 0.006082 0.006082 0.006082 0.006082 0.006082 0.006082 0.006082 0.006082 0.006082 0.006081 0.006081 0.006081 0.006081 0.006081 0.006081 0.006081 0.006081 0.006081 0.006081 0.006081 0.006081 0.006081 0.006081 0.006081 0.006081 0.006080 0.006080 0.006080 0.006080 0.006080 0.006080 0.006080 0.006079 0.006079 0.006079 0.006079 0.006079 0.006078 0.006078 0.006078 0.006078 0.006077 0.006077 0.006077 0.006076 0.006076 0.006076 0.006075 0.006075 0.006075 0.006074 0.006074 0.006073 0.006073 0.006072 0.006072 0.006071 0.006070 0.006070 0.006069 0.006067 0.006066 0.006064 0.006062 0.006059 0.006055 0.006049 0.006043 0.006034 0.006022 0.006007 0.005986 0.005952 0.005880 0.005688 0.005090
0.005086 0.005684 0.005876 0.005948 0.005982 0.006003 0.006018 0.006030 0.006038 0.006045 0.006050 0.006054 0.006057 0.006060 0.006061 0.006063 0.006064 0.006065 0.006066 0.006067 0.006067 0.006068 0.006068 0.006069 0.006069 0.006070 0.006070 0.006070 0.006071 0.006071 0.006071 0.006072 0.006072 0.006072 0.006072 0.006073 0.006073 0.006073 0.006073 0.006074 0.006074 0.006074 0.006074 0.006074 0.006074 0.006075 0.006075 0.006075 0.006075 0.006075 0.006075 0.006075 0.006075 0.006076 0.006076 0.006076 0.006076 0.006076 0.006076 0.006076 0.006076 0.006076 0.006076 0.006076 0.006076 0.006076 0.006076 0.006076 0.006076 0.006076 0.006076 0.006076 0.006076 0.006076 0.006076 0.006076 0.006076 0.006076 0.006076 0.006076 0.006076 0.006076 0.006076 0.006076 0.006076 0.006076 0.006076 0.006076 0.006076 0.006076 0.006076 0.006076 0.006076 0.006075 0.006075 0.006075 0.006075 0.006075 0.006075 0.006075 0.006075 0.006075 0.006075 0.006075 0.006075 0.006075 0.006075 0.006075 0.006075 0.006076 0.006076 0.006076 0.006076 0.006076 0.006076 0.006076 0.006076 0.006076 0.006076 0.006076 0.006076 0.006076 0.006076 0.006076 0.006076 0.006076 0.006076 0.006076 0.006076 0.006076 0.006076 0.006076 0.006076 0.006076 0.006076 0.006076 0.006076 0.006076 0.006076 0.006076 0.006076 0.006076 0.006076 0.006076 0.006076 0.006076 0.006076 0.006076 0.006076 0.006075 0.006075 0.006075 0.006075 0.006075 0.006075 0.006075 0.006075 0.006074 0.006074 0.006074 0.006074 0.006074 0.006074 0.006073 0.006073 0.006073 0.006073 0.006072 0.006072 0.006072 0.006072 0.006071 0.006071 0.006071 0.006070 0.006070 0.006070 0.006069 0.006069 0.006068 0.006068 0.006067 0.006067 0.006066 0.006065 0.006064 0.006063 0.006061 0.006060 0.006057 0.006054 0.006050 0.006045 0.006038 0.006030 0.006018 0.006003 0.005982 0.005948 0.005876 0.005684 0.005086
0.005082 0.005681 0.005873 0.005944 0.005978 0.005999 0.006014 0.006026 0.006034 0.006041 0.006046 0.006050 0.006053 0.006055 0.006057 0.006059 0.006060 0.006061 0.006061 0.006062 0.006063 0.006063 0.006064 0.006064 0.006065 0.006065 0.006065 0.006066 0.006066 0.006066 0.006067 0.006067 0.006067 0.006067 0.006068 0.006068 0.006068 0.006068 0.006068 0.006069 0.006069 0.006069 0.006069 0.006069 0.006069 0.006070 0.006070 0.006070 0.006070 0.006070 0.006070 0.006070 0.006070 0.006070 0.006070 0.006070 0.006070 0.006070 0.006070 0.006070 0.006070 0.006070 0.006070 0.006070 0.006070 0.006070 0.006070 0.006070 0.006070 0.006070 0.006070 0.006070 0.006070 0.006070 0.006070 0.006070 0.006070 0.006070 0.006070 0.006070 0.006070 0.006070 0.006070 0.006070 0.006070 0.006070 0.006070 0.006070 0.006070 0.006070 0.006070 0.006070 0.006070 0.006070 0.006070 0.006070 0.006070 0.006070 0.006070 0.006070 0.006070 0.006070 0.006070 0.006070 0.006070 0.006070 0.006070 0.006070 0.006070 0.006070 0.006070 0.006070 0.006070 0.006070 0.006070 0.006070 0.006070 0.006070 0.006070 0.006070 0.006070 0.006070 0.006070 0.006070 0.006070 0.006070 0.006070 0.006070 0.006070 0.006070 0.006070 0.006070 0.006070 0.006070 0.006070 0.006070 0.006070 0.006070 0.006070 0.006070 0.006070 0.006070 0.006070 0.006070 0.006070 0.006070 0.006070 0.006070 0.006070 0.006070 0.006070 0.006070 0.006070 0.006070 0.006070 0.006070 0.006070 0.006069 0.006069 0.006069 0.006069 0.006069 0.006069 0.006068 0.006068 0.006068 0.006068 0.006068 0.006067 0.006067 0.006067 0.006067 0.006066 0.006066 0.006066 0.006065 0.006065 0.006065 0.006064 0.006064 0.006063 0.006063 0.006062 0.006061 0.006061 0.006060 0.006059 0.006057 0.006055 0.006053 0.006050 0.006046 0.006041 0.006034 0.006026 0.006014 0.005999 0.005978 0.005944 0.005873 0.005681 0.005082
0.005078 0.005677 0.005869 0.005941 0.005975 0.005996 0.006010 0.006022 0.006030 0.006037 0.006042 0.006046 0.006049 0.006051 0.006053 0.006054 0.006055 0.006056 0.006057 0.006058 0.006058 0.006059 0.006059 0.006060 0.006060 0.006060 0.006061 0.006061 0.006061 0.006062 0.006062 0.006062 0.006062 0.006063 0.006063 0.006063 0.006063 0.006063 0.006064 0.006064 0.006064 0.006064 0.006064 0.006064 0.006064 0.006065 0.006065 0.006065 0.006065 0.006065 0.006065 0.006065 0.006065 0.006065 0.006065 0.006065 0.006065 0.006065 0.006065 0.006065 0.006065 0.006065 0.006065 0.006065 0.006065 0.006065 0.006065 0.006065 0.006065 0.006065 0.006065 0.006065 0.006065 0.006065 0.006065 0.006065 0.006065 0.006065 0.006064 0.006064 0.006064 0.006064 0.006064 0.006064 0.006064 0.006064 0.006064 0.006064 0.006064 0.006064 0.006064 0.006064 0.006064 0.006064 0.006064 0.006064 0.006064 0.006064 0.006064 0.006064 0.006064 0.006064 0.006064 0.006064 0.006064 0.006064 0.006064 0.006064 0.006064 0.006064 0.006064 0.006064 0.006064 0.006064 0.006064 0.006064 0.006064 0.006064 0.006064 0.006064 0.006064 0.006064 0.006064 0.006064 0.006065 0.006065 0.006065 0.006065 0.006065 0.006065 0.006065 0.006065 0.006065 0.006065 0.006065 0.006065 0.006065 0.006065 0.006065 0.006065 0.006065 0.006065 0.006065 0.006065 0.006065 0.006065 0.006065 0.006065 0.006065 0.006065 0.006065 0.006065 0.006065 0.006065 0.006065 0.006065 0.006065 0.006064 0.006064 0.006064 0.006064 0.006064 0.006064 0.006064 0.006063 0.006063 0.006063 0.006063 0.006063 0.006062 0.006062 0.006062 0.006062 0.006061 0.006061 0.006061 0.006060 0.006060 0.006060 0.006059 0.006059 0.006058 0.006058 0.006057 0.006056 0.006055 0.006054 0.006053 0.006051 0.006049 0.006046 0.006042 0.006037 0.006030 0.006022 0.006010 0.005996 0.005975 0.005941 0.005869 0.005677 0.005078
0.005075 0.005674 0.005866 0.005938 0.005971 0.005992 0.006007 0.006018 0.006026 0.006033 0.006038 0.006042 0.006045 0.006047 0.006049 0.006050 0.006051 0.006052 0.006053 0.006053 0.006054 0.006054 0.006055 0.006055 0.006056 0.006056 0.006056 0.006057 0.006057 0.006057 0.006057 0.006058 0.006058 0.006058 0.006058 0.006058 0.006059 0.006059 0.006059 0.006059 0.006059 0.006059 0.006059 0.006059 0.006060 0.006060 0.006060 0.006060 0.006060 0.006060 0.006060 0.006060 0.006060 0.006060 0.006060 0.006060 0.006060 0.006060 0.006060 0.006060 0.006060 0.006060 0.006060 0.006060 0.006060 0.006060 0.006060 0.006059 0.006059 0.006059 0.006059 0.006059 0.006059 0.006059 0.006059 0.006059 0.006059 0.006059 0.006059 0.006059 0.006059 0.006059 0.006059 0.006059 0.006059 0.006059 0.006058 0.006058 0.006058 0.006058 0.006058 0.006058 0.006058 0.006058 0.006058 0.006058 0.006058 0.006058 0.006058 0.006058 0.006058 0.006058 0.006058 0.006058 0.006058 0.006058 0.006058 0.006058 0.006058 0.006058 0.006058 0.006058 0.006058 0.006058 0.006058 0.006058 0.006059 0.006059 0.006059 0.006059 0.006059 0.006059 0.006059 0.006059 0.006059 0.006059 0.006059 0.006059 0.006059 0.006059 0.006059 0.006059 0.006059 0.006059 0.006059 0.006060 0.006060 0.006060 0.006060 0.006060 0.006060 0.006060 0.006060 0.006060 0.006060 0.006060 0.006060 0.006060 0.006060 0.006060 0.006060 0.006060 0.006060 0.006060 0.006060 0.006060 0.006060 0.006060 0.006059 0.006059 0.006059 0.006059 0.006059 0.006059 0.006059 0.006059 0.006058 0.006058 0.006058 0.006058 0.006058 0.006057 0.006057 0.006057 0.006057 0.006056 0.006056 0.006056 0.006055 0.006055 0.006054 0.006054 0.006053 0.006053 0.006052 0.006051 0.006050 0.006049 0.006047 0.006045 0.006042 0.006038 0.006033 0.006026 0.006018 0.006007 0.005992 0.005971 0.005938 0.005866 0.005674 0.005075
0.005071 0.005671 0.005863 0.005934 0.005968 0.005988 0.006003 0.006014 0.006023 0.006029 0.006034 0.006038 0.006041 0.006043 0.006045 0.006046 0.006047 0.006048 0.006049 0.006049 0.006050 0.006050 0.006051 0.006051 0.006051 0.006052 0.006052 0.006052 0.006052 0.006053 0.006053 0.006053 0.006053 0.006053 0.006054 0.006054 0.006054 0.006054 0.006054 0.006054 0.006054 0.006054 0.006055 0.006055 0.006055 0.006055 0.006055 0.006055 0.006055 0.006055 0.006055 0.006055 0.006055 0.006055 0.006055 0.006055 0.006055 0.006055 0.006055 0.006055 0.006055 0.006055 0.006054 0.006054 0.006054 0.006054 0.006054 0.006054 0.006054 0.006054 0.006054 0.006054 0.006054 0.006054 0.006054 0.006054 0.006053 0.006053 0.006053 0.006053 0.006053 0.006053 0.006053 0.006053 0.006053 0.006053 0.006053 0.006053 0.006053 0.006053 0.006053 0.006053 0.006053 0.006053 0.006053 0.006053 0.006053 0.006052 0.006052 0.006052 0.006052 0.006052 0.006052 0.006052 0.006052 0.006053 0.006053 0.006053 0.006053 0.006053 0.006053 0.006053 0.006053 0.006053 0.006053 0.006053 0.006053 0.006053 0.006053 0.006053 0.006053 0.006053 0.006053 0.006053 0.006053 0.006053 0.006054 0.006054 0.006054 0.006054 0.006054 0.006054 0.006054 0.006054 0.006054 0.006054 0.006054 0.006054 0.006054 0.006054 0.006055 0.006055 0.006055 0.006055 0.006055 0.006055 0.006055 0.006055 0.006055 0.006055 0.006055 0.006055 0.006055 0.006055 0.006055 0.006055 0.006055 0.006055 0.006055 0.006055 0.006054 0.006054 0.006054 0.006054 0.006054 0.006054 0.006054 0.006054 0.006053 0.006053 0.006053 0.006053 0.006053 0.006052 0.006052 0.006052 0.006052 0.006051 0.006051 0.006051 0.006050 0.006050 0.006049 0.006049 0.006048 0.006047 0.006046 0.006045 0.006043 0.006041 0.006038 0.006034 0.006029 0.006023 0.006014 0.006003 0.005988 0.005968 0.005934 0.005863 0.005671 0.005071
0.005068 0.005668 0.005860 0.005931 0.005965 0.005985 0.005999 0.006010 0.006019 0.006025 0.006030 0.006034 0.006037 0.006039 0.006041 0.006042 0.006043 0.006044 0.006045 0.006045 0.006046 0.006046 0.006046 0.006047 0.006047 0.006047 0.006048 0.006048 0.006048 0.006048 0.006048 0.006049 0.006049 0.006049 0.006049 0.006049 0.006049 0.006049 0.006050 0.006050 0.006050 0.006050 0.006050 0.006050 0.006050 0.006050 0.006050 0.006050 0.006050 0.006050 0.006050 0.006050 0.006050 0.006050 0.006050 0.006050 0.006050 0.006050 0.006050 0.006049 0.006049 0.006049 0.006049 0.006049 0.006049 0.006049 0.006049 0.006049 0.006049 0.006049 0.006049 0.006048 0.006048 0.006048 0.006048 0.006048 0.006048 0.006048 0.006048 0.006048 0.006048 0.006048 0.006048 0.006048 0.006047 0.006047 0.006047 0.006047 0.006047 0.006047 0.006047 0.006047 0.006047 0.006047 0.006047 0.006047 0.006047 0.006047 0.006047 0.006047 0.006047 0.006047 0.006047 0.006047 0.006047 0.006047 0.006047 0.006047 0.006047 0.006047 0.006047 0.006047 0.006047 0.006047 0.006047 0.006047 0.006047 0.006047 0.006048 0.006048 0.006048 0.006048 0.006048 0.006048 0.006048 0.006048 0.006048 0.006048 0.006048 0.006048 0.006048 0.006049 0.006049 0.006049 0.006049 0.006049 0.006049 0.006049 0.006049 0.006049 0.006049 0.006049 0.006049 0.006050 0.006050 0.006050 0.006050 0.006050 0.006050 0.006050 0.006050 0.006050 0.006050 0.006050 0.006050 0.006050 0.006050 0.006050 0.006050 0.006050 0.006050 0.006050 0.006050 0.006050 0.006049 0.006049 0.006049 0.006049 0.006049 0.006049 0.006049 0.006048 0.006048 0.006048 0.006048 0.006048 0.006047 0.006047 0.006047 0.006046 0.006046 0.006046 0.006045 0.006045 0.006044 0.006043 0.006042 0.006041 0.006039 0.006037 0.006034 0.006030 0.006025 0.006019 0.006010 0.005999 0.005985 0.005965 0.005931 0.005860 0.005668 0.005068
0.005065 0.005665 0.005857 0.005928 0.005962 0.005982 0.005996 0.006007 0.006015 0.006022 0.006027 0.006030 0.006033 0.006035 0.006037 0.006038 0.006039 0.006040 0.006041 0.006041 0.006042 0.006042 0.006042 0.006043 0.006043 0.006043 0.006044 0.006044 0.006044 0.006044 0.006044 0.006044 0.006045 0.006045 0.006045 0.006045 0.006045 0.006045 0.006045 0.006045 0.006045 0.006045 0.006045 0.006045 0.006045 0.006045 0.006045 0.006045 0.006045 0.006045 0.006045 0.006045 0.006045 0.006045 0.006045 0.006045 0.006045 0.006045 0.006045 0.006044 0.006044 0.006044 0.006044 0.006044 0.006044 0.006044 0.006044 0.006044 0.006044 0.006043 0.006043 0.006043 0.006043 0.006043 0.006043 0.006043 0.006043 0.006043 0.006043 0.006042 0.006042 0.006042 0.006042 0.006042 0.006042 0.006042 0.006042 0.006042 0.006042 0.006042 0.006042 0.006042 0.006042 0.006042 0.006042 0.006042 0.006041 0.006041 0.006041 0.006041 0.006041 0.006041 0.006041 0.006041 0.006041 0.006041 0.006042 0.006042 0.006042 0.006042 0.006042 0.006042 0.006042 0.006042 0.006042 0.006042 0.006042 0.006042 0.006042 0.006042 0.006042 0.006042 0.006042 0.006043 0.006043 0.006043 0.006043 0.006043 0.006043 0.006043 0.006043 0.006043 0.006043 0.006044 0.006044 0.006044 0.006044 0.006044 0.006044 0.006044 0.006044 0.006044 0.006044 0.006045 0.006045 0.006045 0.006045 0.006045 0.006045 0.006045 0.006045 0.006045 0.006045 0.006045 0.006045 0.006045 0.006045 0.006045 0.006045 0.006045 0.006045 0.006045 0.006045 0.006045 0.006045 0.006045 0.006045 0.006045 0.006045 0.006045 0.006044 0.006044 0.006044 0.006044 0.006044 0.006044 0.006043 0.006043 0.006043 0.006042 0.006042 0.006042 0.006041 0.006041 0.006040 0.006039 0.006038 0.006037 0.006035 0.006033 0.006030 0.006027 0.006022 0.006015 0.006007 0.005996 0.005982 0.005962 0.005928 0.005857 0.005665 0.005065
0.005062 0.005663 0.005855 0.005926 0.005959 0.005979 0.005993 0.006004 0.006012 0.006018 0.006023 0.006027 0.006030 0.006032 0.006033 0.006035 0.006036 0.006036 0.006037 0.006038 0.006038 0.006038 0.006039 0.006039 0.006039 0.006039 0.006040 0.006040 0.006040 0.006040 0.006040 0.006040 0.006040 0.006041 0.006041 0.006041 0.006041 0.006041 0.006041 0.006041 0.006041 0.006041 0.006041 0.006041 0.006041 0.006041 0.006041 0.006041 0.006041 0.006041 0.006040 0.006040 0.006040 0.006040 0.006040 0.006040 0.006040 0.006040 0.006040 0.006040 0.006039 0.006039 0.006039 0.006039 0.006039 0.006039 0.006039 0.006039 0.006039 0.006038 0.006038 0.006038 0.006038 0.006038 0.006038 0.006038 0.006038 0.006037 0.006037 0.006037 0.006037 0.006037 0.006037 0.006037 0.006037 0.006037 0.006037 0.006037 0.006037 0.006036 0.006036 0.006036 0.006036 0.006036 0.006036 0.006036 0.006036 0.006036 0.006036 0.006036 0.006036 0.006036 0.006036 0.006036 0.006036 0.006036 0.006036 0.006036 0.006036 0.006036 0.006036 0.006036 0.006036 0.006037 0.006037 0.006037 0.006037 0.006037 0.006037 0.006037 0.006037 0.006037 0.006037 0.006037 0.006037 0.006038 0.006038 0.006038 0.006038 0.006038 0.006038 0.006038 0.006038 0.006039 0.006039 0.006039 0.006039 0.006039 0.006039 0.006039 0.006039 0.006039 0.006040 0.006040 0.006040 0.006040 0.006040 0.006040 0.006040 0.006040 0.006040 0.006040 0.006041 0.006041 0.006041 0.006041 0.006041 0.006041 0.006041 0.006041 0.006041 0.006041 0.006041 0.006041 0.006041 0.006041 0.006041 0.006041 0.006041 0.006040 0.006040 0.006040 0.006040 0.006040 0.006040 0.006040 0.006039 0.006039 0.006039 0.006039 0.006038 0.006038 0.006038 0.006037 0.006036 0.006036 0.006035 0.006033 0.006032 0.006030 0.006027 0.006023 0.006018 0.006012 0.006004 0.005993 0.005979 0.005959 0.005926 0.005855 0.005663 0.005062
0.005059 0.005660 0.005852 0.005923 0.005956 0.005976 0.005990 0.006001 0.006009 0.006015 0.006020 0.006024 0.006026 0.006029 0.006030 0.006031 0.006032 0.006033 0.006034 0.006034 0.006034 0.006035 0.006035 0.006035 0.006036 0.006036 0.006036 0.006036 0.006036 0.006036 0.006036 0.006036 0.006037 0.006037 0.006037 0.006037 0.006037 0.006037 0.006037 0.006037 0.006037 0.006037 0.006037 0.006037 0.006037 0.006036 0.006036 0.006036 0.006036 0.006036 0.006036 0.006036 0.006036 0.006036 0.006036 0.006035 0.006035 0.006035 0.006035 0.006035 0.006035 0.006035 0.006035 0.006034 0.006034 0.006034 0.006034 0.006034 0.006034 0.006034 0.006033 0.006033 0.006033 0.006033 0.006033 0.006033 0.006033 0.006032 0.006032 0.006032 0.006032 0.006032 0.006032 0.006032 0.006032 0.006032 0.006032 0.006032 0.006031 0.006031 0.006031 0.006031 0.006031 0.006031 0.006031 0.006031 0.006031 0.006031 0.006031 0.006031 0.006031 0.006031 0.006031 0.006031 0.006031 0.006031 0.006031 0.006031 0.006031 0.006031 0.006031 0.006031 0.006031 0.006031 0.006032 0.006032 0.006032 0.006032 0.006032 0.006032 0.006032 0.006032 0.006032 0.006032 0.006032 0.006033 0.006033 0.006033 0.006033 0.006033 0.006033 0.006033 0.006034 0.006034 0.006034 0.006034 0.006034 0.006034 0.006034 0.006035 0.006035 0.006035 0.006035 0.006035 0.006035 0.006035 0.006035 0.006036 0.006036 0.006036 0.006036 0.006036 0.006036 0.006036 0.006036 0.006036 0.006036 0.006037 0.006037 0.006037 0.006037 0.006037 0.006037 0.006037 0.006037 0.006037 0.006037 0.006037 0.006037 0.006037 0.006036 0.006036 0.006036 0.006036 0.006036 0.006036 0.006036 0.006036 0.006035 0.006035 0.006035 0.006034 0.006034 0.006034 0.006033 0.006032 0.006031 0.006030 0.006029 0.006026 0.006024 0.006020 0.006015 0.006009 0.006001 0.005990 0.005976 0.005956 0.005923 0.005852 0.005660 0.005059
0.005057 0.005659 0.005851 0.005921 0.005954 0.005974 0.005988 0.005999 0.006007 0.006013 0.006018 0.006021 0.006024 0.006026 0.006027 0.006028 0.006029 0.006030 0.006031 0.006031 0.006031 0.006032 0.006032 0.006032 0.006032 0.006032 0.006033 0.006033 0.006033 0.006033 0.006033 0.006033 0.006033 0.006033 0.006033 0.006033 0.006033 0.006033 0.006033 0.006033 0.006033 0.006033 0.006033 0.006033 0.006033 0.006032 0.006032 0.006032 0.006032 0.006032 0.006032 0.006032 0.006032 0.006031 0.006031 0.006031 0.006031 0.006031 0.006031 0.006031 0.006030 0.006030 0.006030 0.006030 0.006030 0.006030 0.006029 0.006029 0.006029 0.006029 0.006029 0.006029 0.006028 0.006028 0.006028 0.006028 0.006028 0.006028 0.006028 0.006028 0.006027 0.006027 0.006027 0.006027 0.006027 0.006027 0.006027 0.006027 0.006027 0.006027 0.006026 0.006026 0.006026 0.006026 0.006026 0.006026 0.006026 0.006026 0.006026 0.006026 0.006026 0.006026 0.006026 0.006026 0.006026 0.006026 0.006026 0.006026 0.006026 0.006026 0.006026 0.006026 0.006027 0.006027 0.006027 0.006027 0.006027 0.006027 0.006027 0.006027 0.006027 0.006027 0.006028 0.006028 0.006028 0.006028 0.006028 0.006028 0.006028 0.006028 0.006029 0.006029 0.006029 0.006029 0.006029 0.006029 0.006030 0.006030 0.006030 0.006030 0.006030 0.006030 0.006031 0.006031 0.006031 0.006031 0.006031 0.006031 0.006031 0.006032 0.006032 0.006032 0.006032 0.006032 0.006032 0.006032 0.006032 0.006033 0.006033 0.006033 0.006033 0.006033 0.006033 0.006033 0.006033 0.006033 0.006033 0.006033 0.006033 0.006033 0.006033 0.006033 0.006033 0.006033 0.006033 0.006033 0.006032 0.006032 0.006032 0.006032 0.006032 0.006031 0.006031 0.006031 0.006030 0.006029 0.006028 0.006027 0.006026 0.006024 0.006021 0.006018 0.006013 0.006007 0.005999 0.005988 0.005974 0.005954 0.005921 0.005851 0.005659 0.005057
0.005056 0.005657 0.005849 0.005920 0.005953 0.005972 0.005986 0.005997 0.006005 0.006011 0.006015 0.006019 0.006021 0.006023 0.006025 0.006026 0.006027 0.006027 0.006028 0.006028 0.006029 0.006029 0.006029 0.006029 0.006029 0.006030 0.006030 0.006030 0.006030 0.006030 0.006030 0.006030 0.006030 0.006030 0.006030 0.006030 0.006030 0.006030 0.006030 0.006029 0.006029 0.006029 0.006029 0.006029 0.006029 0.006029 0.006029 0.006029 0.006028 0.006028 0.006028 0.006028 0.006028 0.006028 0.006027 0.006027 0.006027 0.006027 0.006027 0.006027 0.006026 0.006026 0.006026 0.006026 0.006026 0.006025 0.006025 0.006025 0.006025 0.006025 0.006025 0.006024 0.006024 0.006024 0.006024 0.006024 0.006024 0.006023 0.006023 0.006023 0.006023 0.006023 0.006023 0.006023 0.006023 0.006022 0.006022 0.006022 0.006022 0.006022 0.006022 0.006022 0.006022 0.006022 0.006022 0.006022 0.006022 0.006022 0.006022 0.006022 0.006022 0.006022 0.006022 0.006022 0.006022 0.006022 0.006022 0.006022 0.006022 0.006022 0.006022 0.006022 0.006022 0.006022 0.006022 0.006022 0.006022 0.006023 0.006023 0.006023 0.006023 0.006023 0.006023 0.006023 0.006023 0.006024 0.006024 0.006024 0.006024 0.006024 0.006024 0.006025 0.006025 0.006025 0.006025 0.006025 0.006025 0.006026 0.006026 0.006026 0.006026 0.006026 0.006027 0.006027 0.006027 0.006027 0.006027 0.006027 0.006028 0.006028 0.006028 0.006028 0.006028 0.006028 0.006029 0.006029 0.006029 0.006029 0.006029 0.006029 0.006029 0.006029 0.006029 0.006030 0.006030 0.006030 0.006030 0.006030 0.006030 0.006030 0.006030 0.006030 0.006030 0.006030 0.006030 0.006030 0.006030 0.006029 0.006029 0.006029 0.006029 0.006029 0.006028 0.006028 0.006027 0.006027 0.006026 0.006025 0.006023 0.006021 0.006019 0.006015 0.006011 0.006005 0.005997 0.005986 0.005972 0.005953 0.005920 0.005849 0.005657 0.005056
0.005055 0.005657 0.005849 0.005919 0.005952 0.005971 0.005985 0.005996 0.006004 0.006010 0.006014 0.006017 0.006020 0.006022 0.006023 0.006024 0.006025 0.006026 0.006026 0.006026 0.006027 0.006027 0.006027 0.006027 0.006027 0.006027 0.006027 0.006027 0.006027 0.006027 0.006027 0.006027 0.006027 0.006027 0.006027 0.006027 0.006027 0.006027 0.006027 0.006027 0.006027 0.006026 0.006026 0.006026 0.006026 0.006026 0.006026 0.006025 0.006025 0.006025 0.006025 0.006025 0.006025 0.006024 0.006024 0.006024 0.006024 0.006024 0.006023 0.006023 0.006023 0.006023 0.006022 0.006022 0.006022 0.006022 0.006022 0.006021 0.006021 0.006021 0.006021 0.006021 0.006021 0.006020 0.006020 0.006020 0.006020 0.006020 0.006020 0.006019 0.006019 0.006019 0.006019 0.006019 0.006019 0.006019 0.006019 0.006018 0.006018 0.006018 0.006018 0.006018 0.006018 0.006018 0.006018 0.006018 0.006018 0.006018 0.006018 0.006018 0.006018 0.006018 0.006018 0.006018 0.006018 0.006018 0.006018 0.006018 0.006018 0.006018 0.006018 0.006018 0.006018 0.006018 0.006018 0.006019 0.006019 0.006019 0.006019 0.006019 0.006019 0.006019 0.006019 0.006020 0.006020 0.006020 0.006020 0.006020 0.006020 0.006021 0.006021 0.006021 0.006021 0.006021 0.006021 0.006022 0.006022 0.006022 0.006022 0.006022 0.006023 0.006023 0.006023 0.006023 0.006024 0.006024 0.006024 0.006024 0.006024 0.006025 0.006025 0.006025 0.006025 0.006025 0.006025 0.006026 0.006026 0.006026 0.006026 0.006026 0.006026 0.006027 0.006027 0.006027 0.006027 0.006027 0.006027 0.006027 0.006027 0.006027 0.006027 0.006027 0.006027 0.006027 0.006027 0.006027 0.006027 0.006027 0.006027 0.006027 0.006027 0.006027 0.006026 0.006026 0.006026 0.006025 0.006024 0.006023 0.006022 0.006020 0.006017 0.006014 0.006010 0.006004 0.005996 0.005985 0.005971 0.005952 0.005919 0.005849 0.005657 0.005055
0.005055 0.005657 0.005849 0.005920 0.005952 0.005972 0.005985 0.005996 0.006004 0.006009 0.006014 0.006017 0.006020 0.006021 0.006023 0.006024 0.006024 0.006025 0.006025 0.006025 0.006026 0.006026 0.006026 0.006026 0.006026 0.006026 0.006026 0.006026 0.006026 0.006026 0.006026 0.006026 0.006026 0.006026 0.006025 0.006025 0.006025 0.006025 0.006025 0.006025 0.006025 0.006024 0.006024 0.006024 0.006024 0.006024 0.006023 0.006023 0.006023 0.006023 0.006023 0.006022 0.006022 0.006022 0.006022 0.006021 0.006021 0.006021 0.006021 0.006021 0.006020 0.006020 0.006020 0.006020 0.006019 0.006019 0.006019 0.006019 0.006019 0.006018 0.006018 0.006018 0.006018 0.006018 0.006017 0.006017 0.006017 0.006017 0.006017 0.006017 0.006016 0.006016 0.006016 0.006016 0.006016 0.006016 0.006016 0.006016 0.006015 0.006015 0.006015 0.006015 0.006015 0.006015 0.006015 0.006015 0.006015 0.006015 0.006015 0.006015 0.006015 0.006015 0.006015 0.006015 0.006015 0.006015 0.006015 0.006015 0.006015 0.006015 0.006015 0.006015 0.006015 0.006015 0.006016 0.006016 0.006016 0.006016 0.006016 0.006016 0.006016 0.006016 0.006017 0.006017 0.006017 0.006017 0.006017 0.006017 0.006018 0.006018 0.006018 0.006018 0.006018 0.006019 0.006019 0.006019 0.006019 0.006019 0.006020 0.006020 0.006020 0.006020 0.006021 0.006021 0.006021 0.006021 0.006021 0.006022 0.006022 0.006022 0.006022 0.006023 0.006023 0.006023 0.006023 0.006023 0.006024 0.006024 0.006024 0.006024 0.006024 0.006025 0.006025 0.006025 0.006025 0.006025 0.006025 0.006025 0.006026 0.006026 0.006026 0.006026 0.006026 0.006026 0.006026 0.006026 0.006026 0.006026 0.006026 0.006026 0.006026 0.006026 0.006025 0.006025 0.006025 0.006024 0.006024 0.006023 0.006021 0.006020 0.006017 0.006014 0.006009 0.006004 0.005996 0.005985 0.005972 0.005952 0.005920 0.005849 0.005657 0.005055
0.005056 0.005659 0.005851 0.005922 0.005954 0.005974 0.005987 0.005997 0.006005 0.006011 0.006015 0.006018 0.006021 0.006022 0.006024 0.006025 0.006025 0.006026 0.006026 0.006026 0.006026 0.006026 0.006026 0.006026 0.006026 0.006026 0.006026 0.006026 0.006026 0.006026 0.006026 0.006025 0.006025 0.006025 0.006025 0.006025 0.006025 0.006024 0.006024 0.006024 0.006024 0.006024 0.006023 0.006023 0.006023 0.006023 0.006022 0.006022 0.006022 0.006022 0.006021 0.006021 0.006021 0.006021 0.006020 0.006020 0.006020 0.006020 0.006019 0.006019 0.006019 0.006019 0.006018 0.006018 0.006018 0.006018 0.006018 0.006017 0.006017 0.006017 0.006017 0.006016 0.006016 0.006016 0.006016 0.006016 0.006015 0.006015 0.006015 0.006015 0.006015 0.006015 0.006014 0.006014 0.006014 0.006014 0.006014 0.006014 0.006014 0.006014 0.006014 0.006013 0.006013 0.006013 0.006013 0.006013 0.006013 0.006013 0.006013 0.006013 0.006013 0.006013 0.006013 0.006013 0.006013 0.006013 0.006013 0.006013 0.006013 0.006013 0.006013 0.006014 0.006014 0.006014 0.006014 0.006014 0.006014 0.006014 0.006014 0.006014 0.006015 0.006015 0.006015 0.006015 0.006015 0.006015 0.006016 0.006016 0.006016 0.006016 0.006016 0.006017 0.006017 0.006017 0.006017 0.006018 0.006018 0.006018 0.006018 0.006018 0.006019 0.006019 0.006019 0.006019 0.006020 0.006020 0.006020 0.006020 0.006021 0.006021 0.006021 0.006021 0.006022 0.006022 0.006022 0.006022 0.006023 0.006023 0.006023 0.006023 0.006024 0.006024 0.006024 0.006024 0.006024 0.006025 0.006025 0.006025 0.006025 0.006025 0.006025 0.006026 0.006026 0.006026 0.006026 0.006026 0.006026 0.006026 0.006026 0.006026 0.006026 0.006026 0.006026 0.006026 0.006026 0.006025 0.006025 0.006024 0.006022 0.006021 0.006018 0.006015 0.006011 0.006005 0.005997 0.005987 0.005974 0.005954 0.005922 0.005851 0.005659 0.005056
0.005060 0.005663 0.005856 0.005926 0.005959 0.005978 0.005991 0.006001 0.006009 0.006015 0.006019 0.006022 0.006024 0.006026 0.006027 0.006028 0.006028 0.006028 0.006029 0.006029 0.006029 0.006029 0.006029 0.006028 0.006028 0.006028 0.006028 0.006028 0.006028 0.006027 0.006027 0.006027 0.006027 0.006027 0.006026 0.006026 0.006026 0.006026 0.006025 0.006025 0.006025 0.006025 0.006024 0.006024 0.006024 0.006024 0.006023 0.006023 0.006023 0.006023 0.006022 0.006022 0.006022 0.006021 0.006021 0.006021 0.006021 0.006020 0.006020 0.006020 0.006020 0.006019 0.006019 0.006019 0.006018 0.006018 0.006018 0.006018 0.006018 0.006017 0.006017 0.006017 0.006017 0.006016 0.006016 0.006016 0.006016 0.006016 0.006015 0.006015 0.006015 0.006015 0.006015 0.006015 0.006014 0.006014 0.006014 0.006014 0.006014 0.006014 0.006014 0.006014 0.006014 0.006014 0.006014 0.006013 0.006013 0.006013 0.006013 0.006013 0.006013 0.006013 0.006013 0.006013 0.006013 0.006013 0.006013 0.006014 0.006014 0.006014 0.006014 0.006014 0.006014 0.006014 0.006014 0.006014 0.006014 0.006014 0.006015 0.006015 0.006015 0.006015 0.006015 0.006015 0.006016 0.006016 0.006016 0.006016 0.006016 0.006017 0.006017 0.006017 0.006017 0.006018 0.006018 0.006018 0.006018 0.006018 0.006019 0.006019 0.006019 0.006020 0.006020 0.006020 0.006020 0.006021 0.006021 0.006021 0.006021 0.006022 0.006022 0.006022 0.006023 0.006023 0.006023 0.006023 0.006024 0.006024 0.006024 0.006024 0.006025 0.006025 0.006025 0.006025 0.006026 0.006026 0.006026 0.006026 0.006027 0.006027 0.006027 0.006027 0.006027 0.006028 0.006028 0.006028 0.006028 0.006028 0.006028 0.006029 0.006029 0.006029 0.006029 0.006029 0.006028 0.006028 0.006028 0.006027 0.006026 0.006024 0.006022 0.006019 0.006015 0.006009 0.006001 0.005991 0.005978 0.005959 0.005926 0.005856 0.005663 0.005060
0.005066 0.005671 0.005863 0.005934 0.005966 0.005985 0.005999 0.006009 0.006016 0.006022 0.006026 0.006029 0.006031 0.006033 0.006033 0.006034 0.006034 0.006034 0.006035 0.006034 0.006034 0.006034 0.006034 0.006034 0.006033 0.006033 0.006033 0.006033 0.006032 0.006032 0.006032 0.006032 0.006031 0.006031 0.006031 0.006030 0.006030 0.006030 0.006030 0.006029 0.006029 0.006029 0.006028 0.006028 0.006028 0.006027 0.006027 0.006027 0.006026 0.006026 0.006026 0.006026 0.006025 0.006025 0.006025 0.006024 0.006024 0.006024 0.006023 0.006023 0.006023 0.006023 0.006022 0.006022 0.006022 0.006021 0.006021 0.006021 0.006021 0.006020 0.006020 0.006020 0.006020 0.006020 0.006019 0.006019 0.006019 0.006019 0.006019 0.006018 0.006018 0.006018 0.006018 0.006018 0.006018 0.006017 0.006017 0.006017 0.006017 0.006017 0.006017 0.006017 0.006017 0.006017 0.006017 0.006017 0.006016 0.006016 0.006016 0.006016 0.006016 0.006016 0.006016 0.006016 0.006016 0.006016 0.006017 0.006017 0.006017 0.006017 0.006017 0.006017 0.006017 0.006017 0.006017 0.006017 0.006017 0.006018 0.006018 0.006018 0.006018 0.006018 0.006018 0.006019 0.006019 0.006019 0.006019 0.006019 0.006020 0.006020 0.006020 0.006020 0.006020 0.006021 0.006021 0.006021 0.006021 0.006022 0.006022 0.006022 0.006023 0.006023 0.006023 0.006023 0.006024 0.006024 0.006024 0.006025 0.006025 0.006025 0.006026 0.006026 0.006026 0.006026 0.006027 0.006027 0.006027 0.006028 0.006028 0.006028 0.006029 0.006029 0.006029 0.006030 0.006030 0.006030 0.006030 0.006031 0.006031 0.006031 0.006032 0.006032 0.006032 0.006032 0.006033 0.006033 0.006033 0.006033 0.006034 0.006034 0.006034 0.006034 0.006034 0.006035 0.006034 0.006034 0.006034 0.006033 0.006033 0.006031 0.006029 0.006026 0.006022 0.006016 0.006009 0.005999 0.005985 0.005966 0.005934 0.005863 0.005671 0.005066
0.005077 0.005683 0.005876 0.005946 0.005979 0.005998 0.006011 0.006021 0.006029 0.006034 0.006038 0.006041 0.006043 0.006044 0.006045 0.006045 0.006045 0.006045 0.006045 0.006045 0.006044 0.006044 0.006044 0.006043 0.006043 0.006042 0.006042 0.006042 0.006041 0.006041 0.006041 0.006040 0.006040 0.006039 0.006039 0.006039 0.006038 0.006038 0.006038 0.006037 0.006037 0.006036 0.006036 0.006036 0.006035 0.006035 0.006035 0.006034 0.006034 0.006034 0.006033 0.006033 0.006033 0.006032 0.006032 0.006032 0.006031 0.006031 0.006031 0.006030 0.006030 0.006030 0.006030 0.006029 0.006029 0.006029 0.006028 0.006028 0.006028 0.006028 0.006027 0.006027 0.006027 0.006027 0.006026 0.006026 0.006026 0.006026 0.006026 0.006025 0.006025 0.006025 0.006025 0.006025 0.006025 0.006025 0.006024 0.006024 0.006024 0.006024 0.006024 0.006024 0.006024 0.006024 0.006024 0.006024 0.006024 0.006024 0.006024 0.006023 0.006023 0.006023 0.006023 0.006024 0.006024 0.006024 0.006024 0.006024 0.006024 0.006024 0.006024 0.006024 0.006024 0.006024 0.006024 0.006024 0.006025 0.006025 0.006025 0.006025 0.006025 0.006025 0.006025 0.006026 0.006026 0.006026 0.006026 0.006026 0.006027 0.006027 0.006027 0.006027 0.006028 0.006028 0.006028 0.006028 0.006029 0.006029 0.006029 0.006030 0.006030 0.006030 0.006030 0.006031 0.006031 0.006031 0.006032 0.006032 0.006032 0.006033 0.006033 0.006033 0.006034 0.006034 0.006034 0.006035 0.006035 0.006035 0.006036 0.006036 0.006036 0.006037 0.006037 0.006038 0.006038 0.006038 0.006039 0.006039 0.006039 0.006040 0.006040 0.006041 0.006041 0.006041 0.006042 0.006042 0.006042 0.006043 0.006043 0.006044 0.006044 0.006044 0.006045 0.006045 0.006045 0.006045 0.006045 0.006045 0.006044 0.006043 0.006041 0.006038 0.006034 0.006029 0.006021 0.006011 0.005998 0.005979 0.005946 0.005876 0.005683 0.005077
0.005095 0.005701 0.005895 0.005965 0.005998 0.006017 0.006031 0.006041 0.006048 0.006053 0.006057 0.006059 0.006061 0.006062 0.006062 0.006062 0.006062 0.006062 0.006062 0.006061 0.006061 0.006060 0.006059 0.006059 0.006058 0.006058 0.006057 0.006057 0.006056 0.006056 0.006055 0.006055 0.006054 0.006054 0.006053 0.006053 0.006052 0.006052 0.006051 0.006051 0.006050 0.006050 0.006050 0.006049 0.006049 0.006048 0.006048 0.006048 0.006047 0.006047 0.006046 0.006046 0.006046 0.006045 0.006045 0.006045 0.006044 0.006044 0.006044 0.006043 0.006043 0.006043 0.006042 0.006042 0.006042 0.006042 0.006041 0.006041 0.006041 0.006041 0.006040 0.006040 0.006040 0.006040 0.006039 0.006039 0.006039 0.006039 0.006039 0.006038 0.006038 0.006038 0.006038 0.006038 0.006038 0.006037 0.006037 0.006037 0.006037 0.006037 0.006037 0.006037 0.006037 0.006037 0.006037 0.006036 0.006036 0.006036 0.006036 0.006036 0.006036 0.006036 0.006036 0.006036 0.006036 0.006036 0.006036 0.006037 0.006037 0.006037 0.006037 0.006037 0.006037 0.006037 0.006037 0.006037 0.006037 0.006038 0.006038 0.006038 0.006038 0.006038 0.006038 0.006039 0.006039 0.006039 0.006039 0.006039 0.006040 0.006040 0.006040 0.006040 0.006041 0.006041 0.006041 0.006041 0.006042 0.006042 0.006042 0.006042 0.006043 0.006043 0.006043 0.006044 0.006044 0.006044 0.006045 0.006045 0.006045 0.006046 0.006046 0.006046 0.006047 0.006047 0.006048 0.006048 0.006048 0.006049 0.006049 0.006050 0.006050 0.006050 0.006051 0.006051 0.006052 0.006052 0.006053 0.006053 0.006054 0.006054 0.006055 0.006055 0.006056 0.006056 0.006057 0.006057 0.006058 0.006058 0.006059 0.006059 0.006060 0.006061 0.006061 0.006062 0.006062 0.006062 0.006062 0.006062 0.006062 0.006061 0.006059 0.006057 0.006053 0.006048 0.006041 0.006031 0.006017 0.005998 0.005965 0.005895 0.005701 0.005095
0.005121 0.005729 0.005923 0.005994 0.006027 0.006046 0.006060 0.006069 0.006077 0.006082 0.006085 0.006087 0.006089 0.006089 0.006089 0.006089 0.006088 0.006088 0.006087 0.006086 0.006085 0.006084 0.006084 0.006083 0.006082 0.006081 0.006080 0.006080 0.006079 0.006078 0.006078 0.006077 0.006076 0.006076 0.006075 0.006075 0.006074 0.006074 0.006073 0.006072 0.006072 0.006072 0.006071 0.006071 0.006070 0.006070 0.006069 0.006069 0.006068 0.006068 0.006068 0.006067 0.006067 0.006066 0.006066 0.006066 0.006065 0.006065 0.006065 0.006064 0.006064 0.006064 0.006063 0.006063 0.006063 0.006063 0.006062 0.006062 0.006062 0.006061 0.006061 0.006061 0.006061 0.006060 0.006060 0.006060 0.006060 0.006060 0.006059 0.006059 0.006059 0.006059 0.006059 0.006059 0.006058 0.006058 0.006058 0.006058 0.006058 0.006058 0.006058 0.006058 0.006058 0.006058 0.006057 0.006057 0.006057 0.006057 0.006057 0.006057 0.006057 0.006057 0.006057 0.006057 0.006057 0.006057 0.006057 0.006057 0.006058 0.006058 0.006058 0.006058 0.006058 0.006058 0.006058 0.006058 0.006058 0.006058 0.006059 0.006059 0.006059 0.006059 0.006059 0.006059 0.006060 0.006060 0.006060 0.006060 0.006060 0.006061 0.006061 0.006061 0.006061 0.006062 0.006062 0.006062 0.006063 0.006063 0.006063 0.006063 0.006064 0.006064 0.006064 0.006065 0.006065 0.006065 0.006066 0.006066 0.006066 0.006067 0.006067 0.006068 0.006068 0.006068 0.006069 0.006069 0.006070 0.006070 0.006071 0.006071 0.006072 0.006072 0.006072 0.006073 0.006074 0.006074 0.006075 0.006075 0.006076 0.006076 0.006077 0.006078 0.006078 0.006079 0.006080 0.006080 0.006081 0.006082 0.006083 0.006084 0.006084 0.006085 0.006086 0.006087 0.006088 0.006088 0.006089 0.006089 0.006089 0.006089 0.006087 0.006085 0.006082 0.006077 0.006069 0.006060 0.006046 0.006027 0.005994 0.005923 0.005729 0.005121
0.005160 0.005770 0.005964 0.006036 0.006069 0.006088 0.006102 0.006112 0.006119 0.006123 0.006126 0.006128 0.006129 0.006129 0.006129 0.006128 0.006127 0.006126 0.006124 0.006123 0.006122 0.006121 0.006120 0.006118 0.006117 0.006116 0.006115 0.006114 0.006113 0.006112 0.006111 0.006111 0.006110 0.006109 0.006108 0.006108 0.006107 0.006106 0.006106 0.006105 0.006105 0.006104 0.006103 0.006103 0.006102 0.006102 0.006101 0.006101 0.006101 0.006100 0.006100 0.006099 0.006099 0.006098 0.006098 0.006098 0.006097 0.006097 0.006097 0.006096 0.006096 0.006096 0.006095 0.006095 0.006095 0.006094 0.006094 0.006094 0.006094 0.006093 0.006093 0.006093 0.006093 0.006092 0.006092 0.006092 0.006092 0.006092 0.006091 0.006091 0.006091 0.006091 0.006091 0.006091 0.006091 0.006090 0.006090 0.006090 0.006090 0.006090 0.006090 0.006090 0.006090 0.006090 0.006090 0.006090 0.006090 0.006089 0.006089 0.006089 0.006089 0.006089 0.006089 0.006089 0.006089 0.006090 0.006090 0.006090 0.006090 0.006090 0.006090 0.006090 0.006090 0.006090 0.006090 0.006090 0.006090 0.006091 0.006091 0.006091 0.006091 0.006091 0.006091 0.006091 0.006092 0.006092 0.006092 0.006092 0.006092 0.006093 0.006093 0.006093 0.006093 0.006094 0.006094 0.006094 0.006094 0.006095 0.006095 0.006095 0.006096 0.006096 0.006096 0.006097 0.006097 0.006097 0.006098 0.006098 0.006098 0.006099 0.006099 0.006100 0.006100 0.006101 0.006101 0.006101 0.006102 0.006102 0.006103 0.006103 0.006104 0.006105 0.006105 0.006106 0.006106 0.006107 0.006108 0.006108 0.006109 0.006110 0.006111 0.006111 0.006112 0.006113 0.006114 0.006115 0.006116 0.006117 0.006118 0.006120 0.006121 0.006122 0.006123 0.006124 0.006126 0.006127 0.006128 0.006129 0.006129 0.006129 0.006128 0.006126 0.006123 0.006119 0.006112 0.006102 0.006088 0.006069 0.006036 0.005964 0.005770 0.005160
0.005215 0.005827 0.006023 0.006095 0.006128 0.006148 0.006162 0.006171 0.006178 0.006183 0.006185 0.006186 0.006186 0.006186 0.006185 0.006183 0.006182 0.006180 0.006178 0.006176 0.006175 0.006173 0.006171 0.006170 0.006168 0.006167 0.006165 0.006164 0.006163 0.006162 0.006160 0.006159 0.006158 0.006157 0.006157 0.006156 0.006155 0.006154 0.006153 0.006153 0.006152 0.006151 0.006151 0.006150 0.006150 0.006149 0.006148 0.006148 0.006147 0.006147 0.006147 0.006146 0.006146 0.006145 0.006145 0.006144 0.006144 0.006144 0.006143 0.006143 0.006143 0.006142 0.006142 0.006142 0.006142 0.006141 0.006141 0.006141 0.006141 0.006140 0.006140 0.006140 0.006140 0.006139 0.006139 0.006139 0.006139 0.006139 0.006139 0.006138 0.006138 0.006138 0.006138 0.006138 0.006138 0.006138 0.006137 0.006137 0.006137 0.006137 0.006137 0.006137 0.006137 0.006137 0.006137 0.006137 0.006137 0.006137 0.006137 0.006137 0.006137 0.006137 0.006137 0.006137 0.006137 0.006137 0.006137 0.006137 0.006137 0.006137 0.006137 0.006137 0.006137 0.006137 0.006137 0.006137 0.006138 0.006138 0.006138 0.006138 0.006138 0.006138 0.006138 0.006139 0.006139 0.006139 0.006139 0.006139 0.006139 0.006140 0.006140 0.006140 0.006140 0.006141 0.006141 0.006141 0.006141 0.006142 0.006142 0.006142 0.006142 0.006143 0.006143 0.006143 0.006144 0.006144 0.006144 0.006145 0.006145 0.006146 0.006146 0.006147 0.006147 0.006147 0.006148 0.006148 0.006149 0.006150 0.006150 0.006151 0.006151 0.006152 0.006153 0.006153 0.006154 0.006155 0.006156 0.006157 0.006157 0.006158 0.006159 0.006160 0.006162 0.006163 0.006164 0.006165 0.006167 0.006168 0.006170 0.006171 0.006173 0.006175 0.006176 0.006178 0.006180 0.006182 0.006183 0.006185 0.006186 0.006186 0.006186 0.006185 0.006183 0.006178 0.006171 0.006162 0.006148 0.006128 0.006095 0.006023 0.005827 0.005215
0.005293 0.005908 0.006105 0.006178 0.006212 0.006232 0.006245 0.006255 0.006261 0.006265 0.006267 0.006267 0.006266 0.006265 0.006263 0.006261 0.006258 0.006256 0.006253 0.006251 0.006248 0.006246 0.006243 0.006241 0.006239 0.006237 0.006236 0.006234 0.006232 0.006231 0.006229 0.006228 0.006227 0.006226 0.006225 0.006224 0.006223 0.006222 0.006221 0.006220 0.006219 0.006218 0.006218 0.006217 0.006216 0.006216 0.006215 0.006215 0.006214 0.006214 0.006213 0.006213 0.006212 0.006212 0.006211 0.006211 0.006211 0.006210 0.006210 0.006210 0.006209 0.006209 0.006209 0.006208 0.006208 0.006208 0.006208 0.006207 0.006207 0.006207 0.006207 0.006207 0.006206 0.006206 0.006206 0.006206 0.006206 0.006206 0.006205 0.006205 0.006205 0.006205 0.006205 0.006205 0.006205 0.006205 0.006204 0.006204 0.006204 0.006204 0.006204 0.006204 0.006204 0.006204 0.006204 0.006204 0.006204 0.006204 0.006204 0.006204 0.006204 0.006204 0.006204 0.006204 0.006204 0.006204 0.006204 0.006204 0.006204 0.006204 0.006204 0.006204 0.006204 0.006204 0.006204 0.006204 0.006205 0.006205 0.006205 0.006205 0.006205 0.006205 0.006205 0.006205 0.006206 0.006206 0.006206 0.006206 0.006206 0.006206 0.006207 0.006207 0.006207 0.006207 0.006207 0.006208 0.006208 0.006208 0.006208 0.006209 0.006209 0.006209 0.006210 0.006210 0.006210 0.006211 0.006211 0.006211 0.006212 0.006212 0.006213 0.006213 0.006214 0.006214 0.006215 0.006215 0.006216 0.006216 0.006217 0.006218 0.006218 0.006219 0.006220 0.006221 0.006222 0.006223 0.006224 0.006225 0.006226 0.006227 0.006228 0.006229 0.006231 0.006232 0.006234 0.006236 0.006237 0.006239 0.006241 0.006243 0.006246 0.006248 0.006251 0.006253 0.006256 0.006258 0.006261 0.006263 0.006265 0.006266 0.006267 0.006267 0.006265 0.006261 0.006255 0.006245 0.006232 0.006212 0.006178 0.006105 0.005908 0.005293
0.005401 0.006019 0.006217 0.006290 0.006325 0.006345 0.006359 0.006368 0.006373 0.006377 0.006378 0.006377 0.006375 0.006373 0.006370 0.006366 0.006363 0.006359 0.006356 0.006352 0.006349 0.006346 0.006343 0.006340 0.006337 0.006335 0.006332 0.006330 0.006328 0.006326 0.006324 0.006323 0.006321 0.006320 0.006318 0.006317 0.006316 0.006315 0.006314 0.006313 0.006312 0.006311 0.006310 0.006309 0.006309 0.006308 0.006307 0.006307 0.006306 0.006306 0.006305 0.006305 0.006304 0.006304 0.006304 0.006303 0.006303 0.006302 0.006302 0.006302 0.006302 0.006301 0.006301 0.006301 0.006301 0.006300 0.006300 0.006300 0.006300 0.006300 0.006299 0.006299 0.006299 0.006299 0.006299 0.006299 0.006298 0.006298 0.006298 0.006298 0.006298 0.006298 0.006298 0.006298 0.006298 0.006297 0.006297 0.006297 0.006297 0.006297 0.006297 0.006297 0.006297 0.006297 0.006297 0.006297 0.006297 0.006297 0.006297 0.006297 0.006297 0.006297 0.006297 0.006297 0.006297 0.006297 0.006297 0.006297 0.006297 0.006297 0.006297 0.006297 0.006297 0.006297 0.006297 0.006297 0.006297 0.006298 0.006298 0.006298 0.006298 0.006298 0.006298 0.006298 0.006298 0.006298 0.006299 0.006299 0.006299 0.006299 0.006299 0.006299 0.006300 0.006300 0.006300 0.006300 0.006300 0.006301 0.006301 0.006301 0.006301 0.006302 0.006302 0.006302 0.006302 0.006303 0.006303 0.006304 0.006304 0.006304 0.006305 0.006305 0.006306 0.006306 0.006307 0.006307 0.006308 0.006309 0.006309 0.006310 0.006311 0.006312 0.006313 0.006314 0.006315 0.006316 0.006317 0.006318 0.006320 0.006321 0.006323 0.006324 0.006326 0.006328 0.006330 0.006332 0.006335 0.006337 0.006340 0.006343 0.006346 0.006349 0.006352 0.006356 0.006359 0.006363 0.006366 0.006370 0.006373 0.006375 0.006377 0.006378 0.006377 0.006373 0.006368 0.006359 0.006345 0.006325 0.006290 0.006217 0.006019 0.005401
0.005545 0.006168 0.006367 0.006442 0.006477 0.006498 0.006511 0.006519 0.006524 0.006526 0.006526 0.006524 0.006521 0.006517 0.006512 0.006507 0.006502 0.006498 0.006493 0.006488 0.006484 0.006480 0.006476 0.006472 0.006469 0.006466 0.006463 0.006460 0.006457 0.006455 0.006453 0.006451 0.006449 0.006447 0.006445 0.006444 0.006442 0.006441 0.006440 0.006438 0.006437 0.006436 0.006435 0.006435 0.006434 0.006433 0.006432 0.006432 0.006431 0.006431 0.006430 0.006430 0.006429 0.006429 0.006428 0.006428 0.006428 0.006427 0.006427 0.006427 0.006427 0.006426 0.006426 0.006426 0.006426 0.006425 0.006425 0.006425 0.006425 0.006425 0.006425 0.006425 0.006424 0.006424 0.006424 0.006424 0.006424 0.006424 0.006424 0.006424 0.006424 0.006424 0.006424 0.006423 0.006423 0.006423 0.006423 0.006423 0.006423 0.006423 0.006423 0.006423 0.006423 0.006423 0.006423 0.006423 0.006423 0.006423 0.006423 0.006423 0.006423 0.006423 0.006423 0.006423 0.006423 0.006423 0.006423 0.006423 0.006423 0.006423 0.006423 0.006423 0.006423 0.006423 0.006423 0.006423 0.006423 0.006423 0.006423 0.006424 0.006424 0.006424 0.006424 0.006424 0.006424 0.006424 0.006424 0.006424 0.006424 0.006424 0.006425 0.006425 0.006425 0.006425 0.006425 0.006425 0.006425 0.006426 0.006426 0.006426 0.006426 0.006427 0.006427 0.006427 0.006427 0.006428 0.006428 0.006428 0.006429 0.006429 0.006430 0.006430 0.006431 0.006431 0.006432 0.006432 0.006433 0.006434 0.006435 0.006435 0.006436 0.006437 0.006438 0.006440 0.006441 0.006442 0.006444 0.006445 0.006447 0.006449 0.006451 0.006453 0.006455 0.006457 0.006460 0.006463 0.006466 0.006469 0.006472 0.006476 0.006480 0.006484 0.006488 0.006493 0.006498 0.006502 0.006507 0.006512 0.006517 0.006521 0.006524 0.006526 0.006526 0.006524 0.006519 0.006511 0.006498 0.006477 0.006442 0.006367 0.006168 0.005545
0.005737 0.006364 0.006566 0.006641 0.006677 0.006697 0.006710 0.006718 0.006721 0.006722 0.006720 0.006716 0.006711 0.006705 0.006699 0.006692 0.006686 0.006680 0.006673 0.006667 0.006662 0.006656 0.006651 0.006647 0.006642 0.006638 0.006635 0.006631 0.006628 0.006625 0.006622 0.006619 0.006617 0.006615 0.006613 0.006611 0.006609 0.006608 0.006606 0.006605 0.006604 0.006602 0.006601 0.006600 0.006600 0.006599 0.006598 0.006597 0.006597 0.006596 0.006596 0.006595 0.006595 0.006594 0.006594 0.006594 0.006593 0.006593 0.006593 0.006592 0.006592 0.006592 0.006592 0.006592 0.006592 0.006591 0.006591 0.006591 0.006591 0.006591 0.006591 0.006591 0.006591 0.006591 0.006591 0.006591 0.006591 0.006590 0.006590 0.006590 0.006590 0.006590 0.006590 0.006590 0.006590 0.006590 0.006590 0.006590 0.006590 0.006590 0.006590 0.006590 0.006590 0.006590 0.006590 0.006590 0.006590 0.006590 0.006590 0.006590 0.006590 0.006590 0.006590 0.006590 0.006590 0.006590 0.006590 0.006590 0.006590 0.006590 0.006590 0.006590 0.006590 0.006590 0.006590 0.006590 0.006590 0.006590 0.006590 0.006590 0.006590 0.006590 0.006590 0.006590 0.006590 0.006591 0.006591 0.006591 0.006591 0.006591 0.006591 0.006591 0.006591 0.006591 0.006591 0.006591 0.006591 0.006592 0.006592 0.006592 0.006592 0.006592 0.006592 0.006593 0.006593 0.006593 0.006594 0.006594 0.006594 0.006595 0.006595 0.006596 0.006596 0.006597 0.006597 0.006598 0.006599 0.006600 0.006600 0.006601 0.006602 0.006604 0.006605 0.006606 0.006608 0.006609 0.006611 0.006613 0.006615 0.006617 0.006619 0.006622 0.006625 0.006628 0.006631 0.006635 0.006638 0.006642 0.006647 0.006651 0.006656 0.006662 0.006667 0.006673 0.006680 0.006686 0.006692 0.006699 0.006705 0.006711 0.006716 0.006720 0.006722 0.006721 0.006718 0.006710 0.006697 0.006677 0.006641 0.006566 0.006364 0.005737
0.005986 0.006619 0.006822 0.006899 0.006935 0.006955 0.006967 0.006973 0.006975 0.006973 0.006969 0.006963 0.006956 0.006948 0.006939 0.006931 0.006922 0.006914 0.006906 0.006898 0.006891 0.006884 0.006878 0.006872 0.006867 0.006862 0.006857 0.006853 0.006849 0.006845 0.006842 0.006838 0.006835 0.006833 0.006830 0.006828 0.006826 0.006824 0.006822 0.006821 0.006819 0.006818 0.006817 0.006816 0.006815 0.006814 0.006813 0.006812 0.006812 0.006811 0.006810 0.006810 0.006810 0.006809 0.006809 0.006809 0.006808 0.006808 0.006808 0.006808 0.006807 0.006807 0.006807 0.006807 0.006807 0.006807 0.006807 0.006807 0.006807 0.006807 0.006807 0.006807 0.006807 0.006807 0.006807 0.006807 0.006807 0.006807 0.006807 0.006807 0.006807 0.006807 0.006807 0.006807 0.006807 0.006807 0.006807 0.006807 0.006807 0.006807 0.006807 0.006807 0.006807 0.006807 0.006807 0.006807 0.006807 0.006807 0.006807 0.006807 0.006807 0.006807 0.006807 0.006807 0.006807 0.006807 0.006807 0.006807 0.006807 0.006807 0.006807 0.006807 0.006807 0.006807 0.006807 0.006807 0.006807 0.006807 0.006807 0.006807 0.006807 0.006807 0.006807 0.006807 0.006807 0.006807 0.006807 0.006807 0.006807 0.006807 0.006807 0.006807 0.006807 0.006807 0.006807 0.006807 0.006807 0.006807 0.006807 0.006807 0.006807 0.006807 0.006808 0.006808 0.006808 0.006808 0.006809 0.006809 0.006809 0.006810 0.006810 0.006810 0.006811 0.006812 0.006812 0.006813 0.006814 0.006815 0.006816 0.006817 0.006818 0.006819 0.006821 0.006822 0.006824 0.006826 0.006828 0.006830 0.006833 0.006835 0.006838 0.006842 0.006845 0.006849 0.006853 0.006857 0.006862 0.006867 0.006872 0.006878 0.006884 0.006891 0.006898 0.006906 0.006914 0.006922 0.006931 0.006939 0.006948 0.006956 0.006963 0.006969 0.006973 0.006975 0.006973 0.006967 0.006955 0.006935 0.006899 0.006822 0.006619 0.005986
0.006304 0.006942 0.007148 0.007226 0.007262 0.007281 0.007291 0.007295 0.007295 0.007290 0.007284 0.007275 0.007265 0.007254 0.007243 0.007231 0.007220 0.007210 0.007200 0.007190 0.007181 0.007173 0.007165 0.007158 0.007151 0.007145 0.007139 0.007134 0.007129 0.007124 0.007120 0.007117 0.007113 0.007110 0.007107 0.007104 0.007102 0.007100 0.007098 0.007096 0.007094 0.007092 0.007091 0.007090 0.007089 0.007088 0.007087 0.007086 0.007085 0.007085 0.007084 0.007084 0.007083 0.007083 0.007083 0.007082 0.007082 0.007082 0.007082 0.007082 0.007082 0.007082 0.007081 0.007081 0.007081 0.007081 0.007081 0.007081 0.007082 0.007082 0.007082 0.007082 0.007082 0.007082 0.007082 0.007082 0.007082 0.007082 0.007082 0.007082 0.007082 0.007082 0.007082 0.007082 0.007082 0.007082 0.007083 0.007083 0.007083 0.007083 0.007083 0.007083 0.007083 0.007083 0.007083 0.007083 0.007083 0.007083 0.007083 0.007083 0.007083 0.007083 0.007083 0.007083 0.007083 0.007083 0.007083 0.007083 0.007083 0.007083 0.007083 0.007083 0.007083 0.007083 0.007083 0.007083 0.007082 0.007082 0.007082 0.007082 0.007082 0.007082 0.007082 0.007082 0.007082 0.007082 0.007082 0.007082 0.007082 0.007082 0.007082 0.007082 0.007082 0.007082 0.007081 0.007081 0.007081 0.007081 0.007081 0.007081 0.007082 0.007082 0.007082 0.007082 0.007082 0.007082 0.007082 0.007083 0.007083 0.007083 0.007084 0.007084 0.007085 0.007085 0.007086 0.007087 0.007088 0.007089 0.007090 0.007091 0.007092 0.007094 0.007096 0.007098 0.007100 0.007102 0.007104 0.007107 0.007110 0.007113 0.007117 0.007120 0.007124 0.007129 0.007134 0.007139 0.007145 0.007151 0.007158 0.007165 0.007173 0.007181 0.007190 0.007200 0.007210 0.007220 0.007231 0.007243 0.007254 0.007265 0.007275 0.007284 0.007290 0.007295 0.007295 0.007291 0.007281 0.007262 0.007226 0.007148 0.006942 0.006304
0.006701 0.007346 0.007554 0.007632 0.007667 0.007684 0.007692 0.007694 0.007690 0.007683 0.007672 0.007660 0.007646 0.007632 0.007618 0.007603 0.007590 0.007577 0.007564 0.007552 0.007541 0.007531 0.007521 0.007513 0.007504 0.007497 0.007490 0.007484 0.007478 0.007472 0.007467 0.007463 0.007459 0.007455 0.007452 0.007448 0.007446 0.007443 0.007441 0.007438 0.007437 0.007435 0.007433 0.007432 0.007431 0.007430 0.007429 0.007428 0.007427 0.007426 0.007426 0.007425 0.007425 0.007425 0.007424 0.007424 0.007424 0.007424 0.007424 0.007424 0.007424 0.007424 0.007424 0.007424 0.007424 0.007424 0.007424 0.007424 0.007424 0.007424 0.007424 0.007425 0.007425 0.007425 0.007425 0.007425 0.007425 0.007425 0.007426 0.007426 0.007426 0.007426 0.007426 0.007426 0.007426 0.007426 0.007426 0.007426 0.007427 0.007427 0.007427 0.007427 0.007427 0.007427 0.007427 0.007427 0.007427 0.007427 0.007427 0.007427 0.007427 0.007427 0.007427 0.007427 0.007427 0.007427 0.007427 0.007427 0.007427 0.007427 0.007427 0.007427 0.007427 0.007427 0.007426 0.007426 0.007426 0.007426 0.007426 0.007426 0.007426 0.007426 0.007426 0.007426 0.007425 0.007425 0.007425 0.007425 0.007425 0.007425 0.007425 0.007424 0.007424 0.007424 0.007424 0.007424 0.007424 0.007424 0.007424 0.007424 0.007424 0.007424 0.007424 0.007424 0.007424 0.007424 0.007424 0.007424 0.007425 0.007425 0.007425 0.007426 0.007426 0.007427 0.007428 0.007429 0.007430 0.007431 0.007432 0.007433 0.007435 0.007437 0.007438 0.007441 0.007443 0.007446 0.007448 0.007452 0.007455 0.007459 0.007463 0.007467 0.007472 0.007478 0.007484 0.007490 0.007497 0.007504 0.007513 0.007521 0.007531 0.007541 0.007552 0.007564 0.007577 0.007590 0.007603 0.007618 0.007632 0.007646 0.007660 0.007672 0.007683 0.007690 0.007694 0.007692 0.007684 0.007667 0.007632 0.007554 0.007346 0.006701
0.007187 0.007838 0.008048 0.008126 0.008159 0.008174 0.008179 0.008177 0.008169 0.008157 0.008142 0.008126 0.008108 0.008090 0.008072 0.008054 0.008037 0.008021 0.008006 0.007992 0.007979 0.007966 0.007955 0.007944 0.007935 0.007926 0.007917 0.007910 0.007903 0.007897 0.007891 0.007886 0.007881 0.007876 0.007872 0.007869 0.007865 0.007862 0.007860 0.007857 0.007855 0.007853 0.007851 0.007850 0.007848 0.007847 0.007846 0.007845 0.007844 0.007844 0.007843 0.007843 0.007842 0.007842 0.007842 0.007842 0.007842 0.007842 0.007842 0.007842 0.007842 0.007842 0.007842 0.007842 0.007842 0.007842 0.007843 0.007843 0.007843 0.007843 0.007843 0.007844 0.007844 0.007844 0.007844 0.007844 0.007845 0.007845 0.007845 0.007845 0.007845 0.007846 0.007846 0.007846 0.007846 0.007846 0.007846 0.007846 0.007847 0.007847 0.007847 0.007847 0.007847 0.007847 0.007847 0.007847 0.007847 0.007847 0.007847 0.007847 0.007847 0.007847 0.007847 0.007847 0.007847 0.007847 0.007847 0.007847 0.007847 0.007847 0.007847 0.007847 0.007847 0.007847 0.007846 0.007846 0.007846 0.007846 0.007846 0.007846 0.007846 0.007845 0.007845 0.007845 0.007845 0.007845 0.007844 0.007844 0.007844 0.007844 0.007844 0.007843 0.007843 0.007843 0.007843 0.007843 0.007842 0.007842 0.007842 0.007842 0.007842 0.007842 0.007842 0.007842 0.007842 0.007842 0.007842 0.007842 0.007842 0.007842 0.007843 0.007843 0.007844 0.007844 0.007845 0.007846 0.007847 0.007848 0.007850 0.007851 0.007853 0.007855 0.007857 0.007860 0.007862 0.007865 0.007869 0.007872 0.007876 0.007881 0.007886 0.007891 0.007897 0.007903 0.007910 0.007917 0.007926 0.007935 0.007944 0.007955 0.007966 0.007979 0.007992 0.008006 0.008021 0.008037 0.008054 0.008072 0.008090 0.008108 0.008126 0.008142 0.008157 0.008169 0.008177 0.008179 0.008174 0.008159 0.008126 0.008048 0.007838 0.007187
0.007770 0.008426 0.008637 0.008714 0.008745 0.008756 0.008756 0.008749 0.008736 0.008719 0.008699 0.008677 0.008655 0.008632 0.008610 0.008588 0.008568 0.008549 0.008531 0.008514 0.008498 0.008484 0.008470 0.008458 0.008447 0.008436 0.008427 0.008418 0.008410 0.008403 0.008396 0.008390 0.008384 0.008379 0.008375 0.008371 0.008367 0.008363 0.008360 0.008358 0.008355 0.008353 0.008351 0.008349 0.008348 0.008347 0.008345 0.008344 0.008344 0.008343 0.008342 0.008342 0.008342 0.008341 0.008341 0.008341 0.008341 0.008341 0.008341 0.008341 0.008341 0.008342 0.008342 0.008342 0.008342 0.008343 0.008343 0.008343 0.008343 0.008344 0.008344 0.008344 0.008345 0.008345 0.008345 0.008346 0.008346 0.008346 0.008346 0.008347 0.008347 0.008347 0.008347 0.008348 0.008348 0.008348 0.008348 0.008348 0.008348 0.008349 0.008349 0.008349 0.008349 0.008349 0.008349 0.008349 0.008349 0.008349 0.008349 0.008349 0.008349 0.008349 0.008349 0.008349 0.008349 0.008349 0.008349 0.008349 0.008349 0.008349 0.008349 0.008349 0.008349 0.008348 0.008348 0.008348 0.008348 0.008348 0.008348 0.008347 0.008347 0.008347 0.008347 0.008346 0.008346 0.008346 0.008346 0.008345 0.008345 0.008345 0.008344 0.008344 0.008344 0.008343 0.008343 0.008343 0.008343 0.008342 0.008342 0.008342 0.008342 0.008341 0.008341 0.008341 0.008341 0.008341 0.008341 0.008341 0.008341 0.008342 0.008342 0.008342 0.008343 0.008344 0.008344 0.008345 0.008347 0.008348 0.008349 0.008351 0.008353 0.008355 0.008358 0.008360 0.008363 0.008367 0.008371 0.008375 0.008379 0.008384 0.008390 0.008396 0.008403 0.008410 0.008418 0.008427 0.008436 0.008447 0.008458 0.008470 0.008484 0.008498 0.008514 0.008531 0.008549 0.008568 0.008588 0.008610 0.008632 0.008655 0.008677 0.008699 0.008719 0.008736 0.008749 0.008756 0.008756 0.008745 0.008714 0.008637 0.008426 0.007770
0.008453 0.009111 0.009323 0.009398 0.009424 0.009430 0.009424 0.009411 0.009391 0.009368 0.009342 0.009314 0.009286 0.009259 0.009232 0.009206 0.009182 0.009160 0.009139 0.009119 0.009101 0.009084 0.009069 0.009055 0.009042 0.009030 0.009020 0.009010 0.009001 0.008992 0.008985 0.008978 0.008972 0.008966 0.008961 0.008956 0.008952 0.008948 0.008945 0.008942 0.008939 0.008937 0.008935 0.008933 0.008931 0.008930 0.008929 0.008928 0.008927 0.008926 0.008925 0.008925 0.008925 0.008924 0.008924 0.008924 0.008924 0.008924 0.008925 0.008925 0.008925 0.008925 0.008926 0.008926 0.008926 0.008927 0.008927 0.008927 0.008928 0.008928 0.008929 0.008929 0.008929 0.008930 0.008930 0.008930 0.008931 0.008931 0.008932 0.008932 0.008932 0.008932 0.008933 0.008933 0.008933 0.008933 0.008934 0.008934 0.008934 0.008934 0.008934 0.008935 0.008935 0.008935 0.008935 0.008935 0.008935 0.008935 0.008935 0.008935 0.008935 0.008935 0.008935 0.008935 0.008935 0.008935 0.008935 0.008935 0.008935 0.008935 0.008935 0.008934 0.008934 0.008934 0.008934 0.008934 0.008933 0.008933 0.008933 0.008933 0.008932 0.008932 0.008932 0.008932 0.008931 0.008931 0.008930 0.008930 0.008930 0.008929 0.008929 0.008929 0.008928 0.008928 0.008927 0.008927 0.008927 0.008926 0.008926 0.008926 0.008925 0.008925 0.008925 0.008925 0.008924 0.008924 0.008924 0.008924 0.008924 0.008925 0.008925 0.008925 0.008926 0.008927 0.008928 0.008929 0.008930 0.008931 0.008933 0.008935 0.008937 0.008939 0.008942 0.008945 0.008948 0.008952 0.008956 0.008961 0.008966 0.008972 0.008978 0.008985 0.008992 0.009001 0.009010 0.009020 0.009030 0.009042 0.009055 0.009069 0.009084 0.009101 0.009119 0.009139 0.009160 0.009182 0.009206 0.009232 0.009259 0.009286 0.009314 0.009342 0.009368 0.009391 0.009411 0.009424 0.009430 0.009424 0.009398 0.009323 0.009111 0.008453
0.009230 0.009889 0.010100 0.010170 0.010191 0.010190 0.010176 0.010155 0.010128 0.010097 0.010064 0.010030 0.009996 0.009964 0.009932 0.009902 0.009874 0.009848 0.009824 0.009802 0.009782 0.009763 0.009746 0.009731 0.009716 0.009703 0.009691 0.009680 0.009670 0.009661 0.009653 0.009646 0.009639 0.009632 0.009627 0.009622 0.009617 0.009613 0.009609 0.009606 0.009603 0.009601 0.009598 0.009596 0.009595 0.009593 0.009592 0.009591 0.009590 0.009589 0.009589 0.009588 0.009588 0.009588 0.009588 0.009588 0.009588 0.009588 0.009588 0.009589 0.009589 0.009589 0.009590 0.009590 0.009590 0.009591 0.009591 0.009592 0.009592 0.009593 0.009593 0.009594 0.009594 0.009595 0.009595 0.009596 0.009596 0.009596 0.009597 0.009597 0.009598 0.009598 0.009598 0.009599 0.009599 0.009599 0.009599 0.009600 0.009600 0.009600 0.009600 0.009600 0.009601 0.009601 0.009601 0.009601 0.009601 0.009601 0.009601 0.009601 0.009601 0.009601 0.009601 0.009601 0.009601 0.009601 0.009601 0.009601 0.009601 0.009601 0.009600 0.009600 0.009600 0.009600 0.009600 0.009599 0.009599 0.009599 0.009599 0.009598 0.009598 0.009598 0.009597 0.009597 0.009596 0.009596 0.009596 0.009595 0.009595 0.009594 0.009594 0.009593 0.009593 0.009592 0.009592 0.009591 0.009591 0.009590 0.009590 0.009590 0.009589 0.009589 0.009589 0.009588 0.009588 0.009588 0.009588 0.009588 0.009588 0.009588 0.009588 0.009589 0.009589 0.009590 0.009591 0.009592 0.009593 0.009595 0.009596 0.009598 0.009601 0.009603 0.009606 0.009609 0.009613 0.009617 0.009622 0.009627 0.009632 0.009639 0.009646 0.009653 0.009661 0.009670 0.009680 0.009691 0.009703 0.009716 0.009731 0.009746 0.009763 0.009782 0.009802 0.009824 0.009848 0.009874 0.009902 0.009932 0.009964 0.009996 0.010030 0.010064 0.010097 0.010128 0.010155 0.010176 0.010190 0.010191 0.010170 0.010100 0.009889 0.009230
0.010091 0.010745 0.010953 0.011017 0.011030 0.011019 0.010996 0.010966 0.010930 0.010891 0.010850 0.010809 0.010770 0.010731 0.010695 0.010661 0.010630 0.010601 0.010574 0.010550 0.010528 0.010508 0.010489 0.010472 0.010457 0.010443 0.010430 0.010418 0.010408 0.010398 0.010389 0.010381 0.010374 0.010367 0.010361 0.010356 0.010351 0.010346 0.010342 0.010339 0.010336 0.010333 0.010331 0.010329 0.010327 0.010325 0.010324 0.010323 0.010322 0.010322 0.010321 0.010321 0.010320 0.010320 0.010320 0.010320 0.010320 0.010321 0.010321 0.010321 0.010322 0.010322 0.010323 0.010323 0.010324 0.010324 0.010325 0.010325 0.010326 0.010326 0.010327 0.010327 0.010328 0.010328 0.010329 0.010329 0.010330 0.010330 0.010331 0.010331 0.010332 0.010332 0.010332 0.010333 0.010333 0.010333 0.010334 0.010334 0.010334 0.010334 0.010335 0.010335 0.010335 0.010335 0.010335 0.010335 0.010336 0.010336 0.010336 0.010336 0.010336 0.010336 0.010336 0.010336 0.010336 0.010336 0.010335 0.010335 0.010335 0.010335 0.010335 0.010335 0.010334 0.010334 0.010334 0.010334 0.010333 0.010333 0.010333 0.010332 0.010332 0.010332 0.010331 0.010331 0.010330 0.010330 0.010329 0.010329 0.010328 0.010328 0.010327 0.010327 0.010326 0.010326 0.010325 0.010325 0.010324 0.010324 0.010323 0.010323 0.010322 0.010322 0.010321 0.010321 0.010321 0.010320 0.010320 0.010320 0.010320 0.010320 0.010321 0.010321 0.010322 0.010322 0.010323 0.010324 0.010325 0.010327 0.010329 0.010331 0.010333 0.010336 0.010339 0.010342 0.010346 0.010351 0.010356 0.010361 0.010367 0.010374 0.010381 0.010389 0.010398 0.010408 0.010418 0.010430 0.010443 0.010457 0.010472 0.010489 0.010508 0.010528 0.010550 0.010574 0.010601 0.010630 0.010661 0.010695 0.010731 0.010770 0.010809 0.010850 0.010891 0.010930 0.010966 0.010996 0.011019 0.011030 0.011017 0.010953 0.010745 0.010091
0.011009 0.011652 0.011854 0.011910 0.011912 0.011890 0.011856 0.011815 0.011769 0.011721 0.011673 0.011625 0.011579 0.011536 0.011496 0.011458 0.011424 0.011393 0.011364 0.011338 0.011315 0.011294 0.011274 0.011256 0.011240 0.011226 0.011213 0.011201 0.011189 0.011179 0.011170 0.011162 0.011155 0.011148 0.011142 0.011136 0.011131 0.011127 0.011123 0.011119 0.011116 0.011113 0.011111 0.011109 0.011107 0.011106 0.011104 0.011103 0.011102 0.011102 0.011101 0.011101 0.011101 0.011101 0.011101 0.011101 0.011101 0.011101 0.011102 0.011102 0.011102 0.011103 0.011103 0.011104 0.011104 0.011105 0.011105 0.011106 0.011107 0.011107 0.011108 0.011108 0.011109 0.011109 0.011110 0.011111 0.011111 0.011112 0.011112 0.011112 0.011113 0.011113 0.011114 0.011114 0.011114 0.011115 0.011115 0.011115 0.011116 0.011116 0.011116 0.011116 0.011117 0.011117 0.011117 0.011117 0.011117 0.011117 0.011117 0.011117 0.011117 0.011117 0.011117 0.011117 0.011117 0.011117 0.011117 0.011117 0.011117 0.011117 0.011116 0.011116 0.011116 0.011116 0.011115 0.011115 0.011115 0.011114 0.011114 0.011114 0.011113 0.011113 0.011112 0.011112 0.011112 0.011111 0.011111 0.011110 0.011109 0.011109 0.011108 0.011108 0.011107 0.011107 0.011106 0.011105 0.011105 0.011104 0.011104 0.011103 0.011103 0.011102 0.011102 0.011102 0.011101 0.011101 0.011101 0.011101 0.011101 0.011101 0.011101 0.011101 0.011102 0.011102 0.011103 0.011104 0.011106 0.011107 0.011109 0.011111 0.011113 0.011116 0.011119 0.011123 0.011127 0.011131 0.011136 0.011142 0.011148 0.011155 0.011162 0.011170 0.011179 0.011189 0.011201 0.011213 0.011226 0.011240 0.011256 0.011274 0.011294 0.011315 0.011338 0.011364 0.011393 0.011424 0.011458 0.011496 0.011536 0.011579 0.011625 0.011673 0.011721 0.011769 0.011815 0.011856 0.011890 0.011912 0.011910 0.011854 0.011652 0.011009
0.011945 0.012569 0.012760 0.012805 0.012794 0.012760 0.012713 0.012660 0.012604 0.012548 0.012491 0.012437 0.012386 0.012339 0.012295 0.012255 0.012219 0.012186 0.012157 0.012131 0.012107 0.012085 0.012066 0.012048 0.012032 0.012018 0.012005 0.011993 0.011982 0.011972 0.011963 0.011955 0.011948 0.011941 0.011935 0.011930 0.011925 0.011921 0.011917 0.011913 0.011910 0.011908 0.011905 0.011903 0.011902 0.011900 0.011899 0.011898 0.011897 0.011897 0.011896 0.011896 0.011896 0.011895 0.011896 0.011896 0.011896 0.011896 0.011896 0.011897 0.011897 0.011898 0.011898 0.011899 0.011899 0.011900 0.011901 0.011901 0.011902 0.011902 0.011903 0.011903 0.011904 0.011905 0.011905 0.011906 0.011906 0.011907 0.011907 0.011907 0.011908 0.011908 0.011909 0.011909 0.011909 0.011910 0.011910 0.011910 0.011911 0.011911 0.011911 0.011911 0.011911 0.011912 0.011912 0.011912 0.011912 0.011912 0.011912 0.011912 0.011912 0.011912 0.011912 0.011912 0.011912 0.011912 0.011912 0.011912 0.011912 0.011911 0.011911 0.011911 0.011911 0.011911 0.011910 0.011910 0.011910 0.011909 0.011909 0.011909 0.011908 0.011908 0.011907 0.011907 0.011907 0.011906 0.011906 0.011905 0.011905 0.011904 0.011903 0.011903 0.011902 0.011902 0.011901 0.011901 0.011900 0.011899 0.011899 0.011898 0.011898 0.011897 0.011897 0.011896 0.011896 0.011896 0.011896 0.011896 0.011895 0.011896 0.011896 0.011896 0.011897 0.011897 0.011898 0.011899 0.011900 0.011902 0.011903 0.011905 0.011908 0.011910 0.011913 0.011917 0.011921 0.011925 0.011930 0.011935 0.011941 0.011948 0.011955 0.011963 0.011972 0.011982 0.011993 0.012005 0.012018 0.012032 0.012048 0.012066 0.012085 0.012107 0.012131 0.012157 0.012186 0.012219 0.012255 0.012295 0.012339 0.012386 0.012437 0.012491 0.012548 0.012604 0.012660 0.012713 0.012760 0.012794 0.012805 0.012760 0.012569 0.011945
0.012840 0.013435 0.013613 0.013644 0.013619 0.013569 0.013510 0.013445 0.013379 0.013314 0.013251 0.013191 0.013137 0.013086 0.013041 0.013000 0.012963 0.012931 0.012902 0.012876 0.012853 0.012833 0.012814 0.012798 0.012783 0.012770 0.012758 0.012747 0.012737 0.012728 0.012719 0.012712 0.012705 0.012699 0.012694 0.012689 0.012684 0.012681 0.012677 0.012674 0.012671 0.012669 0.012667 0.012665 0.012663 0.012662 0.012661 0.012660 0.012659 0.012659 0.012658 0.012658 0.012658 0.012658 0.012658 0.012658 0.012658 0.012659 0.012659 0.012659 0.012660 0.012660 0.012661 0.012661 0.012662 0.012662 0.012663 0.012663 0.012664 0.012664 0.012665 0.012665 0.012666 0.012666 0.012667 0.012667 0.012668 0.012668 0.012669 0.012669 0.012669 0.012670 0.012670 0.012670 0.012671 0.012671 0.012671 0.012672 0.012672 0.012672 0.012672 0.012672 0.012673 0.012673 0.012673 0.012673 0.012673 0.012673 0.012673 0.012673 0.012673 0.012673 0.012673 0.012673 0.012673 0.012673 0.012673 0.012673 0.012673 0.012673 0.012672 0.012672 0.012672 0.012672 0.012672 0.012671 0.012671 0.012671 0.012670 0.012670 0.012670 0.012669 0.012669 0.012669 0.012668 0.012668 0.012667 0.012667 0.012666 0.012666 0.012665 0.012665 0.012664 0.012664 0.012663 0.012663 0.012662 0.012662 0.012661 0.012661 0.012660 0.012660 0.012659 0.012659 0.012659 0.012658 0.012658 0.012658 0.012658 0.012658 0.012658 0.012658 0.012659 0.012659 0.012660 0.012661 0.012662 0.012663 0.012665 0.012667 0.012669 0.012671 0.012674 0.012677 0.012681 0.012684 0.012689 0.012694 0.012699 0.012705 0.012712 0.012719 0.012728 0.012737 0.012747 0.012758 0.012770 0.012783 0.012798 0.012814 0.012833 0.012853 0.012876 0.012902 0.012931 0.012963 0.013000 0.013041 0.013086 0.013137 0.013191 0.013251 0.013314 0.013379 0.013445 0.013510 0.013569 0.013619 0.013644 0.013613 0.013435 0.012840
0.013618 0.014175 0.014335 0.014350 0.014308 0.014244 0.014171 0.014095 0.014020 0.013948 0.013881 0.013818 0.013762 0.013711 0.013666 0.013626 0.013591 0.013561 0.013535 0.013511 0.013491 0.013473 0.013457 0.013443 0.013430 0.013419 0.013409 0.013400 0.013391 0.013384 0.013377 0.013371 0.013366 0.013361 0.013356 0.013352 0.013348 0.013345 0.013342 0.013340 0.013338 0.013336 0.013334 0.013332 0.013331 0.013330 0.013329 0.013328 0.013328 0.013327 0.013327 0.013327 0.013327 0.013327 0.013327 0.013327 0.013327 0.013327 0.013327 0.013328 0.013328 0.013328 0.013329 0.013329 0.013330 0.013330 0.013330 0.013331 0.013331 0.013332 0.013332 0.013333 0.013333 0.013333 0.013334 0.013334 0.013334 0.013335 0.013335 0.013335 0.013336 0.013336 0.013336 0.013337 0.013337 0.013337 0.013337 0.013337 0.013338 0.013338 0.013338 0.013338 0.013338 0.013338 0.013338 0.013339 0.013339 0.013339 0.013339 0.013339 0.013339 0.013339 0.013339 0.013339 0.013339 0.013339 0.013339 0.013338 0.013338 0.013338 0.013338 0.013338 0.013338 0.013338 0.013337 0.013337 0.013337 0.013337 0.013337 0.013336 0.013336 0.013336 0.013335 0.013335 0.013335 0.013334 0.013334 0.013334 0.013333 0.013333 0.013333 0.013332 0.013332 0.013331 0.013331 0.013330 0.013330 0.013330 0.013329 0.013329 0.013328 0.013328 0.013328 0.013327 0.013327 0.013327 0.013327 0.013327 0.013327 0.013327 0.013327 0.013327 0.013327 0.013328 0.013328 0.013329 0.013330 0.013331 0.013332 0.013334 0.013336 0.013338 0.013340 0.013342 0.013345 0.013348 0.013352 0.013356 0.013361 0.013366 0.013371 0.013377 0.013384 0.013391 0.013400 0.013409 0.013419 0.013430 0.013443 0.013457 0.013473 0.013491 0.013511 0.013535 0.013561 0.013591 0.013626 0.013666 0.013711 0.013762 0.013818 0.013881 0.013948 0.014020 0.014095 0.014171 0.014244 0.014308 0.014350 0.014335 0.014175 0.013618
0.014186 0.014695 0.014835 0.014832 0.014774 0.014696 0.014611 0.014526 0.014445 0.014369 0.014299 0.014237 0.014181 0.014133 0.014092 0.014056 0.014026 0.014000 0.013978 0.013959 0.013943 0.013930 0.013918 0.013908 0.013899 0.013891 0.013884 0.013877 0.013872 0.013867 0.013862 0.013858 0.013854 0.013851 0.013848 0.013845 0.013843 0.013841 0.013839 0.013837 0.013836 0.013834 0.013833 0.013832 0.013831 0.013830 0.013830 0.013829 0.013829 0.013829 0.013828 0.013828 0.013828 0.013828 0.013828 0.013828 0.013828 0.013828 0.013828 0.013829 0.013829 0.013829 0.013829 0.013829 0.013830 0.013830 0.013830 0.013830 0.013831 0.013831 0.013831 0.013831 0.013832 0.013832 0.013832 0.013832 0.013832 0.013833 0.013833 0.013833 0.013833 0.013833 0.013833 0.013834 0.013834 0.013834 0.013834 0.013834 0.013834 0.013834 0.013834 0.013835 0.013835 0.013835 0.013835 0.013835 0.013835 0.013835 0.013835 0.013835 0.013835 0.013835 0.013835 0.013835 0.013835 0.013835 0.013835 0.013835 0.013835 0.013835 0.013835 0.013834 0.013834 0.013834 0.013834 0.013834 0.013834 0.013834 0.013834 0.013833 0.013833 0.013833 0.013833 0.013833 0.013833 0.013832 0.013832 0.013832 0.013832 0.013832 0.013831 0.013831 0.013831 0.013831 0.013830 0.013830 0.013830 0.013830 0.013829 0.013829 0.013829 0.013829 0.013829 0.013828 0.013828 0.013828 0.013828 0.013828 0.013828 0.013828 0.013828 0.013828 0.013829 0.013829 0.013829 0.013830 0.013830 0.013831 0.013832 0.013833 0.013834 0.013836 0.013837 0.013839 0.013841 0.013843 0.013845 0.013848 0.013851 0.013854 0.013858 0.013862 0.013867 0.013872 0.013877 0.013884 0.013891 0.013899 0.013908 0.013918 0.013930 0.013943 0.013959 0.013978 0.014000 0.014026 0.014056 0.014092 0.014133 0.014181 0.014237 0.014299 0.014369 0.014445 0.014526 0.014611 0.014696 0.014774 0.014832 0.014835 0.014695 0.014186
0.014438 0.014894 0.015011 0.014991 0.014918 0.014828 0.014734 0.014644 0.014560 0.014484 0.014417 0.014358 0.014309 0.014267 0.014233 0.014204 0.014182 0.014163 0.014149 0.014137 0.014128 0.014120 0.014114 0.014109 0.014105 0.014102 0.014099 0.014096 0.014094 0.014093 0.014091 0.014090 0.014088 0.014087 0.014086 0.014086 0.014085 0.014084 0.014083 0.014083 0.014082 0.014082 0.014081 0.014081 0.014081 0.014080 0.014080 0.014080 0.014080 0.014080 0.014079 0.014079 0.014079 0.014079 0.014079 0.014079 0.014079 0.014079 0.014079 0.014079 0.014079 0.014079 0.014079 0.014079 0.014079 0.014079 0.014079 0.014079 0.014079 0.014079 0.014079 0.014079 0.014079 0.014079 0.014079 0.014079 0.014079 0.014079 0.014079 0.014079 0.014079 0.014079 0.014079 0.014079 0.014079 0.014079 0.014079 0.014079 0.014079 0.014079 0.014079 0.014079 0.014079 0.014079 0.014079 0.014079 0.014079 0.014079 0.014079 0.014079 0.014079 0.014079 0.014079 0.014079 0.014079 0.014079 0.014079 0.014079 0.014079 0.014079 0.014079 0.014079 0.014079 0.014079 0.014079 0.014079 0.014079 0.014079 0.014079 0.014079 0.014079 0.014079 0.014079 0.014079 0.014079 0.014079 0.014079 0.014079 0.014079 0.014079 0.014079 0.014079 0.014079 0.014079 0.014079 0.014079 0.014079 0.014079 0.014079 0.014079 0.014079 0.014079 0.014079 0.014079 0.014079 0.014079 0.014079 0.014079 0.014079 0.014079 0.014079 0.014079 0.014080 0.014080 0.014080 0.014080 0.014080 0.014081 0.014081 0.014081 0.014082 0.014082 0.014083 0.014083 0.014084 0.014085 0.014086 0.014086 0.014087 0.014088 0.014090 0.014091 0.014093 0.014094 0.014096 0.014099 0.014102 0.014105 0.014109 0.014114 0.014120 0.014128 0.014137 0.014149 0.014163 0.014182 0.014204 0.014233 0.014267 0.014309 0.014358 0.014417 0.014484 0.014560 0.014644 0.014734 0.014828 0.014918 0.014991 0.015011 0.014894 0.014438
0.014267 0.014670 0.014765 0.014729 0.014644 0.014546 0.014448 0.014357 0.014275 0.014205 0.014145 0.014096 0.014057 0.014026 0.014003 0.013986 0.013975 0.013967 0.013962 0.013960 0.013959 0.013960 0.013961 0.013963 0.013965 0.013968 0.013970 0.013973 0.013975 0.013978 0.013980 0.013982 0.013984 0.013985 0.013987 0.013988 0.013990 0.013991 0.013991 0.013992 0.013993 0.013994 0.013994 0.013994 0.013995 0.013995 0.013995 0.013995 0.013995 0.013995 0.013995 0.013995 0.013995 0.013995 0.013995 0.013994 0.013994 0.013994 0.013994 0.013993 0.013993 0.013993 0.013992 0.013992 0.013992 0.013992 0.013991 0.013991 0.013991 0.013990 0.013990 0.013990 0.013989 0.013989 0.013989 0.013989 0.013988 0.013988 0.013988 0.013988 0.013987 0.013987 0.013987 0.013987 0.013987 0.013987 0.013986 0.013986 0.013986 0.013986 0.013986 0.013986 0.013986 0.013986 0.013986 0.013985 0.013985 0.013985 0.013985 0.013985 0.013985 0.013985 0.013985 0.013985 0.013985 0.013985 0.013985 0.013986 0.013986 0.013986 0.013986 0.013986 0.013986 0.013986 0.013986 0.013986 0.013987 0.013987 0.013987 0.013987 0.013987 0.013987 0.013988 0.013988 0.013988 0.013988 0.013989 0.013989 0.013989 0.013989 0.013990 0.013990 0.013990 0.013991 0.013991 0.013991 0.013992 0.013992 0.013992 0.013992 0.013993 0.013993 0.013993 0.013994 0.013994 0.013994 0.013994 0.013995 0.013995 0.013995 0.013995 0.013995 0.013995 0.013995 0.013995 0.013995 0.013995 0.013995 0.013994 0.013994 0.013994 0.013993 0.013992 0.013991 0.013991 0.013990 0.013988 0.013987 0.013985 0.013984 0.013982 0.013980 0.013978 0.013975 0.013973 0.013970 0.013968 0.013965 0.013963 0.013961 0.013960 0.013959 0.013960 0.013962 0.013967 0.013975 0.013986 0.014003 0.014026 0.014057 0.014096 0.014145 0.014205 0.014275 0.014357 0.014448 0.014546 0.014644 0.014729 0.014765 0.014670 0.014267
0.013580 0.013934 0.014008 0.013960 0.013868 0.013767 0.013671 0.013585 0.013512 0.013453 0.013407 0.013373 0.013350 0.013336 0.013329 0.013327 0.013330 0.013336 0.013344 0.013353 0.013363 0.013373 0.013384 0.013394 0.013404 0.013413 0.013422 0.013430 0.013438 0.013445 0.013452 0.013457 0.013463 0.013468 0.013472 0.013476 0.013479 0.013482 0.013485 0.013487 0.013489 0.013491 0.013493 0.013494 0.013495 0.013496 0.013496 0.013497 0.013497 0.013497 0.013497 0.013497 0.013497 0.013497 0.013496 0.013496 0.013496 0.013495 0.013494 0.013494 0.013493 0.013493 0.013492 0.013491 0.013491 0.013490 0.013489 0.013489 0.013488 0.013487 0.013487 0.013486 0.013486 0.013485 0.013484 0.013484 0.013483 0.013483 0.013482 0.013482 0.013481 0.013481 0.013480 0.013480 0.013480 0.013479 0.013479 0.013479 0.013478 0.013478 0.013478 0.013478 0.013477 0.013477 0.013477 0.013477 0.013477 0.013477 0.013477 0.013477 0.013477 0.013477 0.013477 0.013477 0.013477 0.013477 0.013477 0.013477 0.013477 0.013477 0.013478 0.013478 0.013478 0.013478 0.013479 0.013479 0.013479 0.013480 0.013480 0.013480 0.013481 0.013481 0.013482 0.013482 0.013483 0.013483 0.013484 0.013484 0.013485 0.013486 0.013486 0.013487 0.013487 0.013488 0.013489 0.013489 0.013490 0.013491 0.013491 0.013492 0.013493 0.013493 0.013494 0.013494 0.013495 0.013496 0.013496 0.013496 0.013497 0.013497 0.013497 0.013497 0.013497 0.013497 0.013497 0.013496 0.013496 0.013495 0.013494 0.013493 0.013491 0.013489 0.013487 0.013485 0.013482 0.013479 0.013476 0.013472 0.013468 0.013463 0.013457 0.013452 0.013445 0.013438 0.013430 0.013422 0.013413 0.013404 0.013394 0.013384 0.013373 0.013363 0.013353 0.013344 0.013336 0.013330 0.013327 0.013329 0.013336 0.013350 0.013373 0.013407 0.013453 0.013512 0.013585 0.013671 0.013767 0.013868 0.013960 0.014008 0.013934 0.013580
0.012315 0.012627 0.012683 0.012627 0.012533 0.012436 0.012347 0.012274 0.012215 0.012174 0.012148 0.012136 0.012135 0.012142 0.012156 0.012174 0.012195 0.012217 0.012239 0.012262 0.012284 0.012305 0.012326 0.012345 0.012363 0.012380 0.012396 0.012411 0.012424 0.012436 0.012447 0.012457 0.012466 0.012474 0.012482 0.012488 0.012494 0.012499 0.012504 0.012508 0.012511 0.012514 0.012516 0.012519 0.012520 0.012522 0.012523 0.012524 0.012524 0.012524 0.012524 0.012524 0.012524 0.012524 0.012523 0.012523 0.012522 0.012521 0.012520 0.012520 0.012519 0.012518 0.012517 0.012516 0.012515 0.012513 0.012512 0.012511 0.012510 0.012509 0.012508 0.012507 0.012506 0.012505 0.012505 0.012504 0.012503 0.012502 0.012501 0.012501 0.012500 0.012499 0.012498 0.012498 0.012497 0.012497 0.012496 0.012496 0.012495 0.012495 0.012495 0.012494 0.012494 0.012494 0.012493 0.012493 0.012493 0.012493 0.012493 0.012493 0.012493 0.012493 0.012493 0.012493 0.012493 0.012493 0.012493 0.012493 0.012494 0.012494 0.012494 0.012495 0.012495 0.012495 0.012496 0.012496 0.012497 0.012497 0.012498 0.012498 0.012499 0.012500 0.012501 0.012501 0.012502 0.012503 0.012504 0.012505 0.012505 0.012506 0.012507 0.012508 0.012509 0.012510 0.012511 0.012512 0.012513 0.012515 0.012516 0.012517 0.012518 0.012519 0.012520 0.012520 0.012521 0.012522 0.012523 0.012523 0.012524 0.012524 0.012524 0.012524 0.012524 0.012524 0.012524 0.012523 0.012522 0.012520 0.012519 0.012516 0.012514 0.012511 0.012508 0.012504 0.012499 0.012494 0.012488 0.012482 0.012474 0.012466 0.012457 0.012447 0.012436 0.012424 0.012411 0.012396 0.012380 0.012363 0.012345 0.012326 0.012305 0.012284 0.012262 0.012239 0.012217 0.012195 0.012174 0.012156 0.012142 0.012135 0.012136 0.012148 0.012174 0.012215 0.012274 0.012347 0.012436 0.012533 0.012627 0.012683 0.012627 0.012315
0.010460 0.010734 0.010773 0.010712 0.010623 0.010536 0.010463 0.010405 0.010367 0.010348 0.010349 0.010365 0.010392 0.010427 0.010465 0.010506 0.010547 0.010587 0.010626 0.010663 0.010699 0.010732 0.010763 0.010791 0.010818 0.010843 0.010865 0.010886 0.010905 0.010922 0.010937 0.010951 0.010964 0.010975 0.010985 0.010995 0.011003 0.011010 0.011016 0.011021 0.011026 0.011030 0.011033 0.011036 0.011039 0.011041 0.011042 0.011043 0.011044 0.011044 0.011044 0.011044 0.011044 0.011044 0.011043 0.011042 0.011041 0.011040 0.011039 0.011038 0.011036 0.011035 0.011034 0.011032 0.011031 0.011030 0.011028 0.011027 0.011025 0.011024 0.011023 0.011021 0.011020 0.011019 0.011018 0.011017 0.011015 0.011014 0.011013 0.011012 0.011011 0.011010 0.011010 0.011009 0.011008 0.011007 0.011007 0.011006 0.011005 0.011005 0.011004 0.011004 0.011003 0.011003 0.011003 0.011003 0.011002 0.011002 0.011002 0.011002 0.011002 0.011002 0.011002 0.011002 0.011002 0.011002 0.011003 0.011003 0.011003 0.011003 0.011004 0.011004 0.011005 0.011005 0.011006 0.011007 0.011007 0.011008 0.011009 0.011010 0.011010 0.011011 0.011012 0.011013 0.011014 0.011015 0.011017 0.011018 0.011019 0.011020 0.011021 0.011023 0.011024 0.011025 0.011027 0.011028 0.011030 0.011031 0.011032 0.011034 0.011035 0.011036 0.011038 0.011039 0.011040 0.011041 0.011042 0.011043 0.011044 0.011044 0.011044 0.011044 0.011044 0.011044 0.011043 0.011042 0.011041 0.011039 0.011036 0.011033 0.011030 0.011026 0.011021 0.011016 0.011010 0.011003 0.010995 0.010985 0.010975 0.010964 0.010951 0.010937 0.010922 0.010905 0.010886 0.010865 0.010843 0.010818 0.010791 0.010763 0.010732 0.010699 0.010663 0.010626 0.010587 0.010547 0.010506 0.010465 0.010427 0.010392 0.010365 0.010349 0.010348 0.010367 0.010405 0.010463 0.010536 0.010623 0.010712 0.010773 0.010734 0.010460
0.008070 0.008299 0.008318 0.008255 0.008177 0.008110 0.008053 0.008014 0.007997 0.008007 0.008040 0.008091 0.008151 0.008216 0.008283 0.008348 0.008411 0.008471 0.008526 0.008578 0.008626 0.008670 0.008711 0.008748 0.008783 0.008814 0.008843 0.008869 0.008892 0.008914 0.008933 0.008951 0.008966 0.008980 0.008993 0.009004 0.009014 0.009022 0.009030 0.009037 0.009042 0.009047 0.009051 0.009055 0.009058 0.009060 0.009062 0.009063 0.009064 0.009064 0.009065 0.009064 0.009064 0.009063 0.009063 0.009062 0.009060 0.009059 0.009058 0.009056 0.009055 0.009053 0.009051 0.009050 0.009048 0.009046 0.009045 0.009043 0.009041 0.009040 0.009038 0.009036 0.009035 0.009033 0.009032 0.009031 0.009029 0.009028 0.009027 0.009025 0.009024 0.009023 0.009022 0.009021 0.009020 0.009020 0.009019 0.009018 0.009017 0.009017 0.009016 0.009016 0.009015 0.009015 0.009014 0.009014 0.009014 0.009014 0.009013 0.009013 0.009013 0.009013 0.009013 0.009013 0.009014 0.009014 0.009014 0.009014 0.009015 0.009015 0.009016 0.009016 0.009017 0.009017 0.009018 0.009019 0.009020 0.009020 0.009021 0.009022 0.009023 0.009024 0.009025 0.009027 0.009028 0.009029 0.009031 0.009032 0.009033 0.009035 0.009036 0.009038 0.009040 0.009041 0.009043 0.009045 0.009046 0.009048 0.009050 0.009051 0.009053 0.009055 0.009056 0.009058 0.009059 0.009060 0.009062 0.009063 0.009063 0.009064 0.009064 0.009065 0.009064 0.009064 0.009063 0.009062 0.009060 0.009058 0.009055 0.009051 0.009047 0.009042 0.009037 0.009030 0.009022 0.009014 0.009004 0.008993 0.008980 0.008966 0.008951 0.008933 0.008914 0.008892 0.008869 0.008843 0.008814 0.008783 0.008748 0.008711 0.008670 0.008626 0.008578 0.008526 0.008471 0.008411 0.008348 0.008283 0.008216 0.008151 0.008091 0.008040 0.008007 0.007997 0.008014 0.008053 0.008110 0.008177 0.008255 0.008318 0.008299 0.008070
0.005276 0.005443 0.005440 0.005380 0.005327 0.005279 0.005238 0.005212 0.005219 0.005258 0.005326 0.005414 0.005510 0.005607 0.005702 0.005792 0.005875 0.005952 0.006022 0.006086 0.006145 0.006198 0.006247 0.006291 0.006331 0.006367 0.006400 0.006430 0.006457 0.006481 0.006503 0.006523 0.006540 0.006556 0.006570 0.006582 0.006593 0.006603 0.006611 0.006618 0.006625 0.006630 0.006635 0.006638 0.006641 0.006644 0.006646 0.006647 0.006648 0.006649 0.006649 0.006649 0.006648 0.006647 0.006646 0.006645 0.006644 0.006642 0.006641 0.006639 0.006638 0.006636 0.006634 0.006632 0.006630 0.006628 0.006626 0.006625 0.006623 0.006621 0.006619 0.006617 0.006616 0.006614 0.006613 0.006611 0.006610 0.006608 0.006607 0.006605 0.006604 0.006603 0.006602 0.006601 0.006600 0.006599 0.006598 0.006597 0.006597 0.006596 0.006595 0.006595 0.006594 0.006594 0.006593 0.006593 0.006593 0.006593 0.006592 0.006592 0.006592 0.006592 0.006592 0.006592 0.006593 0.006593 0.006593 0.006593 0.006594 0.006594 0.006595 0.006595 0.006596 0.006597 0.006597 0.006598 0.006599 0.006600 0.006601 0.006602 0.006603 0.006604 0.006605 0.006607 0.006608 0.006610 0.006611 0.006613 0.006614 0.006616 0.006617 0.006619 0.006621 0.006623 0.006625 0.006626 0.006628 0.006630 0.006632 0.006634 0.006636 0.006638 0.006639 0.006641 0.006642 0.006644 0.006645 0.006646 0.006647 0.006648 0.006649 0.006649 0.006649 0.006648 0.006647 0.006646 0.006644 0.006641 0.006638 0.006635 0.006630 0.006625 0.006618 0.006611 0.006603 0.006593 0.006582 0.006570 0.006556 0.006540 0.006523 0.006503 0.006481 0.006457 0.006430 0.006400 0.006367 0.006331 0.006291 0.006247 0.006198 0.006145 0.006086 0.006022 0.005952 0.005875 0.005792 0.005702 0.005607 0.005510 0.005414 0.005326 0.005258 0.005219 0.005212 0.005238 0.005279 0.005327 0.005380 0.005440 0.005443 0.005276
0.002312 0.002453 0.002423 0.002389 0.002360 0.002328 0.002292 0.002286 0.002309 0.002365 0.002457 0.002575 0.002701 0.002824 0.002940 0.003046 0.003143 0.003231 0.003310 0.003380 0.003443 0.003501 0.003552 0.003599 0.003640 0.003677 0.003711 0.003741 0.003768 0.003793 0.003815 0.003834 0.003852 0.003867 0.003881 0.003893 0.003904 0.003913 0.003922 0.003929 0.003935 0.003940 0.003944 0.003948 0.003951 0.003953 0.003955 0.003956 0.003957 0.003958 0.003958 0.003957 0.003957 0.003956 0.003955 0.003954 0.003953 0.003951 0.003950 0.003948 0.003946 0.003944 0.003943 0.003941 0.003939 0.003937 0.003935 0.003934 0.003932 0.003930 0.003928 0.003927 0.003925 0.003923 0.003922 0.003920 0.003919 0.003918 0.003916 0.003915 0.003914 0.003913 0.003912 0.003911 0.003910 0.003909 0.003908 0.003907 0.003907 0.003906 0.003905 0.003905 0.003904 0.003904 0.003904 0.003903 0.003903 0.003903 0.003903 0.003903 0.003902 0.003902 0.003903 0.003903 0.003903 0.003903 0.003903 0.003904 0.003904 0.003904 0.003905 0.003905 0.003906 0.003907 0.003907 0.003908 0.003909 0.003910 0.003911 0.003912 0.003913 0.003914 0.003915 0.003916 0.003918 0.003919 0.003920 0.003922 0.003923 0.003925 0.003927 0.003928 0.003930 0.003932 0.003934 0.003935 0.003937 0.003939 0.003941 0.003943 0.003944 0.003946 0.003948 0.003950 0.003951 0.003953 0.003954 0.003955 0.003956 0.003957 0.003957 0.003958 0.003958 0.003957 0.003956 0.003955 0.003953 0.003951 0.003948 0.003944 0.003940 0.003935 0.003929 0.003922 0.003913 0.003904 0.003893 0.003881 0.003867 0.003852 0.003834 0.003815 0.003793 0.003768 0.003741 0.003711 0.003677 0.003640 0.003599 0.003552 0.003501 0.003443 0.003380 0.003310 0.003231 0.003143 0.003046 0.002940 0.002824 0.002701 0.002575 0.002457 0.002365 0.002309 0.002286 0.002292 0.002328 0.002360 0.002389 0.002423 0.002453 0.002312
0.000000 0.000008 0.000008 0.000008 0.000008 0.000008 0.000008 0.000008 0.000008 0.000008 0.000067 0.000185 0.000307 0.000424 0.000532 0.000629 0.000716 0.000793 0.000862 0.000922 0.000974 0.001023 0.001065 0.001103 0.001136 0.001166 0.001192 0.001216 0.001237 0.001256 0.001273 0.001289 0.001302 0.001314 0.001325 0.001334 0.001342 0.001350 0.001356 0.001361 0.001366 0.001370 0.001373 0.001376 0.001378 0.001380 0.001381 0.001382 0.001383 0.001383 0.001383 0.001383 0.001382 0.001381 0.001381 0.001380 0.001379 0.001378 0.001376 0.001375 0.001374 0.001372 0.001371 0.001370 0.001368 0.001367 0.001365 0.001364 0.001363 0.001361 0.001360 0.001359 0.001358 0.001356 0.001355 0.001354 0.001353 0.001352 0.001351 0.001350 0.001349 0.001348 0.001348 0.001347 0.001346 0.001346 0.001345 0.001344 0.001344 0.001343 0.001343 0.001343 0.001342 0.001342 0.001342 0.001341 0.001341 0.001341 0.001341 0.001341 0.001341 0.001341 0.001341 0.001341 0.001341 0.001341 0.001341 0.001342 0.001342 0.001342 0.001343 0.001343 0.001343 0.001344 0.001344 0.001345 0.001346 0.001346 0.001347 0.001348 0.001348 0.001349 0.001350 0.001351 0.001352 0.001353 0.001354 0.001355 0.001356 0.001358 0.001359 0.001360 0.001361 0.001363 0.001364 0.001365 0.001367 0.001368 0.001370 0.001371 0.001372 0.001374 0.001375 0.001376 0.001378 0.001379 0.001380 0.001381 0.001381 0.001382 0.001383 0.001383 0.001383 0.001383 0.001382 0.001381 0.001380 0.001378 0.001376 0.001373 0.001370 0.001366 0.001361 0.001356 0.001350 0.001342 0.001334 0.001325 0.001314 0.001302 0.001289 0.001273 0.001256 0.001237 0.001216 0.001192 0.001166 0.001136 0.001103 0.001065 0.001023 0.000974 0.000922 0.000862 0.000793 0.000716 0.000629 0.000532 0.000424 0.000307 0.000185 0.000067 0.000008 0.000008 0.000008 0.000008 0.000008 0.000008 0.000008 0.000008 0.000008 0.000000
0.000000 0.000008 0.000008 0.000008 0.000008 0.000008 0.000008 0.000008 0.000008 0.000008 0.000008 0.000008 0.000008 0.000008 0.000008 0.000008 0.000008 0.000008 0.000008 0.000008 0.000008 0.000008 0.000008 0.000008 0.000008 0.000008 0.000008 0.000008 0.000008 0.000008 0.000008 0.000008 0.000008 0.000008 0.000008 0.000008 0.000008 0.000008 0.000008 0.000008 0.000008 0.000008 0.000008 0.000008 0.000008 0.000008 0.000008 0.000008 0.000008 0.000008 0.000008 0.000008 0.000008 0.000008 0.000008 0.000008 0.000008 0.000008 0.000008 0.000008 0.000008 0.000008 0.000008 0.000008 0.000008 0.000008 0.000008 0.000008 0.000008 0.000008 0.000008 0.000008 0.000008 0.000008 0.000008 0.000008 0.000008 0.000008 0.000008 0.000008 0.000008 0.000008 0.000008 0.000008 0.000008 0.000008 0.000008 0.000008 0.000008 0.000008 0.000008 0.000008 0.000008 0.000008 0.000008 0.000008 0.000008 0.000008 0.000008 0.000008 0.000008 0.000008 0.000008 0.000008 0.000008 0.000008 0.000008 0.000008 0.000008 0.000008 0.000008 0.000008 0.000008 0.000008 0.000008 0.000008 0.000008 0.000008 0.000008 0.000008 0.000008 0.000008 0.000008 0.000008 0.000008 0.000008 0.000008 0.000008 0.000008 0.000008 0.000008 0.000008 0.000008 0.000008 0.000008 0.000008 0.000008 0.000008 0.000008 0.000008 0.000008 0.000008 0.000008 0.000008 0.000008 0.000008 0.000008 0.000008 0.000008 0.000008 0.000008 0.000008 0.000008 0.000008 0.000008 0.000008 0.000008 0.000008 0.000008 0.000008 0.000008 0.000008 0.000008 0.000008 0.000008 0.000008 0.000008 0.000008 0.000008 0.000008 0.000008 0.000008 0.000008 0.000008 0.000008 0.000008 0.000008 0.000008 0.000008 0.000008 0.000008 0.000008 0.000008 0.000008 0.000008 0.000008 0.000008 0.000008 0.000008 0.000008 0.000008 0.000008 0.000008 0.000008 0.000008 0.000008 0.000008 0.000008 0.000008 0.000008 0.000008 0.000000
0.000000 0.000008 0.000008 0.000008 0.000008 0.000008 0.000008 0.000008 0.000008 0.000008 0.000008 0.000008 0.000008 0.000008 0.000008 0.000008 0.000008 0.000008 0.000008 0.000008 0.000008 0.000008 0.000008 0.000008 0.000008 0.000008 0.000008 0.000008 0.000008 0.000008 0.000008 0.000008 0.000008 0.000008 0.000008 0.000008 0.000008 0.000008 0.000008 0.000008 0.000008 0.000008 0.000008 0.000008 0.000008 0.000008 0.000008 0.000008 0.000008 0.000008 0.000008 0.000008 0.000008 0.000008 0.000008 0.000008 0.000008 0.000008 0.000008 0.000008 0.000008 0.000008 0.000008 0.000008 0.000008 0.000008 0.000008 0.000008 0.000008 0.000008 0.000008 0.000008 0.000008 0.000008 0.000008 0.000008 0.000008 0.000008 0.000008 0.000008 0.000008 0.000008 0.000008 0.000008 0.000008 0.000008 0.000008 0.000008 0.000008 0.000008 0.000008 0.000008 0.000008 0.000008 0.000008 0.000008 0.000008 0.000008 0.000008 0.000008 0.000008 0.000008 0.000008 0.000008 0.000008 0.000008 0.000008 0.000008 0.000008 0.000008 0.000008 0.000008 0.000008 0.000008 0.000008 0.000008 0.000008 0.000008 0.000008 0.000008 0.000008 0.000008 0.000008 0.000008 0.000008 0.000008 0.000008 0.000008 0.000008 0.000008 0.000008 0.000008 0.000008 0.000008 0.000008 0.000008 0.000008 0.000008 0.000008 0.000008 0.000008 0.000008 0.000008 0.000008 0.000008 0.000008 0.000008 0.000008 0.000008 0.000008 0.000008 0.000008 0.000008 0.000008 0.000008 0.000008 0.000008 0.000008 0.000008 0.000008 0.000008 0.000008 0.000008 0.000008 0.000008 0.000008 0.000008 0.000008 0.000008 0.000008 0.000008 0.000008 0.000008 0.000008 0.000008 0.000008 0.000008 0.000008 0.000008 0.000008 0.000008 0.000008 0.000008 0.000008 0.000008 0.000008 0.000008 0.000008 0.000008 0.000008 0.000008 0.000008 0.000008 0.000008 0.000008 0.000008 0.000008 0.000008 0.000008 0.000008 0.000008 0.000000
0.000000 0.000008 0.000008 0.000008 0.000008 0.000008 0.000008 0.000008 0.000008 0.000008 0.000008 0.000008 0.000008 0.000008 0.000008 0.000008 0.000008 0.000008 0.000008 0.000008 0.000008 0.000008 0.000008 0.000008 0.000008 0.000008 0.000008 0.000008 0.000008 0.000008 0.000008 0.000008 0.000008 0.000008 0.000008 0.000008 0.000008 0.000008 0.000008 0.000008 0.000008 0.000008 0.000008 0.000008 0.000008 0.000008 0.000008 0.000008 0.000008 0.000008 0.000008 0.000008 0.000008 0.000008 0.000008 0.000008 0.000008 0.000008 0.000008 0.000008 0.000008 0.000008 0.000008 0.000008 0.000008 0.000008 0.000008 0.000008 0.000008 0.000008 0.000008 0.000008 0.000008 0.000008 0.000008 0.000008 0.000008 0.000008 0.000008 0.000008 0.000008 0.000008 0.000008 0.000008 0.000008 0.000008 0.000008 0.000008 0.000008 0.000008 0.000008 0.000008 0.000008 0.000008 0.000008 0.000008 0.000008 0.000008 0.000008 0.000008 0.000008 0.000008 0.000008 0.000008 0.000008 0.000008 0.000008 0.000008 0.000008 0.000008 0.000008 0.000008 0.000008 0.000008 0.000008 0.000008 0.000008 0.000008 0.000008 0.000008 0.000008 0.000008 0.000008 0.000008 0.000008 0.000008 0.000008 0.000008 0.000008 0.000008 0.000008 0.000008 0.000008 0.000008 0.000008 0.000008 0.000008 0.000008 0.000008 0.000008 0.000008 0.000008 0.000008 0.000008 0.000008 0.000008 0.000008 0.000008 0.000008 0.000008 0.000008 0.000008 0.000008 0.000008 0.000008 0.000008 0.000008 0.000008 0.000008 0.000008 0.000008 0.000008 0.000008 0.000008 0.000008 0.000008 0.000008 0.000008 0.000008 0.000008 0.000008 0.000008 0.000008 0.000008 0.000008 0.000008 0.000008 0.000008 0.000008 0.000008 0.000008 0.000008 0.000008 0.000008 0.000008 0.000008 0.000008 0.000008 0.000008 0.000008 0.000008 0.000008 0.000008 0.000008 0.000008 0.000008 0.000008 0.000008 0.000008 0.000008 0.000008 0.000000
0.000000 0.024139 0.071837 0.081036 0.080026 0.073813 0.065124 0.055590 0.046249 0.037743 0.030377 0.024205 0.019129 0.014979 0.011570 0.008733 0.006327 0.004244 0.002415 0.000844 0.000008 0.000008 0.000008 0.000008 0.000008 0.000008 0.000008 0.000008 0.000008 0.000008 0.000008 0.000008 0.000008 0.000008 0.000008 0.000008 0.000008 0.000008 0.000008 0.000008 0.000008 0.000008 0.000008 0.000008 0.000008 0.000008 0.000008 0.000008 0.000008 0.000008 0.000008 0.000008 0.000008 0.000008 0.000008 0.000008 0.000008 0.000008 0.000008 0.000008 0.000008 0.000008 0.000008 0.000008 0.000008 0.000008 0.000008 0.000008 0.000008 0.000008 0.000008 0.000008 0.000008 0.000008 0.000008 0.000008 0.000008 0.000008 0.000008 0.000008 0.000008 0.000008 0.000008 0.000008 0.000008 0.000008 0.000008 0.000008 0.000008 0.000008 0.000008 0.000008 0.000008 0.000008 0.000008 0.000008 0.000008 0.000008 0.000008 0.000008 0.000008 0.000008 0.000008 0.000008 0.000008 0.000008 0.000008 0.000008 0.000008 0.000008 0.000008 0.000008 0.000008 0.000008 0.000008 0.000008 0.000008 0.000008 0.000008 0.000008 0.000008 0.000008 0.000008 0.000008 0.000008 0.000008 0.000008 0.000008 0.000008 0.000008 0.000008 0.000008 0.000008 0.000008 0.000008 0.000008 0.000008 0.000008 0.000008 0.000008 0.000008 0.000008 0.000008 0.000008 0.000008 0.000008 0.000008 0.000008 0.000008 0.000008 0.000008 0.000008 0.000008 0.000008 0.000008 0.000008 0.000008 0.000008 0.000008 0.000008 0.000008 0.000008 0.000008 0.000008 0.000008 0.000008 0.000008 0.000008 0.000008 0.000008 0.000008 0.000008 0.000008 0.000008 0.000008 0.000008 0.000008 0.000008 0.000008 0.000008 0.000008 0.000008 0.000844 0.002415 0.004244 0.006327 0.008733 0.011570 0.014979 0.019129 0.024205 0.030377 0.037743 0.046249 0.055590 0.065124 0.073813 0.080026 0.081036 0.071837 0.024139 0.000000
0.000000 0.337306 0.365594 0.380048 0.378005 0.366243 0.348195 0.326495 0.303283 0.280266 0.258658 0.239166 0.222056 0.207273 0.194569 0.183612 0.174063 0.165621 0.158050 0.151262 0.145374 0.140425 0.136239 0.132573 0.129326 0.126432 0.123846 0.121534 0.119467 0.117619 0.115970 0.114499 0.113189 0.112024 0.110992 0.110078 0.109274 0.108570 0.107956 0.107425 0.106969 0.106582 0.106258 0.105989 0.105772 0.105601 0.105471 0.105378 0.105319 0.105288 0.105284 0.105303 0.105342 0.105399 0.105471 0.105556 0.105652 0.105757 0.105869 0.105988 0.106111 0.106238 0.106367 0.106498 0.106629 0.106760 0.106890 0.107019 0.107145 0.107269 0.107391 0.107509 0.107623 0.107734 0.107841 0.107944 0.108043 0.108138 0.108228 0.108315 0.108396 0.108474 0.108547 0.108616 0.108680 0.108741 0.108797 0.108849 0.108898 0.108942 0.108982 0.109019 0.109051 0.109080 0.109105 0.109127 0.109144 0.109159 0.109169 0.109176 0.109180 0.109180 0.109176 0.109169 0.109159 0.109144 0.109127 0.109105 0.109080 0.109051 0.109019 0.108982 0.108942 0.108898 0.108849 0.108797 0.108741 0.108680 0.108616 0.108547 0.108474 0.108396 0.108315 0.108228 0.108138 0.108043 0.107944 0.107841 0.107734 0.107623 0.107509 0.107391 0.107269 0.107145 0.107019 0.106890 0.106760 0.106629 0.106498 0.106367 0.106238 0.106111 0.105988 0.105869 0.105757 0.105652 0.105556 0.105471 0.105399 0.105342 0.105303 0.105284 0.105288 0.105319 0.105378 0.105471 0.105601 0.105772 0.105989 0.106258 0.106582 0.106969 0.107425 0.107956 0.108570 0.109274 0.110078 0.110992 0.112024 0.113189 0.114499 0.115970 0.117619 0.119467 0.121534 0.123846 0.126432 0.129326 0.132573 0.136239 0.140425 0.145374 0.151262 0.158050 0.165621 0.174063 0.183612 0.194569 0.207273 0.222056 0.239166 0.258658 0.280266 0.303283 0.326495 0.348195 0.366243 0.378005 0.380048 0.365594 0.337306 0.000000
1.000000 0.723577 0.725977 0.725660 0.722691 0.714131 0.700866 0.684184 0.665393 0.645723 0.626207 0.607616 0.590427 0.574846 0.560865 0.548338 0.537054 0.526787 0.517355 0.508667 0.500729 0.493581 0.487176 0.481431 0.476250 0.471566 0.467327 0.463495 0.460034 0.456914 0.454106 0.451583 0.449323 0.447303 0.445502 0.443904 0.442491 0.441249 0.440164 0.439223 0.438413 0.437725 0.437146 0.436667 0.436280 0.435974 0.435741 0.435576 0.435469 0.435415 0.435408 0.435442 0.435512 0.435614 0.435742 0.435894 0.436066 0.436253 0.436454 0.436666 0.436886 0.437111 0.437341 0.437574 0.437807 0.438039 0.438270 0.438498 0.438722 0.438942 0.439156 0.439365 0.439567 0.439763 0.439952 0.440133 0.440308 0.440474 0.440634 0.440785 0.440929 0.441065 0.441194 0.441315 0.441428 0.441534 0.441633 0.441724 0.441809 0.441886 0.441957 0.442021 0.442078 0.442128 0.442172 0.442210 0.442241 0.442266 0.442284 0.442297 0.442303 0.442303 0.442297 0.442284 0.442266 0.442241 0.442210 0.442172 0.442128 0.442078 0.442021 0.441957 0.441886 0.441809 0.441724 0.441633 0.441534 0.441428 0.441315 0.441194 0.441065 0.440929 0.440785 0.440634 0.440474 0.440308 0.440133 0.439952 0.439763 0.439567 0.439365 0.439156 0.438942 0.438722 0.438498 0.438270 0.438039 0.437807 0.437574 0.437341 0.437111 0.436886 0.436666 0.436454 0.436253 0.436066 0.435894 0.435742 0.435614 0.435512 0.435442 0.435408 0.435415 0.435469 0.435576 0.435741 0.435974 0.436280 0.436667 0.437146 0.437725 0.438413 0.439223 0.440164 0.441249 0.442491 0.443904 0.445502 0.447303 0.449323 0.451583 0.454106 0.456914 0.460034 0.463495 0.467327 0.471566 0.476250 0.481431 0.487176 0.493581 0.500729 0.508667 0.517355 0.526787 0.537054 0.548338 0.560865 0.574846 0.590427 0.607616 0.626207 0.645723 0.665393 0.684184 0.700866 0.714131 0.722691 0.725660 0.725977 0.723577 1.000000
1.000000 0.955165 0.921857 0.916628 0.913790 0.909944 0.904310 0.897111 0.888774 0.879801 0.870647 0.861690 0.853193 0.845300 0.838056 0.831433 0.825357 0.819742 0.814509 0.809612 0.805048 0.800830 0.796961 0.793427 0.790203 0.787261 0.784578 0.782135 0.779915 0.777903 0.776082 0.774439 0.772961 0.771635 0.770449 0.769393 0.768456 0.767631 0.766908 0.766279 0.765736 0.765274 0.764884 0.764561 0.764297 0.764089 0.763930 0.763815 0.763739 0.763700 0.763691 0.763710 0.763754 0.763818 0.763901 0.763999 0.764111 0.764234 0.764365 0.764504 0.764649 0.764797 0.764949 0.765102 0.765255 0.765409 0.765561 0.765711 0.765859 0.766004 0.766146 0.766284 0.766418 0.766547 0.766672 0.766792 0.766907 0.767017 0.767123 0.767223 0.767318 0.767408 0.767493 0.767573 0.767648 0.767718 0.767783 0.767844 0.767900 0.767951 0.767998 0.768040 0.768078 0.768111 0.768140 0.768165 0.768186 0.768202 0.768215 0.768223 0.768227 0.768227 0.768223 0.768215 0.768202 0.768186 0.768165 0.768140 0.768111 0.768078 0.768040 0.767998 0.767951 0.767900 0.767844 0.767783 0.767718 0.767648 0.767573 0.767493 0.767408 0.767318 0.767223 0.767123 0.767017 0.766907 0.766792 0.766672 0.766547 0.766418 0.766284 0.766146 0.766004 0.765859 0.765711 0.765561 0.765409 0.765255 0.765102 0.764949 0.764797 0.764649 0.764504 0.764365 0.764234 0.764111 0.763999 0.763901 0.763818 0.763754 0.763710 0.763691 0.763700 0.763739 0.763815 0.763930 0.764089 0.764297 0.764561 0.764884 0.765274 0.765736 0.766279 0.766908 0.767631 0.768456 0.769393 0.770449 0.771635 0.772961 0.774439 0.776082 0.777903 0.779915 0.782135 0.784578 0.787261 0.790203 0.793427 0.796961 0.800830 0.805048 0.809612 0.814509 0.819742 0.825357 0.831433 0.838056 0.845300 0.853193 0.861690 0.870647 0.879801 0.888774 0.897111 0.904310 0.909944 0.913790 0.916628 0.921857 0.955165 1.000000
1.000000 0.996737 0.988858 0.984628 0.983272 0.982047 0.980381 0.978171 0.975478 0.972480 0.969374 0.966301 0.963358 0.960601 0.958050 0.955700 0.953527 0.951503 0.949602 0.947806 0.946110 0.944519 0.943038 0.941668 0.940407 0.939250 0.938189 0.937219 0.936336 0.935532 0.934803 0.934143 0.933549 0.933014 0.932535 0.932107 0.931727 0.931392 0.931097 0.930840 0.930619 0.930429 0.930268 0.930134 0.930025 0.929938 0.929871 0.929822 0.929789 0.929770 0.929764 0.929770 0.929785 0.929810 0.929841 0.929879 0.929923 0.929971 0.930023 0.930078 0.930135 0.930194 0.930254 0.930315 0.930377 0.930438 0.930499 0.930559 0.930618 0.930677 0.930734 0.930789 0.930843 0.930895 0.930945 0.930993 0.931040 0.931084 0.931127 0.931167 0.931206 0.931242 0.931276 0.931309 0.931339 0.931367 0.931394 0.931418 0.931441 0.931462 0.931481 0.931498 0.931513 0.931527 0.931538 0.931548 0.931557 0.931564 0.931569 0.931572 0.931574 0.931574 0.931572 0.931569 0.931564 0.931557 0.931548 0.931538 0.931527 0.931513 0.931498 0.931481 0.931462 0.931441 0.931418 0.931394 0.931367 0.931339 0.931309 0.931276 0.931242 0.931206 0.931167 0.931127 0.931084 0.931040 0.930993 0.930945 0.930895 0.930843 0.930789 0.930734 0.930677 0.930618 0.930559 0.930499 0.930438 0.930377 0.930315 0.930254 0.930194 0.930135 0.930078 0.930023 0.929971 0.929923 0.929879 0.929841 0.929810 0.929785 0.929770 0.929764 0.929770 0.929789 0.929822 0.929871 0.929938 0.930025 0.930134 0.930268 0.930429 0.930619 0.930840 0.931097 0.931392 0.931727 0.932107 0.932535 0.933014 0.933549 0.934143 0.934803 0.935532 0.936336 0.937219 0.938189 0.939250 0.940407 0.941668 0.943038 0.944519 0.946110 0.947806 0.949602 0.951503 0.953527 0.955700 0.958050 0.960601 0.963358 0.966301 0.969374 0.972480 0.975478 0.978171 0.980381 0.982047 0.983272 0.984628 0.988858 0.996737 1.000000
1.000000 1.000047 1.000047 1.000047 1.000047 1.000047 1.000047 0.999898 0.999317 0.998589 0.997806 0.997022 0.996268 0.995562 0.994909 0.994306 0.993748 0.993226 0.992731 0.992259 0.991806 0.991376 0.990969 0.990589 0.990235 0.989909 0.989609 0.989333 0.989082 0.988853 0.988645 0.988456 0.988286 0.988132 0.987995 0.987872 0.987762 0.987665 0.987580 0.987505 0.987441 0.987385 0.987338 0.987299 0.987266 0.987240 0.987220 0.987205 0.987194 0.987188 0.987185 0.987186 0.987189 0.987195 0.987204 0.987214 0.987226 0.987239 0.987253 0.987268 0.987284 0.987301 0.987317 0.987334 0.987352 0.987369 0.987386 0.987403 0.987420 0.987436 0.987452 0.987468 0.987483 0.987498 0.987513 0.987526 0.987540 0.987552 0.987564 0.987576 0.987587 0.987597 0.987607 0.987617 0.987625 0.987634 0.987641 0.987648 0.987655 0.987661 0.987666 0.987671 0.987675 0.987679 0.987683 0.987686 0.987688 0.987690 0.987692 0.987692 0.987693 0.987693 0.987692 0.987692 0.987690 0.987688 0.987686 0.987683 0.987679 0.987675 0.987671 0.987666 0.987661 0.987655 0.987648 0.987641 0.987634 0.987625 0.987617 0.987607 0.987597 0.987587 0.987576 0.987564 0.987552 0.987540 0.987526 0.987513 0.987498 0.987483 0.987468 0.987452 0.987436 0.987420 0.987403 0.987386 0.987369 0.987352 0.987334 0.987317 0.987301 0.987284 0.987268 0.987253 0.987239 0.987226 0.987214 0.987204 0.987195 0.987189 0.987186 0.987185 0.987188 0.987194 0.987205 0.987220 0.987240 0.987266 0.987299 0.987338 0.987385 0.987441 0.987505 0.987580 0.987665 0.987762 0.987872 0.987995 0.988132 0.988286 0.988456 0.988645 0.988853 0.989082 0.989333 0.989609 0.989909 0.990235 0.990589 0.990969 0.991376 0.991806 0.992259 0.992731 0.993226 0.993748 0.994306 0.994909 0.995562 0.996268 0.997022 0.997806 0.998589 0.999317 0.999898 1.000047 1.000047 1.000047 1.000047 1.000047 1.000047 1.000000
1.000000 1.000047 1.000047 1.000047 1.000047 1.000047 1.000047 1.000047 1.000047 1.000047 1.000047 1.000047 1.000047 1.000047 1.000047 1.000047 1.000047 1.000047 1.000047 1.000047 1.000047 1.000047 1.000047 1.000047 1.000047 1.000047 1.000047 1.000047 1.000047 1.000047 1.000047 1.000047 1.000047 1.000047 1.000047 1.000047 1.000047 1.000047 1.000047 1.000047 1.000047 1.000047 1.000047 1.000047 1.000047 1.000047 1.000047 1.000047 1.000047 1.000047 1.000047 1.000047 1.000047 1.000047 1.000047 1.000047 1.000047 1.000047 1.000047 1.000047 1.000047 1.000047 1.000047 1.000047 1.000047 1.000047 1.000047 1.000047 1.000047 1.000047 1.000047 1.000047 1.000047 1.000047 1.000047 1.000047 1.000047 1.000047 1.000047 1.000047 1.000047 1.000047 1.000047 1.000047 1.000047 1.000047 1.000047 1.000047 1.000047 1.000047 1.000047 1.000047 1.000047 1.000047 1.000047 1.000047 1.000047 1.000047 1.000047 1.000047 1.000047 1.000047 1.000047 1.000047 1.000047 1.000047 1.000047 1.000047 1.000047 1.000047 1.000047 1.000047 1.000047 1.000047 1.000047 1.000047 1.000047 1.000047 1.000047 1.000047 1.000047 1.000047 1.000047 1.000047 1.000047 1.000047 1.000047 1.000047 1.000047 1.000047 1.000047 1.000047 1.000047 1.000047 1.000047 1.000047 1.000047 1.000047 1.000047 1.000047 1.000047 1.000047 1.000047 1.000047 1.000047 1.000047 1.000047 1.000047 1.000047 1.000047 1.000047 1.000047 1.000047 1.000047 1.000047 1.000047 1.000047 1.000047 1.000047 1.000047 1.000047 1.000047 1.000047 1.000047 1.000047 1.000047 1.000047 1.000047 1.000047 1.000047 1.000047 1.000047 1.000047 1.000047 1.000047 1.000047 1.000047 1.000047 1.000047 1.000047 1.000047 1.000047 1.000047 1.000047 1.000047 1.000047 1.000047 1.000047 1.000047 1.000047 1.000047 1.000047 1.000047 1.000047 1.000047 1.000047 1.000047 1.000047 1.000047 1.000047 1.000047 1.000000
1.000000 1.000047 1.000047 1.000047 1.000047 1.000047 1.000047 1.000047 1.000047 1.000047 1.000047 1.000047 1.000047 1.000047 1.000047 1.000047 1.000047 1.000047 1.000047 1.000047 1.000047 1.000047 1.000047 1.000047 1.000047 1.000047 1.000047 1.000047 1.000047 1.000047 1.000047 1.000047 1.000047 1.000047 1.000047 1.000047 1.000047 1.000047 1.000047 1.000047 1.000047 1.000047 1.000047 1.000047 1.000047 1.000047 1.000047 1.000047 1.000047 1.000047 1.000047 1.000047 1.000047 1.000047 1.000047 1.000047 1.000047 1.000047 1.000047 1.000047 1.000047 1.000047 1.000047 1.000047 1.000047 1.000047 1.000047 1.000047 1.000047 1.000047 1.000047 1.000047 1.000047 1.000047 1.000047 1.000047 1.000047 1.000047 1.000047 1.000047 1.000047 1.000047 1.000047 1.000047 1.000047 1.000047 1.000047 1.000047 1.000047 1.000047 1.000047 1.000047 1.000047 1.000047 1.000047 1.000047 1.000047 1.000047 1.000047 1.000047 1.000047 1.000047 1.000047 1.000047 1.000047 1.000047 1.000047 1.000047 1.000047 1.000047 1.000047 1.000047 1.000047 1.000047 1.000047 1.000047 1.000047 1.000047 1.000047 1.000047 1.000047 1.000047 1.000047 1.000047 1.000047 1.000047 1.000047 1.000047 1.000047 1.000047 1.000047 1.000047 1.000047 1.000047 1.000047 1.000047 1.000047 1.000047 1.000047 1.000047 1.000047 1.000047 1.000047 1.000047 1.000047 1.000047 1.000047 1.000047 1.000047 1.000047 1.000047 1.000047 1.000047 1.000047 1.000047 1.000047 1.000047 1.000047 1.000047 1.000047 1.000047 1.000047 1.000047 1.000047 1.000047 1.000047 1.000047 1.000047 1.000047 1.000047 1.000047 1.000047 1.000047 1.000047 1.000047 1.000047 1.000047 1.000047 1.000047 1.000047 1.000047 1.000047 1.000047 1.000047 1.000047 1.000047 1.000047 1.000047 1.000047 1.000047 1.000047 1.000047 1.000047 1.000047 1.000047 1.000047 1.000047 1.000047 1.000047 1.000047 1.000047 1.000000
1.000000 1.000047 1.000047 1.000047 1.000047 1.000047 1.000047 1.000047 1.000047 1.000047 1.000047 1.000047 1.000047 1.000047 1.000047 1.000047 1.000047 1.000047 1.000047 1.000047 1.000047 1.000047 1.000047 1.000047 1.000047 1.000047 1.000047 1.000047 1.000047 1.000047 1.000047 1.000047 1.000047 1.000047 1.000047 1.000047 1.000047 1.000047 1.000047 1.000047 1.000047 1.000047 1.000047 1.000047 1.000047 1.000047 1.000047 1.000047 1.000047 1.000047 1.000047 1.000047 1.000047 1.000047 1.000047 1.000047 1.000047 1.000047 1.000047 1.000047 1.000047 1.000047 1.000047 1.000047 1.000047 1.000047 1.000047 1.000047 1.000047 1.000047 1.000047 1.000047 1.000047 1.000047 1.000047 1.000047 1.000047 1.000047 1.000047 1.000047 1.000047 1.000047 1.000047 1.000047 1.000047 1.000047 1.000047 1.000047 1.000047 1.000047 1.000047 1.000047 1.000047 1.000047 1.000047 1.000047 1.000047 1.000047 1.000047 1.000047 1.000047 1.000047 1.000047 1.000047 1.000047 1.000047 1.000047 1.000047 1.000047 1.000047 1.000047 1.000047 1.000047 1.000047 1.000047 1.000047 1.000047 1.000047 1.000047 1.000047 1.000047 1.000047 1.000047 1.000047 1.000047 1.000047 1.000047 1.000047 1.000047 1.000047 1.000047 1.000047 1.000047 1.000047 1.000047 1.000047 1.000047 1.000047 1.000047 1.000047 1.000047 1.000047 1.000047 1.000047 1.000047 1.000047 1.000047 1.000047 1.000047 1.000047 1.000047 1.000047 1.000047 1.000047 1.000047 1.000047 1.000047 1.000047 1.000047 1.000047 1.000047 1.000047 1.000047 1.000047 1.000047 1.000047 1.000047 1.000047 1.000047 1.000047 1.000047 1.000047 1.000047 1.000047 1.000047 1.000047 1.000047 1.000047 1.000047 1.000047 1.000047 1.000047 1.000047 1.000047 1.000047 1.000047 1.000047 1.000047 1.000047 1.000047 1.000047 1.000047 1.000047 1.000047 1.000047 1.000047 1.000047 1.000047 1.000047 1.000047 1.000047 1.000000
1.000000 1.000047 1.000047 1.000047 1.000047 1.000047 1.000047 1.000047 1.000047 1.000047 1.000047 1.000047 1.000047 1.000047 1.000047 1.000047 1.000047 1.000047 1.000047 1.000047 1.000047 1.000047 1.000047 1.000047 1.000047 1.000047 1.000047 1.000047 1.000047 1.000047 1.000047 1.000047 1.000047 1.000047 1.000047 1.000047 1.000047 1.000047 1.000047 1.000047 1.000047 1.000047 1.000047 1.000047 1.000047 1.000047 1.000047 1.000047 1.000047 1.000047 1.000047 1.000047 1.000047 1.000047 1.000047 1.000047 1.000047 1.000047 1.000047 1.000047 1.000047 1.000047 1.000047 1.000047 1.000047 1.000047 1.000047 1.000047 1.000047 1.000047 1.000047 1.000047 1.000047 1.000047 1.000047 1.000047 1.000047 1.000047 1.000047 1.000047 1.000047 1.000047 1.000047 1.000047 1.000047 1.000047 1.000047 1.000047 1.000047 1.000047 1.000047 1.000047 1.000047 1.000047 1.000047 1.000047 1.000047 1.000047 1.000047 1.000047 1.000047 1.000047 1.000047 1.000047 1.000047 1.000047 1.000047 1.000047 1.000047 1.000047 1.000047 1.000047 1.000047 1.000047 1.000047 1.000047 1.000047 1.000047 1.000047 1.000047 1.000047 1.000047 1.000047 1.000047 1.000047 1.000047 1.000047 1.000047 1.000047 1.000047 1.000047 1.000047 1.000047 1.000047 1.000047 1.000047 1.000047 1.000047 1.000047 1.000047 1.000047 1.000047 1.000047 1.000047 1.000047 1.000047 1.000047 1.000047 1.000047 1.000047 1.000047 1.000047 1.000047 1.000047 1.000047 1.000047 1.000047 1.000047 1.000047 1.000047 1.000047 1.000047 1.000047 1.000047 1.000047 1.000047 1.000047 1.000047 1.000047 1.000047 1.000047 1.000047 1.000047 1.000047 1.000047 1.000047 1.000047 1.000047 1.000047 1.000047 1.000047 1.000047 1.000047 1.000047 1.000047 1.000047 1.000047 1.000047 1.000047 1.000047 1.000047 1.000047 1.000047 1.000047 1.000047 1.000047 1.000047 1.000047 1.000047 1.000047 1.000047 1.000000
1.000000 1.000047 1.000047 1.000047 1.000047 1.000047 1.000047 1.000047 1.000047 1.000047 1.000047 1.000047 1.000047 1.000047 1.000047 1.000047 1.000047 1.000047 1.000047 1.000047 1.000047 1.000047 1.000047 1.000047 1.000047 1.000047 1.000047 1.000047 1.000047 1.000047 1.000047 1.000047 1.000047 1.000047 1.000047 1.000047 1.000047 1.000047 1.000047 1.000047 1.000047 1.000047 1.000047 1.000047 1.000047 1.000047 1.000047 1.000047 1.000047 1.000047 1.000047 1.000047 1.000047 1.000047 1.000047 1.000047 1.000047 1.000047 1.000047 1.000047 1.000047 1.000047 1.000047 1.000047 1.000047 1.000047 1.000047 1.000047 1.000047 1.000047 1.000047 1.000047 1.000047 1.000047 1.000047 1.000047 1.000047 1.000047 1.000047 1.000047 1.000047 1.000047 1.000047 1.000047 1.000047 1.000047 1.000047 1.000047 1.000047 1.000047 1.000047 1.000047 1.000047 1.000047 1.000047 1.000047 1.000047 1.000047 1.000047 1.000047 1.000047 1.000047 1.000047 1.000047 1.000047 1.000047 1.000047 1.000047 1.000047 1.000047 1.000047 1.000047 1.000047 1.000047 1.000047 1.000047 1.000047 1.000047 1.000047 1.000047 1.000047 1.000047 1.000047 1.000047 1.000047 1.000047 1.000047 1.000047 1.000047 1.000047 1.000047 1.000047 1.000047 1.000047 1.000047 1.000047 1.000047 1.000047 1.000047 1.000047 1.000047 1.000047 1.000047 1.000047 1.000047 1.000047 1.000047 1.000047 1.000047 1.000047 1.000047 1.000047 1.000047 1.000047 1.000047 1.000047 1.000047 1.000047 1.000047 1.000047 1.000047 1.000047 1.000047 1.000047 1.000047 1.000047 1.000047 1.000047 1.000047 1.000047 1.000047 1.000047 1.000047 1.000047 1.000047 1.000047 1.000047 1.000047 1.000047 1.000047 1.000047 1.000047 1.000047 1.000047 1.000047 1.000047 1.000047 1.000047 1.000047 1.000047 1.000047 1.000047 1.000047 1.000047 1.000047 1.000047 1.000047 1.000047 1.000047 1.000047 1.000047 1.000000
1.000000 1.000047 1.000047 1.000047 1.000047 1.000047 1.000047 1.000047 1.000047 1.000047 1.000047 1.000047 1.000047 1.000047 1.000047 1.000047 1.000047 1.000047 1.000047 1.000047 1.000047 1.000047 1.000047 1.000047 1.000047 1.000047 1.000047 1.000047 1.000047 1.000047 1.000047 1.000047 1.000047 1.000047 1.000047 1.000047 1.000047 1.000047 1.000047 1.000047 1.000047 1.000047 1.000047 1.000047 1.000047 1.000047 1.000047 1.000047 1.000047 1.000047 1.000047 1.000047 1.000047 1.000047 1.000047 1.000047 1.000047 1.000047 1.000047 1.000047 1.000047 1.000047 1.000047 1.000047 1.000047 1.000047 1.000047 1.000047 1.000047 1.000047 1.000047 1.000047 1.000047 1.000047 1.000047 1.000047 1.000047 1.000047 1.000047 1.000047 1.000047 1.000047 1.000047 1.000047 1.000047 1.000047 1.000047 1.000047 1.000047 1.000047 1.000047 1.000047 1.000047 1.000047 1.000047 1.000047 1.000047 1.000047 1.000047 1.000047 1.000047 1.000047 1.000047 1.000047 1.000047 1.000047 1.000047 1.000047 1.000047 1.000047 1.000047 1.000047 1.000047 1.000047 1.000047 1.000047 1.000047 1.000047 1.000047 1.000047 1.000047 1.000047 1.000047 1.000047 1.000047 1.000047 1.000047 1.000047 1.000047 1.000047 1.000047 1.000047 1.000047 1.000047 1.000047 1.000047 1.000047 1.000047 1.000047 1.000047 1.000047 1.000047 1.000047 1.000047 1.000047 1.000047 1.000047 1.000047 1.000047 1.000047 1.000047 1.000047 1.000047 1.000047 1.000047 1.000047 1.000047 1.000047 1.000047 1.000047 1.000047 1.000047 1.000047 1.000047 1.000047 1.000047 1.000047 1.000047 1.000047 1.000047 1.000047 1.000047 1.000047 1.000047 1.000047 1.000047 1.000047 1.000047 1.000047 1.000047 1.000047 1.000047 1.000047 1.000047 1.000047 1.000047 1.000047 1.000047 1.000047 1.000047 1.000047 1.000047 1.000047 1.000047 1.000047 1.000047 1.000047 1.000047 1.000047 1.000047 1.000047 1.000000
1.000000 1.000047 1.000047 1.000047 1.000047 1.000047 1.000047 1.000047 1.000047 1.000047 1.000047 1.000047 1.000047 1.000047 1.000047 1.000047 1.000047 1.000047 1.000047 1.000047 1.000047 1.000047 1.000047 1.000047 1.000047 1.000047 1.000047 1.000047 1.000047 1.000047 1.000047 1.000047 1.000047 1.000047 1.000047 1.000047 1.000047 1.000047 1.000047 1.000047 1.000047 1.000047 1.000047 1.000047 1.000047 1.000047 1.000047 1.000047 1.000047 1.000047 1.000047 1.000047 1.000047 1.000047 1.000047 1.000047 1.000047 1.000047 1.000047 1.000047 1.000047 1.000047 1.000047 1.000047 1.000047 1.000047 1.000047 1.000047 1.000047 1.000047 1.000047 1.000047 1.000047 1.000047 1.000047 1.000047 1.000047 1.000047 1.000047 1.000047 1.000047 1.000047 1.000047 1.000047 1.000047 1.000047 1.000047 1.000047 1.000047 1.000047 1.000047 1.000047 1.000047 1.000047 1.000047 1.000047 1.000047 1.000047 1.000047 1.000047 1.000047 1.000047 1.000047 1.000047 1.000047 1.000047 1.000047 1.000047 1.000047 1.000047 1.000047 1.000047 1.000047 1.000047 1.000047 1.000047 1.000047 1.000047 1.000047 1.000047 1.000047 1.000047 1.000047 1.000047 1.000047 1.000047 1.000047 1.000047 1.000047 1.000047 1.000047 1.000047 1.000047 1.000047 1.000047 1.000047 1.000047 1.000047 1.000047 1.000047 1.000047 1.000047 1.000047 1.000047 1.000047 1.000047 1.000047 1.000047 1.000047 1.000047 1.000047 1.000047 1.000047 1.000047 1.000047 1.000047 1.000047 1.000047 1.000047 1.000047 1.000047 1.000047 1.000047 1.000047 1.000047 1.000047 1.000047 1.000047 1.000047 1.000047 1.000047 1.000047 1.000047 1.000047 1.000047 1.000047 1.000047 1.000047 1.000047 1.000047 1.000047 1.000047 1.000047 1.000047 1.000047 1.000047 1.000047 1.000047 1.000047 1.000047 1.000047 1.000047 1.000047 1.000047 1.000047 1.000047 1.000047 1.000047 1.000047 1.000047 1.000047 1.000000
1.000000 1.000047 1.000047 1.000047 1.000047 1.000047 1.000047 1.000047 1.000047 1.000047 1.000047 1.000047 1.000047 1.000047 1.000047 1.000047 1.000047 1.000047 1.000047 1.000047 1.000047 1.000047 1.000047 1.000047 1.000047 1.000047 1.000047 1.000047 1.000047 1.000047 1.000047 1.000047 1.000047 1.000047 1.000047 1.000047 1.000047 1.000047 1.000047 1.000047 1.000047 1.000047 1.000047 1.000047 1.000047 1.000047 1.000047 1.000047 1.000047 1.000047 1.000047 1.000047 1.000047 1.000047 1.000047 1.000047 1.000047 1.000047 1.000047 1.000047 1.000047 1.000047 1.000047 1.000047 1.000047 1.000047 1.000047 1.000047 1.000047 1.000047 1.000047 1.000047 1.000047 1.000047 1.000047 1.000047 1.000047 1.000047 1.000047 1.000047 1.000047 1.000047 1.000047 1.000047 1.000047 1.000047 1.000047 1.000047 1.000047 1.000047 1.000047 1.000047 1.000047 1.000047 1.000047 1.000047 1.000047 1.000047 1.000047 1.000047 1.000047 1.000047 1.000047 1.000047 1.000047 1.000047 1.000047 1.000047 1.000047 1.000047 1.000047 1.000047 1.000047 1.000047 1.000047 1.000047 1.000047 1.000047 1.000047 1.000047 1.000047 1.000047 1.000047 1.000047 1.000047 1.000047 1.000047 1.000047 1.000047 1.000047 1.000047 1.000047 1.000047 1.000047 1.000047 1.000047 1.000047 1.000047 1.000047 1.000047 1.000047 1.000047 1.000047 1.000047 1.000047 1.000047 1.000047 1.000047 1.000047 1.000047 1.000047 1.000047 1.000047 1.000047 1.000047 1.000047 1.000047 1.000047 1.000047 1.000047 1.000047 1.000047 1.000047 1.000047 1.000047 1.000047 1.000047 1.000047 1.000047 1.000047 1.000047 1.000047 1.000047 1.000047 1.000047 1.000047 1.000047 1.000047 1.000047 1.000047 1.000047 1.000047 1.000047 1.000047 1.000047 1.000047 1.000047 1.000047 1.000047 1.000047 1.000047 1.000047 1.000047 1.000047 1.000047 1.000047 1.000047 1.000047 1.000047 1.000047 1.000047 1.000000
1.000000 1.000047 1.000047 1.000047 1.000047 1.000047 1.000047 1.000047 1.000047 1.000047 1.000047 1.000047 1.000047 1.000047 1.000047 1.000047 1.000047 1.000047 1.000047 1.000047 1.000047 1.000047 1.000047 1.000047 1.000047 1.000047 1.000047 1.000047 1.000047 1.000047 1.000047 1.000047 1.000047 1.000047 1.000047 1.000047 1.000047 1.000047 1.000047 1.000047 1.000047 1.000047 1.000047 1.000047 1.000047 1.000047 1.000047 1.000047 1.000047 1.000047 1.000047 1.000047 1.000047 1.000047 1.000047 1.000047 1.000047 1.000047 1.000047 1.000047 1.000047 1.000047 1.000047 1.000047 1.000047 1.000047 1.000047 1.000047 1.000047 1.000047 1.000047 1.000047 1.000047 1.000047 1.000047 1.000047 1.000047 1.000047 1.000047 1.000047 1.000047 1.000047 1.000047 1.000047 1.000047 1.000047 1.000047 1.000047 1.000047 1.000047 1.000047 1.000047 1.000047 1.000047 1.000047 1.000047 1.000047 1.000047 1.000047 1.000047 1.000047 1.000047 1.000047 1.000047 1.000047 1.000047 1.000047 1.000047 1.000047 1.000047 1.000047 1.000047 1.000047 1.000047 1.000047 1.000047 1.000047 1.000047 1.000047 1.000047 1.000047 1.000047 1.000047 1.000047 1.000047 1.000047 1.000047 1.000047 1.000047 1.000047 1.000047 1.000047 1.000047 1.000047 1.000047 1.000047 1.000047 1.000047 1.000047 1.000047 1.000047 1.000047 1.000047 1.000047 1.000047 1.000047 1.000047 1.000047 1.000047 1.000047 1.000047 1.000047 1.000047 1.000047 1.000047 1.000047 1.000047 1.000047 1.000047 1.000047 1.000047 1.000047 1.000047 1.000047 1.000047 1.000047 1.000047 1.000047 1.000047 1.000047 1.000047 1.000047 1.000047 1.000047 1.000047 1.000047 1.000047 1.000047 1.000047 1.000047 1.000047 1.000047 1.000047 1.000047 1.000047 1.000047 1.000047 1.000047 1.000047 1.000047 1.000047 1.000047 1.000047 1.000047 1.000047 1.000047 1.000047 1.000047 1.000047 1.000047 1.000047 1.000000
1.000000 1.000047 1.000047 1.000047 1.000047 1.000047 1.000047 1.000047 1.000047 1.000047 1.000047 1.000047 1.000047 1.000047 1.000047 1.000047 1.000047 1.000047 1.000047 1.000047 1.000047 1.000047 1.000047 1.000047 1.000047 1.000047 1.000047 1.000047 1.000047 1.000047 1.000047 1.000047 1.000047 1.000047 1.000047 1.000047 1.000047 1.000047 1.000047 1.000047 1.000047 1.000047 1.000047 1.000047 1.000047 1.000047 1.000047 1.000047 1.000047 1.000047 1.000047 1.000047 1.000047 1.000047 1.000047 1.000047 1.000047 1.000047 1.000047 1.000047 1.000047 1.000047 1.000047 1.000047 1.000047 1.000047 1.000047 1.000047 1.000047 1.000047 1.000047 1.000047 1.000047 1.000047 1.000047 1.000047 1.000047 1.000047 1.000047 1.000047 1.000047 1.000047 1.000047 1.000047 1.000047 1.000047 1.000047 1.000047 1.000047 1.000047 1.000047 1.000047 1.000047 1.000047 1.000047 1.000047 1.000047 1.000047 1.000047 1.000047 1.000047 1.000047 1.000047 1.000047 1.000047 1.000047 1.000047 1.000047 1.000047 1.000047 1.000047 1.000047 1.000047 1.000047 1.000047 1.000047 1.000047 1.000047 1.000047 1.000047 1.000047 1.000047 1.000047 1.000047 1.000047 1.000047 1.000047 1.000047 1.000047 1.000047 1.000047 1.000047 1.000047 1.000047 1.000047 1.000047 1.000047 1.000047 1.000047 1.000047 1.000047 1.000047 1.000047 1.000047 1.000047 1.000047 1.000047 1.000047 1.000047 1.000047 1.000047 1.000047 1.000047 1.000047 1.000047 1.000047 1.000047 1.000047 1.000047 1.000047 1.000047 1.000047 1.000047 1.000047 1.000047 1.000047 1.000047 1.000047 1.000047 1.000047 1.000047 1.000047 1.000047 1.000047 1.000047 1.000047 1.000047 1.000047 1.000047 1.000047 1.000047 1.000047 1.000047 1.000047 1.000047 1.000047 1.000047 1.000047 1.000047 1.000047 1.000047 1.000047 1.000047 1.000047 1.000047 1.000047 1.000047 1.000047 1.000047 1.000047 1.000047 1.000000
1.000000 1.000047 1.000047 1.000047 1.000047 1.000047 1.000047 1.000047 1.000047 1.000047 1.000047 1.000047 1.000047 1.000047 1.000047 1.000047 1.000047 1.000047 1.000047 1.000047 1.000047 1.000047 1.000047 1.000047 1.000047 1.000047 1.000047 1.000047 1.000047 1.000047 1.000047 1.000047 1.000047 1.000047 1.000047 1.000047 1.000047 1.000047 1.000047 1.000047 1.000047 1.000047 1.000047 1.000047 1.000047 1.000047 1.000047 1.000047 1.000047 1.000047 1.000047 1.000047 1.000047 1.000047 1.000047 1.000047 1.000047 1.000047 1.000047 1.000047 1.000047 1.000047 1.000047 1.000047 1.000047 1.000047 1.000047 1.000047 1.000047 1.000047 1.000047 1.000047 1.000047 1.000047 1.000047 1.000047 1.000047 1.000047 1.000047 1.000047 1.000047 1.000047 1.000047 1.000047 1.000047 1.000047 1.000047 1.000047 1.000047 1.000047 1.000047 1.000047 1.000047 1.000047 1.000047 1.000047 1.000047 1.000047 1.000047 1.000047 1.000047 1.000047 1.000047 1.000047 1.000047 1.000047 1.000047 1.000047 1.000047 1.000047 1.000047 1.000047 1.000047 1.000047 1.000047 1.000047 1.000047 1.000047 1.000047 1.000047 1.000047 1.000047 1.000047 1.000047 1.000047 1.000047 1.000047 1.000047 1.000047 1.000047 1.000047 1.000047 1.000047 1.000047 1.000047 1.000047 1.000047 1.000047 1.000047 1.000047 1.000047 1.000047 1.000047 1.000047 1.000047 1.000047 1.000047 1.000047 1.000047 1.000047 1.000047 1.000047 1.000047 1.000047 1.000047 1.000047 1.000047 1.000047 1.000047 1.000047 1.000047 1.000047 1.000047 1.000047 1.000047 1.000047 1.000047 1.000047 1.000047 1.000047 1.000047 1.000047 1.000047 1.000047 1.000047 1.000047 1.000047 1.000047 1.000047 1.000047 1.000047 1.000047 1.000047 1.000047 1.000047 1.000047 1.000047 1.000047 1.000047 1.000047 1.000047 1.000047 1.000047 1.000047 1.000047 1.000047 1.000047 1.000047 1.000047 1.000047 1.000047 1.000000
1.000000 1.000047 1.000047 1.000047 1.000047 1.000047 1.000047 1.000047 1.000047 1.000047 1.000047 1.000047 1.000047 1.000047 1.000047 1.000047 1.000047 1.000047 1.000047 1.000047 1.000047 1.000047 1.000047 1.000047 1.000047 1.000047 1.000047 1.000047 1.000047 1.000047 1.000047 1.000047 1.000047 1.000047 1.000047 1.000047 1.000047 1.000047 1.000047 1.000047 1.000047 1.000047 1.000047 1.000047 1.000047 1.000047 1.000047 1.000047 1.000047 1.000047 1.000047 1.000047 1.000047 1.000047 1.000047 1.000047 1.000047 1.000047 1.000047 1.000047 1.000047 1.000047 1.000047 1.000047 1.000047 1.000047 1.000047 1.000047 1.000047 1.000047 1.000047 1.000047 1.000047 1.000047 1.000047 1.000047 1.000047 1.000047 1.000047 1.000047 1.000047 1.000047 1.000047 1.000047 1.000047 1.000047 1.000047 1.000047 1.000047 1.000047 1.000047 1.000047 1.000047 1.000047 1.000047 1.000047 1.000047 1.000047 1.000047 1.000047 1.000047 1.000047 1.000047 1.000047 1.000047 1.000047 1.000047 1.000047 1.000047 1.000047 1.000047 1.000047 1.000047 1.000047 1.000047 1.000047 1.000047 1.000047 1.000047 1.000047 1.000047 1.000047 1.000047 1.000047 1.000047 1.000047 1.000047 1.000047 1.000047 1.000047 1.000047 1.000047 1.000047 1.000047 1.000047 1.000047 1.000047 1.000047 1.000047 1.000047 1.000047 1.000047 1.000047 1.000047 1.000047 1.000047 1.000047 1.000047 1.000047 1.000047 1.000047 1.000047 1.000047 1.000047 1.000047 1.000047 1.000047 1.000047 1.000047 1.000047 1.000047 1.000047 1.000047 1.000047 1.000047 1.000047 1.000047 1.000047 1.000047 1.000047 1.000047 1.000047 1.000047 1.000047 1.000047 1.000047 1.000047 1.000047 1.000047 1.000047 1.000047 1.000047 1.000047 1.000047 1.000047 1.000047 1.000047 1.000047 1.000047 1.000047 1.000047 1.000047 1.000047 1.000047 1.000047 1.000047 1.000047 1.000047 1.000047 1.000047 1.000047 1.000000
1.000000 1.000047 1.000047 1.000047 1.000047 1.000047 1.000047 1.000047 1.000047 1.000047 1.000047 1.000047 1.000047 1.000047 1.000047 1.000047 1.000047 1.000047 1.000047 1.000047 1.000047 1.000047 1.000047 1.000047 1.000047 1.000047 1.000047 1.000047 1.000047 1.000047 1.000047 1.000047 1.000047 1.000047 1.000047 1.000047 1.000047 1.000047 1.000047 1.000047 1.000047 1.000047 1.000047 1.000047 1.000047 1.000047 1.000047 1.000047 1.000047 1.000047 1.000047 1.000047 1.000047 1.000047 1.000047 1.000047 1.000047 1.000047 1.000047 1.000047 1.000047 1.000047 1.000047 1.000047 1.000047 1.000047 1.000047 1.000047 1.000047 1.000047 1.000047 1.000047 1.000047 1.000047 1.000047 1.000047 1.000047 1.000047 1.000047 1.000047 1.000047 1.000047 1.000047 1.000047 1.000047 1.000047 1.000047 1.000047 1.000047 1.000047 1.000047 1.000047 1.000047 1.000047 1.000047 1.000047 1.000047 1.000047 1.000047 1.000047 1.000047 1.000047 1.000047 1.000047 1.000047 1.000047 1.000047 1.000047 1.000047 1.000047 1.000047 1.000047 1.000047 1.000047 1.000047 1.000047 1.000047 1.000047 1.000047 1.000047 1.000047 1.000047 1.000047 1.000047 1.000047 1.000047 1.000047 1.000047 1.000047 1.000047 1.000047 1.000047 1.000047 1.000047 1.000047 1.000047 1.000047 1.000047 1.000047 1.000047 1.000047 1.000047 1.000047 1.000047 1.000047 1.000047 1.000047 1.000047 1.000047 1.000047 1.000047 1.000047 1.000047 1.000047 1.000047 1.000047 1.000047 1.000047 1.000047 1.000047 1.000047 1.000047 1.000047 1.000047 1.000047 1.000047 1.000047 1.000047 1.000047 1.000047 1.000047 1.000047 1.000047 1.000047 1.000047 1.000047 1.000047 1.000047 1.000047 1.000047 1.000047 1.000047 1.000047 1.000047 1.000047 1.000047 1.000047 1.000047 1.000047 1.000047 1.000047 1.000047 1.000047 1.000047 1.000047 1.000047 1.000047 1.000047 1.000047 1.000047 1.000047 1.000000
1.000000 1.000047 1.000047 1.000047 1.000047 1.000047 1.000047 1.000047 1.000047 1.000047 1.000047 1.000047 1.000047 1.000047 1.000047 1.000047 1.000047 1.000047 1.000047 1.000047 1.000047 1.000047 1.000047 1.000047 1.000047 1.000047 1.000047 1.000047 1.000047 1.000047 1.000047 1.000047 1.000047 1.000047 1.000047 1.000047 1.000047 1.000047 1.000047 1.000047 1.000047 1.000047 1.000047 1.000047 1.000047 1.000047 1.000047 1.000047 1.000047 1.000047 1.000047 1.000047 1.000047 1.000047 1.000047 1.000047 1.000047 1.000047 1.000047 1.000047 1.000047 1.000047 1.000047 1.000047 1.000047 1.000047 1.000047 1.000047 1.000047 1.000047 1.000047 1.000047 1.000047 1.000047 1.000047 1.000047 1.000047 1.000047 1.000047 1.000047 1.000047 1.000047 1.000047 1.000047 1.000047 1.000047 1.000047 1.000047 1.000047 1.000047 1.000047 1.000047 1.000047 1.000047 1.000047 1.000047 1.000047 1.000047 1.000047 1.000047 1.000047 1.000047 1.000047 1.000047 1.000047 1.000047 1.000047 1.000047 1.000047 1.000047 1.000047 1.000047 1.000047 1.000047 1.000047 1.000047 1.000047 1.000047 1.000047 1.000047 1.000047 1.000047 1.000047 1.000047 1.000047 1.000047 1.000047 1.000047 1.000047 1.000047 1.000047 1.000047 1.000047 1.000047 1.000047 1.000047 1.000047 1.000047 1.000047 1.000047 1.000047 1.000047 1.000047 1.000047 1.000047 1.000047 1.000047 1.000047 1.000047 1.000047 1.000047 1.000047 1.000047 1.000047 1.000047 1.000047 1.000047 1.000047 1.000047 1.000047 1.000047 1.000047 1.000047 1.000047 1.000047 1.000047 1.000047 1.000047 1.000047 1.000047 1.000047 1.000047 1.000047 1.000047 1.000047 1.000047 1.000047 1.000047 1.000047 1.000047 1.000047 1.000047 1.000047 1.000047 1.000047 1.000047 1.000047 1.000047 1.000047 1.000047 1.000047 1.000047 1.000047 1.000047 1.000047 1.000047 1.000047 1.000047 1.000047 1.000047 1.000047 1.000000
1.000000 1.000047 1.000047 1.000047 1.000047 1.000047 1.000047 1.000047 1.000047 1.000047 1.000047 1.000047 1.000047 1.000047 1.000047 1.000047 1.000047 1.000047 1.000047 1.000047 1.000047 1.000047 1.000047 1.000047 1.000047 1.000047 1.000047 1.000047 1.000047 1.000047 1.000047 1.000047 1.000047 1.000047 1.000047 1.000047 1.000047 1.000047 1.000047 1.000047 1.000047 1.000047 1.000047 1.000047 1.000047 1.000047 1.000047 1.000047 1.000047 1.000047 1.000047 1.000047 1.000047 1.000047 1.000047 1.000047 1.000047 1.000047 1.000047 1.000047 1.000047 1.000047 1.000047 1.000047 1.000047 1.000047 1.000047 1.000047 1.000047 1.000047 1.000047 1.000047 1.000047 1.000047 1.000047 1.000047 1.000047 1.000047 1.000047 1.000047 1.000047 1.000047 1.000047 1.000047 1.000047 1.000047 1.000047 1.000047 1.000047 1.000047 1.000047 1.000047 1.000047 1.000047 1.000047 1.000047 1.000047 1.000047 1.000047 1.000047 1.000047 1.000047 1.000047 1.000047 1.000047 1.000047 1.000047 1.000047 1.000047 1.000047 1.000047 1.000047 1.000047 1.000047 1.000047 1.000047 1.000047 1.000047 1.000047 1.000047 1.000047 1.000047 1.000047 1.000047 1.000047 1.000047 1.000047 1.000047 1.000047 1.000047 1.000047 1.000047 1.000047 1.000047 1.000047 1.000047 1.000047 1.000047 1.000047 1.000047 1.000047 1.000047 1.000047 1.000047 1.000047 1.000047 1.000047 1.000047 1.000047 1.000047 1.000047 1.000047 1.000047 1.000047 1.000047 1.000047 1.000047 1.000047 1.000047 1.000047 1.000047 1.000047 1.000047 1.000047 1.000047 1.000047 1.000047 1.000047 1.000047 1.000047 1.000047 1.000047 1.000047 1.000047 1.000047 1.000047 1.000047 1.000047 1.000047 1.000047 1.000047 1.000047 1.000047 1.000047 1.000047 1.000047 1.000047 1.000047 1.000047 1.000047 1.000047 1.000047 1.000047 1.000047 1.000047 1.000047 1.000047 1.000047 1.000047 1.000047 1.000047 1.000000
1.000000 1.000047 1.000047 1.000047 1.000047 1.000047 1.000047 1.000047 1.000047 1.000047 1.000047 1.000047 1.000047 1.000047 1.000047 1.000047 1.000047 1.000047 1.000047 1.000047 1.000047 1.000047 1.000047 1.000047 1.000047 1.000047 1.000047 1.000047 1.000047 1.000047 1.000047 1.000047 1.000047 1.000047 1.000047 1.000047 1.000047 1.000047 1.000047 1.000047 1.000047 1.000047 1.000047 1.000047 1.000047 1.000047 1.000047 1.000047 1.000047 1.000047 1.000047 1.000047 1.000047 1.000047 1.000047 1.000047 1.000047 1.000047 1.000047 1.000047 1.000047 1.000047 1.000047 1.000047 1.000047 1.000047 1.000047 1.000047 1.000047 1.000047 1.000047 1.000047 1.000047 1.000047 1.000047 1.000047 1.000047 1.000047 1.000047 1.000047 1.000047 1.000047 1.000047 1.000047 1.000047 1.000047 1.000047 1.000047 1.000047 1.000047 1.000047 1.000047 1.000047 1.000047 1.000047 1.000047 1.000047 1.000047 1.000047 1.000047 1.000047 1.000047 1.000047 1.000047 1.000047 1.000047 1.000047 1.000047 1.000047 1.000047 1.000047 1.000047 1.000047 1.000047 1.000047 1.000047 1.000047 1.000047 1.000047 1.000047 1.000047 1.000047 1.000047 1.000047 1.000047 1.000047 1.000047 1.000047 1.000047 1.000047 1.000047 1.000047 1.000047 1.000047 1.000047 1.000047 1.000047 1.000047 1.000047 1.000047 1.000047 1.000047 1.000047 1.000047 1.000047 1.000047 1.000047 1.000047 1.000047 1.000047 1.000047 1.000047 1.000047 1.000047 1.000047 1.000047 1.000047 1.000047 1.000047 1.000047 1.000047 1.000047 1.000047 1.000047 1.000047 1.000047 1.000047 1.000047 1.000047 1.000047 1.000047 1.000047 1.000047 1.000047 1.000047 1.000047 1.000047 1.000047 1.000047 1.000047 1.000047 1.000047 1.000047 1.000047 1.000047 1.000047 1.000047 1.000047 1.000047 1.000047 1.000047 1.000047 1.000047 1.000047 1.000047 1.000047 1.000047 1.000047 1.000047 1.000047 1.000047 1.000000
1.000000 1.000047 1.000047 1.000047 1.000047 1.000047 1.000047 1.000047 1.000047 1.000047 1.000047 1.000047 1.000047 1.000047 1.000047 1.000047 1.000047 1.000047 1.000047 1.000047 1.000047 1.000047 1.000047 1.000047 1.000047 1.000047 1.000047 1.000047 1.000047 1.000047 1.000047 1.000047 1.000047 1.000047 1.000047 1.000047 1.000047 1.000047 1.000047 1.000047 1.000047 1.000047 1.000047 1.000047 1.000047 1.000047 1.000047 1.000047 1.000047 1.000047 1.000047 1.000047 1.000047 1.000047 1.000047 1.000047 1.000047 1.000047 1.000047 1.000047 1.000047 1.000047 1.000047 1.000047 1.000047 1.000047 1.000047 1.000047 1.000047 1.000047 1.000047 1.000047 1.000047 1.000047 1.000047 1.000047 1.000047 1.000047 1.000047 1.000047 1.000047 1.000047 1.000047 1.000047 1.000047 1.000047 1.000047 1.000047 1.000047 1.000047 1.000047 1.000047 1.000047 1.000047 1.000047 1.000047 1.000047 1.000047 1.000047 1.000047 1.000047 1.000047 1.000047 1.000047 1.000047 1.000047 1.000047 1.000047 1.000047 1.000047 1.000047 1.000047 1.000047 1.000047 1.000047 1.000047 1.000047 1.000047 1.000047 1.000047 1.000047 1.000047 1.000047 1.000047 1.000047 1.000047 1.000047 1.000047 1.000047 1.000047 1.000047 1.000047 1.000047 1.000047 1.000047 1.000047 1.000047 1.000047 1.000047 1.000047 1.000047 1.000047 1.000047 1.000047 1.000047 1.000047 1.000047 1.000047 1.000047 1.000047 1.000047 1.000047 1.000047 1.000047 1.000047 1.000047 1.000047 1.000047 1.000047 1.000047 1.000047 1.000047 1.000047 1.000047 1.000047 1.000047 1.000047 1.000047 1.000047 1.000047 1.000047 1.000047 1.000047 1.000047 1.000047 1.000047 1.000047 1.000047 1.000047 1.000047 1.000047 1.000047 1.000047 1.000047 1.000047 1.000047 1.000047 1.000047 1.000047 1.000047 1.000047 1.000047 1.000047 1.000047 1.000047 1.000047 1.000047 1.000047 1.000047 1.000047 1.000047 1.000000
1.000000 1.000047 1.000047 1.000047 1.000047 1.000047 1.000047 1.000047 1.000047 1.000047 1.000047 1.000047 1.000047 1.000047 1.000047 1.000047 1.000047 1.000047 1.000047 1.000047 1.000047 1.000047 1.000047 1.000047 1.000047 1.000047 1.000047 1.000047 1.000047 1.000047 1.000047 1.000047 1.000047 1.000047 1.000047 1.000047 1.000047 1.000047 1.000047 1.000047 1.000047 1.000047 1.000047 1.000047 1.000047 1.000047 1.000047 1.000047 1.000047 1.000047 1.000047 1.000047 1.000047 1.000047 1.000047 1.000047 1.000047 1.000047 1.000047 1.000047 1.000047 1.000047 1.000047 1.000047 1.000047 1.000047 1.000047 1.000047 1.000047 1.000047 1.000047 1.000047 1.000047 1.000047 1.000047 1.000047 1.000047 1.000047 1.000047 1.000047 1.000047 1.000047 1.000047 1.000047 1.000047 1.000047 1.000047 1.000047 1.000047 1.000047 1.000047 1.000047 1.000047 1.000047 1.000047 1.000047 1.000047 1.000047 1.000047 1.000047 1.000047 1.000047 1.000047 1.000047 1.000047 1.000047 1.000047 1.000047 1.000047 1.000047 1.000047 1.000047 1.000047 1.000047 1.000047 1.000047 1.000047 1.000047 1.000047 1.000047 1.000047 1.000047 1.000047 1.000047 1.000047 1.000047 1.000047 1.000047 1.000047 1.000047 1.000047 1.000047 1.000047 1.000047 1.000047 1.000047 1.000047 1.000047 1.000047 1.000047 1.000047 1.000047 1.000047 1.000047 1.000047 1.000047 1.000047 1.000047 1.000047 1.000047 1.000047 1.000047 1.000047 1.000047 1.000047 1.000047 1.000047 1.000047 1.000047 1.000047 1.000047 1.000047 1.000047 1.000047 1.000047 1.000047 1.000047 1.000047 1.000047 1.000047 1.000047 1.000047 1.000047 1.000047 1.000047 1.000047 1.000047 1.000047 1.000047 1.000047 1.000047 1.000047 1.000047 1.000047 1.000047 1.000047 1.000047 1.000047 1.000047 1.000047 1.000047 1.000047 1.000047 1.000047 1.000047 1.000047 1.000047 1.000047 1.000047 1.000047 1.000047 1.000000
1.000000 1.000047 1.000047 1.000047 1.000047 1.000047 1.000047 1.000047 1.000047 1.000047 1.000047 1.000047 1.000047 1.000047 1.000047 1.000047 1.000047 1.000047 1.000047 1.000047 1.000047 1.000047 1.000047 1.000047 1.000047 1.000047 1.000047 1.000047 1.000047 1.000047 1.000047 1.000047 1.000047 1.000047 1.000047 1.000047 1.000047 1.000047 1.000047 1.000047 1.000047 1.000047 1.000047 1.000047 1.000047 1.000047 1.000047 1.000047 1.000047 1.000047 1.000047 1.000047 1.000047 1.000047 1.000047 1.000047 1.000047 1.000047 1.000047 1.000047 1.000047 1.000047 1.000047 1.000047 1.000047 1.000047 1.000047 1.000047 1.000047 1.000047 1.000047 1.000047 1.000047 1.000047 1.000047 1.000047 1.000047 1.000047 1.000047 1.000047 1.000047 1.000047 1.000047 1.000047 1.000047 1.000047 1.000047 1.000047 1.000047 1.000047 1.000047 1.000047 1.000047 1.000047 1.000047 1.000047 1.000047 1.000047 1.000047 1.000047 1.000047 1.000047 1.000047 1.000047 1.000047 1.000047 1.000047 1.000047 1.000047 1.000047 1.000047 1.000047 1.000047 1.000047 1.000047 1.000047 1.000047 1.000047 1.000047 1.000047 1.000047 1.000047 1.000047 1.000047 1.000047 1.000047 1.000047 1.000047 1.000047 1.000047 1.000047 1.000047 1.000047 1.000047 1.000047 1.000047 1.000047 1.000047 1.000047 1.000047 1.000047 1.000047 1.000047 1.000047 1.000047 1.000047 1.000047 1.000047 1.000047 1.000047 1.000047 1.000047 1.000047 1.000047 1.000047 1.000047 1.000047 1.000047 1.000047 1.000047 1.000047 1.000047 1.000047 1.000047 1.000047 1.000047 1.000047 1.000047 1.000047 1.000047 1.000047 1.000047 1.000047 1.000047 1.000047 1.000047 1.000047 1.000047 1.000047 1.000047 1.000047 1.000047 1.000047 1.000047 1.000047 1.000047 1.000047 1.000047 1.000047 1.000047 1.000047 1.000047 1.000047 1.000047 1.000047 1.000047 1.000047 1.000047 1.000047 1.000047 1.000047 1.000000
1.000000 1.000047 1.000047 1.000047 1.000047 1.000047 1.000047 1.000047 1.000047 1.000047 1.000047 1.000047 1.000047 1.000047 1.000047 1.000047 1.000047 1.000047 1.000047 1.000047 1.000047 1.000047 1.000047 1.000047 1.000047 1.000047 1.000047 1.000047 1.000047 1.000047 1.000047 1.000047 1.000047 1.000047 1.000047 1.000047 1.000047 1.000047 1.000047 1.000047 1.000047 1.000047 1.000047 1.000047 1.000047 1.000047 1.000047 1.000047 1.000047 1.000047 1.000047 1.000047 1.000047 1.000047 1.000047 1.000047 1.000047 1.000047 1.000047 1.000047 1.000047 1.000047 1.000047 1.000047 1.000047 1.000047 1.000047 1.000047 1.000047 1.000047 1.000047 1.000047 1.000047 1.000047 1.000047 1.000047 1.000047 1.000047 1.000047 1.000047 1.000047 1.000047 1.000047 1.000047 1.000047 1.000047 1.000047 1.000047 1.000047 1.000047 1.000047 1.000047 1.000047 1.000047 1.000047 1.000047 1.000047 1.000047 1.000047 1.000047 1.000047 1.000047 1.000047 1.000047 1.000047 1.000047 1.000047 1.000047 1.000047 1.000047 1.000047 1.000047 1.000047 1.000047 1.000047 1.000047 1.000047 1.000047 1.000047 1.000047 1.000047 1.000047 1.000047 1.000047 1.000047 1.000047 1.000047 1.000047 1.000047 1.000047 1.000047 1.000047 1.000047 1.000047 1.000047 1.000047 1.000047 1.000047 1.000047 1.000047 1.000047 1.000047 1.000047 1.000047 1.000047 1.000047 1.000047 1.000047 1.000047 1.000047 1.000047 1.000047 1.000047 1.000047 1.000047 1.000047 1.000047 1.000047 1.000047 1.000047 1.000047 1.000047 1.000047 1.000047 1.000047 1.000047 1.000047 1.000047 1.000047 1.000047 1.000047 1.000047 1.000047 1.000047 1.000047 1.000047 1.000047 1.000047 1.000047 1.000047 1.000047 1.000047 1.000047 1.000047 1.000047 1.000047 1.000047 1.000047 1.000047 1.000047 1.000047 1.000047 1.000047 1.000047 1.000047 1.000047 1.000047 1.000047 1.000047 1.000047 1.000047 1.000000
1.000000 1.000047 1.000047 1.000047 1.000047 1.000047 1.000047 1.000047 1.000047 1.000047 1.000047 1.000047 1.000047 1.000047 1.000047 1.000047 1.000047 1.000047 1.000047 1.000047 1.000047 1.000047 1.000047 1.000047 1.000047 1.000047 1.000047 1.000047 1.000047 1.000047 1.000047 1.000047 1.000047 1.000047 1.000047 1.000047 1.000047 1.000047 1.000047 1.000047 1.000047 1.000047 1.000047 1.000047 1.000047 1.000047 1.000047 1.000047 1.000047 1.000047 1.000047 1.000047 1.000047 1.000047 1.000047 1.000047 1.000047 1.000047 1.000047 1.000047 1.000047 1.000047 1.000047 1.000047 1.000047 1.000047 1.000047 1.000047 1.000047 1.000047 1.000047 1.000047 1.000047 1.000047 1.000047 1.000047 1.000047 1.000047 1.000047 1.000047 1.000047 1.000047 1.000047 1.000047 1.000047 1.000047 1.000047 1.000047 1.000047 1.000047 1.000047 1.000047 1.000047 1.000047 1.000047 1.000047 1.000047 1.000047 1.000047 1.000047 1.000047 1.000047 1.000047 1.000047 1.000047 1.000047 1.000047 1.000047 1.000047 1.000047 1.000047 1.000047 1.000047 1.000047 1.000047 1.000047 1.000047 1.000047 1.000047 1.000047 1.000047 1.000047 1.000047 1.000047 1.000047 1.000047 1.000047 1.000047 1.000047 1.000047 1.000047 1.000047 1.000047 1.000047 1.000047 1.000047 1.000047 1.000047 1.000047 1.000047 1.000047 1.000047 1.000047 1.000047 1.000047 1.000047 1.000047 1.000047 1.000047 1.000047 1.000047 1.000047 1.000047 1.000047 1.000047 1.000047 1.000047 1.000047 1.000047 1.000047 1.000047 1.000047 1.000047 1.000047 1.000047 1.000047 1.000047 1.000047 1.000047 1.000047 1.000047 1.000047 1.000047 1.000047 1.000047 1.000047 1.000047 1.000047 1.000047 1.000047 1.000047 1.000047 1.000047 1.000047 1.000047 1.000047 1.000047 1.000047 1.000047 1.000047 1.000047 1.000047 1.000047 1.000047 1.000047 1.000047 1.000047 1.000047 1.000047 1.000047 1.000047 1.000000
1.000000 1.000047 1.000047 1.000047 1.000047 1.000047 1.000047 1.000047 1.000047 1.000047 1.000047 1.000047 1.000047 1.000047 1.000047 1.000047 1.000047 1.000047 1.000047 1.000047 1.000047 1.000047 1.000047 1.000047 1.000047 1.000047 1.000047 1.000047 1.000047 1.000047 1.000047 1.000047 1.000047 1.000047 1.000047 1.000047 1.000047 1.000047 1.000047 1.000047 1.000047 1.000047 1.000047 1.000047 1.000047 1.000047 1.000047 1.000047 1.000047 1.000047 1.000047 1.000047 1.000047 1.000047 1.000047 1.000047 1.000047 1.000047 1.000047 1.000047 1.000047 1.000047 1.000047 1.000047 1.000047 1.000047 1.000047 1.000047 1.000047 1.000047 1.000047 1.000047 1.000047 1.000047 1.000047 1.000047 1.000047 1.000047 1.000047 1.000047 1.000047 1.000047 1.000047 1.000047 1.000047 1.000047 1.000047 1.000047 1.000047 1.000047 1.000047 1.000047 1.000047 1.000047 1.000047 1.000047 1.000047 1.000047 1.000047 1.000047 1.000047 1.000047 1.000047 1.000047 1.000047 1.000047 1.000047 1.000047 1.000047 1.000047 1.000047 1.000047 1.000047 1.000047 1.000047 1.000047 1.000047 1.000047 1.000047 1.000047 1.000047 1.000047 1.000047 1.000047 1.000047 1.000047 1.000047 1.000047 1.000047 1.000047 1.000047 1.000047 1.000047 1.000047 1.000047 1.000047 1.000047 1.000047 1.000047 1.000047 1.000047 1.000047 1.000047 1.000047 1.000047 1.000047 1.000047 1.000047 1.000047 1.000047 1.000047 1.000047 1.000047 1.000047 1.000047 1.000047 1.000047 1.000047 1.000047 1.000047 1.000047 1.000047 1.000047 1.000047 1.000047 1.000047 1.000047 1.000047 1.000047 1.000047 1.000047 1.000047 1.000047 1.000047 1.000047 1.000047 1.000047 1.000047 1.000047 1.000047 1.000047 1.000047 1.000047 1.000047 1.000047 1.000047 1.000047 1.000047 1.000047 1.000047 1.000047 1.000047 1.000047 1.000047 1.000047 1.000047 1.000047 1.000047 1.000047 1.000047 1.000047 1.000000
1.000000 1.000047 1.000047 1.000047 1.000047 1.000047 1.000047 1.000047 1.000047 1.000047 1.000047 1.000047 1.000047 1.000047 1.000047 1.000047 1.000047 1.000047 1.000047 1.000047 1.000047 1.000047 1.000047 1.000047 1.000047 1.000047 1.000047 1.000047 1.000047 1.000047 1.000047 1.000047 1.000047 1.000047 1.000047 1.000047 1.000047 1.000047 1.000047 1.000047 1.000047 1.000047 1.000047 1.000047 1.000047 1.000047 1.000047 1.000047 1.000047 1.000047 1.000047 1.000047 1.000047 1.000047 1.000047 1.000047 1.000047 1.000047 1.000047 1.000047 1.000047 1.000047 1.000047 1.000047 1.000047 1.000047 1.000047 1.000047 1.000047 1.000047 1.000047 1.000047 1.000047 1.000047 1.000047 1.000047 1.000047 1.000047 1.000047 1.000047 1.000047 1.000047 1.000047 1.000047 1.000047 1.000047 1.000047 1.000047 1.000047 1.000047 1.000047 1.000047 1.000047 1.000047 1.000047 1.000047 1.000047 1.000047 1.000047 1.000047 1.000047 1.000047 1.000047 1.000047 1.000047 1.000047 1.000047 1.000047 1.000047 1.000047 1.000047 1.000047 1.000047 1.000047 1.000047 1.000047 1.000047 1.000047 1.000047 1.000047 1.000047 1.000047 1.000047 1.000047 1.000047 1.000047 1.000047 1.000047 1.000047 1.000047 1.000047 1.000047 1.000047 1.000047 1.000047 1.000047 1.000047 1.000047 1.000047 1.000047 1.000047 1.000047 1.000047 1.000047 1.000047 1.000047 1.000047 1.000047 1.000047 1.000047 1.000047 1.000047 1.000047 1.000047 1.000047 1.000047 1.000047 1.000047 1.000047 1.000047 1.000047 1.000047 1.000047 1.000047 1.000047 1.000047 1.000047 1.000047 1.000047 1.000047 1.000047 1.000047 1.000047 1.000047 1.000047 1.000047 1.000047 1.000047 1.000047 1.000047 1.000047 1.000047 1.000047 1.000047 1.000047 1.000047 1.000047 1.000047 1.000047 1.000047 1.000047 1.000047 1.000047 1.000047 1.000047 1.000047 1.000047 1.000047 1.000047 1.000047 1.000047 1.000000
1.000000 1.000047 1.000047 1.000047 1.000047 1.000047 1.000047 1.000047 1.000047 1.000047 1.000047 1.000047 1.000047 1.000047 1.000047 1.000047 1.000047 1.000047 1.000047 1.000047 1.000047 1.000047 1.000047 1.000047 1.000047 1.000047 1.000047 1.000047 1.000047 1.000047 1.000047 1.000047 1.000047 1.000047 1.000047 1.000047 1.000047 1.000047 1.000047 1.000047 1.000047 1.000047 1.000047 1.000047 1.000047 1.000047 1.000047 1.000047 1.000047 1.000047 1.000047 1.000047 1.000047 1.000047 1.000047 1.000047 1.000047 1.000047 1.000047 1.000047 1.000047 1.000047 1.000047 1.000047 1.000047 1.000047 1.000047 1.000047 1.000047 1.000047 1.000047 1.000047 1.000047 1.000047 1.000047 1.000047 1.000047 1.000047 1.000047 1.000047 1.000047 1.000047 1.000047 1.000047 1.000047 1.000047 1.000047 1.000047 1.000047 1.000047 1.000047 1.000047 1.000047 1.000047 1.000047 1.000047 1.000047 1.000047 1.000047 1.000047 1.000047 1.000047 1.000047 1.000047 1.000047 1.000047 1.000047 1.000047 1.000047 1.000047 1.000047 1.000047 1.000047 1.000047 1.000047 1.000047 1.000047 1.000047 1.000047 1.000047 1.000047 1.000047 1.000047 1.000047 1.000047 1.000047 1.000047 1.000047 1.000047 1.000047 1.000047 1.000047 1.000047 1.000047 1.000047 1.000047 1.000047 1.000047 1.000047 1.000047 1.000047 1.000047 1.000047 1.000047 1.000047 1.000047 1.000047 1.000047 1.000047 1.000047 1.000047 1.000047 1.000047 1.000047 1.000047 1.000047 1.000047 1.000047 1.000047 1.000047 1.000047 1.000047 1.000047 1.000047 1.000047 1.000047 1.000047 1.000047 1.000047 1.000047 1.000047 1.000047 1.000047 1.000047 1.000047 1.000047 1.000047 1.000047 1.000047 1.000047 1.000047 1.000047 1.000047 1.000047 1.000047 1.000047 1.000047 1.000047 1.000047 1.000047 1.000047 1.000047 1.000047 1.000047 1.000047 1.000047 1.000047 1.000047 1.000047 1.000047 1.000047 1.000000
1.000000 1.000047 1.000047 1.000047 1.000047 1.000047 1.000047 1.000047 1.000047 1.000047 1.000047 1.000047 1.000047 1.000047 1.000047 1.000047 1.000047 1.000047 1.000047 1.000047 1.000047 1.000047 1.000047 1.000047 1.000047 1.000047 1.000047 1.000047 1.000047 1.000047 1.000047 1.000047 1.000047 1.000047 1.000047 1.000047 1.000047 1.000047 1.000047 1.000047 1.000047 1.000047 1.000047 1.000047 1.000047 1.000047 1.000047 1.000047 1.000047 1.000047 1.000047 1.000047 1.000047 1.000047 1.000047 1.000047 1.000047 1.000047 1.000047 1.000047 1.000047 1.000047 1.000047 1.000047 1.000047 1.000047 1.000047 1.000047 1.000047 1.000047 1.000047 1.000047 1.000047 1.000047 1.000047 1.000047 1.000047 1.000047 1.000047 1.000047 1.000047 1.000047 1.000047 1.000047 1.000047 1.000047 1.000047 1.000047 1.000047 1.000047 1.000047 1.000047 1.000047 1.000047 1.000047 1.000047 1.000047 1.000047 1.000047 1.000047 1.000047 1.000047 1.000047 1.000047 1.000047 1.000047 1.000047 1.000047 1.000047 1.000047 1.000047 1.000047 1.000047 1.000047 1.000047 1.000047 1.000047 1.000047 1.000047 1.000047 1.000047 1.000047 1.000047 1.000047 1.000047 1.000047 1.000047 1.000047 1.000047 1.000047 1.000047 1.000047 1.000047 1.000047 1.000047 1.000047 1.000047 1.000047 1.000047 1.000047 1.000047 1.000047 1.000047 1.000047 1.000047 1.000047 1.000047 1.000047 1.000047 1.000047 1.000047 1.000047 1.000047 1.000047 1.000047 1.000047 1.000047 1.000047 1.000047 1.000047 1.000047 1.000047 1.000047 1.000047 1.000047 1.000047 1.000047 1.000047 1.000047 1.000047 1.000047 1.000047 1.000047 1.000047 1.000047 1.000047 1.000047 1.000047 1.000047 1.000047 1.000047 1.000047 1.000047 1.000047 1.000047 1.000047 1.000047 1.000047 1.000047 1.000047 1.000047 1.000047 1.000047 1.000047 1.000047 1.000047 1.000047 1.000047 1.000047 1.000047 1.000047 1.000000
1.000000 1.000047 1.000047 1.000047 1.000047 1.000047 1.000047 1.000047 1.000047 1.000047 1.000047 1.000047 1.000047 1.000047 1.000047 1.000047 1.000047 1.000047 1.000047 1.000047 1.000047 1.000047 1.000047 1.000047 1.000047 1.000047 1.000047 1.000047 1.000047 1.000047 1.000047 1.000047 1.000047 1.000047 1.000047 1.000047 1.000047 1.000047 1.000047 1.000047 1.000047 1.000047 1.000047 1.000047 1.000047 1.000047 1.000047 1.000047 1.000047 1.000047 1.000047 1.000047 1.000047 1.000047 1.000047 1.000047 1.000047 1.000047 1.000047 1.000047 1.000047 1.000047 1.000047 1.000047 1.000047 1.000047 1.000047 1.000047 1.000047 1.000047 1.000047 1.000047 1.000047 1.000047 1.000047 1.000047 1.000047 1.000047 1.000047 1.000047 1.000047 1.000047 1.000047 1.000047 1.000047 1.000047 1.000047 1.000047 1.000047 1.000047 1.000047 1.000047 1.000047 1.000047 1.000047 1.000047 1.000047 1.000047 1.000047 1.000047 1.000047 1.000047 1.000047 1.000047 1.000047 1.000047 1.000047 1.000047 1.000047 1.000047 1.000047 1.000047 1.000047 1.000047 1.000047 1.000047 1.000047 1.000047 1.000047 1.000047 1.000047 1.000047 1.000047 1.000047 1.000047 1.000047 1.000047 1.000047 1.000047 1.000047 1.000047 1.000047 1.000047 1.000047 1.000047 1.000047 1.000047 1.000047 1.000047 1.000047 1.000047 1.000047 1.000047 1.000047 1.000047 1.000047 1.000047 1.000047 1.000047 1.000047 1.000047 1.000047 1.000047 1.000047 1.000047 1.000047 1.000047 1.000047 1.000047 1.000047 1.000047 1.000047 1.000047 1.000047 1.000047 1.000047 1.000047 1.000047 1.000047 1.000047 1.000047 1.000047 1.000047 1.000047 1.000047 1.000047 1.000047 1.000047 1.000047 1.000047 1.000047 1.000047 1.000047 1.000047 1.000047 1.000047 1.000047 1.000047 1.000047 1.000047 1.000047 1.000047 1.000047 1.000047 1.000047 1.000047 1.000047 1.000047 1.000047 1.000047 1.000047 1.000000
1.000000 1.000047 1.000047 1.000047 1.000047 1.000047 1.000047 1.000047 1.000047 1.000047 1.000047 1.000047 1.000047 1.000047 1.000047 1.000047 1.000047 1.000047 1.000047 1.000047 1.000047 1.000047 1.000047 1.000047 1.000047 1.000047 1.000047 1.000047 1.000047 1.000047 1.000047 1.000047 1.000047 1.000047 1.000047 1.000047 1.000047 1.000047 1.000047 1.000047 1.000047 1.000047 1.000047 1.000047 1.000047 1.000047 1.000047 1.000047 1.000047 1.000047 1.000047 1.000047 1.000047 1.000047 1.000047 1.000047 1.000047 1.000047 1.000047 1.000047 1.000047 1.000047 1.000047 1.000047 1.000047 1.000047 1.000047 1.000047 1.000047 1.000047 1.000047 1.000047 1.000047 1.000047 1.000047 1.000047 1.000047 1.000047 1.000047 1.000047 1.000047 1.000047 1.000047 1.000047 1.000047 1.000047 1.000047 1.000047 1.000047 1.000047 1.000047 1.000047 1.000047 1.000047 1.000047 1.000047 1.000047 1.000047 1.000047 1.000047 1.000047 1.000047 1.000047 1.000047 1.000047 1.000047 1.000047 1.000047 1.000047 1.000047 1.000047 1.000047 1.000047 1.000047 1.000047 1.000047 1.000047 1.000047 1.000047 1.000047 1.000047 1.000047 1.000047 1.000047 1.000047 1.000047 1.000047 1.000047 1.000047 1.000047 1.000047 1.000047 1.000047 1.000047 1.000047 1.000047 1.000047 1.000047 1.000047 1.000047 1.000047 1.000047 1.000047 1.000047 1.000047 1.000047 1.000047 1.000047 1.000047 1.000047 1.000047 1.000047 1.000047 1.000047 1.000047 1.000047 1.000047 1.000047 1.000047 1.000047 1.000047 1.000047 1.000047 1.000047 1.000047 1.000047 1.000047 1.000047 1.000047 1.000047 1.000047 1.000047 1.000047 1.000047 1.000047 1.000047 1.000047 1.000047 1.000047 1.000047 1.000047 1.000047 1.000047 1.000047 1.000047 1.000047 1.000047 1.000047 1.000047 1.000047 1.000047 1.000047 1.000047 1.000047 1.000047 1.000047 1.000047 1.000047 1.000047 1.000047 1.000047 1.000000
1.000000 1.000047 1.000047 1.000047 1.000047 1.000047 1.000047 1.000047 1.000047 1.000047 1.000047 1.000047 1.000047 1.000047 1.000047 1.000047 1.000047 1.000047 1.000047 1.000047 1.000047 1.000047 1.000047 1.000047 1.000047 1.000047 1.000047 1.000047 1.000047 1.000047 1.000047 1.000047 1.000047 1.000047 1.000047 1.000047 1.000047 1.000047 1.000047 1.000047 1.000047 1.000047 1.000047 1.000047 1.000047 1.000047 1.000047 1.000047 1.000047 1.000047 1.000047 1.000047 1.000047 1.000047 1.000047 1.000047 1.000047 1.000047 1.000047 1.000047 1.000047 1.000047 1.000047 1.000047 1.000047 1.000047 1.000047 1.000047 1.000047 1.000047 1.000047 1.000047 1.000047 1.000047 1.000047 1.000047 1.000047 1.000047 1.000047 1.000047 1.000047 1.000047 1.000047 1.000047 1.000047 1.000047 1.000047 1.000047 1.000047 1.000047 1.000047 1.000047 1.000047 1.000047 1.000047 1.000047 1.000047 1.000047 1.000047 1.000047 1.000047 1.000047 1.000047 1.000047 1.000047 1.000047 1.000047 1.000047 1.000047 1.000047 1.000047 1.000047 1.000047 1.000047 1.000047 1.000047 1.000047 1.000047 1.000047 1.000047 1.000047 1.000047 1.000047 1.000047 1.000047 1.000047 1.000047 1.000047 1.000047 1.000047 1.000047 1.000047 1.000047 1.000047 1.000047 1.000047 1.000047 1.000047 1.000047 1.000047 1.000047 1.000047 1.000047 1.000047 1.000047 1.000047 1.000047 1.000047 1.000047 1.000047 1.000047 1.000047 1.000047 1.000047 1.000047 1.000047 1.000047 1.000047 1.000047 1.000047 1.000047 1.000047 1.000047 1.000047 1.000047 1.000047 1.000047 1.000047 1.000047 1.000047 1.000047 1.000047 1.000047 1.000047 1.000047 1.000047 1.000047 1.000047 1.000047 1.000047 1.000047 1.000047 1.000047 1.000047 1.000047 1.000047 1.000047 1.000047 1.000047 1.000047 1.000047 1.000047 1.000047 1.000047 1.000047 1.000047 1.000047 1.000047 1.000047 1.000047 1.000047 1.000000
1.000000 1.000047 1.000047 1.000047 1.000047 1.000047 1.000047 1.000047 1.000047 1.000047 1.000047 1.000047 1.000047 1.000047 1.000047 1.000047 1.000047 1.000047 1.000047 1.000047 1.000047 1.000047 1.000047 1.000047 1.000047 1.000047 1.000047 1.000047 1.000047 1.000047 1.000047 1.000047 1.000047 1.000047 1.000047 1.000047 1.000047 1.000047 1.000047 1.000047 1.000047 1.000047 1.000047 1.000047 1.000047 1.000047 1.000047 1.000047 1.000047 1.000047 1.000047 1.000047 1.000047 1.000047 1.000047 1.000047 1.000047 1.000047 1.000047 1.000047 1.000047 1.000047 1.000047 1.000047 1.000047 1.000047 1.000047 1.000047 1.000047 1.000047 1.000047 1.000047 1.000047 1.000047 1.000047 1.000047 1.000047 1.000047 1.000047 1.000047 1.000047 1.000047 1.000047 1.000047 1.000047 1.000047 1.000047 1.000047 1.000047 1.000047 1.000047 1.000047 1.000047 1.000047 1.000047 1.000047 1.000047 1.000047 1.000047 1.000047 1.000047 1.000047 1.000047 1.000047 1.000047 1.000047 1.000047 1.000047 1.000047 1.000047 1.000047 1.000047 1.000047 1.000047 1.000047 1.000047 1.000047 1.000047 1.000047 1.000047 1.000047 1.000047 1.000047 1.000047 1.000047 1.000047 1.000047 1.000047 1.000047 1.000047 1.000047 1.000047 1.000047 1.000047 1.000047 1.000047 1.000047 1.000047 1.000047 1.000047 1.000047 1.000047 1.000047 1.000047 1.000047 1.000047 1.000047 1.000047 1.000047 1.000047 1.000047 1.000047 1.000047 1.000047 1.000047 1.000047 1.000047 1.000047 1.000047 1.000047 1.000047 1.000047 1.000047 1.000047 1.000047 1.000047 1.000047 1.000047 1.000047 1.000047 1.000047 1.000047 1.000047 1.000047 1.000047 1.000047 1.000047 1.000047 1.000047 1.000047 1.000047 1.000047 1.000047 1.000047 1.000047 1.000047 1.000047 1.000047 1.000047 1.000047 1.000047 1.000047 1.000047 1.000047 1.000047 1.000047 1.000047 1.000047 1.000047 1.000047 1.000047 1.000000
1.000000 1.000047 1.000047 1.000047 1.000047 1.000047 1.000047 1.000047 1.000047 1.000047 1.000047 1.000047 1.000047 1.000047 1.000047 1.000047 1.000047 1.000047 1.000047 1.000047 1.000047 1.000047 1.000047 1.000047 1.000047 1.000047 1.000047 1.000047 1.000047 1.000047 1.000047 1.000047 1.000047 1.000047 1.000047 1.000047 1.000047 1.000047 1.000047 1.000047 1.000047 1.000047 1.000047 1.000047 1.000047 1.000047 1.000047 1.000047 1.000047 1.000047 1.000047 1.000047 1.000047 1.000047 1.000047 1.000047 1.000047 1.000047 1.000047 1.000047 1.000047 1.000047 1.000047 1.000047 1.000047 1.000047 1.000047 1.000047 1.000047 1.000047 1.000047 1.000047 1.000047 1.000047 1.000047 1.000047 1.000047 1.000047 1.000047 1.000047 1.000047 1.000047 1.000047 1.000047 1.000047 1.000047 1.000047 1.000047 1.000047 1.000047 1.000047 1.000047 1.000047 1.000047 1.000047 1.000047 1.000047 1.000047 1.000047 1.000047 1.000047 1.000047 1.000047 1.000047 1.000047 1.000047 1.000047 1.000047 1.000047 1.000047 1.000047 1.000047 1.000047 1.000047 1.000047 1.000047 1.000047 1.000047 1.000047 1.000047 1.000047 1.000047 1.000047 1.000047 1.000047 1.000047 1.000047 1.000047 1.000047 1.000047 1.000047 1.000047 1.000047 1.000047 1.000047 1.000047 1.000047 1.000047 1.000047 1.000047 1.000047 1.000047 1.000047 1.000047 1.000047 1.000047 1.000047 1.000047 1.000047 1.000047 1.000047 1.000047 1.000047 1.000047 1.000047 1.000047 1.000047 1.000047 1.000047 1.000047 1.000047 1.000047 1.000047 1.000047 1.000047 1.000047 1.000047 1.000047 1.000047 1.000047 1.000047 1.000047 1.000047 1.000047 1.000047 1.000047 1.000047 1.000047 1.000047 1.000047 1.000047 1.000047 1.000047 1.000047 1.000047 1.000047 1.000047 1.000047 1.000047 1.000047 1.000047 1.000047 1.000047 1.000047 1.000047 1.000047 1.000047 1.000047 1.000047 1.000047 1.000047 1.000000
1.000000 1.000047 1.000047 1.000047 1.000047 1.000047 1.000047 1.000047 1.000047 1.000047 1.000047 1.000047 1.000047 1.000047 1.000047 1.000047 1.000047 1.000047 1.000047 1.000047 1.000047 1.000047 1.000047 1.000047 1.000047 1.000047 1.000047 1.000047 1.000047 1.000047 1.000047 1.000047 1.000047 1.000047 1.000047 1.000047 1.000047 1.000047 1.000047 1.000047 1.000047 1.000047 1.000047 1.000047 1.000047 1.000047 1.000047 1.000047 1.000047 1.000047 1.000047 1.000047 1.000047 1.000047 1.000047 1.000047 1.000047 1.000047 1.000047 1.000047 1.000047 1.000047 1.000047 1.000047 1.000047 1.000047 1.000047 1.000047 1.000047 1.000047 1.000047 1.000047 1.000047 1.000047 1.000047 1.000047 1.000047 1.000047 1.000047 1.000047 1.000047 1.000047 1.000047 1.000047 1.000047 1.000047 1.000047 1.000047 1.000047 1.000047 1.000047 1.000047 1.000047 1.000047 1.000047 1.000047 1.000047 1.000047 1.000047 1.000047 1.000047 1.000047 1.000047 1.000047 1.000047 1.000047 1.000047 1.000047 1.000047 1.000047 1.000047 1.000047 1.000047 1.000047 1.000047 1.000047 1.000047 1.000047 1.000047 1.000047 1.000047 1.000047 1.000047 1.000047 1.000047 1.000047 1.000047 1.000047 1.000047 1.000047 1.000047 1.000047 1.000047 1.000047 1.000047 1.000047 1.000047 1.000047 1.000047 1.000047 1.000047 1.000047 1.000047 1.000047 1.000047 1.000047 1.000047 1.000047 1.000047 1.000047 1.000047 1.000047 1.000047 1.000047 1.000047 1.000047 1.000047 1.000047 1.000047 1.000047 1.000047 1.000047 1.000047 1.000047 1.000047 1.000047 1.000047 1.000047 1.000047 1.000047 1.000047 1.000047 1.000047 1.000047 1.000047 1.000047 1.000047 1.000047 1.000047 1.000047 1.000047 1.000047 1.000047 1.000047 1.000047 1.000047 1.000047 1.000047 1.000047 1.000047 1.000047 1.000047 1.000047 1.000047 1.000047 1.000047 1.000047 1.000047 1.000047 1.000047 1.000047 1.000000
1.000000 1.000047 1.000047 1.000047 1.000047 1.000047 1.000047 1.000047 1.000047 1.000047 1.000047 1.000047 1.000047 1.000047 1.000047 1.000047 1.000047 1.000047 1.000047 1.000047 1.000047 1.000047 1.000047 1.000047 1.000047 1.000047 1.000047 1.000047 1.000047 1.000047 1.000047 1.000047 1.000047 1.000047 1.000047 1.000047 1.000047 1.000047 1.000047 1.000047 1.000047 1.000047 1.000047 1.000047 1.000047 1.000047 1.000047 1.000047 1.000047 1.000047 1.000047 1.000047 1.000047 1.000047 1.000047 1.000047 1.000047 1.000047 1.000047 1.000047 1.000047 1.000047 1.000047 1.000047 1.000047 1.000047 1.000047 1.000047 1.000047 1.000047 1.000047 1.000047 1.000047 1.000047 1.000047 1.000047 1.000047 1.000047 1.000047 1.000047 1.000047 1.000047 1.000047 1.000047 1.000047 1.000047 1.000047 1.000047 1.000047 1.000047 1.000047 1.000047 1.000047 1.000047 1.000047 1.000047 1.000047 1.000047 1.000047 1.000047 1.000047 1.000047 1.000047 1.000047 1.000047 1.000047 1.000047 1.000047 1.000047 1.000047 1.000047 1.000047 1.000047 1.000047 1.000047 1.000047 1.000047 1.000047 1.000047 1.000047 1.000047 1.000047 1.000047 1.000047 1.000047 1.000047 1.000047 1.000047 1.000047 1.000047 1.000047 1.000047 1.000047 1.000047 1.000047 1.000047 1.000047 1.000047 1.000047 1.000047 1.000047 1.000047 1.000047 1.000047 1.000047 1.000047 1.000047 1.000047 1.000047 1.000047 1.000047 1.000047 1.000047 1.000047 1.000047 1.000047 1.000047 1.000047 1.000047 1.000047 1.000047 1.000047 1.000047 1.000047 1.000047 1.000047 1.000047 1.000047 1.000047 1.000047 1.000047 1.000047 1.000047 1.000047 1.000047 1.000047 1.000047 1.000047 1.000047 1.000047 1.000047 1.000047 1.000047 1.000047 1.000047 1.000047 1.000047 1.000047 1.000047 1.000047 1.000047 1.000047 1.000047 1.000047 1.000047 1.000047 1.000047 1.000047 1.000047 1.000047 1.000047 1.000000
1.000000 1.000047 1.000047 1.000047 1.000047 1.000047 1.000047 1.000047 1.000047 1.000047 1.000047 1.000047 1.000047 1.000047 1.000047 1.000047 1.000047 1.000047 1.000047 1.000047 1.000047 1.000047 1.000047 1.000047 1.000047 1.000047 1.000047 1.000047 1.000047 1.000047 1.000047 1.000047 1.000047 1.000047 1.000047 1.000047 1.000047 1.000047 1.000047 1.000047 1.000047 1.000047 1.000047 1.000047 1.000047 1.000047 1.000047 1.000047 1.000047 1.000047 1.000047 1.000047 1.000047 1.000047 1.000047 1.000047 1.000047 1.000047 1.000047 1.000047 1.000047 1.000047 1.000047 1.000047 1.000047 1.000047 1.000047 1.000047 1.000047 1.000047 1.000047 1.000047 1.000047 1.000047 1.000047 1.000047 1.000047 1.000047 1.000047 1.000047 1.000047 1.000047 1.000047 1.000047 1.000047 1.000047 1.000047 1.000047 1.000047 1.000047 1.000047 1.000047 1.000047 1.000047 1.000047 1.000047 1.000047 1.000047 1.000047 1.000047 1.000047 1.000047 1.000047 1.000047 1.000047 1.000047 1.000047 1.000047 1.000047 1.000047 1.000047 1.000047 1.000047 1.000047 1.000047 1.000047 1.000047 1.000047 1.000047 1.000047 1.000047 1.000047 1.000047 1.000047 1.000047 1.000047 1.000047 1.000047 1.000047 1.000047 1.000047 1.000047 1.000047 1.000047 1.000047 1.000047 1.000047 1.000047 1.000047 1.000047 1.000047 1.000047 1.000047 1.000047 1.000047 1.000047 1.000047 1.000047 1.000047 1.000047 1.000047 1.000047 1.000047 1.000047 1.000047 1.000047 1.000047 1.000047 1.000047 1.000047 1.000047 1.000047 1.000047 1.000047 1.000047 1.000047 1.000047 1.000047 1.000047 1.000047 1.000047 1.000047 1.000047 1.000047 1.000047 1.000047 1.000047 1.000047 1.000047 1.000047 1.000047 1.000047 1.000047 1.000047 1.000047 1.000047 1.000047 1.000047 1.000047 1.000047 1.000047 1.000047 1.000047 1.000047 1.000047 1.000047 1.000047 1.000047 1.000047 1.000047 1.000047 1.000000
1.000000 1.000047 1.000047 1.000047 1.000047 1.000047 1.000047 1.000047 1.000047 1.000047 1.000047 1.000047 1.000047 1.000047 1.000047 1.000047 1.000047 1.000047 1.000047 1.000047 1.000047 1.000047 1.000047 1.000047 1.000047 1.000047 1.000047 1.000047 1.000047 1.000047 1.000047 1.000047 1.000047 1.000047 1.000047 1.000047 1.000047 1.000047 1.000047 1.000047 1.000047 1.000047 1.000047 1.000047 1.000047 1.000047 1.000047 1.000047 1.000047 1.000047 1.000047 1.000047 1.000047 1.000047 1.000047 1.000047 1.000047 1.000047 1.000047 1.000047 1.000047 1.000047 1.000047 1.000047 1.000047 1.000047 1.000047 1.000047 1.000047 1.000047 1.000047 1.000047 1.000047 1.000047 1.000047 1.000047 1.000047 1.000047 1.000047 1.000047 1.000047 1.000047 1.000047 1.000047 1.000047 1.000047 1.000047 1.000047 1.000047 1.000047 1.000047 1.000047 1.000047 1.000047 1.000047 1.000047 1.000047 1.000047 1.000047 1.000047 1.000047 1.000047 1.000047 1.000047 1.000047 1.000047 1.000047 1.000047 1.000047 1.000047 1.000047 1.000047 1.000047 1.000047 1.000047 1.000047 1.000047 1.000047 1.000047 1.000047 1.000047 1.000047 1.000047 1.000047 1.000047 1.000047 1.000047 1.000047 1.000047 1.000047 1.000047 1.000047 1.000047 1.000047 1.000047 1.000047 1.000047 1.000047 1.000047 1.000047 1.000047 1.000047 1.000047 1.000047 1.000047 1.000047 1.000047 1.000047 1.000047 1.000047 1.000047 1.000047 1.000047 1.000047 1.000047 1.000047 1.000047 1.000047 1.000047 1.000047 1.000047 1.000047 1.000047 1.000047 1.000047 1.000047 1.000047 1.000047 1.000047 1.000047 1.000047 1.000047 1.000047 1.000047 1.000047 1.000047 1.000047 1.000047 1.000047 1.000047 1.000047 1.000047 1.000047 1.000047 1.000047 1.000047 1.000047 1.000047 1.000047 1.000047 1.000047 1.000047 1.000047 1.000047 1.000047 1.000047 1.000047 1.000047 1.000047 1.000047 1.000047 1.000000
1.000000 1.000047 1.000047 1.000047 1.000047 1.000047 1.000047 1.000047 1.000047 1.000047 1.000047 1.000047 1.000047 1.000047 1.000047 1.000047 1.000047 1.000047 1.000047 1.000047 1.000047 1.000047 1.000047 1.000047 1.000047 1.000047 1.000047 1.000047 1.000047 1.000047 1.000047 1.000047 1.000047 1.000047 1.000047 1.000047 1.000047 1.000047 1.000047 1.000047 1.000047 1.000047 1.000047 1.000047 1.000047 1.000047 1.000047 1.000047 1.000047 1.000047 1.000047 1.000047 1.000047 1.000047 1.000047 1.000047 1.000047 1.000047 1.000047 1.000047 1.000047 1.000047 1.000047 1.000047 1.000047 1.000047 1.000047 1.000047 1.000047 1.000047 1.000047 1.000047 1.000047 1.000047 1.000047 1.000047 1.000047 1.000047 1.000047 1.000047 1.000047 1.000047 1.000047 1.000047 1.000047 1.000047 1.000047 1.000047 1.000047 1.000047 1.000047 1.000047 1.000047 1.000047 1.000047 1.000047 1.000047 1.000047 1.000047 1.000047 1.000047 1.000047 1.000047 1.000047 1.000047 1.000047 1.000047 1.000047 1.000047 1.000047 1.000047 1.000047 1.000047 1.000047 1.000047 1.000047 1.000047 1.000047 1.000047 1.000047 1.000047 1.000047 1.000047 1.000047 1.000047 1.000047 1.000047 1.000047 1.000047 1.000047 1.000047 1.000047 1.000047 1.000047 1.000047 1.000047 1.000047 1.000047 1.000047 1.000047 1.000047 1.000047 1.000047 1.000047 1.000047 1.000047 1.000047 1.000047 1.000047 1.000047 1.000047 1.000047 1.000047 1.000047 1.000047 1.000047 1.000047 1.000047 1.000047 1.000047 1.000047 1.000047 1.000047 1.000047 1.000047 1.000047 1.000047 1.000047 1.000047 1.000047 1.000047 1.000047 1.000047 1.000047 1.000047 1.000047 1.000047 1.000047 1.000047 1.000047 1.000047 1.000047 1.000047 1.000047 1.000047 1.000047 1.000047 1.000047 1.000047 1.000047 1.000047 1.000047 1.000047 1.000047 1.000047 1.000047 1.000047 1.000047 1.000047 1.000047 1.000047 1.000000
1.000000 1.000047 1.000047 1.000047 1.000047 1.000047 1.000047 1.000047 1.000047 1.000047 1.000047 1.000047 1.000047 1.000047 1.000047 1.000047 1.000047 1.000047 1.000047 1.000047 1.000047 1.000047 1.000047 1.000047 1.000047 1.000047 1.000047 1.000047 1.000047 1.000047 1.000047 1.000047 1.000047 1.000047 1.000047 1.000047 1.000047 1.000047 1.000047 1.000047 1.000047 1.000047 1.000047 1.000047 1.000047 1.000047 1.000047 1.000047 1.000047 1.000047 1.000047 1.000047 1.000047 1.000047 1.000047 1.000047 1.000047 1.000047 1.000047 1.000047 1.000047 1.000047 1.000047 1.000047 1.000047 1.000047 1.000047 1.000047 1.000047 1.000047 1.000047 1.000047 1.000047 1.000047 1.000047 1.000047 1.000047 1.000047 1.000047 1.000047 1.000047 1.000047 1.000047 1.000047 1.000047 1.000047 1.000047 1.000047 1.000047 1.000047 1.000047 1.000047 1.000047 1.000047 1.000047 1.000047 1.000047 1.000047 1.000047 1.000047 1.000047 1.000047 1.000047 1.000047 1.000047 1.000047 1.000047 1.000047 1.000047 1.000047 1.000047 1.000047 1.000047 1.000047 1.000047 1.000047 1.000047 1.000047 1.000047 1.000047 1.000047 1.000047 1.000047 1.000047 1.000047 1.000047 1.000047 1.000047 1.000047 1.000047 1.000047 1.000047 1.000047 1.000047 1.000047 1.000047 1.000047 1.000047 1.000047 1.000047 1.000047 1.000047 1.000047 1.000047 1.000047 1.000047 1.000047 1.000047 1.000047 1.000047 1.000047 1.000047 1.000047 1.000047 1.000047 1.000047 1.000047 1.000047 1.000047 1.000047 1.000047 1.000047 1.000047 1.000047 1.000047 1.000047 1.000047 1.000047 1.000047 1.000047 1.000047 1.000047 1.000047 1.000047 1.000047 1.000047 1.000047 1.000047 1.000047 1.000047 1.000047 1.000047 1.000047 1.000047 1.000047 1.000047 1.000047 1.000047 1.000047 1.000047 1.000047 1.000047 1.000047 1.000047 1.000047 1.000047 1.000047 1.000047 1.000047 1.000047 1.000047 1.000000
1.000000 1.000047 1.000047 1.000047 1.000047 1.000047 1.000047 1.000047 1.000047 1.000047 1.000047 1.000047 1.000047 1.000047 1.000047 1.000047 1.000047 1.000047 1.000047 1.000047 1.000047 1.000047 1.000047 1.000047 1.000047 1.000047 1.000047 1.000047 1.000047 1.000047 1.000047 1.000047 1.000047 1.000047 1.000047 1.000047 1.000047 1.000047 1.000047 1.000047 1.000047 1.000047 1.000047 1.000047 1.000047 1.000047 1.000047 1.000047 1.000047 1.000047 1.000047 1.000047 1.000047 1.000047 1.000047 1.000047 1.000047 1.000047 1.000047 1.000047 1.000047 1.000047 1.000047 1.000047 1.000047 1.000047 1.000047 1.000047 1.000047 1.000047 1.000047 1.000047 1.000047 1.000047 1.000047 1.000047 1.000047 1.000047 1.000047 1.000047 1.000047 1.000047 1.000047 1.000047 1.000047 1.000047 1.000047 1.000047 1.000047 1.000047 1.000047 1.000047 1.000047 1.000047 1.000047 1.000047 1.000047 1.000047 1.000047 1.000047 1.000047 1.000047 1.000047 1.000047 1.000047 1.000047 1.000047 1.000047 1.000047 1.000047 1.000047 1.000047 1.000047 1.000047 1.000047 1.000047 1.000047 1.000047 1.000047 1.000047 1.000047 1.000047 1.000047 1.000047 1.000047 1.000047 1.000047 1.000047 1.000047 1.000047 1.000047 1.000047 1.000047 1.000047 1.000047 1.000047 1.000047 1.000047 1.000047 1.000047 1.000047 1.000047 1.000047 1.000047 1.000047 1.000047 1.000047 1.000047 1.000047 1.000047 1.000047 1.000047 1.000047 1.000047 1.000047 1.000047 1.000047 1.000047 1.000047 1.000047 1.000047 1.000047 1.000047 1.000047 1.000047 1.000047 1.000047 1.000047 1.000047 1.000047 1.000047 1.000047 1.000047 1.000047 1.000047 1.000047 1.000047 1.000047 1.000047 1.000047 1.000047 1.000047 1.000047 1.000047 1.000047 1.000047 1.000047 1.000047 1.000047 1.000047 1.000047 1.000047 1.000047 1.000047 1.000047 1.000047 1.000047 1.000047 1.000047 1.000047 1.000047 1.000000
1.000000 1.000047 1.000047 1.000047 1.000047 1.000047 1.000047 1.000047 1.000047 1.000047 1.000047 1.000047 1.000047 1.000047 1.000047 1.000047 1.000047 1.000047 1.000047 1.000047 1.000047 1.000047 1.000047 1.000047 1.000047 1.000047 1.000047 1.000047 1.000047 1.000047 1.000047 1.000047 1.000047 1.000047 1.000047 1.000047 1.000047 1.000047 1.000047 1.000047 1.000047 1.000047 1.000047 1.000047 1.000047 1.000047 1.000047 1.000047 1.000047 1.000047 1.000047 1.000047 1.000047 1.000047 1.000047 1.000047 1.000047 1.000047 1.000047 1.000047 1.000047 1.000047 1.000047 1.000047 1.000047 1.000047 1.000047 1.000047 1.000047 1.000047 1.000047 1.000047 1.000047 1.000047 1.000047 1.000047 1.000047 1.000047 1.000047 1.000047 1.000047 1.000047 1.000047 1.000047 1.000047 1.000047 1.000047 1.000047 1.000047 1.000047 1.000047 1.000047 1.000047 1.000047 1.000047 1.000047 1.000047 1.000047 1.000047 1.000047 1.000047 1.000047 1.000047 1.000047 1.000047 1.000047 1.000047 1.000047 1.000047 1.000047 1.000047 1.000047 1.000047 1.000047 1.000047 1.000047 1.000047 1.000047 1.000047 1.000047 1.000047 1.000047 1.000047 1.000047 1.000047 1.000047 1.000047 1.000047 1.000047 1.000047 1.000047 1.000047 1.000047 1.000047 1.000047 1.000047 1.000047 1.000047 1.000047 1.000047 1.000047 1.000047 1.000047 1.000047 1.000047 1.000047 1.000047 1.000047 1.000047 1.000047 1.000047 1.000047 1.000047 1.000047 1.000047 1.000047 1.000047 1.000047 1.000047 1.000047 1.000047 1.000047 1.000047 1.000047 1.000047 1.000047 1.000047 1.000047 1.000047 1.000047 1.000047 1.000047 1.000047 1.000047 1.000047 1.000047 1.000047 1.000047 1.000047 1.000047 1.000047 1.000047 1.000047 1.000047 1.000047 1.000047 1.000047 1.000047 1.000047 1.000047 1.000047 1.000047 1.000047 1.000047 1.000047 1.000047 1.000047 1.000047 1.000047 1.000047 1.000047 1.000000
1.000000 1.000047 1.000047 1.000047 1.000047 1.000047 1.000047 1.000047 1.000047 1.000047 1.000047 1.000047 1.000047 1.000047 1.000047 1.000047 1.000047 1.000047 1.000047 1.000047 1.000047 1.000047 1.000047 1.000047 1.000047 1.000047 1.000047 1.000047 1.000047 1.000047 1.000047 1.000047 1.000047 1.000047 1.000047 1.000047 1.000047 1.000047 1.000047 1.000047 1.000047 1.000047 1.000047 1.000047 1.000047 1.000047 1.000047 1.000047 1.000047 1.000047 1.000047 1.000047 1.000047 1.000047 1.000047 1.000047 1.000047 1.000047 1.000047 1.000047 1.000047 1.000047 1.000047 1.000047 1.000047 1.000047 1.000047 1.000047 1.000047 1.000047 1.000047 1.000047 1.000047 1.000047 1.000047 1.000047 1.000047 1.000047 1.000047 1.000047 1.000047 1.000047 1.000047 1.000047 1.000047 1.000047 1.000047 1.000047 1.000047 1.000047 1.000047 1.000047 1.000047 1.000047 1.000047 1.000047 1.000047 1.000047 1.000047 1.000047 1.000047 1.000047 1.000047 1.000047 1.000047 1.000047 1.000047 1.000047 1.000047 1.000047 1.000047 1.000047 1.000047 1.000047 1.000047 1.000047 1.000047 1.000047 1.000047 1.000047 1.000047 1.000047 1.000047 1.000047 1.000047 1.000047 1.000047 1.000047 1.000047 1.000047 1.000047 1.000047 1.000047 1.000047 1.000047 1.000047 1.000047 1.000047 1.000047 1.000047 1.000047 1.000047 1.000047 1.000047 1.000047 1.000047 1.000047 1.000047 1.000047 1.000047 1.000047 1.000047 1.000047 1.000047 1.000047 1.000047 1.000047 1.000047 1.000047 1.000047 1.000047 1.000047 1.000047 1.000047 1.000047 1.000047 1.000047 1.000047 1.000047 1.000047 1.000047 1.000047 1.000047 1.000047 1.000047 1.000047 1.000047 1.000047 1.000047 1.000047 1.000047 1.000047 1.000047 1.000047 1.000047 1.000047 1.000047 1.000047 1.000047 1.000047 1.000047 1.000047 1.000047 1.000047 1.000047 1.000047 1.000047 1.000047 1.000047 1.000047 1.000047 1.000000
1.000000 1.000047 1.000047 1.000047 1.000047 1.000047 1.000047 1.000047 1.000047 1.000047 1.000047 1.000047 1.000047 1.000047 1.000047 1.000047 1.000047 1.000047 1.000047 1.000047 1.000047 1.000047 1.000047 1.000047 1.000047 1.000047 1.000047 1.000047 1.000047 1.000047 1.000047 1.000047 1.000047 1.000047 1.000047 1.000047 1.000047 1.000047 1.000047 1.000047 1.000047 1.000047 1.000047 1.000047 1.000047 1.000047 1.000047 1.000047 1.000047 1.000047 1.000047 1.000047 1.000047 1.000047 1.000047 1.000047 1.000047 1.000047 1.000047 1.000047 1.000047 1.000047 1.000047 1.000047 1.000047 1.000047 1.000047 1.000047 1.000047 1.000047 1.000047 1.000047 1.000047 1.000047 1.000047 1.000047 1.000047 1.000047 1.000047 1.000047 1.000047 1.000047 1.000047 1.000047 1.000047 1.000047 1.000047 1.000047 1.000047 1.000047 1.000047 1.000047 1.000047 1.000047 1.000047 1.000047 1.000047 1.000047 1.000047 1.000047 1.000047 1.000047 1.000047 1.000047 1.000047 1.000047 1.000047 1.000047 1.000047 1.000047 1.000047 1.000047 1.000047 1.000047 1.000047 1.000047 1.000047 1.000047 1.000047 1.000047 1.000047 1.000047 1.000047 1.000047 1.000047 1.000047 1.000047 1.000047 1.000047 1.000047 1.000047 1.000047 1.000047 1.000047 1.000047 1.000047 1.000047 1.000047 1.000047 1.000047 1.000047 1.000047 1.000047 1.000047 1.000047 1.000047 1.000047 1.000047 1.000047 1.000047 1.000047 1.000047 1.000047 1.000047 1.000047 1.000047 1.000047 1.000047 1.000047 1.000047 1.000047 1.000047 1.000047 1.000047 1.000047 1.000047 1.000047 1.000047 1.000047 1.000047 1.000047 1.000047 1.000047 1.000047 1.000047 1.000047 1.000047 1.000047 1.000047 1.000047 1.000047 1.000047 1.000047 1.000047 1.000047 1.000047 1.000047 1.000047 1.000047 1.000047 1.000047 1.000047 1.000047 1.000047 1.000047 1.000047 1.000047 1.000047 1.000047 1.000047 1.000047 1.000000
1.000000 1.000047 1.000047 1.000047 1.000047 1.000047 1.000047 1.000047 1.000047 1.000047 1.000047 1.000047 1.000047 1.000047 1.000047 1.000047 1.000047 1.000047 1.000047 1.000047 1.000047 1.000047 1.000047 1.000047 1.000047 1.000047 1.000047 1.000047 1.000047 1.000047 1.000047 1.000047 1.000047 1.000047 1.000047 1.000047 1.000047 1.000047 1.000047 1.000047 1.000047 1.000047 1.000047 1.000047 1.000047 1.000047 1.000047 1.000047 1.000047 1.000047 1.000047 1.000047 1.000047 1.000047 1.000047 1.000047 1.000047 1.000047 1.000047 1.000047 1.000047 1.000047 1.000047 1.000047 1.000047 1.000047 1.000047 1.000047 1.000047 1.000047 1.000047 1.000047 1.000047 1.000047 1.000047 1.000047 1.000047 1.000047 1.000047 1.000047 1.000047 1.000047 1.000047 1.000047 1.000047 1.000047 1.000047 1.000047 1.000047 1.000047 1.000047 1.000047 1.000047 1.000047 1.000047 1.000047 1.000047 1.000047 1.000047 1.000047 1.000047 1.000047 1.000047 1.000047 1.000047 1.000047 1.000047 1.000047 1.000047 1.000047 1.000047 1.000047 1.000047 1.000047 1.000047 1.000047 1.000047 1.000047 1.000047 1.000047 1.000047 1.000047 1.000047 1.000047 1.000047 1.000047 1.000047 1.000047 1.000047 1.000047 1.000047 1.000047 1.000047 1.000047 1.000047 1.000047 1.000047 1.000047 1.000047 1.000047 1.000047 1.000047 1.000047 1.000047 1.000047 1.000047 1.000047 1.000047 1.000047 1.000047 1.000047 1.000047 1.000047 1.000047 1.000047 1.000047 1.000047 1.000047 1.000047 1.000047 1.000047 1.000047 1.000047 1.000047 1.000047 1.000047 1.000047 1.000047 1.000047 1.000047 1.000047 1.000047 1.000047 1.000047 1.000047 1.000047 1.000047 1.000047 1.000047 1.000047 1.000047 1.000047 1.000047 1.000047 1.000047 1.000047 1.000047 1.000047 1.000047 1.000047 1.000047 1.000047 1.000047 1.000047 1.000047 1.000047 1.000047 1.000047 1.000047 1.000047 1.000047 1.000000
1.000000 1.000047 1.000047 1.000047 1.000047 1.000047 1.000047 1.000047 1.000047 1.000047 1.000047 1.000047 1.000047 1.000047 1.000047 1.000047 1.000047 1.000047 1.000047 1.000047 1.000047 1.000047 1.000047 1.000047 1.000047 1.000047 1.000047 1.000047 1.000047 1.000047 1.000047 1.000047 1.000047 1.000047 1.000047 1.000047 1.000047 1.000047 1.000047 1.000047 1.000047 1.000047 1.000047 1.000047 1.000047 1.000047 1.000047 1.000047 1.000047 1.000047 1.000047 1.000047 1.000047 1.000047 1.000047 1.000047 1.000047 1.000047 1.000047 1.000047 1.000047 1.000047 1.000047 1.000047 1.000047 1.000047 1.000047 1.000047 1.000047 1.000047 1.000047 1.000047 1.000047 1.000047 1.000047 1.000047 1.000047 1.000047 1.000047 1.000047 1.000047 1.000047 1.000047 1.000047 1.000047 1.000047 1.000047 1.000047 1.000047 1.000047 1.000047 1.000047 1.000047 1.000047 1.000047 1.000047 1.000047 1.000047 1.000047 1.000047 1.000047 1.000047 1.000047 1.000047 1.000047 1.000047 1.000047 1.000047 1.000047 1.000047 1.000047 1.000047 1.000047 1.000047 1.000047 1.000047 1.000047 1.000047 1.000047 1.000047 1.000047 1.000047 1.000047 1.000047 1.000047 1.000047 1.000047 1.000047 1.000047 1.000047 1.000047 1.000047 1.000047 1.000047 1.000047 1.000047 1.000047 1.000047 1.000047 1.000047 1.000047 1.000047 1.000047 1.000047 1.000047 1.000047 1.000047 1.000047 1.000047 1.000047 1.000047 1.000047 1.000047 1.000047 1.000047 1.000047 1.000047 1.000047 1.000047 1.000047 1.000047 1.000047 1.000047 1.000047 1.000047 1.000047 1.000047 1.000047 1.000047 1.000047 1.000047 1.000047 1.000047 1.000047 1.000047 1.000047 1.000047 1.000047 1.000047 1.000047 1.000047 1.000047 1.000047 1.000047 1.000047 1.000047 1.000047 1.000047 1.000047 1.000047 1.000047 1.000047 1.000047 1.000047 1.000047 1.000047 1.000047 1.000047 1.000047 1.000047 1.000047 1.000000
1.000000 1.000047 1.000047 1.000047 1.000047 1.000047 1.000047 1.000047 1.000047 1.000047 1.000047 1.000047 1.000047 1.000047 1.000047 1.000047 1.000047 1.000047 1.000047 1.000047 1.000047 1.000047 1.000047 1.000047 1.000047 1.000047 1.000047 1.000047 1.000047 1.000047 1.000047 1.000047 1.000047 1.000047 1.000047 1.000047 1.000047 1.000047 1.000047 1.000047 1.000047 1.000047 1.000047 1.000047 1.000047 1.000047 1.000047 1.000047 1.000047 1.000047 1.000047 1.000047 1.000047 1.000047 1.000047 1.000047 1.000047 1.000047 1.000047 1.000047 1.000047 1.000047 1.000047 1.000047 1.000047 1.000047 1.000047 1.000047 1.000047 1.000047 1.000047 1.000047 1.000047 1.000047 1.000047 1.000047 1.000047 1.000047 1.000047 1.000047 1.000047 1.000047 1.000047 1.000047 1.000047 1.000047 1.000047 1.000047 1.000047 1.000047 1.000047 1.000047 1.000047 1.000047 1.000047 1.000047 1.000047 1.000047 1.000047 1.000047 1.000047 1.000047 1.000047 1.000047 1.000047 1.000047 1.000047 1.000047 1.000047 1.000047 1.000047 1.000047 1.000047 1.000047 1.000047 1.000047 1.000047 1.000047 1.000047 1.000047 1.000047 1.000047 1.000047 1.000047 1.000047 1.000047 1.000047 1.000047 1.000047 1.000047 1.000047 1.000047 1.000047 1.000047 1.000047 1.000047 1.000047 1.000047 1.000047 1.000047 1.000047 1.000047 1.000047 1.000047 1.000047 1.000047 1.000047 1.000047 1.000047 1.000047 1.000047 1.000047 1.000047 1.000047 1.000047 1.000047 1.000047 1.000047 1.000047 1.000047 1.000047 1.000047 1.000047 1.000047 1.000047 1.000047 1.000047 1.000047 1.000047 1.000047 1.000047 1.000047 1.000047 1.000047 1.000047 1.000047 1.000047 1.000047 1.000047 1.000047 1.000047 1.000047 1.000047 1.000047 1.000047 1.000047 1.000047 1.000047 1.000047 1.000047 1.000047 1.000047 1.000047 1.000047 1.000047 1.000047 1.000047 1.000047 1.000047 1.000047 1.000047 1.000000
1.000000 1.000047 1.000047 1.000047 1.000047 1.000047 1.000047 1.000047 1.000047 1.000047 1.000047 1.000047 1.000047 1.000047 1.000047 1.000047 1.000047 1.000047 1.000047 1.000047 1.000047 1.000047 1.000047 1.000047 1.000047 1.000047 1.000047 1.000047 1.000047 1.000047 1.000047 1.000047 1.000047 1.000047 1.000047 1.000047 1.000047 1.000047 1.000047 1.000047 1.000047 1.000047 1.000047 1.000047 1.000047 1.000047 1.000047 1.000047 1.000047 1.000047 1.000047 1.000047 1.000047 1.000047 1.000047 1.000047 1.000047 1.000047 1.000047 1.000047 1.000047 1.000047 1.000047 1.000047 1.000047 1.000047 1.000047 1.000047 1.000047 1.000047 1.000047 1.000047 1.000047 1.000047 1.000047 1.000047 1.000047 1.000047 1.000047 1.000047 1.000047 1.000047 1.000047 1.000047 1.000047 1.000047 1.000047 1.000047 1.000047 1.000047 1.000047 1.000047 1.000047 1.000047 1.000047 1.000047 1.000047 1.000047 1.000047 1.000047 1.000047 1.000047 1.000047 1.000047 1.000047 1.000047 1.000047 1.000047 1.000047 1.000047 1.000047 1.000047 1.000047 1.000047 1.000047 1.000047 1.000047 1.000047 1.000047 1.000047 1.000047 1.000047 1.000047 1.000047 1.000047 1.000047 1.000047 1.000047 1.000047 1.000047 1.000047 1.000047 1.000047 1.000047 1.000047 1.000047 1.000047 1.000047 1.000047 1.000047 1.000047 1.000047 1.000047 1.000047 1.000047 1.000047 1.000047 1.000047 1.000047 1.000047 1.000047 1.000047 1.000047 1.000047 1.000047 1.000047 1.000047 1.000047 1.000047 1.000047 1.000047 1.000047 1.000047 1.000047 1.000047 1.000047 1.000047 1.000047 1.000047 1.000047 1.000047 1.000047 1.000047 1.000047 1.000047 1.000047 1.000047 1.000047 1.000047 1.000047 1.000047 1.000047 1.000047 1.000047 1.000047 1.000047 1.000047 1.000047 1.000047 1.000047 1.000047 1.000047 1.000047 1.000047 1.000047 1.000047 1.000047 1.000047 1.000047 1.000047 1.000047 1.000000
1.000000 1.000047 1.000047 1.000047 1.000047 1.000047 1.000047 1.000047 1.000047 1.000047 1.000047 1.000047 1.000047 1.000047 1.000047 1.000047 1.000047 1.000047 1.000047 1.000047 1.000047 1.000047 1.000047 1.000047 1.000047 1.000047 1.000047 1.000047 1.000047 1.000047 1.000047 1.000047 1.000047 1.000047 1.000047 1.000047 1.000047 1.000047 1.000047 1.000047 1.000047 1.000047 1.000047 1.000047 1.000047 1.000047 1.000047 1.000047 1.000047 1.000047 1.000047 1.000047 1.000047 1.000047 1.000047 1.000047 1.000047 1.000047 1.000047 1.000047 1.000047 1.000047 1.000047 1.000047 1.000047 1.000047 1.000047 1.000047 1.000047 1.000047 1.000047 1.000047 1.000047 1.000047 1.000047 1.000047 1.000047 1.000047 1.000047 1.000047 1.000047 1.000047 1.000047 1.000047 1.000047 1.000047 1.000047 1.000047 1.000047 1.000047 1.000047 1.000047 1.000047 1.000047 1.000047 1.000047 1.000047 1.000047 1.000047 1.000047 1.000047 1.000047 1.000047 1.000047 1.000047 1.000047 1.000047 1.000047 1.000047 1.000047 1.000047 1.000047 1.000047 1.000047 1.000047 1.000047 1.000047 1.000047 1.000047 1.000047 1.000047 1.000047 1.000047 1.000047 1.000047 1.000047 1.000047 1.000047 1.000047 1.000047 1.000047 1.000047 1.000047 1.000047 1.000047 1.000047 1.000047 1.000047 1.000047 1.000047 1.000047 1.000047 1.000047 1.000047 1.000047 1.000047 1.000047 1.000047 1.000047 1.000047 1.000047 1.000047 1.000047 1.000047 1.000047 1.000047 1.000047 1.000047 1.000047 1.000047 1.000047 1.000047 1.000047 1.000047 1.000047 1.000047 1.000047 1.000047 1.000047 1.000047 1.000047 1.000047 1.000047 1.000047 1.000047 1.000047 1.000047 1.000047 1.000047 1.000047 1.000047 1.000047 1.000047 1.000047 1.000047 1.000047 1.000047 1.000047 1.000047 1.000047 1.000047 1.000047 1.000047 1.000047 1.000047 1.000047 1.000047 1.000047 1.000047 1.000047 1.000047 1.000000
1.000000 1.000047 1.000047 1.000047 1.000047 1.000047 1.000047 1.000047 1.000047 1.000047 1.000047 1.000047 1.000047 1.000047 1.000047 1.000047 1.000047 1.000047 1.000047 1.000047 1.000047 1.000047 1.000047 1.000047 1.000047 1.000047 1.000047 1.000047 1.000047 1.000047 1.000047 1.000047 1.000047 1.000047 1.000047 1.000047 1.000047 1.000047 1.000047 1.000047 1.000047 1.000047 1.000047 1.000047 1.000047 1.000047 1.000047 1.000047 1.000047 1.000047 1.000047 1.000047 1.000047 1.000047 1.000047 1.000047 1.000047 1.000047 1.000047 1.000047 1.000047 1.000047 1.000047 1.000047 1.000047 1.000047 1.000047 1.000047 1.000047 1.000047 1.000047 1.000047 1.000047 1.000047 1.000047 1.000047 1.000047 1.000047 1.000047 1.000047 1.000047 1.000047 1.000047 1.000047 1.000047 1.000047 1.000047 1.000047 1.000047 1.000047 1.000047 1.000047 1.000047 1.000047 1.000047 1.000047 1.000047 1.000047 1.000047 1.000047 1.000047 1.000047 1.000047 1.000047 1.000047 1.000047 1.000047 1.000047 1.000047 1.000047 1.000047 1.000047 1.000047 1.000047 1.000047 1.000047 1.000047 1.000047 1.000047 1.000047 1.000047 1.000047 1.000047 1.000047 1.000047 1.000047 1.000047 1.000047 1.000047 1.000047 1.000047 1.000047 1.000047 1.000047 1.000047 1.000047 1.000047 1.000047 1.000047 1.000047 1.000047 1.000047 1.000047 1.000047 1.000047 1.000047 1.000047 1.000047 1.000047 1.000047 1.000047 1.000047 1.000047 1.000047 1.000047 1.000047 1.000047 1.000047 1.000047 1.000047 1.000047 1.000047 1.000047 1.000047 1.000047 1.000047 1.000047 1.000047 1.000047 1.000047 1.000047 1.000047 1.000047 1.000047 1.000047 1.000047 1.000047 1.000047 1.000047 1.000047 1.000047 1.000047 1.000047 1.000047 1.000047 1.000047 1.000047 1.000047 1.000047 1.000047 1.000047 1.000047 1.000047 1.000047 1.000047 1.000047 1.000047 1.000047 1.000047 1.000047 1.000047 1.000000
1.000000 1.000047 1.000047 1.000047 1.000047 1.000047 1.000047 1.000047 1.000047 1.000047 1.000047 1.000047 1.000047 1.000047 1.000047 1.000047 1.000047 1.000047 1.000047 1.000047 1.000047 1.000047 1.000047 1.000047 1.000047 1.000047 1.000047 1.000047 1.000047 1.000047 1.000047 1.000047 1.000047 1.000047 1.000047 1.000047 1.000047 1.000047 1.000047 1.000047 1.000047 1.000047 1.000047 1.000047 1.000047 1.000047 1.000047 1.000047 1.000047 1.000047 1.000047 1.000047 1.000047 1.000047 1.000047 1.000047 1.000047 1.000047 1.000047 1.000047 1.000047 1.000047 1.000047 1.000047 1.000047 1.000047 1.000047 1.000047 1.000047 1.000047 1.000047 1.000047 1.000047 1.000047 1.000047 1.000047 1.000047 1.000047 1.000047 1.000047 1.000047 1.000047 1.000047 1.000047 1.000047 1.000047 1.000047 1.000047 1.000047 1.000047 1.000047 1.000047 1.000047 1.000047 1.000047 1.000047 1.000047 1.000047 1.000047 1.000047 1.000047 1.000047 1.000047 1.000047 1.000047 1.000047 1.000047 1.000047 1.000047 1.000047 1.000047 1.000047 1.000047 1.000047 1.000047 1.000047 1.000047 1.000047 1.000047 1.000047 1.000047 1.000047 1.000047 1.000047 1.000047 1.000047 1.000047 1.000047 1.000047 1.000047 1.000047 1.000047 1.000047 1.000047 1.000047 1.000047 1.000047 1.000047 1.000047 1.000047 1.000047 1.000047 1.000047 1.000047 1.000047 1.000047 1.000047 1.000047 1.000047 1.000047 1.000047 1.000047 1.000047 1.000047 1.000047 1.000047 1.000047 1.000047 1.000047 1.000047 1.000047 1.000047 1.000047 1.000047 1.000047 1.000047 1.000047 1.000047 1.000047 1.000047 1.000047 1.000047 1.000047 1.000047 1.000047 1.000047 1.000047 1.000047 1.000047 1.000047 1.000047 1.000047 1.000047 1.000047 1.000047 1.000047 1.000047 1.000047 1.000047 1.000047 1.000047 1.000047 1.000047 1.000047 1.000047 1.000047 1.000047 1.000047 1.000047 1.000047 1.000047 1.000000
1.000000 1.000047 1.000047 1.000047 1.000047 1.000047 1.000047 1.000047 1.000047 1.000047 1.000047 1.000047 1.000047 1.000047 1.000047 1.000047 1.000047 1.000047 1.000047 1.000047 1.000047 1.000047 1.000047 1.000047 1.000047 1.000047 1.000047 1.000047 1.000047 1.000047 1.000047 1.000047 1.000047 1.000047 1.000047 1.000047 1.000047 1.000047 1.000047 1.000047 1.000047 1.000047 1.000047 1.000047 1.000047 1.000047 1.000047 1.000047 1.000047 1.000047 1.000047 1.000047 1.000047 1.000047 1.000047 1.000047 1.000047 1.000047 1.000047 1.000047 1.000047 1.000047 1.000047 1.000047 1.000047 1.000047 1.000047 1.000047 1.000047 1.000047 1.000047 1.000047 1.000047 1.000047 1.000047 1.000047 1.000047 1.000047 1.000047 1.000047 1.000047 1.000047 1.000047 1.000047 1.000047 1.000047 1.000047 1.000047 1.000047 1.000047 1.000047 1.000047 1.000047 1.000047 1.000047 1.000047 1.000047 1.000047 1.000047 1.000047 1.000047 1.000047 1.000047 1.000047 1.000047 1.000047 1.000047 1.000047 1.000047 1.000047 1.000047 1.000047 1.000047 1.000047 1.000047 1.000047 1.000047 1.000047 1.000047 1.000047 1.000047 1.000047 1.000047 1.000047 1.000047 1.000047 1.000047 1.000047 1.000047 1.000047 1.000047 1.000047 1.000047 1.000047 1.000047 1.000047 1.000047 1.000047 1.000047 1.000047 1.000047 1.000047 1.000047 1.000047 1.000047 1.000047 1.000047 1.000047 1.000047 1.000047 1.000047 1.000047 1.000047 1.000047 1.000047 1.000047 1.000047 1.000047 1.000047 1.000047 1.000047 1.000047 1.000047 1.000047 1.000047 1.000047 1.000047 1.000047 1.000047 1.000047 1.000047 1.000047 1.000047 1.000047 1.000047 1.000047 1.000047 1.000047 1.000047 1.000047 1.000047 1.000047 1.000047 1.000047 1.000047 1.000047 1.000047 1.000047 1.000047 1.000047 1.000047 1.000047 1.000047 1.000047 1.000047 1.000047 1.000047 1.000047 1.000047 1.000047 1.000047 1.000000
1.000000 1.000047 1.000047 1.000047 1.000047 1.000047 1.000047 1.000047 1.000047 1.000047 1.000047 1.000047 1.000047 1.000047 1.000047 1.000047 1.000047 1.000047 1.000047 1.000047 1.000047 1.000047 1.000047 1.000047 1.000047 1.000047 1.000047 1.000047 1.000047 1.000047 1.000047 1.000047 1.000047 1.000047 1.000047 1.000047 1.000047 1.000047 1.000047 1.000047 1.000047 1.000047 1.000047 1.000047 1.000047 1.000047 1.000047 1.000047 1.000047 1.000047 1.000047 1.000047 1.000047 1.000047 1.000047 1.000047 1.000047 1.000047 1.000047 1.000047 1.000047 1.000047 1.000047 1.000047 1.000047 1.000047 1.000047 1.000047 1.000047 1.000047 1.000047 1.000047 1.000047 1.000047 1.000047 1.000047 1.000047 1.000047 1.000047 1.000047 1.000047 1.000047 1.000047 1.000047 1.000047 1.000047 1.000047 1.000047 1.000047 1.000047 1.000047 1.000047 1.000047 1.000047 1.000047 1.000047 1.000047 1.000047 1.000047 1.000047 1.000047 1.000047 1.000047 1.000047 1.000047 1.000047 1.000047 1.000047 1.000047 1.000047 1.000047 1.000047 1.000047 1.000047 1.000047 1.000047 1.000047 1.000047 1.000047 1.000047 1.000047 1.000047 1.000047 1.000047 1.000047 1.000047 1.000047 1.000047 1.000047 1.000047 1.000047 1.000047 1.000047 1.000047 1.000047 1.000047 1.000047 1.000047 1.000047 1.000047 1.000047 1.000047 1.000047 1.000047 1.000047 1.000047 1.000047 1.000047 1.000047 1.000047 1.000047 1.000047 1.000047 1.000047 1.000047 1.000047 1.000047 1.000047 1.000047 1.000047 1.000047 1.000047 1.000047 1.000047 1.000047 1.000047 1.000047 1.000047 1.000047 1.000047 1.000047 1.000047 1.000047 1.000047 1.000047 1.000047 1.000047 1.000047 1.000047 1.000047 1.000047 1.000047 1.000047 1.000047 1.000047 1.000047 1.000047 1.000047 1.000047 1.000047 1.000047 1.000047 1.000047 1.000047 1.000047 1.000047 1.000047 1.000047 1.000047 1.000047 1.000047 1.000000
1.000000 1.000047 1.000047 1.000047 1.000047 1.000047 1.000047 1.000047 1.000047 1.000047 1.000047 1.000047 1.000047 1.000047 1.000047 1.000047 1.000047 1.000047 1.000047 1.000047 1.000047 1.000047 1.000047 1.000047 1.000047 1.000047 1.000047 1.000047 1.000047 1.000047 1.000047 1.000047 1.000047 1.000047 1.000047 1.000047 1.000047 1.000047 1.000047 1.000047 1.000047 1.000047 1.000047 1.000047 1.000047 1.000047 1.000047 1.000047 1.000047 1.000047 1.000047 1.000047 1.000047 1.000047 1.000047 1.000047 1.000047 1.000047 1.000047 1.000047 1.000047 1.000047 1.000047 1.000047 1.000047 1.000047 1.000047 1.000047 1.000047 1.000047 1.000047 1.000047 1.000047 1.000047 1.000047 1.000047 1.000047 1.000047 1.000047 1.000047 1.000047 1.000047 1.000047 1.000047 1.000047 1.000047 1.000047 1.000047 1.000047 1.000047 1.000047 1.000047 1.000047 1.000047 1.000047 1.000047 1.000047 1.000047 1.000047 1.000047 1.000047 1.000047 1.000047 1.000047 1.000047 1.000047 1.000047 1.000047 1.000047 1.000047 1.000047 1.000047 1.000047 1.000047 1.000047 1.000047 1.000047 1.000047 1.000047 1.000047 1.000047 1.000047 1.000047 1.000047 1.000047 1.000047 1.000047 1.000047 1.000047 1.000047 1.000047 1.000047 1.000047 1.000047 1.000047 1.000047 1.000047 1.000047 1.000047 1.000047 1.000047 1.000047 1.000047 1.000047 1.000047 1.000047 1.000047 1.000047 1.000047 1.000047 1.000047 1.000047 1.000047 1.000047 1.000047 1.000047 1.000047 1.000047 1.000047 1.000047 1.000047 1.000047 1.000047 1.000047 1.000047 1.000047 1.000047 1.000047 1.000047 1.000047 1.000047 1.000047 1.000047 1.000047 1.000047 1.000047 1.000047 1.000047 1.000047 1.000047 1.000047 1.000047 1.000047 1.000047 1.000047 1.000047 1.000047 1.000047 1.000047 1.000047 1.000047 1.000047 1.000047 1.000047 1.000047 1.000047 1.000047 1.000047 1.000047 1.000047 1.000047 1.000000
1.000000 1.000047 1.000047 1.000047 1.000047 1.000047 1.000047 1.000047 1.000047 1.000047 1.000047 1.000047 1.000047 1.000047 1.000047 1.000047 1.000047 1.000047 1.000047 1.000047 1.000047 1.000047 1.000047 1.000047 1.000047 1.000047 1.000047 1.000047 1.000047 1.000047 1.000047 1.000047 1.000047 1.000047 1.000047 1.000047 1.000047 1.000047 1.000047 1.000047 1.000047 1.000047 1.000047 1.000047 1.000047 1.000047 1.000047 1.000047 1.000047 1.000047 1.000047 1.000047 1.000047 1.000047 1.000047 1.000047 1.000047 1.000047 1.000047 1.000047 1.000047 1.000047 1.000047 1.000047 1.000047 1.000047 1.000047 1.000047 1.000047 1.000047 1.000047 1.000047 1.000047 1.000047 1.000047 1.000047 1.000047 1.000047 1.000047 1.000047 1.000047 1.000047 1.000047 1.000047 1.000047 1.000047 1.000047 1.000047 1.000047 1.000047 1.000047 1.000047 1.000047 1.000047 1.000047 1.000047 1.000047 1.000047 1.000047 1.000047 1.000047 1.000047 1.000047 1.000047 1.000047 1.000047 1.000047 1.000047 1.000047 1.000047 1.000047 1.000047 1.000047 1.000047 1.000047 1.000047 1.000047 1.000047 1.000047 1.000047 1.000047 1.000047 1.000047 1.000047 1.000047 1.000047 1.000047 1.000047 1.000047 1.000047 1.000047 1.000047 1.000047 1.000047 1.000047 1.000047 1.000047 1.000047 1.000047 1.000047 1.000047 1.000047 1.000047 1.000047 1.000047 1.000047 1.000047 1.000047 1.000047 1.000047 1.000047 1.000047 1.000047 1.000047 1.000047 1.000047 1.000047 1.000047 1.000047 1.000047 1.000047 1.000047 1.000047 1.000047 1.000047 1.000047 1.000047 1.000047 1.000047 1.000047 1.000047 1.000047 1.000047 1.000047 1.000047 1.000047 1.000047 1.000047 1.000047 1.000047 1.000047 1.000047 1.000047 1.000047 1.000047 1.000047 1.000047 1.000047 1.000047 1.000047 1.000047 1.000047 1.000047 1.000047 1.000047 1.000047 1.000047 1.000047 1.000047 1.000047 1.000047 1.000000
1.000000 1.000047 1.000047 1.000047 1.000047 1.000047 1.000047 1.000047 1.000047 1.000047 1.000047 1.000047 1.000047 1.000047 1.000047 1.000047 1.000047 1.000047 1.000047 1.000047 1.000047 1.000047 1.000047 1.000047 1.000047 1.000047 1.000047 1.000047 1.000047 1.000047 1.000047 1.000047 1.000047 1.000047 1.000047 1.000047 1.000047 1.000047 1.000047 1.000047 1.000047 1.000047 1.000047 1.000047 1.000047 1.000047 1.000047 1.000047 1.000047 1.000047 1.000047 1.000047 1.000047 1.000047 1.000047 1.000047 1.000047 1.000047 1.000047 1.000047 1.000047 1.000047 1.000047 1.000047 1.000047 1.000047 1.000047 1.000047 1.000047 1.000047 1.000047 1.000047 1.000047 1.000047 1.000047 1.000047 1.000047 1.000047 1.000047 1.000047 1.000047 1.000047 1.000047 1.000047 1.000047 1.000047 1.000047 1.000047 1.000047 1.000047 1.000047 1.000047 1.000047 1.000047 1.000047 1.000047 1.000047 1.000047 1.000047 1.000047 1.000047 1.000047 1.000047 1.000047 1.000047 1.000047 1.000047 1.000047 1.000047 1.000047 1.000047 1.000047 1.000047 1.000047 1.000047 1.000047 1.000047 1.000047 1.000047 1.000047 1.000047 1.000047 1.000047 1.000047 1.000047 1.000047 1.000047 1.000047 1.000047 1.000047 1.000047 1.000047 1.000047 1.000047 1.000047 1.000047 1.000047 1.000047 1.000047 1.000047 1.000047 1.000047 1.000047 1.000047 1.000047 1.000047 1.000047 1.000047 1.000047 1.000047 1.000047 1.000047 1.000047 1.000047 1.000047 1.000047 1.000047 1.000047 1.000047 1.000047 1.000047 1.000047 1.000047 1.000047 1.000047 1.000047 1.000047 1.000047 1.000047 1.000047 1.000047 1.000047 1.000047 1.000047 1.000047 1.000047 1.000047 1.000047 1.000047 1.000047 1.000047 1.000047 1.000047 1.000047 1.000047 1.000047 1.000047 1.000047 1.000047 1.000047 1.000047 1.000047 1.000047 1.000047 1.000047 1.000047 1.000047 1.000047 1.000047 1.000047 1.000047 1.000000
1.000000 1.000047 1.000047 1.000047 1.000047 1.000047 1.000047 1.000047 1.000047 1.000047 1.000047 1.000047 1.000047 1.000047 1.000047 1.000047 1.000047 1.000047 1.000047 1.000047 1.000047 1.000047 1.000047 1.000047 1.000047 1.000047 1.000047 1.000047 1.000047 1.000047 1.000047 1.000047 1.000047 1.000047 1.000047 1.000047 1.000047 1.000047 1.000047 1.000047 1.000047 1.000047 1.000047 1.000047 1.000047 1.000047 1.000047 1.000047 1.000047 1.000047 1.000047 1.000047 1.000047 1.000047 1.000047 1.000047 1.000047 1.000047 1.000047 1.000047 1.000047 1.000047 1.000047 1.000047 1.000047 1.000047 1.000047 1.000047 1.000047 1.000047 1.000047 1.000047 1.000047 1.000047 1.000047 1.000047 1.000047 1.000047 1.000047 1.000047 1.000047 1.000047 1.000047 1.000047 1.000047 1.000047 1.000047 1.000047 1.000047 1.000047 1.000047 1.000047 1.000047 1.000047 1.000047 1.000047 1.000047 1.000047 1.000047 1.000047 1.000047 1.000047 1.000047 1.000047 1.000047 1.000047 1.000047 1.000047 1.000047 1.000047 1.000047 1.000047 1.000047 1.000047 1.000047 1.000047 1.000047 1.000047 1.000047 1.000047 1.000047 1.000047 1.000047 1.000047 1.000047 1.000047 1.000047 1.000047 1.000047 1.000047 1.000047 1.000047 1.000047 1.000047 1.000047 1.000047 1.000047 1.000047 1.000047 1.000047 1.000047 1.000047 1.000047 1.000047 1.000047 1.000047 1.000047 1.000047 1.000047 1.000047 1.000047 1.000047 1.000047 1.000047 1.000047 1.000047 1.000047 1.000047 1.000047 1.000047 1.000047 1.000047 1.000047 1.000047 1.000047 1.000047 1.000047 1.000047 1.000047 1.000047 1.000047 1.000047 1.000047 1.000047 1.000047 1.000047 1.000047 1.000047 1.000047 1.000047 1.000047 1.000047 1.000047 1.000047 1.000047 1.000047 1.000047 1.000047 1.000047 1.000047 1.000047 1.000047 1.000047 1.000047 1.000047 1.000047 1.000047 1.000047 1.000047 1.000047 1.000047 1.000000
1.000000 1.000047 1.000047 1.000047 1.000047 1.000047 1.000047 1.000047 1.000047 1.000047 1.000047 1.000047 1.000047 1.000047 1.000047 1.000047 1.000047 1.000047 1.000047 1.000047 1.000047 1.000047 1.000047 1.000047 1.000047 1.000047 1.000047 1.000047 1.000047 1.000047 1.000047 1.000047 1.000047 1.000047 1.000047 1.000047 1.000047 1.000047 1.000047 1.000047 1.000047 1.000047 1.000047 1.000047 1.000047 1.000047 1.000047 1.000047 1.000047 1.000047 1.000047 1.000047 1.000047 1.000047 1.000047 1.000047 1.000047 1.000047 1.000047 1.000047 1.000047 1.000047 1.000047 1.000047 1.000047 1.000047 1.000047 1.000047 1.000047 1.000047 1.000047 1.000047 1.000047 1.000047 1.000047 1.000047 1.000047 1.000047 1.000047 1.000047 1.000047 1.000047 1.000047 1.000047 1.000047 1.000047 1.000047 1.000047 1.000047 1.000047 1.000047 1.000047 1.000047 1.000047 1.000047 1.000047 1.000047 1.000047 1.000047 1.000047 1.000047 1.000047 1.000047 1.000047 1.000047 1.000047 1.000047 1.000047 1.000047 1.000047 1.000047 1.000047 1.000047 1.000047 1.000047 1.000047 1.000047 1.000047 1.000047 1.000047 1.000047 1.000047 1.000047 1.000047 1.000047 1.000047 1.000047 1.000047 1.000047 1.000047 1.000047 1.000047 1.000047 1.000047 1.000047 1.000047 1.000047 1.000047 1.000047 1.000047 1.000047 1.000047 1.000047 1.000047 1.000047 1.000047 1.000047 1.000047 1.000047 1.000047 1.000047 1.000047 1.000047 1.000047 1.000047 1.000047 1.000047 1.000047 1.000047 1.000047 1.000047 1.000047 1.000047 1.000047 1.000047 1.000047 1.000047 1.000047 1.000047 1.000047 1.000047 1.000047 1.000047 1.000047 1.000047 1.000047 1.000047 1.000047 1.000047 1.000047 1.000047 1.000047 1.000047 1.000047 1.000047 1.000047 1.000047 1.000047 1.000047 1.000047 1.000047 1.000047 1.000047 1.000047 1.000047 1.000047 1.000047 1.000047 1.000047 1.000047 1.000047 1.000000
1.000000 1.000047 1.000047 1.000047 1.000047 1.000047 1.000047 1.000047 1.000047 1.000047 1.000047 1.000047 1.000047 1.000047 1.000047 1.000047 1.000047 1.000047 1.000047 1.000047 1.000047 1.000047 1.000047 1.000047 1.000047 1.000047 1.000047 1.000047 1.000047 1.000047 1.000047 1.000047 1.000047 1.000047 1.000047 1.000047 1.000047 1.000047 1.000047 1.000047 1.000047 1.000047 1.000047 1.000047 1.000047 1.000047 1.000047 1.000047 1.000047 1.000047 1.000047 1.000047 1.000047 1.000047 1.000047 1.000047 1.000047 1.000047 1.000047 1.000047 1.000047 1.000047 1.000047 1.000047 1.000047 1.000047 1.000047 1.000047 1.000047 1.000047 1.000047 1.000047 1.000047 1.000047 1.000047 1.000047 1.000047 1.000047 1.000047 1.000047 1.000047 1.000047 1.000047 1.000047 1.000047 1.000047 1.000047 1.000047 1.000047 1.000047 1.000047 1.000047 1.000047 1.000047 1.000047 1.000047 1.000047 1.000047 1.000047 1.000047 1.000047 1.000047 1.000047 1.000047 1.000047 1.000047 1.000047 1.000047 1.000047 1.000047 1.000047 1.000047 1.000047 1.000047 1.000047 1.000047 1.000047 1.000047 1.000047 1.000047 1.000047 1.000047 1.000047 1.000047 1.000047 1.000047 1.000047 1.000047 1.000047 1.000047 1.000047 1.000047 1.000047 1.000047 1.000047 1.000047 1.000047 1.000047 1.000047 1.000047 1.000047 1.000047 1.000047 1.000047 1.000047 1.000047 1.000047 1.000047 1.000047 1.000047 1.000047 1.000047 1.000047 1.000047 1.000047 1.000047 1.000047 1.000047 1.000047 1.000047 1.000047 1.000047 1.000047 1.000047 1.000047 1.000047 1.000047 1.000047 1.000047 1.000047 1.000047 1.000047 1.000047 1.000047 1.000047 1.000047 1.000047 1.000047 1.000047 1.000047 1.000047 1.000047 1.000047 1.000047 1.000047 1.000047 1.000047 1.000047 1.000047 1.000047 1.000047 1.000047 1.000047 1.000047 1.000047 1.000047 1.000047 1.000047 1.000047 1.000047 1.000047 1.000000
1.000000 1.000047 1.000047 1.000047 1.000047 1.000047 1.000047 1.000047 1.000047 1.000047 1.000047 1.000047 1.000047 1.000047 1.000047 1.000047 1.000047 1.000047 1.000047 1.000047 1.000047 1.000047 1.000047 1.000047 1.000047 1.000047 1.000047 1.000047 1.000047 1.000047 1.000047 1.000047 1.000047 1.000047 1.000047 1.000047 1.000047 1.000047 1.000047 1.000047 1.000047 1.000047 1.000047 1.000047 1.000047 1.000047 1.000047 1.000047 1.000047 1.000047 1.000047 1.000047 1.000047 1.000047 1.000047 1.000047 1.000047 1.000047 1.000047 1.000047 1.000047 1.000047 1.000047 1.000047 1.000047 1.000047 1.000047 1.000047 1.000047 1.000047 1.000047 1.000047 1.000047 1.000047 1.000047 1.000047 1.000047 1.000047 1.000047 1.000047 1.000047 1.000047 1.000047 1.000047 1.000047 1.000047 1.000047 1.000047 1.000047 1.000047 1.000047 1.000047 1.000047 1.000047 1.000047 1.000047 1.000047 1.000047 1.000047 1.000047 1.000047 1.000047 1.000047 1.000047 1.000047 1.000047 1.000047 1.000047 1.000047 1.000047 1.000047 1.000047 1.000047 1.000047 1.000047 1.000047 1.000047 1.000047 1.000047 1.000047 1.000047 1.000047 1.000047 1.000047 1.000047 1.000047 1.000047 1.000047 1.000047 1.000047 1.000047 1.000047 1.000047 1.000047 1.000047 1.000047 1.000047 1.000047 1.000047 1.000047 1.000047 1.000047 1.000047 1.000047 1.000047 1.000047 1.000047 1.000047 1.000047 1.000047 1.000047 1.000047 1.000047 1.000047 1.000047 1.000047 1.000047 1.000047 1.000047 1.000047 1.000047 1.000047 1.000047 1.000047 1.000047 1.000047 1.000047 1.000047 1.000047 1.000047 1.000047 1.000047 1.000047 1.000047 1.000047 1.000047 1.000047 1.000047 1.000047 1.000047 1.000047 1.000047 1.000047 1.000047 1.000047 1.000047 1.000047 1.000047 1.000047 1.000047 1.000047 1.000047 1.000047 1.000047 1.000047 1.000047 1.000047 1.000047 1.000047 1.000047 1.000047 1.000000
1.000000 1.000047 1.000047 1.000047 1.000047 1.000047 1.000047 1.000047 1.000047 1.000047 1.000047 1.000047 1.000047 1.000047 1.000047 1.000047 1.000047 1.000047 1.000047 1.000047 1.000047 1.000047 1.000047 1.000047 1.000047 1.000047 1.000047 1.000047 1.000047 1.000047 1.000047 1.000047 1.000047 1.000047 1.000047 1.000047 1.000047 1.000047 1.000047 1.000047 1.000047 1.000047 1.000047 1.000047 1.000047 1.000047 1.000047 1.000047 1.000047 1.000047 1.000047 1.000047 1.000047 1.000047 1.000047 1.000047 1.000047 1.000047 1.000047 1.000047 1.000047 1.000047 1.000047 1.000047 1.000047 1.000047 1.000047 1.000047 1.000047 1.000047 1.000047 1.000047 1.000047 1.000047 1.000047 1.000047 1.000047 1.000047 1.000047 1.000047 1.000047 1.000047 1.000047 1.000047 1.000047 1.000047 1.000047 1.000047 1.000047 1.000047 1.000047 1.000047 1.000047 1.000047 1.000047 1.000047 1.000047 1.000047 1.000047 1.000047 1.000047 1.000047 1.000047 1.000047 1.000047 1.000047 1.000047 1.000047 1.000047 1.000047 1.000047 1.000047 1.000047 1.000047 1.000047 1.000047 1.000047 1.000047 1.000047 1.000047 1.000047 1.000047 1.000047 1.000047 1.000047 1.000047 1.000047 1.000047 1.000047 1.000047 1.000047 1.000047 1.000047 1.000047 1.000047 1.000047 1.000047 1.000047 1.000047 1.000047 1.000047 1.000047 1.000047 1.000047 1.000047 1.000047 1.000047 1.000047 1.000047 1.000047 1.000047 1.000047 1.000047 1.000047 1.000047 1.000047 1.000047 1.000047 1.000047 1.000047 1.000047 1.000047 1.000047 1.000047 1.000047 1.000047 1.000047 1.000047 1.000047 1.000047 1.000047 1.000047 1.000047 1.000047 1.000047 1.000047 1.000047 1.000047 1.000047 1.000047 1.000047 1.000047 1.000047 1.000047 1.000047 1.000047 1.000047 1.000047 1.000047 1.000047 1.000047 1.000047 1.000047 1.000047 1.000047 1.000047 1.000047 1.000047 1.000047 1.000047 1.000047 1.000000
1.000000 1.000047 1.000047 1.000047 1.000047 1.000047 1.000047 1.000047 1.000047 1.000047 1.000047 1.000047 1.000047 1.000047 1.000047 1.000047 1.000047 1.000047 1.000047 1.000047 1.000047 1.000047 1.000047 1.000047 1.000047 1.000047 1.000047 1.000047 1.000047 1.000047 1.000047 1.000047 1.000047 1.000047 1.000047 1.000047 1.000047 1.000047 1.000047 1.000047 1.000047 1.000047 1.000047 1.000047 1.000047 1.000047 1.000047 1.000047 1.000047 1.000047 1.000047 1.000047 1.000047 1.000047 1.000047 1.000047 1.000047 1.000047 1.000047 1.000047 1.000047 1.000047 1.000047 1.000047 1.000047 1.000047 1.000047 1.000047 1.000047 1.000047 1.000047 1.000047 1.000047 1.000047 1.000047 1.000047 1.000047 1.000047 1.000047 1.000047 1.000047 1.000047 1.000047 1.000047 1.000047 1.000047 1.000047 1.000047 1.000047 1.000047 1.000047 1.000047 1.000047 1.000047 1.000047 1.000047 1.000047 1.000047 1.000047 1.000047 1.000047 1.000047 1.000047 1.000047 1.000047 1.000047 1.000047 1.000047 1.000047 1.000047 1.000047 1.000047 1.000047 1.000047 1.000047 1.000047 1.000047 1.000047 1.000047 1.000047 1.000047 1.000047 1.000047 1.000047 1.000047 1.000047 1.000047 1.000047 1.000047 1.000047 1.000047 1.000047 1.000047 1.000047 1.000047 1.000047 1.000047 1.000047 1.000047 1.000047 1.000047 1.000047 1.000047 1.000047 1.000047 1.000047 1.000047 1.000047 1.000047 1.000047 1.000047 1.000047 1.000047 1.000047 1.000047 1.000047 1.000047 1.000047 1.000047 1.000047 1.000047 1.000047 1.000047 1.000047 1.000047 1.000047 1.000047 1.000047 1.000047 1.000047 1.000047 1.000047 1.000047 1.000047 1.000047 1.000047 1.000047 1.000047 1.000047 1.000047 1.000047 1.000047 1.000047 1.000047 1.000047 1.000047 1.000047 1.000047 1.000047 1.000047 1.000047 1.000047 1.000047 1.000047 1.000047 1.000047 1.000047 1.000047 1.000047 1.000047 1.000047 1.000000
1.000000 1.000047 1.000047 1.000047 1.000047 1.000047 1.000047 1.000047 1.000047 1.000047 1.000047 1.000047 1.000047 1.000047 1.000047 1.000047 1.000047 1.000047 1.000047 1.000047 1.000047 1.000047 1.000047 1.000047 1.000047 1.000047 1.000047 1.000047 1.000047 1.000047 1.000047 1.000047 1.000047 1.000047 1.000047 1.000047 1.000047 1.000047 1.000047 1.000047 1.000047 1.000047 1.000047 1.000047 1.000047 1.000047 1.000047 1.000047 1.000047 1.000047 1.000047 1.000047 1.000047 1.000047 1.000047 1.000047 1.000047 1.000047 1.000047 1.000047 1.000047 1.000047 1.000047 1.000047 1.000047 1.000047 1.000047 1.000047 1.000047 1.000047 1.000047 1.000047 1.000047 1.000047 1.000047 1.000047 1.000047 1.000047 1.000047 1.000047 1.000047 1.000047 1.000047 1.000047 1.000047 1.000047 1.000047 1.000047 1.000047 1.000047 1.000047 1.000047 1.000047 1.000047 1.000047 1.000047 1.000047 1.000047 1.000047 1.000047 1.000047 1.000047 1.000047 1.000047 1.000047 1.000047 1.000047 1.000047 1.000047 1.000047 1.000047 1.000047 1.000047 1.000047 1.000047 1.000047 1.000047 1.000047 1.000047 1.000047 1.000047 1.000047 1.000047 1.000047 1.000047 1.000047 1.000047 1.000047 1.000047 1.000047 1.000047 1.000047 1.000047 1.000047 1.000047 1.000047 1.000047 1.000047 1.000047 1.000047 1.000047 1.000047 1.000047 1.000047 1.000047 1.000047 1.000047 1.000047 1.000047 1.000047 1.000047 1.000047 1.000047 1.000047 1.000047 1.000047 1.000047 1.000047 1.000047 1.000047 1.000047 1.000047 1.000047 1.000047 1.000047 1.000047 1.000047 1.000047 1.000047 1.000047 1.000047 1.000047 1.000047 1.000047 1.000047 1.000047 1.000047 1.000047 1.000047 1.000047 1.000047 1.000047 1.000047 1.000047 1.000047 1.000047 1.000047 1.000047 1.000047 1.000047 1.000047 1.000047 1.000047 1.000047 1.000047 1.000047 1.000047 1.000047 1.000047 1.000047 1.000047 1.000000
1.000000 1.000047 1.000047 1.000047 1.000047 1.000047 1.000047 1.000047 1.000047 1.000047 1.000047 1.000047 1.000047 1.000047 1.000047 1.000047 1.000047 1.000047 1.000047 1.000047 1.000047 1.000047 1.000047 1.000047 1.000047 1.000047 1.000047 1.000047 1.000047 1.000047 1.000047 1.000047 1.000047 1.000047 1.000047 1.000047 1.000047 1.000047 1.000047 1.000047 1.000047 1.000047 1.000047 1.000047 1.000047 1.000047 1.000047 1.000047 1.000047 1.000047 1.000047 1.000047 1.000047 1.000047 1.000047 1.000047 1.000047 1.000047 1.000047 1.000047 1.000047 1.000047 1.000047 1.000047 1.000047 1.000047 1.000047 1.000047 1.000047 1.000047 1.000047 1.000047 1.000047 1.000047 1.000047 1.000047 1.000047 1.000047 1.000047 1.000047 1.000047 1.000047 1.000047 1.000047 1.000047 1.000047 1.000047 1.000047 1.000047 1.000047 1.000047 1.000047 1.000047 1.000047 1.000047 1.000047 1.000047 1.000047 1.000047 1.000047 1.000047 1.000047 1.000047 1.000047 1.000047 1.000047 1.000047 1.000047 1.000047 1.000047 1.000047 1.000047 1.000047 1.000047 1.000047 1.000047 1.000047 1.000047 1.000047 1.000047 1.000047 1.000047 1.000047 1.000047 1.000047 1.000047 1.000047 1.000047 1.000047 1.000047 1.000047 1.000047 1.000047 1.000047 1.000047 1.000047 1.000047 1.000047 1.000047 1.000047 1.000047 1.000047 1.000047 1.000047 1.000047 1.000047 1.000047 1.000047 1.000047 1.000047 1.000047 1.000047 1.000047 1.000047 1.000047 1.000047 1.000047 1.000047 1.000047 1.000047 1.000047 1.000047 1.000047 1.000047 1.000047 1.000047 1.000047 1.000047 1.000047 1.000047 1.000047 1.000047 1.000047 1.000047 1.000047 1.000047 1.000047 1.000047 1.000047 1.000047 1.000047 1.000047 1.000047 1.000047 1.000047 1.000047 1.000047 1.000047 1.000047 1.000047 1.000047 1.000047 1.000047 1.000047 1.000047 1.000047 1.000047 1.000047 1.000047 1.000047 1.000047 1.000000
1.000000 1.000047 1.000047 1.000047 1.000047 1.000047 1.000047 1.000047 1.000047 1.000047 1.000047 1.000047 1.000047 1.000047 1.000047 1.000047 1.000047 1.000047 1.000047 1.000047 1.000047 1.000047 1.000047 1.000047 1.000047 1.000047 1.000047 1.000047 1.000047 1.000047 1.000047 1.000047 1.000047 1.000047 1.000047 1.000047 1.000047 1.000047 1.000047 1.000047 1.000047 1.000047 1.000047 1.000047 1.000047 1.000047 1.000047 1.000047 1.000047 1.000047 1.000047 1.000047 1.000047 1.000047 1.000047 1.000047 1.000047 1.000047 1.000047 1.000047 1.000047 1.000047 1.000047 1.000047 1.000047 1.000047 1.000047 1.000047 1.000047 1.000047 1.000047 1.000047 1.000047 1.000047 1.000047 1.000047 1.000047 1.000047 1.000047 1.000047 1.000047 1.000047 1.000047 1.000047 1.000047 1.000047 1.000047 1.000047 1.000047 1.000047 1.000047 1.000047 1.000047 1.000047 1.000047 1.000047 1.000047 1.000047 1.000047 1.000047 1.000047 1.000047 1.000047 1.000047 1.000047 1.000047 1.000047 1.000047 1.000047 1.000047 1.000047 1.000047 1.000047 1.000047 1.000047 1.000047 1.000047 1.000047 1.000047 1.000047 1.000047 1.000047 1.000047 1.000047 1.000047 1.000047 1.000047 1.000047 1.000047 1.000047 1.000047 1.000047 1.000047 1.000047 1.000047 1.000047 1.000047 1.000047 1.000047 1.000047 1.000047 1.000047 1.000047 1.000047 1.000047 1.000047 1.000047 1.000047 1.000047 1.000047 1.000047 1.000047 1.000047 1.000047 1.000047 1.000047 1.000047 1.000047 1.000047 1.000047 1.000047 1.000047 1.000047 1.000047 1.000047 1.000047 1.000047 1.000047 1.000047 1.000047 1.000047 1.000047 1.000047 1.000047 1.000047 1.000047 1.000047 1.000047 1.000047 1.000047 1.000047 1.000047 1.000047 1.000047 1.000047 1.000047 1.000047 1.000047 1.000047 1.000047 1.000047 1.000047 1.000047 1.000047 1.000047 1.000047 1.000047 1.000047 1.000047 1.000047 1.000047 1.000000
1.000000 1.000047 1.000047 1.000047 1.000047 1.000047 1.000047 1.000047 1.000047 1.000047 1.000047 1.000047 1.000047 1.000047 1.000047 1.000047 1.000047 1.000047 1.000047 1.000047 1.000047 1.000047 1.000047 1.000047 1.000047 1.000047 1.000047 1.000047 1.000047 1.000047 1.000047 1.000047 1.000047 1.000047 1.000047 1.000047 1.000047 1.000047 1.000047 1.000047 1.000047 1.000047 1.000047 1.000047 1.000047 1.000047 1.000047 1.000047 1.000047 1.000047 1.000047 1.000047 1.000047 1.000047 1.000047 1.000047 1.000047 1.000047 1.000047 1.000047 1.000047 1.000047 1.000047 1.000047 1.000047 1.000047 1.000047 1.000047 1.000047 1.000047 1.000047 1.000047 1.000047 1.000047 1.000047 1.000047 1.000047 1.000047 1.000047 1.000047 1.000047 1.000047 1.000047 1.000047 1.000047 1.000047 1.000047 1.000047 1.000047 1.000047 1.000047 1.000047 1.000047 1.000047 1.000047 1.000047 1.000047 1.000047 1.000047 1.000047 1.000047 1.000047 1.000047 1.000047 1.000047 1.000047 1.000047 1.000047 1.000047 1.000047 1.000047 1.000047 1.000047 1.000047 1.000047 1.000047 1.000047 1.000047 1.000047 1.000047 1.000047 1.000047 1.000047 1.000047 1.000047 1.000047 1.000047 1.000047 1.000047 1.000047 1.000047 1.000047 1.000047 1.000047 1.000047 1.000047 1.000047 1.000047 1.000047 1.000047 1.000047 1.000047 1.000047 1.000047 1.000047 1.000047 1.000047 1.000047 1.000047 1.000047 1.000047 1.000047 1.000047 1.000047 1.000047 1.000047 1.000047 1.000047 1.000047 1.000047 1.000047 1.000047 1.000047 1.000047 1.000047 1.000047 1.000047 1.000047 1.000047 1.000047 1.000047 1.000047 1.000047 1.000047 1.000047 1.000047 1.000047 1.000047 1.000047 1.000047 1.000047 1.000047 1.000047 1.000047 1.000047 1.000047 1.000047 1.000047 1.000047 1.000047 1.000047 1.000047 1.000047 1.000047 1.000047 1.000047 1.000047 1.000047 1.000047 1.000047 1.000047 1.000000
1.000000 1.000047 1.000047 1.000047 1.000047 1.000047 1.000047 1.000047 1.000047 1.000047 1.000047 1.000047 1.000047 1.000047 1.000047 1.000047 1.000047 1.000047 1.000047 1.000047 1.000047 1.000047 1.000047 1.000047 1.000047 1.000047 1.000047 1.000047 1.000047 1.000047 1.000047 1.000047 1.000047 1.000047 1.000047 1.000047 1.000047 1.000047 1.000047 1.000047 1.000047 1.000047 1.000047 1.000047 1.000047 1.000047 1.000047 1.000047 1.000047 1.000047 1.000047 1.000047 1.000047 1.000047 1.000047 1.000047 1.000047 1.000047 1.000047 1.000047 1.000047 1.000047 1.000047 1.000047 1.000047 1.000047 1.000047 1.000047 1.000047 1.000047 1.000047 1.000047 1.000047 1.000047 1.000047 1.000047 1.000047 1.000047 1.000047 1.000047 1.000047 1.000047 1.000047 1.000047 1.000047 1.000047 1.000047 1.000047 1.000047 1.000047 1.000047 1.000047 1.000047 1.000047 1.000047 1.000047 1.000047 1.000047 1.000047 1.000047 1.000047 1.000047 1.000047 1.000047 1.000047 1.000047 1.000047 1.000047 1.000047 1.000047 1.000047 1.000047 1.000047 1.000047 1.000047 1.000047 1.000047 1.000047 1.000047 1.000047 1.000047 1.000047 1.000047 1.000047 1.000047 1.000047 1.000047 1.000047 1.000047 1.000047 1.000047 1.000047 1.000047 1.000047 1.000047 1.000047 1.000047 1.000047 1.000047 1.000047 1.000047 1.000047 1.000047 1.000047 1.000047 1.000047 1.000047 1.000047 1.000047 1.000047 1.000047 1.000047 1.000047 1.000047 1.000047 1.000047 1.000047 1.000047 1.000047 1.000047 1.000047 1.000047 1.000047 1.000047 1.000047 1.000047 1.000047 1.000047 1.000047 1.000047 1.000047 1.000047 1.000047 1.000047 1.000047 1.000047 1.000047 1.000047 1.000047 1.000047 1.000047 1.000047 1.000047 1.000047 1.000047 1.000047 1.000047 1.000047 1.000047 1.000047 1.000047 1.000047 1.000047 1.000047 1.000047 1.000047 1.000047 1.000047 1.000047 1.000047 1.000047 1.000000
1.000000 1.000047 1.000047 1.000047 1.000047 1.000047 1.000047 1.000047 1.000047 1.000047 1.000047 1.000047 1.000047 1.000047 1.000047 1.000047 1.000047 1.000047 1.000047 1.000047 1.000047 1.000047 1.000047 1.000047 1.000047 1.000047 1.000047 1.000047 1.000047 1.000047 1.000047 1.000047 1.000047 1.000047 1.000047 1.000047 1.000047 1.000047 1.000047 1.000047 1.000047 1.000047 1.000047 1.000047 1.000047 1.000047 1.000047 1.000047 1.000047 1.000047 1.000047 1.000047 1.000047 1.000047 1.000047 1.000047 1.000047 1.000047 1.000047 1.000047 1.000047 1.000047 1.000047 1.000047 1.000047 1.000047 1.000047 1.000047 1.000047 1.000047 1.000047 1.000047 1.000047 1.000047 1.000047 1.000047 1.000047 1.000047 1.000047 1.000047 1.000047 1.000047 1.000047 1.000047 1.000047 1.000047 1.000047 1.000047 1.000047 1.000047 1.000047 1.000047 1.000047 1.000047 1.000047 1.000047 1.000047 1.000047 1.000047 1.000047 1.000047 1.000047 1.000047 1.000047 1.000047 1.000047 1.000047 1.000047 1.000047 1.000047 1.000047 1.000047 1.000047 1.000047 1.000047 1.000047 1.000047 1.000047 1.000047 1.000047 1.000047 1.000047 1.000047 1.000047 1.000047 1.000047 1.000047 1.000047 1.000047 1.000047 1.000047 1.000047 1.000047 1.000047 1.000047 1.000047 1.000047 1.000047 1.000047 1.000047 1.000047 1.000047 1.000047 1.000047 1.000047 1.000047 1.000047 1.000047 1.000047 1.000047 1.000047 1.000047 1.000047 1.000047 1.000047 1.000047 1.000047 1.000047 1.000047 1.000047 1.000047 1.000047 1.000047 1.000047 1.000047 1.000047 1.000047 1.000047 1.000047 1.000047 1.000047 1.000047 1.000047 1.000047 1.000047 1.000047 1.000047 1.000047 1.000047 1.000047 1.000047 1.000047 1.000047 1.000047 1.000047 1.000047 1.000047 1.000047 1.000047 1.000047 1.000047 1.000047 1.000047 1.000047 1.000047 1.000047 1.000047 1.000047 1.000047 1.000047 1.000047 1.000000
1.000000 1.000047 1.000047 1.000047 1.000047 1.000047 1.000047 1.000047 1.000047 1.000047 1.000047 1.000047 1.000047 1.000047 1.000047 1.000047 1.000047 1.000047 1.000047 1.000047 1.000047 1.000047 1.000047 1.000047 1.000047 1.000047 1.000047 1.000047 1.000047 1.000047 1.000047 1.000047 1.000047 1.000047 1.000047 1.000047 1.000047 1.000047 1.000047 1.000047 1.000047 1.000047 1.000047 1.000047 1.000047 1.000047 1.000047 1.000047 1.000047 1.000047 1.000047 1.000047 1.000047 1.000047 1.000047 1.000047 1.000047 1.000047 1.000047 1.000047 1.000047 1.000047 1.000047 1.000047 1.000047 1.000047 1.000047 1.000047 1.000047 1.000047 1.000047 1.000047 1.000047 1.000047 1.000047 1.000047 1.000047 1.000047 1.000047 1.000047 1.000047 1.000047 1.000047 1.000047 1.000047 1.000047 1.000047 1.000047 1.000047 1.000047 1.000047 1.000047 1.000047 1.000047 1.000047 1.000047 1.000047 1.000047 1.000047 1.000047 1.000047 1.000047 1.000047 1.000047 1.000047 1.000047 1.000047 1.000047 1.000047 1.000047 1.000047 1.000047 1.000047 1.000047 1.000047 1.000047 1.000047 1.000047 1.000047 1.000047 1.000047 1.000047 1.000047 1.000047 1.000047 1.000047 1.000047 1.000047 1.000047 1.000047 1.000047 1.000047 1.000047 1.000047 1.000047 1.000047 1.000047 1.000047 1.000047 1.000047 1.000047 1.000047 1.000047 1.000047 1.000047 1.000047 1.000047 1.000047 1.000047 1.000047 1.000047 1.000047 1.000047 1.000047 1.000047 1.000047 1.000047 1.000047 1.000047 1.000047 1.000047 1.000047 1.000047 1.000047 1.000047 1.000047 1.000047 1.000047 1.000047 1.000047 1.000047 1.000047 1.000047 1.000047 1.000047 1.000047 1.000047 1.000047 1.000047 1.000047 1.000047 1.000047 1.000047 1.000047 1.000047 1.000047 1.000047 1.000047 1.000047 1.000047 1.000047 1.000047 1.000047 1.000047 1.000047 1.000047 1.000047 1.000047 1.000047 1.000047 1.000047 1.000000
1.000000 1.000047 1.000047 1.000047 1.000047 1.000047 1.000047 1.000047 1.000047 1.000047 1.000047 1.000047 1.000047 1.000047 1.000047 1.000047 1.000047 1.000047 1.000047 1.000047 1.000047 1.000047 1.000047 1.000047 1.000047 1.000047 1.000047 1.000047 1.000047 1.000047 1.000047 1.000047 1.000047 1.000047 1.000047 1.000047 1.000047 1.000047 1.000047 1.000047 1.000047 1.000047 1.000047 1.000047 1.000047 1.000047 1.000047 1.000047 1.000047 1.000047 1.000047 1.000047 1.000047 1.000047 1.000047 1.000047 1.000047 1.000047 1.000047 1.000047 1.000047 1.000047 1.000047 1.000047 1.000047 1.000047 1.000047 1.000047 1.000047 1.000047 1.000047 1.000047 1.000047 1.000047 1.000047 1.000047 1.000047 1.000047 1.000047 1.000047 1.000047 1.000047 1.000047 1.000047 1.000047 1.000047 1.000047 1.000047 1.000047 1.000047 1.000047 1.000047 1.000047 1.000047 1.000047 1.000047 1.000047 1.000047 1.000047 1.000047 1.000047 1.000047 1.000047 1.000047 1.000047 1.000047 1.000047 1.000047 1.000047 1.000047 1.000047 1.000047 1.000047 1.000047 1.000047 1.000047 1.000047 1.000047 1.000047 1.000047 1.000047 1.000047 1.000047 1.000047 1.000047 1.000047 1.000047 1.000047 1.000047 1.000047 1.000047 1.000047 1.000047 1.000047 1.000047 1.000047 1.000047 1.000047 1.000047 1.000047 1.000047 1.000047 1.000047 1.000047 1.000047 1.000047 1.000047 1.000047 1.000047 1.000047 1.000047 1.000047 1.000047 1.000047 1.000047 1.000047 1.000047 1.000047 1.000047 1.000047 1.000047 1.000047 1.000047 1.000047 1.000047 1.000047 1.000047 1.000047 1.000047 1.000047 1.000047 1.000047 1.000047 1.000047 1.000047 1.000047 1.000047 1.000047 1.000047 1.000047 1.000047 1.000047 1.000047 1.000047 1.000047 1.000047 1.000047 1.000047 1.000047 1.000047 1.000047 1.000047 1.000047 1.000047 1.000047 1.000047 1.000047 1.000047 1.000047 1.000047 1.000047 1.000000
1.000000 1.000047 1.000047 1.000047 1.000047 1.000047 1.000047 1.000047 1.000047 1.000047 1.000047 1.000047 1.000047 1.000047 1.000047 1.000047 1.000047 1.000047 1.000047 1.000047 1.000047 1.000047 1.000047 1.000047 1.000047 1.000047 1.000047 1.000047 1.000047 1.000047 1.000047 1.000047 1.000047 1.000047 1.000047 1.000047 1.000047 1.000047 1.000047 1.000047 1.000047 1.000047 1.000047 1.000047 1.000047 1.000047 1.000047 1.000047 1.000047 1.000047 1.000047 1.000047 1.000047 1.000047 1.000047 1.000047 1.000047 1.000047 1.000047 1.000047 1.000047 1.000047 1.000047 1.000047 1.000047 1.000047 1.000047 1.000047 1.000047 1.000047 1.000047 1.000047 1.000047 1.000047 1.000047 1.000047 1.000047 1.000047 1.000047 1.000047 1.000047 1.000047 1.000047 1.000047 1.000047 1.000047 1.000047 1.000047 1.000047 1.000047 1.000047 1.000047 1.000047 1.000047 1.000047 1.000047 1.000047 1.000047 1.000047 1.000047 1.000047 1.000047 1.000047 1.000047 1.000047 1.000047 1.000047 1.000047 1.000047 1.000047 1.000047 1.000047 1.000047 1.000047 1.000047 1.000047 1.000047 1.000047 1.000047 1.000047 1.000047 1.000047 1.000047 1.000047 1.000047 1.000047 1.000047 1.000047 1.000047 1.000047 1.000047 1.000047 1.000047 1.000047 1.000047 1.000047 1.000047 1.000047 1.000047 1.000047 1.000047 1.000047 1.000047 1.000047 1.000047 1.000047 1.000047 1.000047 1.000047 1.000047 1.000047 1.000047 1.000047 1.000047 1.000047 1.000047 1.000047 1.000047 1.000047 1.000047 1.000047 1.000047 1.000047 1.000047 1.000047 1.000047 1.000047 1.000047 1.000047 1.000047 1.000047 1.000047 1.000047 1.000047 1.000047 1.000047 1.000047 1.000047 1.000047 1.000047 1.000047 1.000047 1.000047 1.000047 1.000047 1.000047 1.000047 1.000047 1.000047 1.000047 1.000047 1.000047 1.000047 1.000047 1.000047 1.000047 1.000047 1.000047 1.000047 1.000047 1.000047 1.000000
1.000000 1.000047 1.000047 1.000047 1.000047 1.000047 1.000047 1.000047 1.000047 1.000047 1.000047 1.000047 1.000047 1.000047 1.000047 1.000047 1.000047 1.000047 1.000047 1.000047 1.000047 1.000047 1.000047 1.000047 1.000047 1.000047 1.000047 1.000047 1.000047 1.000047 1.000047 1.000047 1.000047 1.000047 1.000047 1.000047 1.000047 1.000047 1.000047 1.000047 1.000047 1.000047 1.000047 1.000047 1.000047 1.000047 1.000047 1.000047 1.000047 1.000047 1.000047 1.000047 1.000047 1.000047 1.000047 1.000047 1.000047 1.000047 1.000047 1.000047 1.000047 1.000047 1.000047 1.000047 1.000047 1.000047 1.000047 1.000047 1.000047 1.000047 1.000047 1.000047 1.000047 1.000047 1.000047 1.000047 1.000047 1.000047 1.000047 1.000047 1.000047 1.000047 1.000047 1.000047 1.000047 1.000047 1.000047 1.000047 1.000047 1.000047 1.000047 1.000047 1.000047 1.000047 1.000047 1.000047 1.000047 1.000047 1.000047 1.000047 1.000047 1.000047 1.000047 1.000047 1.000047 1.000047 1.000047 1.000047 1.000047 1.000047 1.000047 1.000047 1.000047 1.000047 1.000047 1.000047 1.000047 1.000047 1.000047 1.000047 1.000047 1.000047 1.000047 1.000047 1.000047 1.000047 1.000047 1.000047 1.000047 1.000047 1.000047 1.000047 1.000047 1.000047 1.000047 1.000047 1.000047 1.000047 1.000047 1.000047 1.000047 1.000047 1.000047 1.000047 1.000047 1.000047 1.000047 1.000047 1.000047 1.000047 1.000047 1.000047 1.000047 1.000047 1.000047 1.000047 1.000047 1.000047 1.000047 1.000047 1.000047 1.000047 1.000047 1.000047 1.000047 1.000047 1.000047 1.000047 1.000047 1.000047 1.000047 1.000047 1.000047 1.000047 1.000047 1.000047 1.000047 1.000047 1.000047 1.000047 1.000047 1.000047 1.000047 1.000047 1.000047 1.000047 1.000047 1.000047 1.000047 1.000047 1.000047 1.000047 1.000047 1.000047 1.000047 1.000047 1.000047 1.000047 1.000047 1.000047 1.000047 1.000000
1.000000 1.000047 1.000047 1.000047 1.000047 1.000047 1.000047 1.000047 1.000047 1.000047 1.000047 1.000047 1.000047 1.000047 1.000047 1.000047 1.000047 1.000047 1.000047 1.000047 1.000047 1.000047 1.000047 1.000047 1.000047 1.000047 1.000047 1.000047 1.000047 1.000047 1.000047 1.000047 1.000047 1.000047 1.000047 1.000047 1.000047 1.000047 1.000047 1.000047 1.000047 1.000047 1.000047 1.000047 1.000047 1.000047 1.000047 1.000047 1.000047 1.000047 1.000047 1.000047 1.000047 1.000047 1.000047 1.000047 1.000047 1.000047 1.000047 1.000047 1.000047 1.000047 1.000047 1.000047 1.000047 1.000047 1.000047 1.000047 1.000047 1.000047 1.000047 1.000047 1.000047 1.000047 1.000047 1.000047 1.000047 1.000047 1.000047 1.000047 1.000047 1.000047 1.000047 1.000047 1.000047 1.000047 1.000047 1.000047 1.000047 1.000047 1.000047 1.000047 1.000047 1.000047 1.000047 1.000047 1.000047 1.000047 1.000047 1.000047 1.000047 1.000047 1.000047 1.000047 1.000047 1.000047 1.000047 1.000047 1.000047 1.000047 1.000047 1.000047 1.000047 1.000047 1.000047 1.000047 1.000047 1.000047 1.000047 1.000047 1.000047 1.000047 1.000047 1.000047 1.000047 1.000047 1.000047 1.000047 1.000047 1.000047 1.000047 1.000047 1.000047 1.000047 1.000047 1.000047 1.000047 1.000047 1.000047 1.000047 1.000047 1.000047 1.000047 1.000047 1.000047 1.000047 1.000047 1.000047 1.000047 1.000047 1.000047 1.000047 1.000047 1.000047 1.000047 1.000047 1.000047 1.000047 1.000047 1.000047 1.000047 1.000047 1.000047 1.000047 1.000047 1.000047 1.000047 1.000047 1.000047 1.000047 1.000047 1.000047 1.000047 1.000047 1.000047 1.000047 1.000047 1.000047 1.000047 1.000047 1.000047 1.000047 1.000047 1.000047 1.000047 1.000047 1.000047 1.000047 1.000047 1.000047 1.000047 1.000047 1.000047 1.000047 1.000047 1.000047 1.000047 1.000047 1.000047 1.000047 1.000047 1.000000
1.000000 1.000047 1.000047 1.000047 1.000047 1.000047 1.000047 1.000047 1.000047 1.000047 1.000047 1.000047 1.000047 1.000047 1.000047 1.000047 1.000047 1.000047 1.000047 1.000047 1.000047 1.000047 1.000047 1.000047 1.000047 1.000047 1.000047 1.000047 1.000047 1.000047 1.000047 1.000047 1.000047 1.000047 1.000047 1.000047 1.000047 1.000047 1.000047 1.000047 1.000047 1.000047 1.000047 1.000047 1.000047 1.000047 1.000047 1.000047 1.000047 1.000047 1.000047 1.000047 1.000047 1.000047 1.000047 1.000047 1.000047 1.000047 1.000047 1.000047 1.000047 1.000047 1.000047 1.000047 1.000047 1.000047 1.000047 1.000047 1.000047 1.000047 1.000047 1.000047 1.000047 1.000047 1.000047 1.000047 1.000047 1.000047 1.000047 1.000047 1.000047 1.000047 1.000047 1.000047 1.000047 1.000047 1.000047 1.000047 1.000047 1.000047 1.000047 1.000047 1.000047 1.000047 1.000047 1.000047 1.000047 1.000047 1.000047 1.000047 1.000047 1.000047 1.000047 1.000047 1.000047 1.000047 1.000047 1.000047 1.000047 1.000047 1.000047 1.000047 1.000047 1.000047 1.000047 1.000047 1.000047 1.000047 1.000047 1.000047 1.000047 1.000047 1.000047 1.000047 1.000047 1.000047 1.000047 1.000047 1.000047 1.000047 1.000047 1.000047 1.000047 1.000047 1.000047 1.000047 1.000047 1.000047 1.000047 1.000047 1.000047 1.000047 1.000047 1.000047 1.000047 1.000047 1.000047 1.000047 1.000047 1.000047 1.000047 1.000047 1.000047 1.000047 1.000047 1.000047 1.000047 1.000047 1.000047 1.000047 1.000047 1.000047 1.000047 1.000047 1.000047 1.000047 1.000047 1.000047 1.000047 1.000047 1.000047 1.000047 1.000047 1.000047 1.000047 1.000047 1.000047 1.000047 1.000047 1.000047 1.000047 1.000047 1.000047 1.000047 1.000047 1.000047 1.000047 1.000047 1.000047 1.000047 1.000047 1.000047 1.000047 1.000047 1.000047 1.000047 1.000047 1.000047 1.000047 1.000047 1.000047 1.000000
1.000000 1.000047 1.000047 1.000047 1.000047 1.000047 1.000047 1.000047 1.000047 1.000047 1.000047 1.000047 1.000047 1.000047 1.000047 1.000047 1.000047 1.000047 1.000047 1.000047 1.000047 1.000047 1.000047 1.000047 1.000047 1.000047 1.000047 1.000047 1.000047 1.000047 1.000047 1.000047 1.000047 1.000047 1.000047 1.000047 1.000047 1.000047 1.000047 1.000047 1.000047 1.000047 1.000047 1.000047 1.000047 1.000047 1.000047 1.000047 1.000047 1.000047 1.000047 1.000047 1.000047 1.000047 1.000047 1.000047 1.000047 1.000047 1.000047 1.000047 1.000047 1.000047 1.000047 1.000047 1.000047 1.000047 1.000047 1.000047 1.000047 1.000047 1.000047 1.000047 1.000047 1.000047 1.000047 1.000047 1.000047 1.000047 1.000047 1.000047 1.000047 1.000047 1.000047 1.000047 1.000047 1.000047 1.000047 1.000047 1.000047 1.000047 1.000047 1.000047 1.000047 1.000047 1.000047 1.000047 1.000047 1.000047 1.000047 1.000047 1.000047 1.000047 1.000047 1.000047 1.000047 1.000047 1.000047 1.000047 1.000047 1.000047 1.000047 1.000047 1.000047 1.000047 1.000047 1.000047 1.000047 1.000047 1.000047 1.000047 1.000047 1.000047 1.000047 1.000047 1.000047 1.000047 1.000047 1.000047 1.000047 1.000047 1.000047 1.000047 1.000047 1.000047 1.000047 1.000047 1.000047 1.000047 1.000047 1.000047 1.000047 1.000047 1.000047 1.000047 1.000047 1.000047 1.000047 1.000047 1.000047 1.000047 1.000047 1.000047 1.000047 1.000047 1.000047 1.000047 1.000047 1.000047 1.000047 1.000047 1.000047 1.000047 1.000047 1.000047 1.000047 1.000047 1.000047 1.000047 1.000047 1.000047 1.000047 1.000047 1.000047 1.000047 1.000047 1.000047 1.000047 1.000047 1.000047 1.000047 1.000047 1.000047 1.000047 1.000047 1.000047 1.000047 1.000047 1.000047 1.000047 1.000047 1.000047 1.000047 1.000047 1.000047 1.000047 1.000047 1.000047 1.000047 1.000047 1.000047 1.000047 1.000000
1.000000 1.000047 1.000047 1.000047 1.000047 1.000047 1.000047 1.000047 1.000047 1.000047 1.000047 1.000047 1.000047 1.000047 1.000047 1.000047 1.000047 1.000047 1.000047 1.000047 1.000047 1.000047 1.000047 1.000047 1.000047 1.000047 1.000047 1.000047 1.000047 1.000047 1.000047 1.000047 1.000047 1.000047 1.000047 1.000047 1.000047 1.000047 1.000047 1.000047 1.000047 1.000047 1.000047 1.000047 1.000047 1.000047 1.000047 1.000047 1.000047 1.000047 1.000047 1.000047 1.000047 1.000047 1.000047 1.000047 1.000047 1.000047 1.000047 1.000047 1.000047 1.000047 1.000047 1.000047 1.000047 1.000047 1.000047 1.000047 1.000047 1.000047 1.000047 1.000047 1.000047 1.000047 1.000047 1.000047 1.000047 1.000047 1.000047 1.000047 1.000047 1.000047 1.000047 1.000047 1.000047 1.000047 1.000047 1.000047 1.000047 1.000047 1.000047 1.000047 1.000047 1.000047 1.000047 1.000047 1.000047 1.000047 1.000047 1.000047 1.000047 1.000047 1.000047 1.000047 1.000047 1.000047 1.000047 1.000047 1.000047 1.000047 1.000047 1.000047 1.000047 1.000047 1.000047 1.000047 1.000047 1.000047 1.000047 1.000047 1.000047 1.000047 1.000047 1.000047 1.000047 1.000047 1.000047 1.000047 1.000047 1.000047 1.000047 1.000047 1.000047 1.000047 1.000047 1.000047 1.000047 1.000047 1.000047 1.000047 1.000047 1.000047 1.000047 1.000047 1.000047 1.000047 1.000047 1.000047 1.000047 1.000047 1.000047 1.000047 1.000047 1.000047 1.000047 1.000047 1.000047 1.000047 1.000047 1.000047 1.000047 1.000047 1.000047 1.000047 1.000047 1.000047 1.000047 1.000047 1.000047 1.000047 1.000047 1.000047 1.000047 1.000047 1.000047 1.000047 1.000047 1.000047 1.000047 1.000047 1.000047 1.000047 1.000047 1.000047 1.000047 1.000047 1.000047 1.000047 1.000047 1.000047 1.000047 1.000047 1.000047 1.000047 1.000047 1.000047 1.000047 1.000047 1.000047 1.000047 1.000047 1.000000
1.000000 1.000047 1.000047 1.000047 1.000047 1.000047 1.000047 1.000047 1.000047 1.000047 1.000047 1.000047 1.000047 1.000047 1.000047 1.000047 1.000047 1.000047 1.000047 1.000047 1.000047 1.000047 1.000047 1.000047 1.000047 1.000047 1.000047 1.000047 1.000047 1.000047 1.000047 1.000047 1.000047 1.000047 1.000047 1.000047 1.000047 1.000047 1.000047 1.000047 1.000047 1.000047 1.000047 1.000047 1.000047 1.000047 1.000047 1.000047 1.000047 1.000047 1.000047 1.000047 1.000047 1.000047 1.000047 1.000047 1.000047 1.000047 1.000047 1.000047 1.000047 1.000047 1.000047 1.000047 1.000047 1.000047 1.000047 1.000047 1.000047 1.000047 1.000047 1.000047 1.000047 1.000047 1.000047 1.000047 1.000047 1.000047 1.000047 1.000047 1.000047 1.000047 1.000047 1.000047 1.000047 1.000047 1.000047 1.000047 1.000047 1.000047 1.000047 1.000047 1.000047 1.000047 1.000047 1.000047 1.000047 1.000047 1.000047 1.000047 1.000047 1.000047 1.000047 1.000047 1.000047 1.000047 1.000047 1.000047 1.000047 1.000047 1.000047 1.000047 1.000047 1.000047 1.000047 1.000047 1.000047 1.000047 1.000047 1.000047 1.000047 1.000047 1.000047 1.000047 1.000047 1.000047 1.000047 1.000047 1.000047 1.000047 1.000047 1.000047 1.000047 1.000047 1.000047 1.000047 1.000047 1.000047 1.000047 1.000047 1.000047 1.000047 1.000047 1.000047 1.000047 1.000047 1.000047 1.000047 1.000047 1.000047 1.000047 1.000047 1.000047 1.000047 1.000047 1.000047 1.000047 1.000047 1.000047 1.000047 1.000047 1.000047 1.000047 1.000047 1.000047 1.000047 1.000047 1.000047 1.000047 1.000047 1.000047 1.000047 1.000047 1.000047 1.000047 1.000047 1.000047 1.000047 1.000047 1.000047 1.000047 1.000047 1.000047 1.000047 1.000047 1.000047 1.000047 1.000047 1.000047 1.000047 1.000047 1.000047 1.000047 1.000047 1.000047 1.000047 1.000047 1.000047 1.000047 1.000047 1.000047 1.000000
1.000000 1.000047 1.000047 1.000047 1.000047 1.000047 1.000047 1.000047 1.000047 1.000047 1.000047 1.000047 1.000047 1.000047 1.000047 1.000047 1.000047 1.000047 1.000047 1.000047 1.000047 1.000047 1.000047 1.000047 1.000047 1.000047 1.000047 1.000047 1.000047 1.000047 1.000047 1.000047 1.000047 1.000047 1.000047 1.000047 1.000047 1.000047 1.000047 1.000047 1.000047 1.000047 1.000047 1.000047 1.000047 1.000047 1.000047 1.000047 1.000047 1.000047 1.000047 1.000047 1.000047 1.000047 1.000047 1.000047 1.000047 1.000047 1.000047 1.000047 1.000047 1.000047 1.000047 1.000047 1.000047 1.000047 1.000047 1.000047 1.000047 1.000047 1.000047 1.000047 1.000047 1.000047 1.000047 1.000047 1.000047 1.000047 1.000047 1.000047 1.000047 1.000047 1.000047 1.000047 1.000047 1.000047 1.000047 1.000047 1.000047 1.000047 1.000047 1.000047 1.000047 1.000047 1.000047 1.000047 1.000047 1.000047 1.000047 1.000047 1.000047 1.000047 1.000047 1.000047 1.000047 1.000047 1.000047 1.000047 1.000047 1.000047 1.000047 1.000047 1.000047 1.000047 1.000047 1.000047 1.000047 1.000047 1.000047 1.000047 1.000047 1.000047 1.000047 1.000047 1.000047 1.000047 1.000047 1.000047 1.000047 1.000047 1.000047 1.000047 1.000047 1.000047 1.000047 1.000047 1.000047 1.000047 1.000047 1.000047 1.000047 1.000047 1.000047 1.000047 1.000047 1.000047 1.000047 1.000047 1.000047 1.000047 1.000047 1.000047 1.000047 1.000047 1.000047 1.000047 1.000047 1.000047 1.000047 1.000047 1.000047 1.000047 1.000047 1.000047 1.000047 1.000047 1.000047 1.000047 1.000047 1.000047 1.000047 1.000047 1.000047 1.000047 1.000047 1.000047 1.000047 1.000047 1.000047 1.000047 1.000047 1.000047 1.000047 1.000047 1.000047 1.000047 1.000047 1.000047 1.000047 1.000047 1.000047 1.000047 1.000047 1.000047 1.000047 1.000047 1.000047 1.000047 1.000047 1.000047 1.000047 1.000000
1.000000 1.000047 1.000047 1.000047 1.000047 1.000047 1.000047 1.000047 1.000047 1.000047 1.000047 1.000047 1.000047 1.000047 1.000047 1.000047 1.000047 1.000047 1.000047 1.000047 1.000047 1.000047 1.000047 1.000047 1.000047 1.000047 1.000047 1.000047 1.000047 1.000047 1.000047 1.000047 1.000047 1.000047 1.000047 1.000047 1.000047 1.000047 1.000047 1.000047 1.000047 1.000047 1.000047 1.000047 1.000047 1.000047 1.000047 1.000047 1.000047 1.000047 1.000047 1.000047 1.000047 1.000047 1.000047 1.000047 1.000047 1.000047 1.000047 1.000047 1.000047 1.000047 1.000047 1.000047 1.000047 1.000047 1.000047 1.000047 1.000047 1.000047 1.000047 1.000047 1.000047 1.000047 1.000047 1.000047 1.000047 1.000047 1.000047 1.000047 1.000047 1.000047 1.000047 1.000047 1.000047 1.000047 1.000047 1.000047 1.000047 1.000047 1.000047 1.000047 1.000047 1.000047 1.000047 1.000047 1.000047 1.000047 1.000047 1.000047 1.000047 1.000047 1.000047 1.000047 1.000047 1.000047 1.000047 1.000047 1.000047 1.000047 1.000047 1.000047 1.000047 1.000047 1.000047 1.000047 1.000047 1.000047 1.000047 1.000047 1.000047 1.000047 1.000047 1.000047 1.000047 1.000047 1.000047 1.000047 1.000047 1.000047 1.000047 1.000047 1.000047 1.000047 1.000047 1.000047 1.000047 1.000047 1.000047 1.000047 1.000047 1.000047 1.000047 1.000047 1.000047 1.000047 1.000047 1.000047 1.000047 1.000047 1.000047 1.000047 1.000047 1.000047 1.000047 1.000047 1.000047 1.000047 1.000047 1.000047 1.000047 1.000047 1.000047 1.000047 1.000047 1.000047 1.000047 1.000047 1.000047 1.000047 1.000047 1.000047 1.000047 1.000047 1.000047 1.000047 1.000047 1.000047 1.000047 1.000047 1.000047 1.000047 1.000047 1.000047 1.000047 1.000047 1.000047 1.000047 1.000047 1.000047 1.000047 1.000047 1.000047 1.000047 1.000047 1.000047 1.000047 1.000047 1.000047 1.000047 1.000047 1.000000
1.000000 1.000047 1.000047 1.000047 1.000047 1.000047 1.000047 1.000047 1.000047 1.000047 1.000047 1.000047 1.000047 1.000047 1.000047 1.000047 1.000047 1.000047 1.000047 1.000047 1.000047 1.000047 1.000047 1.000047 1.000047 1.000047 1.000047 1.000047 1.000047 1.000047 1.000047 1.000047 1.000047 1.000047 1.000047 1.000047 1.000047 1.000047 1.000047 1.000047 1.000047 1.000047 1.000047 1.000047 1.000047 1.000047 1.000047 1.000047 1.000047 1.000047 1.000047 1.000047 1.000047 1.000047 1.000047 1.000047 1.000047 1.000047 1.000047 1.000047 1.000047 1.000047 1.000047 1.000047 1.000047 1.000047 1.000047 1.000047 1.000047 1.000047 1.000047 1.000047 1.000047 1.000047 1.000047 1.000047 1.000047 1.000047 1.000047 1.000047 1.000047 1.000047 1.000047 1.000047 1.000047 1.000047 1.000047 1.000047 1.000047 1.000047 1.000047 1.000047 1.000047 1.000047 1.000047 1.000047 1.000047 1.000047 1.000047 1.000047 1.000047 1.000047 1.000047 1.000047 1.000047 1.000047 1.000047 1.000047 1.000047 1.000047 1.000047 1.000047 1.000047 1.000047 1.000047 1.000047 1.000047 1.000047 1.000047 1.000047 1.000047 1.000047 1.000047 1.000047 1.000047 1.000047 1.000047 1.000047 1.000047 1.000047 1.000047 1.000047 1.000047 1.000047 1.000047 1.000047 1.000047 1.000047 1.000047 1.000047 1.000047 1.000047 1.000047 1.000047 1.000047 1.000047 1.000047 1.000047 1.000047 1.000047 1.000047 1.000047 1.000047 1.000047 1.000047 1.000047 1.000047 1.000047 1.000047 1.000047 1.000047 1.000047 1.000047 1.000047 1.000047 1.000047 1.000047 1.000047 1.000047 1.000047 1.000047 1.000047 1.000047 1.000047 1.000047 1.000047 1.000047 1.000047 1.000047 1.000047 1.000047 1.000047 1.000047 1.000047 1.000047 1.000047 1.000047 1.000047 1.000047 1.000047 1.000047 1.000047 1.000047 1.000047 1.000047 1.000047 1.000047 1.000047 1.000047 1.000047 1.000047 1.000000
1.000000 1.000047 1.000047 1.000047 1.000047 1.000047 1.000047 1.000047 1.000047 1.000047 1.000047 1.000047 1.000047 1.000047 1.000047 1.000047 1.000047 1.000047 1.000047 1.000047 1.000047 1.000047 1.000047 1.000047 1.000047 1.000047 1.000047 1.000047 1.000047 1.000047 1.000047 1.000047 1.000047 1.000047 1.000047 1.000047 1.000047 1.000047 1.000047 1.000047 1.000047 1.000047 1.000047 1.000047 1.000047 1.000047 1.000047 1.000047 1.000047 1.000047 1.000047 1.000047 1.000047 1.000047 1.000047 1.000047 1.000047 1.000047 1.000047 1.000047 1.000047 1.000047 1.000047 1.000047 1.000047 1.000047 1.000047 1.000047 1.000047 1.000047 1.000047 1.000047 1.000047 1.000047 1.000047 1.000047 1.000047 1.000047 1.000047 1.000047 1.000047 1.000047 1.000047 1.000047 1.000047 1.000047 1.000047 1.000047 1.000047 1.000047 1.000047 1.000047 1.000047 1.000047 1.000047 1.000047 1.000047 1.000047 1.000047 1.000047 1.000047 1.000047 1.000047 1.000047 1.000047 1.000047 1.000047 1.000047 1.000047 1.000047 1.000047 1.000047 1.000047 1.000047 1.000047 1.000047 1.000047 1.000047 1.000047 1.000047 1.000047 1.000047 1.000047 1.000047 1.000047 1.000047 1.000047 1.000047 1.000047 1.000047 1.000047 1.000047 1.000047 1.000047 1.000047 1.000047 1.000047 1.000047 1.000047 1.000047 1.000047 1.000047 1.000047 1.000047 1.000047 1.000047 1.000047 1.000047 1.000047 1.000047 1.000047 1.000047 1.000047 1.000047 1.000047 1.000047 1.000047 1.000047 1.000047 1.000047 1.000047 1.000047 1.000047 1.000047 1.000047 1.000047 1.000047 1.000047 1.000047 1.000047 1.000047 1.000047 1.000047 1.000047 1.000047 1.000047 1.000047 1.000047 1.000047 1.000047 1.000047 1.000047 1.000047 1.000047 1.000047 1.000047 1.000047 1.000047 1.000047 1.000047 1.000047 1.000047 1.000047 1.000047 1.000047 1.000047 1.000047 1.000047 1.000047 1.000047 1.000047 1.000000
1.000000 1.000047 1.000047 1.000047 1.000047 1.000047 1.000047 1.000047 1.000047 1.000047 1.000047 1.000047 1.000047 1.000047 1.000047 1.000047 1.000047 1.000047 1.000047 1.000047 1.000047 1.000047 1.000047 1.000047 1.000047 1.000047 1.000047 1.000047 1.000047 1.000047 1.000047 1.000047 1.000047 1.000047 1.000047 1.000047 1.000047 1.000047 1.000047 1.000047 1.000047 1.000047 1.000047 1.000047 1.000047 1.000047 1.000047 1.000047 1.000047 1.000047 1.000047 1.000047 1.000047 1.000047 1.000047 1.000047 1.000047 1.000047 1.000047 1.000047 1.000047 1.000047 1.000047 1.000047 1.000047 1.000047 1.000047 1.000047 1.000047 1.000047 1.000047 1.000047 1.000047 1.000047 1.000047 1.000047 1.000047 1.000047 1.000047 1.000047 1.000047 1.000047 1.000047 1.000047 1.000047 1.000047 1.000047 1.000047 1.000047 1.000047 1.000047 1.000047 1.000047 1.000047 1.000047 1.000047 1.000047 1.000047 1.000047 1.000047 1.000047 1.000047 1.000047 1.000047 1.000047 1.000047 1.000047 1.000047 1.000047 1.000047 1.000047 1.000047 1.000047 1.000047 1.000047 1.000047 1.000047 1.000047 1.000047 1.000047 1.000047 1.000047 1.000047 1.000047 1.000047 1.000047 1.000047 1.000047 1.000047 1.000047 1.000047 1.000047 1.000047 1.000047 1.000047 1.000047 1.000047 1.000047 1.000047 1.000047 1.000047 1.000047 1.000047 1.000047 1.000047 1.000047 1.000047 1.000047 1.000047 1.000047 1.000047 1.000047 1.000047 1.000047 1.000047 1.000047 1.000047 1.000047 1.000047 1.000047 1.000047 1.000047 1.000047 1.000047 1.000047 1.000047 1.000047 1.000047 1.000047 1.000047 1.000047 1.000047 1.000047 1.000047 1.000047 1.000047 1.000047 1.000047 1.000047 1.000047 1.000047 1.000047 1.000047 1.000047 1.000047 1.000047 1.000047 1.000047 1.000047 1.000047 1.000047 1.000047 1.000047 1.000047 1.000047 1.000047 1.000047 1.000047 1.000047 1.000047 1.000047 1.000000
1.000000 1.000047 1.000047 1.000047 1.000047 1.000047 1.000047 1.000047 1.000047 1.000047 1.000047 1.000047 1.000047 1.000047 1.000047 1.000047 1.000047 1.000047 1.000047 1.000047 1.000047 1.000047 1.000047 1.000047 1.000047 1.000047 1.000047 1.000047 1.000047 1.000047 1.000047 1.000047 1.000047 1.000047 1.000047 1.000047 1.000047 1.000047 1.000047 1.000047 1.000047 1.000047 1.000047 1.000047 1.000047 1.000047 1.000047 1.000047 1.000047 1.000047 1.000047 1.000047 1.000047 1.000047 1.000047 1.000047 1.000047 1.000047 1.000047 1.000047 1.000047 1.000047 1.000047 1.000047 1.000047 1.000047 1.000047 1.000047 1.000047 1.000047 1.000047 1.000047 1.000047 1.000047 1.000047 1.000047 1.000047 1.000047 1.000047 1.000047 1.000047 1.000047 1.000047 1.000047 1.000047 1.000047 1.000047 1.000047 1.000047 1.000047 1.000047 1.000047 1.000047 1.000047 1.000047 1.000047 1.000047 1.000047 1.000047 1.000047 1.000047 1.000047 1.000047 1.000047 1.000047 1.000047 1.000047 1.000047 1.000047 1.000047 1.000047 1.000047 1.000047 1.000047 1.000047 1.000047 1.000047 1.000047 1.000047 1.000047 1.000047 1.000047 1.000047 1.000047 1.000047 1.000047 1.000047 1.000047 1.000047 1.000047 1.000047 1.000047 1.000047 1.000047 1.000047 1.000047 1.000047 1.000047 1.000047 1.000047 1.000047 1.000047 1.000047 1.000047 1.000047 1.000047 1.000047 1.000047 1.000047 1.000047 1.000047 1.000047 1.000047 1.000047 1.000047 1.000047 1.000047 1.000047 1.000047 1.000047 1.000047 1.000047 1.000047 1.000047 1.000047 1.000047 1.000047 1.000047 1.000047 1.000047 1.000047 1.000047 1.000047 1.000047 1.000047 1.000047 1.000047 1.000047 1.000047 1.000047 1.000047 1.000047 1.000047 1.000047 1.000047 1.000047 1.000047 1.000047 1.000047 1.000047 1.000047 1.000047 1.000047 1.000047 1.000047 1.000047 1.000047 1.000047 1.000047 1.000047 1.000047 1.000000
1.000000 1.000047 1.000047 1.000047 1.000047 1.000047 1.000047 1.000047 1.000047 1.000047 1.000047 1.000047 1.000047 1.000047 1.000047 1.000047 1.000047 1.000047 1.000047 1.000047 1.000047 1.000047 1.000047 1.000047 1.000047 1.000047 1.000047 1.000047 1.000047 1.000047 1.000047 1.000047 1.000047 1.000047 1.000047 1.000047 1.000047 1.000047 1.000047 1.000047 1.000047 1.000047 1.000047 1.000047 1.000047 1.000047 1.000047 1.000047 1.000047 1.000047 1.000047 1.000047 1.000047 1.000047 1.000047 1.000047 1.000047 1.000047 1.000047 1.000047 1.000047 1.000047 1.000047 1.000047 1.000047 1.000047 1.000047 1.000047 1.000047 1.000047 1.000047 1.000047 1.000047 1.000047 1.000047 1.000047 1.000047 1.000047 1.000047 1.000047 1.000047 1.000047 1.000047 1.000047 1.000047 1.000047 1.000047 1.000047 1.000047 1.000047 1.000047 1.000047 1.000047 1.000047 1.000047 1.000047 1.000047 1.000047 1.000047 1.000047 1.000047 1.000047 1.000047 1.000047 1.000047 1.000047 1.000047 1.000047 1.000047 1.000047 1.000047 1.000047 1.000047 1.000047 1.000047 1.000047 1.000047 1.000047 1.000047 1.000047 1.000047 1.000047 1.000047 1.000047 1.000047 1.000047 1.000047 1.000047 1.000047 1.000047 1.000047 1.000047 1.000047 1.000047 1.000047 1.000047 1.000047 1.000047 1.000047 1.000047 1.000047 1.000047 1.000047 1.000047 1.000047 1.000047 1.000047 1.000047 1.000047 1.000047 1.000047 1.000047 1.000047 1.000047 1.000047 1.000047 1.000047 1.000047 1.000047 1.000047 1.000047 1.000047 1.000047 1.000047 1.000047 1.000047 1.000047 1.000047 1.000047 1.000047 1.000047 1.000047 1.000047 1.000047 1.000047 1.000047 1.000047 1.000047 1.000047 1.000047 1.000047 1.000047 1.000047 1.000047 1.000047 1.000047 1.000047 1.000047 1.000047 1.000047 1.000047 1.000047 1.000047 1.000047 1.000047 1.000047 1.000047 1.000047 1.000047 1.000047 1.000047 1.000000
1.000000 1.000047 1.000047 1.000047 1.000047 1.000047 1.000047 1.000047 1.000047 1.000047 1.000047 1.000047 1.000047 1.000047 1.000047 1.000047 1.000047 1.000047 1.000047 1.000047 1.000047 1.000047 1.000047 1.000047 1.000047 1.000047 1.000047 1.000047 1.000047 1.000047 1.000047 1.000047 1.000047 1.000047 1.000047 1.000047 1.000047 1.000047 1.000047 1.000047 1.000047 1.000047 1.000047 1.000047 1.000047 1.000047 1.000047 1.000047 1.000047 1.000047 1.000047 1.000047 1.000047 1.000047 1.000047 1.000047 1.000047 1.000047 1.000047 1.000047 1.000047 1.000047 1.000047 1.000047 1.000047 1.000047 1.000047 1.000047 1.000047 1.000047 1.000047 1.000047 1.000047 1.000047 1.000047 1.000047 1.000047 1.000047 1.000047 1.000047 1.000047 1.000047 1.000047 1.000047 1.000047 1.000047 1.000047 1.000047 1.000047 1.000047 1.000047 1.000047 1.000047 1.000047 1.000047 1.000047 1.000047 1.000047 1.000047 1.000047 1.000047 1.000047 1.000047 1.000047 1.000047 1.000047 1.000047 1.000047 1.000047 1.000047 1.000047 1.000047 1.000047 1.000047 1.000047 1.000047 1.000047 1.000047 1.000047 1.000047 1.000047 1.000047 1.000047 1.000047 1.000047 1.000047 1.000047 1.000047 1.000047 1.000047 1.000047 1.000047 1.000047 1.000047 1.000047 1.000047 1.000047 1.000047 1.000047 1.000047 1.000047 1.000047 1.000047 1.000047 1.000047 1.000047 1.000047 1.000047 1.000047 1.000047 1.000047 1.000047 1.000047 1.000047 1.000047 1.000047 1.000047 1.000047 1.000047 1.000047 1.000047 1.000047 1.000047 1.000047 1.000047 1.000047 1.000047 1.000047 1.000047 1.000047 1.000047 1.000047 1.000047 1.000047 1.000047 1.000047 1.000047 1.000047 1.000047 1.000047 1.000047 1.000047 1.000047 1.000047 1.000047 1.000047 1.000047 1.000047 1.000047 1.000047 1.000047 1.000047 1.000047 1.000047 1.000047 1.000047 1.000047 1.000047 1.000047 1.000047 1.000047 1.000000
1.000000 1.000047 1.000047 1.000047 1.000047 1.000047 1.000047 1.000047 1.000047 1.000047 1.000047 1.000047 1.000047 1.000047 1.000047 1.000047 1.000047 1.000047 1.000047 1.000047 1.000047 1.000047 1.000047 1.000047 1.000047 1.000047 1.000047 1.000047 1.000047 1.000047 1.000047 1.000047 1.000047 1.000047 1.000047 1.000047 1.000047 1.000047 1.000047 1.000047 1.000047 1.000047 1.000047 1.000047 1.000047 1.000047 1.000047 1.000047 1.000047 1.000047 1.000047 1.000047 1.000047 1.000047 1.000047 1.000047 1.000047 1.000047 1.000047 1.000047 1.000047 1.000047 1.000047 1.000047 1.000047 1.000047 1.000047 1.000047 1.000047 1.000047 1.000047 1.000047 1.000047 1.000047 1.000047 1.000047 1.000047 1.000047 1.000047 1.000047 1.000047 1.000047 1.000047 1.000047 1.000047 1.000047 1.000047 1.000047 1.000047 1.000047 1.000047 1.000047 1.000047 1.000047 1.000047 1.000047 1.000047 1.000047 1.000047 1.000047 1.000047 1.000047 1.000047 1.000047 1.000047 1.000047 1.000047 1.000047 1.000047 1.000047 1.000047 1.000047 1.000047 1.000047 1.000047 1.000047 1.000047 1.000047 1.000047 1.000047 1.000047 1.000047 1.000047 1.000047 1.000047 1.000047 1.000047 1.000047 1.000047 1.000047 1.000047 1.000047 1.000047 1.000047 1.000047 1.000047 1.000047 1.000047 1.000047 1.000047 1.000047 1.000047 1.000047 1.000047 1.000047 1.000047 1.000047 1.000047 1.000047 1.000047 1.000047 1.000047 1.000047 1.000047 1.000047 1.000047 1.000047 1.000047 1.000047 1.000047 1.000047 1.000047 1.000047 1.000047 1.000047 1.000047 1.000047 1.000047 1.000047 1.000047 1.000047 1.000047 1.000047 1.000047 1.000047 1.000047 1.000047 1.000047 1.000047 1.000047 1.000047 1.000047 1.000047 1.000047 1.000047 1.000047 1.000047 1.000047 1.000047 1.000047 1.000047 1.000047 1.000047 1.000047 1.000047 1.000047 1.000047 1.000047 1.000047 1.000047 1.000047 1.000000
1.000000 1.000047 1.000047 1.000047 1.000047 1.000047 1.000047 1.000047 1.000047 1.000047 1.000047 1.000047 1.000047 1.000047 1.000047 1.000047 1.000047 1.000047 1.000047 1.000047 1.000047 1.000047 1.000047 1.000047 1.000047 1.000047 1.000047 1.000047 1.000047 1.000047 1.000047 1.000047 1.000047 1.000047 1.000047 1.000047 1.000047 1.000047 1.000047 1.000047 1.000047 1.000047 1.000047 1.000047 1.000047 1.000047 1.000047 1.000047 1.000047 1.000047 1.000047 1.000047 1.000047 1.000047 1.000047 1.000047 1.000047 1.000047 1.000047 1.000047 1.000047 1.000047 1.000047 1.000047 1.000047 1.000047 1.000047 1.000047 1.000047 1.000047 1.000047 1.000047 1.000047 1.000047 1.000047 1.000047 1.000047 1.000047 1.000047 1.000047 1.000047 1.000047 1.000047 1.000047 1.000047 1.000047 1.000047 1.000047 1.000047 1.000047 1.000047 1.000047 1.000047 1.000047 1.000047 1.000047 1.000047 1.000047 1.000047 1.000047 1.000047 1.000047 1.000047 1.000047 1.000047 1.000047 1.000047 1.000047 1.000047 1.000047 1.000047 1.000047 1.000047 1.000047 1.000047 1.000047 1.000047 1.000047 1.000047 1.000047 1.000047 1.000047 1.000047 1.000047 1.000047 1.000047 1.000047 1.000047 1.000047 1.000047 1.000047 1.000047 1.000047 1.000047 1.000047 1.000047 1.000047 1.000047 1.000047 1.000047 1.000047 1.000047 1.000047 1.000047 1.000047 1.000047 1.000047 1.000047 1.000047 1.000047 1.000047 1.000047 1.000047 1.000047 1.000047 1.000047 1.000047 1.000047 1.000047 1.000047 1.000047 1.000047 1.000047 1.000047 1.000047 1.000047 1.000047 1.000047 1.000047 1.000047 1.000047 1.000047 1.000047 1.000047 1.000047 1.000047 1.000047 1.000047 1.000047 1.000047 1.000047 1.000047 1.000047 1.000047 1.000047 1.000047 1.000047 1.000047 1.000047 1.000047 1.000047 1.000047 1.000047 1.000047 1.000047 1.000047 1.000047 1.000047 1.000047 1.000047 1.000047 1.000000
1.000000 1.000047 1.000047 1.000047 1.000047 1.000047 1.000047 1.000047 1.000047 1.000047 1.000047 1.000047 1.000047 1.000047 1.000047 1.000047 1.000047 1.000047 1.000047 1.000047 1.000047 1.000047 1.000047 1.000047 1.000047 1.000047 1.000047 1.000047 1.000047 1.000047 1.000047 1.000047 1.000047 1.000047 1.000047 1.000047 1.000047 1.000047 1.000047 1.000047 1.000047 1.000047 1.000047 1.000047 1.000047 1.000047 1.000047 1.000047 1.000047 1.000047 1.000047 1.000047 1.000047 1.000047 1.000047 1.000047 1.000047 1.000047 1.000047 1.000047 1.000047 1.000047 1.000047 1.000047 1.000047 1.000047 1.000047 1.000047 1.000047 1.000047 1.000047 1.000047 1.000047 1.000047 1.000047 1.000047 1.000047 1.000047 1.000047 1.000047 1.000047 1.000047 1.000047 1.000047 1.000047 1.000047 1.000047 1.000047 1.000047 1.000047 1.000047 1.000047 1.000047 1.000047 1.000047 1.000047 1.000047 1.000047 1.000047 1.000047 1.000047 1.000047 1.000047 1.000047 1.000047 1.000047 1.000047 1.000047 1.000047 1.000047 1.000047 1.000047 1.000047 1.000047 1.000047 1.000047 1.000047 1.000047 1.000047 1.000047 1.000047 1.000047 1.000047 1.000047 1.000047 1.000047 1.000047 1.000047 1.000047 1.000047 1.000047 1.000047 1.000047 1.000047 1.000047 1.000047 1.000047 1.000047 1.000047 1.000047 1.000047 1.000047 1.000047 1.000047 1.000047 1.000047 1.000047 1.000047 1.000047 1.000047 1.000047 1.000047 1.000047 1.000047 1.000047 1.000047 1.000047 1.000047 1.000047 1.000047 1.000047 1.000047 1.000047 1.000047 1.000047 1.000047 1.000047 1.000047 1.000047 1.000047 1.000047 1.000047 1.000047 1.000047 1.000047 1.000047 1.000047 1.000047 1.000047 1.000047 1.000047 1.000047 1.000047 1.000047 1.000047 1.000047 1.000047 1.000047 1.000047 1.000047 1.000047 1.000047 1.000047 1.000047 1.000047 1.000047 1.000047 1.000047 1.000047 1.000047 1.000047 1.000000
1.000000 1.000047 1.000047 1.000047 1.000047 1.000047 1.000047 1.000047 1.000047 1.000047 1.000047 1.000047 1.000047 1.000047 1.000047 1.000047 1.000047 1.000047 1.000047 1.000047 1.000047 1.000047 1.000047 1.000047 1.000047 1.000047 1.000047 1.000047 1.000047 1.000047 1.000047 1.000047 1.000047 1.000047 1.000047 1.000047 1.000047 1.000047 1.000047 1.000047 1.000047 1.000047 1.000047 1.000047 1.000047 1.000047 1.000047 1.000047 1.000047 1.000047 1.000047 1.000047 1.000047 1.000047 1.000047 1.000047 1.000047 1.000047 1.000047 1.000047 1.000047 1.000047 1.000047 1.000047 1.000047 1.000047 1.000047 1.000047 1.000047 1.000047 1.000047 1.000047 1.000047 1.000047 1.000047 1.000047 1.000047 1.000047 1.000047 1.000047 1.000047 1.000047 1.000047 1.000047 1.000047 1.000047 1.000047 1.000047 1.000047 1.000047 1.000047 1.000047 1.000047 1.000047 1.000047 1.000047 1.000047 1.000047 1.000047 1.000047 1.000047 1.000047 1.000047 1.000047 1.000047 1.000047 1.000047 1.000047 1.000047 1.000047 1.000047 1.000047 1.000047 1.000047 1.000047 1.000047 1.000047 1.000047 1.000047 1.000047 1.000047 1.000047 1.000047 1.000047 1.000047 1.000047 1.000047 1.000047 1.000047 1.000047 1.000047 1.000047 1.000047 1.000047 1.000047 1.000047 1.000047 1.000047 1.000047 1.000047 1.000047 1.000047 1.000047 1.000047 1.000047 1.000047 1.000047 1.000047 1.000047 1.000047 1.000047 1.000047 1.000047 1.000047 1.000047 1.000047 1.000047 1.000047 1.000047 1.000047 1.000047 1.000047 1.000047 1.000047 1.000047 1.000047 1.000047 1.000047 1.000047 1.000047 1.000047 1.000047 1.000047 1.000047 1.000047 1.000047 1.000047 1.000047 1.000047 1.000047 1.000047 1.000047 1.000047 1.000047 1.000047 1.000047 1.000047 1.000047 1.000047 1.000047 1.000047 1.000047 1.000047 1.000047 1.000047 1.000047 1.000047 1.000047 1.000047 1.000047 1.000047 1.000000
1.000000 1.000047 1.000047 1.000047 1.000047 1.000047 1.000047 1.000047 1.000047 1.000047 1.000047 1.000047 1.000047 1.000047 1.000047 1.000047 1.000047 1.000047 1.000047 1.000047 1.000047 1.000047 1.000047 1.000047 1.000047 1.000047 1.000047 1.000047 1.000047 1.000047 1.000047 1.000047 1.000047 1.000047 1.000047 1.000047 1.000047 1.000047 1.000047 1.000047 1.000047 1.000047 1.000047 1.000047 1.000047 1.000047 1.000047 1.000047 1.000047 1.000047 1.000047 1.000047 1.000047 1.000047 1.000047 1.000047 1.000047 1.000047 1.000047 1.000047 1.000047 1.000047 1.000047 1.000047 1.000047 1.000047 1.000047 1.000047 1.000047 1.000047 1.000047 1.000047 1.000047 1.000047 1.000047 1.000047 1.000047 1.000047 1.000047 1.000047 1.000047 1.000047 1.000047 1.000047 1.000047 1.000047 1.000047 1.000047 1.000047 1.000047 1.000047 1.000047 1.000047 1.000047 1.000047 1.000047 1.000047 1.000047 1.000047 1.000047 1.000047 1.000047 1.000047 1.000047 1.000047 1.000047 1.000047 1.000047 1.000047 1.000047 1.000047 1.000047 1.000047 1.000047 1.000047 1.000047 1.000047 1.000047 1.000047 1.000047 1.000047 1.000047 1.000047 1.000047 1.000047 1.000047 1.000047 1.000047 1.000047 1.000047 1.000047 1.000047 1.000047 1.000047 1.000047 1.000047 1.000047 1.000047 1.000047 1.000047 1.000047 1.000047 1.000047 1.000047 1.000047 1.000047 1.000047 1.000047 1.000047 1.000047 1.000047 1.000047 1.000047 1.000047 1.000047 1.000047 1.000047 1.000047 1.000047 1.000047 1.000047 1.000047 1.000047 1.000047 1.000047 1.000047 1.000047 1.000047 1.000047 1.000047 1.000047 1.000047 1.000047 1.000047 1.000047 1.000047 1.000047 1.000047 1.000047 1.000047 1.000047 1.000047 1.000047 1.000047 1.000047 1.000047 1.000047 1.000047 1.000047 1.000047 1.000047 1.000047 1.000047 1.000047 1.000047 1.000047 1.000047 1.000047 1.000047 1.000047 1.000047 1.000000
1.000000 1.000047 1.000047 1.000047 1.000047 1.000047 1.000047 1.000047 1.000047 1.000047 1.000047 1.000047 1.000047 1.000047 1.000047 1.000047 1.000047 1.000047 1.000047 1.000047 1.000047 1.000047 1.000047 1.000047 1.000047 1.000047 1.000047 1.000047 1.000047 1.000047 1.000047 1.000047 1.000047 1.000047 1.000047 1.000047 1.000047 1.000047 1.000047 1.000047 1.000047 1.000047 1.000047 1.000047 1.000047 1.000047 1.000047 1.000047 1.000047 1.000047 1.000047 1.000047 1.000047 1.000047 1.000047 1.000047 1.000047 1.000047 1.000047 1.000047 1.000047 1.000047 1.000047 1.000047 1.000047 1.000047 1.000047 1.000047 1.000047 1.000047 1.000047 1.000047 1.000047 1.000047 1.000047 1.000047 1.000047 1.000047 1.000047 1.000047 1.000047 1.000047 1.000047 1.000047 1.000047 1.000047 1.000047 1.000047 1.000047 1.000047 1.000047 1.000047 1.000047 1.000047 1.000047 1.000047 1.000047 1.000047 1.000047 1.000047 1.000047 1.000047 1.000047 1.000047 1.000047 1.000047 1.000047 1.000047 1.000047 1.000047 1.000047 1.000047 1.000047 1.000047 1.000047 1.000047 1.000047 1.000047 1.000047 1.000047 1.000047 1.000047 1.000047 1.000047 1.000047 1.000047 1.000047 1.000047 1.000047 1.000047 1.000047 1.000047 1.000047 1.000047 1.000047 1.000047 1.000047 1.000047 1.000047 1.000047 1.000047 1.000047 1.000047 1.000047 1.000047 1.000047 1.000047 1.000047 1.000047 1.000047 1.000047 1.000047 1.000047 1.000047 1.000047 1.000047 1.000047 1.000047 1.000047 1.000047 1.000047 1.000047 1.000047 1.000047 1.000047 1.000047 1.000047 1.000047 1.000047 1.000047 1.000047 1.000047 1.000047 1.000047 1.000047 1.000047 1.000047 1.000047 1.000047 1.000047 1.000047 1.000047 1.000047 1.000047 1.000047 1.000047 1.000047 1.000047 1.000047 1.000047 1.000047 1.000047 1.000047 1.000047 1.000047 1.000047 1.000047 1.000047 1.000047 1.000047 1.000047 1.000000
1.000000 1.000047 1.000047 1.000047 1.000047 1.000047 1.000047 1.000047 1.000047 1.000047 1.000047 1.000047 1.000047 1.000047 1.000047 1.000047 1.000047 1.000047 1.000047 1.000047 1.000047 1.000047 1.000047 1.000047 1.000047 1.000047 1.000047 1.000047 1.000047 1.000047 1.000047 1.000047 1.000047 1.000047 1.000047 1.000047 1.000047 1.000047 1.000047 1.000047 1.000047 1.000047 1.000047 1.000047 1.000047 1.000047 1.000047 1.000047 1.000047 1.000047 1.000047 1.000047 1.000047 1.000047 1.000047 1.000047 1.000047 1.000047 1.000047 1.000047 1.000047 1.000047 1.000047 1.000047 1.000047 1.000047 1.000047 1.000047 1.000047 1.000047 1.000047 1.000047 1.000047 1.000047 1.000047 1.000047 1.000047 1.000047 1.000047 1.000047 1.000047 1.000047 1.000047 1.000047 1.000047 1.000047 1.000047 1.000047 1.000047 1.000047 1.000047 1.000047 1.000047 1.000047 1.000047 1.000047 1.000047 1.000047 1.000047 1.000047 1.000047 1.000047 1.000047 1.000047 1.000047 1.000047 1.000047 1.000047 1.000047 1.000047 1.000047 1.000047 1.000047 1.000047 1.000047 1.000047 1.000047 1.000047 1.000047 1.000047 1.000047 1.000047 1.000047 1.000047 1.000047 1.000047 1.000047 1.000047 1.000047 1.000047 1.000047 1.000047 1.000047 1.000047 1.000047 1.000047 1.000047 1.000047 1.000047 1.000047 1.000047 1.000047 1.000047 1.000047 1.000047 1.000047 1.000047 1.000047 1.000047 1.000047 1.000047 1.000047 1.000047 1.000047 1.000047 1.000047 1.000047 1.000047 1.000047 1.000047 1.000047 1.000047 1.000047 1.000047 1.000047 1.000047 1.000047 1.000047 1.000047 1.000047 1.000047 1.000047 1.000047 1.000047 1.000047 1.000047 1.000047 1.000047 1.000047 1.000047 1.000047 1.000047 1.000047 1.000047 1.000047 1.000047 1.000047 1.000047 1.000047 1.000047 1.000047 1.000047 1.000047 1.000047 1.000047 1.000047 1.000047 1.000047 1.000047 1.000047 1.000047 1.000000
1.000000 1.000047 1.000047 1.000047 1.000047 1.000047 1.000047 1.000047 1.000047 1.000047 1.000047 1.000047 1.000047 1.000047 1.000047 1.000047 1.000047 1.000047 1.000047 1.000047 1.000047 1.000047 1.000047 1.000047 1.000047 1.000047 1.000047 1.000047 1.000047 1.000047 1.000047 1.000047 1.000047 1.000047 1.000047 1.000047 1.000047 1.000047 1.000047 1.000047 1.000047 1.000047 1.000047 1.000047 1.000047 1.000047 1.000047 1.000047 1.000047 1.000047 1.000047 1.000047 1.000047 1.000047 1.000047 1.000047 1.000047 1.000047 1.000047 1.000047 1.000047 1.000047 1.000047 1.000047 1.000047 1.000047 1.000047 1.000047 1.000047 1.000047 1.000047 1.000047 1.000047 1.000047 1.000047 1.000047 1.000047 1.000047 1.000047 1.000047 1.000047 1.000047 1.000047 1.000047 1.000047 1.000047 1.000047 1.000047 1.000047 1.000047 1.000047 1.000047 1.000047 1.000047 1.000047 1.000047 1.000047 1.000047 1.000047 1.000047 1.000047 1.000047 1.000047 1.000047 1.000047 1.000047 1.000047 1.000047 1.000047 1.000047 1.000047 1.000047 1.000047 1.000047 1.000047 1.000047 1.000047 1.000047 1.000047 1.000047 1.000047 1.000047 1.000047 1.000047 1.000047 1.000047 1.000047 1.000047 1.000047 1.000047 1.000047 1.000047 1.000047 1.000047 1.000047 1.000047 1.000047 1.000047 1.000047 1.000047 1.000047 1.000047 1.000047 1.000047 1.000047 1.000047 1.000047 1.000047 1.000047 1.000047 1.000047 1.000047 1.000047 1.000047 1.000047 1.000047 1.000047 1.000047 1.000047 1.000047 1.000047 1.000047 1.000047 1.000047 1.000047 1.000047 1.000047 1.000047 1.000047 1.000047 1.000047 1.000047 1.000047 1.000047 1.000047 1.000047 1.000047 1.000047 1.000047 1.000047 1.000047 1.000047 1.000047 1.000047 1.000047 1.000047 1.000047 1.000047 1.000047 1.000047 1.000047 1.000047 1.000047 1.000047 1.000047 1.000047 1.000047 1.000047 1.000047 1.000047 1.000047 1.000000
1.000000 1.000047 1.000047 1.000047 1.000047 1.000047 1.000047 1.000047 1.000047 1.000047 1.000047 1.000047 1.000047 1.000047 1.000047 1.000047 1.000047 1.000047 1.000047 1.000047 1.000047 1.000047 1.000047 1.000047 1.000047 1.000047 1.000047 1.000047 1.000047 1.000047 1.000047 1.000047 1.000047 1.000047 1.000047 1.000047 1.000047 1.000047 1.000047 1.000047 1.000047 1.000047 1.000047 1.000047 1.000047 1.000047 1.000047 1.000047 1.000047 1.000047 1.000047 1.000047 1.000047 1.000047 1.000047 1.000047 1.000047 1.000047 1.000047 1.000047 1.000047 1.000047 1.000047 1.000047 1.000047 1.000047 1.000047 1.000047 1.000047 1.000047 1.000047 1.000047 1.000047 1.000047 1.000047 1.000047 1.000047 1.000047 1.000047 1.000047 1.000047 1.000047 1.000047 1.000047 1.000047 1.000047 1.000047 1.000047 1.000047 1.000047 1.000047 1.000047 1.000047 1.000047 1.000047 1.000047 1.000047 1.000047 1.000047 1.000047 1.000047 1.000047 1.000047 1.000047 1.000047 1.000047 1.000047 1.000047 1.000047 1.000047 1.000047 1.000047 1.000047 1.000047 1.000047 1.000047 1.000047 1.000047 1.000047 1.000047 1.000047 1.000047 1.000047 1.000047 1.000047 1.000047 1.000047 1.000047 1.000047 1.000047 1.000047 1.000047 1.000047 1.000047 1.000047 1.000047 1.000047 1.000047 1.000047 1.000047 1.000047 1.000047 1.000047 1.000047 1.000047 1.000047 1.000047 1.000047 1.000047 1.000047 1.000047 1.000047 1.000047 1.000047 1.000047 1.000047 1.000047 1.000047 1.000047 1.000047 1.000047 1.000047 1.000047 1.000047 1.000047 1.000047 1.000047 1.000047 1.000047 1.000047 1.000047 1.000047 1.000047 1.000047 1.000047 1.000047 1.000047 1.000047 1.000047 1.000047 1.000047 1.000047 1.000047 1.000047 1.000047 1.000047 1.000047 1.000047 1.000047 1.000047 1.000047 1.000047 1.000047 1.000047 1.000047 1.000047 1.000047 1.000047 1.000047 1.000047 1.000047 1.000000
1.000000 1.000047 1.000047 1.000047 1.000047 1.000047 1.000047 1.000047 1.000047 1.000047 1.000047 1.000047 1.000047 1.000047 1.000047 1.000047 1.000047 1.000047 1.000047 1.000047 1.000047 1.000047 1.000047 1.000047 1.000047 1.000047 1.000047 1.000047 1.000047 1.000047 1.000047 1.000047 1.000047 1.000047 1.000047 1.000047 1.000047 1.000047 1.000047 1.000047 1.000047 1.000047 1.000047 1.000047 1.000047 1.000047 1.000047 1.000047 1.000047 1.000047 1.000047 1.000047 1.000047 1.000047 1.000047 1.000047 1.000047 1.000047 1.000047 1.000047 1.000047 1.000047 1.000047 1.000047 1.000047 1.000047 1.000047 1.000047 1.000047 1.000047 1.000047 1.000047 1.000047 1.000047 1.000047 1.000047 1.000047 1.000047 1.000047 1.000047 1.000047 1.000047 1.000047 1.000047 1.000047 1.000047 1.000047 1.000047 1.000047 1.000047 1.000047 1.000047 1.000047 1.000047 1.000047 1.000047 1.000047 1.000047 1.000047 1.000047 1.000047 1.000047 1.000047 1.000047 1.000047 1.000047 1.000047 1.000047 1.000047 1.000047 1.000047 1.000047 1.000047 1.000047 1.000047 1.000047 1.000047 1.000047 1.000047 1.000047 1.000047 1.000047 1.000047 1.000047 1.000047 1.000047 1.000047 1.000047 1.000047 1.000047 1.000047 1.000047 1.000047 1.000047 1.000047 1.000047 1.000047 1.000047 1.000047 1.000047 1.000047 1.000047 1.000047 1.000047 1.000047 1.000047 1.000047 1.000047 1.000047 1.000047 1.000047 1.000047 1.000047 1.000047 1.000047 1.000047 1.000047 1.000047 1.000047 1.000047 1.000047 1.000047 1.000047 1.000047 1.000047 1.000047 1.000047 1.000047 1.000047 1.000047 1.000047 1.000047 1.000047 1.000047 1.000047 1.000047 1.000047 1.000047 1.000047 1.000047 1.000047 1.000047 1.000047 1.000047 1.000047 1.000047 1.000047 1.000047 1.000047 1.000047 1.000047 1.000047 1.000047 1.000047 1.000047 1.000047 1.000047 1.000047 1.000047 1.000047 1.000047 1.000000
1.000000 1.000047 1.000047 1.000047 1.000047 1.000047 1.000047 1.000047 1.000047 1.000047 1.000047 1.000047 1.000047 1.000047 1.000047 1.000047 1.000047 1.000047 1.000047 1.000047 1.000047 1.000047 1.000047 1.000047 1.000047 1.000047 1.000047 1.000047 1.000047 1.000047 1.000047 1.000047 1.000047 1.000047 1.000047 1.000047 1.000047 1.000047 1.000047 1.000047 1.000047 1.000047 1.000047 1.000047 1.000047 1.000047 1.000047 1.000047 1.000047 1.000047 1.000047 1.000047 1.000047 1.000047 1.000047 1.000047 1.000047 1.000047 1.000047 1.000047 1.000047 1.000047 1.000047 1.000047 1.000047 1.000047 1.000047 1.000047 1.000047 1.000047 1.000047 1.000047 1.000047 1.000047 1.000047 1.000047 1.000047 1.000047 1.000047 1.000047 1.000047 1.000047 1.000047 1.000047 1.000047 1.000047 1.000047 1.000047 1.000047 1.000047 1.000047 1.000047 1.000047 1.000047 1.000047 1.000047 1.000047 1.000047 1.000047 1.000047 1.000047 1.000047 1.000047 1.000047 1.000047 1.000047 1.000047 1.000047 1.000047 1.000047 1.000047 1.000047 1.000047 1.000047 1.000047 1.000047 1.000047 1.000047 1.000047 1.000047 1.000047 1.000047 1.000047 1.000047 1.000047 1.000047 1.000047 1.000047 1.000047 1.000047 1.000047 1.000047 1.000047 1.000047 1.000047 1.000047 1.000047 1.000047 1.000047 1.000047 1.000047 1.000047 1.000047 1.000047 1.000047 1.000047 1.000047 1.000047 1.000047 1.000047 1.000047 1.000047 1.000047 1.000047 1.000047 1.000047 1.000047 1.000047 1.000047 1.000047 1.000047 1.000047 1.000047 1.000047 1.000047 1.000047 1.000047 1.000047 1.000047 1.000047 1.000047 1.000047 1.000047 1.000047 1.000047 1.000047 1.000047 1.000047 1.000047 1.000047 1.000047 1.000047 1.000047 1.000047 1.000047 1.000047 1.000047 1.000047 1.000047 1.000047 1.000047 1.000047 1.000047 1.000047 1.000047 1.000047 1.000047 1.000047 1.000047 1.000047 1.000047 1.000000
1.000000 1.000047 1.000047 1.000047 1.000047 1.000047 1.000047 1.000047 1.000047 1.000047 1.000047 1.000047 1.000047 1.000047 1.000047 1.000047 1.000047 1.000047 1.000047 1.000047 1.000047 1.000047 1.000047 1.000047 1.000047 1.000047 1.000047 1.000047 1.000047 1.000047 1.000047 1.000047 1.000047 1.000047 1.000047 1.000047 1.000047 1.000047 1.000047 1.000047 1.000047 1.000047 1.000047 1.000047 1.000047 1.000047 1.000047 1.000047 1.000047 1.000047 1.000047 1.000047 1.000047 1.000047 1.000047 1.000047 1.000047 1.000047 1.000047 1.000047 1.000047 1.000047 1.000047 1.000047 1.000047 1.000047 1.000047 1.000047 1.000047 1.000047 1.000047 1.000047 1.000047 1.000047 1.000047 1.000047 1.000047 1.000047 1.000047 1.000047 1.000047 1.000047 1.000047 1.000047 1.000047 1.000047 1.000047 1.000047 1.000047 1.000047 1.000047 1.000047 1.000047 1.000047 1.000047 1.000047 1.000047 1.000047 1.000047 1.000047 1.000047 1.000047 1.000047 1.000047 1.000047 1.000047 1.000047 1.000047 1.000047 1.000047 1.000047 1.000047 1.000047 1.000047 1.000047 1.000047 1.000047 1.000047 1.000047 1.000047 1.000047 1.000047 1.000047 1.000047 1.000047 1.000047 1.000047 1.000047 1.000047 1.000047 1.000047 1.000047 1.000047 1.000047 1.000047 1.000047 1.000047 1.000047 1.000047 1.000047 1.000047 1.000047 1.000047 1.000047 1.000047 1.000047 1.000047 1.000047 1.000047 1.000047 1.000047 1.000047 1.000047 1.000047 1.000047 1.000047 1.000047 1.000047 1.000047 1.000047 1.000047 1.000047 1.000047 1.000047 1.000047 1.000047 1.000047 1.000047 1.000047 1.000047 1.000047 1.000047 1.000047 1.000047 1.000047 1.000047 1.000047 1.000047 1.000047 1.000047 1.000047 1.000047 1.000047 1.000047 1.000047 1.000047 1.000047 1.000047 1.000047 1.000047 1.000047 1.000047 1.000047 1.000047 1.000047 1.000047 1.000047 1.000047 1.000047 1.000047 1.000047 1.000000
1.000000 1.000047 1.000047 1.000047 1.000047 1.000047 1.000047 1.000047 1.000047 1.000047 1.000047 1.000047 1.000047 1.000047 1.000047 1.000047 1.000047 1.000047 1.000047 1.000047 1.000047 1.000047 1.000047 1.000047 1.000047 1.000047 1.000047 1.000047 1.000047 1.000047 1.000047 1.000047 1.000047 1.000047 1.000047 1.000047 1.000047 1.000047 1.000047 1.000047 1.000047 1.000047 1.000047 1.000047 1.000047 1.000047 1.000047 1.000047 1.000047 1.000047 1.000047 1.000047 1.000047 1.000047 1.000047 1.000047 1.000047 1.000047 1.000047 1.000047 1.000047 1.000047 1.000047 1.000047 1.000047 1.000047 1.000047 1.000047 1.000047 1.000047 1.000047 1.000047 1.000047 1.000047 1.000047 1.000047 1.000047 1.000047 1.000047 1.000047 1.000047 1.000047 1.000047 1.000047 1.000047 1.000047 1.000047 1.000047 1.000047 1.000047 1.000047 1.000047 1.000047 1.000047 1.000047 1.000047 1.000047 1.000047 1.000047 1.000047 1.000047 1.000047 1.000047 1.000047 1.000047 1.000047 1.000047 1.000047 1.000047 1.000047 1.000047 1.000047 1.000047 1.000047 1.000047 1.000047 1.000047 1.000047 1.000047 1.000047 1.000047 1.000047 1.000047 1.000047 1.000047 1.000047 1.000047 1.000047 1.000047 1.000047 1.000047 1.000047 1.000047 1.000047 1.000047 1.000047 1.000047 1.000047 1.000047 1.000047 1.000047 1.000047 1.000047 1.000047 1.000047 1.000047 1.000047 1.000047 1.000047 1.000047 1.000047 1.000047 1.000047 1.000047 1.000047 1.000047 1.000047 1.000047 1.000047 1.000047 1.000047 1.000047 1.000047 1.000047 1.000047 1.000047 1.000047 1.000047 1.000047 1.000047 1.000047 1.000047 1.000047 1.000047 1.000047 1.000047 1.000047 1.000047 1.000047 1.000047 1.000047 1.000047 1.000047 1.000047 1.000047 1.000047 1.000047 1.000047 1.000047 1.000047 1.000047 1.000047 1.000047 1.000047 1.000047 1.000047 1.000047 1.000047 1.000047 1.000047 1.000047 1.000000
1.000000 1.000047 1.000047 1.000047 1.000047 1.000047 1.000047 1.000047 1.000047 1.000047 1.000047 1.000047 1.000047 1.000047 1.000047 1.000047 1.000047 1.000047 1.000047 1.000047 1.000047 1.000047 1.000047 1.000047 1.000047 1.000047 1.000047 1.000047 1.000047 1.000047 1.000047 1.000047 1.000047 1.000047 1.000047 1.000047 1.000047 1.000047 1.000047 1.000047 1.000047 1.000047 1.000047 1.000047 1.000047 1.000047 1.000047 1.000047 1.000047 1.000047 1.000047 1.000047 1.000047 1.000047 1.000047 1.000047 1.000047 1.000047 1.000047 1.000047 1.000047 1.000047 1.000047 1.000047 1.000047 1.000047 1.000047 1.000047 1.000047 1.000047 1.000047 1.000047 1.000047 1.000047 1.000047 1.000047 1.000047 1.000047 1.000047 1.000047 1.000047 1.000047 1.000047 1.000047 1.000047 1.000047 1.000047 1.000047 1.000047 1.000047 1.000047 1.000047 1.000047 1.000047 1.000047 1.000047 1.000047 1.000047 1.000047 1.000047 1.000047 1.000047 1.000047 1.000047 1.000047 1.000047 1.000047 1.000047 1.000047 1.000047 1.000047 1.000047 1.000047 1.000047 1.000047 1.000047 1.000047 1.000047 1.000047 1.000047 1.000047 1.000047 1.000047 1.000047 1.000047 1.000047 1.000047 1.000047 1.000047 1.000047 1.000047 1.000047 1.000047 1.000047 1.000047 1.000047 1.000047 1.000047 1.000047 1.000047 1.000047 1.000047 1.000047 1.000047 1.000047 1.000047 1.000047 1.000047 1.000047 1.000047 1.000047 1.000047 1.000047 1.000047 1.000047 1.000047 1.000047 1.000047 1.000047 1.000047 1.000047 1.000047 1.000047 1.000047 1.000047 1.000047 1.000047 1.000047 1.000047 1.000047 1.000047 1.000047 1.000047 1.000047 1.000047 1.000047 1.000047 1.000047 1.000047 1.000047 1.000047 1.000047 1.000047 1.000047 1.000047 1.000047 1.000047 1.000047 1.000047 1.000047 1.000047 1.000047 1.000047 1.000047 1.000047 1.000047 1.000047 1.000047 1.000047 1.000047 1.000047 1.000000
1.000000 1.000047 1.000047 1.000047 1.000047 1.000047 1.000047 1.000047 1.000047 1.000047 1.000047 1.000047 1.000047 1.000047 1.000047 1.000047 1.000047 1.000047 1.000047 1.000047 1.000047 1.000047 1.000047 1.000047 1.000047 1.000047 1.000047 1.000047 1.000047 1.000047 1.000047 1.000047 1.000047 1.000047 1.000047 1.000047 1.000047 1.000047 1.000047 1.000047 1.000047 1.000047 1.000047 1.000047 1.000047 1.000047 1.000047 1.000047 1.000047 1.000047 1.000047 1.000047 1.000047 1.000047 1.000047 1.000047 1.000047 1.000047 1.000047 1.000047 1.000047 1.000047 1.000047 1.000047 1.000047 1.000047 1.000047 1.000047 1.000047 1.000047 1.000047 1.000047 1.000047 1.000047 1.000047 1.000047 1.000047 1.000047 1.000047 1.000047 1.000047 1.000047 1.000047 1.000047 1.000047 1.000047 1.000047 1.000047 1.000047 1.000047 1.000047 1.000047 1.000047 1.000047 1.000047 1.000047 1.000047 1.000047 1.000047 1.000047 1.000047 1.000047 1.000047 1.000047 1.000047 1.000047 1.000047 1.000047 1.000047 1.000047 1.000047 1.000047 1.000047 1.000047 1.000047 1.000047 1.000047 1.000047 1.000047 1.000047 1.000047 1.000047 1.000047 1.000047 1.000047 1.000047 1.000047 1.000047 1.000047 1.000047 1.000047 1.000047 1.000047 1.000047 1.000047 1.000047 1.000047 1.000047 1.000047 1.000047 1.000047 1.000047 1.000047 1.000047 1.000047 1.000047 1.000047 1.000047 1.000047 1.000047 1.000047 1.000047 1.000047 1.000047 1.000047 1.000047 1.000047 1.000047 1.000047 1.000047 1.000047 1.000047 1.000047 1.000047 1.000047 1.000047 1.000047 1.000047 1.000047 1.000047 1.000047 1.000047 1.000047 1.000047 1.000047 1.000047 1.000047 1.000047 1.000047 1.000047 1.000047 1.000047 1.000047 1.000047 1.000047 1.000047 1.000047 1.000047 1.000047 1.000047 1.000047 1.000047 1.000047 1.000047 1.000047 1.000047 1.000047 1.000047 1.000047 1.000047 1.000047 1.000000
1.000000 1.000000 1.000000 1.000000 1.000000 1.000000 1.000000 1.000000 1.000000 1.000000 1.000000 1.000000 1.000000 1.000000 1.000000 1.000000 1.000000 1.000000 1.000000 1.000000 1.000000 1.000000 1.000000 1.000000 1.000000 1.000000 1.000000 1.000000 1.000000 1.000000 1.000000 1.000000 1.000000 1.000000 1.000000 1.000000 1.000000 1.000000 1.000000 1.000000 1.000000 1.000000 1.000000 1.000000 1.000000 1.000000 1.000000 1.000000 1.000000 1.000000 1.000000 1.000000 1.000000 1.000000 1.000000 1.000000 1.000000 1.000000 1.000000 1.000000 1.000000 1.000000 1.000000 1.000000 1.000000 1.000000 1.000000 1.000000 1.000000 1.000000 1.000000 1.000000 1.000000 1.000000 1.000000 1.000000 1.000000 1.000000 1.000000 1.000000 1.000000 1.000000 1.000000 1.000000 1.000000 1.000000 1.000000 1.000000 1.000000 1.000000 1.000000 1.000000 1.000000 1.000000 1.000000 1.000000 1.000000 1.000000 1.000000 1.000000 1.000000 1.000000 1.000000 1.000000 1.000000 1.000000 1.000000 1.000000 1.000000 1.000000 1.000000 1.000000 1.000000 1.000000 1.000000 1.000000 1.000000 1.000000 1.000000 1.000000 1.000000 1.000000 1.000000 1.000000 1.000000 1.000000 1.000000 1.000000 1.000000 1.000000 1.000000 1.000000 1.000000 1.000000 1.000000 1.000000 1.000000 1.000000 1.000000 1.000000 1.000000 1.000000 1.000000 1.000000 1.000000 1.000000 1.000000 1.000000 1.000000 1.000000 1.000000 1.000000 1.000000 1.000000 1.000000 1.000000 1.000000 1.000000 1.000000 1.000000 1.000000 1.000000 1.000000 1.000000 1.000000 1.000000 1.000000 1.000000 1.000000 1.000000 1.000000 1.000000 1.000000 1.000000 1.000000 1.000000 1.000000 1.000000 1.000000 1.000000 1.000000 1.000000 1.000000 1.000000 1.000000 1.000000 1.000000 1.000000 1.000000 1.000000 1.000000 1.000000 1.000000 1.000000 1.000000 1.000000 1.000000 1.000000 1.000000 1.000000 1.000000 1.000000
