0.015 0.092
0.000000 0.000000 0.000000 0.000000 0.000000 0.000000 0.000000 0.000000 0.000000 0.000000 0.000000 0.000000 0.000000 0.000000 0.000000 0.000000 0.000000 0.000000 0.000000 0.000000 0.000000 0.000000 0.000000 0.000000 0.000000 0.000000 0.000000 0.000000 0.000000 0.000000 0.000000 0.000000 0.000000 0.000000 0.000000 0.000000 0.000000 0.000000 0.000000 0.000000 0.000000 0.000000 0.000000 0.000000 0.000000 0.000000 0.000000 0.000000 0.000000 0.000000 0.000000 0.000000 0.000000 0.000000 0.000000 0.000000 0.000000 0.000000 0.000000 0.000000 0.000000 0.000000 0.000000 0.000000 0.000000 0.000000 0.000000 0.000000 0.000000 0.000000 0.000000 0.000000 0.000000 0.000000 0.000000 0.000000 0.000000 0.000000 0.000000 0.000000 0.000000 0.000000 0.000000 0.000000 0.000000 0.000000 0.000000 0.000000 0.000000 0.000000 0.000000 0.000000 0.000000 0.000000 0.000000 0.000000 0.000000 0.000000 0.000000 0.000000 0.000000 0.000000 0.000000 0.000000 0.000000 0.000000 0.000000 0.000000 0.000000 0.000000 0.000000 0.000000 0.000000 0.000000 0.000000 0.000000 0.000000 0.000000 0.000000 0.000000 0.000000 0.000000 0.000000 0.000000 0.000000 0.000000 0.000000 0.000000 0.000000 0.000000 0.000000 0.000000 0.000000 0.000000 0.000000 0.000000 0.000000 0.000000 0.000000 0.000000 0.000000 0.000000 0.000000 0.000000 0.000000 0.000000 0.000000 0.000000 0.000000 0.000000 0.000000 0.000000 0.000000 0.000000 0.000000 0.000000 0.000000 0.000000 0.000000 0.000000 0.000000 0.000000 0.000000 0.000000 0.000000 0.000000 0.000000 0.000000 0.000000 0.000000 0.000000 0.000000 0.000000 0.000000 0.000000 0.000000 0.000000 0.000000 0.000000 0.000000 0.000000 0.000000 0.000000 0.000000 0.000000 0.000000 0.000000 0.000000 0.000000 0.000000 0.000000 0.000000 0.000000 0.000000 0.000000 0.000000 0.000000 0.000000 0.000000 0.000000 0.000000 0.000000
0.000000 0.000261 0.000268 0.000245 0.000223 0.000206 0.000193 0.000184 0.000177 0.000171 0.000166 0.000163 0.000160 0.000158 0.000156 0.000155 0.000154 0.000153 0.000152 0.000151 0.000151 0.000151 0.000150 0.000150 0.000150 0.000150 0.000150 0.000150 0.000149 0.000149 0.000149 0.000149 0.000149 0.000149 0.000149 0.000149 0.000149 0.000149 0.000149 0.000149 0.000149 0.000149 0.000149 0.000149 0.000149 0.000149 0.000149 0.000149 0.000149 0.000149 0.000149 0.000149 0.000149 0.000149 0.000149 0.000149 0.000149 0.000149 0.000149 0.000149 0.000149 0.000149 0.000149 0.000149 0.000149 0.000149 0.000149 0.000149 0.000149 0.000149 0.000149 0.000149 0.000149 0.000149 0.000149 0.000149 0.000149 0.000149 0.000149 0.000149 0.000149 0.000149 0.000149 0.000149 0.000149 0.000149 0.000149 0.000149 0.000149 0.000149 0.000149 0.000149 0.000149 0.000149 0.000149 0.000149 0.000149 0.000149 0.000149 0.000149 0.000149 0.000149 0.000149 0.000149 0.000149 0.000149 0.000149 0.000149 0.000149 0.000149 0.000149 0.000149 0.000149 0.000149 0.000149 0.000149 0.000149 0.000149 0.000149 0.000149 0.000149 0.000149 0.000149 0.000149 0.000149 0.000149 0.000149 0.000149 0.000149 0.000149 0.000149 0.000149 0.000149 0.000149 0.000149 0.000149 0.000149 0.000149 0.000149 0.000149 0.000149 0.000149 0.000149 0.000149 0.000149 0.000149 0.000149 0.000149 0.000149 0.000149 0.000149 0.000149 0.000149 0.000149 0.000149 0.000149 0.000149 0.000149 0.000149 0.000149 0.000149 0.000149 0.000149 0.000149 0.000149 0.000149 0.000149 0.000149 0.000149 0.000149 0.000149 0.000149 0.000149 0.000149 0.000150 0.000150 0.000150 0.000150 0.000150 0.000150 0.000151 0.000151 0.000151 0.000152 0.000153 0.000154 0.000155 0.000156 0.000158 0.000160 0.000163 0.000166 0.000171 0.000177 0.000184 0.000193 0.000206 0.000223 0.000245 0.000268 0.000261 0.000000
0.000000 0.000311 0.000342 0.000324 0.000303 0.000287 0.000275 0.000266 0.000259 0.000254 0.000250 0.000247 0.000244 0.000242 0.000240 0.000239 0.000238 0.000237 0.000237 0.000236 0.000236 0.000236 0.000235 0.000235 0.000235 0.000235 0.000235 0.000235 0.000235 0.000235 0.000235 0.000235 0.000235 0.000235 0.000235 0.000234 0.000234 0.000234 0.000234 0.000234 0.000234 0.000234 0.000234 0.000234 0.000234 0.000234 0.000234 0.000234 0.000234 0.000234 0.000234 0.000234 0.000234 0.000234 0.000234 0.000234 0.000234 0.000234 0.000234 0.000234 0.000234 0.000234 0.000234 0.000234 0.000234 0.000234 0.000234 0.000234 0.000234 0.000234 0.000234 0.000234 0.000234 0.000234 0.000234 0.000234 0.000234 0.000234 0.000234 0.000234 0.000234 0.000234 0.000234 0.000234 0.000234 0.000234 0.000234 0.000234 0.000234 0.000234 0.000234 0.000234 0.000234 0.000234 0.000234 0.000234 0.000234 0.000234 0.000234 0.000234 0.000234 0.000234 0.000234 0.000234 0.000234 0.000234 0.000234 0.000234 0.000234 0.000234 0.000234 0.000234 0.000234 0.000234 0.000234 0.000234 0.000234 0.000234 0.000234 0.000234 0.000234 0.000234 0.000234 0.000234 0.000234 0.000234 0.000234 0.000234 0.000234 0.000234 0.000234 0.000234 0.000234 0.000234 0.000234 0.000234 0.000234 0.000234 0.000234 0.000234 0.000234 0.000234 0.000234 0.000234 0.000234 0.000234 0.000234 0.000234 0.000234 0.000234 0.000234 0.000234 0.000234 0.000234 0.000234 0.000234 0.000234 0.000234 0.000234 0.000234 0.000234 0.000234 0.000234 0.000234 0.000234 0.000234 0.000234 0.000235 0.000235 0.000235 0.000235 0.000235 0.000235 0.000235 0.000235 0.000235 0.000235 0.000235 0.000235 0.000235 0.000236 0.000236 0.000236 0.000237 0.000237 0.000238 0.000239 0.000240 0.000242 0.000244 0.000247 0.000250 0.000254 0.000259 0.000266 0.000275 0.000287 0.000303 0.000324 0.000342 0.000311 0.000000
0.000115 0.000339 0.000375 0.000366 0.000350 0.000338 0.000330 0.000323 0.000318 0.000315 0.000312 0.000310 0.000308 0.000307 0.000305 0.000305 0.000304 0.000303 0.000303 0.000303 0.000302 0.000302 0.000302 0.000302 0.000302 0.000302 0.000302 0.000302 0.000302 0.000301 0.000301 0.000301 0.000301 0.000301 0.000301 0.000301 0.000301 0.000301 0.000301 0.000301 0.000301 0.000301 0.000301 0.000301 0.000301 0.000301 0.000301 0.000301 0.000301 0.000301 0.000301 0.000301 0.000301 0.000301 0.000301 0.000301 0.000301 0.000301 0.000301 0.000301 0.000301 0.000301 0.000301 0.000301 0.000301 0.000301 0.000301 0.000301 0.000301 0.000301 0.000301 0.000301 0.000301 0.000301 0.000301 0.000301 0.000301 0.000301 0.000301 0.000301 0.000301 0.000301 0.000301 0.000301 0.000301 0.000301 0.000301 0.000301 0.000301 0.000301 0.000301 0.000301 0.000301 0.000301 0.000301 0.000301 0.000301 0.000301 0.000301 0.000301 0.000301 0.000301 0.000301 0.000301 0.000301 0.000301 0.000301 0.000301 0.000301 0.000301 0.000301 0.000301 0.000301 0.000301 0.000301 0.000301 0.000301 0.000301 0.000301 0.000301 0.000301 0.000301 0.000301 0.000301 0.000301 0.000301 0.000301 0.000301 0.000301 0.000301 0.000301 0.000301 0.000301 0.000301 0.000301 0.000301 0.000301 0.000301 0.000301 0.000301 0.000301 0.000301 0.000301 0.000301 0.000301 0.000301 0.000301 0.000301 0.000301 0.000301 0.000301 0.000301 0.000301 0.000301 0.000301 0.000301 0.000301 0.000301 0.000301 0.000301 0.000301 0.000301 0.000301 0.000301 0.000301 0.000301 0.000301 0.000301 0.000301 0.000301 0.000301 0.000301 0.000301 0.000302 0.000302 0.000302 0.000302 0.000302 0.000302 0.000302 0.000302 0.000302 0.000303 0.000303 0.000303 0.000304 0.000305 0.000305 0.000307 0.000308 0.000310 0.000312 0.000315 0.000318 0.000323 0.000330 0.000338 0.000350 0.000366 0.000375 0.000339 0.000115
0.000135 0.000359 0.000396 0.000391 0.000381 0.000372 0.000366 0.000362 0.000359 0.000356 0.000355 0.000353 0.000352 0.000351 0.000350 0.000350 0.000349 0.000349 0.000349 0.000349 0.000348 0.000348 0.000348 0.000348 0.000348 0.000348 0.000348 0.000348 0.000348 0.000348 0.000348 0.000348 0.000348 0.000348 0.000348 0.000348 0.000348 0.000348 0.000348 0.000348 0.000348 0.000348 0.000348 0.000348 0.000348 0.000348 0.000348 0.000348 0.000348 0.000348 0.000348 0.000348 0.000348 0.000348 0.000348 0.000348 0.000348 0.000348 0.000348 0.000348 0.000348 0.000348 0.000348 0.000348 0.000348 0.000348 0.000348 0.000348 0.000348 0.000348 0.000348 0.000348 0.000348 0.000348 0.000348 0.000348 0.000348 0.000348 0.000348 0.000348 0.000348 0.000348 0.000348 0.000348 0.000348 0.000348 0.000348 0.000348 0.000348 0.000348 0.000348 0.000348 0.000348 0.000348 0.000348 0.000348 0.000348 0.000348 0.000348 0.000348 0.000348 0.000348 0.000348 0.000348 0.000348 0.000348 0.000348 0.000348 0.000348 0.000348 0.000348 0.000348 0.000348 0.000348 0.000348 0.000348 0.000348 0.000348 0.000348 0.000348 0.000348 0.000348 0.000348 0.000348 0.000348 0.000348 0.000348 0.000348 0.000348 0.000348 0.000348 0.000348 0.000348 0.000348 0.000348 0.000348 0.000348 0.000348 0.000348 0.000348 0.000348 0.000348 0.000348 0.000348 0.000348 0.000348 0.000348 0.000348 0.000348 0.000348 0.000348 0.000348 0.000348 0.000348 0.000348 0.000348 0.000348 0.000348 0.000348 0.000348 0.000348 0.000348 0.000348 0.000348 0.000348 0.000348 0.000348 0.000348 0.000348 0.000348 0.000348 0.000348 0.000348 0.000348 0.000348 0.000348 0.000348 0.000348 0.000348 0.000348 0.000348 0.000348 0.000349 0.000349 0.000349 0.000349 0.000350 0.000350 0.000351 0.000352 0.000353 0.000355 0.000356 0.000359 0.000362 0.000366 0.000372 0.000381 0.000391 0.000396 0.000359 0.000135
0.000145 0.000370 0.000410 0.000408 0.000400 0.000394 0.000390 0.000387 0.000385 0.000384 0.000382 0.000382 0.000381 0.000380 0.000380 0.000379 0.000379 0.000379 0.000379 0.000378 0.000378 0.000378 0.000378 0.000378 0.000378 0.000378 0.000378 0.000378 0.000378 0.000378 0.000378 0.000378 0.000378 0.000378 0.000378 0.000378 0.000378 0.000378 0.000378 0.000378 0.000378 0.000378 0.000378 0.000378 0.000378 0.000378 0.000378 0.000378 0.000378 0.000378 0.000378 0.000378 0.000378 0.000378 0.000378 0.000378 0.000378 0.000378 0.000378 0.000378 0.000378 0.000378 0.000378 0.000378 0.000378 0.000378 0.000378 0.000378 0.000378 0.000378 0.000378 0.000378 0.000378 0.000378 0.000378 0.000378 0.000378 0.000378 0.000378 0.000378 0.000378 0.000378 0.000378 0.000378 0.000378 0.000378 0.000378 0.000378 0.000378 0.000378 0.000378 0.000378 0.000378 0.000378 0.000378 0.000378 0.000378 0.000378 0.000378 0.000378 0.000378 0.000378 0.000378 0.000378 0.000378 0.000378 0.000378 0.000378 0.000378 0.000378 0.000378 0.000378 0.000378 0.000378 0.000378 0.000378 0.000378 0.000378 0.000378 0.000378 0.000378 0.000378 0.000378 0.000378 0.000378 0.000378 0.000378 0.000378 0.000378 0.000378 0.000378 0.000378 0.000378 0.000378 0.000378 0.000378 0.000378 0.000378 0.000378 0.000378 0.000378 0.000378 0.000378 0.000378 0.000378 0.000378 0.000378 0.000378 0.000378 0.000378 0.000378 0.000378 0.000378 0.000378 0.000378 0.000378 0.000378 0.000378 0.000378 0.000378 0.000378 0.000378 0.000378 0.000378 0.000378 0.000378 0.000378 0.000378 0.000378 0.000378 0.000378 0.000378 0.000378 0.000378 0.000378 0.000378 0.000378 0.000378 0.000378 0.000378 0.000378 0.000378 0.000378 0.000379 0.000379 0.000379 0.000379 0.000380 0.000380 0.000381 0.000382 0.000382 0.000384 0.000385 0.000387 0.000390 0.000394 0.000400 0.000408 0.000410 0.000370 0.000145
0.000152 0.000378 0.000419 0.000419 0.000413 0.000408 0.000405 0.000403 0.000402 0.000401 0.000400 0.000399 0.000399 0.000398 0.000398 0.000398 0.000398 0.000397 0.000397 0.000397 0.000397 0.000397 0.000397 0.000397 0.000397 0.000397 0.000397 0.000397 0.000397 0.000397 0.000397 0.000397 0.000397 0.000397 0.000397 0.000397 0.000397 0.000397 0.000397 0.000397 0.000397 0.000397 0.000397 0.000397 0.000397 0.000397 0.000397 0.000397 0.000397 0.000397 0.000397 0.000397 0.000397 0.000397 0.000397 0.000397 0.000397 0.000397 0.000397 0.000397 0.000397 0.000397 0.000397 0.000397 0.000397 0.000397 0.000397 0.000397 0.000397 0.000397 0.000397 0.000397 0.000397 0.000397 0.000397 0.000397 0.000397 0.000397 0.000397 0.000397 0.000397 0.000397 0.000397 0.000397 0.000397 0.000397 0.000397 0.000397 0.000397 0.000397 0.000397 0.000397 0.000397 0.000397 0.000397 0.000397 0.000397 0.000397 0.000397 0.000397 0.000397 0.000397 0.000397 0.000397 0.000397 0.000397 0.000397 0.000397 0.000397 0.000397 0.000397 0.000397 0.000397 0.000397 0.000397 0.000397 0.000397 0.000397 0.000397 0.000397 0.000397 0.000397 0.000397 0.000397 0.000397 0.000397 0.000397 0.000397 0.000397 0.000397 0.000397 0.000397 0.000397 0.000397 0.000397 0.000397 0.000397 0.000397 0.000397 0.000397 0.000397 0.000397 0.000397 0.000397 0.000397 0.000397 0.000397 0.000397 0.000397 0.000397 0.000397 0.000397 0.000397 0.000397 0.000397 0.000397 0.000397 0.000397 0.000397 0.000397 0.000397 0.000397 0.000397 0.000397 0.000397 0.000397 0.000397 0.000397 0.000397 0.000397 0.000397 0.000397 0.000397 0.000397 0.000397 0.000397 0.000397 0.000397 0.000397 0.000397 0.000397 0.000397 0.000397 0.000397 0.000397 0.000398 0.000398 0.000398 0.000398 0.000399 0.000399 0.000400 0.000401 0.000402 0.000403 0.000405 0.000408 0.000413 0.000419 0.000419 0.000378 0.000152
0.000156 0.000382 0.000424 0.000425 0.000420 0.000416 0.000414 0.000413 0.000412 0.000411 0.000410 0.000410 0.000410 0.000409 0.000409 0.000409 0.000409 0.000409 0.000409 0.000408 0.000408 0.000408 0.000408 0.000408 0.000408 0.000408 0.000408 0.000408 0.000408 0.000408 0.000408 0.000408 0.000408 0.000408 0.000408 0.000408 0.000408 0.000408 0.000408 0.000408 0.000408 0.000408 0.000408 0.000408 0.000408 0.000408 0.000408 0.000408 0.000408 0.000408 0.000408 0.000408 0.000408 0.000408 0.000408 0.000408 0.000408 0.000408 0.000408 0.000408 0.000408 0.000408 0.000408 0.000408 0.000408 0.000408 0.000408 0.000408 0.000408 0.000408 0.000408 0.000408 0.000408 0.000408 0.000408 0.000408 0.000408 0.000408 0.000408 0.000408 0.000408 0.000408 0.000408 0.000408 0.000408 0.000408 0.000408 0.000408 0.000408 0.000408 0.000408 0.000408 0.000408 0.000408 0.000408 0.000408 0.000408 0.000408 0.000408 0.000408 0.000408 0.000408 0.000408 0.000408 0.000408 0.000408 0.000408 0.000408 0.000408 0.000408 0.000408 0.000408 0.000408 0.000408 0.000408 0.000408 0.000408 0.000408 0.000408 0.000408 0.000408 0.000408 0.000408 0.000408 0.000408 0.000408 0.000408 0.000408 0.000408 0.000408 0.000408 0.000408 0.000408 0.000408 0.000408 0.000408 0.000408 0.000408 0.000408 0.000408 0.000408 0.000408 0.000408 0.000408 0.000408 0.000408 0.000408 0.000408 0.000408 0.000408 0.000408 0.000408 0.000408 0.000408 0.000408 0.000408 0.000408 0.000408 0.000408 0.000408 0.000408 0.000408 0.000408 0.000408 0.000408 0.000408 0.000408 0.000408 0.000408 0.000408 0.000408 0.000408 0.000408 0.000408 0.000408 0.000408 0.000408 0.000408 0.000408 0.000408 0.000408 0.000408 0.000408 0.000409 0.000409 0.000409 0.000409 0.000409 0.000409 0.000410 0.000410 0.000410 0.000411 0.000412 0.000413 0.000414 0.000416 0.000420 0.000425 0.000424 0.000382 0.000156
0.000159 0.000386 0.000428 0.000429 0.000424 0.000421 0.000419 0.000418 0.000417 0.000417 0.000417 0.000416 0.000416 0.000416 0.000416 0.000416 0.000415 0.000415 0.000415 0.000415 0.000415 0.000415 0.000415 0.000415 0.000415 0.000415 0.000415 0.000415 0.000415 0.000415 0.000415 0.000415 0.000415 0.000415 0.000415 0.000415 0.000415 0.000415 0.000415 0.000415 0.000415 0.000415 0.000415 0.000415 0.000415 0.000415 0.000415 0.000415 0.000415 0.000415 0.000415 0.000415 0.000415 0.000415 0.000415 0.000415 0.000415 0.000415 0.000415 0.000415 0.000415 0.000415 0.000415 0.000415 0.000415 0.000415 0.000415 0.000415 0.000415 0.000415 0.000415 0.000415 0.000415 0.000415 0.000415 0.000415 0.000415 0.000415 0.000415 0.000415 0.000415 0.000415 0.000415 0.000415 0.000415 0.000415 0.000415 0.000415 0.000415 0.000415 0.000415 0.000415 0.000415 0.000415 0.000415 0.000415 0.000415 0.000415 0.000415 0.000415 0.000415 0.000415 0.000415 0.000415 0.000415 0.000415 0.000415 0.000415 0.000415 0.000415 0.000415 0.000415 0.000415 0.000415 0.000415 0.000415 0.000415 0.000415 0.000415 0.000415 0.000415 0.000415 0.000415 0.000415 0.000415 0.000415 0.000415 0.000415 0.000415 0.000415 0.000415 0.000415 0.000415 0.000415 0.000415 0.000415 0.000415 0.000415 0.000415 0.000415 0.000415 0.000415 0.000415 0.000415 0.000415 0.000415 0.000415 0.000415 0.000415 0.000415 0.000415 0.000415 0.000415 0.000415 0.000415 0.000415 0.000415 0.000415 0.000415 0.000415 0.000415 0.000415 0.000415 0.000415 0.000415 0.000415 0.000415 0.000415 0.000415 0.000415 0.000415 0.000415 0.000415 0.000415 0.000415 0.000415 0.000415 0.000415 0.000415 0.000415 0.000415 0.000415 0.000415 0.000415 0.000415 0.000415 0.000416 0.000416 0.000416 0.000416 0.000416 0.000417 0.000417 0.000417 0.000418 0.000419 0.000421 0.000424 0.000429 0.000428 0.000386 0.000159
0.000160 0.000388 0.000430 0.000431 0.000427 0.000424 0.000422 0.000421 0.000421 0.000420 0.000420 0.000420 0.000420 0.000420 0.000419 0.000419 0.000419 0.000419 0.000419 0.000419 0.000419 0.000419 0.000419 0.000419 0.000419 0.000419 0.000419 0.000419 0.000419 0.000419 0.000419 0.000419 0.000419 0.000419 0.000419 0.000419 0.000419 0.000419 0.000419 0.000419 0.000419 0.000419 0.000419 0.000419 0.000419 0.000419 0.000419 0.000419 0.000419 0.000419 0.000419 0.000419 0.000419 0.000419 0.000419 0.000419 0.000419 0.000419 0.000419 0.000419 0.000419 0.000419 0.000419 0.000419 0.000419 0.000419 0.000419 0.000419 0.000419 0.000419 0.000419 0.000419 0.000419 0.000419 0.000419 0.000419 0.000419 0.000419 0.000419 0.000419 0.000419 0.000419 0.000419 0.000419 0.000419 0.000419 0.000419 0.000419 0.000419 0.000419 0.000419 0.000419 0.000419 0.000419 0.000419 0.000419 0.000419 0.000419 0.000419 0.000419 0.000419 0.000419 0.000419 0.000419 0.000419 0.000419 0.000419 0.000419 0.000419 0.000419 0.000419 0.000419 0.000419 0.000419 0.000419 0.000419 0.000419 0.000419 0.000419 0.000419 0.000419 0.000419 0.000419 0.000419 0.000419 0.000419 0.000419 0.000419 0.000419 0.000419 0.000419 0.000419 0.000419 0.000419 0.000419 0.000419 0.000419 0.000419 0.000419 0.000419 0.000419 0.000419 0.000419 0.000419 0.000419 0.000419 0.000419 0.000419 0.000419 0.000419 0.000419 0.000419 0.000419 0.000419 0.000419 0.000419 0.000419 0.000419 0.000419 0.000419 0.000419 0.000419 0.000419 0.000419 0.000419 0.000419 0.000419 0.000419 0.000419 0.000419 0.000419 0.000419 0.000419 0.000419 0.000419 0.000419 0.000419 0.000419 0.000419 0.000419 0.000419 0.000419 0.000419 0.000419 0.000419 0.000419 0.000419 0.000419 0.000420 0.000420 0.000420 0.000420 0.000420 0.000421 0.000421 0.000422 0.000424 0.000427 0.000431 0.000430 0.000388 0.000160
0.000161 0.000389 0.000431 0.000433 0.000428 0.000425 0.000424 0.000423 0.000422 0.000422 0.000422 0.000422 0.000422 0.000422 0.000422 0.000421 0.000421 0.000421 0.000421 0.000421 0.000421 0.000421 0.000421 0.000421 0.000421 0.000421 0.000421 0.000421 0.000421 0.000421 0.000421 0.000421 0.000421 0.000421 0.000421 0.000421 0.000421 0.000421 0.000421 0.000421 0.000421 0.000421 0.000421 0.000421 0.000421 0.000421 0.000421 0.000421 0.000421 0.000421 0.000421 0.000421 0.000421 0.000421 0.000421 0.000421 0.000421 0.000421 0.000421 0.000421 0.000421 0.000421 0.000421 0.000421 0.000421 0.000421 0.000421 0.000421 0.000421 0.000421 0.000421 0.000421 0.000421 0.000421 0.000421 0.000421 0.000421 0.000421 0.000421 0.000421 0.000421 0.000421 0.000421 0.000421 0.000421 0.000421 0.000421 0.000421 0.000421 0.000421 0.000421 0.000421 0.000421 0.000421 0.000421 0.000421 0.000421 0.000421 0.000421 0.000421 0.000421 0.000421 0.000421 0.000421 0.000421 0.000421 0.000421 0.000421 0.000421 0.000421 0.000421 0.000421 0.000421 0.000421 0.000421 0.000421 0.000421 0.000421 0.000421 0.000421 0.000421 0.000421 0.000421 0.000421 0.000421 0.000421 0.000421 0.000421 0.000421 0.000421 0.000421 0.000421 0.000421 0.000421 0.000421 0.000421 0.000421 0.000421 0.000421 0.000421 0.000421 0.000421 0.000421 0.000421 0.000421 0.000421 0.000421 0.000421 0.000421 0.000421 0.000421 0.000421 0.000421 0.000421 0.000421 0.000421 0.000421 0.000421 0.000421 0.000421 0.000421 0.000421 0.000421 0.000421 0.000421 0.000421 0.000421 0.000421 0.000421 0.000421 0.000421 0.000421 0.000421 0.000421 0.000421 0.000421 0.000421 0.000421 0.000421 0.000421 0.000421 0.000421 0.000421 0.000421 0.000421 0.000421 0.000421 0.000422 0.000422 0.000422 0.000422 0.000422 0.000422 0.000422 0.000423 0.000424 0.000425 0.000428 0.000433 0.000431 0.000389 0.000161
0.000162 0.000389 0.000432 0.000433 0.000429 0.000426 0.000424 0.000424 0.000423 0.000423 0.000423 0.000423 0.000423 0.000423 0.000423 0.000423 0.000422 0.000422 0.000422 0.000422 0.000422 0.000422 0.000422 0.000422 0.000422 0.000422 0.000422 0.000422 0.000422 0.000422 0.000422 0.000422 0.000422 0.000422 0.000422 0.000422 0.000422 0.000422 0.000422 0.000422 0.000422 0.000422 0.000422 0.000422 0.000422 0.000422 0.000422 0.000422 0.000422 0.000422 0.000422 0.000422 0.000422 0.000422 0.000422 0.000422 0.000422 0.000422 0.000422 0.000422 0.000422 0.000422 0.000422 0.000422 0.000422 0.000422 0.000422 0.000422 0.000422 0.000422 0.000422 0.000422 0.000422 0.000422 0.000422 0.000422 0.000422 0.000422 0.000422 0.000422 0.000422 0.000422 0.000422 0.000422 0.000422 0.000422 0.000422 0.000422 0.000422 0.000422 0.000422 0.000422 0.000422 0.000422 0.000422 0.000422 0.000422 0.000422 0.000422 0.000422 0.000422 0.000422 0.000422 0.000422 0.000422 0.000422 0.000422 0.000422 0.000422 0.000422 0.000422 0.000422 0.000422 0.000422 0.000422 0.000422 0.000422 0.000422 0.000422 0.000422 0.000422 0.000422 0.000422 0.000422 0.000422 0.000422 0.000422 0.000422 0.000422 0.000422 0.000422 0.000422 0.000422 0.000422 0.000422 0.000422 0.000422 0.000422 0.000422 0.000422 0.000422 0.000422 0.000422 0.000422 0.000422 0.000422 0.000422 0.000422 0.000422 0.000422 0.000422 0.000422 0.000422 0.000422 0.000422 0.000422 0.000422 0.000422 0.000422 0.000422 0.000422 0.000422 0.000422 0.000422 0.000422 0.000422 0.000422 0.000422 0.000422 0.000422 0.000422 0.000422 0.000422 0.000422 0.000422 0.000422 0.000422 0.000422 0.000422 0.000422 0.000422 0.000422 0.000422 0.000422 0.000422 0.000422 0.000423 0.000423 0.000423 0.000423 0.000423 0.000423 0.000423 0.000423 0.000424 0.000424 0.000426 0.000429 0.000433 0.000432 0.000389 0.000162
0.000162 0.000390 0.000432 0.000433 0.000429 0.000426 0.000425 0.000424 0.000424 0.000423 0.000423 0.000423 0.000423 0.000423 0.000423 0.000423 0.000423 0.000423 0.000423 0.000423 0.000423 0.000423 0.000423 0.000423 0.000423 0.000423 0.000423 0.000423 0.000423 0.000423 0.000423 0.000422 0.000422 0.000422 0.000422 0.000422 0.000422 0.000422 0.000422 0.000422 0.000422 0.000422 0.000422 0.000422 0.000422 0.000422 0.000422 0.000422 0.000422 0.000422 0.000422 0.000422 0.000422 0.000422 0.000422 0.000422 0.000422 0.000422 0.000422 0.000422 0.000422 0.000422 0.000422 0.000422 0.000422 0.000422 0.000422 0.000422 0.000422 0.000422 0.000422 0.000422 0.000422 0.000422 0.000422 0.000422 0.000422 0.000422 0.000422 0.000422 0.000422 0.000422 0.000422 0.000422 0.000422 0.000422 0.000422 0.000422 0.000422 0.000422 0.000422 0.000422 0.000422 0.000422 0.000422 0.000422 0.000422 0.000422 0.000422 0.000422 0.000422 0.000422 0.000422 0.000422 0.000422 0.000422 0.000422 0.000422 0.000422 0.000422 0.000422 0.000422 0.000422 0.000422 0.000422 0.000422 0.000422 0.000422 0.000422 0.000422 0.000422 0.000422 0.000422 0.000422 0.000422 0.000422 0.000422 0.000422 0.000422 0.000422 0.000422 0.000422 0.000422 0.000422 0.000422 0.000422 0.000422 0.000422 0.000422 0.000422 0.000422 0.000422 0.000422 0.000422 0.000422 0.000422 0.000422 0.000422 0.000422 0.000422 0.000422 0.000422 0.000422 0.000422 0.000422 0.000422 0.000422 0.000422 0.000422 0.000422 0.000422 0.000422 0.000422 0.000422 0.000422 0.000422 0.000422 0.000422 0.000422 0.000422 0.000422 0.000423 0.000423 0.000423 0.000423 0.000423 0.000423 0.000423 0.000423 0.000423 0.000423 0.000423 0.000423 0.000423 0.000423 0.000423 0.000423 0.000423 0.000423 0.000423 0.000423 0.000423 0.000423 0.000424 0.000424 0.000425 0.000426 0.000429 0.000433 0.000432 0.000390 0.000162
0.000162 0.000390 0.000432 0.000433 0.000429 0.000426 0.000425 0.000424 0.000424 0.000423 0.000423 0.000423 0.000423 0.000423 0.000423 0.000423 0.000423 0.000423 0.000423 0.000423 0.000423 0.000423 0.000423 0.000423 0.000423 0.000423 0.000423 0.000423 0.000423 0.000423 0.000423 0.000423 0.000423 0.000423 0.000423 0.000423 0.000423 0.000423 0.000423 0.000423 0.000423 0.000423 0.000423 0.000423 0.000423 0.000423 0.000423 0.000423 0.000423 0.000423 0.000423 0.000423 0.000423 0.000423 0.000423 0.000423 0.000423 0.000423 0.000423 0.000423 0.000423 0.000423 0.000423 0.000423 0.000423 0.000423 0.000423 0.000423 0.000423 0.000423 0.000423 0.000423 0.000423 0.000423 0.000423 0.000423 0.000423 0.000423 0.000423 0.000423 0.000423 0.000423 0.000423 0.000423 0.000423 0.000423 0.000423 0.000423 0.000423 0.000423 0.000423 0.000423 0.000423 0.000423 0.000423 0.000423 0.000423 0.000423 0.000423 0.000423 0.000423 0.000423 0.000423 0.000423 0.000423 0.000423 0.000423 0.000423 0.000423 0.000423 0.000423 0.000423 0.000423 0.000423 0.000423 0.000423 0.000423 0.000423 0.000423 0.000423 0.000423 0.000423 0.000423 0.000423 0.000423 0.000423 0.000423 0.000423 0.000423 0.000423 0.000423 0.000423 0.000423 0.000423 0.000423 0.000423 0.000423 0.000423 0.000423 0.000423 0.000423 0.000423 0.000423 0.000423 0.000423 0.000423 0.000423 0.000423 0.000423 0.000423 0.000423 0.000423 0.000423 0.000423 0.000423 0.000423 0.000423 0.000423 0.000423 0.000423 0.000423 0.000423 0.000423 0.000423 0.000423 0.000423 0.000423 0.000423 0.000423 0.000423 0.000423 0.000423 0.000423 0.000423 0.000423 0.000423 0.000423 0.000423 0.000423 0.000423 0.000423 0.000423 0.000423 0.000423 0.000423 0.000423 0.000423 0.000423 0.000423 0.000423 0.000423 0.000423 0.000423 0.000424 0.000424 0.000425 0.000426 0.000429 0.000433 0.000432 0.000390 0.000162
0.000162 0.000390 0.000432 0.000433 0.000429 0.000426 0.000424 0.000424 0.000423 0.000423 0.000423 0.000423 0.000423 0.000423 0.000423 0.000423 0.000423 0.000423 0.000423 0.000423 0.000423 0.000423 0.000423 0.000423 0.000423 0.000423 0.000423 0.000423 0.000423 0.000423 0.000423 0.000423 0.000423 0.000423 0.000423 0.000423 0.000423 0.000423 0.000423 0.000423 0.000423 0.000423 0.000423 0.000423 0.000422 0.000422 0.000422 0.000422 0.000422 0.000422 0.000422 0.000422 0.000422 0.000422 0.000422 0.000422 0.000422 0.000422 0.000422 0.000422 0.000422 0.000422 0.000422 0.000422 0.000422 0.000422 0.000422 0.000422 0.000422 0.000422 0.000422 0.000422 0.000422 0.000422 0.000422 0.000422 0.000422 0.000422 0.000422 0.000422 0.000422 0.000422 0.000422 0.000422 0.000422 0.000422 0.000422 0.000422 0.000422 0.000422 0.000422 0.000422 0.000422 0.000422 0.000422 0.000422 0.000422 0.000422 0.000422 0.000422 0.000422 0.000422 0.000422 0.000422 0.000422 0.000422 0.000422 0.000422 0.000422 0.000422 0.000422 0.000422 0.000422 0.000422 0.000422 0.000422 0.000422 0.000422 0.000422 0.000422 0.000422 0.000422 0.000422 0.000422 0.000422 0.000422 0.000422 0.000422 0.000422 0.000422 0.000422 0.000422 0.000422 0.000422 0.000422 0.000422 0.000422 0.000422 0.000422 0.000422 0.000422 0.000422 0.000422 0.000422 0.000422 0.000422 0.000422 0.000422 0.000422 0.000422 0.000422 0.000422 0.000422 0.000422 0.000422 0.000422 0.000422 0.000422 0.000423 0.000423 0.000423 0.000423 0.000423 0.000423 0.000423 0.000423 0.000423 0.000423 0.000423 0.000423 0.000423 0.000423 0.000423 0.000423 0.000423 0.000423 0.000423 0.000423 0.000423 0.000423 0.000423 0.000423 0.000423 0.000423 0.000423 0.000423 0.000423 0.000423 0.000423 0.000423 0.000423 0.000423 0.000423 0.000423 0.000424 0.000424 0.000426 0.000429 0.000433 0.000432 0.000390 0.000162
0.000162 0.000390 0.000432 0.000433 0.000429 0.000426 0.000424 0.000423 0.000423 0.000423 0.000423 0.000423 0.000423 0.000423 0.000423 0.000423 0.000423 0.000423 0.000423 0.000423 0.000423 0.000423 0.000423 0.000423 0.000423 0.000423 0.000423 0.000423 0.000422 0.000422 0.000422 0.000422 0.000422 0.000422 0.000422 0.000422 0.000422 0.000422 0.000422 0.000422 0.000422 0.000422 0.000422 0.000422 0.000422 0.000422 0.000422 0.000422 0.000422 0.000422 0.000422 0.000422 0.000422 0.000422 0.000422 0.000422 0.000422 0.000422 0.000422 0.000422 0.000422 0.000422 0.000422 0.000422 0.000422 0.000422 0.000422 0.000422 0.000422 0.000422 0.000422 0.000422 0.000422 0.000422 0.000422 0.000422 0.000422 0.000422 0.000422 0.000422 0.000422 0.000422 0.000422 0.000422 0.000422 0.000422 0.000422 0.000422 0.000422 0.000422 0.000422 0.000422 0.000422 0.000422 0.000422 0.000422 0.000422 0.000422 0.000422 0.000422 0.000422 0.000422 0.000422 0.000422 0.000422 0.000422 0.000422 0.000422 0.000422 0.000422 0.000422 0.000422 0.000422 0.000422 0.000422 0.000422 0.000422 0.000422 0.000422 0.000422 0.000422 0.000422 0.000422 0.000422 0.000422 0.000422 0.000422 0.000422 0.000422 0.000422 0.000422 0.000422 0.000422 0.000422 0.000422 0.000422 0.000422 0.000422 0.000422 0.000422 0.000422 0.000422 0.000422 0.000422 0.000422 0.000422 0.000422 0.000422 0.000422 0.000422 0.000422 0.000422 0.000422 0.000422 0.000422 0.000422 0.000422 0.000422 0.000422 0.000422 0.000422 0.000422 0.000422 0.000422 0.000422 0.000422 0.000422 0.000422 0.000422 0.000422 0.000422 0.000422 0.000422 0.000422 0.000423 0.000423 0.000423 0.000423 0.000423 0.000423 0.000423 0.000423 0.000423 0.000423 0.000423 0.000423 0.000423 0.000423 0.000423 0.000423 0.000423 0.000423 0.000423 0.000423 0.000423 0.000424 0.000426 0.000429 0.000433 0.000432 0.000390 0.000162
0.000162 0.000390 0.000432 0.000433 0.000428 0.000425 0.000424 0.000423 0.000423 0.000423 0.000423 0.000423 0.000423 0.000423 0.000423 0.000423 0.000423 0.000423 0.000422 0.000422 0.000422 0.000422 0.000422 0.000422 0.000422 0.000422 0.000422 0.000422 0.000422 0.000422 0.000422 0.000422 0.000422 0.000422 0.000422 0.000422 0.000422 0.000422 0.000422 0.000422 0.000422 0.000422 0.000422 0.000422 0.000422 0.000422 0.000422 0.000422 0.000422 0.000422 0.000422 0.000422 0.000422 0.000422 0.000422 0.000422 0.000422 0.000422 0.000422 0.000422 0.000422 0.000422 0.000422 0.000422 0.000422 0.000422 0.000422 0.000422 0.000422 0.000422 0.000422 0.000422 0.000422 0.000422 0.000422 0.000422 0.000422 0.000422 0.000422 0.000422 0.000422 0.000422 0.000422 0.000422 0.000422 0.000422 0.000422 0.000422 0.000422 0.000422 0.000422 0.000422 0.000422 0.000422 0.000422 0.000422 0.000422 0.000422 0.000422 0.000422 0.000422 0.000422 0.000422 0.000422 0.000422 0.000422 0.000422 0.000422 0.000422 0.000422 0.000422 0.000422 0.000422 0.000422 0.000422 0.000422 0.000422 0.000422 0.000422 0.000422 0.000422 0.000422 0.000422 0.000422 0.000422 0.000422 0.000422 0.000422 0.000422 0.000422 0.000422 0.000422 0.000422 0.000422 0.000422 0.000422 0.000422 0.000422 0.000422 0.000422 0.000422 0.000422 0.000422 0.000422 0.000422 0.000422 0.000422 0.000422 0.000422 0.000422 0.000422 0.000422 0.000422 0.000422 0.000422 0.000422 0.000422 0.000422 0.000422 0.000422 0.000422 0.000422 0.000422 0.000422 0.000422 0.000422 0.000422 0.000422 0.000422 0.000422 0.000422 0.000422 0.000422 0.000422 0.000422 0.000422 0.000422 0.000422 0.000422 0.000422 0.000422 0.000422 0.000422 0.000422 0.000423 0.000423 0.000423 0.000423 0.000423 0.000423 0.000423 0.000423 0.000423 0.000423 0.000423 0.000424 0.000425 0.000428 0.000433 0.000432 0.000390 0.000162
0.000161 0.000390 0.000432 0.000433 0.000428 0.000425 0.000423 0.000423 0.000423 0.000422 0.000422 0.000422 0.000422 0.000422 0.000422 0.000422 0.000422 0.000422 0.000422 0.000422 0.000422 0.000422 0.000422 0.000422 0.000422 0.000422 0.000422 0.000422 0.000422 0.000422 0.000422 0.000422 0.000422 0.000422 0.000422 0.000422 0.000422 0.000422 0.000422 0.000422 0.000422 0.000422 0.000422 0.000422 0.000422 0.000422 0.000422 0.000422 0.000422 0.000422 0.000422 0.000422 0.000422 0.000422 0.000422 0.000422 0.000422 0.000422 0.000422 0.000422 0.000422 0.000422 0.000422 0.000422 0.000422 0.000422 0.000422 0.000422 0.000422 0.000422 0.000422 0.000422 0.000422 0.000422 0.000422 0.000422 0.000422 0.000422 0.000422 0.000422 0.000422 0.000422 0.000422 0.000422 0.000422 0.000422 0.000422 0.000422 0.000422 0.000422 0.000422 0.000422 0.000422 0.000422 0.000422 0.000422 0.000422 0.000422 0.000422 0.000422 0.000422 0.000422 0.000422 0.000422 0.000422 0.000422 0.000422 0.000422 0.000422 0.000422 0.000422 0.000422 0.000422 0.000422 0.000422 0.000422 0.000422 0.000422 0.000422 0.000422 0.000422 0.000422 0.000422 0.000422 0.000422 0.000422 0.000422 0.000422 0.000422 0.000422 0.000422 0.000422 0.000422 0.000422 0.000422 0.000422 0.000422 0.000422 0.000422 0.000422 0.000422 0.000422 0.000422 0.000422 0.000422 0.000422 0.000422 0.000422 0.000422 0.000422 0.000422 0.000422 0.000422 0.000422 0.000422 0.000422 0.000422 0.000422 0.000422 0.000422 0.000422 0.000422 0.000422 0.000422 0.000422 0.000422 0.000422 0.000422 0.000422 0.000422 0.000422 0.000422 0.000422 0.000422 0.000422 0.000422 0.000422 0.000422 0.000422 0.000422 0.000422 0.000422 0.000422 0.000422 0.000422 0.000422 0.000422 0.000422 0.000422 0.000422 0.000422 0.000422 0.000422 0.000423 0.000423 0.000423 0.000425 0.000428 0.000433 0.000432 0.000390 0.000161
0.000161 0.000389 0.000432 0.000432 0.000428 0.000425 0.000423 0.000422 0.000422 0.000422 0.000422 0.000422 0.000422 0.000422 0.000422 0.000422 0.000422 0.000422 0.000422 0.000422 0.000422 0.000422 0.000422 0.000422 0.000422 0.000422 0.000422 0.000422 0.000422 0.000422 0.000422 0.000422 0.000422 0.000422 0.000422 0.000422 0.000422 0.000422 0.000422 0.000422 0.000422 0.000422 0.000422 0.000422 0.000422 0.000422 0.000422 0.000422 0.000422 0.000422 0.000422 0.000422 0.000422 0.000422 0.000422 0.000422 0.000422 0.000422 0.000422 0.000422 0.000422 0.000422 0.000422 0.000422 0.000422 0.000422 0.000422 0.000422 0.000422 0.000422 0.000422 0.000422 0.000422 0.000422 0.000422 0.000422 0.000422 0.000422 0.000422 0.000422 0.000422 0.000422 0.000422 0.000422 0.000422 0.000422 0.000422 0.000422 0.000422 0.000422 0.000422 0.000422 0.000422 0.000422 0.000422 0.000422 0.000422 0.000422 0.000422 0.000422 0.000422 0.000422 0.000422 0.000422 0.000422 0.000422 0.000422 0.000422 0.000422 0.000422 0.000422 0.000422 0.000422 0.000422 0.000422 0.000422 0.000422 0.000422 0.000422 0.000422 0.000422 0.000422 0.000422 0.000422 0.000422 0.000422 0.000422 0.000422 0.000422 0.000422 0.000422 0.000422 0.000422 0.000422 0.000422 0.000422 0.000422 0.000422 0.000422 0.000422 0.000422 0.000422 0.000422 0.000422 0.000422 0.000422 0.000422 0.000422 0.000422 0.000422 0.000422 0.000422 0.000422 0.000422 0.000422 0.000422 0.000422 0.000422 0.000422 0.000422 0.000422 0.000422 0.000422 0.000422 0.000422 0.000422 0.000422 0.000422 0.000422 0.000422 0.000422 0.000422 0.000422 0.000422 0.000422 0.000422 0.000422 0.000422 0.000422 0.000422 0.000422 0.000422 0.000422 0.000422 0.000422 0.000422 0.000422 0.000422 0.000422 0.000422 0.000422 0.000422 0.000422 0.000422 0.000422 0.000423 0.000425 0.000428 0.000432 0.000432 0.000389 0.000161
0.000161 0.000389 0.000431 0.000432 0.000428 0.000424 0.000423 0.000422 0.000422 0.000422 0.000422 0.000422 0.000422 0.000422 0.000422 0.000422 0.000422 0.000422 0.000422 0.000422 0.000422 0.000422 0.000422 0.000422 0.000422 0.000422 0.000422 0.000422 0.000422 0.000421 0.000421 0.000421 0.000421 0.000421 0.000421 0.000421 0.000421 0.000421 0.000421 0.000421 0.000421 0.000421 0.000421 0.000421 0.000421 0.000421 0.000421 0.000421 0.000421 0.000421 0.000421 0.000421 0.000421 0.000421 0.000421 0.000421 0.000421 0.000421 0.000421 0.000421 0.000421 0.000421 0.000421 0.000421 0.000421 0.000421 0.000421 0.000421 0.000421 0.000421 0.000421 0.000421 0.000421 0.000421 0.000421 0.000421 0.000421 0.000421 0.000421 0.000421 0.000421 0.000421 0.000421 0.000421 0.000421 0.000421 0.000421 0.000421 0.000421 0.000421 0.000421 0.000421 0.000421 0.000421 0.000421 0.000421 0.000421 0.000421 0.000421 0.000421 0.000421 0.000421 0.000421 0.000421 0.000421 0.000421 0.000421 0.000421 0.000421 0.000421 0.000421 0.000421 0.000421 0.000421 0.000421 0.000421 0.000421 0.000421 0.000421 0.000421 0.000421 0.000421 0.000421 0.000421 0.000421 0.000421 0.000421 0.000421 0.000421 0.000421 0.000421 0.000421 0.000421 0.000421 0.000421 0.000421 0.000421 0.000421 0.000421 0.000421 0.000421 0.000421 0.000421 0.000421 0.000421 0.000421 0.000421 0.000421 0.000421 0.000421 0.000421 0.000421 0.000421 0.000421 0.000421 0.000421 0.000421 0.000421 0.000421 0.000421 0.000421 0.000421 0.000421 0.000421 0.000421 0.000421 0.000421 0.000421 0.000421 0.000421 0.000421 0.000421 0.000421 0.000422 0.000422 0.000422 0.000422 0.000422 0.000422 0.000422 0.000422 0.000422 0.000422 0.000422 0.000422 0.000422 0.000422 0.000422 0.000422 0.000422 0.000422 0.000422 0.000422 0.000422 0.000422 0.000423 0.000424 0.000428 0.000432 0.000431 0.000389 0.000161
0.000161 0.000389 0.000431 0.000432 0.000427 0.000424 0.000423 0.000422 0.000422 0.000422 0.000422 0.000421 0.000421 0.000421 0.000421 0.000421 0.000421 0.000421 0.000421 0.000421 0.000421 0.000421 0.000421 0.000421 0.000421 0.000421 0.000421 0.000421 0.000421 0.000421 0.000421 0.000421 0.000421 0.000421 0.000421 0.000421 0.000421 0.000421 0.000421 0.000421 0.000421 0.000421 0.000421 0.000421 0.000421 0.000421 0.000421 0.000421 0.000421 0.000421 0.000421 0.000421 0.000421 0.000421 0.000421 0.000421 0.000421 0.000421 0.000421 0.000421 0.000421 0.000421 0.000421 0.000421 0.000421 0.000421 0.000421 0.000421 0.000421 0.000421 0.000421 0.000421 0.000421 0.000421 0.000421 0.000421 0.000421 0.000421 0.000421 0.000421 0.000421 0.000421 0.000421 0.000421 0.000421 0.000421 0.000421 0.000421 0.000421 0.000421 0.000421 0.000421 0.000421 0.000421 0.000421 0.000421 0.000421 0.000421 0.000421 0.000421 0.000421 0.000421 0.000421 0.000421 0.000421 0.000421 0.000421 0.000421 0.000421 0.000421 0.000421 0.000421 0.000421 0.000421 0.000421 0.000421 0.000421 0.000421 0.000421 0.000421 0.000421 0.000421 0.000421 0.000421 0.000421 0.000421 0.000421 0.000421 0.000421 0.000421 0.000421 0.000421 0.000421 0.000421 0.000421 0.000421 0.000421 0.000421 0.000421 0.000421 0.000421 0.000421 0.000421 0.000421 0.000421 0.000421 0.000421 0.000421 0.000421 0.000421 0.000421 0.000421 0.000421 0.000421 0.000421 0.000421 0.000421 0.000421 0.000421 0.000421 0.000421 0.000421 0.000421 0.000421 0.000421 0.000421 0.000421 0.000421 0.000421 0.000421 0.000421 0.000421 0.000421 0.000421 0.000421 0.000421 0.000421 0.000421 0.000421 0.000421 0.000421 0.000421 0.000421 0.000421 0.000421 0.000421 0.000421 0.000421 0.000421 0.000421 0.000421 0.000422 0.000422 0.000422 0.000422 0.000423 0.000424 0.000427 0.000432 0.000431 0.000389 0.000161
0.000161 0.000389 0.000431 0.000432 0.000427 0.000424 0.000422 0.000422 0.000421 0.000421 0.000421 0.000421 0.000421 0.000421 0.000421 0.000421 0.000421 0.000421 0.000421 0.000421 0.000421 0.000421 0.000421 0.000421 0.000421 0.000421 0.000421 0.000421 0.000421 0.000421 0.000421 0.000421 0.000421 0.000421 0.000421 0.000421 0.000421 0.000421 0.000421 0.000421 0.000421 0.000421 0.000421 0.000421 0.000421 0.000421 0.000421 0.000421 0.000421 0.000421 0.000421 0.000421 0.000421 0.000421 0.000421 0.000421 0.000421 0.000421 0.000421 0.000421 0.000421 0.000421 0.000421 0.000421 0.000421 0.000421 0.000421 0.000421 0.000421 0.000421 0.000421 0.000421 0.000421 0.000421 0.000421 0.000421 0.000421 0.000421 0.000421 0.000421 0.000421 0.000421 0.000421 0.000421 0.000421 0.000421 0.000421 0.000421 0.000421 0.000421 0.000421 0.000421 0.000421 0.000421 0.000421 0.000421 0.000421 0.000421 0.000421 0.000421 0.000421 0.000421 0.000421 0.000421 0.000421 0.000421 0.000421 0.000421 0.000421 0.000421 0.000421 0.000421 0.000421 0.000421 0.000421 0.000421 0.000421 0.000421 0.000421 0.000421 0.000421 0.000421 0.000421 0.000421 0.000421 0.000421 0.000421 0.000421 0.000421 0.000421 0.000421 0.000421 0.000421 0.000421 0.000421 0.000421 0.000421 0.000421 0.000421 0.000421 0.000421 0.000421 0.000421 0.000421 0.000421 0.000421 0.000421 0.000421 0.000421 0.000421 0.000421 0.000421 0.000421 0.000421 0.000421 0.000421 0.000421 0.000421 0.000421 0.000421 0.000421 0.000421 0.000421 0.000421 0.000421 0.000421 0.000421 0.000421 0.000421 0.000421 0.000421 0.000421 0.000421 0.000421 0.000421 0.000421 0.000421 0.000421 0.000421 0.000421 0.000421 0.000421 0.000421 0.000421 0.000421 0.000421 0.000421 0.000421 0.000421 0.000421 0.000421 0.000421 0.000421 0.000421 0.000422 0.000422 0.000424 0.000427 0.000432 0.000431 0.000389 0.000161
0.000160 0.000389 0.000431 0.000431 0.000427 0.000424 0.000422 0.000421 0.000421 0.000421 0.000421 0.000421 0.000421 0.000421 0.000421 0.000421 0.000421 0.000421 0.000421 0.000421 0.000421 0.000421 0.000421 0.000421 0.000421 0.000421 0.000421 0.000421 0.000421 0.000421 0.000421 0.000421 0.000421 0.000421 0.000421 0.000421 0.000421 0.000421 0.000421 0.000421 0.000421 0.000421 0.000421 0.000421 0.000421 0.000421 0.000421 0.000421 0.000421 0.000421 0.000421 0.000421 0.000421 0.000421 0.000421 0.000421 0.000421 0.000421 0.000421 0.000421 0.000421 0.000421 0.000421 0.000421 0.000421 0.000421 0.000421 0.000421 0.000421 0.000421 0.000421 0.000421 0.000421 0.000421 0.000421 0.000421 0.000421 0.000421 0.000421 0.000421 0.000421 0.000421 0.000421 0.000421 0.000421 0.000421 0.000421 0.000421 0.000421 0.000421 0.000421 0.000421 0.000421 0.000421 0.000421 0.000421 0.000421 0.000421 0.000421 0.000421 0.000421 0.000421 0.000421 0.000421 0.000421 0.000421 0.000421 0.000421 0.000421 0.000421 0.000421 0.000421 0.000421 0.000421 0.000421 0.000421 0.000421 0.000421 0.000421 0.000421 0.000421 0.000421 0.000421 0.000421 0.000421 0.000421 0.000421 0.000421 0.000421 0.000421 0.000421 0.000421 0.000421 0.000421 0.000421 0.000421 0.000421 0.000421 0.000421 0.000421 0.000421 0.000421 0.000421 0.000421 0.000421 0.000421 0.000421 0.000421 0.000421 0.000421 0.000421 0.000421 0.000421 0.000421 0.000421 0.000421 0.000421 0.000421 0.000421 0.000421 0.000421 0.000421 0.000421 0.000421 0.000421 0.000421 0.000421 0.000421 0.000421 0.000421 0.000421 0.000421 0.000421 0.000421 0.000421 0.000421 0.000421 0.000421 0.000421 0.000421 0.000421 0.000421 0.000421 0.000421 0.000421 0.000421 0.000421 0.000421 0.000421 0.000421 0.000421 0.000421 0.000421 0.000421 0.000421 0.000422 0.000424 0.000427 0.000431 0.000431 0.000389 0.000160
0.000160 0.000389 0.000431 0.000431 0.000427 0.000423 0.000422 0.000421 0.000421 0.000421 0.000421 0.000421 0.000421 0.000421 0.000421 0.000421 0.000421 0.000421 0.000421 0.000421 0.000421 0.000421 0.000421 0.000421 0.000421 0.000421 0.000421 0.000421 0.000421 0.000421 0.000421 0.000421 0.000421 0.000421 0.000421 0.000421 0.000421 0.000421 0.000421 0.000421 0.000421 0.000421 0.000421 0.000421 0.000421 0.000421 0.000421 0.000421 0.000421 0.000421 0.000421 0.000421 0.000421 0.000421 0.000421 0.000421 0.000421 0.000421 0.000421 0.000421 0.000421 0.000421 0.000421 0.000421 0.000421 0.000421 0.000421 0.000421 0.000421 0.000421 0.000421 0.000421 0.000421 0.000421 0.000421 0.000421 0.000421 0.000421 0.000421 0.000421 0.000421 0.000421 0.000421 0.000421 0.000421 0.000421 0.000421 0.000421 0.000421 0.000421 0.000421 0.000421 0.000421 0.000421 0.000421 0.000421 0.000421 0.000421 0.000421 0.000421 0.000421 0.000421 0.000421 0.000421 0.000421 0.000421 0.000421 0.000421 0.000421 0.000421 0.000421 0.000421 0.000421 0.000421 0.000421 0.000421 0.000421 0.000421 0.000421 0.000421 0.000421 0.000421 0.000421 0.000421 0.000421 0.000421 0.000421 0.000421 0.000421 0.000421 0.000421 0.000421 0.000421 0.000421 0.000421 0.000421 0.000421 0.000421 0.000421 0.000421 0.000421 0.000421 0.000421 0.000421 0.000421 0.000421 0.000421 0.000421 0.000421 0.000421 0.000421 0.000421 0.000421 0.000421 0.000421 0.000421 0.000421 0.000421 0.000421 0.000421 0.000421 0.000421 0.000421 0.000421 0.000421 0.000421 0.000421 0.000421 0.000421 0.000421 0.000421 0.000421 0.000421 0.000421 0.000421 0.000421 0.000421 0.000421 0.000421 0.000421 0.000421 0.000421 0.000421 0.000421 0.000421 0.000421 0.000421 0.000421 0.000421 0.000421 0.000421 0.000421 0.000421 0.000421 0.000421 0.000422 0.000423 0.000427 0.000431 0.000431 0.000389 0.000160
0.000160 0.000388 0.000430 0.000431 0.000426 0.000423 0.000422 0.000421 0.000421 0.000421 0.000421 0.000421 0.000421 0.000421 0.000421 0.000421 0.000421 0.000421 0.000421 0.000421 0.000421 0.000421 0.000421 0.000421 0.000421 0.000421 0.000421 0.000421 0.000421 0.000421 0.000421 0.000421 0.000421 0.000421 0.000421 0.000421 0.000421 0.000421 0.000421 0.000421 0.000421 0.000421 0.000421 0.000421 0.000421 0.000421 0.000421 0.000421 0.000421 0.000421 0.000421 0.000421 0.000421 0.000421 0.000421 0.000421 0.000421 0.000421 0.000421 0.000421 0.000421 0.000421 0.000421 0.000421 0.000421 0.000421 0.000421 0.000421 0.000421 0.000421 0.000421 0.000421 0.000421 0.000421 0.000421 0.000421 0.000421 0.000421 0.000421 0.000421 0.000421 0.000421 0.000421 0.000421 0.000421 0.000421 0.000421 0.000421 0.000421 0.000421 0.000421 0.000421 0.000421 0.000421 0.000421 0.000421 0.000421 0.000421 0.000421 0.000421 0.000421 0.000421 0.000421 0.000421 0.000421 0.000421 0.000421 0.000421 0.000421 0.000421 0.000421 0.000421 0.000421 0.000421 0.000421 0.000421 0.000421 0.000421 0.000421 0.000421 0.000421 0.000421 0.000421 0.000421 0.000421 0.000421 0.000421 0.000421 0.000421 0.000421 0.000421 0.000421 0.000421 0.000421 0.000421 0.000421 0.000421 0.000421 0.000421 0.000421 0.000421 0.000421 0.000421 0.000421 0.000421 0.000421 0.000421 0.000421 0.000421 0.000421 0.000421 0.000421 0.000421 0.000421 0.000421 0.000421 0.000421 0.000421 0.000421 0.000421 0.000421 0.000421 0.000421 0.000421 0.000421 0.000421 0.000421 0.000421 0.000421 0.000421 0.000421 0.000421 0.000421 0.000421 0.000421 0.000421 0.000421 0.000421 0.000421 0.000421 0.000421 0.000421 0.000421 0.000421 0.000421 0.000421 0.000421 0.000421 0.000421 0.000421 0.000421 0.000421 0.000421 0.000421 0.000421 0.000422 0.000423 0.000426 0.000431 0.000430 0.000388 0.000160
0.000160 0.000388 0.000430 0.000431 0.000426 0.000423 0.000422 0.000421 0.000421 0.000421 0.000421 0.000421 0.000421 0.000421 0.000421 0.000421 0.000421 0.000421 0.000421 0.000421 0.000421 0.000421 0.000421 0.000421 0.000421 0.000421 0.000421 0.000421 0.000421 0.000421 0.000421 0.000421 0.000421 0.000421 0.000421 0.000421 0.000421 0.000421 0.000421 0.000421 0.000421 0.000421 0.000421 0.000421 0.000421 0.000421 0.000421 0.000421 0.000421 0.000421 0.000421 0.000421 0.000421 0.000421 0.000421 0.000421 0.000421 0.000421 0.000421 0.000421 0.000421 0.000421 0.000421 0.000421 0.000421 0.000421 0.000421 0.000421 0.000421 0.000421 0.000421 0.000421 0.000421 0.000421 0.000421 0.000421 0.000421 0.000421 0.000421 0.000421 0.000421 0.000421 0.000421 0.000421 0.000421 0.000421 0.000421 0.000421 0.000421 0.000421 0.000421 0.000421 0.000421 0.000421 0.000421 0.000421 0.000421 0.000421 0.000421 0.000421 0.000421 0.000421 0.000421 0.000421 0.000421 0.000421 0.000421 0.000421 0.000421 0.000421 0.000421 0.000421 0.000421 0.000421 0.000421 0.000421 0.000421 0.000421 0.000421 0.000421 0.000421 0.000421 0.000421 0.000421 0.000421 0.000421 0.000421 0.000421 0.000421 0.000421 0.000421 0.000421 0.000421 0.000421 0.000421 0.000421 0.000421 0.000421 0.000421 0.000421 0.000421 0.000421 0.000421 0.000421 0.000421 0.000421 0.000421 0.000421 0.000421 0.000421 0.000421 0.000421 0.000421 0.000421 0.000421 0.000421 0.000421 0.000421 0.000421 0.000421 0.000421 0.000421 0.000421 0.000421 0.000421 0.000421 0.000421 0.000421 0.000421 0.000421 0.000421 0.000421 0.000421 0.000421 0.000421 0.000421 0.000421 0.000421 0.000421 0.000421 0.000421 0.000421 0.000421 0.000421 0.000421 0.000421 0.000421 0.000421 0.000421 0.000421 0.000421 0.000421 0.000421 0.000421 0.000421 0.000422 0.000423 0.000426 0.000431 0.000430 0.000388 0.000160
0.000160 0.000388 0.000430 0.000431 0.000426 0.000423 0.000422 0.000421 0.000421 0.000421 0.000421 0.000421 0.000421 0.000421 0.000421 0.000421 0.000421 0.000421 0.000421 0.000421 0.000421 0.000421 0.000421 0.000421 0.000421 0.000421 0.000421 0.000421 0.000421 0.000421 0.000421 0.000421 0.000421 0.000421 0.000421 0.000421 0.000421 0.000421 0.000421 0.000421 0.000421 0.000421 0.000421 0.000421 0.000421 0.000421 0.000421 0.000421 0.000421 0.000421 0.000421 0.000421 0.000421 0.000421 0.000421 0.000421 0.000421 0.000421 0.000421 0.000421 0.000421 0.000421 0.000421 0.000421 0.000421 0.000421 0.000421 0.000421 0.000421 0.000421 0.000421 0.000421 0.000421 0.000421 0.000421 0.000421 0.000421 0.000421 0.000421 0.000421 0.000421 0.000421 0.000421 0.000421 0.000421 0.000421 0.000421 0.000421 0.000421 0.000421 0.000421 0.000421 0.000421 0.000421 0.000421 0.000421 0.000421 0.000421 0.000421 0.000421 0.000421 0.000421 0.000421 0.000421 0.000421 0.000421 0.000421 0.000421 0.000421 0.000421 0.000421 0.000421 0.000421 0.000421 0.000421 0.000421 0.000421 0.000421 0.000421 0.000421 0.000421 0.000421 0.000421 0.000421 0.000421 0.000421 0.000421 0.000421 0.000421 0.000421 0.000421 0.000421 0.000421 0.000421 0.000421 0.000421 0.000421 0.000421 0.000421 0.000421 0.000421 0.000421 0.000421 0.000421 0.000421 0.000421 0.000421 0.000421 0.000421 0.000421 0.000421 0.000421 0.000421 0.000421 0.000421 0.000421 0.000421 0.000421 0.000421 0.000421 0.000421 0.000421 0.000421 0.000421 0.000421 0.000421 0.000421 0.000421 0.000421 0.000421 0.000421 0.000421 0.000421 0.000421 0.000421 0.000421 0.000421 0.000421 0.000421 0.000421 0.000421 0.000421 0.000421 0.000421 0.000421 0.000421 0.000421 0.000421 0.000421 0.000421 0.000421 0.000421 0.000421 0.000421 0.000421 0.000422 0.000423 0.000426 0.000431 0.000430 0.000388 0.000160
0.000160 0.000388 0.000430 0.000431 0.000426 0.000423 0.000422 0.000421 0.000421 0.000421 0.000421 0.000421 0.000421 0.000421 0.000421 0.000421 0.000421 0.000421 0.000421 0.000421 0.000421 0.000421 0.000421 0.000421 0.000421 0.000421 0.000421 0.000421 0.000421 0.000421 0.000421 0.000421 0.000421 0.000421 0.000421 0.000421 0.000421 0.000421 0.000421 0.000421 0.000421 0.000421 0.000421 0.000421 0.000421 0.000421 0.000421 0.000421 0.000421 0.000421 0.000421 0.000421 0.000421 0.000421 0.000421 0.000421 0.000421 0.000421 0.000421 0.000421 0.000421 0.000421 0.000421 0.000421 0.000421 0.000421 0.000421 0.000421 0.000421 0.000421 0.000421 0.000421 0.000421 0.000421 0.000421 0.000421 0.000421 0.000421 0.000421 0.000421 0.000421 0.000421 0.000421 0.000421 0.000421 0.000421 0.000421 0.000421 0.000421 0.000421 0.000421 0.000421 0.000421 0.000421 0.000421 0.000421 0.000421 0.000421 0.000421 0.000421 0.000421 0.000421 0.000421 0.000421 0.000421 0.000421 0.000421 0.000421 0.000421 0.000421 0.000421 0.000421 0.000421 0.000421 0.000421 0.000421 0.000421 0.000421 0.000421 0.000421 0.000421 0.000421 0.000421 0.000421 0.000421 0.000421 0.000421 0.000421 0.000421 0.000421 0.000421 0.000421 0.000421 0.000421 0.000421 0.000421 0.000421 0.000421 0.000421 0.000421 0.000421 0.000421 0.000421 0.000421 0.000421 0.000421 0.000421 0.000421 0.000421 0.000421 0.000421 0.000421 0.000421 0.000421 0.000421 0.000421 0.000421 0.000421 0.000421 0.000421 0.000421 0.000421 0.000421 0.000421 0.000421 0.000421 0.000421 0.000421 0.000421 0.000421 0.000421 0.000421 0.000421 0.000421 0.000421 0.000421 0.000421 0.000421 0.000421 0.000421 0.000421 0.000421 0.000421 0.000421 0.000421 0.000421 0.000421 0.000421 0.000421 0.000421 0.000421 0.000421 0.000421 0.000421 0.000421 0.000422 0.000423 0.000426 0.000431 0.000430 0.000388 0.000160
0.000160 0.000388 0.000430 0.000431 0.000427 0.000423 0.000422 0.000421 0.000421 0.000421 0.000421 0.000421 0.000421 0.000421 0.000421 0.000421 0.000422 0.000422 0.000422 0.000422 0.000422 0.000422 0.000422 0.000422 0.000422 0.000422 0.000422 0.000422 0.000422 0.000422 0.000422 0.000422 0.000422 0.000422 0.000422 0.000422 0.000422 0.000422 0.000422 0.000422 0.000422 0.000422 0.000422 0.000422 0.000422 0.000422 0.000422 0.000422 0.000422 0.000422 0.000422 0.000422 0.000422 0.000422 0.000422 0.000422 0.000422 0.000422 0.000422 0.000422 0.000422 0.000422 0.000422 0.000422 0.000422 0.000422 0.000422 0.000422 0.000422 0.000422 0.000422 0.000422 0.000422 0.000422 0.000422 0.000422 0.000422 0.000422 0.000422 0.000422 0.000422 0.000422 0.000422 0.000422 0.000422 0.000422 0.000422 0.000422 0.000422 0.000422 0.000422 0.000422 0.000422 0.000422 0.000422 0.000422 0.000422 0.000422 0.000422 0.000422 0.000422 0.000422 0.000422 0.000422 0.000422 0.000422 0.000422 0.000422 0.000422 0.000422 0.000422 0.000422 0.000422 0.000422 0.000422 0.000422 0.000422 0.000422 0.000422 0.000422 0.000422 0.000422 0.000422 0.000422 0.000422 0.000422 0.000422 0.000422 0.000422 0.000422 0.000422 0.000422 0.000422 0.000422 0.000422 0.000422 0.000422 0.000422 0.000422 0.000422 0.000422 0.000422 0.000422 0.000422 0.000422 0.000422 0.000422 0.000422 0.000422 0.000422 0.000422 0.000422 0.000422 0.000422 0.000422 0.000422 0.000422 0.000422 0.000422 0.000422 0.000422 0.000422 0.000422 0.000422 0.000422 0.000422 0.000422 0.000422 0.000422 0.000422 0.000422 0.000422 0.000422 0.000422 0.000422 0.000422 0.000422 0.000422 0.000422 0.000422 0.000422 0.000422 0.000422 0.000422 0.000422 0.000422 0.000421 0.000421 0.000421 0.000421 0.000421 0.000421 0.000421 0.000421 0.000421 0.000422 0.000423 0.000427 0.000431 0.000430 0.000388 0.000160
0.000160 0.000388 0.000430 0.000431 0.000427 0.000424 0.000422 0.000422 0.000421 0.000421 0.000422 0.000422 0.000422 0.000422 0.000422 0.000422 0.000422 0.000422 0.000422 0.000422 0.000422 0.000422 0.000422 0.000423 0.000423 0.000423 0.000423 0.000423 0.000423 0.000423 0.000423 0.000423 0.000423 0.000423 0.000423 0.000423 0.000423 0.000423 0.000423 0.000423 0.000423 0.000423 0.000423 0.000423 0.000423 0.000423 0.000423 0.000423 0.000423 0.000423 0.000423 0.000423 0.000423 0.000423 0.000423 0.000423 0.000423 0.000423 0.000423 0.000423 0.000423 0.000423 0.000423 0.000423 0.000423 0.000423 0.000423 0.000423 0.000423 0.000423 0.000423 0.000423 0.000423 0.000423 0.000423 0.000423 0.000423 0.000423 0.000423 0.000423 0.000423 0.000423 0.000423 0.000423 0.000423 0.000423 0.000423 0.000423 0.000423 0.000423 0.000423 0.000423 0.000423 0.000423 0.000423 0.000423 0.000423 0.000423 0.000423 0.000423 0.000423 0.000423 0.000423 0.000423 0.000423 0.000423 0.000423 0.000423 0.000423 0.000423 0.000423 0.000423 0.000423 0.000423 0.000423 0.000423 0.000423 0.000423 0.000423 0.000423 0.000423 0.000423 0.000423 0.000423 0.000423 0.000423 0.000423 0.000423 0.000423 0.000423 0.000423 0.000423 0.000423 0.000423 0.000423 0.000423 0.000423 0.000423 0.000423 0.000423 0.000423 0.000423 0.000423 0.000423 0.000423 0.000423 0.000423 0.000423 0.000423 0.000423 0.000423 0.000423 0.000423 0.000423 0.000423 0.000423 0.000423 0.000423 0.000423 0.000423 0.000423 0.000423 0.000423 0.000423 0.000423 0.000423 0.000423 0.000423 0.000423 0.000423 0.000423 0.000423 0.000423 0.000423 0.000423 0.000423 0.000423 0.000423 0.000423 0.000422 0.000422 0.000422 0.000422 0.000422 0.000422 0.000422 0.000422 0.000422 0.000422 0.000422 0.000422 0.000422 0.000421 0.000421 0.000422 0.000422 0.000424 0.000427 0.000431 0.000430 0.000388 0.000160
0.000160 0.000389 0.000431 0.000432 0.000427 0.000424 0.000423 0.000422 0.000422 0.000422 0.000422 0.000422 0.000422 0.000423 0.000423 0.000423 0.000423 0.000423 0.000423 0.000423 0.000423 0.000423 0.000423 0.000423 0.000424 0.000424 0.000424 0.000424 0.000424 0.000424 0.000424 0.000424 0.000424 0.000424 0.000424 0.000424 0.000424 0.000424 0.000424 0.000424 0.000424 0.000424 0.000424 0.000424 0.000424 0.000424 0.000424 0.000424 0.000424 0.000424 0.000424 0.000424 0.000424 0.000424 0.000424 0.000424 0.000424 0.000424 0.000424 0.000424 0.000424 0.000424 0.000424 0.000424 0.000424 0.000424 0.000424 0.000424 0.000424 0.000424 0.000424 0.000424 0.000424 0.000424 0.000424 0.000424 0.000424 0.000424 0.000424 0.000424 0.000424 0.000424 0.000424 0.000424 0.000424 0.000424 0.000424 0.000424 0.000424 0.000424 0.000424 0.000424 0.000424 0.000424 0.000424 0.000424 0.000424 0.000424 0.000424 0.000424 0.000424 0.000424 0.000424 0.000424 0.000424 0.000424 0.000424 0.000424 0.000424 0.000424 0.000424 0.000424 0.000424 0.000424 0.000424 0.000424 0.000424 0.000424 0.000424 0.000424 0.000424 0.000424 0.000424 0.000424 0.000424 0.000424 0.000424 0.000424 0.000424 0.000424 0.000424 0.000424 0.000424 0.000424 0.000424 0.000424 0.000424 0.000424 0.000424 0.000424 0.000424 0.000424 0.000424 0.000424 0.000424 0.000424 0.000424 0.000424 0.000424 0.000424 0.000424 0.000424 0.000424 0.000424 0.000424 0.000424 0.000424 0.000424 0.000424 0.000424 0.000424 0.000424 0.000424 0.000424 0.000424 0.000424 0.000424 0.000424 0.000424 0.000424 0.000424 0.000424 0.000424 0.000424 0.000424 0.000424 0.000424 0.000424 0.000423 0.000423 0.000423 0.000423 0.000423 0.000423 0.000423 0.000423 0.000423 0.000423 0.000423 0.000422 0.000422 0.000422 0.000422 0.000422 0.000422 0.000423 0.000424 0.000427 0.000432 0.000431 0.000389 0.000160
0.000161 0.000389 0.000431 0.000432 0.000428 0.000425 0.000423 0.000423 0.000423 0.000423 0.000423 0.000423 0.000423 0.000424 0.000424 0.000424 0.000424 0.000424 0.000424 0.000424 0.000424 0.000425 0.000425 0.000425 0.000425 0.000425 0.000425 0.000425 0.000425 0.000425 0.000425 0.000425 0.000425 0.000425 0.000425 0.000425 0.000425 0.000425 0.000425 0.000425 0.000425 0.000425 0.000425 0.000425 0.000425 0.000425 0.000425 0.000425 0.000425 0.000425 0.000425 0.000425 0.000425 0.000425 0.000425 0.000425 0.000425 0.000425 0.000425 0.000425 0.000425 0.000425 0.000425 0.000425 0.000425 0.000425 0.000425 0.000425 0.000425 0.000425 0.000425 0.000425 0.000425 0.000425 0.000425 0.000425 0.000425 0.000425 0.000425 0.000425 0.000425 0.000425 0.000425 0.000425 0.000425 0.000425 0.000425 0.000425 0.000425 0.000425 0.000425 0.000425 0.000425 0.000425 0.000425 0.000425 0.000425 0.000425 0.000425 0.000425 0.000425 0.000425 0.000425 0.000425 0.000425 0.000425 0.000425 0.000425 0.000425 0.000425 0.000425 0.000425 0.000425 0.000425 0.000425 0.000425 0.000425 0.000425 0.000425 0.000425 0.000425 0.000425 0.000425 0.000425 0.000425 0.000425 0.000425 0.000425 0.000425 0.000425 0.000425 0.000425 0.000425 0.000425 0.000425 0.000425 0.000425 0.000425 0.000425 0.000425 0.000425 0.000425 0.000425 0.000425 0.000425 0.000425 0.000425 0.000425 0.000425 0.000425 0.000425 0.000425 0.000425 0.000425 0.000425 0.000425 0.000425 0.000425 0.000425 0.000425 0.000425 0.000425 0.000425 0.000425 0.000425 0.000425 0.000425 0.000425 0.000425 0.000425 0.000425 0.000425 0.000425 0.000425 0.000425 0.000425 0.000425 0.000425 0.000425 0.000425 0.000425 0.000424 0.000424 0.000424 0.000424 0.000424 0.000424 0.000424 0.000424 0.000423 0.000423 0.000423 0.000423 0.000423 0.000423 0.000423 0.000425 0.000428 0.000432 0.000431 0.000389 0.000161
0.000161 0.000390 0.000432 0.000433 0.000428 0.000426 0.000424 0.000424 0.000424 0.000424 0.000424 0.000424 0.000425 0.000425 0.000425 0.000425 0.000425 0.000426 0.000426 0.000426 0.000426 0.000426 0.000426 0.000426 0.000427 0.000427 0.000427 0.000427 0.000427 0.000427 0.000427 0.000427 0.000427 0.000427 0.000427 0.000427 0.000427 0.000427 0.000427 0.000427 0.000427 0.000427 0.000427 0.000427 0.000427 0.000427 0.000427 0.000427 0.000427 0.000427 0.000427 0.000427 0.000427 0.000427 0.000427 0.000427 0.000427 0.000427 0.000427 0.000427 0.000427 0.000427 0.000427 0.000427 0.000427 0.000427 0.000427 0.000427 0.000427 0.000427 0.000427 0.000427 0.000427 0.000427 0.000427 0.000427 0.000427 0.000427 0.000427 0.000427 0.000427 0.000427 0.000427 0.000427 0.000427 0.000427 0.000427 0.000427 0.000427 0.000427 0.000427 0.000427 0.000427 0.000427 0.000427 0.000427 0.000427 0.000427 0.000427 0.000427 0.000427 0.000427 0.000427 0.000427 0.000427 0.000427 0.000427 0.000427 0.000427 0.000427 0.000427 0.000427 0.000427 0.000427 0.000427 0.000427 0.000427 0.000427 0.000427 0.000427 0.000427 0.000427 0.000427 0.000427 0.000427 0.000427 0.000427 0.000427 0.000427 0.000427 0.000427 0.000427 0.000427 0.000427 0.000427 0.000427 0.000427 0.000427 0.000427 0.000427 0.000427 0.000427 0.000427 0.000427 0.000427 0.000427 0.000427 0.000427 0.000427 0.000427 0.000427 0.000427 0.000427 0.000427 0.000427 0.000427 0.000427 0.000427 0.000427 0.000427 0.000427 0.000427 0.000427 0.000427 0.000427 0.000427 0.000427 0.000427 0.000427 0.000427 0.000427 0.000427 0.000427 0.000427 0.000427 0.000427 0.000427 0.000427 0.000426 0.000426 0.000426 0.000426 0.000426 0.000426 0.000426 0.000425 0.000425 0.000425 0.000425 0.000425 0.000424 0.000424 0.000424 0.000424 0.000424 0.000424 0.000426 0.000428 0.000433 0.000432 0.000390 0.000161
0.000162 0.000390 0.000433 0.000434 0.000430 0.000427 0.000425 0.000425 0.000425 0.000425 0.000426 0.000426 0.000426 0.000427 0.000427 0.000427 0.000427 0.000428 0.000428 0.000428 0.000428 0.000428 0.000428 0.000429 0.000429 0.000429 0.000429 0.000429 0.000429 0.000429 0.000429 0.000429 0.000429 0.000430 0.000430 0.000430 0.000430 0.000430 0.000430 0.000430 0.000430 0.000430 0.000430 0.000430 0.000430 0.000430 0.000430 0.000430 0.000430 0.000430 0.000430 0.000430 0.000430 0.000430 0.000430 0.000430 0.000430 0.000430 0.000430 0.000430 0.000430 0.000430 0.000430 0.000430 0.000430 0.000430 0.000430 0.000430 0.000430 0.000430 0.000430 0.000430 0.000430 0.000430 0.000430 0.000430 0.000430 0.000430 0.000430 0.000430 0.000430 0.000430 0.000430 0.000430 0.000430 0.000430 0.000430 0.000430 0.000430 0.000430 0.000430 0.000430 0.000430 0.000430 0.000430 0.000430 0.000430 0.000430 0.000430 0.000430 0.000430 0.000430 0.000430 0.000430 0.000430 0.000430 0.000430 0.000430 0.000430 0.000430 0.000430 0.000430 0.000430 0.000430 0.000430 0.000430 0.000430 0.000430 0.000430 0.000430 0.000430 0.000430 0.000430 0.000430 0.000430 0.000430 0.000430 0.000430 0.000430 0.000430 0.000430 0.000430 0.000430 0.000430 0.000430 0.000430 0.000430 0.000430 0.000430 0.000430 0.000430 0.000430 0.000430 0.000430 0.000430 0.000430 0.000430 0.000430 0.000430 0.000430 0.000430 0.000430 0.000430 0.000430 0.000430 0.000430 0.000430 0.000430 0.000430 0.000430 0.000430 0.000430 0.000430 0.000430 0.000430 0.000430 0.000430 0.000430 0.000430 0.000429 0.000429 0.000429 0.000429 0.000429 0.000429 0.000429 0.000429 0.000429 0.000429 0.000428 0.000428 0.000428 0.000428 0.000428 0.000428 0.000427 0.000427 0.000427 0.000427 0.000426 0.000426 0.000426 0.000425 0.000425 0.000425 0.000425 0.000427 0.000430 0.000434 0.000433 0.000390 0.000162
0.000162 0.000391 0.000434 0.000435 0.000431 0.000428 0.000427 0.000427 0.000427 0.000427 0.000428 0.000428 0.000428 0.000429 0.000429 0.000429 0.000430 0.000430 0.000430 0.000431 0.000431 0.000431 0.000431 0.000431 0.000432 0.000432 0.000432 0.000432 0.000432 0.000432 0.000432 0.000432 0.000433 0.000433 0.000433 0.000433 0.000433 0.000433 0.000433 0.000433 0.000433 0.000433 0.000433 0.000433 0.000433 0.000433 0.000433 0.000433 0.000433 0.000433 0.000433 0.000433 0.000433 0.000433 0.000433 0.000433 0.000433 0.000433 0.000433 0.000433 0.000433 0.000433 0.000433 0.000433 0.000433 0.000433 0.000433 0.000433 0.000433 0.000433 0.000433 0.000433 0.000433 0.000433 0.000433 0.000433 0.000433 0.000433 0.000433 0.000433 0.000433 0.000433 0.000433 0.000433 0.000433 0.000433 0.000433 0.000433 0.000433 0.000433 0.000433 0.000433 0.000433 0.000433 0.000433 0.000433 0.000433 0.000433 0.000433 0.000433 0.000433 0.000433 0.000433 0.000433 0.000433 0.000433 0.000433 0.000433 0.000433 0.000433 0.000433 0.000433 0.000433 0.000433 0.000433 0.000433 0.000433 0.000433 0.000433 0.000433 0.000433 0.000433 0.000433 0.000433 0.000433 0.000433 0.000433 0.000433 0.000433 0.000433 0.000433 0.000433 0.000433 0.000433 0.000433 0.000433 0.000433 0.000433 0.000433 0.000433 0.000433 0.000433 0.000433 0.000433 0.000433 0.000433 0.000433 0.000433 0.000433 0.000433 0.000433 0.000433 0.000433 0.000433 0.000433 0.000433 0.000433 0.000433 0.000433 0.000433 0.000433 0.000433 0.000433 0.000433 0.000433 0.000433 0.000433 0.000433 0.000433 0.000433 0.000432 0.000432 0.000432 0.000432 0.000432 0.000432 0.000432 0.000432 0.000431 0.000431 0.000431 0.000431 0.000431 0.000430 0.000430 0.000430 0.000429 0.000429 0.000429 0.000428 0.000428 0.000428 0.000427 0.000427 0.000427 0.000427 0.000428 0.000431 0.000435 0.000434 0.000391 0.000162
0.000163 0.000393 0.000435 0.000437 0.000433 0.000430 0.000429 0.000429 0.000429 0.000430 0.000430 0.000431 0.000431 0.000432 0.000432 0.000432 0.000433 0.000433 0.000434 0.000434 0.000434 0.000434 0.000435 0.000435 0.000435 0.000435 0.000436 0.000436 0.000436 0.000436 0.000436 0.000436 0.000436 0.000436 0.000437 0.000437 0.000437 0.000437 0.000437 0.000437 0.000437 0.000437 0.000437 0.000437 0.000437 0.000437 0.000437 0.000437 0.000437 0.000437 0.000437 0.000437 0.000437 0.000437 0.000437 0.000437 0.000437 0.000437 0.000437 0.000437 0.000437 0.000437 0.000437 0.000437 0.000437 0.000437 0.000437 0.000437 0.000437 0.000437 0.000437 0.000437 0.000437 0.000437 0.000437 0.000437 0.000437 0.000437 0.000437 0.000437 0.000437 0.000437 0.000437 0.000437 0.000437 0.000437 0.000437 0.000437 0.000437 0.000437 0.000437 0.000437 0.000437 0.000437 0.000437 0.000437 0.000437 0.000437 0.000437 0.000437 0.000437 0.000437 0.000437 0.000437 0.000437 0.000437 0.000437 0.000437 0.000437 0.000437 0.000437 0.000437 0.000437 0.000437 0.000437 0.000437 0.000437 0.000437 0.000437 0.000437 0.000437 0.000437 0.000437 0.000437 0.000437 0.000437 0.000437 0.000437 0.000437 0.000437 0.000437 0.000437 0.000437 0.000437 0.000437 0.000437 0.000437 0.000437 0.000437 0.000437 0.000437 0.000437 0.000437 0.000437 0.000437 0.000437 0.000437 0.000437 0.000437 0.000437 0.000437 0.000437 0.000437 0.000437 0.000437 0.000437 0.000437 0.000437 0.000437 0.000437 0.000437 0.000437 0.000437 0.000437 0.000437 0.000437 0.000437 0.000437 0.000436 0.000436 0.000436 0.000436 0.000436 0.000436 0.000436 0.000436 0.000435 0.000435 0.000435 0.000435 0.000434 0.000434 0.000434 0.000434 0.000433 0.000433 0.000432 0.000432 0.000432 0.000431 0.000431 0.000430 0.000430 0.000429 0.000429 0.000429 0.000430 0.000433 0.000437 0.000435 0.000393 0.000163
0.000165 0.000395 0.000437 0.000439 0.000435 0.000433 0.000432 0.000432 0.000432 0.000433 0.000433 0.000434 0.000435 0.000435 0.000436 0.000436 0.000437 0.000437 0.000438 0.000438 0.000438 0.000439 0.000439 0.000439 0.000440 0.000440 0.000440 0.000440 0.000441 0.000441 0.000441 0.000441 0.000441 0.000441 0.000441 0.000442 0.000442 0.000442 0.000442 0.000442 0.000442 0.000442 0.000442 0.000442 0.000442 0.000442 0.000442 0.000442 0.000442 0.000442 0.000442 0.000442 0.000442 0.000442 0.000442 0.000442 0.000442 0.000442 0.000442 0.000442 0.000442 0.000442 0.000442 0.000442 0.000442 0.000442 0.000442 0.000442 0.000442 0.000442 0.000442 0.000442 0.000442 0.000442 0.000442 0.000442 0.000442 0.000442 0.000442 0.000442 0.000442 0.000442 0.000442 0.000442 0.000442 0.000442 0.000442 0.000442 0.000442 0.000442 0.000442 0.000442 0.000442 0.000442 0.000442 0.000442 0.000442 0.000442 0.000442 0.000442 0.000442 0.000442 0.000442 0.000442 0.000442 0.000442 0.000442 0.000442 0.000442 0.000442 0.000442 0.000442 0.000442 0.000442 0.000442 0.000442 0.000442 0.000442 0.000442 0.000442 0.000442 0.000442 0.000442 0.000442 0.000442 0.000442 0.000442 0.000442 0.000442 0.000442 0.000442 0.000442 0.000442 0.000442 0.000442 0.000442 0.000442 0.000442 0.000442 0.000442 0.000442 0.000442 0.000442 0.000442 0.000442 0.000442 0.000442 0.000442 0.000442 0.000442 0.000442 0.000442 0.000442 0.000442 0.000442 0.000442 0.000442 0.000442 0.000442 0.000442 0.000442 0.000442 0.000442 0.000442 0.000442 0.000442 0.000442 0.000441 0.000441 0.000441 0.000441 0.000441 0.000441 0.000441 0.000440 0.000440 0.000440 0.000440 0.000439 0.000439 0.000439 0.000438 0.000438 0.000438 0.000437 0.000437 0.000436 0.000436 0.000435 0.000435 0.000434 0.000433 0.000433 0.000432 0.000432 0.000432 0.000433 0.000435 0.000439 0.000437 0.000395 0.000165
0.000166 0.000397 0.000440 0.000442 0.000438 0.000436 0.000435 0.000435 0.000436 0.000437 0.000437 0.000438 0.000439 0.000440 0.000440 0.000441 0.000441 0.000442 0.000443 0.000443 0.000444 0.000444 0.000444 0.000445 0.000445 0.000445 0.000446 0.000446 0.000446 0.000447 0.000447 0.000447 0.000447 0.000447 0.000447 0.000448 0.000448 0.000448 0.000448 0.000448 0.000448 0.000448 0.000448 0.000448 0.000448 0.000448 0.000448 0.000448 0.000448 0.000448 0.000448 0.000448 0.000448 0.000448 0.000448 0.000448 0.000448 0.000448 0.000448 0.000448 0.000448 0.000448 0.000448 0.000448 0.000448 0.000448 0.000448 0.000448 0.000448 0.000448 0.000448 0.000448 0.000448 0.000448 0.000448 0.000448 0.000448 0.000448 0.000448 0.000448 0.000448 0.000448 0.000448 0.000448 0.000448 0.000448 0.000448 0.000448 0.000448 0.000448 0.000448 0.000448 0.000448 0.000448 0.000448 0.000448 0.000448 0.000448 0.000448 0.000448 0.000448 0.000448 0.000448 0.000448 0.000448 0.000448 0.000448 0.000448 0.000448 0.000448 0.000448 0.000448 0.000448 0.000448 0.000448 0.000448 0.000448 0.000448 0.000448 0.000448 0.000448 0.000448 0.000448 0.000448 0.000448 0.000448 0.000448 0.000448 0.000448 0.000448 0.000448 0.000448 0.000448 0.000448 0.000448 0.000448 0.000448 0.000448 0.000448 0.000448 0.000448 0.000448 0.000448 0.000448 0.000448 0.000448 0.000448 0.000448 0.000448 0.000448 0.000448 0.000448 0.000448 0.000448 0.000448 0.000448 0.000448 0.000448 0.000448 0.000448 0.000448 0.000448 0.000448 0.000448 0.000448 0.000448 0.000448 0.000447 0.000447 0.000447 0.000447 0.000447 0.000447 0.000446 0.000446 0.000446 0.000445 0.000445 0.000445 0.000444 0.000444 0.000444 0.000443 0.000443 0.000442 0.000441 0.000441 0.000440 0.000440 0.000439 0.000438 0.000437 0.000437 0.000436 0.000435 0.000435 0.000436 0.000438 0.000442 0.000440 0.000397 0.000166
0.000169 0.000400 0.000443 0.000445 0.000442 0.000440 0.000439 0.000440 0.000440 0.000441 0.000442 0.000443 0.000444 0.000445 0.000446 0.000447 0.000447 0.000448 0.000449 0.000449 0.000450 0.000450 0.000451 0.000451 0.000452 0.000452 0.000453 0.000453 0.000453 0.000454 0.000454 0.000454 0.000454 0.000455 0.000455 0.000455 0.000455 0.000455 0.000455 0.000455 0.000455 0.000456 0.000456 0.000456 0.000456 0.000456 0.000456 0.000456 0.000456 0.000456 0.000456 0.000456 0.000456 0.000456 0.000456 0.000456 0.000456 0.000456 0.000456 0.000456 0.000456 0.000456 0.000456 0.000456 0.000456 0.000456 0.000456 0.000456 0.000456 0.000456 0.000456 0.000456 0.000456 0.000456 0.000456 0.000456 0.000456 0.000456 0.000456 0.000456 0.000456 0.000456 0.000456 0.000456 0.000456 0.000456 0.000456 0.000456 0.000456 0.000456 0.000456 0.000456 0.000456 0.000456 0.000456 0.000456 0.000456 0.000456 0.000456 0.000456 0.000456 0.000456 0.000456 0.000456 0.000456 0.000456 0.000456 0.000456 0.000456 0.000456 0.000456 0.000456 0.000456 0.000456 0.000456 0.000456 0.000456 0.000456 0.000456 0.000456 0.000456 0.000456 0.000456 0.000456 0.000456 0.000456 0.000456 0.000456 0.000456 0.000456 0.000456 0.000456 0.000456 0.000456 0.000456 0.000456 0.000456 0.000456 0.000456 0.000456 0.000456 0.000456 0.000456 0.000456 0.000456 0.000456 0.000456 0.000456 0.000456 0.000456 0.000456 0.000456 0.000456 0.000456 0.000456 0.000456 0.000456 0.000456 0.000456 0.000456 0.000456 0.000455 0.000455 0.000455 0.000455 0.000455 0.000455 0.000455 0.000455 0.000454 0.000454 0.000454 0.000454 0.000453 0.000453 0.000453 0.000452 0.000452 0.000451 0.000451 0.000450 0.000450 0.000449 0.000449 0.000448 0.000447 0.000447 0.000446 0.000445 0.000444 0.000443 0.000442 0.000441 0.000440 0.000440 0.000439 0.000440 0.000442 0.000445 0.000443 0.000400 0.000169
0.000171 0.000403 0.000447 0.000449 0.000446 0.000444 0.000444 0.000445 0.000446 0.000447 0.000448 0.000449 0.000451 0.000452 0.000453 0.000454 0.000455 0.000455 0.000456 0.000457 0.000458 0.000458 0.000459 0.000460 0.000460 0.000461 0.000461 0.000462 0.000462 0.000462 0.000463 0.000463 0.000463 0.000463 0.000464 0.000464 0.000464 0.000464 0.000464 0.000464 0.000465 0.000465 0.000465 0.000465 0.000465 0.000465 0.000465 0.000465 0.000465 0.000465 0.000465 0.000465 0.000465 0.000465 0.000465 0.000465 0.000465 0.000465 0.000465 0.000465 0.000465 0.000465 0.000465 0.000465 0.000465 0.000465 0.000465 0.000465 0.000465 0.000465 0.000465 0.000465 0.000465 0.000465 0.000465 0.000465 0.000465 0.000465 0.000465 0.000465 0.000465 0.000465 0.000465 0.000465 0.000465 0.000465 0.000465 0.000465 0.000465 0.000465 0.000465 0.000465 0.000465 0.000465 0.000465 0.000465 0.000465 0.000465 0.000465 0.000465 0.000465 0.000465 0.000465 0.000465 0.000465 0.000465 0.000465 0.000465 0.000465 0.000465 0.000465 0.000465 0.000465 0.000465 0.000465 0.000465 0.000465 0.000465 0.000465 0.000465 0.000465 0.000465 0.000465 0.000465 0.000465 0.000465 0.000465 0.000465 0.000465 0.000465 0.000465 0.000465 0.000465 0.000465 0.000465 0.000465 0.000465 0.000465 0.000465 0.000465 0.000465 0.000465 0.000465 0.000465 0.000465 0.000465 0.000465 0.000465 0.000465 0.000465 0.000465 0.000465 0.000465 0.000465 0.000465 0.000465 0.000465 0.000465 0.000465 0.000465 0.000465 0.000465 0.000464 0.000464 0.000464 0.000464 0.000464 0.000464 0.000463 0.000463 0.000463 0.000463 0.000462 0.000462 0.000462 0.000461 0.000461 0.000460 0.000460 0.000459 0.000458 0.000458 0.000457 0.000456 0.000455 0.000455 0.000454 0.000453 0.000452 0.000451 0.000449 0.000448 0.000447 0.000446 0.000445 0.000444 0.000444 0.000446 0.000449 0.000447 0.000403 0.000171
0.000174 0.000408 0.000452 0.000454 0.000452 0.000450 0.000450 0.000451 0.000453 0.000454 0.000456 0.000457 0.000458 0.000460 0.000461 0.000462 0.000463 0.000464 0.000465 0.000466 0.000467 0.000468 0.000469 0.000470 0.000470 0.000471 0.000471 0.000472 0.000472 0.000473 0.000473 0.000474 0.000474 0.000474 0.000475 0.000475 0.000475 0.000475 0.000475 0.000475 0.000476 0.000476 0.000476 0.000476 0.000476 0.000476 0.000476 0.000476 0.000476 0.000476 0.000476 0.000476 0.000476 0.000476 0.000476 0.000476 0.000476 0.000476 0.000476 0.000476 0.000476 0.000476 0.000476 0.000476 0.000476 0.000476 0.000476 0.000476 0.000476 0.000476 0.000476 0.000476 0.000476 0.000476 0.000476 0.000476 0.000476 0.000476 0.000476 0.000476 0.000476 0.000476 0.000476 0.000476 0.000476 0.000476 0.000476 0.000476 0.000476 0.000476 0.000476 0.000476 0.000476 0.000476 0.000476 0.000476 0.000476 0.000476 0.000476 0.000476 0.000476 0.000476 0.000476 0.000476 0.000476 0.000476 0.000476 0.000476 0.000476 0.000476 0.000476 0.000476 0.000476 0.000476 0.000476 0.000476 0.000476 0.000476 0.000476 0.000476 0.000476 0.000476 0.000476 0.000476 0.000476 0.000476 0.000476 0.000476 0.000476 0.000476 0.000476 0.000476 0.000476 0.000476 0.000476 0.000476 0.000476 0.000476 0.000476 0.000476 0.000476 0.000476 0.000476 0.000476 0.000476 0.000476 0.000476 0.000476 0.000476 0.000476 0.000476 0.000476 0.000476 0.000476 0.000476 0.000476 0.000476 0.000476 0.000476 0.000476 0.000476 0.000476 0.000475 0.000475 0.000475 0.000475 0.000475 0.000475 0.000474 0.000474 0.000474 0.000473 0.000473 0.000472 0.000472 0.000471 0.000471 0.000470 0.000470 0.000469 0.000468 0.000467 0.000466 0.000465 0.000464 0.000463 0.000462 0.000461 0.000460 0.000458 0.000457 0.000456 0.000454 0.000453 0.000451 0.000450 0.000450 0.000452 0.000454 0.000452 0.000408 0.000174
0.000178 0.000413 0.000458 0.000461 0.000458 0.000457 0.000458 0.000459 0.000461 0.000463 0.000464 0.000466 0.000468 0.000469 0.000471 0.000472 0.000474 0.000475 0.000476 0.000477 0.000479 0.000480 0.000481 0.000481 0.000482 0.000483 0.000484 0.000484 0.000485 0.000485 0.000486 0.000486 0.000487 0.000487 0.000488 0.000488 0.000488 0.000488 0.000489 0.000489 0.000489 0.000489 0.000489 0.000489 0.000489 0.000489 0.000490 0.000490 0.000490 0.000490 0.000490 0.000490 0.000490 0.000490 0.000490 0.000490 0.000490 0.000490 0.000490 0.000490 0.000490 0.000490 0.000490 0.000490 0.000490 0.000490 0.000490 0.000490 0.000490 0.000490 0.000490 0.000490 0.000490 0.000490 0.000490 0.000490 0.000490 0.000490 0.000490 0.000490 0.000490 0.000490 0.000490 0.000490 0.000490 0.000490 0.000490 0.000490 0.000490 0.000490 0.000490 0.000490 0.000490 0.000490 0.000490 0.000490 0.000490 0.000490 0.000490 0.000490 0.000490 0.000490 0.000490 0.000490 0.000490 0.000490 0.000490 0.000490 0.000490 0.000490 0.000490 0.000490 0.000490 0.000490 0.000490 0.000490 0.000490 0.000490 0.000490 0.000490 0.000490 0.000490 0.000490 0.000490 0.000490 0.000490 0.000490 0.000490 0.000490 0.000490 0.000490 0.000490 0.000490 0.000490 0.000490 0.000490 0.000490 0.000490 0.000490 0.000490 0.000490 0.000490 0.000490 0.000490 0.000490 0.000490 0.000490 0.000490 0.000490 0.000490 0.000490 0.000490 0.000490 0.000490 0.000490 0.000490 0.000489 0.000489 0.000489 0.000489 0.000489 0.000489 0.000489 0.000489 0.000488 0.000488 0.000488 0.000488 0.000487 0.000487 0.000486 0.000486 0.000485 0.000485 0.000484 0.000484 0.000483 0.000482 0.000481 0.000481 0.000480 0.000479 0.000477 0.000476 0.000475 0.000474 0.000472 0.000471 0.000469 0.000468 0.000466 0.000464 0.000463 0.000461 0.000459 0.000458 0.000457 0.000458 0.000461 0.000458 0.000413 0.000178
0.000183 0.000420 0.000465 0.000469 0.000467 0.000466 0.000467 0.000469 0.000471 0.000473 0.000475 0.000477 0.000479 0.000481 0.000483 0.000485 0.000486 0.000488 0.000490 0.000491 0.000492 0.000493 0.000495 0.000496 0.000497 0.000498 0.000498 0.000499 0.000500 0.000501 0.000501 0.000502 0.000502 0.000503 0.000503 0.000503 0.000504 0.000504 0.000504 0.000505 0.000505 0.000505 0.000505 0.000505 0.000505 0.000505 0.000506 0.000506 0.000506 0.000506 0.000506 0.000506 0.000506 0.000506 0.000506 0.000506 0.000506 0.000506 0.000506 0.000506 0.000506 0.000506 0.000506 0.000506 0.000506 0.000506 0.000506 0.000506 0.000506 0.000506 0.000506 0.000506 0.000506 0.000506 0.000506 0.000506 0.000506 0.000506 0.000506 0.000506 0.000506 0.000506 0.000506 0.000506 0.000506 0.000506 0.000506 0.000506 0.000506 0.000506 0.000506 0.000506 0.000506 0.000506 0.000506 0.000506 0.000506 0.000506 0.000506 0.000506 0.000506 0.000506 0.000506 0.000506 0.000506 0.000506 0.000506 0.000506 0.000506 0.000506 0.000506 0.000506 0.000506 0.000506 0.000506 0.000506 0.000506 0.000506 0.000506 0.000506 0.000506 0.000506 0.000506 0.000506 0.000506 0.000506 0.000506 0.000506 0.000506 0.000506 0.000506 0.000506 0.000506 0.000506 0.000506 0.000506 0.000506 0.000506 0.000506 0.000506 0.000506 0.000506 0.000506 0.000506 0.000506 0.000506 0.000506 0.000506 0.000506 0.000506 0.000506 0.000506 0.000506 0.000506 0.000506 0.000506 0.000505 0.000505 0.000505 0.000505 0.000505 0.000505 0.000505 0.000504 0.000504 0.000504 0.000503 0.000503 0.000503 0.000502 0.000502 0.000501 0.000501 0.000500 0.000499 0.000498 0.000498 0.000497 0.000496 0.000495 0.000493 0.000492 0.000491 0.000490 0.000488 0.000486 0.000485 0.000483 0.000481 0.000479 0.000477 0.000475 0.000473 0.000471 0.000469 0.000467 0.000466 0.000467 0.000469 0.000465 0.000420 0.000183
0.000189 0.000428 0.000474 0.000478 0.000476 0.000476 0.000478 0.000480 0.000483 0.000485 0.000488 0.000491 0.000493 0.000495 0.000497 0.000500 0.000502 0.000503 0.000505 0.000507 0.000508 0.000510 0.000511 0.000513 0.000514 0.000515 0.000516 0.000517 0.000518 0.000519 0.000519 0.000520 0.000521 0.000521 0.000522 0.000522 0.000522 0.000523 0.000523 0.000523 0.000524 0.000524 0.000524 0.000524 0.000524 0.000524 0.000525 0.000525 0.000525 0.000525 0.000525 0.000525 0.000525 0.000525 0.000525 0.000525 0.000525 0.000525 0.000525 0.000525 0.000525 0.000525 0.000525 0.000525 0.000525 0.000525 0.000525 0.000525 0.000525 0.000525 0.000525 0.000525 0.000525 0.000525 0.000525 0.000525 0.000525 0.000525 0.000525 0.000525 0.000525 0.000525 0.000525 0.000525 0.000525 0.000525 0.000525 0.000525 0.000525 0.000525 0.000525 0.000525 0.000525 0.000525 0.000525 0.000525 0.000525 0.000525 0.000525 0.000525 0.000525 0.000525 0.000525 0.000525 0.000525 0.000525 0.000525 0.000525 0.000525 0.000525 0.000525 0.000525 0.000525 0.000525 0.000525 0.000525 0.000525 0.000525 0.000525 0.000525 0.000525 0.000525 0.000525 0.000525 0.000525 0.000525 0.000525 0.000525 0.000525 0.000525 0.000525 0.000525 0.000525 0.000525 0.000525 0.000525 0.000525 0.000525 0.000525 0.000525 0.000525 0.000525 0.000525 0.000525 0.000525 0.000525 0.000525 0.000525 0.000525 0.000525 0.000525 0.000525 0.000525 0.000525 0.000525 0.000525 0.000524 0.000524 0.000524 0.000524 0.000524 0.000524 0.000523 0.000523 0.000523 0.000522 0.000522 0.000522 0.000521 0.000521 0.000520 0.000519 0.000519 0.000518 0.000517 0.000516 0.000515 0.000514 0.000513 0.000511 0.000510 0.000508 0.000507 0.000505 0.000503 0.000502 0.000500 0.000497 0.000495 0.000493 0.000491 0.000488 0.000485 0.000483 0.000480 0.000478 0.000476 0.000476 0.000478 0.000474 0.000428 0.000189
0.000196 0.000437 0.000485 0.000489 0.000488 0.000489 0.000491 0.000494 0.000497 0.000500 0.000503 0.000506 0.000509 0.000512 0.000515 0.000517 0.000519 0.000522 0.000524 0.000526 0.000528 0.000529 0.000531 0.000533 0.000534 0.000535 0.000537 0.000538 0.000539 0.000540 0.000541 0.000541 0.000542 0.000543 0.000543 0.000544 0.000544 0.000545 0.000545 0.000546 0.000546 0.000546 0.000546 0.000547 0.000547 0.000547 0.000547 0.000547 0.000547 0.000547 0.000547 0.000547 0.000548 0.000548 0.000548 0.000548 0.000548 0.000548 0.000548 0.000548 0.000548 0.000548 0.000548 0.000548 0.000548 0.000548 0.000548 0.000548 0.000548 0.000548 0.000548 0.000548 0.000548 0.000548 0.000548 0.000548 0.000548 0.000548 0.000548 0.000548 0.000548 0.000548 0.000548 0.000548 0.000548 0.000548 0.000548 0.000548 0.000548 0.000548 0.000548 0.000548 0.000548 0.000548 0.000548 0.000548 0.000548 0.000548 0.000548 0.000548 0.000548 0.000548 0.000548 0.000548 0.000548 0.000548 0.000548 0.000548 0.000548 0.000548 0.000548 0.000548 0.000548 0.000548 0.000548 0.000548 0.000548 0.000548 0.000548 0.000548 0.000548 0.000548 0.000548 0.000548 0.000548 0.000548 0.000548 0.000548 0.000548 0.000548 0.000548 0.000548 0.000548 0.000548 0.000548 0.000548 0.000548 0.000548 0.000548 0.000548 0.000548 0.000548 0.000548 0.000548 0.000548 0.000548 0.000548 0.000548 0.000548 0.000548 0.000547 0.000547 0.000547 0.000547 0.000547 0.000547 0.000547 0.000547 0.000547 0.000546 0.000546 0.000546 0.000546 0.000545 0.000545 0.000544 0.000544 0.000543 0.000543 0.000542 0.000541 0.000541 0.000540 0.000539 0.000538 0.000537 0.000535 0.000534 0.000533 0.000531 0.000529 0.000528 0.000526 0.000524 0.000522 0.000519 0.000517 0.000515 0.000512 0.000509 0.000506 0.000503 0.000500 0.000497 0.000494 0.000491 0.000489 0.000488 0.000489 0.000485 0.000437 0.000196
0.000205 0.000449 0.000497 0.000503 0.000503 0.000504 0.000507 0.000510 0.000514 0.000518 0.000521 0.000525 0.000528 0.000532 0.000535 0.000538 0.000541 0.000543 0.000546 0.000548 0.000550 0.000553 0.000554 0.000556 0.000558 0.000560 0.000561 0.000562 0.000564 0.000565 0.000566 0.000567 0.000568 0.000568 0.000569 0.000570 0.000570 0.000571 0.000571 0.000572 0.000572 0.000572 0.000573 0.000573 0.000573 0.000573 0.000573 0.000574 0.000574 0.000574 0.000574 0.000574 0.000574 0.000574 0.000574 0.000574 0.000574 0.000574 0.000574 0.000574 0.000574 0.000574 0.000574 0.000574 0.000574 0.000574 0.000574 0.000574 0.000574 0.000574 0.000574 0.000574 0.000574 0.000574 0.000574 0.000574 0.000574 0.000574 0.000574 0.000574 0.000574 0.000574 0.000574 0.000574 0.000574 0.000574 0.000574 0.000574 0.000574 0.000574 0.000574 0.000574 0.000574 0.000574 0.000574 0.000574 0.000574 0.000574 0.000574 0.000574 0.000574 0.000574 0.000574 0.000574 0.000574 0.000574 0.000574 0.000574 0.000574 0.000574 0.000574 0.000574 0.000574 0.000574 0.000574 0.000574 0.000574 0.000574 0.000574 0.000574 0.000574 0.000574 0.000574 0.000574 0.000574 0.000574 0.000574 0.000574 0.000574 0.000574 0.000574 0.000574 0.000574 0.000574 0.000574 0.000574 0.000574 0.000574 0.000574 0.000574 0.000574 0.000574 0.000574 0.000574 0.000574 0.000574 0.000574 0.000574 0.000574 0.000574 0.000574 0.000574 0.000574 0.000574 0.000574 0.000573 0.000573 0.000573 0.000573 0.000573 0.000572 0.000572 0.000572 0.000571 0.000571 0.000570 0.000570 0.000569 0.000568 0.000568 0.000567 0.000566 0.000565 0.000564 0.000562 0.000561 0.000560 0.000558 0.000556 0.000554 0.000553 0.000550 0.000548 0.000546 0.000543 0.000541 0.000538 0.000535 0.000532 0.000528 0.000525 0.000521 0.000518 0.000514 0.000510 0.000507 0.000504 0.000503 0.000503 0.000497 0.000449 0.000205
0.000215 0.000463 0.000512 0.000518 0.000519 0.000521 0.000525 0.000529 0.000534 0.000538 0.000543 0.000547 0.000551 0.000555 0.000558 0.000562 0.000565 0.000568 0.000571 0.000574 0.000577 0.000579 0.000582 0.000584 0.000586 0.000588 0.000590 0.000591 0.000593 0.000594 0.000595 0.000596 0.000597 0.000598 0.000599 0.000600 0.000601 0.000601 0.000602 0.000602 0.000603 0.000603 0.000603 0.000604 0.000604 0.000604 0.000604 0.000605 0.000605 0.000605 0.000605 0.000605 0.000605 0.000605 0.000605 0.000605 0.000605 0.000605 0.000605 0.000605 0.000605 0.000605 0.000605 0.000605 0.000605 0.000605 0.000605 0.000605 0.000605 0.000605 0.000605 0.000605 0.000605 0.000605 0.000605 0.000605 0.000605 0.000605 0.000605 0.000605 0.000605 0.000605 0.000605 0.000605 0.000605 0.000605 0.000605 0.000605 0.000605 0.000605 0.000605 0.000605 0.000605 0.000605 0.000605 0.000605 0.000605 0.000605 0.000605 0.000605 0.000605 0.000605 0.000605 0.000605 0.000605 0.000605 0.000605 0.000605 0.000605 0.000605 0.000605 0.000605 0.000605 0.000605 0.000605 0.000605 0.000605 0.000605 0.000605 0.000605 0.000605 0.000605 0.000605 0.000605 0.000605 0.000605 0.000605 0.000605 0.000605 0.000605 0.000605 0.000605 0.000605 0.000605 0.000605 0.000605 0.000605 0.000605 0.000605 0.000605 0.000605 0.000605 0.000605 0.000605 0.000605 0.000605 0.000605 0.000605 0.000605 0.000605 0.000605 0.000605 0.000605 0.000605 0.000605 0.000604 0.000604 0.000604 0.000604 0.000603 0.000603 0.000603 0.000602 0.000602 0.000601 0.000601 0.000600 0.000599 0.000598 0.000597 0.000596 0.000595 0.000594 0.000593 0.000591 0.000590 0.000588 0.000586 0.000584 0.000582 0.000579 0.000577 0.000574 0.000571 0.000568 0.000565 0.000562 0.000558 0.000555 0.000551 0.000547 0.000543 0.000538 0.000534 0.000529 0.000525 0.000521 0.000519 0.000518 0.000512 0.000463 0.000215
0.000227 0.000479 0.000530 0.000537 0.000539 0.000542 0.000547 0.000552 0.000557 0.000562 0.000568 0.000573 0.000577 0.000582 0.000586 0.000590 0.000594 0.000598 0.000601 0.000605 0.000608 0.000611 0.000614 0.000616 0.000619 0.000621 0.000623 0.000625 0.000627 0.000628 0.000630 0.000631 0.000632 0.000633 0.000634 0.000635 0.000636 0.000637 0.000637 0.000638 0.000638 0.000639 0.000639 0.000640 0.000640 0.000640 0.000640 0.000641 0.000641 0.000641 0.000641 0.000641 0.000641 0.000641 0.000641 0.000641 0.000641 0.000642 0.000642 0.000642 0.000642 0.000642 0.000642 0.000642 0.000642 0.000642 0.000642 0.000642 0.000642 0.000642 0.000642 0.000642 0.000642 0.000642 0.000642 0.000642 0.000642 0.000642 0.000642 0.000642 0.000642 0.000642 0.000642 0.000642 0.000642 0.000642 0.000642 0.000642 0.000642 0.000642 0.000642 0.000642 0.000642 0.000642 0.000642 0.000642 0.000642 0.000642 0.000642 0.000642 0.000642 0.000642 0.000642 0.000642 0.000642 0.000642 0.000642 0.000642 0.000642 0.000642 0.000642 0.000642 0.000642 0.000642 0.000642 0.000642 0.000642 0.000642 0.000642 0.000642 0.000642 0.000642 0.000642 0.000642 0.000642 0.000642 0.000642 0.000642 0.000642 0.000642 0.000642 0.000642 0.000642 0.000642 0.000642 0.000642 0.000642 0.000642 0.000642 0.000642 0.000642 0.000642 0.000642 0.000642 0.000642 0.000641 0.000641 0.000641 0.000641 0.000641 0.000641 0.000641 0.000641 0.000641 0.000641 0.000640 0.000640 0.000640 0.000640 0.000639 0.000639 0.000638 0.000638 0.000637 0.000637 0.000636 0.000635 0.000634 0.000633 0.000632 0.000631 0.000630 0.000628 0.000627 0.000625 0.000623 0.000621 0.000619 0.000616 0.000614 0.000611 0.000608 0.000605 0.000601 0.000598 0.000594 0.000590 0.000586 0.000582 0.000577 0.000573 0.000568 0.000562 0.000557 0.000552 0.000547 0.000542 0.000539 0.000537 0.000530 0.000479 0.000227
0.000242 0.000499 0.000551 0.000559 0.000562 0.000566 0.000572 0.000578 0.000584 0.000591 0.000597 0.000602 0.000608 0.000613 0.000618 0.000623 0.000628 0.000632 0.000636 0.000640 0.000644 0.000647 0.000651 0.000654 0.000656 0.000659 0.000661 0.000664 0.000666 0.000668 0.000669 0.000671 0.000672 0.000674 0.000675 0.000676 0.000677 0.000678 0.000678 0.000679 0.000680 0.000680 0.000681 0.000681 0.000682 0.000682 0.000682 0.000682 0.000683 0.000683 0.000683 0.000683 0.000683 0.000683 0.000683 0.000683 0.000683 0.000683 0.000683 0.000684 0.000684 0.000684 0.000684 0.000684 0.000684 0.000684 0.000684 0.000684 0.000684 0.000684 0.000684 0.000684 0.000684 0.000684 0.000684 0.000684 0.000684 0.000684 0.000684 0.000684 0.000684 0.000684 0.000684 0.000684 0.000684 0.000684 0.000684 0.000684 0.000684 0.000684 0.000684 0.000684 0.000684 0.000684 0.000684 0.000684 0.000684 0.000684 0.000684 0.000684 0.000684 0.000684 0.000684 0.000684 0.000684 0.000684 0.000684 0.000684 0.000684 0.000684 0.000684 0.000684 0.000684 0.000684 0.000684 0.000684 0.000684 0.000684 0.000684 0.000684 0.000684 0.000684 0.000684 0.000684 0.000684 0.000684 0.000684 0.000684 0.000684 0.000684 0.000684 0.000684 0.000684 0.000684 0.000684 0.000684 0.000684 0.000684 0.000684 0.000684 0.000684 0.000684 0.000684 0.000683 0.000683 0.000683 0.000683 0.000683 0.000683 0.000683 0.000683 0.000683 0.000683 0.000683 0.000682 0.000682 0.000682 0.000682 0.000681 0.000681 0.000680 0.000680 0.000679 0.000678 0.000678 0.000677 0.000676 0.000675 0.000674 0.000672 0.000671 0.000669 0.000668 0.000666 0.000664 0.000661 0.000659 0.000656 0.000654 0.000651 0.000647 0.000644 0.000640 0.000636 0.000632 0.000628 0.000623 0.000618 0.000613 0.000608 0.000602 0.000597 0.000591 0.000584 0.000578 0.000572 0.000566 0.000562 0.000559 0.000551 0.000499 0.000242
0.000258 0.000521 0.000576 0.000585 0.000589 0.000595 0.000601 0.000609 0.000616 0.000623 0.000630 0.000637 0.000644 0.000650 0.000656 0.000661 0.000667 0.000672 0.000677 0.000681 0.000685 0.000689 0.000693 0.000697 0.000700 0.000703 0.000706 0.000708 0.000711 0.000713 0.000715 0.000717 0.000719 0.000720 0.000722 0.000723 0.000724 0.000725 0.000726 0.000727 0.000727 0.000728 0.000729 0.000729 0.000729 0.000730 0.000730 0.000730 0.000731 0.000731 0.000731 0.000731 0.000731 0.000731 0.000732 0.000732 0.000732 0.000732 0.000732 0.000732 0.000732 0.000732 0.000732 0.000732 0.000732 0.000732 0.000732 0.000732 0.000732 0.000732 0.000732 0.000732 0.000732 0.000732 0.000732 0.000732 0.000732 0.000732 0.000732 0.000732 0.000732 0.000732 0.000732 0.000732 0.000732 0.000732 0.000732 0.000732 0.000732 0.000732 0.000732 0.000732 0.000732 0.000732 0.000732 0.000732 0.000732 0.000732 0.000732 0.000732 0.000732 0.000732 0.000732 0.000732 0.000732 0.000732 0.000732 0.000732 0.000732 0.000732 0.000732 0.000732 0.000732 0.000732 0.000732 0.000732 0.000732 0.000732 0.000732 0.000732 0.000732 0.000732 0.000732 0.000732 0.000732 0.000732 0.000732 0.000732 0.000732 0.000732 0.000732 0.000732 0.000732 0.000732 0.000732 0.000732 0.000732 0.000732 0.000732 0.000732 0.000732 0.000732 0.000732 0.000732 0.000732 0.000732 0.000732 0.000732 0.000731 0.000731 0.000731 0.000731 0.000731 0.000731 0.000730 0.000730 0.000730 0.000729 0.000729 0.000729 0.000728 0.000727 0.000727 0.000726 0.000725 0.000724 0.000723 0.000722 0.000720 0.000719 0.000717 0.000715 0.000713 0.000711 0.000708 0.000706 0.000703 0.000700 0.000697 0.000693 0.000689 0.000685 0.000681 0.000677 0.000672 0.000667 0.000661 0.000656 0.000650 0.000644 0.000637 0.000630 0.000623 0.000616 0.000609 0.000601 0.000595 0.000589 0.000585 0.000576 0.000521 0.000258
0.000278 0.000548 0.000605 0.000615 0.000621 0.000628 0.000636 0.000644 0.000653 0.000661 0.000669 0.000677 0.000685 0.000692 0.000699 0.000705 0.000711 0.000717 0.000723 0.000728 0.000733 0.000738 0.000742 0.000746 0.000750 0.000754 0.000757 0.000760 0.000763 0.000765 0.000768 0.000770 0.000772 0.000774 0.000775 0.000777 0.000778 0.000779 0.000780 0.000781 0.000782 0.000783 0.000783 0.000784 0.000784 0.000785 0.000785 0.000786 0.000786 0.000786 0.000786 0.000787 0.000787 0.000787 0.000787 0.000787 0.000787 0.000787 0.000787 0.000787 0.000787 0.000787 0.000787 0.000787 0.000787 0.000787 0.000787 0.000787 0.000787 0.000787 0.000787 0.000787 0.000787 0.000787 0.000787 0.000787 0.000787 0.000787 0.000787 0.000787 0.000787 0.000787 0.000787 0.000787 0.000787 0.000787 0.000787 0.000787 0.000787 0.000787 0.000787 0.000787 0.000787 0.000787 0.000787 0.000787 0.000787 0.000787 0.000787 0.000787 0.000787 0.000787 0.000787 0.000787 0.000787 0.000787 0.000787 0.000787 0.000787 0.000787 0.000787 0.000787 0.000787 0.000787 0.000787 0.000787 0.000787 0.000787 0.000787 0.000787 0.000787 0.000787 0.000787 0.000787 0.000787 0.000787 0.000787 0.000787 0.000787 0.000787 0.000787 0.000787 0.000787 0.000787 0.000787 0.000787 0.000787 0.000787 0.000787 0.000787 0.000787 0.000787 0.000787 0.000787 0.000787 0.000787 0.000787 0.000787 0.000787 0.000787 0.000787 0.000786 0.000786 0.000786 0.000786 0.000785 0.000785 0.000784 0.000784 0.000783 0.000783 0.000782 0.000781 0.000780 0.000779 0.000778 0.000777 0.000775 0.000774 0.000772 0.000770 0.000768 0.000765 0.000763 0.000760 0.000757 0.000754 0.000750 0.000746 0.000742 0.000738 0.000733 0.000728 0.000723 0.000717 0.000711 0.000705 0.000699 0.000692 0.000685 0.000677 0.000669 0.000661 0.000653 0.000644 0.000636 0.000628 0.000621 0.000615 0.000605 0.000548 0.000278
0.000301 0.000579 0.000638 0.000650 0.000657 0.000666 0.000675 0.000685 0.000695 0.000705 0.000714 0.000723 0.000732 0.000740 0.000748 0.000755 0.000763 0.000769 0.000776 0.000782 0.000788 0.000793 0.000798 0.000803 0.000807 0.000811 0.000815 0.000819 0.000822 0.000825 0.000828 0.000830 0.000833 0.000835 0.000837 0.000838 0.000840 0.000841 0.000842 0.000844 0.000844 0.000845 0.000846 0.000847 0.000847 0.000848 0.000848 0.000849 0.000849 0.000849 0.000850 0.000850 0.000850 0.000850 0.000850 0.000850 0.000850 0.000850 0.000851 0.000851 0.000851 0.000851 0.000851 0.000851 0.000851 0.000851 0.000851 0.000851 0.000851 0.000851 0.000851 0.000851 0.000851 0.000851 0.000851 0.000851 0.000851 0.000851 0.000851 0.000851 0.000851 0.000851 0.000851 0.000851 0.000851 0.000851 0.000851 0.000851 0.000851 0.000851 0.000851 0.000851 0.000851 0.000851 0.000851 0.000851 0.000851 0.000851 0.000851 0.000851 0.000851 0.000851 0.000851 0.000851 0.000851 0.000851 0.000851 0.000851 0.000851 0.000851 0.000851 0.000851 0.000851 0.000851 0.000851 0.000851 0.000851 0.000851 0.000851 0.000851 0.000851 0.000851 0.000851 0.000851 0.000851 0.000851 0.000851 0.000851 0.000851 0.000851 0.000851 0.000851 0.000851 0.000851 0.000851 0.000851 0.000851 0.000851 0.000851 0.000851 0.000851 0.000851 0.000851 0.000851 0.000850 0.000850 0.000850 0.000850 0.000850 0.000850 0.000850 0.000850 0.000849 0.000849 0.000849 0.000848 0.000848 0.000847 0.000847 0.000846 0.000845 0.000844 0.000844 0.000842 0.000841 0.000840 0.000838 0.000837 0.000835 0.000833 0.000830 0.000828 0.000825 0.000822 0.000819 0.000815 0.000811 0.000807 0.000803 0.000798 0.000793 0.000788 0.000782 0.000776 0.000769 0.000763 0.000755 0.000748 0.000740 0.000732 0.000723 0.000714 0.000705 0.000695 0.000685 0.000675 0.000666 0.000657 0.000650 0.000638 0.000579 0.000301
0.000327 0.000615 0.000677 0.000691 0.000699 0.000709 0.000720 0.000732 0.000743 0.000754 0.000765 0.000775 0.000785 0.000795 0.000804 0.000813 0.000821 0.000829 0.000836 0.000843 0.000850 0.000856 0.000862 0.000867 0.000873 0.000877 0.000882 0.000886 0.000890 0.000893 0.000896 0.000899 0.000902 0.000904 0.000906 0.000908 0.000910 0.000912 0.000913 0.000914 0.000915 0.000916 0.000917 0.000918 0.000919 0.000919 0.000920 0.000920 0.000921 0.000921 0.000921 0.000922 0.000922 0.000922 0.000922 0.000922 0.000922 0.000922 0.000923 0.000923 0.000923 0.000923 0.000923 0.000923 0.000923 0.000923 0.000923 0.000923 0.000923 0.000923 0.000923 0.000923 0.000923 0.000923 0.000923 0.000923 0.000923 0.000923 0.000923 0.000923 0.000923 0.000923 0.000923 0.000923 0.000923 0.000923 0.000923 0.000923 0.000923 0.000923 0.000923 0.000923 0.000923 0.000923 0.000923 0.000923 0.000923 0.000923 0.000923 0.000923 0.000923 0.000923 0.000923 0.000923 0.000923 0.000923 0.000923 0.000923 0.000923 0.000923 0.000923 0.000923 0.000923 0.000923 0.000923 0.000923 0.000923 0.000923 0.000923 0.000923 0.000923 0.000923 0.000923 0.000923 0.000923 0.000923 0.000923 0.000923 0.000923 0.000923 0.000923 0.000923 0.000923 0.000923 0.000923 0.000923 0.000923 0.000923 0.000923 0.000923 0.000923 0.000923 0.000923 0.000923 0.000922 0.000922 0.000922 0.000922 0.000922 0.000922 0.000922 0.000921 0.000921 0.000921 0.000920 0.000920 0.000919 0.000919 0.000918 0.000917 0.000916 0.000915 0.000914 0.000913 0.000912 0.000910 0.000908 0.000906 0.000904 0.000902 0.000899 0.000896 0.000893 0.000890 0.000886 0.000882 0.000877 0.000873 0.000867 0.000862 0.000856 0.000850 0.000843 0.000836 0.000829 0.000821 0.000813 0.000804 0.000795 0.000785 0.000775 0.000765 0.000754 0.000743 0.000732 0.000720 0.000709 0.000699 0.000691 0.000677 0.000615 0.000327
0.000357 0.000656 0.000722 0.000737 0.000747 0.000759 0.000772 0.000785 0.000798 0.000811 0.000823 0.000835 0.000846 0.000857 0.000868 0.000878 0.000887 0.000896 0.000905 0.000913 0.000920 0.000928 0.000934 0.000941 0.000946 0.000952 0.000957 0.000962 0.000966 0.000970 0.000974 0.000977 0.000980 0.000983 0.000985 0.000988 0.000990 0.000991 0.000993 0.000995 0.000996 0.000997 0.000998 0.000999 0.001000 0.001000 0.001001 0.001002 0.001002 0.001002 0.001003 0.001003 0.001003 0.001003 0.001004 0.001004 0.001004 0.001004 0.001004 0.001004 0.001004 0.001004 0.001004 0.001004 0.001004 0.001004 0.001004 0.001004 0.001004 0.001004 0.001004 0.001004 0.001004 0.001004 0.001004 0.001004 0.001004 0.001004 0.001004 0.001004 0.001004 0.001004 0.001004 0.001004 0.001004 0.001004 0.001004 0.001004 0.001004 0.001004 0.001004 0.001004 0.001004 0.001004 0.001004 0.001004 0.001004 0.001004 0.001004 0.001004 0.001004 0.001004 0.001004 0.001004 0.001004 0.001004 0.001004 0.001004 0.001004 0.001004 0.001004 0.001004 0.001004 0.001004 0.001004 0.001004 0.001004 0.001004 0.001004 0.001004 0.001004 0.001004 0.001004 0.001004 0.001004 0.001004 0.001004 0.001004 0.001004 0.001004 0.001004 0.001004 0.001004 0.001004 0.001004 0.001004 0.001004 0.001004 0.001004 0.001004 0.001004 0.001004 0.001004 0.001004 0.001004 0.001004 0.001004 0.001004 0.001003 0.001003 0.001003 0.001003 0.001002 0.001002 0.001002 0.001001 0.001000 0.001000 0.000999 0.000998 0.000997 0.000996 0.000995 0.000993 0.000991 0.000990 0.000988 0.000985 0.000983 0.000980 0.000977 0.000974 0.000970 0.000966 0.000962 0.000957 0.000952 0.000946 0.000941 0.000934 0.000928 0.000920 0.000913 0.000905 0.000896 0.000887 0.000878 0.000868 0.000857 0.000846 0.000835 0.000823 0.000811 0.000798 0.000785 0.000772 0.000759 0.000747 0.000737 0.000722 0.000656 0.000357
0.000392 0.000704 0.000773 0.000790 0.000802 0.000816 0.000831 0.000846 0.000861 0.000875 0.000889 0.000903 0.000916 0.000928 0.000940 0.000951 0.000962 0.000972 0.000982 0.000991 0.001000 0.001008 0.001016 0.001023 0.001030 0.001036 0.001042 0.001047 0.001052 0.001057 0.001061 0.001065 0.001068 0.001071 0.001074 0.001077 0.001079 0.001081 0.001083 0.001085 0.001086 0.001088 0.001089 0.001090 0.001091 0.001092 0.001092 0.001093 0.001094 0.001094 0.001094 0.001095 0.001095 0.001095 0.001095 0.001096 0.001096 0.001096 0.001096 0.001096 0.001096 0.001096 0.001096 0.001096 0.001096 0.001096 0.001096 0.001096 0.001096 0.001096 0.001096 0.001096 0.001096 0.001096 0.001096 0.001096 0.001096 0.001096 0.001096 0.001096 0.001096 0.001096 0.001096 0.001096 0.001096 0.001096 0.001096 0.001096 0.001096 0.001096 0.001096 0.001096 0.001096 0.001096 0.001096 0.001096 0.001096 0.001096 0.001096 0.001096 0.001096 0.001096 0.001096 0.001096 0.001096 0.001096 0.001096 0.001096 0.001096 0.001096 0.001096 0.001096 0.001096 0.001096 0.001096 0.001096 0.001096 0.001096 0.001096 0.001096 0.001096 0.001096 0.001096 0.001096 0.001096 0.001096 0.001096 0.001096 0.001096 0.001096 0.001096 0.001096 0.001096 0.001096 0.001096 0.001096 0.001096 0.001096 0.001096 0.001096 0.001096 0.001096 0.001096 0.001096 0.001096 0.001096 0.001096 0.001095 0.001095 0.001095 0.001095 0.001094 0.001094 0.001094 0.001093 0.001092 0.001092 0.001091 0.001090 0.001089 0.001088 0.001086 0.001085 0.001083 0.001081 0.001079 0.001077 0.001074 0.001071 0.001068 0.001065 0.001061 0.001057 0.001052 0.001047 0.001042 0.001036 0.001030 0.001023 0.001016 0.001008 0.001000 0.000991 0.000982 0.000972 0.000962 0.000951 0.000940 0.000928 0.000916 0.000903 0.000889 0.000875 0.000861 0.000846 0.000831 0.000816 0.000802 0.000790 0.000773 0.000704 0.000392
0.000431 0.000758 0.000831 0.000850 0.000865 0.000881 0.000898 0.000915 0.000932 0.000948 0.000964 0.000979 0.000994 0.001008 0.001021 0.001034 0.001047 0.001058 0.001069 0.001080 0.001090 0.001099 0.001108 0.001116 0.001123 0.001131 0.001137 0.001143 0.001149 0.001154 0.001159 0.001163 0.001167 0.001171 0.001174 0.001177 0.001180 0.001182 0.001185 0.001186 0.001188 0.001190 0.001191 0.001192 0.001193 0.001194 0.001195 0.001196 0.001196 0.001197 0.001197 0.001198 0.001198 0.001198 0.001198 0.001199 0.001199 0.001199 0.001199 0.001199 0.001199 0.001199 0.001199 0.001199 0.001199 0.001199 0.001199 0.001199 0.001199 0.001200 0.001200 0.001200 0.001200 0.001200 0.001200 0.001200 0.001200 0.001200 0.001200 0.001200 0.001200 0.001200 0.001200 0.001200 0.001200 0.001200 0.001200 0.001200 0.001200 0.001200 0.001200 0.001200 0.001200 0.001200 0.001200 0.001200 0.001200 0.001200 0.001200 0.001200 0.001200 0.001200 0.001200 0.001200 0.001200 0.001200 0.001200 0.001200 0.001200 0.001200 0.001200 0.001200 0.001200 0.001200 0.001200 0.001200 0.001200 0.001200 0.001200 0.001200 0.001200 0.001200 0.001200 0.001200 0.001200 0.001200 0.001200 0.001200 0.001200 0.001200 0.001200 0.001200 0.001200 0.001199 0.001199 0.001199 0.001199 0.001199 0.001199 0.001199 0.001199 0.001199 0.001199 0.001199 0.001199 0.001199 0.001199 0.001198 0.001198 0.001198 0.001198 0.001197 0.001197 0.001196 0.001196 0.001195 0.001194 0.001193 0.001192 0.001191 0.001190 0.001188 0.001186 0.001185 0.001182 0.001180 0.001177 0.001174 0.001171 0.001167 0.001163 0.001159 0.001154 0.001149 0.001143 0.001137 0.001131 0.001123 0.001116 0.001108 0.001099 0.001090 0.001080 0.001069 0.001058 0.001047 0.001034 0.001021 0.001008 0.000994 0.000979 0.000964 0.000948 0.000932 0.000915 0.000898 0.000881 0.000865 0.000850 0.000831 0.000758 0.000431
0.000476 0.000820 0.000897 0.000918 0.000935 0.000954 0.000973 0.000992 0.001012 0.001030 0.001048 0.001065 0.001082 0.001098 0.001113 0.001127 0.001141 0.001154 0.001167 0.001179 0.001190 0.001200 0.001210 0.001219 0.001228 0.001236 0.001244 0.001251 0.001257 0.001263 0.001269 0.001273 0.001278 0.001282 0.001286 0.001289 0.001292 0.001295 0.001298 0.001300 0.001302 0.001304 0.001305 0.001306 0.001308 0.001309 0.001310 0.001310 0.001311 0.001312 0.001312 0.001313 0.001313 0.001313 0.001314 0.001314 0.001314 0.001314 0.001314 0.001314 0.001314 0.001315 0.001315 0.001315 0.001315 0.001315 0.001315 0.001315 0.001315 0.001315 0.001315 0.001315 0.001315 0.001315 0.001315 0.001315 0.001315 0.001315 0.001315 0.001315 0.001315 0.001315 0.001315 0.001315 0.001315 0.001315 0.001315 0.001315 0.001315 0.001315 0.001315 0.001315 0.001315 0.001315 0.001315 0.001315 0.001315 0.001315 0.001315 0.001315 0.001315 0.001315 0.001315 0.001315 0.001315 0.001315 0.001315 0.001315 0.001315 0.001315 0.001315 0.001315 0.001315 0.001315 0.001315 0.001315 0.001315 0.001315 0.001315 0.001315 0.001315 0.001315 0.001315 0.001315 0.001315 0.001315 0.001315 0.001315 0.001315 0.001315 0.001315 0.001315 0.001315 0.001315 0.001315 0.001315 0.001315 0.001315 0.001315 0.001315 0.001315 0.001314 0.001314 0.001314 0.001314 0.001314 0.001314 0.001314 0.001313 0.001313 0.001313 0.001312 0.001312 0.001311 0.001310 0.001310 0.001309 0.001308 0.001306 0.001305 0.001304 0.001302 0.001300 0.001298 0.001295 0.001292 0.001289 0.001286 0.001282 0.001278 0.001273 0.001269 0.001263 0.001257 0.001251 0.001244 0.001236 0.001228 0.001219 0.001210 0.001200 0.001190 0.001179 0.001167 0.001154 0.001141 0.001127 0.001113 0.001098 0.001082 0.001065 0.001048 0.001030 0.001012 0.000992 0.000973 0.000954 0.000935 0.000918 0.000897 0.000820 0.000476
0.000527 0.000890 0.000971 0.000995 0.001015 0.001036 0.001058 0.001080 0.001101 0.001122 0.001142 0.001161 0.001180 0.001198 0.001215 0.001231 0.001247 0.001262 0.001276 0.001289 0.001302 0.001313 0.001325 0.001335 0.001345 0.001354 0.001362 0.001370 0.001378 0.001384 0.001391 0.001396 0.001401 0.001406 0.001410 0.001414 0.001418 0.001421 0.001424 0.001426 0.001428 0.001430 0.001432 0.001434 0.001435 0.001436 0.001437 0.001438 0.001439 0.001439 0.001440 0.001441 0.001441 0.001441 0.001442 0.001442 0.001442 0.001442 0.001442 0.001443 0.001443 0.001443 0.001443 0.001443 0.001443 0.001443 0.001443 0.001443 0.001443 0.001443 0.001443 0.001443 0.001443 0.001443 0.001443 0.001443 0.001443 0.001443 0.001443 0.001443 0.001443 0.001443 0.001443 0.001443 0.001443 0.001443 0.001443 0.001443 0.001443 0.001443 0.001443 0.001443 0.001443 0.001443 0.001443 0.001443 0.001443 0.001443 0.001443 0.001443 0.001443 0.001443 0.001443 0.001443 0.001443 0.001443 0.001443 0.001443 0.001443 0.001443 0.001443 0.001443 0.001443 0.001443 0.001443 0.001443 0.001443 0.001443 0.001443 0.001443 0.001443 0.001443 0.001443 0.001443 0.001443 0.001443 0.001443 0.001443 0.001443 0.001443 0.001443 0.001443 0.001443 0.001443 0.001443 0.001443 0.001443 0.001443 0.001443 0.001443 0.001443 0.001443 0.001443 0.001442 0.001442 0.001442 0.001442 0.001442 0.001441 0.001441 0.001441 0.001440 0.001439 0.001439 0.001438 0.001437 0.001436 0.001435 0.001434 0.001432 0.001430 0.001428 0.001426 0.001424 0.001421 0.001418 0.001414 0.001410 0.001406 0.001401 0.001396 0.001391 0.001384 0.001378 0.001370 0.001362 0.001354 0.001345 0.001335 0.001325 0.001313 0.001302 0.001289 0.001276 0.001262 0.001247 0.001231 0.001215 0.001198 0.001180 0.001161 0.001142 0.001122 0.001101 0.001080 0.001058 0.001036 0.001015 0.000995 0.000971 0.000890 0.000527
0.000585 0.000969 0.001056 0.001082 0.001104 0.001128 0.001153 0.001177 0.001201 0.001224 0.001247 0.001268 0.001289 0.001309 0.001328 0.001347 0.001364 0.001381 0.001397 0.001412 0.001426 0.001439 0.001452 0.001463 0.001474 0.001485 0.001494 0.001503 0.001511 0.001519 0.001526 0.001532 0.001538 0.001543 0.001548 0.001552 0.001556 0.001560 0.001563 0.001566 0.001568 0.001571 0.001573 0.001574 0.001576 0.001577 0.001578 0.001580 0.001580 0.001581 0.001582 0.001582 0.001583 0.001583 0.001584 0.001584 0.001584 0.001584 0.001585 0.001585 0.001585 0.001585 0.001585 0.001585 0.001585 0.001585 0.001585 0.001585 0.001585 0.001585 0.001585 0.001585 0.001585 0.001585 0.001585 0.001585 0.001585 0.001585 0.001585 0.001585 0.001585 0.001585 0.001585 0.001585 0.001585 0.001585 0.001585 0.001585 0.001585 0.001585 0.001585 0.001585 0.001585 0.001585 0.001585 0.001585 0.001585 0.001585 0.001585 0.001585 0.001585 0.001585 0.001585 0.001585 0.001585 0.001585 0.001585 0.001585 0.001585 0.001585 0.001585 0.001585 0.001585 0.001585 0.001585 0.001585 0.001585 0.001585 0.001585 0.001585 0.001585 0.001585 0.001585 0.001585 0.001585 0.001585 0.001585 0.001585 0.001585 0.001585 0.001585 0.001585 0.001585 0.001585 0.001585 0.001585 0.001585 0.001585 0.001585 0.001585 0.001585 0.001585 0.001585 0.001585 0.001584 0.001584 0.001584 0.001584 0.001583 0.001583 0.001582 0.001582 0.001581 0.001580 0.001580 0.001578 0.001577 0.001576 0.001574 0.001573 0.001571 0.001568 0.001566 0.001563 0.001560 0.001556 0.001552 0.001548 0.001543 0.001538 0.001532 0.001526 0.001519 0.001511 0.001503 0.001494 0.001485 0.001474 0.001463 0.001452 0.001439 0.001426 0.001412 0.001397 0.001381 0.001364 0.001347 0.001328 0.001309 0.001289 0.001268 0.001247 0.001224 0.001201 0.001177 0.001153 0.001128 0.001104 0.001082 0.001056 0.000969 0.000585
0.000649 0.001057 0.001150 0.001179 0.001204 0.001231 0.001258 0.001286 0.001312 0.001338 0.001363 0.001387 0.001411 0.001433 0.001454 0.001475 0.001494 0.001513 0.001530 0.001547 0.001563 0.001578 0.001592 0.001605 0.001618 0.001629 0.001640 0.001650 0.001659 0.001667 0.001675 0.001682 0.001689 0.001695 0.001700 0.001705 0.001710 0.001714 0.001717 0.001720 0.001723 0.001726 0.001728 0.001730 0.001732 0.001733 0.001735 0.001736 0.001737 0.001738 0.001738 0.001739 0.001739 0.001740 0.001740 0.001741 0.001741 0.001741 0.001741 0.001742 0.001742 0.001742 0.001742 0.001742 0.001742 0.001742 0.001742 0.001742 0.001742 0.001742 0.001742 0.001742 0.001742 0.001742 0.001742 0.001742 0.001742 0.001742 0.001742 0.001742 0.001742 0.001742 0.001742 0.001742 0.001742 0.001742 0.001742 0.001742 0.001742 0.001742 0.001742 0.001742 0.001742 0.001742 0.001742 0.001742 0.001742 0.001742 0.001742 0.001742 0.001742 0.001742 0.001742 0.001742 0.001742 0.001742 0.001742 0.001742 0.001742 0.001742 0.001742 0.001742 0.001742 0.001742 0.001742 0.001742 0.001742 0.001742 0.001742 0.001742 0.001742 0.001742 0.001742 0.001742 0.001742 0.001742 0.001742 0.001742 0.001742 0.001742 0.001742 0.001742 0.001742 0.001742 0.001742 0.001742 0.001742 0.001742 0.001742 0.001742 0.001742 0.001742 0.001742 0.001741 0.001741 0.001741 0.001741 0.001740 0.001740 0.001739 0.001739 0.001738 0.001738 0.001737 0.001736 0.001735 0.001733 0.001732 0.001730 0.001728 0.001726 0.001723 0.001720 0.001717 0.001714 0.001710 0.001705 0.001700 0.001695 0.001689 0.001682 0.001675 0.001667 0.001659 0.001650 0.001640 0.001629 0.001618 0.001605 0.001592 0.001578 0.001563 0.001547 0.001530 0.001513 0.001494 0.001475 0.001454 0.001433 0.001411 0.001387 0.001363 0.001338 0.001312 0.001286 0.001258 0.001231 0.001204 0.001179 0.001150 0.001057 0.000649
0.000721 0.001156 0.001255 0.001287 0.001315 0.001345 0.001376 0.001406 0.001436 0.001465 0.001492 0.001519 0.001545 0.001570 0.001593 0.001616 0.001638 0.001658 0.001678 0.001697 0.001714 0.001731 0.001747 0.001761 0.001775 0.001788 0.001800 0.001811 0.001821 0.001831 0.001840 0.001848 0.001855 0.001862 0.001868 0.001873 0.001878 0.001883 0.001887 0.001890 0.001893 0.001896 0.001899 0.001901 0.001903 0.001905 0.001906 0.001907 0.001908 0.001909 0.001910 0.001911 0.001912 0.001912 0.001913 0.001913 0.001913 0.001914 0.001914 0.001914 0.001914 0.001914 0.001914 0.001914 0.001914 0.001915 0.001915 0.001915 0.001915 0.001915 0.001915 0.001915 0.001915 0.001915 0.001915 0.001915 0.001915 0.001915 0.001915 0.001915 0.001915 0.001915 0.001915 0.001915 0.001915 0.001915 0.001915 0.001915 0.001915 0.001915 0.001915 0.001915 0.001915 0.001915 0.001915 0.001915 0.001915 0.001915 0.001915 0.001915 0.001915 0.001915 0.001915 0.001915 0.001915 0.001915 0.001915 0.001915 0.001915 0.001915 0.001915 0.001915 0.001915 0.001915 0.001915 0.001915 0.001915 0.001915 0.001915 0.001915 0.001915 0.001915 0.001915 0.001915 0.001915 0.001915 0.001915 0.001915 0.001915 0.001915 0.001915 0.001915 0.001915 0.001915 0.001915 0.001915 0.001915 0.001914 0.001914 0.001914 0.001914 0.001914 0.001914 0.001914 0.001914 0.001913 0.001913 0.001913 0.001912 0.001912 0.001911 0.001910 0.001909 0.001908 0.001907 0.001906 0.001905 0.001903 0.001901 0.001899 0.001896 0.001893 0.001890 0.001887 0.001883 0.001878 0.001873 0.001868 0.001862 0.001855 0.001848 0.001840 0.001831 0.001821 0.001811 0.001800 0.001788 0.001775 0.001761 0.001747 0.001731 0.001714 0.001697 0.001678 0.001658 0.001638 0.001616 0.001593 0.001570 0.001545 0.001519 0.001492 0.001465 0.001436 0.001406 0.001376 0.001345 0.001315 0.001287 0.001255 0.001156 0.000721
0.000801 0.001267 0.001372 0.001407 0.001438 0.001471 0.001506 0.001539 0.001572 0.001604 0.001634 0.001664 0.001692 0.001720 0.001746 0.001771 0.001795 0.001818 0.001840 0.001861 0.001880 0.001899 0.001916 0.001933 0.001948 0.001962 0.001975 0.001988 0.001999 0.002010 0.002020 0.002029 0.002037 0.002044 0.002051 0.002057 0.002063 0.002068 0.002072 0.002076 0.002080 0.002083 0.002086 0.002088 0.002090 0.002092 0.002094 0.002095 0.002097 0.002098 0.002099 0.002099 0.002100 0.002101 0.002101 0.002102 0.002102 0.002102 0.002102 0.002103 0.002103 0.002103 0.002103 0.002103 0.002103 0.002103 0.002103 0.002103 0.002103 0.002104 0.002104 0.002104 0.002104 0.002104 0.002104 0.002104 0.002104 0.002104 0.002104 0.002104 0.002104 0.002104 0.002104 0.002104 0.002104 0.002104 0.002104 0.002104 0.002104 0.002104 0.002104 0.002104 0.002104 0.002104 0.002104 0.002104 0.002104 0.002104 0.002104 0.002104 0.002104 0.002104 0.002104 0.002104 0.002104 0.002104 0.002104 0.002104 0.002104 0.002104 0.002104 0.002104 0.002104 0.002104 0.002104 0.002104 0.002104 0.002104 0.002104 0.002104 0.002104 0.002104 0.002104 0.002104 0.002104 0.002104 0.002104 0.002104 0.002104 0.002104 0.002104 0.002104 0.002104 0.002103 0.002103 0.002103 0.002103 0.002103 0.002103 0.002103 0.002103 0.002103 0.002103 0.002102 0.002102 0.002102 0.002102 0.002101 0.002101 0.002100 0.002099 0.002099 0.002098 0.002097 0.002095 0.002094 0.002092 0.002090 0.002088 0.002086 0.002083 0.002080 0.002076 0.002072 0.002068 0.002063 0.002057 0.002051 0.002044 0.002037 0.002029 0.002020 0.002010 0.001999 0.001988 0.001975 0.001962 0.001948 0.001933 0.001916 0.001899 0.001880 0.001861 0.001840 0.001818 0.001795 0.001771 0.001746 0.001720 0.001692 0.001664 0.001634 0.001604 0.001572 0.001539 0.001506 0.001471 0.001438 0.001407 0.001372 0.001267 0.000801
0.000891 0.001389 0.001502 0.001540 0.001574 0.001611 0.001649 0.001686 0.001722 0.001757 0.001791 0.001823 0.001854 0.001885 0.001913 0.001941 0.001968 0.001993 0.002017 0.002040 0.002062 0.002082 0.002101 0.002120 0.002137 0.002152 0.002167 0.002181 0.002194 0.002205 0.002216 0.002226 0.002235 0.002243 0.002251 0.002258 0.002264 0.002269 0.002274 0.002279 0.002283 0.002286 0.002290 0.002292 0.002295 0.002297 0.002299 0.002300 0.002302 0.002303 0.002304 0.002305 0.002306 0.002306 0.002307 0.002307 0.002308 0.002308 0.002308 0.002309 0.002309 0.002309 0.002309 0.002309 0.002309 0.002309 0.002309 0.002309 0.002309 0.002309 0.002309 0.002310 0.002310 0.002310 0.002310 0.002310 0.002310 0.002310 0.002310 0.002310 0.002310 0.002310 0.002310 0.002310 0.002310 0.002310 0.002310 0.002310 0.002310 0.002310 0.002310 0.002310 0.002310 0.002310 0.002310 0.002310 0.002310 0.002310 0.002310 0.002310 0.002310 0.002310 0.002310 0.002310 0.002310 0.002310 0.002310 0.002310 0.002310 0.002310 0.002310 0.002310 0.002310 0.002310 0.002310 0.002310 0.002310 0.002310 0.002310 0.002310 0.002310 0.002310 0.002310 0.002310 0.002310 0.002310 0.002310 0.002310 0.002310 0.002310 0.002310 0.002309 0.002309 0.002309 0.002309 0.002309 0.002309 0.002309 0.002309 0.002309 0.002309 0.002309 0.002309 0.002308 0.002308 0.002308 0.002307 0.002307 0.002306 0.002306 0.002305 0.002304 0.002303 0.002302 0.002300 0.002299 0.002297 0.002295 0.002292 0.002290 0.002286 0.002283 0.002279 0.002274 0.002269 0.002264 0.002258 0.002251 0.002243 0.002235 0.002226 0.002216 0.002205 0.002194 0.002181 0.002167 0.002152 0.002137 0.002120 0.002101 0.002082 0.002062 0.002040 0.002017 0.001993 0.001968 0.001941 0.001913 0.001885 0.001854 0.001823 0.001791 0.001757 0.001722 0.001686 0.001649 0.001611 0.001574 0.001540 0.001502 0.001389 0.000891
0.000989 0.001525 0.001646 0.001686 0.001724 0.001764 0.001806 0.001846 0.001886 0.001924 0.001961 0.001997 0.002031 0.002064 0.002096 0.002127 0.002156 0.002184 0.002210 0.002235 0.002259 0.002282 0.002303 0.002323 0.002342 0.002359 0.002376 0.002391 0.002405 0.002418 0.002430 0.002441 0.002451 0.002460 0.002468 0.002476 0.002483 0.002489 0.002494 0.002499 0.002504 0.002508 0.002511 0.002514 0.002517 0.002519 0.002521 0.002523 0.002525 0.002526 0.002527 0.002528 0.002529 0.002530 0.002530 0.002531 0.002531 0.002532 0.002532 0.002532 0.002532 0.002533 0.002533 0.002533 0.002533 0.002533 0.002533 0.002533 0.002533 0.002533 0.002533 0.002533 0.002533 0.002533 0.002533 0.002533 0.002533 0.002533 0.002533 0.002533 0.002533 0.002533 0.002533 0.002533 0.002533 0.002533 0.002533 0.002533 0.002533 0.002533 0.002533 0.002533 0.002533 0.002533 0.002533 0.002533 0.002533 0.002533 0.002533 0.002533 0.002533 0.002533 0.002533 0.002533 0.002533 0.002533 0.002533 0.002533 0.002533 0.002533 0.002533 0.002533 0.002533 0.002533 0.002533 0.002533 0.002533 0.002533 0.002533 0.002533 0.002533 0.002533 0.002533 0.002533 0.002533 0.002533 0.002533 0.002533 0.002533 0.002533 0.002533 0.002533 0.002533 0.002533 0.002533 0.002533 0.002533 0.002533 0.002533 0.002533 0.002533 0.002532 0.002532 0.002532 0.002532 0.002531 0.002531 0.002530 0.002530 0.002529 0.002528 0.002527 0.002526 0.002525 0.002523 0.002521 0.002519 0.002517 0.002514 0.002511 0.002508 0.002504 0.002499 0.002494 0.002489 0.002483 0.002476 0.002468 0.002460 0.002451 0.002441 0.002430 0.002418 0.002405 0.002391 0.002376 0.002359 0.002342 0.002323 0.002303 0.002282 0.002259 0.002235 0.002210 0.002184 0.002156 0.002127 0.002096 0.002064 0.002031 0.001997 0.001961 0.001924 0.001886 0.001846 0.001806 0.001764 0.001724 0.001686 0.001646 0.001525 0.000989
0.001098 0.001674 0.001804 0.001847 0.001888 0.001932 0.001977 0.002022 0.002065 0.002107 0.002147 0.002186 0.002224 0.002260 0.002295 0.002328 0.002360 0.002391 0.002420 0.002447 0.002474 0.002498 0.002522 0.002544 0.002564 0.002584 0.002601 0.002618 0.002634 0.002648 0.002661 0.002673 0.002684 0.002694 0.002704 0.002712 0.002719 0.002726 0.002732 0.002738 0.002743 0.002747 0.002751 0.002754 0.002757 0.002760 0.002762 0.002764 0.002766 0.002767 0.002769 0.002770 0.002771 0.002771 0.002772 0.002773 0.002773 0.002774 0.002774 0.002774 0.002774 0.002775 0.002775 0.002775 0.002775 0.002775 0.002775 0.002775 0.002775 0.002775 0.002775 0.002775 0.002775 0.002775 0.002775 0.002775 0.002775 0.002775 0.002775 0.002775 0.002775 0.002775 0.002775 0.002775 0.002775 0.002775 0.002775 0.002775 0.002775 0.002775 0.002775 0.002775 0.002775 0.002775 0.002775 0.002775 0.002775 0.002775 0.002775 0.002775 0.002775 0.002775 0.002775 0.002775 0.002775 0.002775 0.002775 0.002775 0.002775 0.002775 0.002775 0.002775 0.002775 0.002775 0.002775 0.002775 0.002775 0.002775 0.002775 0.002775 0.002775 0.002775 0.002775 0.002775 0.002775 0.002775 0.002775 0.002775 0.002775 0.002775 0.002775 0.002775 0.002775 0.002775 0.002775 0.002775 0.002775 0.002775 0.002775 0.002775 0.002775 0.002774 0.002774 0.002774 0.002774 0.002773 0.002773 0.002772 0.002771 0.002771 0.002770 0.002769 0.002767 0.002766 0.002764 0.002762 0.002760 0.002757 0.002754 0.002751 0.002747 0.002743 0.002738 0.002732 0.002726 0.002719 0.002712 0.002704 0.002694 0.002684 0.002673 0.002661 0.002648 0.002634 0.002618 0.002601 0.002584 0.002564 0.002544 0.002522 0.002498 0.002474 0.002447 0.002420 0.002391 0.002360 0.002328 0.002295 0.002260 0.002224 0.002186 0.002147 0.002107 0.002065 0.002022 0.001977 0.001932 0.001888 0.001847 0.001804 0.001674 0.001098
0.001217 0.001838 0.001976 0.002022 0.002067 0.002115 0.002164 0.002213 0.002260 0.002305 0.002349 0.002392 0.002433 0.002472 0.002510 0.002546 0.002581 0.002615 0.002646 0.002677 0.002705 0.002732 0.002758 0.002782 0.002804 0.002826 0.002845 0.002864 0.002881 0.002896 0.002911 0.002924 0.002936 0.002947 0.002957 0.002966 0.002975 0.002982 0.002989 0.002995 0.003000 0.003005 0.003009 0.003013 0.003016 0.003019 0.003022 0.003024 0.003026 0.003027 0.003029 0.003030 0.003031 0.003032 0.003033 0.003033 0.003034 0.003034 0.003035 0.003035 0.003035 0.003035 0.003036 0.003036 0.003036 0.003036 0.003036 0.003036 0.003036 0.003036 0.003036 0.003036 0.003036 0.003036 0.003036 0.003036 0.003036 0.003036 0.003036 0.003036 0.003036 0.003036 0.003036 0.003036 0.003036 0.003036 0.003036 0.003036 0.003036 0.003036 0.003036 0.003036 0.003036 0.003036 0.003036 0.003036 0.003036 0.003036 0.003036 0.003036 0.003036 0.003036 0.003036 0.003036 0.003036 0.003036 0.003036 0.003036 0.003036 0.003036 0.003036 0.003036 0.003036 0.003036 0.003036 0.003036 0.003036 0.003036 0.003036 0.003036 0.003036 0.003036 0.003036 0.003036 0.003036 0.003036 0.003036 0.003036 0.003036 0.003036 0.003036 0.003036 0.003036 0.003036 0.003036 0.003036 0.003036 0.003036 0.003036 0.003036 0.003035 0.003035 0.003035 0.003035 0.003034 0.003034 0.003033 0.003033 0.003032 0.003031 0.003030 0.003029 0.003027 0.003026 0.003024 0.003022 0.003019 0.003016 0.003013 0.003009 0.003005 0.003000 0.002995 0.002989 0.002982 0.002975 0.002966 0.002957 0.002947 0.002936 0.002924 0.002911 0.002896 0.002881 0.002864 0.002845 0.002826 0.002804 0.002782 0.002758 0.002732 0.002705 0.002677 0.002646 0.002615 0.002581 0.002546 0.002510 0.002472 0.002433 0.002392 0.002349 0.002305 0.002260 0.002213 0.002164 0.002115 0.002067 0.002022 0.001976 0.001838 0.001217
0.001347 0.002017 0.002165 0.002214 0.002262 0.002314 0.002367 0.002420 0.002471 0.002520 0.002568 0.002614 0.002658 0.002701 0.002742 0.002782 0.002820 0.002856 0.002890 0.002923 0.002955 0.002984 0.003012 0.003038 0.003063 0.003086 0.003107 0.003127 0.003146 0.003163 0.003179 0.003194 0.003207 0.003219 0.003230 0.003240 0.003249 0.003257 0.003265 0.003271 0.003277 0.003282 0.003287 0.003291 0.003295 0.003298 0.003300 0.003303 0.003305 0.003307 0.003308 0.003310 0.003311 0.003312 0.003313 0.003313 0.003314 0.003314 0.003315 0.003315 0.003315 0.003316 0.003316 0.003316 0.003316 0.003316 0.003316 0.003316 0.003316 0.003316 0.003316 0.003317 0.003317 0.003317 0.003317 0.003317 0.003317 0.003317 0.003317 0.003317 0.003317 0.003317 0.003317 0.003317 0.003317 0.003317 0.003317 0.003317 0.003317 0.003317 0.003317 0.003317 0.003317 0.003317 0.003317 0.003317 0.003317 0.003317 0.003317 0.003317 0.003317 0.003317 0.003317 0.003317 0.003317 0.003317 0.003317 0.003317 0.003317 0.003317 0.003317 0.003317 0.003317 0.003317 0.003317 0.003317 0.003317 0.003317 0.003317 0.003317 0.003317 0.003317 0.003317 0.003317 0.003317 0.003317 0.003317 0.003317 0.003317 0.003317 0.003317 0.003316 0.003316 0.003316 0.003316 0.003316 0.003316 0.003316 0.003316 0.003316 0.003316 0.003315 0.003315 0.003315 0.003314 0.003314 0.003313 0.003313 0.003312 0.003311 0.003310 0.003308 0.003307 0.003305 0.003303 0.003300 0.003298 0.003295 0.003291 0.003287 0.003282 0.003277 0.003271 0.003265 0.003257 0.003249 0.003240 0.003230 0.003219 0.003207 0.003194 0.003179 0.003163 0.003146 0.003127 0.003107 0.003086 0.003063 0.003038 0.003012 0.002984 0.002955 0.002923 0.002890 0.002856 0.002820 0.002782 0.002742 0.002701 0.002658 0.002614 0.002568 0.002520 0.002471 0.002420 0.002367 0.002314 0.002262 0.002214 0.002165 0.002017 0.001347
0.001489 0.002212 0.002370 0.002422 0.002473 0.002530 0.002587 0.002643 0.002698 0.002751 0.002803 0.002853 0.002901 0.002947 0.002992 0.003035 0.003076 0.003115 0.003153 0.003188 0.003222 0.003254 0.003285 0.003313 0.003340 0.003365 0.003388 0.003410 0.003430 0.003449 0.003466 0.003482 0.003497 0.003510 0.003522 0.003533 0.003543 0.003552 0.003560 0.003567 0.003573 0.003579 0.003584 0.003588 0.003592 0.003596 0.003599 0.003601 0.003604 0.003606 0.003607 0.003609 0.003610 0.003611 0.003612 0.003613 0.003613 0.003614 0.003614 0.003615 0.003615 0.003615 0.003616 0.003616 0.003616 0.003616 0.003616 0.003616 0.003616 0.003616 0.003616 0.003616 0.003616 0.003616 0.003616 0.003616 0.003616 0.003616 0.003616 0.003616 0.003616 0.003616 0.003616 0.003616 0.003616 0.003616 0.003616 0.003616 0.003616 0.003616 0.003616 0.003616 0.003616 0.003616 0.003616 0.003616 0.003616 0.003616 0.003616 0.003616 0.003616 0.003616 0.003616 0.003616 0.003616 0.003616 0.003616 0.003616 0.003616 0.003616 0.003616 0.003616 0.003616 0.003616 0.003616 0.003616 0.003616 0.003616 0.003616 0.003616 0.003616 0.003616 0.003616 0.003616 0.003616 0.003616 0.003616 0.003616 0.003616 0.003616 0.003616 0.003616 0.003616 0.003616 0.003616 0.003616 0.003616 0.003616 0.003616 0.003616 0.003615 0.003615 0.003615 0.003614 0.003614 0.003613 0.003613 0.003612 0.003611 0.003610 0.003609 0.003607 0.003606 0.003604 0.003601 0.003599 0.003596 0.003592 0.003588 0.003584 0.003579 0.003573 0.003567 0.003560 0.003552 0.003543 0.003533 0.003522 0.003510 0.003497 0.003482 0.003466 0.003449 0.003430 0.003410 0.003388 0.003365 0.003340 0.003313 0.003285 0.003254 0.003222 0.003188 0.003153 0.003115 0.003076 0.003035 0.002992 0.002947 0.002901 0.002853 0.002803 0.002751 0.002698 0.002643 0.002587 0.002530 0.002473 0.002422 0.002370 0.002212 0.001489
0.001642 0.002424 0.002593 0.002647 0.002702 0.002762 0.002823 0.002884 0.002943 0.003000 0.003056 0.003109 0.003161 0.003211 0.003259 0.003305 0.003350 0.003392 0.003433 0.003472 0.003508 0.003543 0.003576 0.003607 0.003636 0.003663 0.003688 0.003712 0.003734 0.003754 0.003773 0.003790 0.003806 0.003820 0.003833 0.003845 0.003856 0.003865 0.003874 0.003882 0.003889 0.003895 0.003901 0.003905 0.003910 0.003913 0.003917 0.003920 0.003922 0.003924 0.003926 0.003928 0.003929 0.003930 0.003931 0.003932 0.003933 0.003933 0.003934 0.003934 0.003934 0.003935 0.003935 0.003935 0.003935 0.003935 0.003936 0.003936 0.003936 0.003936 0.003936 0.003936 0.003936 0.003936 0.003936 0.003936 0.003936 0.003936 0.003936 0.003936 0.003936 0.003936 0.003936 0.003936 0.003936 0.003936 0.003936 0.003936 0.003936 0.003936 0.003936 0.003936 0.003936 0.003936 0.003936 0.003936 0.003936 0.003936 0.003936 0.003936 0.003936 0.003936 0.003936 0.003936 0.003936 0.003936 0.003936 0.003936 0.003936 0.003936 0.003936 0.003936 0.003936 0.003936 0.003936 0.003936 0.003936 0.003936 0.003936 0.003936 0.003936 0.003936 0.003936 0.003936 0.003936 0.003936 0.003936 0.003936 0.003936 0.003936 0.003936 0.003936 0.003936 0.003936 0.003936 0.003936 0.003935 0.003935 0.003935 0.003935 0.003935 0.003934 0.003934 0.003934 0.003933 0.003933 0.003932 0.003931 0.003930 0.003929 0.003928 0.003926 0.003924 0.003922 0.003920 0.003917 0.003913 0.003910 0.003905 0.003901 0.003895 0.003889 0.003882 0.003874 0.003865 0.003856 0.003845 0.003833 0.003820 0.003806 0.003790 0.003773 0.003754 0.003734 0.003712 0.003688 0.003663 0.003636 0.003607 0.003576 0.003543 0.003508 0.003472 0.003433 0.003392 0.003350 0.003305 0.003259 0.003211 0.003161 0.003109 0.003056 0.003000 0.002943 0.002884 0.002823 0.002762 0.002702 0.002647 0.002593 0.002424 0.001642
0.001809 0.002653 0.002833 0.002889 0.002947 0.003011 0.003077 0.003142 0.003205 0.003267 0.003326 0.003383 0.003439 0.003493 0.003544 0.003594 0.003642 0.003688 0.003732 0.003773 0.003813 0.003850 0.003886 0.003919 0.003951 0.003980 0.004007 0.004033 0.004057 0.004079 0.004099 0.004117 0.004134 0.004150 0.004164 0.004177 0.004188 0.004199 0.004208 0.004217 0.004224 0.004231 0.004237 0.004242 0.004247 0.004251 0.004254 0.004257 0.004260 0.004262 0.004264 0.004266 0.004268 0.004269 0.004270 0.004271 0.004272 0.004272 0.004273 0.004273 0.004274 0.004274 0.004274 0.004274 0.004275 0.004275 0.004275 0.004275 0.004275 0.004275 0.004275 0.004275 0.004275 0.004275 0.004275 0.004275 0.004275 0.004275 0.004275 0.004275 0.004275 0.004275 0.004275 0.004275 0.004275 0.004275 0.004275 0.004275 0.004275 0.004275 0.004275 0.004275 0.004275 0.004275 0.004275 0.004275 0.004275 0.004275 0.004275 0.004275 0.004275 0.004275 0.004275 0.004275 0.004275 0.004275 0.004275 0.004275 0.004275 0.004275 0.004275 0.004275 0.004275 0.004275 0.004275 0.004275 0.004275 0.004275 0.004275 0.004275 0.004275 0.004275 0.004275 0.004275 0.004275 0.004275 0.004275 0.004275 0.004275 0.004275 0.004275 0.004275 0.004275 0.004275 0.004275 0.004275 0.004275 0.004275 0.004274 0.004274 0.004274 0.004274 0.004273 0.004273 0.004272 0.004272 0.004271 0.004270 0.004269 0.004268 0.004266 0.004264 0.004262 0.004260 0.004257 0.004254 0.004251 0.004247 0.004242 0.004237 0.004231 0.004224 0.004217 0.004208 0.004199 0.004188 0.004177 0.004164 0.004150 0.004134 0.004117 0.004099 0.004079 0.004057 0.004033 0.004007 0.003980 0.003951 0.003919 0.003886 0.003850 0.003813 0.003773 0.003732 0.003688 0.003642 0.003594 0.003544 0.003493 0.003439 0.003383 0.003326 0.003267 0.003205 0.003142 0.003077 0.003011 0.002947 0.002889 0.002833 0.002653 0.001809
0.001988 0.002900 0.003091 0.003150 0.003210 0.003278 0.003348 0.003418 0.003485 0.003551 0.003614 0.003676 0.003735 0.003793 0.003848 0.003902 0.003953 0.004002 0.004049 0.004094 0.004136 0.004177 0.004215 0.004251 0.004285 0.004316 0.004346 0.004373 0.004399 0.004422 0.004444 0.004464 0.004482 0.004499 0.004514 0.004528 0.004541 0.004552 0.004562 0.004571 0.004579 0.004587 0.004593 0.004599 0.004604 0.004608 0.004612 0.004615 0.004618 0.004620 0.004623 0.004624 0.004626 0.004627 0.004628 0.004629 0.004630 0.004631 0.004632 0.004632 0.004632 0.004633 0.004633 0.004633 0.004633 0.004634 0.004634 0.004634 0.004634 0.004634 0.004634 0.004634 0.004634 0.004634 0.004634 0.004634 0.004634 0.004634 0.004634 0.004634 0.004634 0.004634 0.004634 0.004634 0.004634 0.004634 0.004634 0.004634 0.004634 0.004634 0.004634 0.004634 0.004634 0.004634 0.004634 0.004634 0.004634 0.004634 0.004634 0.004634 0.004634 0.004634 0.004634 0.004634 0.004634 0.004634 0.004634 0.004634 0.004634 0.004634 0.004634 0.004634 0.004634 0.004634 0.004634 0.004634 0.004634 0.004634 0.004634 0.004634 0.004634 0.004634 0.004634 0.004634 0.004634 0.004634 0.004634 0.004634 0.004634 0.004634 0.004634 0.004634 0.004634 0.004634 0.004634 0.004634 0.004634 0.004633 0.004633 0.004633 0.004633 0.004632 0.004632 0.004632 0.004631 0.004630 0.004629 0.004628 0.004627 0.004626 0.004624 0.004623 0.004620 0.004618 0.004615 0.004612 0.004608 0.004604 0.004599 0.004593 0.004587 0.004579 0.004571 0.004562 0.004552 0.004541 0.004528 0.004514 0.004499 0.004482 0.004464 0.004444 0.004422 0.004399 0.004373 0.004346 0.004316 0.004285 0.004251 0.004215 0.004177 0.004136 0.004094 0.004049 0.004002 0.003953 0.003902 0.003848 0.003793 0.003735 0.003676 0.003614 0.003551 0.003485 0.003418 0.003348 0.003278 0.003210 0.003150 0.003091 0.002900 0.001988
0.002181 0.003165 0.003368 0.003428 0.003492 0.003563 0.003638 0.003711 0.003783 0.003853 0.003920 0.003986 0.004049 0.004111 0.004170 0.004227 0.004282 0.004335 0.004385 0.004433 0.004479 0.004522 0.004563 0.004601 0.004637 0.004671 0.004703 0.004732 0.004760 0.004785 0.004809 0.004830 0.004850 0.004868 0.004884 0.004899 0.004912 0.004924 0.004935 0.004945 0.004954 0.004961 0.004968 0.004974 0.004980 0.004984 0.004988 0.004992 0.004995 0.004998 0.005000 0.005002 0.005004 0.005005 0.005006 0.005008 0.005008 0.005009 0.005010 0.005010 0.005011 0.005011 0.005011 0.005012 0.005012 0.005012 0.005012 0.005012 0.005012 0.005012 0.005012 0.005012 0.005012 0.005013 0.005013 0.005013 0.005013 0.005013 0.005013 0.005013 0.005013 0.005013 0.005013 0.005013 0.005013 0.005013 0.005013 0.005013 0.005013 0.005013 0.005013 0.005013 0.005013 0.005013 0.005013 0.005013 0.005013 0.005013 0.005013 0.005013 0.005013 0.005013 0.005013 0.005013 0.005013 0.005013 0.005013 0.005013 0.005013 0.005013 0.005013 0.005013 0.005013 0.005013 0.005013 0.005013 0.005013 0.005013 0.005013 0.005013 0.005013 0.005013 0.005013 0.005013 0.005013 0.005013 0.005013 0.005013 0.005013 0.005012 0.005012 0.005012 0.005012 0.005012 0.005012 0.005012 0.005012 0.005012 0.005012 0.005011 0.005011 0.005011 0.005010 0.005010 0.005009 0.005008 0.005008 0.005006 0.005005 0.005004 0.005002 0.005000 0.004998 0.004995 0.004992 0.004988 0.004984 0.004980 0.004974 0.004968 0.004961 0.004954 0.004945 0.004935 0.004924 0.004912 0.004899 0.004884 0.004868 0.004850 0.004830 0.004809 0.004785 0.004760 0.004732 0.004703 0.004671 0.004637 0.004601 0.004563 0.004522 0.004479 0.004433 0.004385 0.004335 0.004282 0.004227 0.004170 0.004111 0.004049 0.003986 0.003920 0.003853 0.003783 0.003711 0.003638 0.003563 0.003492 0.003428 0.003368 0.003165 0.002181
0.002387 0.003448 0.003664 0.003725 0.003791 0.003866 0.003945 0.004022 0.004099 0.004172 0.004244 0.004314 0.004382 0.004447 0.004510 0.004571 0.004629 0.004686 0.004739 0.004791 0.004839 0.004885 0.004929 0.004970 0.005009 0.005045 0.005079 0.005111 0.005140 0.005167 0.005192 0.005215 0.005236 0.005255 0.005273 0.005289 0.005303 0.005316 0.005328 0.005338 0.005347 0.005356 0.005363 0.005369 0.005375 0.005380 0.005384 0.005388 0.005391 0.005394 0.005397 0.005399 0.005401 0.005402 0.005404 0.005405 0.005406 0.005406 0.005407 0.005408 0.005408 0.005408 0.005409 0.005409 0.005409 0.005409 0.005410 0.005410 0.005410 0.005410 0.005410 0.005410 0.005410 0.005410 0.005410 0.005410 0.005410 0.005410 0.005410 0.005410 0.005410 0.005410 0.005410 0.005410 0.005410 0.005410 0.005410 0.005410 0.005410 0.005410 0.005410 0.005410 0.005410 0.005410 0.005410 0.005410 0.005410 0.005410 0.005410 0.005410 0.005410 0.005410 0.005410 0.005410 0.005410 0.005410 0.005410 0.005410 0.005410 0.005410 0.005410 0.005410 0.005410 0.005410 0.005410 0.005410 0.005410 0.005410 0.005410 0.005410 0.005410 0.005410 0.005410 0.005410 0.005410 0.005410 0.005410 0.005410 0.005410 0.005410 0.005410 0.005410 0.005410 0.005410 0.005410 0.005410 0.005409 0.005409 0.005409 0.005409 0.005408 0.005408 0.005408 0.005407 0.005406 0.005406 0.005405 0.005404 0.005402 0.005401 0.005399 0.005397 0.005394 0.005391 0.005388 0.005384 0.005380 0.005375 0.005369 0.005363 0.005356 0.005347 0.005338 0.005328 0.005316 0.005303 0.005289 0.005273 0.005255 0.005236 0.005215 0.005192 0.005167 0.005140 0.005111 0.005079 0.005045 0.005009 0.004970 0.004929 0.004885 0.004839 0.004791 0.004739 0.004686 0.004629 0.004571 0.004510 0.004447 0.004382 0.004314 0.004244 0.004172 0.004099 0.004022 0.003945 0.003866 0.003791 0.003725 0.003664 0.003448 0.002387
0.002607 0.003750 0.003979 0.004041 0.004109 0.004187 0.004270 0.004352 0.004432 0.004510 0.004586 0.004660 0.004732 0.004801 0.004868 0.004933 0.004995 0.005055 0.005112 0.005167 0.005218 0.005268 0.005314 0.005358 0.005399 0.005438 0.005474 0.005507 0.005539 0.005568 0.005594 0.005619 0.005641 0.005661 0.005680 0.005697 0.005712 0.005726 0.005738 0.005750 0.005759 0.005768 0.005776 0.005783 0.005789 0.005794 0.005799 0.005803 0.005807 0.005810 0.005812 0.005814 0.005816 0.005818 0.005819 0.005821 0.005822 0.005822 0.005823 0.005824 0.005824 0.005825 0.005825 0.005825 0.005825 0.005826 0.005826 0.005826 0.005826 0.005826 0.005826 0.005826 0.005826 0.005826 0.005826 0.005826 0.005826 0.005826 0.005826 0.005826 0.005826 0.005826 0.005826 0.005826 0.005826 0.005826 0.005826 0.005826 0.005826 0.005826 0.005826 0.005826 0.005826 0.005826 0.005826 0.005826 0.005826 0.005826 0.005826 0.005826 0.005826 0.005826 0.005826 0.005826 0.005826 0.005826 0.005826 0.005826 0.005826 0.005826 0.005826 0.005826 0.005826 0.005826 0.005826 0.005826 0.005826 0.005826 0.005826 0.005826 0.005826 0.005826 0.005826 0.005826 0.005826 0.005826 0.005826 0.005826 0.005826 0.005826 0.005826 0.005826 0.005826 0.005826 0.005826 0.005826 0.005826 0.005825 0.005825 0.005825 0.005825 0.005824 0.005824 0.005823 0.005822 0.005822 0.005821 0.005819 0.005818 0.005816 0.005814 0.005812 0.005810 0.005807 0.005803 0.005799 0.005794 0.005789 0.005783 0.005776 0.005768 0.005759 0.005750 0.005738 0.005726 0.005712 0.005697 0.005680 0.005661 0.005641 0.005619 0.005594 0.005568 0.005539 0.005507 0.005474 0.005438 0.005399 0.005358 0.005314 0.005268 0.005218 0.005167 0.005112 0.005055 0.004995 0.004933 0.004868 0.004801 0.004732 0.004660 0.004586 0.004510 0.004432 0.004352 0.004270 0.004187 0.004109 0.004041 0.003979 0.003750 0.002607
0.002841 0.004072 0.004314 0.004376 0.004444 0.004526 0.004612 0.004698 0.004783 0.004866 0.004946 0.005024 0.005100 0.005173 0.005244 0.005313 0.005379 0.005442 0.005503 0.005561 0.005616 0.005668 0.005717 0.005764 0.005808 0.005849 0.005887 0.005923 0.005956 0.005986 0.006014 0.006040 0.006064 0.006086 0.006106 0.006124 0.006140 0.006154 0.006168 0.006179 0.006190 0.006199 0.006207 0.006215 0.006221 0.006227 0.006232 0.006236 0.006240 0.006243 0.006246 0.006248 0.006250 0.006252 0.006253 0.006255 0.006256 0.006256 0.006257 0.006258 0.006258 0.006259 0.006259 0.006259 0.006260 0.006260 0.006260 0.006260 0.006260 0.006260 0.006260 0.006260 0.006260 0.006261 0.006261 0.006261 0.006261 0.006261 0.006261 0.006261 0.006261 0.006261 0.006261 0.006261 0.006261 0.006261 0.006261 0.006261 0.006261 0.006261 0.006261 0.006261 0.006261 0.006261 0.006261 0.006261 0.006261 0.006261 0.006261 0.006261 0.006261 0.006261 0.006261 0.006261 0.006261 0.006261 0.006261 0.006261 0.006261 0.006261 0.006261 0.006261 0.006261 0.006261 0.006261 0.006261 0.006261 0.006261 0.006261 0.006261 0.006261 0.006261 0.006261 0.006261 0.006261 0.006261 0.006261 0.006261 0.006261 0.006260 0.006260 0.006260 0.006260 0.006260 0.006260 0.006260 0.006260 0.006260 0.006259 0.006259 0.006259 0.006258 0.006258 0.006257 0.006256 0.006256 0.006255 0.006253 0.006252 0.006250 0.006248 0.006246 0.006243 0.006240 0.006236 0.006232 0.006227 0.006221 0.006215 0.006207 0.006199 0.006190 0.006179 0.006168 0.006154 0.006140 0.006124 0.006106 0.006086 0.006064 0.006040 0.006014 0.005986 0.005956 0.005923 0.005887 0.005849 0.005808 0.005764 0.005717 0.005668 0.005616 0.005561 0.005503 0.005442 0.005379 0.005313 0.005244 0.005173 0.005100 0.005024 0.004946 0.004866 0.004783 0.004698 0.004612 0.004526 0.004444 0.004376 0.004314 0.004072 0.002841
0.003089 0.004412 0.004668 0.004729 0.004798 0.004882 0.004972 0.005063 0.005152 0.005238 0.005323 0.005405 0.005485 0.005563 0.005638 0.005710 0.005780 0.005847 0.005911 0.005972 0.006031 0.006086 0.006138 0.006187 0.006234 0.006277 0.006318 0.006355 0.006390 0.006423 0.006453 0.006480 0.006505 0.006528 0.006549 0.006568 0.006585 0.006601 0.006614 0.006627 0.006638 0.006648 0.006656 0.006664 0.006671 0.006677 0.006682 0.006687 0.006690 0.006694 0.006697 0.006699 0.006701 0.006703 0.006705 0.006706 0.006707 0.006708 0.006709 0.006710 0.006710 0.006711 0.006711 0.006711 0.006711 0.006712 0.006712 0.006712 0.006712 0.006712 0.006712 0.006712 0.006712 0.006712 0.006712 0.006712 0.006712 0.006712 0.006712 0.006712 0.006712 0.006712 0.006713 0.006713 0.006713 0.006713 0.006713 0.006713 0.006713 0.006713 0.006713 0.006713 0.006713 0.006713 0.006713 0.006713 0.006713 0.006713 0.006713 0.006713 0.006713 0.006713 0.006713 0.006713 0.006713 0.006713 0.006713 0.006713 0.006713 0.006713 0.006713 0.006713 0.006713 0.006713 0.006713 0.006713 0.006713 0.006713 0.006713 0.006713 0.006712 0.006712 0.006712 0.006712 0.006712 0.006712 0.006712 0.006712 0.006712 0.006712 0.006712 0.006712 0.006712 0.006712 0.006712 0.006712 0.006712 0.006711 0.006711 0.006711 0.006711 0.006710 0.006710 0.006709 0.006708 0.006707 0.006706 0.006705 0.006703 0.006701 0.006699 0.006697 0.006694 0.006690 0.006687 0.006682 0.006677 0.006671 0.006664 0.006656 0.006648 0.006638 0.006627 0.006614 0.006601 0.006585 0.006568 0.006549 0.006528 0.006505 0.006480 0.006453 0.006423 0.006390 0.006355 0.006318 0.006277 0.006234 0.006187 0.006138 0.006086 0.006031 0.005972 0.005911 0.005847 0.005780 0.005710 0.005638 0.005563 0.005485 0.005405 0.005323 0.005238 0.005152 0.005063 0.004972 0.004882 0.004798 0.004729 0.004668 0.004412 0.003089
0.003352 0.004772 0.005041 0.005101 0.005170 0.005257 0.005350 0.005445 0.005538 0.005629 0.005718 0.005804 0.005888 0.005970 0.006049 0.006126 0.006199 0.006270 0.006338 0.006402 0.006464 0.006522 0.006577 0.006629 0.006678 0.006724 0.006766 0.006806 0.006843 0.006877 0.006909 0.006937 0.006964 0.006988 0.007010 0.007030 0.007048 0.007064 0.007079 0.007092 0.007103 0.007114 0.007123 0.007131 0.007138 0.007144 0.007150 0.007154 0.007159 0.007162 0.007165 0.007168 0.007170 0.007172 0.007174 0.007175 0.007176 0.007177 0.007178 0.007179 0.007179 0.007180 0.007180 0.007180 0.007181 0.007181 0.007181 0.007181 0.007181 0.007181 0.007181 0.007182 0.007182 0.007182 0.007182 0.007182 0.007182 0.007182 0.007182 0.007182 0.007182 0.007182 0.007182 0.007182 0.007182 0.007182 0.007182 0.007182 0.007182 0.007182 0.007182 0.007182 0.007182 0.007182 0.007182 0.007182 0.007182 0.007182 0.007182 0.007182 0.007182 0.007182 0.007182 0.007182 0.007182 0.007182 0.007182 0.007182 0.007182 0.007182 0.007182 0.007182 0.007182 0.007182 0.007182 0.007182 0.007182 0.007182 0.007182 0.007182 0.007182 0.007182 0.007182 0.007182 0.007182 0.007182 0.007182 0.007182 0.007182 0.007182 0.007182 0.007181 0.007181 0.007181 0.007181 0.007181 0.007181 0.007181 0.007180 0.007180 0.007180 0.007179 0.007179 0.007178 0.007177 0.007176 0.007175 0.007174 0.007172 0.007170 0.007168 0.007165 0.007162 0.007159 0.007154 0.007150 0.007144 0.007138 0.007131 0.007123 0.007114 0.007103 0.007092 0.007079 0.007064 0.007048 0.007030 0.007010 0.006988 0.006964 0.006937 0.006909 0.006877 0.006843 0.006806 0.006766 0.006724 0.006678 0.006629 0.006577 0.006522 0.006464 0.006402 0.006338 0.006270 0.006199 0.006126 0.006049 0.005970 0.005888 0.005804 0.005718 0.005629 0.005538 0.005445 0.005350 0.005257 0.005170 0.005101 0.005041 0.004772 0.003352
0.003630 0.005152 0.005435 0.005492 0.005561 0.005649 0.005746 0.005845 0.005942 0.006037 0.006131 0.006221 0.006310 0.006396 0.006479 0.006560 0.006637 0.006711 0.006783 0.006851 0.006915 0.006977 0.007035 0.007089 0.007141 0.007189 0.007234 0.007275 0.007314 0.007350 0.007383 0.007413 0.007441 0.007466 0.007489 0.007510 0.007529 0.007546 0.007561 0.007575 0.007587 0.007598 0.007607 0.007616 0.007623 0.007630 0.007635 0.007640 0.007645 0.007648 0.007652 0.007654 0.007657 0.007659 0.007660 0.007662 0.007663 0.007664 0.007665 0.007666 0.007666 0.007667 0.007667 0.007667 0.007668 0.007668 0.007668 0.007668 0.007668 0.007668 0.007668 0.007669 0.007669 0.007669 0.007669 0.007669 0.007669 0.007669 0.007669 0.007669 0.007669 0.007669 0.007669 0.007669 0.007669 0.007669 0.007669 0.007669 0.007669 0.007669 0.007669 0.007669 0.007669 0.007669 0.007669 0.007669 0.007669 0.007669 0.007669 0.007669 0.007669 0.007669 0.007669 0.007669 0.007669 0.007669 0.007669 0.007669 0.007669 0.007669 0.007669 0.007669 0.007669 0.007669 0.007669 0.007669 0.007669 0.007669 0.007669 0.007669 0.007669 0.007669 0.007669 0.007669 0.007669 0.007669 0.007669 0.007669 0.007669 0.007669 0.007669 0.007668 0.007668 0.007668 0.007668 0.007668 0.007668 0.007668 0.007667 0.007667 0.007667 0.007666 0.007666 0.007665 0.007664 0.007663 0.007662 0.007660 0.007659 0.007657 0.007654 0.007652 0.007648 0.007645 0.007640 0.007635 0.007630 0.007623 0.007616 0.007607 0.007598 0.007587 0.007575 0.007561 0.007546 0.007529 0.007510 0.007489 0.007466 0.007441 0.007413 0.007383 0.007350 0.007314 0.007275 0.007234 0.007189 0.007141 0.007089 0.007035 0.006977 0.006915 0.006851 0.006783 0.006711 0.006637 0.006560 0.006479 0.006396 0.006310 0.006221 0.006131 0.006037 0.005942 0.005845 0.005746 0.005649 0.005561 0.005492 0.005435 0.005152 0.003630
0.003925 0.005554 0.005850 0.005903 0.005971 0.006061 0.006162 0.006264 0.006366 0.006466 0.006564 0.006659 0.006752 0.006842 0.006930 0.007014 0.007096 0.007174 0.007249 0.007320 0.007388 0.007452 0.007513 0.007571 0.007624 0.007675 0.007722 0.007766 0.007806 0.007844 0.007878 0.007910 0.007939 0.007965 0.007989 0.008011 0.008031 0.008048 0.008064 0.008078 0.008091 0.008102 0.008112 0.008121 0.008129 0.008136 0.008141 0.008147 0.008151 0.008155 0.008158 0.008161 0.008163 0.008166 0.008167 0.008169 0.008170 0.008171 0.008172 0.008173 0.008173 0.008174 0.008174 0.008175 0.008175 0.008175 0.008175 0.008175 0.008176 0.008176 0.008176 0.008176 0.008176 0.008176 0.008176 0.008176 0.008176 0.008176 0.008176 0.008176 0.008176 0.008176 0.008176 0.008176 0.008176 0.008176 0.008176 0.008176 0.008176 0.008176 0.008176 0.008176 0.008176 0.008176 0.008176 0.008176 0.008176 0.008176 0.008176 0.008176 0.008176 0.008176 0.008176 0.008176 0.008176 0.008176 0.008176 0.008176 0.008176 0.008176 0.008176 0.008176 0.008176 0.008176 0.008176 0.008176 0.008176 0.008176 0.008176 0.008176 0.008176 0.008176 0.008176 0.008176 0.008176 0.008176 0.008176 0.008176 0.008176 0.008176 0.008176 0.008176 0.008176 0.008176 0.008175 0.008175 0.008175 0.008175 0.008175 0.008174 0.008174 0.008173 0.008173 0.008172 0.008171 0.008170 0.008169 0.008167 0.008166 0.008163 0.008161 0.008158 0.008155 0.008151 0.008147 0.008141 0.008136 0.008129 0.008121 0.008112 0.008102 0.008091 0.008078 0.008064 0.008048 0.008031 0.008011 0.007989 0.007965 0.007939 0.007910 0.007878 0.007844 0.007806 0.007766 0.007722 0.007675 0.007624 0.007571 0.007513 0.007452 0.007388 0.007320 0.007249 0.007174 0.007096 0.007014 0.006930 0.006842 0.006752 0.006659 0.006564 0.006466 0.006366 0.006264 0.006162 0.006061 0.005971 0.005903 0.005850 0.005554 0.003925
0.004238 0.005979 0.006289 0.006339 0.006405 0.006497 0.006602 0.006709 0.006816 0.006921 0.007024 0.007124 0.007222 0.007317 0.007409 0.007497 0.007583 0.007665 0.007743 0.007818 0.007889 0.007957 0.008020 0.008080 0.008137 0.008189 0.008238 0.008284 0.008326 0.008365 0.008401 0.008434 0.008465 0.008492 0.008517 0.008540 0.008560 0.008579 0.008595 0.008610 0.008623 0.008635 0.008645 0.008654 0.008662 0.008669 0.008675 0.008680 0.008685 0.008689 0.008692 0.008695 0.008698 0.008700 0.008702 0.008703 0.008705 0.008706 0.008707 0.008707 0.008708 0.008708 0.008709 0.008709 0.008709 0.008710 0.008710 0.008710 0.008710 0.008710 0.008710 0.008710 0.008710 0.008711 0.008711 0.008711 0.008711 0.008711 0.008711 0.008711 0.008711 0.008711 0.008711 0.008711 0.008711 0.008711 0.008711 0.008711 0.008711 0.008711 0.008711 0.008711 0.008711 0.008711 0.008711 0.008711 0.008711 0.008711 0.008711 0.008711 0.008711 0.008711 0.008711 0.008711 0.008711 0.008711 0.008711 0.008711 0.008711 0.008711 0.008711 0.008711 0.008711 0.008711 0.008711 0.008711 0.008711 0.008711 0.008711 0.008711 0.008711 0.008711 0.008711 0.008711 0.008711 0.008711 0.008711 0.008711 0.008711 0.008710 0.008710 0.008710 0.008710 0.008710 0.008710 0.008710 0.008710 0.008709 0.008709 0.008709 0.008708 0.008708 0.008707 0.008707 0.008706 0.008705 0.008703 0.008702 0.008700 0.008698 0.008695 0.008692 0.008689 0.008685 0.008680 0.008675 0.008669 0.008662 0.008654 0.008645 0.008635 0.008623 0.008610 0.008595 0.008579 0.008560 0.008540 0.008517 0.008492 0.008465 0.008434 0.008401 0.008365 0.008326 0.008284 0.008238 0.008189 0.008137 0.008080 0.008020 0.007957 0.007889 0.007818 0.007743 0.007665 0.007583 0.007497 0.007409 0.007317 0.007222 0.007124 0.007024 0.006921 0.006816 0.006709 0.006602 0.006497 0.006405 0.006339 0.006289 0.005979 0.004238
0.004578 0.006436 0.006761 0.006808 0.006874 0.006970 0.007079 0.007193 0.007306 0.007417 0.007525 0.007631 0.007734 0.007834 0.007931 0.008024 0.008114 0.008200 0.008283 0.008361 0.008436 0.008506 0.008573 0.008636 0.008694 0.008749 0.008800 0.008848 0.008892 0.008933 0.008970 0.009004 0.009035 0.009064 0.009090 0.009113 0.009134 0.009153 0.009170 0.009186 0.009199 0.009211 0.009222 0.009231 0.009239 0.009247 0.009253 0.009258 0.009263 0.009267 0.009271 0.009274 0.009276 0.009279 0.009280 0.009282 0.009283 0.009284 0.009285 0.009286 0.009287 0.009287 0.009288 0.009288 0.009288 0.009289 0.009289 0.009289 0.009289 0.009289 0.009289 0.009289 0.009289 0.009289 0.009289 0.009289 0.009289 0.009289 0.009289 0.009290 0.009290 0.009290 0.009290 0.009290 0.009290 0.009290 0.009290 0.009290 0.009290 0.009290 0.009290 0.009290 0.009290 0.009290 0.009290 0.009290 0.009290 0.009290 0.009290 0.009290 0.009290 0.009290 0.009290 0.009290 0.009290 0.009290 0.009290 0.009290 0.009290 0.009290 0.009290 0.009290 0.009290 0.009290 0.009290 0.009290 0.009290 0.009290 0.009290 0.009290 0.009290 0.009290 0.009290 0.009289 0.009289 0.009289 0.009289 0.009289 0.009289 0.009289 0.009289 0.009289 0.009289 0.009289 0.009289 0.009289 0.009289 0.009288 0.009288 0.009288 0.009287 0.009287 0.009286 0.009285 0.009284 0.009283 0.009282 0.009280 0.009279 0.009276 0.009274 0.009271 0.009267 0.009263 0.009258 0.009253 0.009247 0.009239 0.009231 0.009222 0.009211 0.009199 0.009186 0.009170 0.009153 0.009134 0.009113 0.009090 0.009064 0.009035 0.009004 0.008970 0.008933 0.008892 0.008848 0.008800 0.008749 0.008694 0.008636 0.008573 0.008506 0.008436 0.008361 0.008283 0.008200 0.008114 0.008024 0.007931 0.007834 0.007734 0.007631 0.007525 0.007417 0.007306 0.007193 0.007079 0.006970 0.006874 0.006808 0.006761 0.006436 0.004578
0.004961 0.006943 0.007286 0.007333 0.007403 0.007505 0.007623 0.007745 0.007866 0.007985 0.008101 0.008214 0.008323 0.008429 0.008532 0.008631 0.008726 0.008816 0.008903 0.008985 0.009064 0.009137 0.009207 0.009273 0.009334 0.009391 0.009444 0.009494 0.009539 0.009581 0.009620 0.009656 0.009688 0.009717 0.009744 0.009768 0.009790 0.009810 0.009827 0.009843 0.009857 0.009869 0.009880 0.009890 0.009898 0.009905 0.009912 0.009917 0.009922 0.009927 0.009930 0.009933 0.009936 0.009938 0.009940 0.009942 0.009943 0.009944 0.009945 0.009946 0.009946 0.009947 0.009947 0.009948 0.009948 0.009948 0.009948 0.009949 0.009949 0.009949 0.009949 0.009949 0.009949 0.009949 0.009949 0.009949 0.009949 0.009949 0.009949 0.009949 0.009949 0.009949 0.009949 0.009949 0.009949 0.009949 0.009949 0.009949 0.009949 0.009949 0.009949 0.009949 0.009949 0.009949 0.009949 0.009949 0.009949 0.009949 0.009949 0.009949 0.009949 0.009949 0.009949 0.009949 0.009949 0.009949 0.009949 0.009949 0.009949 0.009949 0.009949 0.009949 0.009949 0.009949 0.009949 0.009949 0.009949 0.009949 0.009949 0.009949 0.009949 0.009949 0.009949 0.009949 0.009949 0.009949 0.009949 0.009949 0.009949 0.009949 0.009949 0.009949 0.009949 0.009949 0.009949 0.009948 0.009948 0.009948 0.009948 0.009947 0.009947 0.009946 0.009946 0.009945 0.009944 0.009943 0.009942 0.009940 0.009938 0.009936 0.009933 0.009930 0.009927 0.009922 0.009917 0.009912 0.009905 0.009898 0.009890 0.009880 0.009869 0.009857 0.009843 0.009827 0.009810 0.009790 0.009768 0.009744 0.009717 0.009688 0.009656 0.009620 0.009581 0.009539 0.009494 0.009444 0.009391 0.009334 0.009273 0.009207 0.009137 0.009064 0.008985 0.008903 0.008816 0.008726 0.008631 0.008532 0.008429 0.008323 0.008214 0.008101 0.007985 0.007866 0.007745 0.007623 0.007505 0.007403 0.007333 0.007286 0.006943 0.004961
0.005420 0.007542 0.007911 0.007965 0.008045 0.008160 0.008292 0.008427 0.008560 0.008690 0.008816 0.008938 0.009057 0.009171 0.009280 0.009386 0.009486 0.009583 0.009674 0.009761 0.009844 0.009921 0.009994 0.010063 0.010127 0.010186 0.010242 0.010293 0.010340 0.010384 0.010424 0.010460 0.010494 0.010524 0.010552 0.010577 0.010599 0.010619 0.010637 0.010653 0.010667 0.010680 0.010691 0.010701 0.010710 0.010717 0.010724 0.010729 0.010734 0.010738 0.010742 0.010745 0.010748 0.010750 0.010752 0.010754 0.010755 0.010756 0.010757 0.010758 0.010759 0.010759 0.010760 0.010760 0.010760 0.010761 0.010761 0.010761 0.010761 0.010761 0.010761 0.010761 0.010761 0.010761 0.010761 0.010761 0.010761 0.010761 0.010761 0.010761 0.010761 0.010761 0.010761 0.010761 0.010761 0.010761 0.010761 0.010761 0.010761 0.010761 0.010761 0.010761 0.010761 0.010761 0.010761 0.010761 0.010761 0.010761 0.010761 0.010761 0.010761 0.010761 0.010761 0.010761 0.010761 0.010761 0.010761 0.010761 0.010761 0.010761 0.010761 0.010761 0.010761 0.010761 0.010761 0.010761 0.010761 0.010761 0.010761 0.010761 0.010761 0.010761 0.010761 0.010761 0.010761 0.010761 0.010761 0.010761 0.010761 0.010761 0.010761 0.010761 0.010761 0.010761 0.010761 0.010761 0.010761 0.010760 0.010760 0.010760 0.010759 0.010759 0.010758 0.010757 0.010756 0.010755 0.010754 0.010752 0.010750 0.010748 0.010745 0.010742 0.010738 0.010734 0.010729 0.010724 0.010717 0.010710 0.010701 0.010691 0.010680 0.010667 0.010653 0.010637 0.010619 0.010599 0.010577 0.010552 0.010524 0.010494 0.010460 0.010424 0.010384 0.010340 0.010293 0.010242 0.010186 0.010127 0.010063 0.009994 0.009921 0.009844 0.009761 0.009674 0.009583 0.009486 0.009386 0.009280 0.009171 0.009057 0.008938 0.008816 0.008690 0.008560 0.008427 0.008292 0.008160 0.008045 0.007965 0.007911 0.007542 0.005420
0.006024 0.008311 0.008721 0.008795 0.008897 0.009036 0.009191 0.009347 0.009498 0.009645 0.009786 0.009922 0.010052 0.010177 0.010296 0.010411 0.010519 0.010622 0.010720 0.010813 0.010900 0.010982 0.011058 0.011130 0.011197 0.011259 0.011317 0.011370 0.011419 0.011465 0.011506 0.011544 0.011578 0.011609 0.011638 0.011663 0.011686 0.011707 0.011725 0.011741 0.011756 0.011769 0.011780 0.011790 0.011799 0.011806 0.011813 0.011819 0.011824 0.011828 0.011832 0.011835 0.011838 0.011840 0.011842 0.011843 0.011845 0.011846 0.011847 0.011848 0.011848 0.011849 0.011849 0.011850 0.011850 0.011850 0.011850 0.011851 0.011851 0.011851 0.011851 0.011851 0.011851 0.011851 0.011851 0.011851 0.011851 0.011851 0.011851 0.011851 0.011851 0.011851 0.011851 0.011851 0.011851 0.011851 0.011851 0.011851 0.011851 0.011851 0.011851 0.011851 0.011851 0.011851 0.011851 0.011851 0.011851 0.011851 0.011851 0.011851 0.011851 0.011851 0.011851 0.011851 0.011851 0.011851 0.011851 0.011851 0.011851 0.011851 0.011851 0.011851 0.011851 0.011851 0.011851 0.011851 0.011851 0.011851 0.011851 0.011851 0.011851 0.011851 0.011851 0.011851 0.011851 0.011851 0.011851 0.011851 0.011851 0.011851 0.011851 0.011851 0.011851 0.011851 0.011851 0.011850 0.011850 0.011850 0.011850 0.011849 0.011849 0.011848 0.011848 0.011847 0.011846 0.011845 0.011843 0.011842 0.011840 0.011838 0.011835 0.011832 0.011828 0.011824 0.011819 0.011813 0.011806 0.011799 0.011790 0.011780 0.011769 0.011756 0.011741 0.011725 0.011707 0.011686 0.011663 0.011638 0.011609 0.011578 0.011544 0.011506 0.011465 0.011419 0.011370 0.011317 0.011259 0.011197 0.011130 0.011058 0.010982 0.010900 0.010813 0.010720 0.010622 0.010519 0.010411 0.010296 0.010177 0.010052 0.009922 0.009786 0.009645 0.009498 0.009347 0.009191 0.009036 0.008897 0.008795 0.008721 0.008311 0.006024
0.006894 0.009388 0.009860 0.009973 0.010114 0.010293 0.010484 0.010673 0.010854 0.011026 0.011190 0.011345 0.011493 0.011633 0.011766 0.011892 0.012011 0.012123 0.012229 0.012328 0.012422 0.012509 0.012590 0.012666 0.012736 0.012801 0.012861 0.012917 0.012968 0.013014 0.013057 0.013096 0.013131 0.013163 0.013192 0.013218 0.013242 0.013263 0.013281 0.013298 0.013313 0.013326 0.013337 0.013348 0.013356 0.013364 0.013371 0.013377 0.013382 0.013386 0.013390 0.013393 0.013395 0.013398 0.013400 0.013401 0.013403 0.013404 0.013405 0.013406 0.013406 0.013407 0.013407 0.013408 0.013408 0.013408 0.013408 0.013409 0.013409 0.013409 0.013409 0.013409 0.013409 0.013409 0.013409 0.013409 0.013409 0.013409 0.013409 0.013409 0.013409 0.013409 0.013409 0.013409 0.013409 0.013409 0.013409 0.013409 0.013409 0.013409 0.013409 0.013409 0.013409 0.013409 0.013409 0.013409 0.013409 0.013409 0.013409 0.013409 0.013409 0.013409 0.013409 0.013409 0.013409 0.013409 0.013409 0.013409 0.013409 0.013409 0.013409 0.013409 0.013409 0.013409 0.013409 0.013409 0.013409 0.013409 0.013409 0.013409 0.013409 0.013409 0.013409 0.013409 0.013409 0.013409 0.013409 0.013409 0.013409 0.013409 0.013409 0.013409 0.013409 0.013409 0.013409 0.013408 0.013408 0.013408 0.013408 0.013407 0.013407 0.013406 0.013406 0.013405 0.013404 0.013403 0.013401 0.013400 0.013398 0.013395 0.013393 0.013390 0.013386 0.013382 0.013377 0.013371 0.013364 0.013356 0.013348 0.013337 0.013326 0.013313 0.013298 0.013281 0.013263 0.013242 0.013218 0.013192 0.013163 0.013131 0.013096 0.013057 0.013014 0.012968 0.012917 0.012861 0.012801 0.012736 0.012666 0.012590 0.012509 0.012422 0.012328 0.012229 0.012123 0.012011 0.011892 0.011766 0.011633 0.011493 0.011345 0.011190 0.011026 0.010854 0.010673 0.010484 0.010293 0.010114 0.009973 0.009860 0.009388 0.006894
0.008233 0.010974 0.011527 0.011702 0.011905 0.012146 0.012394 0.012633 0.012858 0.013069 0.013266 0.013451 0.013624 0.013786 0.013938 0.014081 0.014214 0.014338 0.014454 0.014562 0.014663 0.014756 0.014843 0.014923 0.014998 0.015066 0.015129 0.015187 0.015240 0.015288 0.015332 0.015372 0.015408 0.015441 0.015471 0.015497 0.015521 0.015542 0.015561 0.015578 0.015593 0.015606 0.015618 0.015628 0.015637 0.015645 0.015652 0.015657 0.015662 0.015667 0.015670 0.015674 0.015676 0.015679 0.015680 0.015682 0.015683 0.015685 0.015686 0.015686 0.015687 0.015688 0.015688 0.015688 0.015689 0.015689 0.015689 0.015689 0.015689 0.015689 0.015690 0.015690 0.015690 0.015690 0.015690 0.015690 0.015690 0.015690 0.015690 0.015690 0.015690 0.015690 0.015690 0.015690 0.015690 0.015690 0.015690 0.015690 0.015690 0.015690 0.015690 0.015690 0.015690 0.015690 0.015690 0.015690 0.015690 0.015690 0.015690 0.015690 0.015690 0.015690 0.015690 0.015690 0.015690 0.015690 0.015690 0.015690 0.015690 0.015690 0.015690 0.015690 0.015690 0.015690 0.015690 0.015690 0.015690 0.015690 0.015690 0.015690 0.015690 0.015690 0.015690 0.015690 0.015690 0.015690 0.015690 0.015690 0.015690 0.015690 0.015690 0.015690 0.015689 0.015689 0.015689 0.015689 0.015689 0.015689 0.015688 0.015688 0.015688 0.015687 0.015686 0.015686 0.015685 0.015683 0.015682 0.015680 0.015679 0.015676 0.015674 0.015670 0.015667 0.015662 0.015657 0.015652 0.015645 0.015637 0.015628 0.015618 0.015606 0.015593 0.015578 0.015561 0.015542 0.015521 0.015497 0.015471 0.015441 0.015408 0.015372 0.015332 0.015288 0.015240 0.015187 0.015129 0.015066 0.014998 0.014923 0.014843 0.014756 0.014663 0.014562 0.014454 0.014338 0.014214 0.014081 0.013938 0.013786 0.013624 0.013451 0.013266 0.013069 0.012858 0.012633 0.012394 0.012146 0.011905 0.011702 0.011527 0.010974 0.008233
0.010354 0.013289 0.013957 0.014225 0.014525 0.014858 0.015191 0.015506 0.015796 0.016064 0.016311 0.016538 0.016748 0.016941 0.017120 0.017285 0.017437 0.017578 0.017707 0.017826 0.017936 0.018038 0.018131 0.018217 0.018295 0.018367 0.018433 0.018494 0.018549 0.018599 0.018644 0.018685 0.018722 0.018756 0.018786 0.018813 0.018837 0.018859 0.018878 0.018895 0.018910 0.018923 0.018935 0.018945 0.018954 0.018961 0.018968 0.018974 0.018979 0.018983 0.018987 0.018990 0.018993 0.018995 0.018997 0.018999 0.019000 0.019001 0.019002 0.019003 0.019003 0.019004 0.019004 0.019005 0.019005 0.019005 0.019005 0.019006 0.019006 0.019006 0.019006 0.019006 0.019006 0.019006 0.019006 0.019006 0.019006 0.019006 0.019006 0.019006 0.019006 0.019006 0.019006 0.019006 0.019006 0.019006 0.019006 0.019006 0.019006 0.019006 0.019006 0.019006 0.019006 0.019006 0.019006 0.019006 0.019006 0.019006 0.019006 0.019006 0.019006 0.019006 0.019006 0.019006 0.019006 0.019006 0.019006 0.019006 0.019006 0.019006 0.019006 0.019006 0.019006 0.019006 0.019006 0.019006 0.019006 0.019006 0.019006 0.019006 0.019006 0.019006 0.019006 0.019006 0.019006 0.019006 0.019006 0.019006 0.019006 0.019006 0.019006 0.019006 0.019006 0.019006 0.019006 0.019005 0.019005 0.019005 0.019005 0.019004 0.019004 0.019003 0.019003 0.019002 0.019001 0.019000 0.018999 0.018997 0.018995 0.018993 0.018990 0.018987 0.018983 0.018979 0.018974 0.018968 0.018961 0.018954 0.018945 0.018935 0.018923 0.018910 0.018895 0.018878 0.018859 0.018837 0.018813 0.018786 0.018756 0.018722 0.018685 0.018644 0.018599 0.018549 0.018494 0.018433 0.018367 0.018295 0.018217 0.018131 0.018038 0.017936 0.017826 0.017707 0.017578 0.017437 0.017285 0.017120 0.016941 0.016748 0.016538 0.016311 0.016064 0.015796 0.015506 0.015191 0.014858 0.014525 0.014225 0.013957 0.013289 0.010354
0.013333 0.016597 0.017432 0.017843 0.018286 0.018756 0.019213 0.019637 0.020024 0.020375 0.020693 0.020981 0.021243 0.021480 0.021696 0.021891 0.022069 0.022230 0.022377 0.022511 0.022632 0.022743 0.022844 0.022936 0.023020 0.023096 0.023165 0.023228 0.023285 0.023337 0.023383 0.023425 0.023463 0.023497 0.023528 0.023555 0.023579 0.023601 0.023620 0.023637 0.023652 0.023666 0.023677 0.023687 0.023696 0.023704 0.023711 0.023716 0.023721 0.023726 0.023729 0.023732 0.023735 0.023737 0.023739 0.023741 0.023742 0.023743 0.023744 0.023745 0.023745 0.023746 0.023746 0.023747 0.023747 0.023747 0.023747 0.023748 0.023748 0.023748 0.023748 0.023748 0.023748 0.023748 0.023748 0.023748 0.023748 0.023748 0.023748 0.023748 0.023748 0.023748 0.023748 0.023748 0.023748 0.023748 0.023748 0.023748 0.023748 0.023748 0.023748 0.023748 0.023748 0.023748 0.023748 0.023748 0.023748 0.023748 0.023748 0.023748 0.023748 0.023748 0.023748 0.023748 0.023748 0.023748 0.023748 0.023748 0.023748 0.023748 0.023748 0.023748 0.023748 0.023748 0.023748 0.023748 0.023748 0.023748 0.023748 0.023748 0.023748 0.023748 0.023748 0.023748 0.023748 0.023748 0.023748 0.023748 0.023748 0.023748 0.023748 0.023748 0.023748 0.023748 0.023748 0.023747 0.023747 0.023747 0.023747 0.023746 0.023746 0.023745 0.023745 0.023744 0.023743 0.023742 0.023741 0.023739 0.023737 0.023735 0.023732 0.023729 0.023726 0.023721 0.023716 0.023711 0.023704 0.023696 0.023687 0.023677 0.023666 0.023652 0.023637 0.023620 0.023601 0.023579 0.023555 0.023528 0.023497 0.023463 0.023425 0.023383 0.023337 0.023285 0.023228 0.023165 0.023096 0.023020 0.022936 0.022844 0.022743 0.022632 0.022511 0.022377 0.022230 0.022069 0.021891 0.021696 0.021480 0.021243 0.020981 0.020693 0.020375 0.020024 0.019637 0.019213 0.018756 0.018286 0.017843 0.017432 0.016597 0.013333
0.017539 0.021240 0.022330 0.022953 0.023600 0.024264 0.024900 0.025482 0.026006 0.026475 0.026895 0.027269 0.027603 0.027901 0.028166 0.028403 0.028614 0.028803 0.028972 0.029123 0.029259 0.029381 0.029491 0.029590 0.029680 0.029760 0.029833 0.029898 0.029957 0.030010 0.030058 0.030101 0.030139 0.030174 0.030204 0.030232 0.030256 0.030278 0.030297 0.030314 0.030329 0.030342 0.030354 0.030364 0.030372 0.030380 0.030386 0.030392 0.030397 0.030401 0.030405 0.030408 0.030410 0.030413 0.030414 0.030416 0.030417 0.030418 0.030419 0.030420 0.030421 0.030421 0.030421 0.030422 0.030422 0.030422 0.030422 0.030423 0.030423 0.030423 0.030423 0.030423 0.030423 0.030423 0.030423 0.030423 0.030423 0.030423 0.030423 0.030423 0.030423 0.030423 0.030423 0.030423 0.030423 0.030423 0.030423 0.030423 0.030423 0.030423 0.030423 0.030423 0.030423 0.030423 0.030423 0.030423 0.030423 0.030423 0.030423 0.030423 0.030423 0.030423 0.030423 0.030423 0.030423 0.030423 0.030423 0.030423 0.030423 0.030423 0.030423 0.030423 0.030423 0.030423 0.030423 0.030423 0.030423 0.030423 0.030423 0.030423 0.030423 0.030423 0.030423 0.030423 0.030423 0.030423 0.030423 0.030423 0.030423 0.030423 0.030423 0.030423 0.030423 0.030423 0.030423 0.030422 0.030422 0.030422 0.030422 0.030421 0.030421 0.030421 0.030420 0.030419 0.030418 0.030417 0.030416 0.030414 0.030413 0.030410 0.030408 0.030405 0.030401 0.030397 0.030392 0.030386 0.030380 0.030372 0.030364 0.030354 0.030342 0.030329 0.030314 0.030297 0.030278 0.030256 0.030232 0.030204 0.030174 0.030139 0.030101 0.030058 0.030010 0.029957 0.029898 0.029833 0.029760 0.029680 0.029590 0.029491 0.029381 0.029259 0.029123 0.028972 0.028803 0.028614 0.028403 0.028166 0.027901 0.027603 0.027269 0.026895 0.026475 0.026006 0.025482 0.024900 0.024264 0.023600 0.022953 0.022330 0.021240 0.017539
0.023431 0.027693 0.029145 0.030066 0.030996 0.031930 0.032812 0.033615 0.034332 0.034966 0.035526 0.036019 0.036451 0.036831 0.037163 0.037453 0.037708 0.037931 0.038128 0.038301 0.038454 0.038589 0.038710 0.038817 0.038912 0.038997 0.039073 0.039141 0.039202 0.039256 0.039305 0.039348 0.039387 0.039421 0.039452 0.039479 0.039504 0.039525 0.039544 0.039561 0.039575 0.039588 0.039599 0.039609 0.039618 0.039625 0.039632 0.039637 0.039642 0.039646 0.039649 0.039652 0.039655 0.039657 0.039659 0.039660 0.039661 0.039662 0.039663 0.039664 0.039665 0.039665 0.039665 0.039666 0.039666 0.039666 0.039666 0.039667 0.039667 0.039667 0.039667 0.039667 0.039667 0.039667 0.039667 0.039667 0.039667 0.039667 0.039667 0.039667 0.039667 0.039667 0.039667 0.039667 0.039667 0.039667 0.039667 0.039667 0.039667 0.039667 0.039667 0.039667 0.039667 0.039667 0.039667 0.039667 0.039667 0.039667 0.039667 0.039667 0.039667 0.039667 0.039667 0.039667 0.039667 0.039667 0.039667 0.039667 0.039667 0.039667 0.039667 0.039667 0.039667 0.039667 0.039667 0.039667 0.039667 0.039667 0.039667 0.039667 0.039667 0.039667 0.039667 0.039667 0.039667 0.039667 0.039667 0.039667 0.039667 0.039667 0.039667 0.039667 0.039667 0.039667 0.039667 0.039666 0.039666 0.039666 0.039666 0.039665 0.039665 0.039665 0.039664 0.039663 0.039662 0.039661 0.039660 0.039659 0.039657 0.039655 0.039652 0.039649 0.039646 0.039642 0.039637 0.039632 0.039625 0.039618 0.039609 0.039599 0.039588 0.039575 0.039561 0.039544 0.039525 0.039504 0.039479 0.039452 0.039421 0.039387 0.039348 0.039305 0.039256 0.039202 0.039141 0.039073 0.038997 0.038912 0.038817 0.038710 0.038589 0.038454 0.038301 0.038128 0.037931 0.037708 0.037453 0.037163 0.036831 0.036451 0.036019 0.035526 0.034966 0.034332 0.033615 0.032812 0.031930 0.030996 0.030066 0.029145 0.027693 0.023431
0.031536 0.036516 0.038472 0.039798 0.041103 0.042395 0.043610 0.044712 0.045690 0.046549 0.047299 0.047950 0.048514 0.049000 0.049418 0.049778 0.050087 0.050353 0.050583 0.050782 0.050955 0.051106 0.051237 0.051353 0.051454 0.051544 0.051623 0.051693 0.051755 0.051810 0.051859 0.051902 0.051941 0.051975 0.052006 0.052032 0.052056 0.052077 0.052096 0.052112 0.052126 0.052139 0.052149 0.052159 0.052167 0.052174 0.052180 0.052186 0.052190 0.052194 0.052198 0.052200 0.052203 0.052205 0.052206 0.052208 0.052209 0.052210 0.052211 0.052212 0.052212 0.052213 0.052213 0.052213 0.052214 0.052214 0.052214 0.052214 0.052214 0.052214 0.052214 0.052214 0.052214 0.052214 0.052214 0.052214 0.052215 0.052215 0.052215 0.052215 0.052215 0.052215 0.052215 0.052215 0.052215 0.052215 0.052215 0.052215 0.052215 0.052215 0.052215 0.052215 0.052215 0.052215 0.052215 0.052215 0.052215 0.052215 0.052215 0.052215 0.052215 0.052215 0.052215 0.052215 0.052215 0.052215 0.052215 0.052215 0.052215 0.052215 0.052215 0.052215 0.052215 0.052215 0.052215 0.052215 0.052215 0.052215 0.052215 0.052215 0.052215 0.052215 0.052215 0.052215 0.052215 0.052215 0.052214 0.052214 0.052214 0.052214 0.052214 0.052214 0.052214 0.052214 0.052214 0.052214 0.052214 0.052214 0.052213 0.052213 0.052213 0.052212 0.052212 0.052211 0.052210 0.052209 0.052208 0.052206 0.052205 0.052203 0.052200 0.052198 0.052194 0.052190 0.052186 0.052180 0.052174 0.052167 0.052159 0.052149 0.052139 0.052126 0.052112 0.052096 0.052077 0.052056 0.052032 0.052006 0.051975 0.051941 0.051902 0.051859 0.051810 0.051755 0.051693 0.051623 0.051544 0.051454 0.051353 0.051237 0.051106 0.050955 0.050782 0.050583 0.050353 0.050087 0.049778 0.049418 0.049000 0.048514 0.047950 0.047299 0.046549 0.045690 0.044712 0.043610 0.042395 0.041103 0.039798 0.038472 0.036516 0.031536
0.042426 0.048322 0.050967 0.052822 0.054603 0.056350 0.057997 0.059492 0.060817 0.061974 0.062976 0.063836 0.064570 0.065193 0.065720 0.066165 0.066542 0.066860 0.067129 0.067358 0.067554 0.067721 0.067865 0.067989 0.068096 0.068189 0.068271 0.068342 0.068405 0.068460 0.068509 0.068551 0.068589 0.068623 0.068652 0.068678 0.068701 0.068721 0.068739 0.068754 0.068768 0.068780 0.068790 0.068799 0.068807 0.068814 0.068820 0.068825 0.068829 0.068833 0.068836 0.068838 0.068841 0.068842 0.068844 0.068845 0.068847 0.068847 0.068848 0.068849 0.068849 0.068850 0.068850 0.068851 0.068851 0.068851 0.068851 0.068851 0.068851 0.068851 0.068851 0.068852 0.068852 0.068852 0.068852 0.068852 0.068852 0.068852 0.068852 0.068852 0.068852 0.068852 0.068852 0.068852 0.068852 0.068852 0.068852 0.068852 0.068852 0.068852 0.068852 0.068852 0.068852 0.068852 0.068852 0.068852 0.068852 0.068852 0.068852 0.068852 0.068852 0.068852 0.068852 0.068852 0.068852 0.068852 0.068852 0.068852 0.068852 0.068852 0.068852 0.068852 0.068852 0.068852 0.068852 0.068852 0.068852 0.068852 0.068852 0.068852 0.068852 0.068852 0.068852 0.068852 0.068852 0.068852 0.068852 0.068852 0.068852 0.068852 0.068852 0.068851 0.068851 0.068851 0.068851 0.068851 0.068851 0.068851 0.068851 0.068850 0.068850 0.068849 0.068849 0.068848 0.068847 0.068847 0.068845 0.068844 0.068842 0.068841 0.068838 0.068836 0.068833 0.068829 0.068825 0.068820 0.068814 0.068807 0.068799 0.068790 0.068780 0.068768 0.068754 0.068739 0.068721 0.068701 0.068678 0.068652 0.068623 0.068589 0.068551 0.068509 0.068460 0.068405 0.068342 0.068271 0.068189 0.068096 0.067989 0.067865 0.067721 0.067554 0.067358 0.067129 0.066860 0.066542 0.066165 0.065720 0.065193 0.064570 0.063836 0.062976 0.061974 0.060817 0.059492 0.057997 0.056350 0.054603 0.052822 0.050967 0.048322 0.042426
0.056694 0.063732 0.067299 0.069819 0.072169 0.074468 0.076656 0.078659 0.080439 0.081991 0.083324 0.084457 0.085410 0.086207 0.086871 0.087422 0.087880 0.088260 0.088576 0.088839 0.089059 0.089243 0.089399 0.089531 0.089643 0.089740 0.089822 0.089894 0.089956 0.090010 0.090057 0.090098 0.090134 0.090166 0.090194 0.090218 0.090240 0.090259 0.090275 0.090290 0.090302 0.090313 0.090323 0.090331 0.090338 0.090345 0.090350 0.090355 0.090359 0.090362 0.090365 0.090367 0.090370 0.090371 0.090373 0.090374 0.090375 0.090376 0.090377 0.090377 0.090378 0.090378 0.090378 0.090379 0.090379 0.090379 0.090379 0.090379 0.090379 0.090380 0.090380 0.090380 0.090380 0.090380 0.090380 0.090380 0.090380 0.090380 0.090380 0.090380 0.090380 0.090380 0.090380 0.090380 0.090380 0.090380 0.090380 0.090380 0.090380 0.090380 0.090380 0.090380 0.090380 0.090380 0.090380 0.090380 0.090380 0.090380 0.090380 0.090380 0.090380 0.090380 0.090380 0.090380 0.090380 0.090380 0.090380 0.090380 0.090380 0.090380 0.090380 0.090380 0.090380 0.090380 0.090380 0.090380 0.090380 0.090380 0.090380 0.090380 0.090380 0.090380 0.090380 0.090380 0.090380 0.090380 0.090380 0.090380 0.090380 0.090380 0.090380 0.090380 0.090380 0.090379 0.090379 0.090379 0.090379 0.090379 0.090379 0.090378 0.090378 0.090378 0.090377 0.090377 0.090376 0.090375 0.090374 0.090373 0.090371 0.090370 0.090367 0.090365 0.090362 0.090359 0.090355 0.090350 0.090345 0.090338 0.090331 0.090323 0.090313 0.090302 0.090290 0.090275 0.090259 0.090240 0.090218 0.090194 0.090166 0.090134 0.090098 0.090057 0.090010 0.089956 0.089894 0.089822 0.089740 0.089643 0.089531 0.089399 0.089243 0.089059 0.088839 0.088576 0.088260 0.087880 0.087422 0.086871 0.086207 0.085410 0.084457 0.083324 0.081991 0.080439 0.078659 0.076656 0.074468 0.072169 0.069819 0.067299 0.063732 0.056694
0.074917 0.083310 0.088079 0.091412 0.094411 0.097357 0.100222 0.102900 0.105307 0.107407 0.109196 0.110696 0.111942 0.112968 0.113809 0.114496 0.115056 0.115512 0.115884 0.116186 0.116434 0.116637 0.116805 0.116943 0.117059 0.117156 0.117238 0.117307 0.117366 0.117417 0.117461 0.117499 0.117532 0.117561 0.117586 0.117608 0.117627 0.117644 0.117658 0.117671 0.117682 0.117692 0.117701 0.117708 0.117714 0.117720 0.117725 0.117729 0.117732 0.117735 0.117738 0.117740 0.117742 0.117744 0.117745 0.117746 0.117747 0.117748 0.117748 0.117749 0.117749 0.117750 0.117750 0.117750 0.117750 0.117751 0.117751 0.117751 0.117751 0.117751 0.117751 0.117751 0.117751 0.117751 0.117751 0.117751 0.117751 0.117751 0.117751 0.117751 0.117751 0.117751 0.117751 0.117751 0.117751 0.117751 0.117751 0.117751 0.117751 0.117751 0.117751 0.117751 0.117751 0.117751 0.117751 0.117751 0.117751 0.117751 0.117751 0.117751 0.117751 0.117751 0.117751 0.117751 0.117751 0.117751 0.117751 0.117751 0.117751 0.117751 0.117751 0.117751 0.117751 0.117751 0.117751 0.117751 0.117751 0.117751 0.117751 0.117751 0.117751 0.117751 0.117751 0.117751 0.117751 0.117751 0.117751 0.117751 0.117751 0.117751 0.117751 0.117751 0.117751 0.117751 0.117751 0.117751 0.117751 0.117750 0.117750 0.117750 0.117750 0.117749 0.117749 0.117748 0.117748 0.117747 0.117746 0.117745 0.117744 0.117742 0.117740 0.117738 0.117735 0.117732 0.117729 0.117725 0.117720 0.117714 0.117708 0.117701 0.117692 0.117682 0.117671 0.117658 0.117644 0.117627 0.117608 0.117586 0.117561 0.117532 0.117499 0.117461 0.117417 0.117366 0.117307 0.117238 0.117156 0.117059 0.116943 0.116805 0.116637 0.116434 0.116186 0.115884 0.115512 0.115056 0.114496 0.113809 0.112968 0.111942 0.110696 0.109196 0.107407 0.105307 0.102900 0.100222 0.097357 0.094411 0.091412 0.088079 0.083310 0.074917
0.097610 0.107494 0.113886 0.118309 0.122135 0.125942 0.129793 0.133514 0.136916 0.139877 0.142373 0.144437 0.146123 0.147491 0.148593 0.149476 0.150182 0.150744 0.151190 0.151545 0.151827 0.152051 0.152231 0.152375 0.152491 0.152586 0.152663 0.152727 0.152780 0.152825 0.152862 0.152894 0.152921 0.152945 0.152965 0.152983 0.152998 0.153012 0.153023 0.153033 0.153042 0.153050 0.153057 0.153063 0.153068 0.153072 0.153076 0.153080 0.153082 0.153085 0.153087 0.153089 0.153090 0.153092 0.153093 0.153094 0.153094 0.153095 0.153096 0.153096 0.153096 0.153097 0.153097 0.153097 0.153097 0.153097 0.153098 0.153098 0.153098 0.153098 0.153098 0.153098 0.153098 0.153098 0.153098 0.153098 0.153098 0.153098 0.153098 0.153098 0.153098 0.153098 0.153098 0.153098 0.153098 0.153098 0.153098 0.153098 0.153098 0.153098 0.153098 0.153098 0.153098 0.153098 0.153098 0.153098 0.153098 0.153098 0.153098 0.153098 0.153098 0.153098 0.153098 0.153098 0.153098 0.153098 0.153098 0.153098 0.153098 0.153098 0.153098 0.153098 0.153098 0.153098 0.153098 0.153098 0.153098 0.153098 0.153098 0.153098 0.153098 0.153098 0.153098 0.153098 0.153098 0.153098 0.153098 0.153098 0.153098 0.153098 0.153098 0.153098 0.153098 0.153098 0.153098 0.153098 0.153097 0.153097 0.153097 0.153097 0.153097 0.153096 0.153096 0.153096 0.153095 0.153094 0.153094 0.153093 0.153092 0.153090 0.153089 0.153087 0.153085 0.153082 0.153080 0.153076 0.153072 0.153068 0.153063 0.153057 0.153050 0.153042 0.153033 0.153023 0.153012 0.152998 0.152983 0.152965 0.152945 0.152921 0.152894 0.152862 0.152825 0.152780 0.152727 0.152663 0.152586 0.152491 0.152375 0.152231 0.152051 0.151827 0.151545 0.151190 0.150744 0.150182 0.149476 0.148593 0.147491 0.146123 0.144437 0.142373 0.139877 0.136916 0.133514 0.129793 0.125942 0.122135 0.118309 0.113886 0.107494 0.097610
0.125052 0.136701 0.145896 0.152517 0.158092 0.163670 0.169490 0.175259 0.180550 0.185117 0.188908 0.191989 0.194462 0.196431 0.197986 0.199206 0.200157 0.200895 0.201463 0.201900 0.202234 0.202490 0.202685 0.202835 0.202949 0.203036 0.203104 0.203157 0.203198 0.203230 0.203256 0.203278 0.203295 0.203309 0.203322 0.203332 0.203341 0.203348 0.203355 0.203361 0.203366 0.203371 0.203375 0.203379 0.203382 0.203385 0.203387 0.203389 0.203391 0.203393 0.203394 0.203395 0.203396 0.203397 0.203398 0.203399 0.203399 0.203400 0.203400 0.203401 0.203401 0.203401 0.203401 0.203401 0.203402 0.203402 0.203402 0.203402 0.203402 0.203402 0.203402 0.203402 0.203402 0.203402 0.203402 0.203402 0.203402 0.203402 0.203402 0.203402 0.203402 0.203402 0.203402 0.203402 0.203402 0.203402 0.203402 0.203402 0.203402 0.203402 0.203402 0.203402 0.203402 0.203402 0.203402 0.203402 0.203402 0.203402 0.203402 0.203402 0.203402 0.203402 0.203402 0.203402 0.203402 0.203402 0.203402 0.203402 0.203402 0.203402 0.203402 0.203402 0.203402 0.203402 0.203402 0.203402 0.203402 0.203402 0.203402 0.203402 0.203402 0.203402 0.203402 0.203402 0.203402 0.203402 0.203402 0.203402 0.203402 0.203402 0.203402 0.203402 0.203402 0.203402 0.203402 0.203402 0.203402 0.203402 0.203401 0.203401 0.203401 0.203401 0.203401 0.203400 0.203400 0.203399 0.203399 0.203398 0.203397 0.203396 0.203395 0.203394 0.203393 0.203391 0.203389 0.203387 0.203385 0.203382 0.203379 0.203375 0.203371 0.203366 0.203361 0.203355 0.203348 0.203341 0.203332 0.203322 0.203309 0.203295 0.203278 0.203256 0.203230 0.203198 0.203157 0.203104 0.203036 0.202949 0.202835 0.202685 0.202490 0.202234 0.201900 0.201463 0.200895 0.200157 0.199206 0.197986 0.196431 0.194462 0.191989 0.188908 0.185117 0.180550 0.175259 0.169490 0.163670 0.158092 0.152517 0.145896 0.136701 0.125052
0.156757 0.172143 0.188382 0.201361 0.212157 0.222457 0.232874 0.242907 0.251906 0.259516 0.265709 0.270642 0.274522 0.277549 0.279891 0.281687 0.283053 0.284082 0.284851 0.285420 0.285837 0.286140 0.286358 0.286512 0.286620 0.286695 0.286745 0.286778 0.286800 0.286812 0.286820 0.286823 0.286825 0.286825 0.286824 0.286823 0.286822 0.286821 0.286820 0.286819 0.286819 0.286819 0.286819 0.286819 0.286819 0.286820 0.286820 0.286821 0.286821 0.286822 0.286822 0.286823 0.286823 0.286824 0.286824 0.286824 0.286825 0.286825 0.286825 0.286825 0.286825 0.286826 0.286826 0.286826 0.286826 0.286826 0.286826 0.286826 0.286826 0.286826 0.286826 0.286826 0.286826 0.286826 0.286826 0.286826 0.286826 0.286826 0.286826 0.286826 0.286826 0.286826 0.286826 0.286826 0.286826 0.286826 0.286826 0.286826 0.286826 0.286826 0.286826 0.286826 0.286826 0.286826 0.286826 0.286826 0.286826 0.286826 0.286826 0.286826 0.286826 0.286826 0.286826 0.286826 0.286826 0.286826 0.286826 0.286826 0.286826 0.286826 0.286826 0.286826 0.286826 0.286826 0.286826 0.286826 0.286826 0.286826 0.286826 0.286826 0.286826 0.286826 0.286826 0.286826 0.286826 0.286826 0.286826 0.286826 0.286826 0.286826 0.286826 0.286826 0.286826 0.286826 0.286826 0.286826 0.286826 0.286826 0.286826 0.286826 0.286826 0.286825 0.286825 0.286825 0.286825 0.286825 0.286824 0.286824 0.286824 0.286823 0.286823 0.286822 0.286822 0.286821 0.286821 0.286820 0.286820 0.286819 0.286819 0.286819 0.286819 0.286819 0.286819 0.286820 0.286821 0.286822 0.286823 0.286824 0.286825 0.286825 0.286823 0.286820 0.286812 0.286800 0.286778 0.286745 0.286695 0.286620 0.286512 0.286358 0.286140 0.285837 0.285420 0.284851 0.284082 0.283053 0.281687 0.279891 0.277549 0.274522 0.270642 0.265709 0.259516 0.251906 0.242907 0.232874 0.222457 0.212157 0.201361 0.188382 0.172143 0.156757
0.190179 0.218084 0.253335 0.283002 0.306571 0.326996 0.345607 0.362277 0.376524 0.388176 0.397416 0.404614 0.410163 0.414409 0.417633 0.420059 0.421865 0.423196 0.424164 0.424859 0.425350 0.425689 0.425918 0.426066 0.426158 0.426210 0.426234 0.426240 0.426235 0.426222 0.426206 0.426188 0.426169 0.426152 0.426136 0.426121 0.426108 0.426097 0.426087 0.426079 0.426073 0.426067 0.426062 0.426059 0.426056 0.426053 0.426052 0.426050 0.426049 0.426049 0.426048 0.426048 0.426047 0.426047 0.426047 0.426047 0.426047 0.426047 0.426047 0.426047 0.426047 0.426047 0.426047 0.426047 0.426048 0.426048 0.426048 0.426048 0.426048 0.426048 0.426048 0.426048 0.426048 0.426048 0.426048 0.426048 0.426048 0.426048 0.426048 0.426048 0.426048 0.426048 0.426048 0.426048 0.426048 0.426048 0.426048 0.426048 0.426048 0.426048 0.426048 0.426048 0.426048 0.426048 0.426048 0.426048 0.426048 0.426048 0.426048 0.426048 0.426048 0.426048 0.426048 0.426048 0.426048 0.426048 0.426048 0.426048 0.426048 0.426048 0.426048 0.426048 0.426048 0.426048 0.426048 0.426048 0.426048 0.426048 0.426048 0.426048 0.426048 0.426048 0.426048 0.426048 0.426048 0.426048 0.426048 0.426048 0.426048 0.426048 0.426048 0.426048 0.426048 0.426048 0.426048 0.426048 0.426048 0.426048 0.426047 0.426047 0.426047 0.426047 0.426047 0.426047 0.426047 0.426047 0.426047 0.426047 0.426047 0.426047 0.426048 0.426048 0.426049 0.426049 0.426050 0.426052 0.426053 0.426056 0.426059 0.426062 0.426067 0.426073 0.426079 0.426087 0.426097 0.426108 0.426121 0.426136 0.426152 0.426169 0.426188 0.426206 0.426222 0.426235 0.426240 0.426234 0.426210 0.426158 0.426066 0.425918 0.425689 0.425350 0.424859 0.424164 0.423196 0.421865 0.420059 0.417633 0.414409 0.410163 0.404614 0.397416 0.388176 0.376524 0.362277 0.345607 0.326996 0.306571 0.283002 0.253335 0.218084 0.190179
0.219338 0.285015 0.359899 0.416785 0.457566 0.488671 0.513730 0.534175 0.550592 0.563468 0.573380 0.580928 0.586640 0.590941 0.594160 0.596548 0.598301 0.599573 0.600482 0.601120 0.601559 0.601851 0.602037 0.602148 0.602206 0.602228 0.602226 0.602209 0.602184 0.602153 0.602121 0.602090 0.602060 0.602032 0.602007 0.601985 0.601965 0.601948 0.601933 0.601921 0.601911 0.601902 0.601895 0.601889 0.601884 0.601880 0.601877 0.601874 0.601873 0.601871 0.601870 0.601869 0.601868 0.601868 0.601867 0.601867 0.601867 0.601867 0.601867 0.601867 0.601867 0.601867 0.601867 0.601867 0.601867 0.601867 0.601867 0.601867 0.601867 0.601867 0.601867 0.601867 0.601867 0.601867 0.601867 0.601867 0.601867 0.601867 0.601867 0.601867 0.601867 0.601867 0.601867 0.601867 0.601867 0.601867 0.601867 0.601867 0.601867 0.601867 0.601867 0.601867 0.601867 0.601867 0.601867 0.601867 0.601867 0.601867 0.601867 0.601867 0.601867 0.601867 0.601867 0.601867 0.601867 0.601867 0.601867 0.601867 0.601867 0.601867 0.601867 0.601867 0.601867 0.601867 0.601867 0.601867 0.601867 0.601867 0.601867 0.601867 0.601867 0.601867 0.601867 0.601867 0.601867 0.601867 0.601867 0.601867 0.601867 0.601867 0.601867 0.601867 0.601867 0.601867 0.601867 0.601867 0.601867 0.601867 0.601867 0.601867 0.601867 0.601867 0.601867 0.601867 0.601867 0.601867 0.601867 0.601867 0.601868 0.601868 0.601869 0.601870 0.601871 0.601873 0.601874 0.601877 0.601880 0.601884 0.601889 0.601895 0.601902 0.601911 0.601921 0.601933 0.601948 0.601965 0.601985 0.602007 0.602032 0.602060 0.602090 0.602121 0.602153 0.602184 0.602209 0.602226 0.602228 0.602206 0.602148 0.602037 0.601851 0.601559 0.601120 0.600482 0.599573 0.598301 0.596548 0.594160 0.590941 0.586640 0.580928 0.573380 0.563468 0.550592 0.534175 0.513730 0.488671 0.457566 0.416785 0.359899 0.285015 0.219338
0.240674 0.393770 0.511040 0.581377 0.626765 0.657462 0.679451 0.695823 0.708165 0.717452 0.724407 0.729604 0.733480 0.736367 0.738505 0.740077 0.741221 0.742042 0.742621 0.743021 0.743289 0.743461 0.743564 0.743619 0.743640 0.743639 0.743623 0.743598 0.743569 0.743538 0.743506 0.743476 0.743448 0.743422 0.743399 0.743378 0.743360 0.743345 0.743331 0.743319 0.743310 0.743301 0.743294 0.743289 0.743284 0.743280 0.743277 0.743274 0.743272 0.743271 0.743269 0.743268 0.743268 0.743267 0.743267 0.743266 0.743266 0.743266 0.743266 0.743266 0.743265 0.743265 0.743265 0.743265 0.743265 0.743265 0.743265 0.743265 0.743265 0.743265 0.743265 0.743265 0.743265 0.743265 0.743265 0.743265 0.743265 0.743265 0.743265 0.743265 0.743265 0.743265 0.743265 0.743265 0.743265 0.743265 0.743265 0.743265 0.743265 0.743265 0.743265 0.743265 0.743265 0.743265 0.743265 0.743265 0.743265 0.743265 0.743265 0.743265 0.743265 0.743265 0.743265 0.743265 0.743265 0.743265 0.743265 0.743265 0.743265 0.743265 0.743265 0.743265 0.743265 0.743265 0.743265 0.743265 0.743265 0.743265 0.743265 0.743265 0.743265 0.743265 0.743265 0.743265 0.743265 0.743265 0.743265 0.743265 0.743265 0.743265 0.743265 0.743265 0.743265 0.743265 0.743265 0.743265 0.743265 0.743265 0.743265 0.743265 0.743265 0.743265 0.743266 0.743266 0.743266 0.743266 0.743266 0.743267 0.743267 0.743268 0.743268 0.743269 0.743271 0.743272 0.743274 0.743277 0.743280 0.743284 0.743289 0.743294 0.743301 0.743310 0.743319 0.743331 0.743345 0.743360 0.743378 0.743399 0.743422 0.743448 0.743476 0.743506 0.743538 0.743569 0.743598 0.743623 0.743639 0.743640 0.743619 0.743564 0.743461 0.743289 0.743021 0.742621 0.742042 0.741221 0.740077 0.738505 0.736367 0.733480 0.729604 0.724407 0.717452 0.708165 0.695823 0.679451 0.657462 0.626765 0.581377 0.511040 0.393770 0.240674
0.328781 0.575968 0.661081 0.716261 0.749954 0.770864 0.784396 0.793589 0.800066 0.804728 0.808125 0.810622 0.812467 0.813830 0.814834 0.815567 0.816095 0.816470 0.816729 0.816904 0.817016 0.817083 0.817117 0.817129 0.817125 0.817110 0.817089 0.817065 0.817039 0.817012 0.816987 0.816963 0.816940 0.816920 0.816901 0.816885 0.816870 0.816857 0.816846 0.816836 0.816828 0.816821 0.816815 0.816810 0.816805 0.816802 0.816799 0.816796 0.816794 0.816793 0.816791 0.816790 0.816789 0.816789 0.816788 0.816788 0.816788 0.816787 0.816787 0.816787 0.816787 0.816787 0.816787 0.816787 0.816787 0.816787 0.816787 0.816787 0.816787 0.816787 0.816787 0.816787 0.816787 0.816787 0.816787 0.816787 0.816787 0.816787 0.816787 0.816787 0.816787 0.816787 0.816787 0.816787 0.816787 0.816787 0.816787 0.816787 0.816787 0.816787 0.816787 0.816787 0.816787 0.816787 0.816787 0.816787 0.816787 0.816787 0.816787 0.816787 0.816787 0.816787 0.816787 0.816787 0.816787 0.816787 0.816787 0.816787 0.816787 0.816787 0.816787 0.816787 0.816787 0.816787 0.816787 0.816787 0.816787 0.816787 0.816787 0.816787 0.816787 0.816787 0.816787 0.816787 0.816787 0.816787 0.816787 0.816787 0.816787 0.816787 0.816787 0.816787 0.816787 0.816787 0.816787 0.816787 0.816787 0.816787 0.816787 0.816787 0.816787 0.816787 0.816787 0.816787 0.816787 0.816788 0.816788 0.816788 0.816789 0.816789 0.816790 0.816791 0.816793 0.816794 0.816796 0.816799 0.816802 0.816805 0.816810 0.816815 0.816821 0.816828 0.816836 0.816846 0.816857 0.816870 0.816885 0.816901 0.816920 0.816940 0.816963 0.816987 0.817012 0.817039 0.817065 0.817089 0.817110 0.817125 0.817129 0.817117 0.817083 0.817016 0.816904 0.816729 0.816470 0.816095 0.815567 0.814834 0.813830 0.812467 0.810622 0.808125 0.804728 0.800066 0.793589 0.784396 0.770864 0.749954 0.716261 0.661081 0.575968 0.328781
0.850888 0.737492 0.767984 0.794800 0.813086 0.824043 0.830426 0.834237 0.836630 0.838217 0.839320 0.840115 0.840698 0.841127 0.841441 0.841667 0.841825 0.841932 0.842000 0.842040 0.842058 0.842060 0.842051 0.842035 0.842013 0.841989 0.841962 0.841935 0.841909 0.841883 0.841858 0.841835 0.841814 0.841795 0.841777 0.841761 0.841746 0.841734 0.841722 0.841712 0.841704 0.841696 0.841690 0.841684 0.841680 0.841676 0.841672 0.841669 0.841667 0.841665 0.841663 0.841662 0.841661 0.841660 0.841659 0.841659 0.841658 0.841658 0.841658 0.841658 0.841657 0.841657 0.841657 0.841657 0.841657 0.841657 0.841657 0.841657 0.841657 0.841657 0.841657 0.841657 0.841657 0.841657 0.841657 0.841657 0.841657 0.841657 0.841657 0.841657 0.841657 0.841657 0.841657 0.841657 0.841657 0.841657 0.841657 0.841657 0.841657 0.841657 0.841657 0.841657 0.841657 0.841657 0.841657 0.841657 0.841657 0.841657 0.841657 0.841657 0.841657 0.841657 0.841657 0.841657 0.841657 0.841657 0.841657 0.841657 0.841657 0.841657 0.841657 0.841657 0.841657 0.841657 0.841657 0.841657 0.841657 0.841657 0.841657 0.841657 0.841657 0.841657 0.841657 0.841657 0.841657 0.841657 0.841657 0.841657 0.841657 0.841657 0.841657 0.841657 0.841657 0.841657 0.841657 0.841657 0.841657 0.841657 0.841657 0.841657 0.841657 0.841657 0.841658 0.841658 0.841658 0.841658 0.841659 0.841659 0.841660 0.841661 0.841662 0.841663 0.841665 0.841667 0.841669 0.841672 0.841676 0.841680 0.841684 0.841690 0.841696 0.841704 0.841712 0.841722 0.841734 0.841746 0.841761 0.841777 0.841795 0.841814 0.841835 0.841858 0.841883 0.841909 0.841935 0.841962 0.841989 0.842013 0.842035 0.842051 0.842060 0.842058 0.842040 0.842000 0.841932 0.841825 0.841667 0.841441 0.841127 0.840698 0.840115 0.839320 0.838217 0.836630 0.834237 0.830426 0.824043 0.813086 0.794800 0.767984 0.737492 0.850888
0.900156 0.836499 0.822545 0.829970 0.837433 0.841961 0.844171 0.845077 0.845382 0.845456 0.845460 0.845453 0.845449 0.845445 0.845438 0.845426 0.845408 0.845385 0.845356 0.845324 0.845288 0.845251 0.845212 0.845172 0.845133 0.845093 0.845055 0.845019 0.844983 0.844950 0.844919 0.844890 0.844864 0.844839 0.844817 0.844797 0.844778 0.844762 0.844748 0.844735 0.844724 0.844714 0.844706 0.844698 0.844692 0.844687 0.844682 0.844678 0.844675 0.844672 0.844670 0.844668 0.844667 0.844665 0.844664 0.844663 0.844663 0.844662 0.844662 0.844662 0.844661 0.844661 0.844661 0.844661 0.844661 0.844661 0.844661 0.844660 0.844660 0.844660 0.844660 0.844660 0.844660 0.844660 0.844660 0.844660 0.844660 0.844660 0.844660 0.844660 0.844660 0.844660 0.844660 0.844660 0.844660 0.844660 0.844660 0.844660 0.844660 0.844660 0.844660 0.844660 0.844660 0.844660 0.844660 0.844660 0.844660 0.844660 0.844660 0.844660 0.844660 0.844660 0.844660 0.844660 0.844660 0.844660 0.844660 0.844660 0.844660 0.844660 0.844660 0.844660 0.844660 0.844660 0.844660 0.844660 0.844660 0.844660 0.844660 0.844660 0.844660 0.844660 0.844660 0.844660 0.844660 0.844660 0.844660 0.844660 0.844660 0.844660 0.844660 0.844660 0.844660 0.844660 0.844660 0.844661 0.844661 0.844661 0.844661 0.844661 0.844661 0.844661 0.844662 0.844662 0.844662 0.844663 0.844663 0.844664 0.844665 0.844667 0.844668 0.844670 0.844672 0.844675 0.844678 0.844682 0.844687 0.844692 0.844698 0.844706 0.844714 0.844724 0.844735 0.844748 0.844762 0.844778 0.844797 0.844817 0.844839 0.844864 0.844890 0.844919 0.844950 0.844983 0.845019 0.845055 0.845093 0.845133 0.845172 0.845212 0.845251 0.845288 0.845324 0.845356 0.845385 0.845408 0.845426 0.845438 0.845445 0.845449 0.845453 0.845460 0.845456 0.845382 0.845077 0.844171 0.841961 0.837433 0.829970 0.822545 0.836499 0.900156
0.873572 0.854935 0.843791 0.842835 0.844741 0.846005 0.846246 0.845904 0.845375 0.844873 0.844471 0.844172 0.843952 0.843785 0.843653 0.843541 0.843443 0.843354 0.843272 0.843194 0.843120 0.843049 0.842980 0.842914 0.842851 0.842791 0.842734 0.842680 0.842629 0.842581 0.842537 0.842496 0.842459 0.842425 0.842394 0.842366 0.842341 0.842319 0.842299 0.842281 0.842266 0.842253 0.842241 0.842231 0.842222 0.842215 0.842209 0.842203 0.842199 0.842195 0.842192 0.842189 0.842187 0.842186 0.842184 0.842183 0.842182 0.842181 0.842181 0.842180 0.842180 0.842179 0.842179 0.842179 0.842179 0.842179 0.842179 0.842179 0.842178 0.842178 0.842178 0.842178 0.842178 0.842178 0.842178 0.842178 0.842178 0.842178 0.842178 0.842178 0.842178 0.842178 0.842178 0.842178 0.842178 0.842178 0.842178 0.842178 0.842178 0.842178 0.842178 0.842178 0.842178 0.842178 0.842178 0.842178 0.842178 0.842178 0.842178 0.842178 0.842178 0.842178 0.842178 0.842178 0.842178 0.842178 0.842178 0.842178 0.842178 0.842178 0.842178 0.842178 0.842178 0.842178 0.842178 0.842178 0.842178 0.842178 0.842178 0.842178 0.842178 0.842178 0.842178 0.842178 0.842178 0.842178 0.842178 0.842178 0.842178 0.842178 0.842178 0.842178 0.842178 0.842178 0.842179 0.842179 0.842179 0.842179 0.842179 0.842179 0.842179 0.842180 0.842180 0.842181 0.842181 0.842182 0.842183 0.842184 0.842186 0.842187 0.842189 0.842192 0.842195 0.842199 0.842203 0.842209 0.842215 0.842222 0.842231 0.842241 0.842253 0.842266 0.842281 0.842299 0.842319 0.842341 0.842366 0.842394 0.842425 0.842459 0.842496 0.842537 0.842581 0.842629 0.842680 0.842734 0.842791 0.842851 0.842914 0.842980 0.843049 0.843120 0.843194 0.843272 0.843354 0.843443 0.843541 0.843653 0.843785 0.843952 0.844172 0.844471 0.844873 0.845375 0.845904 0.846246 0.846005 0.844741 0.842835 0.843791 0.854935 0.873572
0.860552 0.854886 0.849613 0.847639 0.847464 0.847370 0.846897 0.846177 0.845437 0.844803 0.844309 0.843937 0.843655 0.843431 0.843245 0.843084 0.842938 0.842804 0.842679 0.842561 0.842449 0.842342 0.842240 0.842143 0.842051 0.841964 0.841883 0.841806 0.841735 0.841669 0.841608 0.841552 0.841501 0.841455 0.841413 0.841376 0.841342 0.841312 0.841286 0.841263 0.841243 0.841225 0.841210 0.841197 0.841185 0.841175 0.841167 0.841160 0.841154 0.841149 0.841145 0.841142 0.841139 0.841137 0.841135 0.841133 0.841132 0.841131 0.841130 0.841129 0.841129 0.841128 0.841128 0.841128 0.841128 0.841128 0.841127 0.841127 0.841127 0.841127 0.841127 0.841127 0.841127 0.841127 0.841127 0.841127 0.841127 0.841127 0.841127 0.841127 0.841127 0.841127 0.841127 0.841127 0.841127 0.841127 0.841127 0.841127 0.841127 0.841127 0.841127 0.841127 0.841127 0.841127 0.841127 0.841127 0.841127 0.841127 0.841127 0.841127 0.841127 0.841127 0.841127 0.841127 0.841127 0.841127 0.841127 0.841127 0.841127 0.841127 0.841127 0.841127 0.841127 0.841127 0.841127 0.841127 0.841127 0.841127 0.841127 0.841127 0.841127 0.841127 0.841127 0.841127 0.841127 0.841127 0.841127 0.841127 0.841127 0.841127 0.841127 0.841127 0.841127 0.841127 0.841127 0.841127 0.841128 0.841128 0.841128 0.841128 0.841128 0.841129 0.841129 0.841130 0.841131 0.841132 0.841133 0.841135 0.841137 0.841139 0.841142 0.841145 0.841149 0.841154 0.841160 0.841167 0.841175 0.841185 0.841197 0.841210 0.841225 0.841243 0.841263 0.841286 0.841312 0.841342 0.841376 0.841413 0.841455 0.841501 0.841552 0.841608 0.841669 0.841735 0.841806 0.841883 0.841964 0.842051 0.842143 0.842240 0.842342 0.842449 0.842561 0.842679 0.842804 0.842938 0.843084 0.843245 0.843431 0.843655 0.843937 0.844309 0.844803 0.845437 0.846177 0.846897 0.847370 0.847464 0.847639 0.849613 0.854886 0.860552
0.859968 0.856136 0.852940 0.851363 0.850678 0.850173 0.849528 0.848787 0.848069 0.847458 0.846969 0.846586 0.846278 0.846020 0.845795 0.845590 0.845400 0.845222 0.845052 0.844892 0.844738 0.844593 0.844455 0.844324 0.844201 0.844085 0.843977 0.843876 0.843783 0.843697 0.843618 0.843547 0.843481 0.843422 0.843369 0.843322 0.843280 0.843242 0.843209 0.843180 0.843155 0.843133 0.843114 0.843097 0.843083 0.843071 0.843061 0.843052 0.843045 0.843039 0.843034 0.843030 0.843026 0.843023 0.843021 0.843019 0.843017 0.843016 0.843015 0.843014 0.843014 0.843013 0.843013 0.843012 0.843012 0.843012 0.843012 0.843012 0.843011 0.843011 0.843011 0.843011 0.843011 0.843011 0.843011 0.843011 0.843011 0.843011 0.843011 0.843011 0.843011 0.843011 0.843011 0.843011 0.843011 0.843011 0.843011 0.843011 0.843011 0.843011 0.843011 0.843011 0.843011 0.843011 0.843011 0.843011 0.843011 0.843011 0.843011 0.843011 0.843011 0.843011 0.843011 0.843011 0.843011 0.843011 0.843011 0.843011 0.843011 0.843011 0.843011 0.843011 0.843011 0.843011 0.843011 0.843011 0.843011 0.843011 0.843011 0.843011 0.843011 0.843011 0.843011 0.843011 0.843011 0.843011 0.843011 0.843011 0.843011 0.843011 0.843011 0.843011 0.843011 0.843011 0.843012 0.843012 0.843012 0.843012 0.843012 0.843013 0.843013 0.843014 0.843014 0.843015 0.843016 0.843017 0.843019 0.843021 0.843023 0.843026 0.843030 0.843034 0.843039 0.843045 0.843052 0.843061 0.843071 0.843083 0.843097 0.843114 0.843133 0.843155 0.843180 0.843209 0.843242 0.843280 0.843322 0.843369 0.843422 0.843481 0.843547 0.843618 0.843697 0.843783 0.843876 0.843977 0.844085 0.844201 0.844324 0.844455 0.844593 0.844738 0.844892 0.845052 0.845222 0.845400 0.845590 0.845795 0.846020 0.846278 0.846586 0.846969 0.847458 0.848069 0.848787 0.849528 0.850173 0.850678 0.851363 0.852940 0.856136 0.859968
0.865007 0.860236 0.857439 0.856108 0.855429 0.854866 0.854241 0.853562 0.852909 0.852335 0.851855 0.851455 0.851116 0.850816 0.850544 0.850291 0.850052 0.849826 0.849610 0.849405 0.849210 0.849025 0.848851 0.848686 0.848532 0.848388 0.848254 0.848129 0.848015 0.847910 0.847814 0.847726 0.847647 0.847576 0.847512 0.847456 0.847405 0.847360 0.847321 0.847286 0.847256 0.847230 0.847207 0.847188 0.847171 0.847157 0.847145 0.847135 0.847126 0.847119 0.847113 0.847108 0.847104 0.847100 0.847098 0.847095 0.847093 0.847092 0.847091 0.847090 0.847089 0.847088 0.847088 0.847087 0.847087 0.847087 0.847087 0.847087 0.847086 0.847086 0.847086 0.847086 0.847086 0.847086 0.847086 0.847086 0.847086 0.847086 0.847086 0.847086 0.847086 0.847086 0.847086 0.847086 0.847086 0.847086 0.847086 0.847086 0.847086 0.847086 0.847086 0.847086 0.847086 0.847086 0.847086 0.847086 0.847086 0.847086 0.847086 0.847086 0.847086 0.847086 0.847086 0.847086 0.847086 0.847086 0.847086 0.847086 0.847086 0.847086 0.847086 0.847086 0.847086 0.847086 0.847086 0.847086 0.847086 0.847086 0.847086 0.847086 0.847086 0.847086 0.847086 0.847086 0.847086 0.847086 0.847086 0.847086 0.847086 0.847086 0.847086 0.847086 0.847086 0.847086 0.847087 0.847087 0.847087 0.847087 0.847087 0.847088 0.847088 0.847089 0.847090 0.847091 0.847092 0.847093 0.847095 0.847098 0.847100 0.847104 0.847108 0.847113 0.847119 0.847126 0.847135 0.847145 0.847157 0.847171 0.847188 0.847207 0.847230 0.847256 0.847286 0.847321 0.847360 0.847405 0.847456 0.847512 0.847576 0.847647 0.847726 0.847814 0.847910 0.848015 0.848129 0.848254 0.848388 0.848532 0.848686 0.848851 0.849025 0.849210 0.849405 0.849610 0.849826 0.850052 0.850291 0.850544 0.850816 0.851116 0.851455 0.851855 0.852335 0.852909 0.853562 0.854241 0.854866 0.855429 0.856108 0.857439 0.860236 0.865007
0.871530 0.865754 0.862928 0.861743 0.861162 0.860666 0.860095 0.859470 0.858853 0.858289 0.857794 0.857361 0.856976 0.856626 0.856300 0.855994 0.855705 0.855429 0.855168 0.854919 0.854684 0.854462 0.854252 0.854056 0.853873 0.853702 0.853544 0.853397 0.853263 0.853140 0.853028 0.852927 0.852835 0.852753 0.852679 0.852614 0.852555 0.852504 0.852458 0.852419 0.852384 0.852354 0.852328 0.852306 0.852287 0.852271 0.852257 0.852245 0.852235 0.852227 0.852220 0.852215 0.852210 0.852206 0.852203 0.852200 0.852198 0.852196 0.852195 0.852194 0.852193 0.852192 0.852192 0.852191 0.852191 0.852191 0.852190 0.852190 0.852190 0.852190 0.852190 0.852190 0.852190 0.852190 0.852190 0.852190 0.852190 0.852190 0.852190 0.852190 0.852190 0.852190 0.852190 0.852190 0.852190 0.852190 0.852190 0.852190 0.852190 0.852190 0.852190 0.852190 0.852190 0.852190 0.852190 0.852190 0.852190 0.852190 0.852190 0.852190 0.852190 0.852190 0.852190 0.852190 0.852190 0.852190 0.852190 0.852190 0.852190 0.852190 0.852190 0.852190 0.852190 0.852190 0.852190 0.852190 0.852190 0.852190 0.852190 0.852190 0.852190 0.852190 0.852190 0.852190 0.852190 0.852190 0.852190 0.852190 0.852190 0.852190 0.852190 0.852190 0.852190 0.852190 0.852190 0.852190 0.852191 0.852191 0.852191 0.852192 0.852192 0.852193 0.852194 0.852195 0.852196 0.852198 0.852200 0.852203 0.852206 0.852210 0.852215 0.852220 0.852227 0.852235 0.852245 0.852257 0.852271 0.852287 0.852306 0.852328 0.852354 0.852384 0.852419 0.852458 0.852504 0.852555 0.852614 0.852679 0.852753 0.852835 0.852927 0.853028 0.853140 0.853263 0.853397 0.853544 0.853702 0.853873 0.854056 0.854252 0.854462 0.854684 0.854919 0.855168 0.855429 0.855705 0.855994 0.856300 0.856626 0.856976 0.857361 0.857794 0.858289 0.858853 0.859470 0.860095 0.860666 0.861162 0.861743 0.862928 0.865754 0.871530
0.877937 0.871545 0.868689 0.867632 0.867162 0.866742 0.866221 0.865623 0.865013 0.864435 0.863907 0.863429 0.862992 0.862588 0.862209 0.861851 0.861512 0.861190 0.860885 0.860596 0.860323 0.860067 0.859826 0.859600 0.859390 0.859195 0.859015 0.858849 0.858696 0.858557 0.858431 0.858316 0.858213 0.858120 0.858037 0.857964 0.857898 0.857841 0.857790 0.857746 0.857707 0.857674 0.857645 0.857620 0.857598 0.857580 0.857565 0.857552 0.857541 0.857532 0.857524 0.857518 0.857512 0.857508 0.857504 0.857501 0.857499 0.857497 0.857496 0.857494 0.857493 0.857493 0.857492 0.857491 0.857491 0.857491 0.857491 0.857490 0.857490 0.857490 0.857490 0.857490 0.857490 0.857490 0.857490 0.857490 0.857490 0.857490 0.857490 0.857490 0.857490 0.857490 0.857490 0.857490 0.857490 0.857490 0.857490 0.857490 0.857490 0.857490 0.857490 0.857490 0.857490 0.857490 0.857490 0.857490 0.857490 0.857490 0.857490 0.857490 0.857490 0.857490 0.857490 0.857490 0.857490 0.857490 0.857490 0.857490 0.857490 0.857490 0.857490 0.857490 0.857490 0.857490 0.857490 0.857490 0.857490 0.857490 0.857490 0.857490 0.857490 0.857490 0.857490 0.857490 0.857490 0.857490 0.857490 0.857490 0.857490 0.857490 0.857490 0.857490 0.857490 0.857490 0.857490 0.857491 0.857491 0.857491 0.857491 0.857492 0.857493 0.857493 0.857494 0.857496 0.857497 0.857499 0.857501 0.857504 0.857508 0.857512 0.857518 0.857524 0.857532 0.857541 0.857552 0.857565 0.857580 0.857598 0.857620 0.857645 0.857674 0.857707 0.857746 0.857790 0.857841 0.857898 0.857964 0.858037 0.858120 0.858213 0.858316 0.858431 0.858557 0.858696 0.858849 0.859015 0.859195 0.859390 0.859600 0.859826 0.860067 0.860323 0.860596 0.860885 0.861190 0.861512 0.861851 0.862209 0.862588 0.862992 0.863429 0.863907 0.864435 0.865013 0.865623 0.866221 0.866742 0.867162 0.867632 0.868689 0.871545 0.877937
0.883819 0.877111 0.874286 0.873351 0.872982 0.872624 0.872135 0.871547 0.870927 0.870322 0.869757 0.869233 0.868747 0.868292 0.867863 0.867458 0.867074 0.866710 0.866365 0.866040 0.865733 0.865445 0.865175 0.864923 0.864689 0.864471 0.864271 0.864087 0.863918 0.863764 0.863624 0.863498 0.863384 0.863281 0.863190 0.863109 0.863037 0.862974 0.862918 0.862869 0.862827 0.862790 0.862758 0.862731 0.862708 0.862688 0.862671 0.862656 0.862644 0.862634 0.862626 0.862619 0.862613 0.862608 0.862604 0.862601 0.862599 0.862596 0.862595 0.862593 0.862592 0.862591 0.862591 0.862590 0.862590 0.862589 0.862589 0.862589 0.862589 0.862589 0.862589 0.862589 0.862588 0.862588 0.862588 0.862588 0.862588 0.862588 0.862588 0.862588 0.862588 0.862588 0.862588 0.862588 0.862588 0.862588 0.862588 0.862588 0.862588 0.862588 0.862588 0.862588 0.862588 0.862588 0.862588 0.862588 0.862588 0.862588 0.862588 0.862588 0.862588 0.862588 0.862588 0.862588 0.862588 0.862588 0.862588 0.862588 0.862588 0.862588 0.862588 0.862588 0.862588 0.862588 0.862588 0.862588 0.862588 0.862588 0.862588 0.862588 0.862588 0.862588 0.862588 0.862588 0.862588 0.862588 0.862588 0.862588 0.862588 0.862588 0.862589 0.862589 0.862589 0.862589 0.862589 0.862589 0.862589 0.862590 0.862590 0.862591 0.862591 0.862592 0.862593 0.862595 0.862596 0.862599 0.862601 0.862604 0.862608 0.862613 0.862619 0.862626 0.862634 0.862644 0.862656 0.862671 0.862688 0.862708 0.862731 0.862758 0.862790 0.862827 0.862869 0.862918 0.862974 0.863037 0.863109 0.863190 0.863281 0.863384 0.863498 0.863624 0.863764 0.863918 0.864087 0.864271 0.864471 0.864689 0.864923 0.865175 0.865445 0.865733 0.866040 0.866365 0.866710 0.867074 0.867458 0.867863 0.868292 0.868747 0.869233 0.869757 0.870322 0.870927 0.871547 0.872135 0.872624 0.872982 0.873351 0.874286 0.877111 0.883819
0.889184 0.882334 0.879577 0.878751 0.878462 0.878146 0.877675 0.877087 0.876452 0.875822 0.875222 0.874658 0.874128 0.873630 0.873159 0.872712 0.872289 0.871887 0.871508 0.871150 0.870812 0.870496 0.870200 0.869924 0.869668 0.869430 0.869211 0.869010 0.868826 0.868659 0.868507 0.868369 0.868245 0.868134 0.868035 0.867947 0.867869 0.867800 0.867740 0.867687 0.867641 0.867601 0.867567 0.867537 0.867512 0.867490 0.867472 0.867456 0.867443 0.867433 0.867423 0.867416 0.867410 0.867404 0.867400 0.867397 0.867394 0.867392 0.867390 0.867388 0.867387 0.867386 0.867385 0.867385 0.867384 0.867384 0.867384 0.867383 0.867383 0.867383 0.867383 0.867383 0.867383 0.867383 0.867383 0.867383 0.867383 0.867383 0.867383 0.867383 0.867383 0.867383 0.867383 0.867383 0.867383 0.867383 0.867383 0.867383 0.867383 0.867383 0.867383 0.867383 0.867383 0.867383 0.867383 0.867383 0.867383 0.867383 0.867383 0.867383 0.867383 0.867383 0.867383 0.867383 0.867383 0.867383 0.867383 0.867383 0.867383 0.867383 0.867383 0.867383 0.867383 0.867383 0.867383 0.867383 0.867383 0.867383 0.867383 0.867383 0.867383 0.867383 0.867383 0.867383 0.867383 0.867383 0.867383 0.867383 0.867383 0.867383 0.867383 0.867383 0.867383 0.867383 0.867383 0.867384 0.867384 0.867384 0.867385 0.867385 0.867386 0.867387 0.867388 0.867390 0.867392 0.867394 0.867397 0.867400 0.867404 0.867410 0.867416 0.867423 0.867433 0.867443 0.867456 0.867472 0.867490 0.867512 0.867537 0.867567 0.867601 0.867641 0.867687 0.867740 0.867800 0.867869 0.867947 0.868035 0.868134 0.868245 0.868369 0.868507 0.868659 0.868826 0.869010 0.869211 0.869430 0.869668 0.869924 0.870200 0.870496 0.870812 0.871150 0.871508 0.871887 0.872289 0.872712 0.873159 0.873630 0.874128 0.874658 0.875222 0.875822 0.876452 0.877087 0.877675 0.878146 0.878462 0.878751 0.879577 0.882334 0.889184
0.894144 0.887246 0.884570 0.883834 0.883604 0.883315 0.882851 0.882259 0.881611 0.880959 0.880331 0.879735 0.879171 0.878637 0.878130 0.877648 0.877191 0.876758 0.876348 0.875961 0.875597 0.875255 0.874936 0.874638 0.874362 0.874106 0.873871 0.873654 0.873457 0.873276 0.873113 0.872965 0.872832 0.872713 0.872607 0.872512 0.872429 0.872355 0.872290 0.872234 0.872184 0.872142 0.872105 0.872073 0.872046 0.872023 0.872003 0.871987 0.871973 0.871961 0.871951 0.871943 0.871936 0.871931 0.871926 0.871923 0.871920 0.871917 0.871915 0.871914 0.871912 0.871911 0.871910 0.871910 0.871909 0.871909 0.871909 0.871908 0.871908 0.871908 0.871908 0.871908 0.871908 0.871908 0.871908 0.871908 0.871908 0.871908 0.871908 0.871908 0.871908 0.871908 0.871908 0.871908 0.871908 0.871908 0.871908 0.871908 0.871908 0.871908 0.871908 0.871908 0.871908 0.871908 0.871908 0.871908 0.871908 0.871908 0.871908 0.871908 0.871908 0.871908 0.871908 0.871908 0.871908 0.871908 0.871908 0.871908 0.871908 0.871908 0.871908 0.871908 0.871908 0.871908 0.871908 0.871908 0.871908 0.871908 0.871908 0.871908 0.871908 0.871908 0.871908 0.871908 0.871908 0.871908 0.871908 0.871908 0.871908 0.871908 0.871908 0.871908 0.871908 0.871908 0.871908 0.871909 0.871909 0.871909 0.871910 0.871910 0.871911 0.871912 0.871914 0.871915 0.871917 0.871920 0.871923 0.871926 0.871931 0.871936 0.871943 0.871951 0.871961 0.871973 0.871987 0.872003 0.872023 0.872046 0.872073 0.872105 0.872142 0.872184 0.872234 0.872290 0.872355 0.872429 0.872512 0.872607 0.872713 0.872832 0.872965 0.873113 0.873276 0.873457 0.873654 0.873871 0.874106 0.874362 0.874638 0.874936 0.875255 0.875597 0.875961 0.876348 0.876758 0.877191 0.877648 0.878130 0.878637 0.879171 0.879735 0.880331 0.880959 0.881611 0.882259 0.882851 0.883315 0.883604 0.883834 0.884570 0.887246 0.894144
0.898809 0.891917 0.889325 0.888661 0.888470 0.888196 0.887733 0.887135 0.886476 0.885809 0.885160 0.884540 0.883949 0.883386 0.882850 0.882339 0.881854 0.881393 0.880957 0.880545 0.880158 0.879794 0.879454 0.879137 0.878843 0.878571 0.878320 0.878090 0.877880 0.877689 0.877515 0.877358 0.877217 0.877090 0.876977 0.876877 0.876788 0.876710 0.876641 0.876581 0.876529 0.876484 0.876444 0.876411 0.876382 0.876358 0.876337 0.876319 0.876304 0.876292 0.876281 0.876273 0.876266 0.876260 0.876255 0.876251 0.876248 0.876245 0.876243 0.876241 0.876240 0.876239 0.876238 0.876237 0.876237 0.876236 0.876236 0.876236 0.876236 0.876236 0.876235 0.876235 0.876235 0.876235 0.876235 0.876235 0.876235 0.876235 0.876235 0.876235 0.876235 0.876235 0.876235 0.876235 0.876235 0.876235 0.876235 0.876235 0.876235 0.876235 0.876235 0.876235 0.876235 0.876235 0.876235 0.876235 0.876235 0.876235 0.876235 0.876235 0.876235 0.876235 0.876235 0.876235 0.876235 0.876235 0.876235 0.876235 0.876235 0.876235 0.876235 0.876235 0.876235 0.876235 0.876235 0.876235 0.876235 0.876235 0.876235 0.876235 0.876235 0.876235 0.876235 0.876235 0.876235 0.876235 0.876235 0.876235 0.876235 0.876235 0.876235 0.876235 0.876236 0.876236 0.876236 0.876236 0.876236 0.876237 0.876237 0.876238 0.876239 0.876240 0.876241 0.876243 0.876245 0.876248 0.876251 0.876255 0.876260 0.876266 0.876273 0.876281 0.876292 0.876304 0.876319 0.876337 0.876358 0.876382 0.876411 0.876444 0.876484 0.876529 0.876581 0.876641 0.876710 0.876788 0.876877 0.876977 0.877090 0.877217 0.877358 0.877515 0.877689 0.877880 0.878090 0.878320 0.878571 0.878843 0.879137 0.879454 0.879794 0.880158 0.880545 0.880957 0.881393 0.881854 0.882339 0.882850 0.883386 0.883949 0.884540 0.885160 0.885809 0.886476 0.887135 0.887733 0.888196 0.888470 0.888661 0.889325 0.891917 0.898809
0.903262 0.896412 0.893904 0.893295 0.893127 0.892858 0.892392 0.891788 0.891121 0.890443 0.889779 0.889140 0.888528 0.887943 0.887384 0.886850 0.886341 0.885858 0.885399 0.884966 0.884559 0.884176 0.883818 0.883485 0.883175 0.882888 0.882624 0.882382 0.882161 0.881959 0.881776 0.881611 0.881463 0.881329 0.881211 0.881105 0.881012 0.880929 0.880857 0.880794 0.880739 0.880691 0.880650 0.880615 0.880584 0.880559 0.880537 0.880518 0.880503 0.880490 0.880479 0.880469 0.880462 0.880456 0.880451 0.880447 0.880443 0.880440 0.880438 0.880436 0.880435 0.880434 0.880433 0.880432 0.880432 0.880431 0.880431 0.880431 0.880430 0.880430 0.880430 0.880430 0.880430 0.880430 0.880430 0.880430 0.880430 0.880430 0.880430 0.880430 0.880430 0.880430 0.880430 0.880430 0.880430 0.880430 0.880430 0.880430 0.880430 0.880430 0.880430 0.880430 0.880430 0.880430 0.880430 0.880430 0.880430 0.880430 0.880430 0.880430 0.880430 0.880430 0.880430 0.880430 0.880430 0.880430 0.880430 0.880430 0.880430 0.880430 0.880430 0.880430 0.880430 0.880430 0.880430 0.880430 0.880430 0.880430 0.880430 0.880430 0.880430 0.880430 0.880430 0.880430 0.880430 0.880430 0.880430 0.880430 0.880430 0.880430 0.880430 0.880430 0.880430 0.880430 0.880431 0.880431 0.880431 0.880432 0.880432 0.880433 0.880434 0.880435 0.880436 0.880438 0.880440 0.880443 0.880447 0.880451 0.880456 0.880462 0.880469 0.880479 0.880490 0.880503 0.880518 0.880537 0.880559 0.880584 0.880615 0.880650 0.880691 0.880739 0.880794 0.880857 0.880929 0.881012 0.881105 0.881211 0.881329 0.881463 0.881611 0.881776 0.881959 0.882161 0.882382 0.882624 0.882888 0.883175 0.883485 0.883818 0.884176 0.884559 0.884966 0.885399 0.885858 0.886341 0.886850 0.887384 0.887943 0.888528 0.889140 0.889779 0.890443 0.891121 0.891788 0.892392 0.892858 0.893127 0.893295 0.893904 0.896412 0.903262
0.907557 0.900779 0.898351 0.897784 0.897628 0.897356 0.896884 0.896274 0.895601 0.894914 0.894240 0.893588 0.892960 0.892358 0.891780 0.891227 0.890699 0.890197 0.889721 0.889270 0.888845 0.888446 0.888073 0.887725 0.887402 0.887103 0.886828 0.886575 0.886344 0.886134 0.885943 0.885771 0.885616 0.885477 0.885353 0.885243 0.885145 0.885059 0.884984 0.884918 0.884860 0.884811 0.884768 0.884731 0.884699 0.884672 0.884649 0.884630 0.884614 0.884600 0.884589 0.884579 0.884571 0.884565 0.884559 0.884555 0.884551 0.884549 0.884546 0.884544 0.884543 0.884542 0.884541 0.884540 0.884539 0.884539 0.884539 0.884538 0.884538 0.884538 0.884538 0.884538 0.884538 0.884538 0.884537 0.884537 0.884537 0.884537 0.884537 0.884537 0.884537 0.884537 0.884537 0.884537 0.884537 0.884537 0.884537 0.884537 0.884537 0.884537 0.884537 0.884537 0.884537 0.884537 0.884537 0.884537 0.884537 0.884537 0.884537 0.884537 0.884537 0.884537 0.884537 0.884537 0.884537 0.884537 0.884537 0.884537 0.884537 0.884537 0.884537 0.884537 0.884537 0.884537 0.884537 0.884537 0.884537 0.884537 0.884537 0.884537 0.884537 0.884537 0.884537 0.884537 0.884537 0.884537 0.884537 0.884537 0.884538 0.884538 0.884538 0.884538 0.884538 0.884538 0.884538 0.884539 0.884539 0.884539 0.884540 0.884541 0.884542 0.884543 0.884544 0.884546 0.884549 0.884551 0.884555 0.884559 0.884565 0.884571 0.884579 0.884589 0.884600 0.884614 0.884630 0.884649 0.884672 0.884699 0.884731 0.884768 0.884811 0.884860 0.884918 0.884984 0.885059 0.885145 0.885243 0.885353 0.885477 0.885616 0.885771 0.885943 0.886134 0.886344 0.886575 0.886828 0.887103 0.887402 0.887725 0.888073 0.888446 0.888845 0.889270 0.889721 0.890197 0.890699 0.891227 0.891780 0.892358 0.892960 0.893588 0.894240 0.894914 0.895601 0.896274 0.896884 0.897356 0.897628 0.897784 0.898351 0.900779 0.907557
0.911732 0.905046 0.902698 0.902163 0.902008 0.901727 0.901247 0.900631 0.899952 0.899260 0.898577 0.897915 0.897276 0.896660 0.896068 0.895501 0.894958 0.894441 0.893949 0.893484 0.893046 0.892633 0.892248 0.891888 0.891554 0.891244 0.890960 0.890698 0.890459 0.890241 0.890043 0.889865 0.889704 0.889560 0.889432 0.889318 0.889217 0.889128 0.889050 0.888981 0.888922 0.888870 0.888826 0.888788 0.888755 0.888727 0.888703 0.888683 0.888666 0.888652 0.888640 0.888630 0.888622 0.888615 0.888610 0.888605 0.888602 0.888599 0.888596 0.888594 0.888593 0.888591 0.888590 0.888590 0.888589 0.888588 0.888588 0.888588 0.888588 0.888587 0.888587 0.888587 0.888587 0.888587 0.888587 0.888587 0.888587 0.888587 0.888587 0.888587 0.888587 0.888587 0.888587 0.888587 0.888587 0.888587 0.888587 0.888587 0.888587 0.888587 0.888587 0.888587 0.888587 0.888587 0.888587 0.888587 0.888587 0.888587 0.888587 0.888587 0.888587 0.888587 0.888587 0.888587 0.888587 0.888587 0.888587 0.888587 0.888587 0.888587 0.888587 0.888587 0.888587 0.888587 0.888587 0.888587 0.888587 0.888587 0.888587 0.888587 0.888587 0.888587 0.888587 0.888587 0.888587 0.888587 0.888587 0.888587 0.888587 0.888587 0.888587 0.888587 0.888587 0.888588 0.888588 0.888588 0.888588 0.888589 0.888590 0.888590 0.888591 0.888593 0.888594 0.888596 0.888599 0.888602 0.888605 0.888610 0.888615 0.888622 0.888630 0.888640 0.888652 0.888666 0.888683 0.888703 0.888727 0.888755 0.888788 0.888826 0.888870 0.888922 0.888981 0.889050 0.889128 0.889217 0.889318 0.889432 0.889560 0.889704 0.889865 0.890043 0.890241 0.890459 0.890698 0.890960 0.891244 0.891554 0.891888 0.892248 0.892633 0.893046 0.893484 0.893949 0.894441 0.894958 0.895501 0.896068 0.896660 0.897276 0.897915 0.898577 0.899260 0.899952 0.900631 0.901247 0.901727 0.902008 0.902163 0.902698 0.905046 0.911732
0.915806 0.909234 0.906963 0.906452 0.906290 0.905996 0.905505 0.904882 0.904199 0.903502 0.902814 0.902144 0.901496 0.900871 0.900268 0.899689 0.899135 0.898606 0.898103 0.897626 0.897177 0.896754 0.896358 0.895989 0.895646 0.895328 0.895035 0.894767 0.894521 0.894297 0.894094 0.893910 0.893745 0.893597 0.893465 0.893348 0.893244 0.893152 0.893072 0.893001 0.892940 0.892887 0.892841 0.892802 0.892768 0.892739 0.892715 0.892694 0.892677 0.892662 0.892650 0.892640 0.892631 0.892624 0.892619 0.892614 0.892610 0.892607 0.892604 0.892602 0.892601 0.892600 0.892599 0.892598 0.892597 0.892597 0.892596 0.892596 0.892596 0.892595 0.892595 0.892595 0.892595 0.892595 0.892595 0.892595 0.892595 0.892595 0.892595 0.892595 0.892595 0.892595 0.892595 0.892595 0.892595 0.892595 0.892595 0.892595 0.892595 0.892595 0.892595 0.892595 0.892595 0.892595 0.892595 0.892595 0.892595 0.892595 0.892595 0.892595 0.892595 0.892595 0.892595 0.892595 0.892595 0.892595 0.892595 0.892595 0.892595 0.892595 0.892595 0.892595 0.892595 0.892595 0.892595 0.892595 0.892595 0.892595 0.892595 0.892595 0.892595 0.892595 0.892595 0.892595 0.892595 0.892595 0.892595 0.892595 0.892595 0.892595 0.892595 0.892595 0.892595 0.892596 0.892596 0.892596 0.892597 0.892597 0.892598 0.892599 0.892600 0.892601 0.892602 0.892604 0.892607 0.892610 0.892614 0.892619 0.892624 0.892631 0.892640 0.892650 0.892662 0.892677 0.892694 0.892715 0.892739 0.892768 0.892802 0.892841 0.892887 0.892940 0.893001 0.893072 0.893152 0.893244 0.893348 0.893465 0.893597 0.893745 0.893910 0.894094 0.894297 0.894521 0.894767 0.895035 0.895328 0.895646 0.895989 0.896358 0.896754 0.897177 0.897626 0.898103 0.898606 0.899135 0.899689 0.900268 0.900871 0.901496 0.902144 0.902814 0.903502 0.904199 0.904882 0.905505 0.905996 0.906290 0.906452 0.906963 0.909234 0.915806
0.919794 0.913352 0.911157 0.910662 0.910489 0.910177 0.909674 0.909043 0.908356 0.907655 0.906963 0.906289 0.905634 0.905002 0.904391 0.903804 0.903241 0.902703 0.902192 0.901707 0.901249 0.900818 0.900415 0.900038 0.899688 0.899364 0.899065 0.898791 0.898540 0.898311 0.898103 0.897916 0.897747 0.897596 0.897461 0.897341 0.897235 0.897141 0.897059 0.896987 0.896924 0.896870 0.896823 0.896783 0.896748 0.896719 0.896694 0.896672 0.896655 0.896640 0.896627 0.896617 0.896608 0.896601 0.896595 0.896590 0.896586 0.896583 0.896581 0.896579 0.896577 0.896576 0.896575 0.896574 0.896573 0.896573 0.896572 0.896572 0.896572 0.896571 0.896571 0.896571 0.896571 0.896571 0.896571 0.896571 0.896571 0.896571 0.896571 0.896571 0.896571 0.896571 0.896571 0.896571 0.896571 0.896571 0.896571 0.896571 0.896571 0.896571 0.896571 0.896571 0.896571 0.896571 0.896571 0.896571 0.896571 0.896571 0.896571 0.896571 0.896571 0.896571 0.896571 0.896571 0.896571 0.896571 0.896571 0.896571 0.896571 0.896571 0.896571 0.896571 0.896571 0.896571 0.896571 0.896571 0.896571 0.896571 0.896571 0.896571 0.896571 0.896571 0.896571 0.896571 0.896571 0.896571 0.896571 0.896571 0.896571 0.896571 0.896571 0.896571 0.896571 0.896572 0.896572 0.896572 0.896573 0.896573 0.896574 0.896575 0.896576 0.896577 0.896579 0.896581 0.896583 0.896586 0.896590 0.896595 0.896601 0.896608 0.896617 0.896627 0.896640 0.896655 0.896672 0.896694 0.896719 0.896748 0.896783 0.896823 0.896870 0.896924 0.896987 0.897059 0.897141 0.897235 0.897341 0.897461 0.897596 0.897747 0.897916 0.898103 0.898311 0.898540 0.898791 0.899065 0.899364 0.899688 0.900038 0.900415 0.900818 0.901249 0.901707 0.902192 0.902703 0.903241 0.903804 0.904391 0.905002 0.905634 0.906289 0.906963 0.907655 0.908356 0.909043 0.909674 0.910177 0.910489 0.910662 0.911157 0.913352 0.919794
0.923701 0.917405 0.915284 0.914801 0.914611 0.914279 0.913762 0.913124 0.912433 0.911730 0.911035 0.910357 0.909698 0.909061 0.908445 0.907852 0.907283 0.906740 0.906222 0.905732 0.905268 0.904832 0.904423 0.904041 0.903686 0.903357 0.903054 0.902775 0.902521 0.902288 0.902078 0.901887 0.901716 0.901562 0.901425 0.901303 0.901195 0.901100 0.901016 0.900943 0.900880 0.900824 0.900777 0.900736 0.900700 0.900670 0.900645 0.900623 0.900605 0.900590 0.900577 0.900566 0.900558 0.900550 0.900544 0.900539 0.900535 0.900532 0.900530 0.900527 0.900526 0.900524 0.900523 0.900522 0.900522 0.900521 0.900521 0.900521 0.900520 0.900520 0.900520 0.900520 0.900520 0.900520 0.900520 0.900520 0.900520 0.900520 0.900519 0.900519 0.900519 0.900519 0.900519 0.900519 0.900519 0.900519 0.900519 0.900519 0.900519 0.900519 0.900519 0.900519 0.900519 0.900519 0.900519 0.900519 0.900519 0.900519 0.900519 0.900519 0.900519 0.900519 0.900519 0.900519 0.900519 0.900519 0.900519 0.900519 0.900519 0.900519 0.900519 0.900519 0.900519 0.900519 0.900519 0.900519 0.900519 0.900519 0.900519 0.900519 0.900519 0.900519 0.900519 0.900519 0.900520 0.900520 0.900520 0.900520 0.900520 0.900520 0.900520 0.900520 0.900520 0.900520 0.900521 0.900521 0.900521 0.900522 0.900522 0.900523 0.900524 0.900526 0.900527 0.900530 0.900532 0.900535 0.900539 0.900544 0.900550 0.900558 0.900566 0.900577 0.900590 0.900605 0.900623 0.900645 0.900670 0.900700 0.900736 0.900777 0.900824 0.900880 0.900943 0.901016 0.901100 0.901195 0.901303 0.901425 0.901562 0.901716 0.901887 0.902078 0.902288 0.902521 0.902775 0.903054 0.903357 0.903686 0.904041 0.904423 0.904832 0.905268 0.905732 0.906222 0.906740 0.907283 0.907852 0.908445 0.909061 0.909698 0.910357 0.911035 0.911730 0.912433 0.913124 0.913762 0.914279 0.914611 0.914801 0.915284 0.917405 0.923701
0.927534 0.921395 0.919348 0.918871 0.918660 0.918307 0.917776 0.917130 0.916435 0.915730 0.915034 0.914354 0.913693 0.913053 0.912434 0.911838 0.911266 0.910719 0.910198 0.909704 0.909237 0.908797 0.908385 0.908000 0.907642 0.907310 0.907004 0.906723 0.906466 0.906231 0.906019 0.905826 0.905653 0.905498 0.905360 0.905236 0.905127 0.905031 0.904946 0.904872 0.904808 0.904752 0.904704 0.904662 0.904626 0.904596 0.904570 0.904548 0.904530 0.904514 0.904501 0.904491 0.904482 0.904474 0.904468 0.904463 0.904459 0.904456 0.904453 0.904451 0.904449 0.904448 0.904447 0.904446 0.904445 0.904445 0.904444 0.904444 0.904444 0.904444 0.904443 0.904443 0.904443 0.904443 0.904443 0.904443 0.904443 0.904443 0.904443 0.904443 0.904443 0.904443 0.904443 0.904443 0.904443 0.904443 0.904443 0.904443 0.904443 0.904443 0.904443 0.904443 0.904443 0.904443 0.904443 0.904443 0.904443 0.904443 0.904443 0.904443 0.904443 0.904443 0.904443 0.904443 0.904443 0.904443 0.904443 0.904443 0.904443 0.904443 0.904443 0.904443 0.904443 0.904443 0.904443 0.904443 0.904443 0.904443 0.904443 0.904443 0.904443 0.904443 0.904443 0.904443 0.904443 0.904443 0.904443 0.904443 0.904443 0.904443 0.904443 0.904443 0.904444 0.904444 0.904444 0.904444 0.904445 0.904445 0.904446 0.904447 0.904448 0.904449 0.904451 0.904453 0.904456 0.904459 0.904463 0.904468 0.904474 0.904482 0.904491 0.904501 0.904514 0.904530 0.904548 0.904570 0.904596 0.904626 0.904662 0.904704 0.904752 0.904808 0.904872 0.904946 0.905031 0.905127 0.905236 0.905360 0.905498 0.905653 0.905826 0.906019 0.906231 0.906466 0.906723 0.907004 0.907310 0.907642 0.908000 0.908385 0.908797 0.909237 0.909704 0.910198 0.910719 0.911266 0.911838 0.912434 0.913053 0.913693 0.914354 0.915034 0.915730 0.916435 0.917130 0.917776 0.918307 0.918660 0.918871 0.919348 0.921395 0.927534
0.931292 0.925321 0.923346 0.922872 0.922639 0.922264 0.921717 0.921065 0.920367 0.919661 0.918964 0.918284 0.917623 0.916981 0.916362 0.915764 0.915191 0.914643 0.914121 0.913625 0.913156 0.912715 0.912302 0.911915 0.911556 0.911223 0.910916 0.910634 0.910376 0.910140 0.909927 0.909733 0.909559 0.909403 0.909264 0.909140 0.909030 0.908933 0.908848 0.908774 0.908709 0.908653 0.908604 0.908562 0.908526 0.908496 0.908470 0.908447 0.908429 0.908413 0.908400 0.908389 0.908380 0.908373 0.908367 0.908362 0.908358 0.908354 0.908352 0.908349 0.908348 0.908346 0.908345 0.908344 0.908344 0.908343 0.908343 0.908342 0.908342 0.908342 0.908342 0.908342 0.908341 0.908341 0.908341 0.908341 0.908341 0.908341 0.908341 0.908341 0.908341 0.908341 0.908341 0.908341 0.908341 0.908341 0.908341 0.908341 0.908341 0.908341 0.908341 0.908341 0.908341 0.908341 0.908341 0.908341 0.908341 0.908341 0.908341 0.908341 0.908341 0.908341 0.908341 0.908341 0.908341 0.908341 0.908341 0.908341 0.908341 0.908341 0.908341 0.908341 0.908341 0.908341 0.908341 0.908341 0.908341 0.908341 0.908341 0.908341 0.908341 0.908341 0.908341 0.908341 0.908341 0.908341 0.908341 0.908341 0.908341 0.908341 0.908342 0.908342 0.908342 0.908342 0.908342 0.908343 0.908343 0.908344 0.908344 0.908345 0.908346 0.908348 0.908349 0.908352 0.908354 0.908358 0.908362 0.908367 0.908373 0.908380 0.908389 0.908400 0.908413 0.908429 0.908447 0.908470 0.908496 0.908526 0.908562 0.908604 0.908653 0.908709 0.908774 0.908848 0.908933 0.909030 0.909140 0.909264 0.909403 0.909559 0.909733 0.909927 0.910140 0.910376 0.910634 0.910916 0.911223 0.911556 0.911915 0.912302 0.912715 0.913156 0.913625 0.914121 0.914643 0.915191 0.915764 0.916362 0.916981 0.917623 0.918284 0.918964 0.919661 0.920367 0.921065 0.921717 0.922264 0.922639 0.922872 0.923346 0.925321 0.931292
0.934973 0.929180 0.927276 0.926803 0.926546 0.926148 0.925588 0.924928 0.924229 0.923523 0.922827 0.922147 0.921487 0.920846 0.920227 0.919631 0.919059 0.918511 0.917989 0.917495 0.917027 0.916586 0.916173 0.915787 0.915428 0.915096 0.914789 0.914507 0.914248 0.914013 0.913799 0.913606 0.913432 0.913276 0.913137 0.913013 0.912903 0.912806 0.912721 0.912646 0.912581 0.912525 0.912476 0.912434 0.912398 0.912367 0.912341 0.912319 0.912300 0.912285 0.912271 0.912261 0.912251 0.912244 0.912238 0.912233 0.912229 0.912225 0.912223 0.912220 0.912219 0.912217 0.912216 0.912215 0.912215 0.912214 0.912214 0.912213 0.912213 0.912213 0.912213 0.912213 0.912212 0.912212 0.912212 0.912212 0.912212 0.912212 0.912212 0.912212 0.912212 0.912212 0.912212 0.912212 0.912212 0.912212 0.912212 0.912212 0.912212 0.912212 0.912212 0.912212 0.912212 0.912212 0.912212 0.912212 0.912212 0.912212 0.912212 0.912212 0.912212 0.912212 0.912212 0.912212 0.912212 0.912212 0.912212 0.912212 0.912212 0.912212 0.912212 0.912212 0.912212 0.912212 0.912212 0.912212 0.912212 0.912212 0.912212 0.912212 0.912212 0.912212 0.912212 0.912212 0.912212 0.912212 0.912212 0.912212 0.912212 0.912212 0.912213 0.912213 0.912213 0.912213 0.912213 0.912214 0.912214 0.912215 0.912215 0.912216 0.912217 0.912219 0.912220 0.912223 0.912225 0.912229 0.912233 0.912238 0.912244 0.912251 0.912261 0.912271 0.912285 0.912300 0.912319 0.912341 0.912367 0.912398 0.912434 0.912476 0.912525 0.912581 0.912646 0.912721 0.912806 0.912903 0.913013 0.913137 0.913276 0.913432 0.913606 0.913799 0.914013 0.914248 0.914507 0.914789 0.915096 0.915428 0.915787 0.916173 0.916586 0.917027 0.917495 0.917989 0.918511 0.919059 0.919631 0.920227 0.920846 0.921487 0.922147 0.922827 0.923523 0.924229 0.924928 0.925588 0.926148 0.926546 0.926803 0.927276 0.929180 0.934973
0.938576 0.932969 0.931134 0.930660 0.930379 0.929959 0.929385 0.928720 0.928019 0.927314 0.926620 0.925943 0.925285 0.924647 0.924030 0.923437 0.922867 0.922322 0.921803 0.921311 0.920845 0.920407 0.919996 0.919612 0.919255 0.918924 0.918619 0.918338 0.918081 0.917847 0.917634 0.917442 0.917269 0.917113 0.916975 0.916851 0.916742 0.916645 0.916560 0.916486 0.916421 0.916365 0.916316 0.916274 0.916238 0.916208 0.916181 0.916159 0.916141 0.916125 0.916112 0.916101 0.916092 0.916084 0.916078 0.916073 0.916069 0.916066 0.916063 0.916061 0.916059 0.916058 0.916057 0.916056 0.916055 0.916054 0.916054 0.916054 0.916053 0.916053 0.916053 0.916053 0.916053 0.916053 0.916053 0.916053 0.916053 0.916053 0.916053 0.916053 0.916053 0.916053 0.916053 0.916053 0.916053 0.916053 0.916053 0.916053 0.916053 0.916053 0.916053 0.916053 0.916053 0.916053 0.916053 0.916053 0.916053 0.916053 0.916053 0.916053 0.916053 0.916053 0.916053 0.916053 0.916053 0.916053 0.916053 0.916053 0.916053 0.916053 0.916053 0.916053 0.916053 0.916053 0.916053 0.916053 0.916053 0.916053 0.916053 0.916053 0.916053 0.916053 0.916053 0.916053 0.916053 0.916053 0.916053 0.916053 0.916053 0.916053 0.916053 0.916053 0.916053 0.916053 0.916054 0.916054 0.916054 0.916055 0.916056 0.916057 0.916058 0.916059 0.916061 0.916063 0.916066 0.916069 0.916073 0.916078 0.916084 0.916092 0.916101 0.916112 0.916125 0.916141 0.916159 0.916181 0.916208 0.916238 0.916274 0.916316 0.916365 0.916421 0.916486 0.916560 0.916645 0.916742 0.916851 0.916975 0.917113 0.917269 0.917442 0.917634 0.917847 0.918081 0.918338 0.918619 0.918924 0.919255 0.919612 0.919996 0.920407 0.920845 0.921311 0.921803 0.922322 0.922867 0.923437 0.924030 0.924647 0.925285 0.925943 0.926620 0.927314 0.928019 0.928720 0.929385 0.929959 0.930379 0.930660 0.931134 0.932969 0.938576
0.942096 0.936682 0.934916 0.934440 0.934135 0.933694 0.933108 0.932438 0.931737 0.931034 0.930343 0.929670 0.929015 0.928381 0.927769 0.927180 0.926614 0.926074 0.925559 0.925071 0.924610 0.924175 0.923768 0.923388 0.923034 0.922706 0.922403 0.922125 0.921871 0.921638 0.921428 0.921237 0.921065 0.920911 0.920773 0.920651 0.920542 0.920447 0.920362 0.920289 0.920224 0.920168 0.920120 0.920078 0.920043 0.920012 0.919986 0.919964 0.919946 0.919930 0.919917 0.919906 0.919897 0.919890 0.919884 0.919879 0.919874 0.919871 0.919868 0.919866 0.919864 0.919863 0.919862 0.919861 0.919860 0.919860 0.919859 0.919859 0.919859 0.919859 0.919858 0.919858 0.919858 0.919858 0.919858 0.919858 0.919858 0.919858 0.919858 0.919858 0.919858 0.919858 0.919858 0.919858 0.919858 0.919858 0.919858 0.919858 0.919858 0.919858 0.919858 0.919858 0.919858 0.919858 0.919858 0.919858 0.919858 0.919858 0.919858 0.919858 0.919858 0.919858 0.919858 0.919858 0.919858 0.919858 0.919858 0.919858 0.919858 0.919858 0.919858 0.919858 0.919858 0.919858 0.919858 0.919858 0.919858 0.919858 0.919858 0.919858 0.919858 0.919858 0.919858 0.919858 0.919858 0.919858 0.919858 0.919858 0.919858 0.919858 0.919858 0.919858 0.919859 0.919859 0.919859 0.919859 0.919860 0.919860 0.919861 0.919862 0.919863 0.919864 0.919866 0.919868 0.919871 0.919874 0.919879 0.919884 0.919890 0.919897 0.919906 0.919917 0.919930 0.919946 0.919964 0.919986 0.920012 0.920043 0.920078 0.920120 0.920168 0.920224 0.920289 0.920362 0.920447 0.920542 0.920651 0.920773 0.920911 0.921065 0.921237 0.921428 0.921638 0.921871 0.922125 0.922403 0.922706 0.923034 0.923388 0.923768 0.924175 0.924610 0.925071 0.925559 0.926074 0.926614 0.927180 0.927769 0.928381 0.929015 0.929670 0.930343 0.931034 0.931737 0.932438 0.933108 0.933694 0.934135 0.934440 0.934916 0.936682 0.942096
0.945530 0.940314 0.938617 0.938138 0.937810 0.937349 0.936753 0.936080 0.935380 0.934680 0.933994 0.933325 0.932676 0.932047 0.931441 0.930857 0.930298 0.929763 0.929254 0.928772 0.928316 0.927887 0.927485 0.927109 0.926760 0.926436 0.926138 0.925863 0.925612 0.925383 0.925174 0.924986 0.924817 0.924665 0.924529 0.924408 0.924300 0.924206 0.924122 0.924049 0.923986 0.923931 0.923883 0.923842 0.923806 0.923776 0.923751 0.923729 0.923710 0.923695 0.923682 0.923671 0.923662 0.923655 0.923649 0.923644 0.923640 0.923636 0.923634 0.923632 0.923630 0.923628 0.923627 0.923626 0.923626 0.923625 0.923625 0.923624 0.923624 0.923624 0.923624 0.923624 0.923624 0.923624 0.923623 0.923623 0.923623 0.923623 0.923623 0.923623 0.923623 0.923623 0.923623 0.923623 0.923623 0.923623 0.923623 0.923623 0.923623 0.923623 0.923623 0.923623 0.923623 0.923623 0.923623 0.923623 0.923623 0.923623 0.923623 0.923623 0.923623 0.923623 0.923623 0.923623 0.923623 0.923623 0.923623 0.923623 0.923623 0.923623 0.923623 0.923623 0.923623 0.923623 0.923623 0.923623 0.923623 0.923623 0.923623 0.923623 0.923623 0.923623 0.923623 0.923623 0.923623 0.923623 0.923623 0.923623 0.923624 0.923624 0.923624 0.923624 0.923624 0.923624 0.923624 0.923625 0.923625 0.923626 0.923626 0.923627 0.923628 0.923630 0.923632 0.923634 0.923636 0.923640 0.923644 0.923649 0.923655 0.923662 0.923671 0.923682 0.923695 0.923710 0.923729 0.923751 0.923776 0.923806 0.923842 0.923883 0.923931 0.923986 0.924049 0.924122 0.924206 0.924300 0.924408 0.924529 0.924665 0.924817 0.924986 0.925174 0.925383 0.925612 0.925863 0.926138 0.926436 0.926760 0.927109 0.927485 0.927887 0.928316 0.928772 0.929254 0.929763 0.930298 0.930857 0.931441 0.932047 0.932676 0.933325 0.933994 0.934680 0.935380 0.936080 0.936753 0.937349 0.937810 0.938138 0.938617 0.940314 0.945530
0.948872 0.943861 0.942232 0.941750 0.941400 0.940921 0.940315 0.939641 0.938943 0.938248 0.937568 0.936905 0.936262 0.935641 0.935042 0.934466 0.933914 0.933387 0.932885 0.932410 0.931961 0.931538 0.931143 0.930773 0.930429 0.930111 0.929817 0.929547 0.929300 0.929075 0.928870 0.928685 0.928518 0.928369 0.928235 0.928116 0.928010 0.927917 0.927835 0.927763 0.927701 0.927646 0.927599 0.927559 0.927524 0.927494 0.927469 0.927448 0.927429 0.927414 0.927401 0.927391 0.927382 0.927375 0.927369 0.927364 0.927360 0.927356 0.927354 0.927352 0.927350 0.927348 0.927347 0.927347 0.927346 0.927345 0.927345 0.927345 0.927344 0.927344 0.927344 0.927344 0.927344 0.927344 0.927344 0.927344 0.927344 0.927344 0.927343 0.927343 0.927343 0.927343 0.927343 0.927343 0.927343 0.927343 0.927343 0.927343 0.927343 0.927343 0.927343 0.927343 0.927343 0.927343 0.927343 0.927343 0.927343 0.927343 0.927343 0.927343 0.927343 0.927343 0.927343 0.927343 0.927343 0.927343 0.927343 0.927343 0.927343 0.927343 0.927343 0.927343 0.927343 0.927343 0.927343 0.927343 0.927343 0.927343 0.927343 0.927343 0.927343 0.927343 0.927343 0.927343 0.927344 0.927344 0.927344 0.927344 0.927344 0.927344 0.927344 0.927344 0.927344 0.927344 0.927345 0.927345 0.927345 0.927346 0.927347 0.927347 0.927348 0.927350 0.927352 0.927354 0.927356 0.927360 0.927364 0.927369 0.927375 0.927382 0.927391 0.927401 0.927414 0.927429 0.927448 0.927469 0.927494 0.927524 0.927559 0.927599 0.927646 0.927701 0.927763 0.927835 0.927917 0.928010 0.928116 0.928235 0.928369 0.928518 0.928685 0.928870 0.929075 0.929300 0.929547 0.929817 0.930111 0.930429 0.930773 0.931143 0.931538 0.931961 0.932410 0.932885 0.933387 0.933914 0.934466 0.935042 0.935641 0.936262 0.936905 0.937568 0.938248 0.938943 0.939641 0.940315 0.940921 0.941400 0.941750 0.942232 0.943861 0.948872
0.952119 0.947317 0.945755 0.945270 0.944900 0.944405 0.943793 0.943118 0.942425 0.941736 0.941062 0.940407 0.939773 0.939160 0.938569 0.938002 0.937459 0.936940 0.936447 0.935980 0.935540 0.935125 0.934737 0.934374 0.934037 0.933725 0.933437 0.933173 0.932931 0.932710 0.932509 0.932328 0.932165 0.932018 0.931887 0.931770 0.931667 0.931576 0.931495 0.931425 0.931364 0.931310 0.931264 0.931224 0.931190 0.931161 0.931136 0.931115 0.931097 0.931082 0.931070 0.931059 0.931051 0.931043 0.931038 0.931033 0.931029 0.931025 0.931023 0.931021 0.931019 0.931018 0.931017 0.931016 0.931015 0.931015 0.931014 0.931014 0.931014 0.931013 0.931013 0.931013 0.931013 0.931013 0.931013 0.931013 0.931013 0.931013 0.931013 0.931013 0.931013 0.931013 0.931013 0.931013 0.931013 0.931013 0.931013 0.931013 0.931013 0.931013 0.931013 0.931013 0.931013 0.931013 0.931013 0.931013 0.931013 0.931013 0.931013 0.931013 0.931013 0.931013 0.931013 0.931013 0.931013 0.931013 0.931013 0.931013 0.931013 0.931013 0.931013 0.931013 0.931013 0.931013 0.931013 0.931013 0.931013 0.931013 0.931013 0.931013 0.931013 0.931013 0.931013 0.931013 0.931013 0.931013 0.931013 0.931013 0.931013 0.931013 0.931013 0.931013 0.931013 0.931014 0.931014 0.931014 0.931015 0.931015 0.931016 0.931017 0.931018 0.931019 0.931021 0.931023 0.931025 0.931029 0.931033 0.931038 0.931043 0.931051 0.931059 0.931070 0.931082 0.931097 0.931115 0.931136 0.931161 0.931190 0.931224 0.931264 0.931310 0.931364 0.931425 0.931495 0.931576 0.931667 0.931770 0.931887 0.932018 0.932165 0.932328 0.932509 0.932710 0.932931 0.933173 0.933437 0.933725 0.934037 0.934374 0.934737 0.935125 0.935540 0.935980 0.936447 0.936940 0.937459 0.938002 0.938569 0.939160 0.939773 0.940407 0.941062 0.941736 0.942425 0.943118 0.943793 0.944405 0.944900 0.945270 0.945755 0.947317 0.952119
0.955267 0.950677 0.949182 0.948695 0.948306 0.947798 0.947180 0.946508 0.945820 0.945139 0.944474 0.943828 0.943203 0.942600 0.942019 0.941462 0.940929 0.940420 0.939937 0.939480 0.939049 0.938643 0.938263 0.937909 0.937580 0.937275 0.936994 0.936735 0.936499 0.936283 0.936087 0.935910 0.935751 0.935608 0.935480 0.935366 0.935265 0.935176 0.935097 0.935029 0.934969 0.934917 0.934871 0.934833 0.934799 0.934771 0.934746 0.934726 0.934708 0.934694 0.934681 0.934671 0.934663 0.934656 0.934650 0.934645 0.934641 0.934638 0.934636 0.934633 0.934632 0.934630 0.934629 0.934629 0.934628 0.934627 0.934627 0.934627 0.934626 0.934626 0.934626 0.934626 0.934626 0.934626 0.934626 0.934626 0.934626 0.934626 0.934626 0.934626 0.934626 0.934626 0.934626 0.934626 0.934626 0.934626 0.934626 0.934626 0.934626 0.934626 0.934626 0.934626 0.934626 0.934626 0.934626 0.934626 0.934626 0.934626 0.934626 0.934626 0.934626 0.934626 0.934626 0.934626 0.934626 0.934626 0.934626 0.934626 0.934626 0.934626 0.934626 0.934626 0.934626 0.934626 0.934626 0.934626 0.934626 0.934626 0.934626 0.934626 0.934626 0.934626 0.934626 0.934626 0.934626 0.934626 0.934626 0.934626 0.934626 0.934626 0.934626 0.934626 0.934626 0.934626 0.934627 0.934627 0.934627 0.934628 0.934629 0.934629 0.934630 0.934632 0.934633 0.934636 0.934638 0.934641 0.934645 0.934650 0.934656 0.934663 0.934671 0.934681 0.934694 0.934708 0.934726 0.934746 0.934771 0.934799 0.934833 0.934871 0.934917 0.934969 0.935029 0.935097 0.935176 0.935265 0.935366 0.935480 0.935608 0.935751 0.935910 0.936087 0.936283 0.936499 0.936735 0.936994 0.937275 0.937580 0.937909 0.938263 0.938643 0.939049 0.939480 0.939937 0.940420 0.940929 0.941462 0.942019 0.942600 0.943203 0.943828 0.944474 0.945139 0.945820 0.946508 0.947180 0.947798 0.948306 0.948695 0.949182 0.950677 0.955267
0.958313 0.953937 0.952508 0.952020 0.951615 0.951095 0.950475 0.949806 0.949126 0.948454 0.947799 0.947164 0.946549 0.945957 0.945388 0.944842 0.944320 0.943823 0.943351 0.942905 0.942483 0.942088 0.941718 0.941372 0.941052 0.940755 0.940481 0.940229 0.939999 0.939789 0.939599 0.939427 0.939272 0.939132 0.939008 0.938897 0.938799 0.938712 0.938636 0.938569 0.938511 0.938460 0.938416 0.938378 0.938346 0.938318 0.938294 0.938274 0.938257 0.938243 0.938231 0.938221 0.938213 0.938206 0.938200 0.938195 0.938192 0.938189 0.938186 0.938184 0.938182 0.938181 0.938180 0.938179 0.938179 0.938178 0.938178 0.938177 0.938177 0.938177 0.938177 0.938177 0.938177 0.938176 0.938176 0.938176 0.938176 0.938176 0.938176 0.938176 0.938176 0.938176 0.938176 0.938176 0.938176 0.938176 0.938176 0.938176 0.938176 0.938176 0.938176 0.938176 0.938176 0.938176 0.938176 0.938176 0.938176 0.938176 0.938176 0.938176 0.938176 0.938176 0.938176 0.938176 0.938176 0.938176 0.938176 0.938176 0.938176 0.938176 0.938176 0.938176 0.938176 0.938176 0.938176 0.938176 0.938176 0.938176 0.938176 0.938176 0.938176 0.938176 0.938176 0.938176 0.938176 0.938176 0.938176 0.938176 0.938176 0.938177 0.938177 0.938177 0.938177 0.938177 0.938177 0.938178 0.938178 0.938179 0.938179 0.938180 0.938181 0.938182 0.938184 0.938186 0.938189 0.938192 0.938195 0.938200 0.938206 0.938213 0.938221 0.938231 0.938243 0.938257 0.938274 0.938294 0.938318 0.938346 0.938378 0.938416 0.938460 0.938511 0.938569 0.938636 0.938712 0.938799 0.938897 0.939008 0.939132 0.939272 0.939427 0.939599 0.939789 0.939999 0.940229 0.940481 0.940755 0.941052 0.941372 0.941718 0.942088 0.942483 0.942905 0.943351 0.943823 0.944320 0.944842 0.945388 0.945957 0.946549 0.947164 0.947799 0.948454 0.949126 0.949806 0.950475 0.951095 0.951615 0.952020 0.952508 0.953937 0.958313
0.961251 0.957093 0.955729 0.955240 0.954821 0.954293 0.953673 0.953010 0.952339 0.951678 0.951034 0.950410 0.949809 0.949229 0.948672 0.948139 0.947629 0.947144 0.946684 0.946250 0.945840 0.945455 0.945095 0.944760 0.944448 0.944160 0.943894 0.943650 0.943427 0.943223 0.943039 0.942872 0.942721 0.942586 0.942466 0.942358 0.942263 0.942179 0.942105 0.942040 0.941984 0.941935 0.941892 0.941855 0.941824 0.941797 0.941774 0.941754 0.941738 0.941724 0.941712 0.941703 0.941695 0.941688 0.941682 0.941678 0.941674 0.941671 0.941669 0.941667 0.941665 0.941664 0.941663 0.941662 0.941662 0.941661 0.941661 0.941660 0.941660 0.941660 0.941660 0.941660 0.941660 0.941660 0.941659 0.941659 0.941659 0.941659 0.941659 0.941659 0.941659 0.941659 0.941659 0.941659 0.941659 0.941659 0.941659 0.941659 0.941659 0.941659 0.941659 0.941659 0.941659 0.941659 0.941659 0.941659 0.941659 0.941659 0.941659 0.941659 0.941659 0.941659 0.941659 0.941659 0.941659 0.941659 0.941659 0.941659 0.941659 0.941659 0.941659 0.941659 0.941659 0.941659 0.941659 0.941659 0.941659 0.941659 0.941659 0.941659 0.941659 0.941659 0.941659 0.941659 0.941659 0.941659 0.941659 0.941659 0.941660 0.941660 0.941660 0.941660 0.941660 0.941660 0.941660 0.941661 0.941661 0.941662 0.941662 0.941663 0.941664 0.941665 0.941667 0.941669 0.941671 0.941674 0.941678 0.941682 0.941688 0.941695 0.941703 0.941712 0.941724 0.941738 0.941754 0.941774 0.941797 0.941824 0.941855 0.941892 0.941935 0.941984 0.942040 0.942105 0.942179 0.942263 0.942358 0.942466 0.942586 0.942721 0.942872 0.943039 0.943223 0.943427 0.943650 0.943894 0.944160 0.944448 0.944760 0.945095 0.945455 0.945840 0.946250 0.946684 0.947144 0.947629 0.948139 0.948672 0.949229 0.949809 0.950410 0.951034 0.951678 0.952339 0.953010 0.953673 0.954293 0.954821 0.955240 0.955729 0.957093 0.961251
0.964080 0.960140 0.958841 0.958353 0.957923 0.957389 0.956771 0.956116 0.955455 0.954806 0.954175 0.953565 0.952977 0.952411 0.951867 0.951348 0.950852 0.950380 0.949933 0.949511 0.949113 0.948740 0.948392 0.948067 0.947765 0.947486 0.947229 0.946993 0.946777 0.946580 0.946402 0.946241 0.946095 0.945965 0.945848 0.945745 0.945653 0.945571 0.945500 0.945437 0.945383 0.945335 0.945294 0.945258 0.945228 0.945202 0.945180 0.945161 0.945145 0.945132 0.945120 0.945111 0.945103 0.945097 0.945091 0.945087 0.945083 0.945081 0.945078 0.945076 0.945075 0.945074 0.945073 0.945072 0.945071 0.945071 0.945070 0.945070 0.945070 0.945070 0.945069 0.945069 0.945069 0.945069 0.945069 0.945069 0.945069 0.945069 0.945069 0.945069 0.945069 0.945069 0.945069 0.945069 0.945069 0.945069 0.945069 0.945069 0.945069 0.945069 0.945069 0.945069 0.945069 0.945069 0.945069 0.945069 0.945069 0.945069 0.945069 0.945069 0.945069 0.945069 0.945069 0.945069 0.945069 0.945069 0.945069 0.945069 0.945069 0.945069 0.945069 0.945069 0.945069 0.945069 0.945069 0.945069 0.945069 0.945069 0.945069 0.945069 0.945069 0.945069 0.945069 0.945069 0.945069 0.945069 0.945069 0.945069 0.945069 0.945069 0.945069 0.945069 0.945070 0.945070 0.945070 0.945070 0.945071 0.945071 0.945072 0.945073 0.945074 0.945075 0.945076 0.945078 0.945081 0.945083 0.945087 0.945091 0.945097 0.945103 0.945111 0.945120 0.945132 0.945145 0.945161 0.945180 0.945202 0.945228 0.945258 0.945294 0.945335 0.945383 0.945437 0.945500 0.945571 0.945653 0.945745 0.945848 0.945965 0.946095 0.946241 0.946402 0.946580 0.946777 0.946993 0.947229 0.947486 0.947765 0.948067 0.948392 0.948740 0.949113 0.949511 0.949933 0.950380 0.950852 0.951348 0.951867 0.952411 0.952977 0.953565 0.954175 0.954806 0.955455 0.956116 0.956771 0.957389 0.957923 0.958353 0.958841 0.960140 0.964080
0.966797 0.963075 0.961840 0.961355 0.960915 0.960378 0.959765 0.959119 0.958471 0.957836 0.957220 0.956624 0.956050 0.955499 0.954971 0.954466 0.953984 0.953527 0.953094 0.952685 0.952300 0.951939 0.951602 0.951289 0.950997 0.950728 0.950480 0.950253 0.950045 0.949855 0.949683 0.949528 0.949388 0.949262 0.949150 0.949050 0.948962 0.948884 0.948815 0.948755 0.948702 0.948656 0.948617 0.948582 0.948553 0.948528 0.948507 0.948488 0.948473 0.948460 0.948449 0.948440 0.948433 0.948427 0.948421 0.948417 0.948414 0.948411 0.948409 0.948407 0.948405 0.948404 0.948403 0.948402 0.948402 0.948401 0.948401 0.948401 0.948401 0.948400 0.948400 0.948400 0.948400 0.948400 0.948400 0.948400 0.948400 0.948400 0.948400 0.948400 0.948400 0.948400 0.948400 0.948400 0.948400 0.948400 0.948400 0.948400 0.948400 0.948400 0.948400 0.948400 0.948400 0.948400 0.948400 0.948400 0.948400 0.948400 0.948400 0.948400 0.948400 0.948400 0.948400 0.948400 0.948400 0.948400 0.948400 0.948400 0.948400 0.948400 0.948400 0.948400 0.948400 0.948400 0.948400 0.948400 0.948400 0.948400 0.948400 0.948400 0.948400 0.948400 0.948400 0.948400 0.948400 0.948400 0.948400 0.948400 0.948400 0.948400 0.948400 0.948400 0.948400 0.948401 0.948401 0.948401 0.948401 0.948402 0.948402 0.948403 0.948404 0.948405 0.948407 0.948409 0.948411 0.948414 0.948417 0.948421 0.948427 0.948433 0.948440 0.948449 0.948460 0.948473 0.948488 0.948507 0.948528 0.948553 0.948582 0.948617 0.948656 0.948702 0.948755 0.948815 0.948884 0.948962 0.949050 0.949150 0.949262 0.949388 0.949528 0.949683 0.949855 0.950045 0.950253 0.950480 0.950728 0.950997 0.951289 0.951602 0.951939 0.952300 0.952685 0.953094 0.953527 0.953984 0.954466 0.954971 0.955499 0.956050 0.956624 0.957220 0.957836 0.958471 0.959119 0.959765 0.960378 0.960915 0.961355 0.961840 0.963075 0.966797
0.969398 0.965894 0.964724 0.964242 0.963796 0.963259 0.962652 0.962018 0.961384 0.960764 0.960163 0.959584 0.959026 0.958491 0.957978 0.957489 0.957023 0.956580 0.956162 0.955767 0.955396 0.955048 0.954723 0.954421 0.954141 0.953882 0.953644 0.953425 0.953225 0.953043 0.952878 0.952729 0.952595 0.952474 0.952366 0.952271 0.952186 0.952111 0.952045 0.951987 0.951936 0.951892 0.951854 0.951822 0.951794 0.951770 0.951749 0.951732 0.951717 0.951704 0.951694 0.951685 0.951678 0.951672 0.951667 0.951663 0.951660 0.951657 0.951655 0.951653 0.951652 0.951651 0.951650 0.951649 0.951648 0.951648 0.951648 0.951647 0.951647 0.951647 0.951647 0.951647 0.951647 0.951647 0.951647 0.951647 0.951647 0.951646 0.951646 0.951646 0.951646 0.951646 0.951646 0.951646 0.951646 0.951646 0.951646 0.951646 0.951646 0.951646 0.951646 0.951646 0.951646 0.951646 0.951646 0.951646 0.951646 0.951646 0.951646 0.951646 0.951646 0.951646 0.951646 0.951646 0.951646 0.951646 0.951646 0.951646 0.951646 0.951646 0.951646 0.951646 0.951646 0.951646 0.951646 0.951646 0.951646 0.951646 0.951646 0.951646 0.951646 0.951646 0.951646 0.951646 0.951646 0.951647 0.951647 0.951647 0.951647 0.951647 0.951647 0.951647 0.951647 0.951647 0.951647 0.951648 0.951648 0.951648 0.951649 0.951650 0.951651 0.951652 0.951653 0.951655 0.951657 0.951660 0.951663 0.951667 0.951672 0.951678 0.951685 0.951694 0.951704 0.951717 0.951732 0.951749 0.951770 0.951794 0.951822 0.951854 0.951892 0.951936 0.951987 0.952045 0.952111 0.952186 0.952271 0.952366 0.952474 0.952595 0.952729 0.952878 0.953043 0.953225 0.953425 0.953644 0.953882 0.954141 0.954421 0.954723 0.955048 0.955396 0.955767 0.956162 0.956580 0.957023 0.957489 0.957978 0.958491 0.959026 0.959584 0.960163 0.960764 0.961384 0.962018 0.962652 0.963259 0.963796 0.964242 0.964724 0.965894 0.969398
0.971883 0.968595 0.967488 0.967012 0.966562 0.966027 0.965429 0.964809 0.964191 0.963587 0.963004 0.962441 0.961901 0.961382 0.960886 0.960413 0.959964 0.959537 0.959134 0.958754 0.958397 0.958062 0.957750 0.957460 0.957192 0.956943 0.956715 0.956505 0.956314 0.956140 0.955981 0.955839 0.955710 0.955595 0.955492 0.955400 0.955319 0.955247 0.955184 0.955129 0.955081 0.955039 0.955003 0.954971 0.954944 0.954921 0.954902 0.954885 0.954871 0.954859 0.954849 0.954841 0.954834 0.954828 0.954824 0.954820 0.954817 0.954814 0.954812 0.954810 0.954809 0.954808 0.954807 0.954806 0.954806 0.954805 0.954805 0.954805 0.954804 0.954804 0.954804 0.954804 0.954804 0.954804 0.954804 0.954804 0.954804 0.954804 0.954804 0.954804 0.954804 0.954804 0.954804 0.954804 0.954804 0.954804 0.954804 0.954804 0.954804 0.954804 0.954804 0.954804 0.954804 0.954804 0.954804 0.954804 0.954804 0.954804 0.954804 0.954804 0.954804 0.954804 0.954804 0.954804 0.954804 0.954804 0.954804 0.954804 0.954804 0.954804 0.954804 0.954804 0.954804 0.954804 0.954804 0.954804 0.954804 0.954804 0.954804 0.954804 0.954804 0.954804 0.954804 0.954804 0.954804 0.954804 0.954804 0.954804 0.954804 0.954804 0.954804 0.954804 0.954804 0.954804 0.954805 0.954805 0.954805 0.954806 0.954806 0.954807 0.954808 0.954809 0.954810 0.954812 0.954814 0.954817 0.954820 0.954824 0.954828 0.954834 0.954841 0.954849 0.954859 0.954871 0.954885 0.954902 0.954921 0.954944 0.954971 0.955003 0.955039 0.955081 0.955129 0.955184 0.955247 0.955319 0.955400 0.955492 0.955595 0.955710 0.955839 0.955981 0.956140 0.956314 0.956505 0.956715 0.956943 0.957192 0.957460 0.957750 0.958062 0.958397 0.958754 0.959134 0.959537 0.959964 0.960413 0.960886 0.961382 0.961901 0.962441 0.963004 0.963587 0.964191 0.964809 0.965429 0.966027 0.966562 0.967012 0.967488 0.968595 0.971883
0.974248 0.971175 0.970131 0.969662 0.969211 0.968680 0.968094 0.967489 0.966888 0.966303 0.965738 0.965193 0.964671 0.964170 0.963692 0.963237 0.962804 0.962393 0.962006 0.961641 0.961299 0.960978 0.960680 0.960402 0.960145 0.959907 0.959689 0.959489 0.959306 0.959140 0.958989 0.958853 0.958730 0.958621 0.958522 0.958435 0.958358 0.958289 0.958229 0.958177 0.958131 0.958091 0.958056 0.958026 0.958001 0.957979 0.957960 0.957944 0.957931 0.957920 0.957910 0.957902 0.957896 0.957890 0.957886 0.957882 0.957879 0.957876 0.957874 0.957873 0.957872 0.957871 0.957870 0.957869 0.957868 0.957868 0.957868 0.957867 0.957867 0.957867 0.957867 0.957867 0.957867 0.957867 0.957867 0.957867 0.957867 0.957867 0.957867 0.957867 0.957867 0.957867 0.957867 0.957867 0.957867 0.957867 0.957867 0.957867 0.957867 0.957867 0.957867 0.957867 0.957867 0.957867 0.957867 0.957867 0.957867 0.957867 0.957867 0.957867 0.957867 0.957867 0.957867 0.957867 0.957867 0.957867 0.957867 0.957867 0.957867 0.957867 0.957867 0.957867 0.957867 0.957867 0.957867 0.957867 0.957867 0.957867 0.957867 0.957867 0.957867 0.957867 0.957867 0.957867 0.957867 0.957867 0.957867 0.957867 0.957867 0.957867 0.957867 0.957867 0.957867 0.957867 0.957867 0.957868 0.957868 0.957868 0.957869 0.957870 0.957871 0.957872 0.957873 0.957874 0.957876 0.957879 0.957882 0.957886 0.957890 0.957896 0.957902 0.957910 0.957920 0.957931 0.957944 0.957960 0.957979 0.958001 0.958026 0.958056 0.958091 0.958131 0.958177 0.958229 0.958289 0.958358 0.958435 0.958522 0.958621 0.958730 0.958853 0.958989 0.959140 0.959306 0.959489 0.959689 0.959907 0.960145 0.960402 0.960680 0.960978 0.961299 0.961641 0.962006 0.962393 0.962804 0.963237 0.963692 0.964170 0.964671 0.965193 0.965738 0.966303 0.966888 0.967489 0.968094 0.968680 0.969211 0.969662 0.970131 0.971175 0.974248
0.976494 0.973634 0.972651 0.972190 0.971741 0.971217 0.970644 0.970056 0.969474 0.968908 0.968362 0.967837 0.967334 0.966852 0.966393 0.965955 0.965539 0.965146 0.964775 0.964426 0.964099 0.963793 0.963507 0.963242 0.962997 0.962771 0.962563 0.962372 0.962198 0.962040 0.961897 0.961767 0.961651 0.961547 0.961453 0.961370 0.961297 0.961232 0.961175 0.961125 0.961081 0.961043 0.961011 0.960982 0.960958 0.960937 0.960919 0.960904 0.960892 0.960881 0.960872 0.960864 0.960858 0.960853 0.960849 0.960845 0.960842 0.960840 0.960838 0.960837 0.960835 0.960834 0.960834 0.960833 0.960832 0.960832 0.960832 0.960831 0.960831 0.960831 0.960831 0.960831 0.960831 0.960831 0.960831 0.960831 0.960831 0.960831 0.960831 0.960831 0.960831 0.960831 0.960831 0.960831 0.960831 0.960831 0.960831 0.960831 0.960831 0.960831 0.960831 0.960831 0.960831 0.960831 0.960831 0.960831 0.960831 0.960831 0.960831 0.960831 0.960831 0.960831 0.960831 0.960831 0.960831 0.960831 0.960831 0.960831 0.960831 0.960831 0.960831 0.960831 0.960831 0.960831 0.960831 0.960831 0.960831 0.960831 0.960831 0.960831 0.960831 0.960831 0.960831 0.960831 0.960831 0.960831 0.960831 0.960831 0.960831 0.960831 0.960831 0.960831 0.960831 0.960831 0.960831 0.960832 0.960832 0.960832 0.960833 0.960834 0.960834 0.960835 0.960837 0.960838 0.960840 0.960842 0.960845 0.960849 0.960853 0.960858 0.960864 0.960872 0.960881 0.960892 0.960904 0.960919 0.960937 0.960958 0.960982 0.961011 0.961043 0.961081 0.961125 0.961175 0.961232 0.961297 0.961370 0.961453 0.961547 0.961651 0.961767 0.961897 0.962040 0.962198 0.962372 0.962563 0.962771 0.962997 0.963242 0.963507 0.963793 0.964099 0.964426 0.964775 0.965146 0.965539 0.965955 0.966393 0.966852 0.967334 0.967837 0.968362 0.968908 0.969474 0.970056 0.970644 0.971217 0.971741 0.972190 0.972651 0.973634 0.976494
0.978620 0.975968 0.975046 0.974595 0.974150 0.973635 0.973077 0.972508 0.971946 0.971401 0.970876 0.970371 0.969888 0.969425 0.968985 0.968566 0.968168 0.967793 0.967438 0.967105 0.966793 0.966502 0.966230 0.965978 0.965745 0.965530 0.965332 0.965152 0.964987 0.964837 0.964701 0.964578 0.964468 0.964369 0.964280 0.964202 0.964132 0.964071 0.964017 0.963970 0.963929 0.963893 0.963862 0.963835 0.963812 0.963792 0.963775 0.963761 0.963749 0.963739 0.963731 0.963723 0.963717 0.963713 0.963709 0.963705 0.963703 0.963700 0.963698 0.963697 0.963696 0.963695 0.963694 0.963694 0.963693 0.963693 0.963692 0.963692 0.963692 0.963692 0.963692 0.963692 0.963692 0.963692 0.963692 0.963692 0.963691 0.963691 0.963691 0.963691 0.963691 0.963691 0.963691 0.963691 0.963691 0.963691 0.963691 0.963691 0.963691 0.963691 0.963691 0.963691 0.963691 0.963691 0.963691 0.963691 0.963691 0.963691 0.963691 0.963691 0.963691 0.963691 0.963691 0.963691 0.963691 0.963691 0.963691 0.963691 0.963691 0.963691 0.963691 0.963691 0.963691 0.963691 0.963691 0.963691 0.963691 0.963691 0.963691 0.963691 0.963691 0.963691 0.963691 0.963691 0.963691 0.963691 0.963692 0.963692 0.963692 0.963692 0.963692 0.963692 0.963692 0.963692 0.963692 0.963692 0.963693 0.963693 0.963694 0.963694 0.963695 0.963696 0.963697 0.963698 0.963700 0.963703 0.963705 0.963709 0.963713 0.963717 0.963723 0.963731 0.963739 0.963749 0.963761 0.963775 0.963792 0.963812 0.963835 0.963862 0.963893 0.963929 0.963970 0.964017 0.964071 0.964132 0.964202 0.964280 0.964369 0.964468 0.964578 0.964701 0.964837 0.964987 0.965152 0.965332 0.965530 0.965745 0.965978 0.966230 0.966502 0.966793 0.967105 0.967438 0.967793 0.968168 0.968566 0.968985 0.969425 0.969888 0.970371 0.970876 0.971401 0.971946 0.972508 0.973077 0.973635 0.974150 0.974595 0.975046 0.975968 0.978620
0.980625 0.978177 0.977315 0.976876 0.976437 0.975934 0.975393 0.974844 0.974304 0.973780 0.973276 0.972792 0.972330 0.971888 0.971467 0.971067 0.970688 0.970330 0.969993 0.969676 0.969379 0.969102 0.968845 0.968606 0.968385 0.968181 0.967994 0.967823 0.967667 0.967525 0.967397 0.967281 0.967177 0.967084 0.967000 0.966926 0.966861 0.966803 0.966752 0.966707 0.966668 0.966635 0.966605 0.966580 0.966559 0.966540 0.966524 0.966511 0.966499 0.966490 0.966482 0.966475 0.966470 0.966465 0.966461 0.966458 0.966455 0.966453 0.966452 0.966450 0.966449 0.966448 0.966448 0.966447 0.966447 0.966446 0.966446 0.966446 0.966446 0.966445 0.966445 0.966445 0.966445 0.966445 0.966445 0.966445 0.966445 0.966445 0.966445 0.966445 0.966445 0.966445 0.966445 0.966445 0.966445 0.966445 0.966445 0.966445 0.966445 0.966445 0.966445 0.966445 0.966445 0.966445 0.966445 0.966445 0.966445 0.966445 0.966445 0.966445 0.966445 0.966445 0.966445 0.966445 0.966445 0.966445 0.966445 0.966445 0.966445 0.966445 0.966445 0.966445 0.966445 0.966445 0.966445 0.966445 0.966445 0.966445 0.966445 0.966445 0.966445 0.966445 0.966445 0.966445 0.966445 0.966445 0.966445 0.966445 0.966445 0.966445 0.966445 0.966445 0.966445 0.966446 0.966446 0.966446 0.966446 0.966447 0.966447 0.966448 0.966448 0.966449 0.966450 0.966452 0.966453 0.966455 0.966458 0.966461 0.966465 0.966470 0.966475 0.966482 0.966490 0.966499 0.966511 0.966524 0.966540 0.966559 0.966580 0.966605 0.966635 0.966668 0.966707 0.966752 0.966803 0.966861 0.966926 0.967000 0.967084 0.967177 0.967281 0.967397 0.967525 0.967667 0.967823 0.967994 0.968181 0.968385 0.968606 0.968845 0.969102 0.969379 0.969676 0.969993 0.970330 0.970688 0.971067 0.971467 0.971888 0.972330 0.972792 0.973276 0.973780 0.974304 0.974844 0.975393 0.975934 0.976437 0.976876 0.977315 0.978177 0.980625
0.982510 0.980262 0.979459 0.979033 0.978601 0.978112 0.977590 0.977062 0.976544 0.976043 0.975562 0.975100 0.974658 0.974237 0.973836 0.973456 0.973096 0.972756 0.972436 0.972135 0.971855 0.971592 0.971349 0.971123 0.970914 0.970722 0.970546 0.970384 0.970237 0.970104 0.969983 0.969874 0.969776 0.969688 0.969610 0.969540 0.969478 0.969424 0.969376 0.969334 0.969298 0.969266 0.969239 0.969215 0.969195 0.969177 0.969162 0.969150 0.969139 0.969130 0.969123 0.969116 0.969111 0.969107 0.969103 0.969100 0.969098 0.969096 0.969094 0.969093 0.969092 0.969091 0.969090 0.969090 0.969089 0.969089 0.969089 0.969089 0.969089 0.969088 0.969088 0.969088 0.969088 0.969088 0.969088 0.969088 0.969088 0.969088 0.969088 0.969088 0.969088 0.969088 0.969088 0.969088 0.969088 0.969088 0.969088 0.969088 0.969088 0.969088 0.969088 0.969088 0.969088 0.969088 0.969088 0.969088 0.969088 0.969088 0.969088 0.969088 0.969088 0.969088 0.969088 0.969088 0.969088 0.969088 0.969088 0.969088 0.969088 0.969088 0.969088 0.969088 0.969088 0.969088 0.969088 0.969088 0.969088 0.969088 0.969088 0.969088 0.969088 0.969088 0.969088 0.969088 0.969088 0.969088 0.969088 0.969088 0.969088 0.969088 0.969088 0.969088 0.969088 0.969089 0.969089 0.969089 0.969089 0.969089 0.969090 0.969090 0.969091 0.969092 0.969093 0.969094 0.969096 0.969098 0.969100 0.969103 0.969107 0.969111 0.969116 0.969123 0.969130 0.969139 0.969150 0.969162 0.969177 0.969195 0.969215 0.969239 0.969266 0.969298 0.969334 0.969376 0.969424 0.969478 0.969540 0.969610 0.969688 0.969776 0.969874 0.969983 0.970104 0.970237 0.970384 0.970546 0.970722 0.970914 0.971123 0.971349 0.971592 0.971855 0.972135 0.972436 0.972756 0.973096 0.973456 0.973836 0.974237 0.974658 0.975100 0.975562 0.976043 0.976544 0.977062 0.977590 0.978112 0.978601 0.979033 0.979459 0.980262 0.982510
0.984276 0.982223 0.981477 0.981065 0.980643 0.980170 0.979668 0.979162 0.978668 0.978190 0.977731 0.977292 0.976872 0.976472 0.976092 0.975731 0.975390 0.975068 0.974766 0.974482 0.974217 0.973970 0.973740 0.973527 0.973331 0.973150 0.972984 0.972832 0.972694 0.972569 0.972455 0.972353 0.972261 0.972179 0.972106 0.972040 0.971983 0.971932 0.971887 0.971848 0.971813 0.971784 0.971758 0.971736 0.971717 0.971701 0.971687 0.971675 0.971665 0.971657 0.971650 0.971644 0.971639 0.971635 0.971631 0.971629 0.971626 0.971625 0.971623 0.971622 0.971621 0.971620 0.971620 0.971619 0.971619 0.971618 0.971618 0.971618 0.971618 0.971618 0.971618 0.971617 0.971617 0.971617 0.971617 0.971617 0.971617 0.971617 0.971617 0.971617 0.971617 0.971617 0.971617 0.971617 0.971617 0.971617 0.971617 0.971617 0.971617 0.971617 0.971617 0.971617 0.971617 0.971617 0.971617 0.971617 0.971617 0.971617 0.971617 0.971617 0.971617 0.971617 0.971617 0.971617 0.971617 0.971617 0.971617 0.971617 0.971617 0.971617 0.971617 0.971617 0.971617 0.971617 0.971617 0.971617 0.971617 0.971617 0.971617 0.971617 0.971617 0.971617 0.971617 0.971617 0.971617 0.971617 0.971617 0.971617 0.971617 0.971617 0.971617 0.971618 0.971618 0.971618 0.971618 0.971618 0.971618 0.971619 0.971619 0.971620 0.971620 0.971621 0.971622 0.971623 0.971625 0.971626 0.971629 0.971631 0.971635 0.971639 0.971644 0.971650 0.971657 0.971665 0.971675 0.971687 0.971701 0.971717 0.971736 0.971758 0.971784 0.971813 0.971848 0.971887 0.971932 0.971983 0.972040 0.972106 0.972179 0.972261 0.972353 0.972455 0.972569 0.972694 0.972832 0.972984 0.973150 0.973331 0.973527 0.973740 0.973970 0.974217 0.974482 0.974766 0.975068 0.975390 0.975731 0.976092 0.976472 0.976872 0.977292 0.977731 0.978190 0.978668 0.979162 0.979668 0.980170 0.980643 0.981065 0.981477 0.982223 0.984276
0.985925 0.984059 0.983370 0.982973 0.982564 0.982107 0.981626 0.981144 0.980674 0.980220 0.979785 0.979368 0.978970 0.978592 0.978232 0.977891 0.977569 0.977266 0.976981 0.976714 0.976465 0.976232 0.976016 0.975817 0.975632 0.975463 0.975307 0.975165 0.975036 0.974919 0.974813 0.974717 0.974631 0.974554 0.974486 0.974425 0.974371 0.974323 0.974282 0.974245 0.974213 0.974185 0.974161 0.974141 0.974123 0.974108 0.974095 0.974084 0.974075 0.974067 0.974060 0.974055 0.974050 0.974047 0.974043 0.974041 0.974039 0.974037 0.974036 0.974035 0.974034 0.974033 0.974032 0.974032 0.974032 0.974031 0.974031 0.974031 0.974031 0.974031 0.974031 0.974030 0.974030 0.974030 0.974030 0.974030 0.974030 0.974030 0.974030 0.974030 0.974030 0.974030 0.974030 0.974030 0.974030 0.974030 0.974030 0.974030 0.974030 0.974030 0.974030 0.974030 0.974030 0.974030 0.974030 0.974030 0.974030 0.974030 0.974030 0.974030 0.974030 0.974030 0.974030 0.974030 0.974030 0.974030 0.974030 0.974030 0.974030 0.974030 0.974030 0.974030 0.974030 0.974030 0.974030 0.974030 0.974030 0.974030 0.974030 0.974030 0.974030 0.974030 0.974030 0.974030 0.974030 0.974030 0.974030 0.974030 0.974030 0.974030 0.974030 0.974031 0.974031 0.974031 0.974031 0.974031 0.974031 0.974032 0.974032 0.974032 0.974033 0.974034 0.974035 0.974036 0.974037 0.974039 0.974041 0.974043 0.974047 0.974050 0.974055 0.974060 0.974067 0.974075 0.974084 0.974095 0.974108 0.974123 0.974141 0.974161 0.974185 0.974213 0.974245 0.974282 0.974323 0.974371 0.974425 0.974486 0.974554 0.974631 0.974717 0.974813 0.974919 0.975036 0.975165 0.975307 0.975463 0.975632 0.975817 0.976016 0.976232 0.976465 0.976714 0.976981 0.977266 0.977569 0.977891 0.978232 0.978592 0.978970 0.979368 0.979785 0.980220 0.980674 0.981144 0.981626 0.982107 0.982564 0.982973 0.983370 0.984059 0.985925
0.987457 0.985774 0.985139 0.984758 0.984363 0.983924 0.983466 0.983008 0.982563 0.982133 0.981722 0.981328 0.980953 0.980596 0.980257 0.979936 0.979634 0.979348 0.979081 0.978830 0.978596 0.978379 0.978177 0.977990 0.977818 0.977659 0.977514 0.977381 0.977261 0.977151 0.977053 0.976963 0.976883 0.976812 0.976748 0.976691 0.976641 0.976597 0.976558 0.976524 0.976495 0.976469 0.976447 0.976428 0.976411 0.976397 0.976385 0.976375 0.976366 0.976359 0.976353 0.976348 0.976344 0.976340 0.976337 0.976335 0.976333 0.976331 0.976330 0.976329 0.976328 0.976328 0.976327 0.976327 0.976326 0.976326 0.976326 0.976326 0.976325 0.976325 0.976325 0.976325 0.976325 0.976325 0.976325 0.976325 0.976325 0.976325 0.976325 0.976325 0.976325 0.976325 0.976325 0.976325 0.976325 0.976325 0.976325 0.976325 0.976325 0.976325 0.976325 0.976325 0.976325 0.976325 0.976325 0.976325 0.976325 0.976325 0.976325 0.976325 0.976325 0.976325 0.976325 0.976325 0.976325 0.976325 0.976325 0.976325 0.976325 0.976325 0.976325 0.976325 0.976325 0.976325 0.976325 0.976325 0.976325 0.976325 0.976325 0.976325 0.976325 0.976325 0.976325 0.976325 0.976325 0.976325 0.976325 0.976325 0.976325 0.976325 0.976325 0.976325 0.976325 0.976325 0.976326 0.976326 0.976326 0.976326 0.976327 0.976327 0.976328 0.976328 0.976329 0.976330 0.976331 0.976333 0.976335 0.976337 0.976340 0.976344 0.976348 0.976353 0.976359 0.976366 0.976375 0.976385 0.976397 0.976411 0.976428 0.976447 0.976469 0.976495 0.976524 0.976558 0.976597 0.976641 0.976691 0.976748 0.976812 0.976883 0.976963 0.977053 0.977151 0.977261 0.977381 0.977514 0.977659 0.977818 0.977990 0.978177 0.978379 0.978596 0.978830 0.979081 0.979348 0.979634 0.979936 0.980257 0.980596 0.980953 0.981328 0.981722 0.982133 0.982563 0.983008 0.983466 0.983924 0.984363 0.984758 0.985139 0.985774 0.987457
0.988877 0.987367 0.986786 0.986423 0.986042 0.985623 0.985188 0.984755 0.984335 0.983930 0.983542 0.983172 0.982819 0.982484 0.982166 0.981865 0.981582 0.981315 0.981064 0.980830 0.980612 0.980409 0.980220 0.980046 0.979885 0.979738 0.979603 0.979480 0.979368 0.979266 0.979174 0.979091 0.979017 0.978951 0.978892 0.978839 0.978793 0.978752 0.978716 0.978684 0.978657 0.978633 0.978613 0.978595 0.978580 0.978567 0.978556 0.978546 0.978538 0.978532 0.978526 0.978521 0.978517 0.978514 0.978511 0.978509 0.978507 0.978506 0.978505 0.978504 0.978503 0.978502 0.978502 0.978502 0.978501 0.978501 0.978501 0.978501 0.978501 0.978500 0.978500 0.978500 0.978500 0.978500 0.978500 0.978500 0.978500 0.978500 0.978500 0.978500 0.978500 0.978500 0.978500 0.978500 0.978500 0.978500 0.978500 0.978500 0.978500 0.978500 0.978500 0.978500 0.978500 0.978500 0.978500 0.978500 0.978500 0.978500 0.978500 0.978500 0.978500 0.978500 0.978500 0.978500 0.978500 0.978500 0.978500 0.978500 0.978500 0.978500 0.978500 0.978500 0.978500 0.978500 0.978500 0.978500 0.978500 0.978500 0.978500 0.978500 0.978500 0.978500 0.978500 0.978500 0.978500 0.978500 0.978500 0.978500 0.978500 0.978500 0.978500 0.978500 0.978500 0.978501 0.978501 0.978501 0.978501 0.978501 0.978502 0.978502 0.978502 0.978503 0.978504 0.978505 0.978506 0.978507 0.978509 0.978511 0.978514 0.978517 0.978521 0.978526 0.978532 0.978538 0.978546 0.978556 0.978567 0.978580 0.978595 0.978613 0.978633 0.978657 0.978684 0.978716 0.978752 0.978793 0.978839 0.978892 0.978951 0.979017 0.979091 0.979174 0.979266 0.979368 0.979480 0.979603 0.979738 0.979885 0.980046 0.980220 0.980409 0.980612 0.980830 0.981064 0.981315 0.981582 0.981865 0.982166 0.982484 0.982819 0.983172 0.983542 0.983930 0.984335 0.984755 0.985188 0.985623 0.986042 0.986423 0.986786 0.987367 0.988877
0.990185 0.988844 0.988313 0.987968 0.987603 0.987205 0.986794 0.986387 0.985991 0.985611 0.985248 0.984901 0.984571 0.984257 0.983960 0.983679 0.983414 0.983165 0.982932 0.982714 0.982510 0.982321 0.982146 0.981985 0.981836 0.981699 0.981574 0.981460 0.981356 0.981262 0.981177 0.981100 0.981032 0.980970 0.980916 0.980867 0.980824 0.980787 0.980753 0.980724 0.980699 0.980677 0.980658 0.980642 0.980628 0.980616 0.980606 0.980597 0.980590 0.980584 0.980578 0.980574 0.980570 0.980567 0.980565 0.980563 0.980561 0.980560 0.980559 0.980558 0.980557 0.980557 0.980556 0.980556 0.980556 0.980555 0.980555 0.980555 0.980555 0.980555 0.980555 0.980555 0.980555 0.980555 0.980555 0.980555 0.980555 0.980555 0.980555 0.980555 0.980555 0.980555 0.980555 0.980555 0.980555 0.980555 0.980555 0.980555 0.980555 0.980555 0.980555 0.980555 0.980555 0.980555 0.980555 0.980555 0.980555 0.980555 0.980555 0.980555 0.980555 0.980555 0.980555 0.980555 0.980555 0.980555 0.980555 0.980555 0.980555 0.980555 0.980555 0.980555 0.980555 0.980555 0.980555 0.980555 0.980555 0.980555 0.980555 0.980555 0.980555 0.980555 0.980555 0.980555 0.980555 0.980555 0.980555 0.980555 0.980555 0.980555 0.980555 0.980555 0.980555 0.980555 0.980555 0.980555 0.980555 0.980556 0.980556 0.980556 0.980557 0.980557 0.980558 0.980559 0.980560 0.980561 0.980563 0.980565 0.980567 0.980570 0.980574 0.980578 0.980584 0.980590 0.980597 0.980606 0.980616 0.980628 0.980642 0.980658 0.980677 0.980699 0.980724 0.980753 0.980787 0.980824 0.980867 0.980916 0.980970 0.981032 0.981100 0.981177 0.981262 0.981356 0.981460 0.981574 0.981699 0.981836 0.981985 0.982146 0.982321 0.982510 0.982714 0.982932 0.983165 0.983414 0.983679 0.983960 0.984257 0.984571 0.984901 0.985248 0.985611 0.985991 0.986387 0.986794 0.987205 0.987603 0.987968 0.988313 0.988844 0.990185
0.991387 0.990205 0.989724 0.989397 0.989050 0.988673 0.988286 0.987904 0.987534 0.987179 0.986839 0.986516 0.986208 0.985915 0.985639 0.985377 0.985131 0.984900 0.984683 0.984481 0.984293 0.984118 0.983956 0.983806 0.983668 0.983542 0.983426 0.983321 0.983225 0.983138 0.983060 0.982990 0.982926 0.982870 0.982820 0.982775 0.982736 0.982701 0.982671 0.982644 0.982621 0.982601 0.982583 0.982568 0.982555 0.982544 0.982535 0.982527 0.982520 0.982515 0.982510 0.982506 0.982503 0.982500 0.982498 0.982496 0.982494 0.982493 0.982492 0.982491 0.982491 0.982490 0.982490 0.982489 0.982489 0.982489 0.982489 0.982489 0.982489 0.982489 0.982488 0.982488 0.982488 0.982488 0.982488 0.982488 0.982488 0.982488 0.982488 0.982488 0.982488 0.982488 0.982488 0.982488 0.982488 0.982488 0.982488 0.982488 0.982488 0.982488 0.982488 0.982488 0.982488 0.982488 0.982488 0.982488 0.982488 0.982488 0.982488 0.982488 0.982488 0.982488 0.982488 0.982488 0.982488 0.982488 0.982488 0.982488 0.982488 0.982488 0.982488 0.982488 0.982488 0.982488 0.982488 0.982488 0.982488 0.982488 0.982488 0.982488 0.982488 0.982488 0.982488 0.982488 0.982488 0.982488 0.982488 0.982488 0.982488 0.982488 0.982488 0.982488 0.982489 0.982489 0.982489 0.982489 0.982489 0.982489 0.982489 0.982490 0.982490 0.982491 0.982491 0.982492 0.982493 0.982494 0.982496 0.982498 0.982500 0.982503 0.982506 0.982510 0.982515 0.982520 0.982527 0.982535 0.982544 0.982555 0.982568 0.982583 0.982601 0.982621 0.982644 0.982671 0.982701 0.982736 0.982775 0.982820 0.982870 0.982926 0.982990 0.983060 0.983138 0.983225 0.983321 0.983426 0.983542 0.983668 0.983806 0.983956 0.984118 0.984293 0.984481 0.984683 0.984900 0.985131 0.985377 0.985639 0.985915 0.986208 0.986516 0.986839 0.987179 0.987534 0.987904 0.988286 0.988673 0.989050 0.989397 0.989724 0.990205 0.991387
0.992485 0.991454 0.991021 0.990713 0.990384 0.990028 0.989666 0.989310 0.988965 0.988635 0.988319 0.988018 0.987732 0.987461 0.987204 0.986962 0.986735 0.986521 0.986320 0.986134 0.985960 0.985798 0.985649 0.985511 0.985384 0.985268 0.985161 0.985065 0.984977 0.984897 0.984825 0.984760 0.984702 0.984651 0.984605 0.984564 0.984528 0.984496 0.984468 0.984444 0.984422 0.984404 0.984388 0.984374 0.984363 0.984353 0.984344 0.984337 0.984331 0.984326 0.984321 0.984318 0.984315 0.984312 0.984310 0.984308 0.984307 0.984306 0.984305 0.984304 0.984304 0.984303 0.984303 0.984302 0.984302 0.984302 0.984302 0.984302 0.984302 0.984302 0.984302 0.984301 0.984301 0.984301 0.984301 0.984301 0.984301 0.984301 0.984301 0.984301 0.984301 0.984301 0.984301 0.984301 0.984301 0.984301 0.984301 0.984301 0.984301 0.984301 0.984301 0.984301 0.984301 0.984301 0.984301 0.984301 0.984301 0.984301 0.984301 0.984301 0.984301 0.984301 0.984301 0.984301 0.984301 0.984301 0.984301 0.984301 0.984301 0.984301 0.984301 0.984301 0.984301 0.984301 0.984301 0.984301 0.984301 0.984301 0.984301 0.984301 0.984301 0.984301 0.984301 0.984301 0.984301 0.984301 0.984301 0.984301 0.984301 0.984301 0.984301 0.984302 0.984302 0.984302 0.984302 0.984302 0.984302 0.984302 0.984302 0.984303 0.984303 0.984304 0.984304 0.984305 0.984306 0.984307 0.984308 0.984310 0.984312 0.984315 0.984318 0.984321 0.984326 0.984331 0.984337 0.984344 0.984353 0.984363 0.984374 0.984388 0.984404 0.984422 0.984444 0.984468 0.984496 0.984528 0.984564 0.984605 0.984651 0.984702 0.984760 0.984825 0.984897 0.984977 0.985065 0.985161 0.985268 0.985384 0.985511 0.985649 0.985798 0.985960 0.986134 0.986320 0.986521 0.986735 0.986962 0.987204 0.987461 0.987732 0.988018 0.988319 0.988635 0.988965 0.989310 0.989666 0.990028 0.990384 0.990713 0.991021 0.991454 0.992485
0.993484 0.992596 0.992208 0.991919 0.991608 0.991276 0.990938 0.990607 0.990287 0.989981 0.989689 0.989411 0.989146 0.988896 0.988659 0.988436 0.988226 0.988029 0.987844 0.987672 0.987513 0.987364 0.987227 0.987100 0.986984 0.986878 0.986780 0.986691 0.986611 0.986538 0.986472 0.986413 0.986360 0.986313 0.986271 0.986234 0.986201 0.986172 0.986147 0.986124 0.986105 0.986088 0.986074 0.986061 0.986051 0.986041 0.986034 0.986027 0.986021 0.986017 0.986013 0.986010 0.986007 0.986005 0.986003 0.986001 0.986000 0.985999 0.985998 0.985997 0.985997 0.985996 0.985996 0.985996 0.985996 0.985995 0.985995 0.985995 0.985995 0.985995 0.985995 0.985995 0.985995 0.985995 0.985995 0.985995 0.985995 0.985995 0.985995 0.985995 0.985995 0.985995 0.985995 0.985995 0.985995 0.985995 0.985995 0.985995 0.985995 0.985995 0.985995 0.985995 0.985995 0.985995 0.985995 0.985995 0.985995 0.985995 0.985995 0.985995 0.985995 0.985995 0.985995 0.985995 0.985995 0.985995 0.985995 0.985995 0.985995 0.985995 0.985995 0.985995 0.985995 0.985995 0.985995 0.985995 0.985995 0.985995 0.985995 0.985995 0.985995 0.985995 0.985995 0.985995 0.985995 0.985995 0.985995 0.985995 0.985995 0.985995 0.985995 0.985995 0.985995 0.985995 0.985995 0.985995 0.985995 0.985996 0.985996 0.985996 0.985996 0.985997 0.985997 0.985998 0.985999 0.986000 0.986001 0.986003 0.986005 0.986007 0.986010 0.986013 0.986017 0.986021 0.986027 0.986034 0.986041 0.986051 0.986061 0.986074 0.986088 0.986105 0.986124 0.986147 0.986172 0.986201 0.986234 0.986271 0.986313 0.986360 0.986413 0.986472 0.986538 0.986611 0.986691 0.986780 0.986878 0.986984 0.987100 0.987227 0.987364 0.987513 0.987672 0.987844 0.988029 0.988226 0.988436 0.988659 0.988896 0.989146 0.989411 0.989689 0.989981 0.990287 0.990607 0.990938 0.991276 0.991608 0.991919 0.992208 0.992596 0.993484
0.994388 0.993634 0.993289 0.993020 0.992728 0.992417 0.992104 0.991798 0.991503 0.991221 0.990952 0.990696 0.990452 0.990222 0.990004 0.989799 0.989607 0.989426 0.989257 0.989100 0.988953 0.988818 0.988692 0.988577 0.988470 0.988373 0.988284 0.988203 0.988130 0.988064 0.988004 0.987950 0.987902 0.987859 0.987821 0.987787 0.987757 0.987731 0.987708 0.987687 0.987670 0.987655 0.987642 0.987630 0.987621 0.987612 0.987605 0.987599 0.987594 0.987590 0.987586 0.987584 0.987581 0.987579 0.987577 0.987576 0.987575 0.987574 0.987573 0.987573 0.987572 0.987572 0.987571 0.987571 0.987571 0.987571 0.987571 0.987571 0.987570 0.987570 0.987570 0.987570 0.987570 0.987570 0.987570 0.987570 0.987570 0.987570 0.987570 0.987570 0.987570 0.987570 0.987570 0.987570 0.987570 0.987570 0.987570 0.987570 0.987570 0.987570 0.987570 0.987570 0.987570 0.987570 0.987570 0.987570 0.987570 0.987570 0.987570 0.987570 0.987570 0.987570 0.987570 0.987570 0.987570 0.987570 0.987570 0.987570 0.987570 0.987570 0.987570 0.987570 0.987570 0.987570 0.987570 0.987570 0.987570 0.987570 0.987570 0.987570 0.987570 0.987570 0.987570 0.987570 0.987570 0.987570 0.987570 0.987570 0.987570 0.987570 0.987570 0.987570 0.987570 0.987570 0.987571 0.987571 0.987571 0.987571 0.987571 0.987571 0.987572 0.987572 0.987573 0.987573 0.987574 0.987575 0.987576 0.987577 0.987579 0.987581 0.987584 0.987586 0.987590 0.987594 0.987599 0.987605 0.987612 0.987621 0.987630 0.987642 0.987655 0.987670 0.987687 0.987708 0.987731 0.987757 0.987787 0.987821 0.987859 0.987902 0.987950 0.988004 0.988064 0.988130 0.988203 0.988284 0.988373 0.988470 0.988577 0.988692 0.988818 0.988953 0.989100 0.989257 0.989426 0.989607 0.989799 0.990004 0.990222 0.990452 0.990696 0.990952 0.991221 0.991503 0.991798 0.992104 0.992417 0.992728 0.993020 0.993289 0.993634 0.994388
0.995202 0.994573 0.994269 0.994019 0.993746 0.993458 0.993169 0.992887 0.992616 0.992357 0.992111 0.991876 0.991653 0.991443 0.991244 0.991056 0.990880 0.990715 0.990561 0.990418 0.990284 0.990161 0.990047 0.989942 0.989845 0.989757 0.989676 0.989602 0.989536 0.989476 0.989421 0.989373 0.989329 0.989290 0.989256 0.989225 0.989198 0.989174 0.989153 0.989135 0.989119 0.989106 0.989094 0.989084 0.989075 0.989067 0.989061 0.989056 0.989051 0.989047 0.989044 0.989041 0.989039 0.989037 0.989036 0.989035 0.989034 0.989033 0.989032 0.989032 0.989031 0.989031 0.989031 0.989030 0.989030 0.989030 0.989030 0.989030 0.989030 0.989030 0.989030 0.989030 0.989030 0.989030 0.989030 0.989030 0.989030 0.989030 0.989030 0.989030 0.989030 0.989029 0.989029 0.989029 0.989029 0.989029 0.989029 0.989029 0.989029 0.989029 0.989029 0.989029 0.989029 0.989029 0.989029 0.989029 0.989029 0.989029 0.989029 0.989029 0.989029 0.989029 0.989029 0.989029 0.989029 0.989029 0.989029 0.989029 0.989029 0.989029 0.989029 0.989029 0.989029 0.989029 0.989029 0.989029 0.989029 0.989029 0.989029 0.989029 0.989029 0.989030 0.989030 0.989030 0.989030 0.989030 0.989030 0.989030 0.989030 0.989030 0.989030 0.989030 0.989030 0.989030 0.989030 0.989030 0.989030 0.989030 0.989030 0.989031 0.989031 0.989031 0.989032 0.989032 0.989033 0.989034 0.989035 0.989036 0.989037 0.989039 0.989041 0.989044 0.989047 0.989051 0.989056 0.989061 0.989067 0.989075 0.989084 0.989094 0.989106 0.989119 0.989135 0.989153 0.989174 0.989198 0.989225 0.989256 0.989290 0.989329 0.989373 0.989421 0.989476 0.989536 0.989602 0.989676 0.989757 0.989845 0.989942 0.990047 0.990161 0.990284 0.990418 0.990561 0.990715 0.990880 0.991056 0.991244 0.991443 0.991653 0.991876 0.992111 0.992357 0.992616 0.992887 0.993169 0.993458 0.993746 0.994019 0.994269 0.994573 0.995202
0.995930 0.995418 0.995152 0.994921 0.994668 0.994401 0.994136 0.993878 0.993631 0.993395 0.993170 0.992956 0.992753 0.992561 0.992380 0.992210 0.992050 0.991900 0.991760 0.991630 0.991509 0.991397 0.991293 0.991198 0.991111 0.991031 0.990958 0.990892 0.990831 0.990777 0.990728 0.990684 0.990645 0.990610 0.990579 0.990551 0.990527 0.990505 0.990487 0.990470 0.990456 0.990444 0.990433 0.990424 0.990416 0.990409 0.990404 0.990399 0.990395 0.990391 0.990389 0.990386 0.990384 0.990382 0.990381 0.990380 0.990379 0.990378 0.990378 0.990377 0.990377 0.990377 0.990376 0.990376 0.990376 0.990376 0.990376 0.990376 0.990376 0.990376 0.990375 0.990375 0.990375 0.990375 0.990375 0.990375 0.990375 0.990375 0.990375 0.990375 0.990375 0.990375 0.990375 0.990375 0.990375 0.990375 0.990375 0.990375 0.990375 0.990375 0.990375 0.990375 0.990375 0.990375 0.990375 0.990375 0.990375 0.990375 0.990375 0.990375 0.990375 0.990375 0.990375 0.990375 0.990375 0.990375 0.990375 0.990375 0.990375 0.990375 0.990375 0.990375 0.990375 0.990375 0.990375 0.990375 0.990375 0.990375 0.990375 0.990375 0.990375 0.990375 0.990375 0.990375 0.990375 0.990375 0.990375 0.990375 0.990375 0.990375 0.990375 0.990375 0.990376 0.990376 0.990376 0.990376 0.990376 0.990376 0.990376 0.990376 0.990377 0.990377 0.990377 0.990378 0.990378 0.990379 0.990380 0.990381 0.990382 0.990384 0.990386 0.990389 0.990391 0.990395 0.990399 0.990404 0.990409 0.990416 0.990424 0.990433 0.990444 0.990456 0.990470 0.990487 0.990505 0.990527 0.990551 0.990579 0.990610 0.990645 0.990684 0.990728 0.990777 0.990831 0.990892 0.990958 0.991031 0.991111 0.991198 0.991293 0.991397 0.991509 0.991630 0.991760 0.991900 0.992050 0.992210 0.992380 0.992561 0.992753 0.992956 0.993170 0.993395 0.993631 0.993878 0.994136 0.994401 0.994668 0.994921 0.995152 0.995418 0.995930
0.996577 0.996172 0.995943 0.995731 0.995496 0.995252 0.995010 0.994775 0.994551 0.994336 0.994132 0.993938 0.993754 0.993581 0.993417 0.993263 0.993118 0.992983 0.992856 0.992739 0.992630 0.992529 0.992435 0.992350 0.992271 0.992199 0.992133 0.992074 0.992020 0.991971 0.991927 0.991887 0.991852 0.991821 0.991793 0.991768 0.991746 0.991727 0.991710 0.991696 0.991683 0.991672 0.991663 0.991654 0.991647 0.991641 0.991636 0.991632 0.991628 0.991625 0.991623 0.991621 0.991619 0.991617 0.991616 0.991615 0.991614 0.991614 0.991613 0.991613 0.991612 0.991612 0.991612 0.991612 0.991611 0.991611 0.991611 0.991611 0.991611 0.991611 0.991611 0.991611 0.991611 0.991611 0.991611 0.991611 0.991611 0.991611 0.991611 0.991611 0.991611 0.991611 0.991611 0.991611 0.991611 0.991611 0.991611 0.991611 0.991611 0.991611 0.991611 0.991611 0.991611 0.991611 0.991611 0.991611 0.991611 0.991611 0.991611 0.991611 0.991611 0.991611 0.991611 0.991611 0.991611 0.991611 0.991611 0.991611 0.991611 0.991611 0.991611 0.991611 0.991611 0.991611 0.991611 0.991611 0.991611 0.991611 0.991611 0.991611 0.991611 0.991611 0.991611 0.991611 0.991611 0.991611 0.991611 0.991611 0.991611 0.991611 0.991611 0.991611 0.991611 0.991611 0.991611 0.991611 0.991611 0.991611 0.991612 0.991612 0.991612 0.991612 0.991613 0.991613 0.991614 0.991614 0.991615 0.991616 0.991617 0.991619 0.991621 0.991623 0.991625 0.991628 0.991632 0.991636 0.991641 0.991647 0.991654 0.991663 0.991672 0.991683 0.991696 0.991710 0.991727 0.991746 0.991768 0.991793 0.991821 0.991852 0.991887 0.991927 0.991971 0.992020 0.992074 0.992133 0.992199 0.992271 0.992350 0.992435 0.992529 0.992630 0.992739 0.992856 0.992983 0.993118 0.993263 0.993417 0.993581 0.993754 0.993938 0.994132 0.994336 0.994551 0.994775 0.995010 0.995252 0.995496 0.995731 0.995943 0.996172 0.996577
0.997148 0.996843 0.996647 0.996453 0.996238 0.996015 0.995795 0.995583 0.995380 0.995187 0.995003 0.994828 0.994662 0.994506 0.994358 0.994220 0.994090 0.993968 0.993854 0.993749 0.993651 0.993560 0.993477 0.993400 0.993329 0.993265 0.993206 0.993153 0.993104 0.993061 0.993021 0.992986 0.992955 0.992927 0.992902 0.992880 0.992860 0.992843 0.992828 0.992815 0.992804 0.992794 0.992786 0.992778 0.992772 0.992767 0.992762 0.992758 0.992755 0.992752 0.992750 0.992748 0.992747 0.992745 0.992744 0.992743 0.992743 0.992742 0.992742 0.992741 0.992741 0.992741 0.992741 0.992740 0.992740 0.992740 0.992740 0.992740 0.992740 0.992740 0.992740 0.992740 0.992740 0.992740 0.992740 0.992740 0.992740 0.992740 0.992740 0.992740 0.992740 0.992740 0.992740 0.992740 0.992740 0.992740 0.992740 0.992740 0.992740 0.992740 0.992740 0.992740 0.992740 0.992740 0.992740 0.992740 0.992740 0.992740 0.992740 0.992740 0.992740 0.992740 0.992740 0.992740 0.992740 0.992740 0.992740 0.992740 0.992740 0.992740 0.992740 0.992740 0.992740 0.992740 0.992740 0.992740 0.992740 0.992740 0.992740 0.992740 0.992740 0.992740 0.992740 0.992740 0.992740 0.992740 0.992740 0.992740 0.992740 0.992740 0.992740 0.992740 0.992740 0.992740 0.992740 0.992740 0.992740 0.992740 0.992740 0.992741 0.992741 0.992741 0.992741 0.992742 0.992742 0.992743 0.992743 0.992744 0.992745 0.992747 0.992748 0.992750 0.992752 0.992755 0.992758 0.992762 0.992767 0.992772 0.992778 0.992786 0.992794 0.992804 0.992815 0.992828 0.992843 0.992860 0.992880 0.992902 0.992927 0.992955 0.992986 0.993021 0.993061 0.993104 0.993153 0.993206 0.993265 0.993329 0.993400 0.993477 0.993560 0.993651 0.993749 0.993854 0.993968 0.994090 0.994220 0.994358 0.994506 0.994662 0.994828 0.995003 0.995187 0.995380 0.995583 0.995795 0.996015 0.996238 0.996453 0.996647 0.996843 0.997148
0.997649 0.997434 0.997269 0.997093 0.996896 0.996694 0.996496 0.996305 0.996124 0.995950 0.995785 0.995629 0.995481 0.995341 0.995209 0.995085 0.994968 0.994860 0.994758 0.994664 0.994576 0.994496 0.994421 0.994352 0.994290 0.994232 0.994180 0.994132 0.994089 0.994051 0.994016 0.993984 0.993956 0.993931 0.993909 0.993890 0.993873 0.993857 0.993844 0.993833 0.993823 0.993814 0.993806 0.993800 0.993794 0.993790 0.993786 0.993782 0.993780 0.993777 0.993775 0.993773 0.993772 0.993771 0.993770 0.993769 0.993769 0.993768 0.993768 0.993767 0.993767 0.993767 0.993767 0.993766 0.993766 0.993766 0.993766 0.993766 0.993766 0.993766 0.993766 0.993766 0.993766 0.993766 0.993766 0.993766 0.993766 0.993766 0.993766 0.993766 0.993766 0.993766 0.993766 0.993766 0.993766 0.993766 0.993766 0.993766 0.993766 0.993766 0.993766 0.993766 0.993766 0.993766 0.993766 0.993766 0.993766 0.993766 0.993766 0.993766 0.993766 0.993766 0.993766 0.993766 0.993766 0.993766 0.993766 0.993766 0.993766 0.993766 0.993766 0.993766 0.993766 0.993766 0.993766 0.993766 0.993766 0.993766 0.993766 0.993766 0.993766 0.993766 0.993766 0.993766 0.993766 0.993766 0.993766 0.993766 0.993766 0.993766 0.993766 0.993766 0.993766 0.993766 0.993766 0.993766 0.993766 0.993766 0.993766 0.993767 0.993767 0.993767 0.993767 0.993768 0.993768 0.993769 0.993769 0.993770 0.993771 0.993772 0.993773 0.993775 0.993777 0.993780 0.993782 0.993786 0.993790 0.993794 0.993800 0.993806 0.993814 0.993823 0.993833 0.993844 0.993857 0.993873 0.993890 0.993909 0.993931 0.993956 0.993984 0.994016 0.994051 0.994089 0.994132 0.994180 0.994232 0.994290 0.994352 0.994421 0.994496 0.994576 0.994664 0.994758 0.994860 0.994968 0.995085 0.995209 0.995341 0.995481 0.995629 0.995785 0.995950 0.996124 0.996305 0.996496 0.996694 0.996896 0.997093 0.997269 0.997434 0.997649
0.998084 0.997950 0.997814 0.997655 0.997477 0.997295 0.997118 0.996948 0.996786 0.996632 0.996485 0.996346 0.996214 0.996089 0.995972 0.995862 0.995759 0.995662 0.995572 0.995488 0.995411 0.995339 0.995273 0.995212 0.995156 0.995106 0.995059 0.995017 0.994979 0.994945 0.994914 0.994886 0.994862 0.994840 0.994820 0.994803 0.994788 0.994774 0.994763 0.994752 0.994744 0.994736 0.994729 0.994724 0.994719 0.994715 0.994711 0.994708 0.994706 0.994704 0.994702 0.994700 0.994699 0.994698 0.994697 0.994697 0.994696 0.994696 0.994695 0.994695 0.994695 0.994694 0.994694 0.994694 0.994694 0.994694 0.994694 0.994694 0.994694 0.994694 0.994694 0.994694 0.994694 0.994694 0.994694 0.994694 0.994694 0.994694 0.994694 0.994694 0.994694 0.994694 0.994694 0.994694 0.994694 0.994694 0.994694 0.994694 0.994694 0.994694 0.994694 0.994694 0.994694 0.994694 0.994694 0.994694 0.994694 0.994694 0.994694 0.994694 0.994694 0.994694 0.994694 0.994694 0.994694 0.994694 0.994694 0.994694 0.994694 0.994694 0.994694 0.994694 0.994694 0.994694 0.994694 0.994694 0.994694 0.994694 0.994694 0.994694 0.994694 0.994694 0.994694 0.994694 0.994694 0.994694 0.994694 0.994694 0.994694 0.994694 0.994694 0.994694 0.994694 0.994694 0.994694 0.994694 0.994694 0.994694 0.994694 0.994694 0.994694 0.994695 0.994695 0.994695 0.994696 0.994696 0.994697 0.994697 0.994698 0.994699 0.994700 0.994702 0.994704 0.994706 0.994708 0.994711 0.994715 0.994719 0.994724 0.994729 0.994736 0.994744 0.994752 0.994763 0.994774 0.994788 0.994803 0.994820 0.994840 0.994862 0.994886 0.994914 0.994945 0.994979 0.995017 0.995059 0.995106 0.995156 0.995212 0.995273 0.995339 0.995411 0.995488 0.995572 0.995662 0.995759 0.995862 0.995972 0.996089 0.996214 0.996346 0.996485 0.996632 0.996786 0.996948 0.997118 0.997295 0.997477 0.997655 0.997814 0.997950 0.998084
0.998458 0.998397 0.998288 0.998145 0.997985 0.997822 0.997665 0.997515 0.997372 0.997236 0.997106 0.996983 0.996867 0.996757 0.996653 0.996556 0.996465 0.996380 0.996300 0.996227 0.996158 0.996095 0.996037 0.995983 0.995934 0.995890 0.995849 0.995812 0.995778 0.995748 0.995721 0.995697 0.995675 0.995656 0.995639 0.995623 0.995610 0.995598 0.995588 0.995579 0.995571 0.995565 0.995559 0.995554 0.995550 0.995546 0.995543 0.995540 0.995538 0.995536 0.995535 0.995534 0.995533 0.995532 0.995531 0.995530 0.995530 0.995529 0.995529 0.995529 0.995529 0.995529 0.995528 0.995528 0.995528 0.995528 0.995528 0.995528 0.995528 0.995528 0.995528 0.995528 0.995528 0.995528 0.995528 0.995528 0.995528 0.995528 0.995528 0.995528 0.995528 0.995528 0.995528 0.995528 0.995528 0.995528 0.995528 0.995528 0.995528 0.995528 0.995528 0.995528 0.995528 0.995528 0.995528 0.995528 0.995528 0.995528 0.995528 0.995528 0.995528 0.995528 0.995528 0.995528 0.995528 0.995528 0.995528 0.995528 0.995528 0.995528 0.995528 0.995528 0.995528 0.995528 0.995528 0.995528 0.995528 0.995528 0.995528 0.995528 0.995528 0.995528 0.995528 0.995528 0.995528 0.995528 0.995528 0.995528 0.995528 0.995528 0.995528 0.995528 0.995528 0.995528 0.995528 0.995528 0.995528 0.995528 0.995528 0.995528 0.995529 0.995529 0.995529 0.995529 0.995529 0.995530 0.995530 0.995531 0.995532 0.995533 0.995534 0.995535 0.995536 0.995538 0.995540 0.995543 0.995546 0.995550 0.995554 0.995559 0.995565 0.995571 0.995579 0.995588 0.995598 0.995610 0.995623 0.995639 0.995656 0.995675 0.995697 0.995721 0.995748 0.995778 0.995812 0.995849 0.995890 0.995934 0.995983 0.996037 0.996095 0.996158 0.996227 0.996300 0.996380 0.996465 0.996556 0.996653 0.996757 0.996867 0.996983 0.997106 0.997236 0.997372 0.997515 0.997665 0.997822 0.997985 0.998145 0.998288 0.998397 0.998458
0.998776 0.998779 0.998694 0.998568 0.998424 0.998281 0.998143 0.998011 0.997886 0.997767 0.997654 0.997546 0.997444 0.997348 0.997257 0.997172 0.997092 0.997018 0.996948 0.996884 0.996824 0.996768 0.996718 0.996671 0.996628 0.996589 0.996553 0.996521 0.996491 0.996465 0.996441 0.996420 0.996401 0.996384 0.996369 0.996356 0.996345 0.996334 0.996326 0.996318 0.996311 0.996305 0.996300 0.996296 0.996292 0.996289 0.996286 0.996284 0.996282 0.996281 0.996279 0.996278 0.996277 0.996276 0.996276 0.996275 0.996275 0.996275 0.996274 0.996274 0.996274 0.996274 0.996274 0.996273 0.996273 0.996273 0.996273 0.996273 0.996273 0.996273 0.996273 0.996273 0.996273 0.996273 0.996273 0.996273 0.996273 0.996273 0.996273 0.996273 0.996273 0.996273 0.996273 0.996273 0.996273 0.996273 0.996273 0.996273 0.996273 0.996273 0.996273 0.996273 0.996273 0.996273 0.996273 0.996273 0.996273 0.996273 0.996273 0.996273 0.996273 0.996273 0.996273 0.996273 0.996273 0.996273 0.996273 0.996273 0.996273 0.996273 0.996273 0.996273 0.996273 0.996273 0.996273 0.996273 0.996273 0.996273 0.996273 0.996273 0.996273 0.996273 0.996273 0.996273 0.996273 0.996273 0.996273 0.996273 0.996273 0.996273 0.996273 0.996273 0.996273 0.996273 0.996273 0.996273 0.996273 0.996273 0.996273 0.996274 0.996274 0.996274 0.996274 0.996274 0.996275 0.996275 0.996275 0.996276 0.996276 0.996277 0.996278 0.996279 0.996281 0.996282 0.996284 0.996286 0.996289 0.996292 0.996296 0.996300 0.996305 0.996311 0.996318 0.996326 0.996334 0.996345 0.996356 0.996369 0.996384 0.996401 0.996420 0.996441 0.996465 0.996491 0.996521 0.996553 0.996589 0.996628 0.996671 0.996718 0.996768 0.996824 0.996884 0.996948 0.997018 0.997092 0.997172 0.997257 0.997348 0.997444 0.997546 0.997654 0.997767 0.997886 0.998011 0.998143 0.998281 0.998424 0.998568 0.998694 0.998779 0.998776
0.999043 0.999102 0.999038 0.998927 0.998801 0.998676 0.998556 0.998442 0.998334 0.998231 0.998132 0.998039 0.997951 0.997867 0.997789 0.997715 0.997645 0.997581 0.997520 0.997464 0.997412 0.997364 0.997320 0.997279 0.997242 0.997208 0.997177 0.997149 0.997124 0.997101 0.997080 0.997062 0.997045 0.997031 0.997018 0.997006 0.996996 0.996988 0.996980 0.996973 0.996967 0.996962 0.996958 0.996954 0.996951 0.996948 0.996946 0.996944 0.996942 0.996941 0.996940 0.996939 0.996938 0.996937 0.996937 0.996936 0.996936 0.996936 0.996936 0.996935 0.996935 0.996935 0.996935 0.996935 0.996935 0.996935 0.996935 0.996935 0.996935 0.996935 0.996935 0.996935 0.996935 0.996935 0.996935 0.996935 0.996935 0.996935 0.996935 0.996935 0.996935 0.996935 0.996935 0.996935 0.996935 0.996935 0.996935 0.996935 0.996935 0.996935 0.996935 0.996935 0.996935 0.996935 0.996935 0.996935 0.996935 0.996935 0.996935 0.996935 0.996935 0.996935 0.996935 0.996935 0.996935 0.996935 0.996935 0.996935 0.996935 0.996935 0.996935 0.996935 0.996935 0.996935 0.996935 0.996935 0.996935 0.996935 0.996935 0.996935 0.996935 0.996935 0.996935 0.996935 0.996935 0.996935 0.996935 0.996935 0.996935 0.996935 0.996935 0.996935 0.996935 0.996935 0.996935 0.996935 0.996935 0.996935 0.996935 0.996935 0.996935 0.996935 0.996935 0.996936 0.996936 0.996936 0.996936 0.996937 0.996937 0.996938 0.996939 0.996940 0.996941 0.996942 0.996944 0.996946 0.996948 0.996951 0.996954 0.996958 0.996962 0.996967 0.996973 0.996980 0.996988 0.996996 0.997006 0.997018 0.997031 0.997045 0.997062 0.997080 0.997101 0.997124 0.997149 0.997177 0.997208 0.997242 0.997279 0.997320 0.997364 0.997412 0.997464 0.997520 0.997581 0.997645 0.997715 0.997789 0.997867 0.997951 0.998039 0.998132 0.998231 0.998334 0.998442 0.998556 0.998676 0.998801 0.998927 0.999038 0.999102 0.999043
0.999265 0.999369 0.999324 0.999228 0.999118 0.999011 0.998909 0.998812 0.998719 0.998631 0.998547 0.998467 0.998391 0.998319 0.998252 0.998188 0.998129 0.998073 0.998021 0.997973 0.997928 0.997887 0.997849 0.997814 0.997782 0.997752 0.997726 0.997702 0.997680 0.997660 0.997642 0.997627 0.997612 0.997600 0.997589 0.997579 0.997570 0.997563 0.997556 0.997550 0.997545 0.997541 0.997537 0.997534 0.997531 0.997529 0.997527 0.997525 0.997524 0.997523 0.997522 0.997521 0.997520 0.997520 0.997519 0.997519 0.997519 0.997518 0.997518 0.997518 0.997518 0.997518 0.997518 0.997518 0.997518 0.997517 0.997517 0.997517 0.997517 0.997517 0.997517 0.997517 0.997517 0.997517 0.997517 0.997517 0.997517 0.997517 0.997517 0.997517 0.997517 0.997517 0.997517 0.997517 0.997517 0.997517 0.997517 0.997517 0.997517 0.997517 0.997517 0.997517 0.997517 0.997517 0.997517 0.997517 0.997517 0.997517 0.997517 0.997517 0.997517 0.997517 0.997517 0.997517 0.997517 0.997517 0.997517 0.997517 0.997517 0.997517 0.997517 0.997517 0.997517 0.997517 0.997517 0.997517 0.997517 0.997517 0.997517 0.997517 0.997517 0.997517 0.997517 0.997517 0.997517 0.997517 0.997517 0.997517 0.997517 0.997517 0.997517 0.997517 0.997517 0.997517 0.997517 0.997517 0.997517 0.997518 0.997518 0.997518 0.997518 0.997518 0.997518 0.997518 0.997518 0.997519 0.997519 0.997519 0.997520 0.997520 0.997521 0.997522 0.997523 0.997524 0.997525 0.997527 0.997529 0.997531 0.997534 0.997537 0.997541 0.997545 0.997550 0.997556 0.997563 0.997570 0.997579 0.997589 0.997600 0.997612 0.997627 0.997642 0.997660 0.997680 0.997702 0.997726 0.997752 0.997782 0.997814 0.997849 0.997887 0.997928 0.997973 0.998021 0.998073 0.998129 0.998188 0.998252 0.998319 0.998391 0.998467 0.998547 0.998631 0.998719 0.998812 0.998909 0.999011 0.999118 0.999228 0.999324 0.999369 0.999265
0.999444 0.999585 0.999556 0.999475 0.999382 0.999291 0.999206 0.999124 0.999047 0.998973 0.998902 0.998834 0.998770 0.998709 0.998652 0.998598 0.998547 0.998500 0.998456 0.998415 0.998376 0.998341 0.998309 0.998279 0.998252 0.998227 0.998204 0.998183 0.998165 0.998148 0.998133 0.998119 0.998107 0.998097 0.998087 0.998079 0.998071 0.998065 0.998059 0.998054 0.998050 0.998047 0.998043 0.998041 0.998038 0.998036 0.998035 0.998033 0.998032 0.998031 0.998030 0.998030 0.998029 0.998028 0.998028 0.998028 0.998027 0.998027 0.998027 0.998027 0.998027 0.998027 0.998027 0.998027 0.998027 0.998027 0.998027 0.998027 0.998026 0.998026 0.998026 0.998026 0.998026 0.998026 0.998026 0.998026 0.998026 0.998026 0.998026 0.998026 0.998026 0.998026 0.998026 0.998026 0.998026 0.998026 0.998026 0.998026 0.998026 0.998026 0.998026 0.998026 0.998026 0.998026 0.998026 0.998026 0.998026 0.998026 0.998026 0.998026 0.998026 0.998026 0.998026 0.998026 0.998026 0.998026 0.998026 0.998026 0.998026 0.998026 0.998026 0.998026 0.998026 0.998026 0.998026 0.998026 0.998026 0.998026 0.998026 0.998026 0.998026 0.998026 0.998026 0.998026 0.998026 0.998026 0.998026 0.998026 0.998026 0.998026 0.998026 0.998026 0.998026 0.998026 0.998027 0.998027 0.998027 0.998027 0.998027 0.998027 0.998027 0.998027 0.998027 0.998027 0.998027 0.998027 0.998028 0.998028 0.998028 0.998029 0.998030 0.998030 0.998031 0.998032 0.998033 0.998035 0.998036 0.998038 0.998041 0.998043 0.998047 0.998050 0.998054 0.998059 0.998065 0.998071 0.998079 0.998087 0.998097 0.998107 0.998119 0.998133 0.998148 0.998165 0.998183 0.998204 0.998227 0.998252 0.998279 0.998309 0.998341 0.998376 0.998415 0.998456 0.998500 0.998547 0.998598 0.998652 0.998709 0.998770 0.998834 0.998902 0.998973 0.999047 0.999124 0.999206 0.999291 0.999382 0.999475 0.999556 0.999585 0.999444
0.999587 0.999755 0.999739 0.999671 0.999595 0.999521 0.999451 0.999385 0.999321 0.999260 0.999201 0.999145 0.999091 0.999041 0.998993 0.998948 0.998905 0.998865 0.998828 0.998794 0.998762 0.998732 0.998705 0.998680 0.998657 0.998636 0.998617 0.998599 0.998584 0.998569 0.998557 0.998545 0.998535 0.998526 0.998518 0.998511 0.998505 0.998499 0.998495 0.998491 0.998487 0.998484 0.998481 0.998479 0.998477 0.998475 0.998474 0.998473 0.998472 0.998471 0.998470 0.998470 0.998469 0.998469 0.998468 0.998468 0.998468 0.998468 0.998468 0.998467 0.998467 0.998467 0.998467 0.998467 0.998467 0.998467 0.998467 0.998467 0.998467 0.998467 0.998467 0.998467 0.998467 0.998467 0.998467 0.998467 0.998467 0.998467 0.998467 0.998467 0.998467 0.998467 0.998467 0.998467 0.998467 0.998467 0.998467 0.998467 0.998467 0.998467 0.998467 0.998467 0.998467 0.998467 0.998467 0.998467 0.998467 0.998467 0.998467 0.998467 0.998467 0.998467 0.998467 0.998467 0.998467 0.998467 0.998467 0.998467 0.998467 0.998467 0.998467 0.998467 0.998467 0.998467 0.998467 0.998467 0.998467 0.998467 0.998467 0.998467 0.998467 0.998467 0.998467 0.998467 0.998467 0.998467 0.998467 0.998467 0.998467 0.998467 0.998467 0.998467 0.998467 0.998467 0.998467 0.998467 0.998467 0.998467 0.998467 0.998467 0.998467 0.998467 0.998467 0.998468 0.998468 0.998468 0.998468 0.998468 0.998469 0.998469 0.998470 0.998470 0.998471 0.998472 0.998473 0.998474 0.998475 0.998477 0.998479 0.998481 0.998484 0.998487 0.998491 0.998495 0.998499 0.998505 0.998511 0.998518 0.998526 0.998535 0.998545 0.998557 0.998569 0.998584 0.998599 0.998617 0.998636 0.998657 0.998680 0.998705 0.998732 0.998762 0.998794 0.998828 0.998865 0.998905 0.998948 0.998993 0.999041 0.999091 0.999145 0.999201 0.999260 0.999321 0.999385 0.999451 0.999521 0.999595 0.999671 0.999739 0.999755 0.999587
0.999698 0.999881 0.999875 0.999822 0.999762 0.999704 0.999649 0.999597 0.999546 0.999496 0.999449 0.999403 0.999360 0.999318 0.999279 0.999242 0.999207 0.999174 0.999144 0.999115 0.999089 0.999064 0.999041 0.999021 0.999002 0.998984 0.998968 0.998954 0.998941 0.998929 0.998918 0.998909 0.998901 0.998893 0.998886 0.998881 0.998875 0.998871 0.998867 0.998863 0.998860 0.998858 0.998856 0.998854 0.998852 0.998851 0.998850 0.998849 0.998848 0.998847 0.998846 0.998846 0.998845 0.998845 0.998845 0.998845 0.998844 0.998844 0.998844 0.998844 0.998844 0.998844 0.998844 0.998844 0.998844 0.998844 0.998844 0.998844 0.998844 0.998844 0.998844 0.998844 0.998844 0.998844 0.998844 0.998844 0.998844 0.998844 0.998844 0.998844 0.998844 0.998844 0.998844 0.998844 0.998844 0.998844 0.998844 0.998844 0.998844 0.998844 0.998844 0.998844 0.998844 0.998844 0.998844 0.998844 0.998844 0.998844 0.998844 0.998844 0.998844 0.998844 0.998844 0.998844 0.998844 0.998844 0.998844 0.998844 0.998844 0.998844 0.998844 0.998844 0.998844 0.998844 0.998844 0.998844 0.998844 0.998844 0.998844 0.998844 0.998844 0.998844 0.998844 0.998844 0.998844 0.998844 0.998844 0.998844 0.998844 0.998844 0.998844 0.998844 0.998844 0.998844 0.998844 0.998844 0.998844 0.998844 0.998844 0.998844 0.998844 0.998844 0.998844 0.998844 0.998844 0.998844 0.998845 0.998845 0.998845 0.998845 0.998846 0.998846 0.998847 0.998848 0.998849 0.998850 0.998851 0.998852 0.998854 0.998856 0.998858 0.998860 0.998863 0.998867 0.998871 0.998875 0.998881 0.998886 0.998893 0.998901 0.998909 0.998918 0.998929 0.998941 0.998954 0.998968 0.998984 0.999002 0.999021 0.999041 0.999064 0.999089 0.999115 0.999144 0.999174 0.999207 0.999242 0.999279 0.999318 0.999360 0.999403 0.999449 0.999496 0.999546 0.999597 0.999649 0.999704 0.999762 0.999822 0.999875 0.999881 0.999698
0.999782 0.999968 0.999968 0.999929 0.999886 0.999844 0.999803 0.999763 0.999724 0.999686 0.999649 0.999613 0.999579 0.999546 0.999515 0.999485 0.999457 0.999431 0.999406 0.999383 0.999361 0.999341 0.999323 0.999306 0.999290 0.999276 0.999263 0.999252 0.999241 0.999231 0.999223 0.999215 0.999208 0.999202 0.999196 0.999192 0.999187 0.999184 0.999180 0.999178 0.999175 0.999173 0.999171 0.999170 0.999168 0.999167 0.999166 0.999165 0.999165 0.999164 0.999164 0.999163 0.999163 0.999163 0.999162 0.999162 0.999162 0.999162 0.999162 0.999162 0.999162 0.999162 0.999162 0.999162 0.999162 0.999162 0.999162 0.999161 0.999161 0.999161 0.999161 0.999161 0.999161 0.999161 0.999161 0.999161 0.999161 0.999161 0.999161 0.999161 0.999161 0.999161 0.999161 0.999161 0.999161 0.999161 0.999161 0.999161 0.999161 0.999161 0.999161 0.999161 0.999161 0.999161 0.999161 0.999161 0.999161 0.999161 0.999161 0.999161 0.999161 0.999161 0.999161 0.999161 0.999161 0.999161 0.999161 0.999161 0.999161 0.999161 0.999161 0.999161 0.999161 0.999161 0.999161 0.999161 0.999161 0.999161 0.999161 0.999161 0.999161 0.999161 0.999161 0.999161 0.999161 0.999161 0.999161 0.999161 0.999161 0.999161 0.999161 0.999161 0.999161 0.999161 0.999161 0.999162 0.999162 0.999162 0.999162 0.999162 0.999162 0.999162 0.999162 0.999162 0.999162 0.999162 0.999162 0.999162 0.999163 0.999163 0.999163 0.999164 0.999164 0.999165 0.999165 0.999166 0.999167 0.999168 0.999170 0.999171 0.999173 0.999175 0.999178 0.999180 0.999184 0.999187 0.999192 0.999196 0.999202 0.999208 0.999215 0.999223 0.999231 0.999241 0.999252 0.999263 0.999276 0.999290 0.999306 0.999323 0.999341 0.999361 0.999383 0.999406 0.999431 0.999457 0.999485 0.999515 0.999546 0.999579 0.999613 0.999649 0.999686 0.999724 0.999763 0.999803 0.999844 0.999886 0.999929 0.999968 0.999968 0.999782
0.999843 1.000018 1.000021 0.999997 0.999971 0.999943 0.999916 0.999888 0.999860 0.999832 0.999805 0.999778 0.999752 0.999727 0.999703 0.999680 0.999658 0.999638 0.999618 0.999600 0.999583 0.999568 0.999553 0.999540 0.999527 0.999516 0.999506 0.999496 0.999488 0.999480 0.999473 0.999467 0.999462 0.999457 0.999452 0.999449 0.999445 0.999442 0.999440 0.999437 0.999435 0.999434 0.999432 0.999431 0.999430 0.999429 0.999428 0.999428 0.999427 0.999427 0.999426 0.999426 0.999426 0.999425 0.999425 0.999425 0.999425 0.999425 0.999425 0.999425 0.999425 0.999425 0.999425 0.999424 0.999424 0.999424 0.999424 0.999424 0.999424 0.999424 0.999424 0.999424 0.999424 0.999424 0.999424 0.999424 0.999424 0.999424 0.999424 0.999424 0.999424 0.999424 0.999424 0.999424 0.999424 0.999424 0.999424 0.999424 0.999424 0.999424 0.999424 0.999424 0.999424 0.999424 0.999424 0.999424 0.999424 0.999424 0.999424 0.999424 0.999424 0.999424 0.999424 0.999424 0.999424 0.999424 0.999424 0.999424 0.999424 0.999424 0.999424 0.999424 0.999424 0.999424 0.999424 0.999424 0.999424 0.999424 0.999424 0.999424 0.999424 0.999424 0.999424 0.999424 0.999424 0.999424 0.999424 0.999424 0.999424 0.999424 0.999424 0.999424 0.999424 0.999424 0.999424 0.999424 0.999424 0.999424 0.999424 0.999425 0.999425 0.999425 0.999425 0.999425 0.999425 0.999425 0.999425 0.999425 0.999425 0.999426 0.999426 0.999426 0.999427 0.999427 0.999428 0.999428 0.999429 0.999430 0.999431 0.999432 0.999434 0.999435 0.999437 0.999440 0.999442 0.999445 0.999449 0.999452 0.999457 0.999462 0.999467 0.999473 0.999480 0.999488 0.999496 0.999506 0.999516 0.999527 0.999540 0.999553 0.999568 0.999583 0.999600 0.999618 0.999638 0.999658 0.999680 0.999703 0.999727 0.999752 0.999778 0.999805 0.999832 0.999860 0.999888 0.999916 0.999943 0.999971 0.999997 1.000021 1.000018 0.999843
0.999888 1.000031 1.000031 1.000030 1.000019 1.000005 0.999990 0.999973 0.999955 0.999937 0.999918 0.999900 0.999882 0.999864 0.999847 0.999830 0.999814 0.999799 0.999784 0.999771 0.999758 0.999746 0.999735 0.999725 0.999716 0.999707 0.999699 0.999692 0.999686 0.999680 0.999674 0.999670 0.999665 0.999662 0.999658 0.999655 0.999653 0.999650 0.999648 0.999647 0.999645 0.999644 0.999643 0.999642 0.999641 0.999640 0.999639 0.999639 0.999638 0.999638 0.999638 0.999638 0.999637 0.999637 0.999637 0.999637 0.999637 0.999637 0.999637 0.999637 0.999637 0.999637 0.999637 0.999636 0.999636 0.999636 0.999636 0.999636 0.999636 0.999636 0.999636 0.999636 0.999636 0.999636 0.999636 0.999636 0.999636 0.999636 0.999636 0.999636 0.999636 0.999636 0.999636 0.999636 0.999636 0.999636 0.999636 0.999636 0.999636 0.999636 0.999636 0.999636 0.999636 0.999636 0.999636 0.999636 0.999636 0.999636 0.999636 0.999636 0.999636 0.999636 0.999636 0.999636 0.999636 0.999636 0.999636 0.999636 0.999636 0.999636 0.999636 0.999636 0.999636 0.999636 0.999636 0.999636 0.999636 0.999636 0.999636 0.999636 0.999636 0.999636 0.999636 0.999636 0.999636 0.999636 0.999636 0.999636 0.999636 0.999636 0.999636 0.999636 0.999636 0.999636 0.999636 0.999636 0.999636 0.999636 0.999636 0.999637 0.999637 0.999637 0.999637 0.999637 0.999637 0.999637 0.999637 0.999637 0.999637 0.999637 0.999638 0.999638 0.999638 0.999638 0.999639 0.999639 0.999640 0.999641 0.999642 0.999643 0.999644 0.999645 0.999647 0.999648 0.999650 0.999653 0.999655 0.999658 0.999662 0.999665 0.999670 0.999674 0.999680 0.999686 0.999692 0.999699 0.999707 0.999716 0.999725 0.999735 0.999746 0.999758 0.999771 0.999784 0.999799 0.999814 0.999830 0.999847 0.999864 0.999882 0.999900 0.999918 0.999937 0.999955 0.999973 0.999990 1.000005 1.000019 1.000030 1.000031 1.000031 0.999888
0.999924 1.000031 1.000031 1.000031 1.000031 1.000031 1.000028 1.000021 1.000012 1.000003 0.999993 0.999982 0.999971 0.999960 0.999948 0.999938 0.999927 0.999917 0.999907 0.999898 0.999889 0.999881 0.999873 0.999866 0.999859 0.999853 0.999847 0.999842 0.999837 0.999833 0.999829 0.999825 0.999822 0.999820 0.999817 0.999815 0.999813 0.999811 0.999810 0.999808 0.999807 0.999806 0.999805 0.999805 0.999804 0.999804 0.999803 0.999803 0.999802 0.999802 0.999802 0.999802 0.999802 0.999801 0.999801 0.999801 0.999801 0.999801 0.999801 0.999801 0.999801 0.999801 0.999801 0.999801 0.999801 0.999801 0.999801 0.999801 0.999801 0.999801 0.999801 0.999801 0.999801 0.999801 0.999801 0.999801 0.999801 0.999801 0.999801 0.999801 0.999801 0.999801 0.999801 0.999801 0.999801 0.999801 0.999801 0.999801 0.999801 0.999801 0.999801 0.999801 0.999801 0.999801 0.999801 0.999801 0.999801 0.999801 0.999801 0.999801 0.999801 0.999801 0.999801 0.999801 0.999801 0.999801 0.999801 0.999801 0.999801 0.999801 0.999801 0.999801 0.999801 0.999801 0.999801 0.999801 0.999801 0.999801 0.999801 0.999801 0.999801 0.999801 0.999801 0.999801 0.999801 0.999801 0.999801 0.999801 0.999801 0.999801 0.999801 0.999801 0.999801 0.999801 0.999801 0.999801 0.999801 0.999801 0.999801 0.999801 0.999801 0.999801 0.999801 0.999801 0.999801 0.999801 0.999801 0.999801 0.999801 0.999802 0.999802 0.999802 0.999802 0.999802 0.999803 0.999803 0.999804 0.999804 0.999805 0.999805 0.999806 0.999807 0.999808 0.999810 0.999811 0.999813 0.999815 0.999817 0.999820 0.999822 0.999825 0.999829 0.999833 0.999837 0.999842 0.999847 0.999853 0.999859 0.999866 0.999873 0.999881 0.999889 0.999898 0.999907 0.999917 0.999927 0.999938 0.999948 0.999960 0.999971 0.999982 0.999993 1.000003 1.000012 1.000021 1.000028 1.000031 1.000031 1.000031 1.000031 1.000031 0.999924
0.999952 1.000031 1.000031 1.000031 1.000031 1.000031 1.000031 1.000031 1.000031 1.000031 1.000029 1.000025 1.000021 1.000016 1.000010 1.000005 0.999999 0.999993 0.999988 0.999982 0.999977 0.999972 0.999967 0.999963 0.999959 0.999955 0.999951 0.999948 0.999945 0.999942 0.999939 0.999937 0.999935 0.999933 0.999931 0.999930 0.999929 0.999927 0.999926 0.999926 0.999925 0.999924 0.999924 0.999923 0.999923 0.999922 0.999922 0.999922 0.999921 0.999921 0.999921 0.999921 0.999921 0.999921 0.999921 0.999921 0.999921 0.999921 0.999921 0.999921 0.999921 0.999920 0.999920 0.999920 0.999920 0.999920 0.999920 0.999920 0.999920 0.999920 0.999920 0.999920 0.999920 0.999920 0.999920 0.999920 0.999920 0.999920 0.999920 0.999920 0.999920 0.999920 0.999920 0.999920 0.999920 0.999920 0.999920 0.999920 0.999920 0.999920 0.999920 0.999920 0.999920 0.999920 0.999920 0.999920 0.999920 0.999920 0.999920 0.999920 0.999920 0.999920 0.999920 0.999920 0.999920 0.999920 0.999920 0.999920 0.999920 0.999920 0.999920 0.999920 0.999920 0.999920 0.999920 0.999920 0.999920 0.999920 0.999920 0.999920 0.999920 0.999920 0.999920 0.999920 0.999920 0.999920 0.999920 0.999920 0.999920 0.999920 0.999920 0.999920 0.999920 0.999920 0.999920 0.999920 0.999920 0.999920 0.999920 0.999920 0.999920 0.999921 0.999921 0.999921 0.999921 0.999921 0.999921 0.999921 0.999921 0.999921 0.999921 0.999921 0.999921 0.999921 0.999922 0.999922 0.999922 0.999923 0.999923 0.999924 0.999924 0.999925 0.999926 0.999926 0.999927 0.999929 0.999930 0.999931 0.999933 0.999935 0.999937 0.999939 0.999942 0.999945 0.999948 0.999951 0.999955 0.999959 0.999963 0.999967 0.999972 0.999977 0.999982 0.999988 0.999993 0.999999 1.000005 1.000010 1.000016 1.000021 1.000025 1.000029 1.000031 1.000031 1.000031 1.000031 1.000031 1.000031 1.000031 1.000031 1.000031 0.999952
0.999972 1.000031 1.000031 1.000031 1.000031 1.000031 1.000031 1.000031 1.000031 1.000031 1.000031 1.000031 1.000031 1.000031 1.000031 1.000031 1.000031 1.000030 1.000028 1.000026 1.000024 1.000022 1.000020 1.000018 1.000017 1.000015 1.000013 1.000011 1.000010 1.000008 1.000007 1.000006 1.000005 1.000004 1.000003 1.000002 1.000001 1.000001 1.000000 1.000000 0.999999 0.999999 0.999999 0.999998 0.999998 0.999998 0.999998 0.999998 0.999997 0.999997 0.999997 0.999997 0.999997 0.999997 0.999997 0.999997 0.999997 0.999997 0.999997 0.999997 0.999997 0.999997 0.999997 0.999997 0.999997 0.999997 0.999997 0.999997 0.999997 0.999997 0.999997 0.999997 0.999997 0.999997 0.999997 0.999997 0.999997 0.999997 0.999997 0.999997 0.999997 0.999997 0.999997 0.999997 0.999997 0.999997 0.999997 0.999997 0.999997 0.999997 0.999997 0.999997 0.999997 0.999997 0.999997 0.999997 0.999997 0.999997 0.999997 0.999997 0.999997 0.999997 0.999997 0.999997 0.999997 0.999997 0.999997 0.999997 0.999997 0.999997 0.999997 0.999997 0.999997 0.999997 0.999997 0.999997 0.999997 0.999997 0.999997 0.999997 0.999997 0.999997 0.999997 0.999997 0.999997 0.999997 0.999997 0.999997 0.999997 0.999997 0.999997 0.999997 0.999997 0.999997 0.999997 0.999997 0.999997 0.999997 0.999997 0.999997 0.999997 0.999997 0.999997 0.999997 0.999997 0.999997 0.999997 0.999997 0.999997 0.999997 0.999997 0.999997 0.999997 0.999997 0.999998 0.999998 0.999998 0.999998 0.999998 0.999999 0.999999 0.999999 1.000000 1.000000 1.000001 1.000001 1.000002 1.000003 1.000004 1.000005 1.000006 1.000007 1.000008 1.000010 1.000011 1.000013 1.000015 1.000017 1.000018 1.000020 1.000022 1.000024 1.000026 1.000028 1.000030 1.000031 1.000031 1.000031 1.000031 1.000031 1.000031 1.000031 1.000031 1.000031 1.000031 1.000031 1.000031 1.000031 1.000031 1.000031 1.000031 0.999972
0.999988 1.000031 1.000031 1.000031 1.000031 1.000031 1.000031 1.000031 1.000031 1.000031 1.000031 1.000031 1.000031 1.000031 1.000031 1.000031 1.000031 1.000031 1.000031 1.000031 1.000031 1.000031 1.000031 1.000031 1.000031 1.000031 1.000031 1.000031 1.000031 1.000031 1.000031 1.000031 1.000031 1.000031 1.000031 1.000031 1.000031 1.000031 1.000031 1.000031 1.000031 1.000031 1.000031 1.000031 1.000031 1.000031 1.000031 1.000031 1.000031 1.000031 1.000031 1.000031 1.000031 1.000031 1.000031 1.000031 1.000031 1.000031 1.000031 1.000031 1.000031 1.000031 1.000031 1.000031 1.000031 1.000031 1.000031 1.000031 1.000031 1.000031 1.000031 1.000031 1.000031 1.000031 1.000031 1.000031 1.000031 1.000031 1.000031 1.000031 1.000031 1.000031 1.000031 1.000031 1.000031 1.000031 1.000031 1.000031 1.000031 1.000031 1.000031 1.000031 1.000031 1.000031 1.000031 1.000031 1.000031 1.000031 1.000031 1.000031 1.000031 1.000031 1.000031 1.000031 1.000031 1.000031 1.000031 1.000031 1.000031 1.000031 1.000031 1.000031 1.000031 1.000031 1.000031 1.000031 1.000031 1.000031 1.000031 1.000031 1.000031 1.000031 1.000031 1.000031 1.000031 1.000031 1.000031 1.000031 1.000031 1.000031 1.000031 1.000031 1.000031 1.000031 1.000031 1.000031 1.000031 1.000031 1.000031 1.000031 1.000031 1.000031 1.000031 1.000031 1.000031 1.000031 1.000031 1.000031 1.000031 1.000031 1.000031 1.000031 1.000031 1.000031 1.000031 1.000031 1.000031 1.000031 1.000031 1.000031 1.000031 1.000031 1.000031 1.000031 1.000031 1.000031 1.000031 1.000031 1.000031 1.000031 1.000031 1.000031 1.000031 1.000031 1.000031 1.000031 1.000031 1.000031 1.000031 1.000031 1.000031 1.000031 1.000031 1.000031 1.000031 1.000031 1.000031 1.000031 1.000031 1.000031 1.000031 1.000031 1.000031 1.000031 1.000031 1.000031 1.000031 1.000031 1.000031 1.000031 1.000031 0.999988
0.999997 1.000031 1.000031 1.000031 1.000031 1.000031 1.000031 1.000031 1.000031 1.000031 1.000031 1.000031 1.000031 1.000031 1.000031 1.000031 1.000031 1.000031 1.000031 1.000031 1.000031 1.000031 1.000031 1.000031 1.000031 1.000031 1.000031 1.000031 1.000031 1.000031 1.000031 1.000031 1.000031 1.000031 1.000031 1.000031 1.000031 1.000031 1.000031 1.000031 1.000031 1.000031 1.000031 1.000031 1.000031 1.000031 1.000031 1.000031 1.000031 1.000031 1.000031 1.000031 1.000031 1.000031 1.000031 1.000031 1.000031 1.000031 1.000031 1.000031 1.000031 1.000031 1.000031 1.000031 1.000031 1.000031 1.000031 1.000031 1.000031 1.000031 1.000031 1.000031 1.000031 1.000031 1.000031 1.000031 1.000031 1.000031 1.000031 1.000031 1.000031 1.000031 1.000031 1.000031 1.000031 1.000031 1.000031 1.000031 1.000031 1.000031 1.000031 1.000031 1.000031 1.000031 1.000031 1.000031 1.000031 1.000031 1.000031 1.000031 1.000031 1.000031 1.000031 1.000031 1.000031 1.000031 1.000031 1.000031 1.000031 1.000031 1.000031 1.000031 1.000031 1.000031 1.000031 1.000031 1.000031 1.000031 1.000031 1.000031 1.000031 1.000031 1.000031 1.000031 1.000031 1.000031 1.000031 1.000031 1.000031 1.000031 1.000031 1.000031 1.000031 1.000031 1.000031 1.000031 1.000031 1.000031 1.000031 1.000031 1.000031 1.000031 1.000031 1.000031 1.000031 1.000031 1.000031 1.000031 1.000031 1.000031 1.000031 1.000031 1.000031 1.000031 1.000031 1.000031 1.000031 1.000031 1.000031 1.000031 1.000031 1.000031 1.000031 1.000031 1.000031 1.000031 1.000031 1.000031 1.000031 1.000031 1.000031 1.000031 1.000031 1.000031 1.000031 1.000031 1.000031 1.000031 1.000031 1.000031 1.000031 1.000031 1.000031 1.000031 1.000031 1.000031 1.000031 1.000031 1.000031 1.000031 1.000031 1.000031 1.000031 1.000031 1.000031 1.000031 1.000031 1.000031 1.000031 1.000031 1.000031 0.999997
1.000000 1.000031 1.000031 1.000031 1.000031 1.000031 1.000031 1.000031 1.000031 1.000031 1.000031 1.000031 1.000031 1.000031 1.000031 1.000031 1.000031 1.000031 1.000031 1.000031 1.000031 1.000031 1.000031 1.000031 1.000031 1.000031 1.000031 1.000031 1.000031 1.000031 1.000031 1.000031 1.000031 1.000031 1.000031 1.000031 1.000031 1.000031 1.000031 1.000031 1.000031 1.000031 1.000031 1.000031 1.000031 1.000031 1.000031 1.000031 1.000031 1.000031 1.000031 1.000031 1.000031 1.000031 1.000031 1.000031 1.000031 1.000031 1.000031 1.000031 1.000031 1.000031 1.000031 1.000031 1.000031 1.000031 1.000031 1.000031 1.000031 1.000031 1.000031 1.000031 1.000031 1.000031 1.000031 1.000031 1.000031 1.000031 1.000031 1.000031 1.000031 1.000031 1.000031 1.000031 1.000031 1.000031 1.000031 1.000031 1.000031 1.000031 1.000031 1.000031 1.000031 1.000031 1.000031 1.000031 1.000031 1.000031 1.000031 1.000031 1.000031 1.000031 1.000031 1.000031 1.000031 1.000031 1.000031 1.000031 1.000031 1.000031 1.000031 1.000031 1.000031 1.000031 1.000031 1.000031 1.000031 1.000031 1.000031 1.000031 1.000031 1.000031 1.000031 1.000031 1.000031 1.000031 1.000031 1.000031 1.000031 1.000031 1.000031 1.000031 1.000031 1.000031 1.000031 1.000031 1.000031 1.000031 1.000031 1.000031 1.000031 1.000031 1.000031 1.000031 1.000031 1.000031 1.000031 1.000031 1.000031 1.000031 1.000031 1.000031 1.000031 1.000031 1.000031 1.000031 1.000031 1.000031 1.000031 1.000031 1.000031 1.000031 1.000031 1.000031 1.000031 1.000031 1.000031 1.000031 1.000031 1.000031 1.000031 1.000031 1.000031 1.000031 1.000031 1.000031 1.000031 1.000031 1.000031 1.000031 1.000031 1.000031 1.000031 1.000031 1.000031 1.000031 1.000031 1.000031 1.000031 1.000031 1.000031 1.000031 1.000031 1.000031 1.000031 1.000031 1.000031 1.000031 1.000031 1.000031 1.000031 1.000000
1.000000 1.000031 1.000031 1.000031 1.000031 1.000031 1.000031 1.000031 1.000031 1.000031 1.000031 1.000031 1.000031 1.000031 1.000031 1.000031 1.000031 1.000031 1.000031 1.000031 1.000031 1.000031 1.000031 1.000031 1.000031 1.000031 1.000031 1.000031 1.000031 1.000031 1.000031 1.000031 1.000031 1.000031 1.000031 1.000031 1.000031 1.000031 1.000031 1.000031 1.000031 1.000031 1.000031 1.000031 1.000031 1.000031 1.000031 1.000031 1.000031 1.000031 1.000031 1.000031 1.000031 1.000031 1.000031 1.000031 1.000031 1.000031 1.000031 1.000031 1.000031 1.000031 1.000031 1.000031 1.000031 1.000031 1.000031 1.000031 1.000031 1.000031 1.000031 1.000031 1.000031 1.000031 1.000031 1.000031 1.000031 1.000031 1.000031 1.000031 1.000031 1.000031 1.000031 1.000031 1.000031 1.000031 1.000031 1.000031 1.000031 1.000031 1.000031 1.000031 1.000031 1.000031 1.000031 1.000031 1.000031 1.000031 1.000031 1.000031 1.000031 1.000031 1.000031 1.000031 1.000031 1.000031 1.000031 1.000031 1.000031 1.000031 1.000031 1.000031 1.000031 1.000031 1.000031 1.000031 1.000031 1.000031 1.000031 1.000031 1.000031 1.000031 1.000031 1.000031 1.000031 1.000031 1.000031 1.000031 1.000031 1.000031 1.000031 1.000031 1.000031 1.000031 1.000031 1.000031 1.000031 1.000031 1.000031 1.000031 1.000031 1.000031 1.000031 1.000031 1.000031 1.000031 1.000031 1.000031 1.000031 1.000031 1.000031 1.000031 1.000031 1.000031 1.000031 1.000031 1.000031 1.000031 1.000031 1.000031 1.000031 1.000031 1.000031 1.000031 1.000031 1.000031 1.000031 1.000031 1.000031 1.000031 1.000031 1.000031 1.000031 1.000031 1.000031 1.000031 1.000031 1.000031 1.000031 1.000031 1.000031 1.000031 1.000031 1.000031 1.000031 1.000031 1.000031 1.000031 1.000031 1.000031 1.000031 1.000031 1.000031 1.000031 1.000031 1.000031 1.000031 1.000031 1.000031 1.000031 1.000031 1.000000
1.000000 1.000031 1.000031 1.000031 1.000031 1.000031 1.000031 1.000031 1.000031 1.000031 1.000031 1.000031 1.000031 1.000031 1.000031 1.000031 1.000031 1.000031 1.000031 1.000031 1.000031 1.000031 1.000031 1.000031 1.000031 1.000031 1.000031 1.000031 1.000031 1.000031 1.000031 1.000031 1.000031 1.000031 1.000031 1.000031 1.000031 1.000031 1.000031 1.000031 1.000031 1.000031 1.000031 1.000031 1.000031 1.000031 1.000031 1.000031 1.000031 1.000031 1.000031 1.000031 1.000031 1.000031 1.000031 1.000031 1.000031 1.000031 1.000031 1.000031 1.000031 1.000031 1.000031 1.000031 1.000031 1.000031 1.000031 1.000031 1.000031 1.000031 1.000031 1.000031 1.000031 1.000031 1.000031 1.000031 1.000031 1.000031 1.000031 1.000031 1.000031 1.000031 1.000031 1.000031 1.000031 1.000031 1.000031 1.000031 1.000031 1.000031 1.000031 1.000031 1.000031 1.000031 1.000031 1.000031 1.000031 1.000031 1.000031 1.000031 1.000031 1.000031 1.000031 1.000031 1.000031 1.000031 1.000031 1.000031 1.000031 1.000031 1.000031 1.000031 1.000031 1.000031 1.000031 1.000031 1.000031 1.000031 1.000031 1.000031 1.000031 1.000031 1.000031 1.000031 1.000031 1.000031 1.000031 1.000031 1.000031 1.000031 1.000031 1.000031 1.000031 1.000031 1.000031 1.000031 1.000031 1.000031 1.000031 1.000031 1.000031 1.000031 1.000031 1.000031 1.000031 1.000031 1.000031 1.000031 1.000031 1.000031 1.000031 1.000031 1.000031 1.000031 1.000031 1.000031 1.000031 1.000031 1.000031 1.000031 1.000031 1.000031 1.000031 1.000031 1.000031 1.000031 1.000031 1.000031 1.000031 1.000031 1.000031 1.000031 1.000031 1.000031 1.000031 1.000031 1.000031 1.000031 1.000031 1.000031 1.000031 1.000031 1.000031 1.000031 1.000031 1.000031 1.000031 1.000031 1.000031 1.000031 1.000031 1.000031 1.000031 1.000031 1.000031 1.000031 1.000031 1.000031 1.000031 1.000031 1.000031 1.000000
1.000000 1.000031 1.000031 1.000031 1.000031 1.000031 1.000031 1.000031 1.000031 1.000031 1.000031 1.000031 1.000031 1.000031 1.000031 1.000031 1.000031 1.000031 1.000031 1.000031 1.000031 1.000031 1.000031 1.000031 1.000031 1.000031 1.000031 1.000031 1.000031 1.000031 1.000031 1.000031 1.000031 1.000031 1.000031 1.000031 1.000031 1.000031 1.000031 1.000031 1.000031 1.000031 1.000031 1.000031 1.000031 1.000031 1.000031 1.000031 1.000031 1.000031 1.000031 1.000031 1.000031 1.000031 1.000031 1.000031 1.000031 1.000031 1.000031 1.000031 1.000031 1.000031 1.000031 1.000031 1.000031 1.000031 1.000031 1.000031 1.000031 1.000031 1.000031 1.000031 1.000031 1.000031 1.000031 1.000031 1.000031 1.000031 1.000031 1.000031 1.000031 1.000031 1.000031 1.000031 1.000031 1.000031 1.000031 1.000031 1.000031 1.000031 1.000031 1.000031 1.000031 1.000031 1.000031 1.000031 1.000031 1.000031 1.000031 1.000031 1.000031 1.000031 1.000031 1.000031 1.000031 1.000031 1.000031 1.000031 1.000031 1.000031 1.000031 1.000031 1.000031 1.000031 1.000031 1.000031 1.000031 1.000031 1.000031 1.000031 1.000031 1.000031 1.000031 1.000031 1.000031 1.000031 1.000031 1.000031 1.000031 1.000031 1.000031 1.000031 1.000031 1.000031 1.000031 1.000031 1.000031 1.000031 1.000031 1.000031 1.000031 1.000031 1.000031 1.000031 1.000031 1.000031 1.000031 1.000031 1.000031 1.000031 1.000031 1.000031 1.000031 1.000031 1.000031 1.000031 1.000031 1.000031 1.000031 1.000031 1.000031 1.000031 1.000031 1.000031 1.000031 1.000031 1.000031 1.000031 1.000031 1.000031 1.000031 1.000031 1.000031 1.000031 1.000031 1.000031 1.000031 1.000031 1.000031 1.000031 1.000031 1.000031 1.000031 1.000031 1.000031 1.000031 1.000031 1.000031 1.000031 1.000031 1.000031 1.000031 1.000031 1.000031 1.000031 1.000031 1.000031 1.000031 1.000031 1.000031 1.000031 1.000000
1.000000 1.000031 1.000031 1.000031 1.000031 1.000031 1.000031 1.000031 1.000031 1.000031 1.000031 1.000031 1.000031 1.000031 1.000031 1.000031 1.000031 1.000031 1.000031 1.000031 1.000031 1.000031 1.000031 1.000031 1.000031 1.000031 1.000031 1.000031 1.000031 1.000031 1.000031 1.000031 1.000031 1.000031 1.000031 1.000031 1.000031 1.000031 1.000031 1.000031 1.000031 1.000031 1.000031 1.000031 1.000031 1.000031 1.000031 1.000031 1.000031 1.000031 1.000031 1.000031 1.000031 1.000031 1.000031 1.000031 1.000031 1.000031 1.000031 1.000031 1.000031 1.000031 1.000031 1.000031 1.000031 1.000031 1.000031 1.000031 1.000031 1.000031 1.000031 1.000031 1.000031 1.000031 1.000031 1.000031 1.000031 1.000031 1.000031 1.000031 1.000031 1.000031 1.000031 1.000031 1.000031 1.000031 1.000031 1.000031 1.000031 1.000031 1.000031 1.000031 1.000031 1.000031 1.000031 1.000031 1.000031 1.000031 1.000031 1.000031 1.000031 1.000031 1.000031 1.000031 1.000031 1.000031 1.000031 1.000031 1.000031 1.000031 1.000031 1.000031 1.000031 1.000031 1.000031 1.000031 1.000031 1.000031 1.000031 1.000031 1.000031 1.000031 1.000031 1.000031 1.000031 1.000031 1.000031 1.000031 1.000031 1.000031 1.000031 1.000031 1.000031 1.000031 1.000031 1.000031 1.000031 1.000031 1.000031 1.000031 1.000031 1.000031 1.000031 1.000031 1.000031 1.000031 1.000031 1.000031 1.000031 1.000031 1.000031 1.000031 1.000031 1.000031 1.000031 1.000031 1.000031 1.000031 1.000031 1.000031 1.000031 1.000031 1.000031 1.000031 1.000031 1.000031 1.000031 1.000031 1.000031 1.000031 1.000031 1.000031 1.000031 1.000031 1.000031 1.000031 1.000031 1.000031 1.000031 1.000031 1.000031 1.000031 1.000031 1.000031 1.000031 1.000031 1.000031 1.000031 1.000031 1.000031 1.000031 1.000031 1.000031 1.000031 1.000031 1.000031 1.000031 1.000031 1.000031 1.000031 1.000031 1.000000
1.000000 1.000031 1.000031 1.000031 1.000031 1.000031 1.000031 1.000031 1.000031 1.000031 1.000031 1.000031 1.000031 1.000031 1.000031 1.000031 1.000031 1.000031 1.000031 1.000031 1.000031 1.000031 1.000031 1.000031 1.000031 1.000031 1.000031 1.000031 1.000031 1.000031 1.000031 1.000031 1.000031 1.000031 1.000031 1.000031 1.000031 1.000031 1.000031 1.000031 1.000031 1.000031 1.000031 1.000031 1.000031 1.000031 1.000031 1.000031 1.000031 1.000031 1.000031 1.000031 1.000031 1.000031 1.000031 1.000031 1.000031 1.000031 1.000031 1.000031 1.000031 1.000031 1.000031 1.000031 1.000031 1.000031 1.000031 1.000031 1.000031 1.000031 1.000031 1.000031 1.000031 1.000031 1.000031 1.000031 1.000031 1.000031 1.000031 1.000031 1.000031 1.000031 1.000031 1.000031 1.000031 1.000031 1.000031 1.000031 1.000031 1.000031 1.000031 1.000031 1.000031 1.000031 1.000031 1.000031 1.000031 1.000031 1.000031 1.000031 1.000031 1.000031 1.000031 1.000031 1.000031 1.000031 1.000031 1.000031 1.000031 1.000031 1.000031 1.000031 1.000031 1.000031 1.000031 1.000031 1.000031 1.000031 1.000031 1.000031 1.000031 1.000031 1.000031 1.000031 1.000031 1.000031 1.000031 1.000031 1.000031 1.000031 1.000031 1.000031 1.000031 1.000031 1.000031 1.000031 1.000031 1.000031 1.000031 1.000031 1.000031 1.000031 1.000031 1.000031 1.000031 1.000031 1.000031 1.000031 1.000031 1.000031 1.000031 1.000031 1.000031 1.000031 1.000031 1.000031 1.000031 1.000031 1.000031 1.000031 1.000031 1.000031 1.000031 1.000031 1.000031 1.000031 1.000031 1.000031 1.000031 1.000031 1.000031 1.000031 1.000031 1.000031 1.000031 1.000031 1.000031 1.000031 1.000031 1.000031 1.000031 1.000031 1.000031 1.000031 1.000031 1.000031 1.000031 1.000031 1.000031 1.000031 1.000031 1.000031 1.000031 1.000031 1.000031 1.000031 1.000031 1.000031 1.000031 1.000031 1.000031 1.000000
1.000000 1.000031 1.000031 1.000031 1.000031 1.000031 1.000031 1.000031 1.000031 1.000031 1.000031 1.000031 1.000031 1.000031 1.000031 1.000031 1.000031 1.000031 1.000031 1.000031 1.000031 1.000031 1.000031 1.000031 1.000031 1.000031 1.000031 1.000031 1.000031 1.000031 1.000031 1.000031 1.000031 1.000031 1.000031 1.000031 1.000031 1.000031 1.000031 1.000031 1.000031 1.000031 1.000031 1.000031 1.000031 1.000031 1.000031 1.000031 1.000031 1.000031 1.000031 1.000031 1.000031 1.000031 1.000031 1.000031 1.000031 1.000031 1.000031 1.000031 1.000031 1.000031 1.000031 1.000031 1.000031 1.000031 1.000031 1.000031 1.000031 1.000031 1.000031 1.000031 1.000031 1.000031 1.000031 1.000031 1.000031 1.000031 1.000031 1.000031 1.000031 1.000031 1.000031 1.000031 1.000031 1.000031 1.000031 1.000031 1.000031 1.000031 1.000031 1.000031 1.000031 1.000031 1.000031 1.000031 1.000031 1.000031 1.000031 1.000031 1.000031 1.000031 1.000031 1.000031 1.000031 1.000031 1.000031 1.000031 1.000031 1.000031 1.000031 1.000031 1.000031 1.000031 1.000031 1.000031 1.000031 1.000031 1.000031 1.000031 1.000031 1.000031 1.000031 1.000031 1.000031 1.000031 1.000031 1.000031 1.000031 1.000031 1.000031 1.000031 1.000031 1.000031 1.000031 1.000031 1.000031 1.000031 1.000031 1.000031 1.000031 1.000031 1.000031 1.000031 1.000031 1.000031 1.000031 1.000031 1.000031 1.000031 1.000031 1.000031 1.000031 1.000031 1.000031 1.000031 1.000031 1.000031 1.000031 1.000031 1.000031 1.000031 1.000031 1.000031 1.000031 1.000031 1.000031 1.000031 1.000031 1.000031 1.000031 1.000031 1.000031 1.000031 1.000031 1.000031 1.000031 1.000031 1.000031 1.000031 1.000031 1.000031 1.000031 1.000031 1.000031 1.000031 1.000031 1.000031 1.000031 1.000031 1.000031 1.000031 1.000031 1.000031 1.000031 1.000031 1.000031 1.000031 1.000031 1.000031 1.000031 1.000000
1.000000 1.000031 1.000031 1.000031 1.000031 1.000031 1.000031 1.000031 1.000031 1.000031 1.000031 1.000031 1.000031 1.000031 1.000031 1.000031 1.000031 1.000031 1.000031 1.000031 1.000031 1.000031 1.000031 1.000031 1.000031 1.000031 1.000031 1.000031 1.000031 1.000031 1.000031 1.000031 1.000031 1.000031 1.000031 1.000031 1.000031 1.000031 1.000031 1.000031 1.000031 1.000031 1.000031 1.000031 1.000031 1.000031 1.000031 1.000031 1.000031 1.000031 1.000031 1.000031 1.000031 1.000031 1.000031 1.000031 1.000031 1.000031 1.000031 1.000031 1.000031 1.000031 1.000031 1.000031 1.000031 1.000031 1.000031 1.000031 1.000031 1.000031 1.000031 1.000031 1.000031 1.000031 1.000031 1.000031 1.000031 1.000031 1.000031 1.000031 1.000031 1.000031 1.000031 1.000031 1.000031 1.000031 1.000031 1.000031 1.000031 1.000031 1.000031 1.000031 1.000031 1.000031 1.000031 1.000031 1.000031 1.000031 1.000031 1.000031 1.000031 1.000031 1.000031 1.000031 1.000031 1.000031 1.000031 1.000031 1.000031 1.000031 1.000031 1.000031 1.000031 1.000031 1.000031 1.000031 1.000031 1.000031 1.000031 1.000031 1.000031 1.000031 1.000031 1.000031 1.000031 1.000031 1.000031 1.000031 1.000031 1.000031 1.000031 1.000031 1.000031 1.000031 1.000031 1.000031 1.000031 1.000031 1.000031 1.000031 1.000031 1.000031 1.000031 1.000031 1.000031 1.000031 1.000031 1.000031 1.000031 1.000031 1.000031 1.000031 1.000031 1.000031 1.000031 1.000031 1.000031 1.000031 1.000031 1.000031 1.000031 1.000031 1.000031 1.000031 1.000031 1.000031 1.000031 1.000031 1.000031 1.000031 1.000031 1.000031 1.000031 1.000031 1.000031 1.000031 1.000031 1.000031 1.000031 1.000031 1.000031 1.000031 1.000031 1.000031 1.000031 1.000031 1.000031 1.000031 1.000031 1.000031 1.000031 1.000031 1.000031 1.000031 1.000031 1.000031 1.000031 1.000031 1.000031 1.000031 1.000031 1.000000
1.000000 1.000031 1.000031 1.000031 1.000031 1.000031 1.000031 1.000031 1.000031 1.000031 1.000031 1.000031 1.000031 1.000031 1.000031 1.000031 1.000031 1.000031 1.000031 1.000031 1.000031 1.000031 1.000031 1.000031 1.000031 1.000031 1.000031 1.000031 1.000031 1.000031 1.000031 1.000031 1.000031 1.000031 1.000031 1.000031 1.000031 1.000031 1.000031 1.000031 1.000031 1.000031 1.000031 1.000031 1.000031 1.000031 1.000031 1.000031 1.000031 1.000031 1.000031 1.000031 1.000031 1.000031 1.000031 1.000031 1.000031 1.000031 1.000031 1.000031 1.000031 1.000031 1.000031 1.000031 1.000031 1.000031 1.000031 1.000031 1.000031 1.000031 1.000031 1.000031 1.000031 1.000031 1.000031 1.000031 1.000031 1.000031 1.000031 1.000031 1.000031 1.000031 1.000031 1.000031 1.000031 1.000031 1.000031 1.000031 1.000031 1.000031 1.000031 1.000031 1.000031 1.000031 1.000031 1.000031 1.000031 1.000031 1.000031 1.000031 1.000031 1.000031 1.000031 1.000031 1.000031 1.000031 1.000031 1.000031 1.000031 1.000031 1.000031 1.000031 1.000031 1.000031 1.000031 1.000031 1.000031 1.000031 1.000031 1.000031 1.000031 1.000031 1.000031 1.000031 1.000031 1.000031 1.000031 1.000031 1.000031 1.000031 1.000031 1.000031 1.000031 1.000031 1.000031 1.000031 1.000031 1.000031 1.000031 1.000031 1.000031 1.000031 1.000031 1.000031 1.000031 1.000031 1.000031 1.000031 1.000031 1.000031 1.000031 1.000031 1.000031 1.000031 1.000031 1.000031 1.000031 1.000031 1.000031 1.000031 1.000031 1.000031 1.000031 1.000031 1.000031 1.000031 1.000031 1.000031 1.000031 1.000031 1.000031 1.000031 1.000031 1.000031 1.000031 1.000031 1.000031 1.000031 1.000031 1.000031 1.000031 1.000031 1.000031 1.000031 1.000031 1.000031 1.000031 1.000031 1.000031 1.000031 1.000031 1.000031 1.000031 1.000031 1.000031 1.000031 1.000031 1.000031 1.000031 1.000031 1.000031 1.000000
1.000000 1.000031 1.000031 1.000031 1.000031 1.000031 1.000031 1.000031 1.000031 1.000031 1.000031 1.000031 1.000031 1.000031 1.000031 1.000031 1.000031 1.000031 1.000031 1.000031 1.000031 1.000031 1.000031 1.000031 1.000031 1.000031 1.000031 1.000031 1.000031 1.000031 1.000031 1.000031 1.000031 1.000031 1.000031 1.000031 1.000031 1.000031 1.000031 1.000031 1.000031 1.000031 1.000031 1.000031 1.000031 1.000031 1.000031 1.000031 1.000031 1.000031 1.000031 1.000031 1.000031 1.000031 1.000031 1.000031 1.000031 1.000031 1.000031 1.000031 1.000031 1.000031 1.000031 1.000031 1.000031 1.000031 1.000031 1.000031 1.000031 1.000031 1.000031 1.000031 1.000031 1.000031 1.000031 1.000031 1.000031 1.000031 1.000031 1.000031 1.000031 1.000031 1.000031 1.000031 1.000031 1.000031 1.000031 1.000031 1.000031 1.000031 1.000031 1.000031 1.000031 1.000031 1.000031 1.000031 1.000031 1.000031 1.000031 1.000031 1.000031 1.000031 1.000031 1.000031 1.000031 1.000031 1.000031 1.000031 1.000031 1.000031 1.000031 1.000031 1.000031 1.000031 1.000031 1.000031 1.000031 1.000031 1.000031 1.000031 1.000031 1.000031 1.000031 1.000031 1.000031 1.000031 1.000031 1.000031 1.000031 1.000031 1.000031 1.000031 1.000031 1.000031 1.000031 1.000031 1.000031 1.000031 1.000031 1.000031 1.000031 1.000031 1.000031 1.000031 1.000031 1.000031 1.000031 1.000031 1.000031 1.000031 1.000031 1.000031 1.000031 1.000031 1.000031 1.000031 1.000031 1.000031 1.000031 1.000031 1.000031 1.000031 1.000031 1.000031 1.000031 1.000031 1.000031 1.000031 1.000031 1.000031 1.000031 1.000031 1.000031 1.000031 1.000031 1.000031 1.000031 1.000031 1.000031 1.000031 1.000031 1.000031 1.000031 1.000031 1.000031 1.000031 1.000031 1.000031 1.000031 1.000031 1.000031 1.000031 1.000031 1.000031 1.000031 1.000031 1.000031 1.000031 1.000031 1.000031 1.000031 1.000000
1.000000 1.000031 1.000031 1.000031 1.000031 1.000031 1.000031 1.000031 1.000031 1.000031 1.000031 1.000031 1.000031 1.000031 1.000031 1.000031 1.000031 1.000031 1.000031 1.000031 1.000031 1.000031 1.000031 1.000031 1.000031 1.000031 1.000031 1.000031 1.000031 1.000031 1.000031 1.000031 1.000031 1.000031 1.000031 1.000031 1.000031 1.000031 1.000031 1.000031 1.000031 1.000031 1.000031 1.000031 1.000031 1.000031 1.000031 1.000031 1.000031 1.000031 1.000031 1.000031 1.000031 1.000031 1.000031 1.000031 1.000031 1.000031 1.000031 1.000031 1.000031 1.000031 1.000031 1.000031 1.000031 1.000031 1.000031 1.000031 1.000031 1.000031 1.000031 1.000031 1.000031 1.000031 1.000031 1.000031 1.000031 1.000031 1.000031 1.000031 1.000031 1.000031 1.000031 1.000031 1.000031 1.000031 1.000031 1.000031 1.000031 1.000031 1.000031 1.000031 1.000031 1.000031 1.000031 1.000031 1.000031 1.000031 1.000031 1.000031 1.000031 1.000031 1.000031 1.000031 1.000031 1.000031 1.000031 1.000031 1.000031 1.000031 1.000031 1.000031 1.000031 1.000031 1.000031 1.000031 1.000031 1.000031 1.000031 1.000031 1.000031 1.000031 1.000031 1.000031 1.000031 1.000031 1.000031 1.000031 1.000031 1.000031 1.000031 1.000031 1.000031 1.000031 1.000031 1.000031 1.000031 1.000031 1.000031 1.000031 1.000031 1.000031 1.000031 1.000031 1.000031 1.000031 1.000031 1.000031 1.000031 1.000031 1.000031 1.000031 1.000031 1.000031 1.000031 1.000031 1.000031 1.000031 1.000031 1.000031 1.000031 1.000031 1.000031 1.000031 1.000031 1.000031 1.000031 1.000031 1.000031 1.000031 1.000031 1.000031 1.000031 1.000031 1.000031 1.000031 1.000031 1.000031 1.000031 1.000031 1.000031 1.000031 1.000031 1.000031 1.000031 1.000031 1.000031 1.000031 1.000031 1.000031 1.000031 1.000031 1.000031 1.000031 1.000031 1.000031 1.000031 1.000031 1.000031 1.000031 1.000031 1.000000
1.000000 1.000031 1.000031 1.000031 1.000031 1.000031 1.000031 1.000031 1.000031 1.000031 1.000031 1.000031 1.000031 1.000031 1.000031 1.000031 1.000031 1.000031 1.000031 1.000031 1.000031 1.000031 1.000031 1.000031 1.000031 1.000031 1.000031 1.000031 1.000031 1.000031 1.000031 1.000031 1.000031 1.000031 1.000031 1.000031 1.000031 1.000031 1.000031 1.000031 1.000031 1.000031 1.000031 1.000031 1.000031 1.000031 1.000031 1.000031 1.000031 1.000031 1.000031 1.000031 1.000031 1.000031 1.000031 1.000031 1.000031 1.000031 1.000031 1.000031 1.000031 1.000031 1.000031 1.000031 1.000031 1.000031 1.000031 1.000031 1.000031 1.000031 1.000031 1.000031 1.000031 1.000031 1.000031 1.000031 1.000031 1.000031 1.000031 1.000031 1.000031 1.000031 1.000031 1.000031 1.000031 1.000031 1.000031 1.000031 1.000031 1.000031 1.000031 1.000031 1.000031 1.000031 1.000031 1.000031 1.000031 1.000031 1.000031 1.000031 1.000031 1.000031 1.000031 1.000031 1.000031 1.000031 1.000031 1.000031 1.000031 1.000031 1.000031 1.000031 1.000031 1.000031 1.000031 1.000031 1.000031 1.000031 1.000031 1.000031 1.000031 1.000031 1.000031 1.000031 1.000031 1.000031 1.000031 1.000031 1.000031 1.000031 1.000031 1.000031 1.000031 1.000031 1.000031 1.000031 1.000031 1.000031 1.000031 1.000031 1.000031 1.000031 1.000031 1.000031 1.000031 1.000031 1.000031 1.000031 1.000031 1.000031 1.000031 1.000031 1.000031 1.000031 1.000031 1.000031 1.000031 1.000031 1.000031 1.000031 1.000031 1.000031 1.000031 1.000031 1.000031 1.000031 1.000031 1.000031 1.000031 1.000031 1.000031 1.000031 1.000031 1.000031 1.000031 1.000031 1.000031 1.000031 1.000031 1.000031 1.000031 1.000031 1.000031 1.000031 1.000031 1.000031 1.000031 1.000031 1.000031 1.000031 1.000031 1.000031 1.000031 1.000031 1.000031 1.000031 1.000031 1.000031 1.000031 1.000031 1.000031 1.000000
1.000000 1.000031 1.000031 1.000031 1.000031 1.000031 1.000031 1.000031 1.000031 1.000031 1.000031 1.000031 1.000031 1.000031 1.000031 1.000031 1.000031 1.000031 1.000031 1.000031 1.000031 1.000031 1.000031 1.000031 1.000031 1.000031 1.000031 1.000031 1.000031 1.000031 1.000031 1.000031 1.000031 1.000031 1.000031 1.000031 1.000031 1.000031 1.000031 1.000031 1.000031 1.000031 1.000031 1.000031 1.000031 1.000031 1.000031 1.000031 1.000031 1.000031 1.000031 1.000031 1.000031 1.000031 1.000031 1.000031 1.000031 1.000031 1.000031 1.000031 1.000031 1.000031 1.000031 1.000031 1.000031 1.000031 1.000031 1.000031 1.000031 1.000031 1.000031 1.000031 1.000031 1.000031 1.000031 1.000031 1.000031 1.000031 1.000031 1.000031 1.000031 1.000031 1.000031 1.000031 1.000031 1.000031 1.000031 1.000031 1.000031 1.000031 1.000031 1.000031 1.000031 1.000031 1.000031 1.000031 1.000031 1.000031 1.000031 1.000031 1.000031 1.000031 1.000031 1.000031 1.000031 1.000031 1.000031 1.000031 1.000031 1.000031 1.000031 1.000031 1.000031 1.000031 1.000031 1.000031 1.000031 1.000031 1.000031 1.000031 1.000031 1.000031 1.000031 1.000031 1.000031 1.000031 1.000031 1.000031 1.000031 1.000031 1.000031 1.000031 1.000031 1.000031 1.000031 1.000031 1.000031 1.000031 1.000031 1.000031 1.000031 1.000031 1.000031 1.000031 1.000031 1.000031 1.000031 1.000031 1.000031 1.000031 1.000031 1.000031 1.000031 1.000031 1.000031 1.000031 1.000031 1.000031 1.000031 1.000031 1.000031 1.000031 1.000031 1.000031 1.000031 1.000031 1.000031 1.000031 1.000031 1.000031 1.000031 1.000031 1.000031 1.000031 1.000031 1.000031 1.000031 1.000031 1.000031 1.000031 1.000031 1.000031 1.000031 1.000031 1.000031 1.000031 1.000031 1.000031 1.000031 1.000031 1.000031 1.000031 1.000031 1.000031 1.000031 1.000031 1.000031 1.000031 1.000031 1.000031 1.000031 1.000000
1.000000 1.000031 1.000031 1.000031 1.000031 1.000031 1.000031 1.000031 1.000031 1.000031 1.000031 1.000031 1.000031 1.000031 1.000031 1.000031 1.000031 1.000031 1.000031 1.000031 1.000031 1.000031 1.000031 1.000031 1.000031 1.000031 1.000031 1.000031 1.000031 1.000031 1.000031 1.000031 1.000031 1.000031 1.000031 1.000031 1.000031 1.000031 1.000031 1.000031 1.000031 1.000031 1.000031 1.000031 1.000031 1.000031 1.000031 1.000031 1.000031 1.000031 1.000031 1.000031 1.000031 1.000031 1.000031 1.000031 1.000031 1.000031 1.000031 1.000031 1.000031 1.000031 1.000031 1.000031 1.000031 1.000031 1.000031 1.000031 1.000031 1.000031 1.000031 1.000031 1.000031 1.000031 1.000031 1.000031 1.000031 1.000031 1.000031 1.000031 1.000031 1.000031 1.000031 1.000031 1.000031 1.000031 1.000031 1.000031 1.000031 1.000031 1.000031 1.000031 1.000031 1.000031 1.000031 1.000031 1.000031 1.000031 1.000031 1.000031 1.000031 1.000031 1.000031 1.000031 1.000031 1.000031 1.000031 1.000031 1.000031 1.000031 1.000031 1.000031 1.000031 1.000031 1.000031 1.000031 1.000031 1.000031 1.000031 1.000031 1.000031 1.000031 1.000031 1.000031 1.000031 1.000031 1.000031 1.000031 1.000031 1.000031 1.000031 1.000031 1.000031 1.000031 1.000031 1.000031 1.000031 1.000031 1.000031 1.000031 1.000031 1.000031 1.000031 1.000031 1.000031 1.000031 1.000031 1.000031 1.000031 1.000031 1.000031 1.000031 1.000031 1.000031 1.000031 1.000031 1.000031 1.000031 1.000031 1.000031 1.000031 1.000031 1.000031 1.000031 1.000031 1.000031 1.000031 1.000031 1.000031 1.000031 1.000031 1.000031 1.000031 1.000031 1.000031 1.000031 1.000031 1.000031 1.000031 1.000031 1.000031 1.000031 1.000031 1.000031 1.000031 1.000031 1.000031 1.000031 1.000031 1.000031 1.000031 1.000031 1.000031 1.000031 1.000031 1.000031 1.000031 1.000031 1.000031 1.000031 1.000031 1.000000
1.000000 1.000031 1.000031 1.000031 1.000031 1.000031 1.000031 1.000031 1.000031 1.000031 1.000031 1.000031 1.000031 1.000031 1.000031 1.000031 1.000031 1.000031 1.000031 1.000031 1.000031 1.000031 1.000031 1.000031 1.000031 1.000031 1.000031 1.000031 1.000031 1.000031 1.000031 1.000031 1.000031 1.000031 1.000031 1.000031 1.000031 1.000031 1.000031 1.000031 1.000031 1.000031 1.000031 1.000031 1.000031 1.000031 1.000031 1.000031 1.000031 1.000031 1.000031 1.000031 1.000031 1.000031 1.000031 1.000031 1.000031 1.000031 1.000031 1.000031 1.000031 1.000031 1.000031 1.000031 1.000031 1.000031 1.000031 1.000031 1.000031 1.000031 1.000031 1.000031 1.000031 1.000031 1.000031 1.000031 1.000031 1.000031 1.000031 1.000031 1.000031 1.000031 1.000031 1.000031 1.000031 1.000031 1.000031 1.000031 1.000031 1.000031 1.000031 1.000031 1.000031 1.000031 1.000031 1.000031 1.000031 1.000031 1.000031 1.000031 1.000031 1.000031 1.000031 1.000031 1.000031 1.000031 1.000031 1.000031 1.000031 1.000031 1.000031 1.000031 1.000031 1.000031 1.000031 1.000031 1.000031 1.000031 1.000031 1.000031 1.000031 1.000031 1.000031 1.000031 1.000031 1.000031 1.000031 1.000031 1.000031 1.000031 1.000031 1.000031 1.000031 1.000031 1.000031 1.000031 1.000031 1.000031 1.000031 1.000031 1.000031 1.000031 1.000031 1.000031 1.000031 1.000031 1.000031 1.000031 1.000031 1.000031 1.000031 1.000031 1.000031 1.000031 1.000031 1.000031 1.000031 1.000031 1.000031 1.000031 1.000031 1.000031 1.000031 1.000031 1.000031 1.000031 1.000031 1.000031 1.000031 1.000031 1.000031 1.000031 1.000031 1.000031 1.000031 1.000031 1.000031 1.000031 1.000031 1.000031 1.000031 1.000031 1.000031 1.000031 1.000031 1.000031 1.000031 1.000031 1.000031 1.000031 1.000031 1.000031 1.000031 1.000031 1.000031 1.000031 1.000031 1.000031 1.000031 1.000031 1.000031 1.000000
1.000000 1.000031 1.000031 1.000031 1.000031 1.000031 1.000031 1.000031 1.000031 1.000031 1.000031 1.000031 1.000031 1.000031 1.000031 1.000031 1.000031 1.000031 1.000031 1.000031 1.000031 1.000031 1.000031 1.000031 1.000031 1.000031 1.000031 1.000031 1.000031 1.000031 1.000031 1.000031 1.000031 1.000031 1.000031 1.000031 1.000031 1.000031 1.000031 1.000031 1.000031 1.000031 1.000031 1.000031 1.000031 1.000031 1.000031 1.000031 1.000031 1.000031 1.000031 1.000031 1.000031 1.000031 1.000031 1.000031 1.000031 1.000031 1.000031 1.000031 1.000031 1.000031 1.000031 1.000031 1.000031 1.000031 1.000031 1.000031 1.000031 1.000031 1.000031 1.000031 1.000031 1.000031 1.000031 1.000031 1.000031 1.000031 1.000031 1.000031 1.000031 1.000031 1.000031 1.000031 1.000031 1.000031 1.000031 1.000031 1.000031 1.000031 1.000031 1.000031 1.000031 1.000031 1.000031 1.000031 1.000031 1.000031 1.000031 1.000031 1.000031 1.000031 1.000031 1.000031 1.000031 1.000031 1.000031 1.000031 1.000031 1.000031 1.000031 1.000031 1.000031 1.000031 1.000031 1.000031 1.000031 1.000031 1.000031 1.000031 1.000031 1.000031 1.000031 1.000031 1.000031 1.000031 1.000031 1.000031 1.000031 1.000031 1.000031 1.000031 1.000031 1.000031 1.000031 1.000031 1.000031 1.000031 1.000031 1.000031 1.000031 1.000031 1.000031 1.000031 1.000031 1.000031 1.000031 1.000031 1.000031 1.000031 1.000031 1.000031 1.000031 1.000031 1.000031 1.000031 1.000031 1.000031 1.000031 1.000031 1.000031 1.000031 1.000031 1.000031 1.000031 1.000031 1.000031 1.000031 1.000031 1.000031 1.000031 1.000031 1.000031 1.000031 1.000031 1.000031 1.000031 1.000031 1.000031 1.000031 1.000031 1.000031 1.000031 1.000031 1.000031 1.000031 1.000031 1.000031 1.000031 1.000031 1.000031 1.000031 1.000031 1.000031 1.000031 1.000031 1.000031 1.000031 1.000031 1.000031 1.000031 1.000000
1.000000 1.000031 1.000031 1.000031 1.000031 1.000031 1.000031 1.000031 1.000031 1.000031 1.000031 1.000031 1.000031 1.000031 1.000031 1.000031 1.000031 1.000031 1.000031 1.000031 1.000031 1.000031 1.000031 1.000031 1.000031 1.000031 1.000031 1.000031 1.000031 1.000031 1.000031 1.000031 1.000031 1.000031 1.000031 1.000031 1.000031 1.000031 1.000031 1.000031 1.000031 1.000031 1.000031 1.000031 1.000031 1.000031 1.000031 1.000031 1.000031 1.000031 1.000031 1.000031 1.000031 1.000031 1.000031 1.000031 1.000031 1.000031 1.000031 1.000031 1.000031 1.000031 1.000031 1.000031 1.000031 1.000031 1.000031 1.000031 1.000031 1.000031 1.000031 1.000031 1.000031 1.000031 1.000031 1.000031 1.000031 1.000031 1.000031 1.000031 1.000031 1.000031 1.000031 1.000031 1.000031 1.000031 1.000031 1.000031 1.000031 1.000031 1.000031 1.000031 1.000031 1.000031 1.000031 1.000031 1.000031 1.000031 1.000031 1.000031 1.000031 1.000031 1.000031 1.000031 1.000031 1.000031 1.000031 1.000031 1.000031 1.000031 1.000031 1.000031 1.000031 1.000031 1.000031 1.000031 1.000031 1.000031 1.000031 1.000031 1.000031 1.000031 1.000031 1.000031 1.000031 1.000031 1.000031 1.000031 1.000031 1.000031 1.000031 1.000031 1.000031 1.000031 1.000031 1.000031 1.000031 1.000031 1.000031 1.000031 1.000031 1.000031 1.000031 1.000031 1.000031 1.000031 1.000031 1.000031 1.000031 1.000031 1.000031 1.000031 1.000031 1.000031 1.000031 1.000031 1.000031 1.000031 1.000031 1.000031 1.000031 1.000031 1.000031 1.000031 1.000031 1.000031 1.000031 1.000031 1.000031 1.000031 1.000031 1.000031 1.000031 1.000031 1.000031 1.000031 1.000031 1.000031 1.000031 1.000031 1.000031 1.000031 1.000031 1.000031 1.000031 1.000031 1.000031 1.000031 1.000031 1.000031 1.000031 1.000031 1.000031 1.000031 1.000031 1.000031 1.000031 1.000031 1.000031 1.000031 1.000031 1.000000
1.000000 1.000031 1.000031 1.000031 1.000031 1.000031 1.000031 1.000031 1.000031 1.000031 1.000031 1.000031 1.000031 1.000031 1.000031 1.000031 1.000031 1.000031 1.000031 1.000031 1.000031 1.000031 1.000031 1.000031 1.000031 1.000031 1.000031 1.000031 1.000031 1.000031 1.000031 1.000031 1.000031 1.000031 1.000031 1.000031 1.000031 1.000031 1.000031 1.000031 1.000031 1.000031 1.000031 1.000031 1.000031 1.000031 1.000031 1.000031 1.000031 1.000031 1.000031 1.000031 1.000031 1.000031 1.000031 1.000031 1.000031 1.000031 1.000031 1.000031 1.000031 1.000031 1.000031 1.000031 1.000031 1.000031 1.000031 1.000031 1.000031 1.000031 1.000031 1.000031 1.000031 1.000031 1.000031 1.000031 1.000031 1.000031 1.000031 1.000031 1.000031 1.000031 1.000031 1.000031 1.000031 1.000031 1.000031 1.000031 1.000031 1.000031 1.000031 1.000031 1.000031 1.000031 1.000031 1.000031 1.000031 1.000031 1.000031 1.000031 1.000031 1.000031 1.000031 1.000031 1.000031 1.000031 1.000031 1.000031 1.000031 1.000031 1.000031 1.000031 1.000031 1.000031 1.000031 1.000031 1.000031 1.000031 1.000031 1.000031 1.000031 1.000031 1.000031 1.000031 1.000031 1.000031 1.000031 1.000031 1.000031 1.000031 1.000031 1.000031 1.000031 1.000031 1.000031 1.000031 1.000031 1.000031 1.000031 1.000031 1.000031 1.000031 1.000031 1.000031 1.000031 1.000031 1.000031 1.000031 1.000031 1.000031 1.000031 1.000031 1.000031 1.000031 1.000031 1.000031 1.000031 1.000031 1.000031 1.000031 1.000031 1.000031 1.000031 1.000031 1.000031 1.000031 1.000031 1.000031 1.000031 1.000031 1.000031 1.000031 1.000031 1.000031 1.000031 1.000031 1.000031 1.000031 1.000031 1.000031 1.000031 1.000031 1.000031 1.000031 1.000031 1.000031 1.000031 1.000031 1.000031 1.000031 1.000031 1.000031 1.000031 1.000031 1.000031 1.000031 1.000031 1.000031 1.000031 1.000031 1.000031 1.000000
1.000000 1.000031 1.000031 1.000031 1.000031 1.000031 1.000031 1.000031 1.000031 1.000031 1.000031 1.000031 1.000031 1.000031 1.000031 1.000031 1.000031 1.000031 1.000031 1.000031 1.000031 1.000031 1.000031 1.000031 1.000031 1.000031 1.000031 1.000031 1.000031 1.000031 1.000031 1.000031 1.000031 1.000031 1.000031 1.000031 1.000031 1.000031 1.000031 1.000031 1.000031 1.000031 1.000031 1.000031 1.000031 1.000031 1.000031 1.000031 1.000031 1.000031 1.000031 1.000031 1.000031 1.000031 1.000031 1.000031 1.000031 1.000031 1.000031 1.000031 1.000031 1.000031 1.000031 1.000031 1.000031 1.000031 1.000031 1.000031 1.000031 1.000031 1.000031 1.000031 1.000031 1.000031 1.000031 1.000031 1.000031 1.000031 1.000031 1.000031 1.000031 1.000031 1.000031 1.000031 1.000031 1.000031 1.000031 1.000031 1.000031 1.000031 1.000031 1.000031 1.000031 1.000031 1.000031 1.000031 1.000031 1.000031 1.000031 1.000031 1.000031 1.000031 1.000031 1.000031 1.000031 1.000031 1.000031 1.000031 1.000031 1.000031 1.000031 1.000031 1.000031 1.000031 1.000031 1.000031 1.000031 1.000031 1.000031 1.000031 1.000031 1.000031 1.000031 1.000031 1.000031 1.000031 1.000031 1.000031 1.000031 1.000031 1.000031 1.000031 1.000031 1.000031 1.000031 1.000031 1.000031 1.000031 1.000031 1.000031 1.000031 1.000031 1.000031 1.000031 1.000031 1.000031 1.000031 1.000031 1.000031 1.000031 1.000031 1.000031 1.000031 1.000031 1.000031 1.000031 1.000031 1.000031 1.000031 1.000031 1.000031 1.000031 1.000031 1.000031 1.000031 1.000031 1.000031 1.000031 1.000031 1.000031 1.000031 1.000031 1.000031 1.000031 1.000031 1.000031 1.000031 1.000031 1.000031 1.000031 1.000031 1.000031 1.000031 1.000031 1.000031 1.000031 1.000031 1.000031 1.000031 1.000031 1.000031 1.000031 1.000031 1.000031 1.000031 1.000031 1.000031 1.000031 1.000031 1.000031 1.000031 1.000000
1.000000 1.000031 1.000031 1.000031 1.000031 1.000031 1.000031 1.000031 1.000031 1.000031 1.000031 1.000031 1.000031 1.000031 1.000031 1.000031 1.000031 1.000031 1.000031 1.000031 1.000031 1.000031 1.000031 1.000031 1.000031 1.000031 1.000031 1.000031 1.000031 1.000031 1.000031 1.000031 1.000031 1.000031 1.000031 1.000031 1.000031 1.000031 1.000031 1.000031 1.000031 1.000031 1.000031 1.000031 1.000031 1.000031 1.000031 1.000031 1.000031 1.000031 1.000031 1.000031 1.000031 1.000031 1.000031 1.000031 1.000031 1.000031 1.000031 1.000031 1.000031 1.000031 1.000031 1.000031 1.000031 1.000031 1.000031 1.000031 1.000031 1.000031 1.000031 1.000031 1.000031 1.000031 1.000031 1.000031 1.000031 1.000031 1.000031 1.000031 1.000031 1.000031 1.000031 1.000031 1.000031 1.000031 1.000031 1.000031 1.000031 1.000031 1.000031 1.000031 1.000031 1.000031 1.000031 1.000031 1.000031 1.000031 1.000031 1.000031 1.000031 1.000031 1.000031 1.000031 1.000031 1.000031 1.000031 1.000031 1.000031 1.000031 1.000031 1.000031 1.000031 1.000031 1.000031 1.000031 1.000031 1.000031 1.000031 1.000031 1.000031 1.000031 1.000031 1.000031 1.000031 1.000031 1.000031 1.000031 1.000031 1.000031 1.000031 1.000031 1.000031 1.000031 1.000031 1.000031 1.000031 1.000031 1.000031 1.000031 1.000031 1.000031 1.000031 1.000031 1.000031 1.000031 1.000031 1.000031 1.000031 1.000031 1.000031 1.000031 1.000031 1.000031 1.000031 1.000031 1.000031 1.000031 1.000031 1.000031 1.000031 1.000031 1.000031 1.000031 1.000031 1.000031 1.000031 1.000031 1.000031 1.000031 1.000031 1.000031 1.000031 1.000031 1.000031 1.000031 1.000031 1.000031 1.000031 1.000031 1.000031 1.000031 1.000031 1.000031 1.000031 1.000031 1.000031 1.000031 1.000031 1.000031 1.000031 1.000031 1.000031 1.000031 1.000031 1.000031 1.000031 1.000031 1.000031 1.000031 1.000031 1.000000
1.000000 1.000031 1.000031 1.000031 1.000031 1.000031 1.000031 1.000031 1.000031 1.000031 1.000031 1.000031 1.000031 1.000031 1.000031 1.000031 1.000031 1.000031 1.000031 1.000031 1.000031 1.000031 1.000031 1.000031 1.000031 1.000031 1.000031 1.000031 1.000031 1.000031 1.000031 1.000031 1.000031 1.000031 1.000031 1.000031 1.000031 1.000031 1.000031 1.000031 1.000031 1.000031 1.000031 1.000031 1.000031 1.000031 1.000031 1.000031 1.000031 1.000031 1.000031 1.000031 1.000031 1.000031 1.000031 1.000031 1.000031 1.000031 1.000031 1.000031 1.000031 1.000031 1.000031 1.000031 1.000031 1.000031 1.000031 1.000031 1.000031 1.000031 1.000031 1.000031 1.000031 1.000031 1.000031 1.000031 1.000031 1.000031 1.000031 1.000031 1.000031 1.000031 1.000031 1.000031 1.000031 1.000031 1.000031 1.000031 1.000031 1.000031 1.000031 1.000031 1.000031 1.000031 1.000031 1.000031 1.000031 1.000031 1.000031 1.000031 1.000031 1.000031 1.000031 1.000031 1.000031 1.000031 1.000031 1.000031 1.000031 1.000031 1.000031 1.000031 1.000031 1.000031 1.000031 1.000031 1.000031 1.000031 1.000031 1.000031 1.000031 1.000031 1.000031 1.000031 1.000031 1.000031 1.000031 1.000031 1.000031 1.000031 1.000031 1.000031 1.000031 1.000031 1.000031 1.000031 1.000031 1.000031 1.000031 1.000031 1.000031 1.000031 1.000031 1.000031 1.000031 1.000031 1.000031 1.000031 1.000031 1.000031 1.000031 1.000031 1.000031 1.000031 1.000031 1.000031 1.000031 1.000031 1.000031 1.000031 1.000031 1.000031 1.000031 1.000031 1.000031 1.000031 1.000031 1.000031 1.000031 1.000031 1.000031 1.000031 1.000031 1.000031 1.000031 1.000031 1.000031 1.000031 1.000031 1.000031 1.000031 1.000031 1.000031 1.000031 1.000031 1.000031 1.000031 1.000031 1.000031 1.000031 1.000031 1.000031 1.000031 1.000031 1.000031 1.000031 1.000031 1.000031 1.000031 1.000031 1.000031 1.000000
1.000000 1.000031 1.000031 1.000031 1.000031 1.000031 1.000031 1.000031 1.000031 1.000031 1.000031 1.000031 1.000031 1.000031 1.000031 1.000031 1.000031 1.000031 1.000031 1.000031 1.000031 1.000031 1.000031 1.000031 1.000031 1.000031 1.000031 1.000031 1.000031 1.000031 1.000031 1.000031 1.000031 1.000031 1.000031 1.000031 1.000031 1.000031 1.000031 1.000031 1.000031 1.000031 1.000031 1.000031 1.000031 1.000031 1.000031 1.000031 1.000031 1.000031 1.000031 1.000031 1.000031 1.000031 1.000031 1.000031 1.000031 1.000031 1.000031 1.000031 1.000031 1.000031 1.000031 1.000031 1.000031 1.000031 1.000031 1.000031 1.000031 1.000031 1.000031 1.000031 1.000031 1.000031 1.000031 1.000031 1.000031 1.000031 1.000031 1.000031 1.000031 1.000031 1.000031 1.000031 1.000031 1.000031 1.000031 1.000031 1.000031 1.000031 1.000031 1.000031 1.000031 1.000031 1.000031 1.000031 1.000031 1.000031 1.000031 1.000031 1.000031 1.000031 1.000031 1.000031 1.000031 1.000031 1.000031 1.000031 1.000031 1.000031 1.000031 1.000031 1.000031 1.000031 1.000031 1.000031 1.000031 1.000031 1.000031 1.000031 1.000031 1.000031 1.000031 1.000031 1.000031 1.000031 1.000031 1.000031 1.000031 1.000031 1.000031 1.000031 1.000031 1.000031 1.000031 1.000031 1.000031 1.000031 1.000031 1.000031 1.000031 1.000031 1.000031 1.000031 1.000031 1.000031 1.000031 1.000031 1.000031 1.000031 1.000031 1.000031 1.000031 1.000031 1.000031 1.000031 1.000031 1.000031 1.000031 1.000031 1.000031 1.000031 1.000031 1.000031 1.000031 1.000031 1.000031 1.000031 1.000031 1.000031 1.000031 1.000031 1.000031 1.000031 1.000031 1.000031 1.000031 1.000031 1.000031 1.000031 1.000031 1.000031 1.000031 1.000031 1.000031 1.000031 1.000031 1.000031 1.000031 1.000031 1.000031 1.000031 1.000031 1.000031 1.000031 1.000031 1.000031 1.000031 1.000031 1.000031 1.000031 1.000000
1.000000 1.000031 1.000031 1.000031 1.000031 1.000031 1.000031 1.000031 1.000031 1.000031 1.000031 1.000031 1.000031 1.000031 1.000031 1.000031 1.000031 1.000031 1.000031 1.000031 1.000031 1.000031 1.000031 1.000031 1.000031 1.000031 1.000031 1.000031 1.000031 1.000031 1.000031 1.000031 1.000031 1.000031 1.000031 1.000031 1.000031 1.000031 1.000031 1.000031 1.000031 1.000031 1.000031 1.000031 1.000031 1.000031 1.000031 1.000031 1.000031 1.000031 1.000031 1.000031 1.000031 1.000031 1.000031 1.000031 1.000031 1.000031 1.000031 1.000031 1.000031 1.000031 1.000031 1.000031 1.000031 1.000031 1.000031 1.000031 1.000031 1.000031 1.000031 1.000031 1.000031 1.000031 1.000031 1.000031 1.000031 1.000031 1.000031 1.000031 1.000031 1.000031 1.000031 1.000031 1.000031 1.000031 1.000031 1.000031 1.000031 1.000031 1.000031 1.000031 1.000031 1.000031 1.000031 1.000031 1.000031 1.000031 1.000031 1.000031 1.000031 1.000031 1.000031 1.000031 1.000031 1.000031 1.000031 1.000031 1.000031 1.000031 1.000031 1.000031 1.000031 1.000031 1.000031 1.000031 1.000031 1.000031 1.000031 1.000031 1.000031 1.000031 1.000031 1.000031 1.000031 1.000031 1.000031 1.000031 1.000031 1.000031 1.000031 1.000031 1.000031 1.000031 1.000031 1.000031 1.000031 1.000031 1.000031 1.000031 1.000031 1.000031 1.000031 1.000031 1.000031 1.000031 1.000031 1.000031 1.000031 1.000031 1.000031 1.000031 1.000031 1.000031 1.000031 1.000031 1.000031 1.000031 1.000031 1.000031 1.000031 1.000031 1.000031 1.000031 1.000031 1.000031 1.000031 1.000031 1.000031 1.000031 1.000031 1.000031 1.000031 1.000031 1.000031 1.000031 1.000031 1.000031 1.000031 1.000031 1.000031 1.000031 1.000031 1.000031 1.000031 1.000031 1.000031 1.000031 1.000031 1.000031 1.000031 1.000031 1.000031 1.000031 1.000031 1.000031 1.000031 1.000031 1.000031 1.000031 1.000031 1.000000
1.000000 1.000031 1.000031 1.000031 1.000031 1.000031 1.000031 1.000031 1.000031 1.000031 1.000031 1.000031 1.000031 1.000031 1.000031 1.000031 1.000031 1.000031 1.000031 1.000031 1.000031 1.000031 1.000031 1.000031 1.000031 1.000031 1.000031 1.000031 1.000031 1.000031 1.000031 1.000031 1.000031 1.000031 1.000031 1.000031 1.000031 1.000031 1.000031 1.000031 1.000031 1.000031 1.000031 1.000031 1.000031 1.000031 1.000031 1.000031 1.000031 1.000031 1.000031 1.000031 1.000031 1.000031 1.000031 1.000031 1.000031 1.000031 1.000031 1.000031 1.000031 1.000031 1.000031 1.000031 1.000031 1.000031 1.000031 1.000031 1.000031 1.000031 1.000031 1.000031 1.000031 1.000031 1.000031 1.000031 1.000031 1.000031 1.000031 1.000031 1.000031 1.000031 1.000031 1.000031 1.000031 1.000031 1.000031 1.000031 1.000031 1.000031 1.000031 1.000031 1.000031 1.000031 1.000031 1.000031 1.000031 1.000031 1.000031 1.000031 1.000031 1.000031 1.000031 1.000031 1.000031 1.000031 1.000031 1.000031 1.000031 1.000031 1.000031 1.000031 1.000031 1.000031 1.000031 1.000031 1.000031 1.000031 1.000031 1.000031 1.000031 1.000031 1.000031 1.000031 1.000031 1.000031 1.000031 1.000031 1.000031 1.000031 1.000031 1.000031 1.000031 1.000031 1.000031 1.000031 1.000031 1.000031 1.000031 1.000031 1.000031 1.000031 1.000031 1.000031 1.000031 1.000031 1.000031 1.000031 1.000031 1.000031 1.000031 1.000031 1.000031 1.000031 1.000031 1.000031 1.000031 1.000031 1.000031 1.000031 1.000031 1.000031 1.000031 1.000031 1.000031 1.000031 1.000031 1.000031 1.000031 1.000031 1.000031 1.000031 1.000031 1.000031 1.000031 1.000031 1.000031 1.000031 1.000031 1.000031 1.000031 1.000031 1.000031 1.000031 1.000031 1.000031 1.000031 1.000031 1.000031 1.000031 1.000031 1.000031 1.000031 1.000031 1.000031 1.000031 1.000031 1.000031 1.000031 1.000031 1.000031 1.000000
1.000000 1.000031 1.000031 1.000031 1.000031 1.000031 1.000031 1.000031 1.000031 1.000031 1.000031 1.000031 1.000031 1.000031 1.000031 1.000031 1.000031 1.000031 1.000031 1.000031 1.000031 1.000031 1.000031 1.000031 1.000031 1.000031 1.000031 1.000031 1.000031 1.000031 1.000031 1.000031 1.000031 1.000031 1.000031 1.000031 1.000031 1.000031 1.000031 1.000031 1.000031 1.000031 1.000031 1.000031 1.000031 1.000031 1.000031 1.000031 1.000031 1.000031 1.000031 1.000031 1.000031 1.000031 1.000031 1.000031 1.000031 1.000031 1.000031 1.000031 1.000031 1.000031 1.000031 1.000031 1.000031 1.000031 1.000031 1.000031 1.000031 1.000031 1.000031 1.000031 1.000031 1.000031 1.000031 1.000031 1.000031 1.000031 1.000031 1.000031 1.000031 1.000031 1.000031 1.000031 1.000031 1.000031 1.000031 1.000031 1.000031 1.000031 1.000031 1.000031 1.000031 1.000031 1.000031 1.000031 1.000031 1.000031 1.000031 1.000031 1.000031 1.000031 1.000031 1.000031 1.000031 1.000031 1.000031 1.000031 1.000031 1.000031 1.000031 1.000031 1.000031 1.000031 1.000031 1.000031 1.000031 1.000031 1.000031 1.000031 1.000031 1.000031 1.000031 1.000031 1.000031 1.000031 1.000031 1.000031 1.000031 1.000031 1.000031 1.000031 1.000031 1.000031 1.000031 1.000031 1.000031 1.000031 1.000031 1.000031 1.000031 1.000031 1.000031 1.000031 1.000031 1.000031 1.000031 1.000031 1.000031 1.000031 1.000031 1.000031 1.000031 1.000031 1.000031 1.000031 1.000031 1.000031 1.000031 1.000031 1.000031 1.000031 1.000031 1.000031 1.000031 1.000031 1.000031 1.000031 1.000031 1.000031 1.000031 1.000031 1.000031 1.000031 1.000031 1.000031 1.000031 1.000031 1.000031 1.000031 1.000031 1.000031 1.000031 1.000031 1.000031 1.000031 1.000031 1.000031 1.000031 1.000031 1.000031 1.000031 1.000031 1.000031 1.000031 1.000031 1.000031 1.000031 1.000031 1.000031 1.000031 1.000000
1.000000 1.000031 1.000031 1.000031 1.000031 1.000031 1.000031 1.000031 1.000031 1.000031 1.000031 1.000031 1.000031 1.000031 1.000031 1.000031 1.000031 1.000031 1.000031 1.000031 1.000031 1.000031 1.000031 1.000031 1.000031 1.000031 1.000031 1.000031 1.000031 1.000031 1.000031 1.000031 1.000031 1.000031 1.000031 1.000031 1.000031 1.000031 1.000031 1.000031 1.000031 1.000031 1.000031 1.000031 1.000031 1.000031 1.000031 1.000031 1.000031 1.000031 1.000031 1.000031 1.000031 1.000031 1.000031 1.000031 1.000031 1.000031 1.000031 1.000031 1.000031 1.000031 1.000031 1.000031 1.000031 1.000031 1.000031 1.000031 1.000031 1.000031 1.000031 1.000031 1.000031 1.000031 1.000031 1.000031 1.000031 1.000031 1.000031 1.000031 1.000031 1.000031 1.000031 1.000031 1.000031 1.000031 1.000031 1.000031 1.000031 1.000031 1.000031 1.000031 1.000031 1.000031 1.000031 1.000031 1.000031 1.000031 1.000031 1.000031 1.000031 1.000031 1.000031 1.000031 1.000031 1.000031 1.000031 1.000031 1.000031 1.000031 1.000031 1.000031 1.000031 1.000031 1.000031 1.000031 1.000031 1.000031 1.000031 1.000031 1.000031 1.000031 1.000031 1.000031 1.000031 1.000031 1.000031 1.000031 1.000031 1.000031 1.000031 1.000031 1.000031 1.000031 1.000031 1.000031 1.000031 1.000031 1.000031 1.000031 1.000031 1.000031 1.000031 1.000031 1.000031 1.000031 1.000031 1.000031 1.000031 1.000031 1.000031 1.000031 1.000031 1.000031 1.000031 1.000031 1.000031 1.000031 1.000031 1.000031 1.000031 1.000031 1.000031 1.000031 1.000031 1.000031 1.000031 1.000031 1.000031 1.000031 1.000031 1.000031 1.000031 1.000031 1.000031 1.000031 1.000031 1.000031 1.000031 1.000031 1.000031 1.000031 1.000031 1.000031 1.000031 1.000031 1.000031 1.000031 1.000031 1.000031 1.000031 1.000031 1.000031 1.000031 1.000031 1.000031 1.000031 1.000031 1.000031 1.000031 1.000031 1.000000
1.000000 1.000031 1.000031 1.000031 1.000031 1.000031 1.000031 1.000031 1.000031 1.000031 1.000031 1.000031 1.000031 1.000031 1.000031 1.000031 1.000031 1.000031 1.000031 1.000031 1.000031 1.000031 1.000031 1.000031 1.000031 1.000031 1.000031 1.000031 1.000031 1.000031 1.000031 1.000031 1.000031 1.000031 1.000031 1.000031 1.000031 1.000031 1.000031 1.000031 1.000031 1.000031 1.000031 1.000031 1.000031 1.000031 1.000031 1.000031 1.000031 1.000031 1.000031 1.000031 1.000031 1.000031 1.000031 1.000031 1.000031 1.000031 1.000031 1.000031 1.000031 1.000031 1.000031 1.000031 1.000031 1.000031 1.000031 1.000031 1.000031 1.000031 1.000031 1.000031 1.000031 1.000031 1.000031 1.000031 1.000031 1.000031 1.000031 1.000031 1.000031 1.000031 1.000031 1.000031 1.000031 1.000031 1.000031 1.000031 1.000031 1.000031 1.000031 1.000031 1.000031 1.000031 1.000031 1.000031 1.000031 1.000031 1.000031 1.000031 1.000031 1.000031 1.000031 1.000031 1.000031 1.000031 1.000031 1.000031 1.000031 1.000031 1.000031 1.000031 1.000031 1.000031 1.000031 1.000031 1.000031 1.000031 1.000031 1.000031 1.000031 1.000031 1.000031 1.000031 1.000031 1.000031 1.000031 1.000031 1.000031 1.000031 1.000031 1.000031 1.000031 1.000031 1.000031 1.000031 1.000031 1.000031 1.000031 1.000031 1.000031 1.000031 1.000031 1.000031 1.000031 1.000031 1.000031 1.000031 1.000031 1.000031 1.000031 1.000031 1.000031 1.000031 1.000031 1.000031 1.000031 1.000031 1.000031 1.000031 1.000031 1.000031 1.000031 1.000031 1.000031 1.000031 1.000031 1.000031 1.000031 1.000031 1.000031 1.000031 1.000031 1.000031 1.000031 1.000031 1.000031 1.000031 1.000031 1.000031 1.000031 1.000031 1.000031 1.000031 1.000031 1.000031 1.000031 1.000031 1.000031 1.000031 1.000031 1.000031 1.000031 1.000031 1.000031 1.000031 1.000031 1.000031 1.000031 1.000031 1.000031 1.000000
1.000000 1.000031 1.000031 1.000031 1.000031 1.000031 1.000031 1.000031 1.000031 1.000031 1.000031 1.000031 1.000031 1.000031 1.000031 1.000031 1.000031 1.000031 1.000031 1.000031 1.000031 1.000031 1.000031 1.000031 1.000031 1.000031 1.000031 1.000031 1.000031 1.000031 1.000031 1.000031 1.000031 1.000031 1.000031 1.000031 1.000031 1.000031 1.000031 1.000031 1.000031 1.000031 1.000031 1.000031 1.000031 1.000031 1.000031 1.000031 1.000031 1.000031 1.000031 1.000031 1.000031 1.000031 1.000031 1.000031 1.000031 1.000031 1.000031 1.000031 1.000031 1.000031 1.000031 1.000031 1.000031 1.000031 1.000031 1.000031 1.000031 1.000031 1.000031 1.000031 1.000031 1.000031 1.000031 1.000031 1.000031 1.000031 1.000031 1.000031 1.000031 1.000031 1.000031 1.000031 1.000031 1.000031 1.000031 1.000031 1.000031 1.000031 1.000031 1.000031 1.000031 1.000031 1.000031 1.000031 1.000031 1.000031 1.000031 1.000031 1.000031 1.000031 1.000031 1.000031 1.000031 1.000031 1.000031 1.000031 1.000031 1.000031 1.000031 1.000031 1.000031 1.000031 1.000031 1.000031 1.000031 1.000031 1.000031 1.000031 1.000031 1.000031 1.000031 1.000031 1.000031 1.000031 1.000031 1.000031 1.000031 1.000031 1.000031 1.000031 1.000031 1.000031 1.000031 1.000031 1.000031 1.000031 1.000031 1.000031 1.000031 1.000031 1.000031 1.000031 1.000031 1.000031 1.000031 1.000031 1.000031 1.000031 1.000031 1.000031 1.000031 1.000031 1.000031 1.000031 1.000031 1.000031 1.000031 1.000031 1.000031 1.000031 1.000031 1.000031 1.000031 1.000031 1.000031 1.000031 1.000031 1.000031 1.000031 1.000031 1.000031 1.000031 1.000031 1.000031 1.000031 1.000031 1.000031 1.000031 1.000031 1.000031 1.000031 1.000031 1.000031 1.000031 1.000031 1.000031 1.000031 1.000031 1.000031 1.000031 1.000031 1.000031 1.000031 1.000031 1.000031 1.000031 1.000031 1.000031 1.000031 1.000000
1.000000 1.000031 1.000031 1.000031 1.000031 1.000031 1.000031 1.000031 1.000031 1.000031 1.000031 1.000031 1.000031 1.000031 1.000031 1.000031 1.000031 1.000031 1.000031 1.000031 1.000031 1.000031 1.000031 1.000031 1.000031 1.000031 1.000031 1.000031 1.000031 1.000031 1.000031 1.000031 1.000031 1.000031 1.000031 1.000031 1.000031 1.000031 1.000031 1.000031 1.000031 1.000031 1.000031 1.000031 1.000031 1.000031 1.000031 1.000031 1.000031 1.000031 1.000031 1.000031 1.000031 1.000031 1.000031 1.000031 1.000031 1.000031 1.000031 1.000031 1.000031 1.000031 1.000031 1.000031 1.000031 1.000031 1.000031 1.000031 1.000031 1.000031 1.000031 1.000031 1.000031 1.000031 1.000031 1.000031 1.000031 1.000031 1.000031 1.000031 1.000031 1.000031 1.000031 1.000031 1.000031 1.000031 1.000031 1.000031 1.000031 1.000031 1.000031 1.000031 1.000031 1.000031 1.000031 1.000031 1.000031 1.000031 1.000031 1.000031 1.000031 1.000031 1.000031 1.000031 1.000031 1.000031 1.000031 1.000031 1.000031 1.000031 1.000031 1.000031 1.000031 1.000031 1.000031 1.000031 1.000031 1.000031 1.000031 1.000031 1.000031 1.000031 1.000031 1.000031 1.000031 1.000031 1.000031 1.000031 1.000031 1.000031 1.000031 1.000031 1.000031 1.000031 1.000031 1.000031 1.000031 1.000031 1.000031 1.000031 1.000031 1.000031 1.000031 1.000031 1.000031 1.000031 1.000031 1.000031 1.000031 1.000031 1.000031 1.000031 1.000031 1.000031 1.000031 1.000031 1.000031 1.000031 1.000031 1.000031 1.000031 1.000031 1.000031 1.000031 1.000031 1.000031 1.000031 1.000031 1.000031 1.000031 1.000031 1.000031 1.000031 1.000031 1.000031 1.000031 1.000031 1.000031 1.000031 1.000031 1.000031 1.000031 1.000031 1.000031 1.000031 1.000031 1.000031 1.000031 1.000031 1.000031 1.000031 1.000031 1.000031 1.000031 1.000031 1.000031 1.000031 1.000031 1.000031 1.000031 1.000031 1.000000
1.000000 1.000031 1.000031 1.000031 1.000031 1.000031 1.000031 1.000031 1.000031 1.000031 1.000031 1.000031 1.000031 1.000031 1.000031 1.000031 1.000031 1.000031 1.000031 1.000031 1.000031 1.000031 1.000031 1.000031 1.000031 1.000031 1.000031 1.000031 1.000031 1.000031 1.000031 1.000031 1.000031 1.000031 1.000031 1.000031 1.000031 1.000031 1.000031 1.000031 1.000031 1.000031 1.000031 1.000031 1.000031 1.000031 1.000031 1.000031 1.000031 1.000031 1.000031 1.000031 1.000031 1.000031 1.000031 1.000031 1.000031 1.000031 1.000031 1.000031 1.000031 1.000031 1.000031 1.000031 1.000031 1.000031 1.000031 1.000031 1.000031 1.000031 1.000031 1.000031 1.000031 1.000031 1.000031 1.000031 1.000031 1.000031 1.000031 1.000031 1.000031 1.000031 1.000031 1.000031 1.000031 1.000031 1.000031 1.000031 1.000031 1.000031 1.000031 1.000031 1.000031 1.000031 1.000031 1.000031 1.000031 1.000031 1.000031 1.000031 1.000031 1.000031 1.000031 1.000031 1.000031 1.000031 1.000031 1.000031 1.000031 1.000031 1.000031 1.000031 1.000031 1.000031 1.000031 1.000031 1.000031 1.000031 1.000031 1.000031 1.000031 1.000031 1.000031 1.000031 1.000031 1.000031 1.000031 1.000031 1.000031 1.000031 1.000031 1.000031 1.000031 1.000031 1.000031 1.000031 1.000031 1.000031 1.000031 1.000031 1.000031 1.000031 1.000031 1.000031 1.000031 1.000031 1.000031 1.000031 1.000031 1.000031 1.000031 1.000031 1.000031 1.000031 1.000031 1.000031 1.000031 1.000031 1.000031 1.000031 1.000031 1.000031 1.000031 1.000031 1.000031 1.000031 1.000031 1.000031 1.000031 1.000031 1.000031 1.000031 1.000031 1.000031 1.000031 1.000031 1.000031 1.000031 1.000031 1.000031 1.000031 1.000031 1.000031 1.000031 1.000031 1.000031 1.000031 1.000031 1.000031 1.000031 1.000031 1.000031 1.000031 1.000031 1.000031 1.000031 1.000031 1.000031 1.000031 1.000031 1.000031 1.000000
1.000000 1.000031 1.000031 1.000031 1.000031 1.000031 1.000031 1.000031 1.000031 1.000031 1.000031 1.000031 1.000031 1.000031 1.000031 1.000031 1.000031 1.000031 1.000031 1.000031 1.000031 1.000031 1.000031 1.000031 1.000031 1.000031 1.000031 1.000031 1.000031 1.000031 1.000031 1.000031 1.000031 1.000031 1.000031 1.000031 1.000031 1.000031 1.000031 1.000031 1.000031 1.000031 1.000031 1.000031 1.000031 1.000031 1.000031 1.000031 1.000031 1.000031 1.000031 1.000031 1.000031 1.000031 1.000031 1.000031 1.000031 1.000031 1.000031 1.000031 1.000031 1.000031 1.000031 1.000031 1.000031 1.000031 1.000031 1.000031 1.000031 1.000031 1.000031 1.000031 1.000031 1.000031 1.000031 1.000031 1.000031 1.000031 1.000031 1.000031 1.000031 1.000031 1.000031 1.000031 1.000031 1.000031 1.000031 1.000031 1.000031 1.000031 1.000031 1.000031 1.000031 1.000031 1.000031 1.000031 1.000031 1.000031 1.000031 1.000031 1.000031 1.000031 1.000031 1.000031 1.000031 1.000031 1.000031 1.000031 1.000031 1.000031 1.000031 1.000031 1.000031 1.000031 1.000031 1.000031 1.000031 1.000031 1.000031 1.000031 1.000031 1.000031 1.000031 1.000031 1.000031 1.000031 1.000031 1.000031 1.000031 1.000031 1.000031 1.000031 1.000031 1.000031 1.000031 1.000031 1.000031 1.000031 1.000031 1.000031 1.000031 1.000031 1.000031 1.000031 1.000031 1.000031 1.000031 1.000031 1.000031 1.000031 1.000031 1.000031 1.000031 1.000031 1.000031 1.000031 1.000031 1.000031 1.000031 1.000031 1.000031 1.000031 1.000031 1.000031 1.000031 1.000031 1.000031 1.000031 1.000031 1.000031 1.000031 1.000031 1.000031 1.000031 1.000031 1.000031 1.000031 1.000031 1.000031 1.000031 1.000031 1.000031 1.000031 1.000031 1.000031 1.000031 1.000031 1.000031 1.000031 1.000031 1.000031 1.000031 1.000031 1.000031 1.000031 1.000031 1.000031 1.000031 1.000031 1.000031 1.000031 1.000000
1.000000 1.000031 1.000031 1.000031 1.000031 1.000031 1.000031 1.000031 1.000031 1.000031 1.000031 1.000031 1.000031 1.000031 1.000031 1.000031 1.000031 1.000031 1.000031 1.000031 1.000031 1.000031 1.000031 1.000031 1.000031 1.000031 1.000031 1.000031 1.000031 1.000031 1.000031 1.000031 1.000031 1.000031 1.000031 1.000031 1.000031 1.000031 1.000031 1.000031 1.000031 1.000031 1.000031 1.000031 1.000031 1.000031 1.000031 1.000031 1.000031 1.000031 1.000031 1.000031 1.000031 1.000031 1.000031 1.000031 1.000031 1.000031 1.000031 1.000031 1.000031 1.000031 1.000031 1.000031 1.000031 1.000031 1.000031 1.000031 1.000031 1.000031 1.000031 1.000031 1.000031 1.000031 1.000031 1.000031 1.000031 1.000031 1.000031 1.000031 1.000031 1.000031 1.000031 1.000031 1.000031 1.000031 1.000031 1.000031 1.000031 1.000031 1.000031 1.000031 1.000031 1.000031 1.000031 1.000031 1.000031 1.000031 1.000031 1.000031 1.000031 1.000031 1.000031 1.000031 1.000031 1.000031 1.000031 1.000031 1.000031 1.000031 1.000031 1.000031 1.000031 1.000031 1.000031 1.000031 1.000031 1.000031 1.000031 1.000031 1.000031 1.000031 1.000031 1.000031 1.000031 1.000031 1.000031 1.000031 1.000031 1.000031 1.000031 1.000031 1.000031 1.000031 1.000031 1.000031 1.000031 1.000031 1.000031 1.000031 1.000031 1.000031 1.000031 1.000031 1.000031 1.000031 1.000031 1.000031 1.000031 1.000031 1.000031 1.000031 1.000031 1.000031 1.000031 1.000031 1.000031 1.000031 1.000031 1.000031 1.000031 1.000031 1.000031 1.000031 1.000031 1.000031 1.000031 1.000031 1.000031 1.000031 1.000031 1.000031 1.000031 1.000031 1.000031 1.000031 1.000031 1.000031 1.000031 1.000031 1.000031 1.000031 1.000031 1.000031 1.000031 1.000031 1.000031 1.000031 1.000031 1.000031 1.000031 1.000031 1.000031 1.000031 1.000031 1.000031 1.000031 1.000031 1.000031 1.000031 1.000031 1.000000
1.000000 1.000000 1.000000 1.000000 1.000000 1.000000 1.000000 1.000000 1.000000 1.000000 1.000000 1.000000 1.000000 1.000000 1.000000 1.000000 1.000000 1.000000 1.000000 1.000000 1.000000 1.000000 1.000000 1.000000 1.000000 1.000000 1.000000 1.000000 1.000000 1.000000 1.000000 1.000000 1.000000 1.000000 1.000000 1.000000 1.000000 1.000000 1.000000 1.000000 1.000000 1.000000 1.000000 1.000000 1.000000 1.000000 1.000000 1.000000 1.000000 1.000000 1.000000 1.000000 1.000000 1.000000 1.000000 1.000000 1.000000 1.000000 1.000000 1.000000 1.000000 1.000000 1.000000 1.000000 1.000000 1.000000 1.000000 1.000000 1.000000 1.000000 1.000000 1.000000 1.000000 1.000000 1.000000 1.000000 1.000000 1.000000 1.000000 1.000000 1.000000 1.000000 1.000000 1.000000 1.000000 1.000000 1.000000 1.000000 1.000000 1.000000 1.000000 1.000000 1.000000 1.000000 1.000000 1.000000 1.000000 1.000000 1.000000 1.000000 1.000000 1.000000 1.000000 1.000000 1.000000 1.000000 1.000000 1.000000 1.000000 1.000000 1.000000 1.000000 1.000000 1.000000 1.000000 1.000000 1.000000 1.000000 1.000000 1.000000 1.000000 1.000000 1.000000 1.000000 1.000000 1.000000 1.000000 1.000000 1.000000 1.000000 1.000000 1.000000 1.000000 1.000000 1.000000 1.000000 1.000000 1.000000 1.000000 1.000000 1.000000 1.000000 1.000000 1.000000 1.000000 1.000000 1.000000 1.000000 1.000000 1.000000 1.000000 1.000000 1.000000 1.000000 1.000000 1.000000 1.000000 1.000000 1.000000 1.000000 1.000000 1.000000 1.000000 1.000000 1.000000 1.000000 1.000000 1.000000 1.000000 1.000000 1.000000 1.000000 1.000000 1.000000 1.000000 1.000000 1.000000 1.000000 1.000000 1.000000 1.000000 1.000000 1.000000 1.000000 1.000000 1.000000 1.000000 1.000000 1.000000 1.000000 1.000000 1.000000 1.000000 1.000000 1.000000 1.000000 1.000000 1.000000 1.000000 1.000000 1.000000 1.000000
