0.015 0.092
0.000000 0.000000 0.000000 0.000000 0.000000 0.000000 0.000000 0.000000 0.000000 0.000000 0.000000 0.000000 0.000000 0.000000 0.000000 0.000000 0.000000 0.000000 0.000000 0.000000 0.000000 0.000000 0.000000 0.000000 0.000000 0.000000 0.000000 0.000000 0.000000 0.000000 0.000000 0.000000 0.000000 0.000000 0.000000 0.000000 0.000000 0.000000 0.000000 0.000000 0.000000 0.000000 0.000000 0.000000 0.000000 0.000000 0.000000 0.000000 0.000000 0.000000 0.000000 0.000000 0.000000 0.000000 0.000000 0.000000 0.000000 0.000000 0.000000 0.000000 0.000000 0.000000 0.000000 0.000000 0.000000 0.000000 0.000000 0.000000 0.000000 0.000000 0.000000 0.000000 0.000000 0.000000 0.000000 0.000000 0.000000 0.000000 0.000000 0.000000 0.000000 0.000000 0.000000 0.000000 0.000000 0.000000 0.000000 0.000000 0.000000 0.000000 0.000000 0.000000 0.000000 0.000000 0.000000 0.000000 0.000000 0.000000 0.000000 0.000000 0.000000 0.000000 0.000000 0.000000 0.000000 0.000000 0.000000 0.000000 0.000000 0.000000 0.000000 0.000000 0.000000 0.000000 0.000000 0.000000 0.000000 0.000000 0.000000 0.000000 0.000000 0.000000 0.000000 0.000000 0.000000 0.000000 0.000000 0.000000 0.000000 0.000000 0.000000 0.000000 0.000000 0.000000 0.000000 0.000000 0.000000 0.000000 0.000000 0.000000 0.000000 0.000000 0.000000 0.000000 0.000000 0.000000 0.000000 0.000000 0.000000 0.000000 0.000000 0.000000 0.000000 0.000000 0.000000 0.000000 0.000000 0.000000 0.000000 0.000000 0.000000 0.000000 0.000000 0.000000 0.000000 0.000000 0.000000 0.000000 0.000000 0.000000 0.000000 0.000000 0.000000 0.000000 0.000000 0.000000 0.000000 0.000000 0.000000 0.000000 0.000000 0.000000 0.000000 0.000000 0.000000 0.000000 0.000000 0.000000 0.000000 0.000000 0.000000 0.000000 0.000000 0.000000 0.000000 0.000000 0.000000 0.000000 0.000000 0.000000 0.000000 0.000000
0.000000 0.003757 0.004334 0.004374 0.004313 0.004237 0.004164 0.004099 0.004044 0.003997 0.003957 0.003924 0.003897 0.003874 0.003854 0.003838 0.003823 0.003811 0.003800 0.003790 0.003781 0.003773 0.003765 0.003758 0.003752 0.003745 0.003739 0.003734 0.003728 0.003723 0.003718 0.003714 0.003709 0.003705 0.003701 0.003697 0.003694 0.003691 0.003687 0.003684 0.003681 0.003679 0.003676 0.003674 0.003671 0.003669 0.003667 0.003665 0.003664 0.003662 0.003660 0.003659 0.003658 0.003656 0.003655 0.003654 0.003653 0.003652 0.003651 0.003650 0.003650 0.003649 0.003648 0.003648 0.003647 0.003647 0.003646 0.003646 0.003646 0.003645 0.003645 0.003645 0.003645 0.003644 0.003644 0.003644 0.003644 0.003644 0.003644 0.003644 0.003644 0.003644 0.003644 0.003644 0.003644 0.003644 0.003644 0.003644 0.003644 0.003644 0.003644 0.003644 0.003644 0.003644 0.003644 0.003644 0.003644 0.003644 0.003644 0.003644 0.003644 0.003644 0.003644 0.003644 0.003644 0.003644 0.003644 0.003644 0.003644 0.003644 0.003644 0.003644 0.003644 0.003644 0.003644 0.003644 0.003644 0.003644 0.003644 0.003644 0.003644 0.003644 0.003644 0.003644 0.003644 0.003644 0.003644 0.003644 0.003644 0.003645 0.003645 0.003645 0.003645 0.003646 0.003646 0.003646 0.003647 0.003647 0.003648 0.003648 0.003649 0.003650 0.003650 0.003651 0.003652 0.003653 0.003654 0.003655 0.003656 0.003658 0.003659 0.003660 0.003662 0.003664 0.003665 0.003667 0.003669 0.003671 0.003674 0.003676 0.003679 0.003681 0.003684 0.003687 0.003691 0.003694 0.003697 0.003701 0.003705 0.003709 0.003714 0.003718 0.003723 0.003728 0.003734 0.003739 0.003745 0.003752 0.003758 0.003765 0.003773 0.003781 0.003790 0.003800 0.003811 0.003823 0.003838 0.003854 0.003874 0.003897 0.003924 0.003957 0.003997 0.004044 0.004099 0.004164 0.004237 0.004313 0.004374 0.004334 0.003757 0.000000
0.001157 0.004900 0.005635 0.005731 0.005679 0.005597 0.005514 0.005440 0.005375 0.005320 0.005273 0.005234 0.005202 0.005174 0.005151 0.005132 0.005115 0.005101 0.005088 0.005077 0.005067 0.005057 0.005049 0.005041 0.005033 0.005026 0.005020 0.005013 0.005007 0.005002 0.004996 0.004991 0.004986 0.004982 0.004977 0.004973 0.004969 0.004966 0.004962 0.004959 0.004956 0.004953 0.004950 0.004948 0.004945 0.004943 0.004941 0.004939 0.004937 0.004935 0.004934 0.004932 0.004931 0.004930 0.004928 0.004927 0.004926 0.004925 0.004925 0.004924 0.004923 0.004923 0.004922 0.004922 0.004921 0.004921 0.004920 0.004920 0.004920 0.004920 0.004919 0.004919 0.004919 0.004919 0.004919 0.004919 0.004919 0.004919 0.004919 0.004919 0.004919 0.004919 0.004919 0.004919 0.004919 0.004919 0.004919 0.004919 0.004919 0.004919 0.004919 0.004919 0.004919 0.004920 0.004920 0.004920 0.004920 0.004920 0.004920 0.004920 0.004920 0.004920 0.004920 0.004920 0.004920 0.004920 0.004920 0.004920 0.004920 0.004919 0.004919 0.004919 0.004919 0.004919 0.004919 0.004919 0.004919 0.004919 0.004919 0.004919 0.004919 0.004919 0.004919 0.004919 0.004919 0.004919 0.004919 0.004919 0.004919 0.004919 0.004919 0.004919 0.004920 0.004920 0.004920 0.004920 0.004921 0.004921 0.004922 0.004922 0.004923 0.004923 0.004924 0.004925 0.004925 0.004926 0.004927 0.004928 0.004930 0.004931 0.004932 0.004934 0.004935 0.004937 0.004939 0.004941 0.004943 0.004945 0.004948 0.004950 0.004953 0.004956 0.004959 0.004962 0.004966 0.004969 0.004973 0.004977 0.004982 0.004986 0.004991 0.004996 0.005002 0.005007 0.005013 0.005020 0.005026 0.005033 0.005041 0.005049 0.005057 0.005067 0.005077 0.005088 0.005101 0.005115 0.005132 0.005151 0.005174 0.005202 0.005234 0.005273 0.005320 0.005375 0.005440 0.005514 0.005597 0.005679 0.005731 0.005635 0.004900 0.001157
0.004391 0.005616 0.006150 0.006248 0.006215 0.006148 0.006078 0.006012 0.005954 0.005903 0.005861 0.005825 0.005794 0.005769 0.005748 0.005730 0.005715 0.005702 0.005691 0.005681 0.005672 0.005663 0.005656 0.005649 0.005642 0.005636 0.005631 0.005625 0.005620 0.005615 0.005611 0.005606 0.005602 0.005599 0.005595 0.005591 0.005588 0.005585 0.005582 0.005580 0.005577 0.005575 0.005573 0.005570 0.005569 0.005567 0.005565 0.005564 0.005562 0.005561 0.005560 0.005559 0.005558 0.005557 0.005556 0.005555 0.005555 0.005554 0.005554 0.005553 0.005553 0.005552 0.005552 0.005552 0.005552 0.005551 0.005551 0.005551 0.005551 0.005551 0.005551 0.005551 0.005551 0.005551 0.005551 0.005551 0.005552 0.005552 0.005552 0.005552 0.005552 0.005552 0.005552 0.005552 0.005553 0.005553 0.005553 0.005553 0.005553 0.005553 0.005553 0.005553 0.005554 0.005554 0.005554 0.005554 0.005554 0.005554 0.005554 0.005554 0.005554 0.005554 0.005554 0.005554 0.005554 0.005554 0.005554 0.005554 0.005554 0.005554 0.005553 0.005553 0.005553 0.005553 0.005553 0.005553 0.005553 0.005553 0.005552 0.005552 0.005552 0.005552 0.005552 0.005552 0.005552 0.005552 0.005551 0.005551 0.005551 0.005551 0.005551 0.005551 0.005551 0.005551 0.005551 0.005551 0.005551 0.005552 0.005552 0.005552 0.005552 0.005553 0.005553 0.005554 0.005554 0.005555 0.005555 0.005556 0.005557 0.005558 0.005559 0.005560 0.005561 0.005562 0.005564 0.005565 0.005567 0.005569 0.005570 0.005573 0.005575 0.005577 0.005580 0.005582 0.005585 0.005588 0.005591 0.005595 0.005599 0.005602 0.005606 0.005611 0.005615 0.005620 0.005625 0.005631 0.005636 0.005642 0.005649 0.005656 0.005663 0.005672 0.005681 0.005691 0.005702 0.005715 0.005730 0.005748 0.005769 0.005794 0.005825 0.005861 0.005903 0.005954 0.006012 0.006078 0.006148 0.006215 0.006248 0.006150 0.005616 0.004391
0.005214 0.006161 0.006453 0.006527 0.006510 0.006463 0.006410 0.006359 0.006312 0.006271 0.006235 0.006205 0.006180 0.006159 0.006141 0.006127 0.006114 0.006103 0.006094 0.006086 0.006079 0.006072 0.006066 0.006061 0.006056 0.006051 0.006047 0.006042 0.006038 0.006035 0.006031 0.006028 0.006025 0.006022 0.006019 0.006017 0.006014 0.006012 0.006010 0.006008 0.006006 0.006005 0.006003 0.006002 0.006001 0.005999 0.005998 0.005997 0.005997 0.005996 0.005995 0.005994 0.005994 0.005993 0.005993 0.005993 0.005992 0.005992 0.005992 0.005992 0.005992 0.005992 0.005992 0.005992 0.005992 0.005992 0.005992 0.005992 0.005992 0.005992 0.005992 0.005993 0.005993 0.005993 0.005993 0.005993 0.005994 0.005994 0.005994 0.005994 0.005995 0.005995 0.005995 0.005995 0.005995 0.005996 0.005996 0.005996 0.005996 0.005996 0.005997 0.005997 0.005997 0.005997 0.005997 0.005997 0.005997 0.005997 0.005997 0.005997 0.005997 0.005997 0.005997 0.005997 0.005997 0.005997 0.005997 0.005997 0.005997 0.005997 0.005997 0.005997 0.005996 0.005996 0.005996 0.005996 0.005996 0.005995 0.005995 0.005995 0.005995 0.005995 0.005994 0.005994 0.005994 0.005994 0.005993 0.005993 0.005993 0.005993 0.005993 0.005992 0.005992 0.005992 0.005992 0.005992 0.005992 0.005992 0.005992 0.005992 0.005992 0.005992 0.005992 0.005992 0.005992 0.005992 0.005993 0.005993 0.005993 0.005994 0.005994 0.005995 0.005996 0.005997 0.005997 0.005998 0.005999 0.006001 0.006002 0.006003 0.006005 0.006006 0.006008 0.006010 0.006012 0.006014 0.006017 0.006019 0.006022 0.006025 0.006028 0.006031 0.006035 0.006038 0.006042 0.006047 0.006051 0.006056 0.006061 0.006066 0.006072 0.006079 0.006086 0.006094 0.006103 0.006114 0.006127 0.006141 0.006159 0.006180 0.006205 0.006235 0.006271 0.006312 0.006359 0.006410 0.006463 0.006510 0.006527 0.006453 0.006161 0.005214
0.005675 0.006437 0.006670 0.006729 0.006725 0.006697 0.006662 0.006625 0.006591 0.006560 0.006533 0.006509 0.006490 0.006473 0.006459 0.006448 0.006438 0.006430 0.006423 0.006416 0.006411 0.006406 0.006402 0.006398 0.006394 0.006391 0.006387 0.006384 0.006382 0.006379 0.006377 0.006374 0.006372 0.006370 0.006368 0.006367 0.006365 0.006364 0.006362 0.006361 0.006360 0.006359 0.006358 0.006357 0.006357 0.006356 0.006355 0.006355 0.006354 0.006354 0.006354 0.006354 0.006353 0.006353 0.006353 0.006353 0.006353 0.006353 0.006353 0.006354 0.006354 0.006354 0.006354 0.006354 0.006355 0.006355 0.006355 0.006355 0.006356 0.006356 0.006356 0.006357 0.006357 0.006357 0.006358 0.006358 0.006358 0.006359 0.006359 0.006359 0.006360 0.006360 0.006360 0.006360 0.006361 0.006361 0.006361 0.006361 0.006362 0.006362 0.006362 0.006362 0.006362 0.006363 0.006363 0.006363 0.006363 0.006363 0.006363 0.006363 0.006363 0.006363 0.006363 0.006363 0.006363 0.006363 0.006363 0.006363 0.006363 0.006362 0.006362 0.006362 0.006362 0.006362 0.006361 0.006361 0.006361 0.006361 0.006360 0.006360 0.006360 0.006360 0.006359 0.006359 0.006359 0.006358 0.006358 0.006358 0.006357 0.006357 0.006357 0.006356 0.006356 0.006356 0.006355 0.006355 0.006355 0.006355 0.006354 0.006354 0.006354 0.006354 0.006354 0.006353 0.006353 0.006353 0.006353 0.006353 0.006353 0.006353 0.006354 0.006354 0.006354 0.006354 0.006355 0.006355 0.006356 0.006357 0.006357 0.006358 0.006359 0.006360 0.006361 0.006362 0.006364 0.006365 0.006367 0.006368 0.006370 0.006372 0.006374 0.006377 0.006379 0.006382 0.006384 0.006387 0.006391 0.006394 0.006398 0.006402 0.006406 0.006411 0.006416 0.006423 0.006430 0.006438 0.006448 0.006459 0.006473 0.006490 0.006509 0.006533 0.006560 0.006591 0.006625 0.006662 0.006697 0.006725 0.006729 0.006670 0.006437 0.005675
0.005965 0.006627 0.006834 0.006894 0.006902 0.006890 0.006870 0.006848 0.006825 0.006803 0.006784 0.006767 0.006753 0.006741 0.006730 0.006722 0.006715 0.006708 0.006703 0.006699 0.006695 0.006692 0.006689 0.006686 0.006683 0.006681 0.006679 0.006677 0.006675 0.006674 0.006672 0.006671 0.006669 0.006668 0.006667 0.006666 0.006665 0.006664 0.006664 0.006663 0.006662 0.006662 0.006661 0.006661 0.006661 0.006661 0.006660 0.006660 0.006660 0.006660 0.006660 0.006660 0.006661 0.006661 0.006661 0.006661 0.006661 0.006662 0.006662 0.006662 0.006663 0.006663 0.006663 0.006664 0.006664 0.006665 0.006665 0.006665 0.006666 0.006666 0.006667 0.006667 0.006668 0.006668 0.006668 0.006669 0.006669 0.006670 0.006670 0.006670 0.006671 0.006671 0.006671 0.006672 0.006672 0.006672 0.006673 0.006673 0.006673 0.006673 0.006674 0.006674 0.006674 0.006674 0.006674 0.006674 0.006674 0.006675 0.006675 0.006675 0.006675 0.006675 0.006675 0.006675 0.006675 0.006674 0.006674 0.006674 0.006674 0.006674 0.006674 0.006674 0.006673 0.006673 0.006673 0.006673 0.006672 0.006672 0.006672 0.006671 0.006671 0.006671 0.006670 0.006670 0.006670 0.006669 0.006669 0.006668 0.006668 0.006668 0.006667 0.006667 0.006666 0.006666 0.006665 0.006665 0.006665 0.006664 0.006664 0.006663 0.006663 0.006663 0.006662 0.006662 0.006662 0.006661 0.006661 0.006661 0.006661 0.006661 0.006660 0.006660 0.006660 0.006660 0.006660 0.006660 0.006661 0.006661 0.006661 0.006661 0.006662 0.006662 0.006663 0.006664 0.006664 0.006665 0.006666 0.006667 0.006668 0.006669 0.006671 0.006672 0.006674 0.006675 0.006677 0.006679 0.006681 0.006683 0.006686 0.006689 0.006692 0.006695 0.006699 0.006703 0.006708 0.006715 0.006722 0.006730 0.006741 0.006753 0.006767 0.006784 0.006803 0.006825 0.006848 0.006870 0.006890 0.006902 0.006894 0.006834 0.006627 0.005965
0.006160 0.006773 0.006969 0.007033 0.007051 0.007052 0.007045 0.007034 0.007021 0.007009 0.006996 0.006985 0.006975 0.006967 0.006960 0.006954 0.006949 0.006945 0.006941 0.006938 0.006936 0.006934 0.006932 0.006930 0.006929 0.006927 0.006926 0.006925 0.006924 0.006923 0.006922 0.006921 0.006921 0.006920 0.006919 0.006919 0.006919 0.006918 0.006918 0.006918 0.006918 0.006918 0.006918 0.006918 0.006918 0.006918 0.006918 0.006918 0.006919 0.006919 0.006919 0.006919 0.006920 0.006920 0.006921 0.006921 0.006921 0.006922 0.006922 0.006923 0.006923 0.006924 0.006924 0.006925 0.006925 0.006926 0.006926 0.006927 0.006927 0.006928 0.006928 0.006929 0.006929 0.006930 0.006930 0.006931 0.006931 0.006931 0.006932 0.006932 0.006933 0.006933 0.006933 0.006934 0.006934 0.006934 0.006935 0.006935 0.006935 0.006935 0.006936 0.006936 0.006936 0.006936 0.006936 0.006936 0.006937 0.006937 0.006937 0.006937 0.006937 0.006937 0.006937 0.006937 0.006937 0.006937 0.006936 0.006936 0.006936 0.006936 0.006936 0.006936 0.006935 0.006935 0.006935 0.006935 0.006934 0.006934 0.006934 0.006933 0.006933 0.006933 0.006932 0.006932 0.006931 0.006931 0.006931 0.006930 0.006930 0.006929 0.006929 0.006928 0.006928 0.006927 0.006927 0.006926 0.006926 0.006925 0.006925 0.006924 0.006924 0.006923 0.006923 0.006922 0.006922 0.006921 0.006921 0.006921 0.006920 0.006920 0.006919 0.006919 0.006919 0.006919 0.006918 0.006918 0.006918 0.006918 0.006918 0.006918 0.006918 0.006918 0.006918 0.006918 0.006918 0.006919 0.006919 0.006919 0.006920 0.006921 0.006921 0.006922 0.006923 0.006924 0.006925 0.006926 0.006927 0.006929 0.006930 0.006932 0.006934 0.006936 0.006938 0.006941 0.006945 0.006949 0.006954 0.006960 0.006967 0.006975 0.006985 0.006996 0.007009 0.007021 0.007034 0.007045 0.007052 0.007051 0.007033 0.006969 0.006773 0.006160
0.006298 0.006888 0.007080 0.007149 0.007176 0.007187 0.007190 0.007188 0.007184 0.007178 0.007172 0.007166 0.007160 0.007155 0.007150 0.007147 0.007144 0.007141 0.007139 0.007137 0.007136 0.007134 0.007133 0.007133 0.007132 0.007131 0.007130 0.007130 0.007130 0.007129 0.007129 0.007129 0.007128 0.007128 0.007128 0.007128 0.007128 0.007128 0.007128 0.007129 0.007129 0.007129 0.007129 0.007130 0.007130 0.007130 0.007131 0.007131 0.007131 0.007132 0.007132 0.007133 0.007133 0.007134 0.007134 0.007135 0.007136 0.007136 0.007137 0.007137 0.007138 0.007138 0.007139 0.007139 0.007140 0.007141 0.007141 0.007142 0.007142 0.007143 0.007143 0.007144 0.007144 0.007145 0.007145 0.007146 0.007146 0.007147 0.007147 0.007148 0.007148 0.007148 0.007149 0.007149 0.007149 0.007150 0.007150 0.007150 0.007151 0.007151 0.007151 0.007151 0.007152 0.007152 0.007152 0.007152 0.007152 0.007152 0.007152 0.007152 0.007152 0.007152 0.007152 0.007152 0.007152 0.007152 0.007152 0.007152 0.007152 0.007152 0.007151 0.007151 0.007151 0.007151 0.007150 0.007150 0.007150 0.007149 0.007149 0.007149 0.007148 0.007148 0.007148 0.007147 0.007147 0.007146 0.007146 0.007145 0.007145 0.007144 0.007144 0.007143 0.007143 0.007142 0.007142 0.007141 0.007141 0.007140 0.007139 0.007139 0.007138 0.007138 0.007137 0.007137 0.007136 0.007136 0.007135 0.007134 0.007134 0.007133 0.007133 0.007132 0.007132 0.007131 0.007131 0.007131 0.007130 0.007130 0.007130 0.007129 0.007129 0.007129 0.007129 0.007128 0.007128 0.007128 0.007128 0.007128 0.007128 0.007128 0.007129 0.007129 0.007129 0.007130 0.007130 0.007130 0.007131 0.007132 0.007133 0.007133 0.007134 0.007136 0.007137 0.007139 0.007141 0.007144 0.007147 0.007150 0.007155 0.007160 0.007166 0.007172 0.007178 0.007184 0.007188 0.007190 0.007187 0.007176 0.007149 0.007080 0.006888 0.006298
0.006401 0.006981 0.007172 0.007245 0.007279 0.007297 0.007307 0.007313 0.007315 0.007315 0.007314 0.007312 0.007309 0.007307 0.007305 0.007303 0.007301 0.007300 0.007299 0.007298 0.007298 0.007297 0.007297 0.007296 0.007296 0.007296 0.007296 0.007296 0.007296 0.007296 0.007296 0.007296 0.007297 0.007297 0.007297 0.007297 0.007298 0.007298 0.007298 0.007299 0.007299 0.007300 0.007300 0.007300 0.007301 0.007302 0.007302 0.007303 0.007303 0.007304 0.007304 0.007305 0.007306 0.007306 0.007307 0.007307 0.007308 0.007309 0.007309 0.007310 0.007310 0.007311 0.007312 0.007312 0.007313 0.007314 0.007314 0.007315 0.007315 0.007316 0.007316 0.007317 0.007317 0.007318 0.007318 0.007319 0.007319 0.007320 0.007320 0.007321 0.007321 0.007322 0.007322 0.007322 0.007323 0.007323 0.007323 0.007324 0.007324 0.007324 0.007324 0.007324 0.007325 0.007325 0.007325 0.007325 0.007325 0.007325 0.007325 0.007325 0.007325 0.007325 0.007325 0.007325 0.007325 0.007325 0.007325 0.007325 0.007325 0.007325 0.007324 0.007324 0.007324 0.007324 0.007324 0.007323 0.007323 0.007323 0.007322 0.007322 0.007322 0.007321 0.007321 0.007320 0.007320 0.007319 0.007319 0.007318 0.007318 0.007317 0.007317 0.007316 0.007316 0.007315 0.007315 0.007314 0.007314 0.007313 0.007312 0.007312 0.007311 0.007310 0.007310 0.007309 0.007309 0.007308 0.007307 0.007307 0.007306 0.007306 0.007305 0.007304 0.007304 0.007303 0.007303 0.007302 0.007302 0.007301 0.007300 0.007300 0.007300 0.007299 0.007299 0.007298 0.007298 0.007298 0.007297 0.007297 0.007297 0.007297 0.007296 0.007296 0.007296 0.007296 0.007296 0.007296 0.007296 0.007296 0.007296 0.007297 0.007297 0.007298 0.007298 0.007299 0.007300 0.007301 0.007303 0.007305 0.007307 0.007309 0.007312 0.007314 0.007315 0.007315 0.007313 0.007307 0.007297 0.007279 0.007245 0.007172 0.006981 0.006401
0.006479 0.007056 0.007248 0.007324 0.007362 0.007386 0.007402 0.007413 0.007420 0.007424 0.007427 0.007428 0.007428 0.007428 0.007427 0.007427 0.007427 0.007426 0.007426 0.007426 0.007426 0.007426 0.007426 0.007426 0.007427 0.007427 0.007427 0.007428 0.007428 0.007428 0.007429 0.007429 0.007430 0.007430 0.007430 0.007431 0.007432 0.007432 0.007433 0.007433 0.007434 0.007434 0.007435 0.007436 0.007436 0.007437 0.007437 0.007438 0.007439 0.007439 0.007440 0.007441 0.007441 0.007442 0.007443 0.007443 0.007444 0.007445 0.007445 0.007446 0.007447 0.007447 0.007448 0.007449 0.007449 0.007450 0.007450 0.007451 0.007452 0.007452 0.007453 0.007453 0.007454 0.007454 0.007455 0.007455 0.007456 0.007456 0.007457 0.007457 0.007457 0.007458 0.007458 0.007459 0.007459 0.007459 0.007460 0.007460 0.007460 0.007460 0.007461 0.007461 0.007461 0.007461 0.007461 0.007461 0.007461 0.007462 0.007462 0.007462 0.007462 0.007462 0.007462 0.007462 0.007462 0.007461 0.007461 0.007461 0.007461 0.007461 0.007461 0.007461 0.007460 0.007460 0.007460 0.007460 0.007459 0.007459 0.007459 0.007458 0.007458 0.007457 0.007457 0.007457 0.007456 0.007456 0.007455 0.007455 0.007454 0.007454 0.007453 0.007453 0.007452 0.007452 0.007451 0.007450 0.007450 0.007449 0.007449 0.007448 0.007447 0.007447 0.007446 0.007445 0.007445 0.007444 0.007443 0.007443 0.007442 0.007441 0.007441 0.007440 0.007439 0.007439 0.007438 0.007437 0.007437 0.007436 0.007436 0.007435 0.007434 0.007434 0.007433 0.007433 0.007432 0.007432 0.007431 0.007430 0.007430 0.007430 0.007429 0.007429 0.007428 0.007428 0.007428 0.007427 0.007427 0.007427 0.007426 0.007426 0.007426 0.007426 0.007426 0.007426 0.007426 0.007427 0.007427 0.007427 0.007428 0.007428 0.007428 0.007427 0.007424 0.007420 0.007413 0.007402 0.007386 0.007362 0.007324 0.007248 0.007056 0.006479
0.006540 0.007117 0.007310 0.007388 0.007429 0.007456 0.007476 0.007491 0.007502 0.007510 0.007515 0.007518 0.007521 0.007522 0.007523 0.007524 0.007524 0.007525 0.007525 0.007526 0.007526 0.007527 0.007527 0.007528 0.007528 0.007529 0.007529 0.007530 0.007531 0.007531 0.007532 0.007532 0.007533 0.007534 0.007534 0.007535 0.007536 0.007536 0.007537 0.007538 0.007538 0.007539 0.007540 0.007540 0.007541 0.007542 0.007542 0.007543 0.007544 0.007545 0.007545 0.007546 0.007547 0.007547 0.007548 0.007549 0.007549 0.007550 0.007551 0.007551 0.007552 0.007553 0.007553 0.007554 0.007555 0.007555 0.007556 0.007556 0.007557 0.007557 0.007558 0.007559 0.007559 0.007560 0.007560 0.007561 0.007561 0.007561 0.007562 0.007562 0.007563 0.007563 0.007563 0.007564 0.007564 0.007564 0.007565 0.007565 0.007565 0.007566 0.007566 0.007566 0.007566 0.007566 0.007566 0.007567 0.007567 0.007567 0.007567 0.007567 0.007567 0.007567 0.007567 0.007567 0.007567 0.007567 0.007567 0.007566 0.007566 0.007566 0.007566 0.007566 0.007566 0.007565 0.007565 0.007565 0.007564 0.007564 0.007564 0.007563 0.007563 0.007563 0.007562 0.007562 0.007561 0.007561 0.007561 0.007560 0.007560 0.007559 0.007559 0.007558 0.007557 0.007557 0.007556 0.007556 0.007555 0.007555 0.007554 0.007553 0.007553 0.007552 0.007551 0.007551 0.007550 0.007549 0.007549 0.007548 0.007547 0.007547 0.007546 0.007545 0.007545 0.007544 0.007543 0.007542 0.007542 0.007541 0.007540 0.007540 0.007539 0.007538 0.007538 0.007537 0.007536 0.007536 0.007535 0.007534 0.007534 0.007533 0.007532 0.007532 0.007531 0.007531 0.007530 0.007529 0.007529 0.007528 0.007528 0.007527 0.007527 0.007526 0.007526 0.007525 0.007525 0.007524 0.007524 0.007523 0.007522 0.007521 0.007518 0.007515 0.007510 0.007502 0.007491 0.007476 0.007456 0.007429 0.007388 0.007310 0.007117 0.006540
0.006588 0.007166 0.007359 0.007439 0.007482 0.007512 0.007534 0.007552 0.007565 0.007575 0.007583 0.007588 0.007592 0.007594 0.007596 0.007598 0.007599 0.007600 0.007601 0.007602 0.007603 0.007604 0.007605 0.007605 0.007606 0.007607 0.007608 0.007608 0.007609 0.007610 0.007611 0.007611 0.007612 0.007613 0.007613 0.007614 0.007615 0.007616 0.007616 0.007617 0.007618 0.007619 0.007619 0.007620 0.007621 0.007622 0.007622 0.007623 0.007624 0.007625 0.007625 0.007626 0.007627 0.007627 0.007628 0.007629 0.007630 0.007630 0.007631 0.007632 0.007632 0.007633 0.007633 0.007634 0.007635 0.007635 0.007636 0.007636 0.007637 0.007638 0.007638 0.007639 0.007639 0.007640 0.007640 0.007641 0.007641 0.007641 0.007642 0.007642 0.007643 0.007643 0.007643 0.007644 0.007644 0.007644 0.007645 0.007645 0.007645 0.007645 0.007646 0.007646 0.007646 0.007646 0.007646 0.007646 0.007646 0.007646 0.007647 0.007647 0.007647 0.007647 0.007647 0.007647 0.007646 0.007646 0.007646 0.007646 0.007646 0.007646 0.007646 0.007646 0.007645 0.007645 0.007645 0.007645 0.007644 0.007644 0.007644 0.007643 0.007643 0.007643 0.007642 0.007642 0.007641 0.007641 0.007641 0.007640 0.007640 0.007639 0.007639 0.007638 0.007638 0.007637 0.007636 0.007636 0.007635 0.007635 0.007634 0.007633 0.007633 0.007632 0.007632 0.007631 0.007630 0.007630 0.007629 0.007628 0.007627 0.007627 0.007626 0.007625 0.007625 0.007624 0.007623 0.007622 0.007622 0.007621 0.007620 0.007619 0.007619 0.007618 0.007617 0.007616 0.007616 0.007615 0.007614 0.007613 0.007613 0.007612 0.007611 0.007611 0.007610 0.007609 0.007608 0.007608 0.007607 0.007606 0.007605 0.007605 0.007604 0.007603 0.007602 0.007601 0.007600 0.007599 0.007598 0.007596 0.007594 0.007592 0.007588 0.007583 0.007575 0.007565 0.007552 0.007534 0.007512 0.007482 0.007439 0.007359 0.007166 0.006588
0.006626 0.007205 0.007399 0.007479 0.007524 0.007555 0.007579 0.007599 0.007614 0.007625 0.007634 0.007641 0.007645 0.007649 0.007652 0.007654 0.007656 0.007657 0.007659 0.007660 0.007661 0.007662 0.007663 0.007664 0.007665 0.007665 0.007666 0.007667 0.007668 0.007669 0.007670 0.007671 0.007671 0.007672 0.007673 0.007674 0.007675 0.007675 0.007676 0.007677 0.007678 0.007679 0.007679 0.007680 0.007681 0.007682 0.007682 0.007683 0.007684 0.007685 0.007685 0.007686 0.007687 0.007687 0.007688 0.007689 0.007689 0.007690 0.007691 0.007691 0.007692 0.007693 0.007693 0.007694 0.007695 0.007695 0.007696 0.007696 0.007697 0.007697 0.007698 0.007698 0.007699 0.007699 0.007700 0.007700 0.007701 0.007701 0.007701 0.007702 0.007702 0.007703 0.007703 0.007703 0.007704 0.007704 0.007704 0.007704 0.007705 0.007705 0.007705 0.007705 0.007705 0.007706 0.007706 0.007706 0.007706 0.007706 0.007706 0.007706 0.007706 0.007706 0.007706 0.007706 0.007706 0.007706 0.007706 0.007706 0.007706 0.007705 0.007705 0.007705 0.007705 0.007705 0.007704 0.007704 0.007704 0.007704 0.007703 0.007703 0.007703 0.007702 0.007702 0.007701 0.007701 0.007701 0.007700 0.007700 0.007699 0.007699 0.007698 0.007698 0.007697 0.007697 0.007696 0.007696 0.007695 0.007695 0.007694 0.007693 0.007693 0.007692 0.007691 0.007691 0.007690 0.007689 0.007689 0.007688 0.007687 0.007687 0.007686 0.007685 0.007685 0.007684 0.007683 0.007682 0.007682 0.007681 0.007680 0.007679 0.007679 0.007678 0.007677 0.007676 0.007675 0.007675 0.007674 0.007673 0.007672 0.007671 0.007671 0.007670 0.007669 0.007668 0.007667 0.007666 0.007665 0.007665 0.007664 0.007663 0.007662 0.007661 0.007660 0.007659 0.007657 0.007656 0.007654 0.007652 0.007649 0.007645 0.007641 0.007634 0.007625 0.007614 0.007599 0.007579 0.007555 0.007524 0.007479 0.007399 0.007205 0.006626
0.006655 0.007236 0.007430 0.007511 0.007556 0.007588 0.007613 0.007634 0.007650 0.007663 0.007672 0.007680 0.007685 0.007690 0.007693 0.007696 0.007698 0.007699 0.007701 0.007702 0.007704 0.007705 0.007706 0.007707 0.007708 0.007709 0.007710 0.007711 0.007712 0.007713 0.007713 0.007714 0.007715 0.007716 0.007717 0.007718 0.007719 0.007719 0.007720 0.007721 0.007722 0.007723 0.007723 0.007724 0.007725 0.007726 0.007726 0.007727 0.007728 0.007729 0.007729 0.007730 0.007731 0.007731 0.007732 0.007733 0.007733 0.007734 0.007735 0.007735 0.007736 0.007737 0.007737 0.007738 0.007738 0.007739 0.007740 0.007740 0.007741 0.007741 0.007742 0.007742 0.007743 0.007743 0.007743 0.007744 0.007744 0.007745 0.007745 0.007745 0.007746 0.007746 0.007747 0.007747 0.007747 0.007747 0.007748 0.007748 0.007748 0.007748 0.007749 0.007749 0.007749 0.007749 0.007749 0.007749 0.007749 0.007749 0.007749 0.007750 0.007750 0.007750 0.007750 0.007749 0.007749 0.007749 0.007749 0.007749 0.007749 0.007749 0.007749 0.007749 0.007748 0.007748 0.007748 0.007748 0.007747 0.007747 0.007747 0.007747 0.007746 0.007746 0.007745 0.007745 0.007745 0.007744 0.007744 0.007743 0.007743 0.007743 0.007742 0.007742 0.007741 0.007741 0.007740 0.007740 0.007739 0.007738 0.007738 0.007737 0.007737 0.007736 0.007735 0.007735 0.007734 0.007733 0.007733 0.007732 0.007731 0.007731 0.007730 0.007729 0.007729 0.007728 0.007727 0.007726 0.007726 0.007725 0.007724 0.007723 0.007723 0.007722 0.007721 0.007720 0.007719 0.007719 0.007718 0.007717 0.007716 0.007715 0.007714 0.007713 0.007713 0.007712 0.007711 0.007710 0.007709 0.007708 0.007707 0.007706 0.007705 0.007704 0.007702 0.007701 0.007699 0.007698 0.007696 0.007693 0.007690 0.007685 0.007680 0.007672 0.007663 0.007650 0.007634 0.007613 0.007588 0.007556 0.007511 0.007430 0.007236 0.006655
0.006678 0.007260 0.007455 0.007535 0.007580 0.007613 0.007639 0.007660 0.007677 0.007690 0.007701 0.007708 0.007715 0.007719 0.007723 0.007726 0.007728 0.007730 0.007732 0.007733 0.007735 0.007736 0.007737 0.007738 0.007739 0.007740 0.007741 0.007742 0.007743 0.007744 0.007745 0.007746 0.007747 0.007748 0.007748 0.007749 0.007750 0.007751 0.007752 0.007753 0.007753 0.007754 0.007755 0.007756 0.007757 0.007757 0.007758 0.007759 0.007760 0.007760 0.007761 0.007762 0.007762 0.007763 0.007764 0.007764 0.007765 0.007766 0.007766 0.007767 0.007768 0.007768 0.007769 0.007769 0.007770 0.007770 0.007771 0.007771 0.007772 0.007772 0.007773 0.007773 0.007774 0.007774 0.007775 0.007775 0.007776 0.007776 0.007776 0.007777 0.007777 0.007777 0.007778 0.007778 0.007778 0.007779 0.007779 0.007779 0.007779 0.007779 0.007780 0.007780 0.007780 0.007780 0.007780 0.007780 0.007780 0.007781 0.007781 0.007781 0.007781 0.007781 0.007781 0.007781 0.007781 0.007780 0.007780 0.007780 0.007780 0.007780 0.007780 0.007780 0.007779 0.007779 0.007779 0.007779 0.007779 0.007778 0.007778 0.007778 0.007777 0.007777 0.007777 0.007776 0.007776 0.007776 0.007775 0.007775 0.007774 0.007774 0.007773 0.007773 0.007772 0.007772 0.007771 0.007771 0.007770 0.007770 0.007769 0.007769 0.007768 0.007768 0.007767 0.007766 0.007766 0.007765 0.007764 0.007764 0.007763 0.007762 0.007762 0.007761 0.007760 0.007760 0.007759 0.007758 0.007757 0.007757 0.007756 0.007755 0.007754 0.007753 0.007753 0.007752 0.007751 0.007750 0.007749 0.007748 0.007748 0.007747 0.007746 0.007745 0.007744 0.007743 0.007742 0.007741 0.007740 0.007739 0.007738 0.007737 0.007736 0.007735 0.007733 0.007732 0.007730 0.007728 0.007726 0.007723 0.007719 0.007715 0.007708 0.007701 0.007690 0.007677 0.007660 0.007639 0.007613 0.007580 0.007535 0.007455 0.007260 0.006678
0.006696 0.007279 0.007473 0.007554 0.007599 0.007632 0.007658 0.007679 0.007696 0.007710 0.007721 0.007729 0.007735 0.007740 0.007744 0.007747 0.007750 0.007752 0.007754 0.007755 0.007757 0.007758 0.007759 0.007760 0.007761 0.007762 0.007763 0.007764 0.007765 0.007766 0.007767 0.007768 0.007769 0.007770 0.007771 0.007772 0.007772 0.007773 0.007774 0.007775 0.007776 0.007777 0.007777 0.007778 0.007779 0.007780 0.007780 0.007781 0.007782 0.007783 0.007783 0.007784 0.007785 0.007785 0.007786 0.007787 0.007787 0.007788 0.007788 0.007789 0.007790 0.007790 0.007791 0.007791 0.007792 0.007792 0.007793 0.007793 0.007794 0.007794 0.007795 0.007795 0.007796 0.007796 0.007797 0.007797 0.007797 0.007798 0.007798 0.007798 0.007799 0.007799 0.007799 0.007800 0.007800 0.007800 0.007800 0.007801 0.007801 0.007801 0.007801 0.007801 0.007802 0.007802 0.007802 0.007802 0.007802 0.007802 0.007802 0.007802 0.007802 0.007802 0.007802 0.007802 0.007802 0.007802 0.007802 0.007802 0.007802 0.007802 0.007801 0.007801 0.007801 0.007801 0.007801 0.007800 0.007800 0.007800 0.007800 0.007799 0.007799 0.007799 0.007798 0.007798 0.007798 0.007797 0.007797 0.007797 0.007796 0.007796 0.007795 0.007795 0.007794 0.007794 0.007793 0.007793 0.007792 0.007792 0.007791 0.007791 0.007790 0.007790 0.007789 0.007788 0.007788 0.007787 0.007787 0.007786 0.007785 0.007785 0.007784 0.007783 0.007783 0.007782 0.007781 0.007780 0.007780 0.007779 0.007778 0.007777 0.007777 0.007776 0.007775 0.007774 0.007773 0.007772 0.007772 0.007771 0.007770 0.007769 0.007768 0.007767 0.007766 0.007765 0.007764 0.007763 0.007762 0.007761 0.007760 0.007759 0.007758 0.007757 0.007755 0.007754 0.007752 0.007750 0.007747 0.007744 0.007740 0.007735 0.007729 0.007721 0.007710 0.007696 0.007679 0.007658 0.007632 0.007599 0.007554 0.007473 0.007279 0.006696
0.006710 0.007293 0.007488 0.007568 0.007613 0.007645 0.007671 0.007693 0.007710 0.007724 0.007735 0.007743 0.007750 0.007755 0.007759 0.007762 0.007765 0.007767 0.007769 0.007770 0.007772 0.007773 0.007774 0.007775 0.007776 0.007777 0.007778 0.007779 0.007780 0.007781 0.007782 0.007783 0.007784 0.007785 0.007786 0.007787 0.007788 0.007788 0.007789 0.007790 0.007791 0.007792 0.007792 0.007793 0.007794 0.007795 0.007795 0.007796 0.007797 0.007797 0.007798 0.007799 0.007799 0.007800 0.007801 0.007801 0.007802 0.007803 0.007803 0.007804 0.007804 0.007805 0.007805 0.007806 0.007807 0.007807 0.007808 0.007808 0.007809 0.007809 0.007809 0.007810 0.007810 0.007811 0.007811 0.007812 0.007812 0.007812 0.007813 0.007813 0.007813 0.007814 0.007814 0.007814 0.007814 0.007815 0.007815 0.007815 0.007815 0.007816 0.007816 0.007816 0.007816 0.007816 0.007816 0.007816 0.007816 0.007816 0.007817 0.007817 0.007817 0.007817 0.007817 0.007817 0.007816 0.007816 0.007816 0.007816 0.007816 0.007816 0.007816 0.007816 0.007816 0.007815 0.007815 0.007815 0.007815 0.007814 0.007814 0.007814 0.007814 0.007813 0.007813 0.007813 0.007812 0.007812 0.007812 0.007811 0.007811 0.007810 0.007810 0.007809 0.007809 0.007809 0.007808 0.007808 0.007807 0.007807 0.007806 0.007805 0.007805 0.007804 0.007804 0.007803 0.007803 0.007802 0.007801 0.007801 0.007800 0.007799 0.007799 0.007798 0.007797 0.007797 0.007796 0.007795 0.007795 0.007794 0.007793 0.007792 0.007792 0.007791 0.007790 0.007789 0.007788 0.007788 0.007787 0.007786 0.007785 0.007784 0.007783 0.007782 0.007781 0.007780 0.007779 0.007778 0.007777 0.007776 0.007775 0.007774 0.007773 0.007772 0.007770 0.007769 0.007767 0.007765 0.007762 0.007759 0.007755 0.007750 0.007743 0.007735 0.007724 0.007710 0.007693 0.007671 0.007645 0.007613 0.007568 0.007488 0.007293 0.006710
0.006720 0.007304 0.007498 0.007578 0.007623 0.007655 0.007681 0.007702 0.007719 0.007733 0.007744 0.007753 0.007759 0.007765 0.007769 0.007772 0.007774 0.007777 0.007778 0.007780 0.007781 0.007783 0.007784 0.007785 0.007786 0.007787 0.007788 0.007789 0.007790 0.007791 0.007792 0.007793 0.007794 0.007795 0.007795 0.007796 0.007797 0.007798 0.007799 0.007800 0.007800 0.007801 0.007802 0.007803 0.007803 0.007804 0.007805 0.007806 0.007806 0.007807 0.007808 0.007808 0.007809 0.007810 0.007810 0.007811 0.007811 0.007812 0.007813 0.007813 0.007814 0.007814 0.007815 0.007815 0.007816 0.007816 0.007817 0.007817 0.007818 0.007818 0.007819 0.007819 0.007819 0.007820 0.007820 0.007821 0.007821 0.007821 0.007822 0.007822 0.007822 0.007823 0.007823 0.007823 0.007823 0.007824 0.007824 0.007824 0.007824 0.007825 0.007825 0.007825 0.007825 0.007825 0.007825 0.007825 0.007825 0.007825 0.007825 0.007826 0.007826 0.007826 0.007826 0.007825 0.007825 0.007825 0.007825 0.007825 0.007825 0.007825 0.007825 0.007825 0.007825 0.007824 0.007824 0.007824 0.007824 0.007823 0.007823 0.007823 0.007823 0.007822 0.007822 0.007822 0.007821 0.007821 0.007821 0.007820 0.007820 0.007819 0.007819 0.007819 0.007818 0.007818 0.007817 0.007817 0.007816 0.007816 0.007815 0.007815 0.007814 0.007814 0.007813 0.007813 0.007812 0.007811 0.007811 0.007810 0.007810 0.007809 0.007808 0.007808 0.007807 0.007806 0.007806 0.007805 0.007804 0.007803 0.007803 0.007802 0.007801 0.007800 0.007800 0.007799 0.007798 0.007797 0.007796 0.007795 0.007795 0.007794 0.007793 0.007792 0.007791 0.007790 0.007789 0.007788 0.007787 0.007786 0.007785 0.007784 0.007783 0.007781 0.007780 0.007778 0.007777 0.007774 0.007772 0.007769 0.007765 0.007759 0.007753 0.007744 0.007733 0.007719 0.007702 0.007681 0.007655 0.007623 0.007578 0.007498 0.007304 0.006720
0.006727 0.007311 0.007506 0.007585 0.007629 0.007661 0.007687 0.007708 0.007725 0.007739 0.007750 0.007758 0.007765 0.007770 0.007774 0.007778 0.007780 0.007782 0.007784 0.007786 0.007787 0.007788 0.007790 0.007791 0.007792 0.007793 0.007794 0.007795 0.007796 0.007797 0.007797 0.007798 0.007799 0.007800 0.007801 0.007802 0.007803 0.007804 0.007804 0.007805 0.007806 0.007807 0.007807 0.007808 0.007809 0.007810 0.007810 0.007811 0.007812 0.007812 0.007813 0.007814 0.007814 0.007815 0.007816 0.007816 0.007817 0.007817 0.007818 0.007818 0.007819 0.007819 0.007820 0.007821 0.007821 0.007821 0.007822 0.007822 0.007823 0.007823 0.007824 0.007824 0.007825 0.007825 0.007825 0.007826 0.007826 0.007826 0.007827 0.007827 0.007827 0.007828 0.007828 0.007828 0.007828 0.007829 0.007829 0.007829 0.007829 0.007829 0.007830 0.007830 0.007830 0.007830 0.007830 0.007830 0.007830 0.007830 0.007830 0.007830 0.007830 0.007830 0.007830 0.007830 0.007830 0.007830 0.007830 0.007830 0.007830 0.007830 0.007830 0.007830 0.007829 0.007829 0.007829 0.007829 0.007829 0.007828 0.007828 0.007828 0.007828 0.007827 0.007827 0.007827 0.007826 0.007826 0.007826 0.007825 0.007825 0.007825 0.007824 0.007824 0.007823 0.007823 0.007822 0.007822 0.007821 0.007821 0.007821 0.007820 0.007819 0.007819 0.007818 0.007818 0.007817 0.007817 0.007816 0.007816 0.007815 0.007814 0.007814 0.007813 0.007812 0.007812 0.007811 0.007810 0.007810 0.007809 0.007808 0.007807 0.007807 0.007806 0.007805 0.007804 0.007804 0.007803 0.007802 0.007801 0.007800 0.007799 0.007798 0.007797 0.007797 0.007796 0.007795 0.007794 0.007793 0.007792 0.007791 0.007790 0.007788 0.007787 0.007786 0.007784 0.007782 0.007780 0.007778 0.007774 0.007770 0.007765 0.007758 0.007750 0.007739 0.007725 0.007708 0.007687 0.007661 0.007629 0.007585 0.007506 0.007311 0.006727
0.006732 0.007317 0.007511 0.007590 0.007634 0.007665 0.007691 0.007712 0.007729 0.007742 0.007753 0.007762 0.007768 0.007773 0.007777 0.007781 0.007783 0.007785 0.007787 0.007789 0.007790 0.007791 0.007792 0.007793 0.007794 0.007795 0.007796 0.007797 0.007798 0.007799 0.007800 0.007801 0.007802 0.007803 0.007804 0.007804 0.007805 0.007806 0.007807 0.007808 0.007808 0.007809 0.007810 0.007811 0.007811 0.007812 0.007813 0.007813 0.007814 0.007815 0.007815 0.007816 0.007817 0.007817 0.007818 0.007818 0.007819 0.007820 0.007820 0.007821 0.007821 0.007822 0.007822 0.007823 0.007823 0.007824 0.007824 0.007825 0.007825 0.007825 0.007826 0.007826 0.007827 0.007827 0.007827 0.007828 0.007828 0.007828 0.007829 0.007829 0.007829 0.007830 0.007830 0.007830 0.007830 0.007831 0.007831 0.007831 0.007831 0.007831 0.007832 0.007832 0.007832 0.007832 0.007832 0.007832 0.007832 0.007832 0.007832 0.007832 0.007832 0.007832 0.007832 0.007832 0.007832 0.007832 0.007832 0.007832 0.007832 0.007832 0.007832 0.007832 0.007831 0.007831 0.007831 0.007831 0.007831 0.007830 0.007830 0.007830 0.007830 0.007829 0.007829 0.007829 0.007828 0.007828 0.007828 0.007827 0.007827 0.007827 0.007826 0.007826 0.007825 0.007825 0.007825 0.007824 0.007824 0.007823 0.007823 0.007822 0.007822 0.007821 0.007821 0.007820 0.007820 0.007819 0.007818 0.007818 0.007817 0.007817 0.007816 0.007815 0.007815 0.007814 0.007813 0.007813 0.007812 0.007811 0.007811 0.007810 0.007809 0.007808 0.007808 0.007807 0.007806 0.007805 0.007804 0.007804 0.007803 0.007802 0.007801 0.007800 0.007799 0.007798 0.007797 0.007796 0.007795 0.007794 0.007793 0.007792 0.007791 0.007790 0.007789 0.007787 0.007785 0.007783 0.007781 0.007777 0.007773 0.007768 0.007762 0.007753 0.007742 0.007729 0.007712 0.007691 0.007665 0.007634 0.007590 0.007511 0.007317 0.006732
0.006736 0.007320 0.007514 0.007593 0.007636 0.007668 0.007692 0.007713 0.007730 0.007743 0.007754 0.007762 0.007769 0.007774 0.007778 0.007781 0.007784 0.007786 0.007788 0.007789 0.007791 0.007792 0.007793 0.007794 0.007795 0.007796 0.007797 0.007798 0.007799 0.007800 0.007800 0.007801 0.007802 0.007803 0.007804 0.007805 0.007805 0.007806 0.007807 0.007808 0.007809 0.007809 0.007810 0.007811 0.007811 0.007812 0.007813 0.007813 0.007814 0.007815 0.007815 0.007816 0.007817 0.007817 0.007818 0.007818 0.007819 0.007819 0.007820 0.007821 0.007821 0.007822 0.007822 0.007823 0.007823 0.007824 0.007824 0.007824 0.007825 0.007825 0.007826 0.007826 0.007826 0.007827 0.007827 0.007827 0.007828 0.007828 0.007828 0.007829 0.007829 0.007829 0.007830 0.007830 0.007830 0.007830 0.007830 0.007831 0.007831 0.007831 0.007831 0.007831 0.007831 0.007832 0.007832 0.007832 0.007832 0.007832 0.007832 0.007832 0.007832 0.007832 0.007832 0.007832 0.007832 0.007832 0.007832 0.007832 0.007832 0.007831 0.007831 0.007831 0.007831 0.007831 0.007831 0.007830 0.007830 0.007830 0.007830 0.007830 0.007829 0.007829 0.007829 0.007828 0.007828 0.007828 0.007827 0.007827 0.007827 0.007826 0.007826 0.007826 0.007825 0.007825 0.007824 0.007824 0.007824 0.007823 0.007823 0.007822 0.007822 0.007821 0.007821 0.007820 0.007819 0.007819 0.007818 0.007818 0.007817 0.007817 0.007816 0.007815 0.007815 0.007814 0.007813 0.007813 0.007812 0.007811 0.007811 0.007810 0.007809 0.007809 0.007808 0.007807 0.007806 0.007805 0.007805 0.007804 0.007803 0.007802 0.007801 0.007800 0.007800 0.007799 0.007798 0.007797 0.007796 0.007795 0.007794 0.007793 0.007792 0.007791 0.007789 0.007788 0.007786 0.007784 0.007781 0.007778 0.007774 0.007769 0.007762 0.007754 0.007743 0.007730 0.007713 0.007692 0.007668 0.007636 0.007593 0.007514 0.007320 0.006736
0.006737 0.007322 0.007516 0.007594 0.007637 0.007668 0.007693 0.007713 0.007730 0.007743 0.007754 0.007762 0.007768 0.007773 0.007777 0.007780 0.007783 0.007785 0.007787 0.007788 0.007789 0.007791 0.007792 0.007793 0.007794 0.007795 0.007796 0.007796 0.007797 0.007798 0.007799 0.007800 0.007801 0.007802 0.007802 0.007803 0.007804 0.007805 0.007806 0.007806 0.007807 0.007808 0.007808 0.007809 0.007810 0.007811 0.007811 0.007812 0.007813 0.007813 0.007814 0.007814 0.007815 0.007816 0.007816 0.007817 0.007817 0.007818 0.007818 0.007819 0.007819 0.007820 0.007820 0.007821 0.007821 0.007822 0.007822 0.007823 0.007823 0.007823 0.007824 0.007824 0.007825 0.007825 0.007825 0.007826 0.007826 0.007826 0.007827 0.007827 0.007827 0.007827 0.007828 0.007828 0.007828 0.007828 0.007828 0.007829 0.007829 0.007829 0.007829 0.007829 0.007829 0.007830 0.007830 0.007830 0.007830 0.007830 0.007830 0.007830 0.007830 0.007830 0.007830 0.007830 0.007830 0.007830 0.007830 0.007830 0.007830 0.007829 0.007829 0.007829 0.007829 0.007829 0.007829 0.007828 0.007828 0.007828 0.007828 0.007828 0.007827 0.007827 0.007827 0.007827 0.007826 0.007826 0.007826 0.007825 0.007825 0.007825 0.007824 0.007824 0.007823 0.007823 0.007823 0.007822 0.007822 0.007821 0.007821 0.007820 0.007820 0.007819 0.007819 0.007818 0.007818 0.007817 0.007817 0.007816 0.007816 0.007815 0.007814 0.007814 0.007813 0.007813 0.007812 0.007811 0.007811 0.007810 0.007809 0.007808 0.007808 0.007807 0.007806 0.007806 0.007805 0.007804 0.007803 0.007802 0.007802 0.007801 0.007800 0.007799 0.007798 0.007797 0.007796 0.007796 0.007795 0.007794 0.007793 0.007792 0.007791 0.007789 0.007788 0.007787 0.007785 0.007783 0.007780 0.007777 0.007773 0.007768 0.007762 0.007754 0.007743 0.007730 0.007713 0.007693 0.007668 0.007637 0.007594 0.007516 0.007322 0.006737
0.006738 0.007323 0.007517 0.007595 0.007637 0.007668 0.007692 0.007712 0.007728 0.007741 0.007752 0.007760 0.007766 0.007771 0.007775 0.007778 0.007781 0.007783 0.007784 0.007786 0.007787 0.007788 0.007789 0.007790 0.007791 0.007792 0.007793 0.007794 0.007795 0.007796 0.007796 0.007797 0.007798 0.007799 0.007800 0.007801 0.007801 0.007802 0.007803 0.007804 0.007804 0.007805 0.007806 0.007806 0.007807 0.007808 0.007808 0.007809 0.007810 0.007810 0.007811 0.007812 0.007812 0.007813 0.007813 0.007814 0.007814 0.007815 0.007815 0.007816 0.007816 0.007817 0.007817 0.007818 0.007818 0.007819 0.007819 0.007820 0.007820 0.007820 0.007821 0.007821 0.007821 0.007822 0.007822 0.007822 0.007823 0.007823 0.007823 0.007824 0.007824 0.007824 0.007824 0.007825 0.007825 0.007825 0.007825 0.007825 0.007826 0.007826 0.007826 0.007826 0.007826 0.007826 0.007826 0.007826 0.007827 0.007827 0.007827 0.007827 0.007827 0.007827 0.007827 0.007827 0.007827 0.007827 0.007826 0.007826 0.007826 0.007826 0.007826 0.007826 0.007826 0.007826 0.007825 0.007825 0.007825 0.007825 0.007825 0.007824 0.007824 0.007824 0.007824 0.007823 0.007823 0.007823 0.007822 0.007822 0.007822 0.007821 0.007821 0.007821 0.007820 0.007820 0.007820 0.007819 0.007819 0.007818 0.007818 0.007817 0.007817 0.007816 0.007816 0.007815 0.007815 0.007814 0.007814 0.007813 0.007813 0.007812 0.007812 0.007811 0.007810 0.007810 0.007809 0.007808 0.007808 0.007807 0.007806 0.007806 0.007805 0.007804 0.007804 0.007803 0.007802 0.007801 0.007801 0.007800 0.007799 0.007798 0.007797 0.007796 0.007796 0.007795 0.007794 0.007793 0.007792 0.007791 0.007790 0.007789 0.007788 0.007787 0.007786 0.007784 0.007783 0.007781 0.007778 0.007775 0.007771 0.007766 0.007760 0.007752 0.007741 0.007728 0.007712 0.007692 0.007668 0.007637 0.007595 0.007517 0.007323 0.006738
0.006738 0.007323 0.007516 0.007594 0.007636 0.007666 0.007690 0.007710 0.007726 0.007739 0.007749 0.007757 0.007763 0.007768 0.007772 0.007775 0.007778 0.007780 0.007781 0.007783 0.007784 0.007785 0.007786 0.007787 0.007788 0.007789 0.007790 0.007791 0.007791 0.007792 0.007793 0.007794 0.007795 0.007795 0.007796 0.007797 0.007798 0.007798 0.007799 0.007800 0.007801 0.007801 0.007802 0.007803 0.007803 0.007804 0.007805 0.007805 0.007806 0.007807 0.007807 0.007808 0.007808 0.007809 0.007809 0.007810 0.007810 0.007811 0.007812 0.007812 0.007812 0.007813 0.007813 0.007814 0.007814 0.007815 0.007815 0.007816 0.007816 0.007816 0.007817 0.007817 0.007817 0.007818 0.007818 0.007818 0.007819 0.007819 0.007819 0.007820 0.007820 0.007820 0.007820 0.007821 0.007821 0.007821 0.007821 0.007821 0.007821 0.007822 0.007822 0.007822 0.007822 0.007822 0.007822 0.007822 0.007822 0.007822 0.007822 0.007822 0.007822 0.007822 0.007822 0.007822 0.007822 0.007822 0.007822 0.007822 0.007822 0.007822 0.007822 0.007822 0.007822 0.007821 0.007821 0.007821 0.007821 0.007821 0.007821 0.007820 0.007820 0.007820 0.007820 0.007819 0.007819 0.007819 0.007818 0.007818 0.007818 0.007817 0.007817 0.007817 0.007816 0.007816 0.007816 0.007815 0.007815 0.007814 0.007814 0.007813 0.007813 0.007812 0.007812 0.007812 0.007811 0.007810 0.007810 0.007809 0.007809 0.007808 0.007808 0.007807 0.007807 0.007806 0.007805 0.007805 0.007804 0.007803 0.007803 0.007802 0.007801 0.007801 0.007800 0.007799 0.007798 0.007798 0.007797 0.007796 0.007795 0.007795 0.007794 0.007793 0.007792 0.007791 0.007791 0.007790 0.007789 0.007788 0.007787 0.007786 0.007785 0.007784 0.007783 0.007781 0.007780 0.007778 0.007775 0.007772 0.007768 0.007763 0.007757 0.007749 0.007739 0.007726 0.007710 0.007690 0.007666 0.007636 0.007594 0.007516 0.007323 0.006738
0.006737 0.007322 0.007515 0.007592 0.007634 0.007664 0.007688 0.007707 0.007723 0.007736 0.007746 0.007754 0.007760 0.007765 0.007769 0.007771 0.007774 0.007776 0.007777 0.007779 0.007780 0.007781 0.007782 0.007783 0.007784 0.007785 0.007786 0.007786 0.007787 0.007788 0.007789 0.007790 0.007790 0.007791 0.007792 0.007793 0.007793 0.007794 0.007795 0.007796 0.007796 0.007797 0.007798 0.007798 0.007799 0.007800 0.007800 0.007801 0.007802 0.007802 0.007803 0.007803 0.007804 0.007804 0.007805 0.007805 0.007806 0.007806 0.007807 0.007807 0.007808 0.007808 0.007809 0.007809 0.007810 0.007810 0.007811 0.007811 0.007811 0.007812 0.007812 0.007812 0.007813 0.007813 0.007813 0.007814 0.007814 0.007814 0.007815 0.007815 0.007815 0.007815 0.007816 0.007816 0.007816 0.007816 0.007816 0.007816 0.007817 0.007817 0.007817 0.007817 0.007817 0.007817 0.007817 0.007817 0.007817 0.007818 0.007818 0.007818 0.007818 0.007818 0.007818 0.007818 0.007818 0.007817 0.007817 0.007817 0.007817 0.007817 0.007817 0.007817 0.007817 0.007817 0.007816 0.007816 0.007816 0.007816 0.007816 0.007816 0.007815 0.007815 0.007815 0.007815 0.007814 0.007814 0.007814 0.007813 0.007813 0.007813 0.007812 0.007812 0.007812 0.007811 0.007811 0.007811 0.007810 0.007810 0.007809 0.007809 0.007808 0.007808 0.007807 0.007807 0.007806 0.007806 0.007805 0.007805 0.007804 0.007804 0.007803 0.007803 0.007802 0.007802 0.007801 0.007800 0.007800 0.007799 0.007798 0.007798 0.007797 0.007796 0.007796 0.007795 0.007794 0.007793 0.007793 0.007792 0.007791 0.007790 0.007790 0.007789 0.007788 0.007787 0.007786 0.007786 0.007785 0.007784 0.007783 0.007782 0.007781 0.007780 0.007779 0.007777 0.007776 0.007774 0.007771 0.007769 0.007765 0.007760 0.007754 0.007746 0.007736 0.007723 0.007707 0.007688 0.007664 0.007634 0.007592 0.007515 0.007322 0.006737
0.006735 0.007320 0.007513 0.007590 0.007632 0.007661 0.007685 0.007704 0.007720 0.007732 0.007742 0.007750 0.007756 0.007761 0.007764 0.007767 0.007770 0.007771 0.007773 0.007774 0.007776 0.007777 0.007778 0.007778 0.007779 0.007780 0.007781 0.007782 0.007783 0.007783 0.007784 0.007785 0.007786 0.007786 0.007787 0.007788 0.007789 0.007789 0.007790 0.007791 0.007791 0.007792 0.007793 0.007793 0.007794 0.007795 0.007795 0.007796 0.007797 0.007797 0.007798 0.007798 0.007799 0.007799 0.007800 0.007800 0.007801 0.007801 0.007802 0.007802 0.007803 0.007803 0.007804 0.007804 0.007805 0.007805 0.007805 0.007806 0.007806 0.007806 0.007807 0.007807 0.007807 0.007808 0.007808 0.007808 0.007809 0.007809 0.007809 0.007810 0.007810 0.007810 0.007810 0.007810 0.007811 0.007811 0.007811 0.007811 0.007811 0.007811 0.007812 0.007812 0.007812 0.007812 0.007812 0.007812 0.007812 0.007812 0.007812 0.007812 0.007812 0.007812 0.007812 0.007812 0.007812 0.007812 0.007812 0.007812 0.007812 0.007812 0.007812 0.007812 0.007811 0.007811 0.007811 0.007811 0.007811 0.007811 0.007810 0.007810 0.007810 0.007810 0.007810 0.007809 0.007809 0.007809 0.007808 0.007808 0.007808 0.007807 0.007807 0.007807 0.007806 0.007806 0.007806 0.007805 0.007805 0.007805 0.007804 0.007804 0.007803 0.007803 0.007802 0.007802 0.007801 0.007801 0.007800 0.007800 0.007799 0.007799 0.007798 0.007798 0.007797 0.007797 0.007796 0.007795 0.007795 0.007794 0.007793 0.007793 0.007792 0.007791 0.007791 0.007790 0.007789 0.007789 0.007788 0.007787 0.007786 0.007786 0.007785 0.007784 0.007783 0.007783 0.007782 0.007781 0.007780 0.007779 0.007778 0.007778 0.007777 0.007776 0.007774 0.007773 0.007771 0.007770 0.007767 0.007764 0.007761 0.007756 0.007750 0.007742 0.007732 0.007720 0.007704 0.007685 0.007661 0.007632 0.007590 0.007513 0.007320 0.006735
0.006733 0.007318 0.007511 0.007588 0.007629 0.007658 0.007681 0.007700 0.007716 0.007728 0.007738 0.007745 0.007751 0.007756 0.007760 0.007763 0.007765 0.007767 0.007768 0.007770 0.007771 0.007772 0.007773 0.007774 0.007774 0.007775 0.007776 0.007777 0.007778 0.007778 0.007779 0.007780 0.007781 0.007781 0.007782 0.007783 0.007783 0.007784 0.007785 0.007786 0.007786 0.007787 0.007788 0.007788 0.007789 0.007789 0.007790 0.007791 0.007791 0.007792 0.007792 0.007793 0.007793 0.007794 0.007794 0.007795 0.007795 0.007796 0.007796 0.007797 0.007797 0.007798 0.007798 0.007799 0.007799 0.007799 0.007800 0.007800 0.007801 0.007801 0.007801 0.007802 0.007802 0.007802 0.007802 0.007803 0.007803 0.007803 0.007804 0.007804 0.007804 0.007804 0.007804 0.007805 0.007805 0.007805 0.007805 0.007805 0.007806 0.007806 0.007806 0.007806 0.007806 0.007806 0.007806 0.007806 0.007806 0.007806 0.007806 0.007806 0.007806 0.007806 0.007806 0.007806 0.007806 0.007806 0.007806 0.007806 0.007806 0.007806 0.007806 0.007806 0.007806 0.007806 0.007805 0.007805 0.007805 0.007805 0.007805 0.007804 0.007804 0.007804 0.007804 0.007804 0.007803 0.007803 0.007803 0.007802 0.007802 0.007802 0.007802 0.007801 0.007801 0.007801 0.007800 0.007800 0.007799 0.007799 0.007799 0.007798 0.007798 0.007797 0.007797 0.007796 0.007796 0.007795 0.007795 0.007794 0.007794 0.007793 0.007793 0.007792 0.007792 0.007791 0.007791 0.007790 0.007789 0.007789 0.007788 0.007788 0.007787 0.007786 0.007786 0.007785 0.007784 0.007783 0.007783 0.007782 0.007781 0.007781 0.007780 0.007779 0.007778 0.007778 0.007777 0.007776 0.007775 0.007774 0.007774 0.007773 0.007772 0.007771 0.007770 0.007768 0.007767 0.007765 0.007763 0.007760 0.007756 0.007751 0.007745 0.007738 0.007728 0.007716 0.007700 0.007681 0.007658 0.007629 0.007588 0.007511 0.007318 0.006733
0.006731 0.007315 0.007508 0.007584 0.007626 0.007654 0.007677 0.007696 0.007711 0.007723 0.007733 0.007741 0.007747 0.007751 0.007755 0.007758 0.007760 0.007762 0.007763 0.007764 0.007766 0.007767 0.007767 0.007768 0.007769 0.007770 0.007771 0.007771 0.007772 0.007773 0.007774 0.007774 0.007775 0.007776 0.007777 0.007777 0.007778 0.007779 0.007779 0.007780 0.007781 0.007781 0.007782 0.007783 0.007783 0.007784 0.007784 0.007785 0.007786 0.007786 0.007787 0.007787 0.007788 0.007788 0.007789 0.007789 0.007790 0.007790 0.007791 0.007791 0.007791 0.007792 0.007792 0.007793 0.007793 0.007794 0.007794 0.007794 0.007795 0.007795 0.007795 0.007796 0.007796 0.007796 0.007796 0.007797 0.007797 0.007797 0.007798 0.007798 0.007798 0.007798 0.007798 0.007799 0.007799 0.007799 0.007799 0.007799 0.007799 0.007800 0.007800 0.007800 0.007800 0.007800 0.007800 0.007800 0.007800 0.007800 0.007800 0.007800 0.007800 0.007800 0.007800 0.007800 0.007800 0.007800 0.007800 0.007800 0.007800 0.007800 0.007800 0.007800 0.007800 0.007799 0.007799 0.007799 0.007799 0.007799 0.007799 0.007798 0.007798 0.007798 0.007798 0.007798 0.007797 0.007797 0.007797 0.007796 0.007796 0.007796 0.007796 0.007795 0.007795 0.007795 0.007794 0.007794 0.007794 0.007793 0.007793 0.007792 0.007792 0.007791 0.007791 0.007791 0.007790 0.007790 0.007789 0.007789 0.007788 0.007788 0.007787 0.007787 0.007786 0.007786 0.007785 0.007784 0.007784 0.007783 0.007783 0.007782 0.007781 0.007781 0.007780 0.007779 0.007779 0.007778 0.007777 0.007777 0.007776 0.007775 0.007774 0.007774 0.007773 0.007772 0.007771 0.007771 0.007770 0.007769 0.007768 0.007767 0.007767 0.007766 0.007764 0.007763 0.007762 0.007760 0.007758 0.007755 0.007751 0.007747 0.007741 0.007733 0.007723 0.007711 0.007696 0.007677 0.007654 0.007626 0.007584 0.007508 0.007315 0.006731
0.006727 0.007312 0.007504 0.007581 0.007622 0.007650 0.007673 0.007691 0.007706 0.007719 0.007728 0.007736 0.007741 0.007746 0.007749 0.007752 0.007754 0.007756 0.007758 0.007759 0.007760 0.007761 0.007762 0.007763 0.007764 0.007764 0.007765 0.007766 0.007767 0.007767 0.007768 0.007769 0.007769 0.007770 0.007771 0.007772 0.007772 0.007773 0.007774 0.007774 0.007775 0.007776 0.007776 0.007777 0.007777 0.007778 0.007779 0.007779 0.007780 0.007780 0.007781 0.007781 0.007782 0.007782 0.007783 0.007783 0.007784 0.007784 0.007785 0.007785 0.007785 0.007786 0.007786 0.007787 0.007787 0.007787 0.007788 0.007788 0.007788 0.007789 0.007789 0.007789 0.007790 0.007790 0.007790 0.007791 0.007791 0.007791 0.007791 0.007792 0.007792 0.007792 0.007792 0.007792 0.007793 0.007793 0.007793 0.007793 0.007793 0.007793 0.007793 0.007793 0.007794 0.007794 0.007794 0.007794 0.007794 0.007794 0.007794 0.007794 0.007794 0.007794 0.007794 0.007794 0.007794 0.007794 0.007794 0.007794 0.007794 0.007794 0.007793 0.007793 0.007793 0.007793 0.007793 0.007793 0.007793 0.007793 0.007792 0.007792 0.007792 0.007792 0.007792 0.007791 0.007791 0.007791 0.007791 0.007790 0.007790 0.007790 0.007789 0.007789 0.007789 0.007788 0.007788 0.007788 0.007787 0.007787 0.007787 0.007786 0.007786 0.007785 0.007785 0.007785 0.007784 0.007784 0.007783 0.007783 0.007782 0.007782 0.007781 0.007781 0.007780 0.007780 0.007779 0.007779 0.007778 0.007777 0.007777 0.007776 0.007776 0.007775 0.007774 0.007774 0.007773 0.007772 0.007772 0.007771 0.007770 0.007769 0.007769 0.007768 0.007767 0.007767 0.007766 0.007765 0.007764 0.007764 0.007763 0.007762 0.007761 0.007760 0.007759 0.007758 0.007756 0.007754 0.007752 0.007749 0.007746 0.007741 0.007736 0.007728 0.007719 0.007706 0.007691 0.007673 0.007650 0.007622 0.007581 0.007504 0.007312 0.006727
0.006724 0.007309 0.007501 0.007577 0.007618 0.007646 0.007668 0.007687 0.007701 0.007713 0.007723 0.007730 0.007736 0.007740 0.007744 0.007747 0.007749 0.007751 0.007752 0.007753 0.007754 0.007755 0.007756 0.007757 0.007758 0.007759 0.007759 0.007760 0.007761 0.007762 0.007762 0.007763 0.007764 0.007764 0.007765 0.007766 0.007766 0.007767 0.007768 0.007768 0.007769 0.007769 0.007770 0.007771 0.007771 0.007772 0.007772 0.007773 0.007774 0.007774 0.007775 0.007775 0.007776 0.007776 0.007777 0.007777 0.007777 0.007778 0.007778 0.007779 0.007779 0.007780 0.007780 0.007780 0.007781 0.007781 0.007781 0.007782 0.007782 0.007782 0.007783 0.007783 0.007783 0.007784 0.007784 0.007784 0.007784 0.007785 0.007785 0.007785 0.007785 0.007785 0.007786 0.007786 0.007786 0.007786 0.007786 0.007786 0.007787 0.007787 0.007787 0.007787 0.007787 0.007787 0.007787 0.007787 0.007787 0.007787 0.007787 0.007787 0.007787 0.007787 0.007787 0.007787 0.007787 0.007787 0.007787 0.007787 0.007787 0.007787 0.007787 0.007787 0.007787 0.007787 0.007786 0.007786 0.007786 0.007786 0.007786 0.007786 0.007785 0.007785 0.007785 0.007785 0.007785 0.007784 0.007784 0.007784 0.007784 0.007783 0.007783 0.007783 0.007782 0.007782 0.007782 0.007781 0.007781 0.007781 0.007780 0.007780 0.007780 0.007779 0.007779 0.007778 0.007778 0.007777 0.007777 0.007777 0.007776 0.007776 0.007775 0.007775 0.007774 0.007774 0.007773 0.007772 0.007772 0.007771 0.007771 0.007770 0.007769 0.007769 0.007768 0.007768 0.007767 0.007766 0.007766 0.007765 0.007764 0.007764 0.007763 0.007762 0.007762 0.007761 0.007760 0.007759 0.007759 0.007758 0.007757 0.007756 0.007755 0.007754 0.007753 0.007752 0.007751 0.007749 0.007747 0.007744 0.007740 0.007736 0.007730 0.007723 0.007713 0.007701 0.007687 0.007668 0.007646 0.007618 0.007577 0.007501 0.007309 0.006724
0.006720 0.007305 0.007497 0.007573 0.007613 0.007641 0.007663 0.007682 0.007696 0.007708 0.007717 0.007725 0.007730 0.007735 0.007738 0.007741 0.007743 0.007745 0.007746 0.007748 0.007749 0.007750 0.007750 0.007751 0.007752 0.007753 0.007753 0.007754 0.007755 0.007756 0.007756 0.007757 0.007758 0.007758 0.007759 0.007760 0.007760 0.007761 0.007761 0.007762 0.007763 0.007763 0.007764 0.007764 0.007765 0.007766 0.007766 0.007767 0.007767 0.007768 0.007768 0.007769 0.007769 0.007770 0.007770 0.007771 0.007771 0.007771 0.007772 0.007772 0.007773 0.007773 0.007773 0.007774 0.007774 0.007775 0.007775 0.007775 0.007776 0.007776 0.007776 0.007776 0.007777 0.007777 0.007777 0.007777 0.007778 0.007778 0.007778 0.007778 0.007779 0.007779 0.007779 0.007779 0.007779 0.007779 0.007780 0.007780 0.007780 0.007780 0.007780 0.007780 0.007780 0.007780 0.007780 0.007780 0.007781 0.007781 0.007781 0.007781 0.007781 0.007781 0.007781 0.007781 0.007781 0.007781 0.007780 0.007780 0.007780 0.007780 0.007780 0.007780 0.007780 0.007780 0.007780 0.007780 0.007779 0.007779 0.007779 0.007779 0.007779 0.007779 0.007778 0.007778 0.007778 0.007778 0.007777 0.007777 0.007777 0.007777 0.007776 0.007776 0.007776 0.007776 0.007775 0.007775 0.007775 0.007774 0.007774 0.007773 0.007773 0.007773 0.007772 0.007772 0.007771 0.007771 0.007771 0.007770 0.007770 0.007769 0.007769 0.007768 0.007768 0.007767 0.007767 0.007766 0.007766 0.007765 0.007764 0.007764 0.007763 0.007763 0.007762 0.007761 0.007761 0.007760 0.007760 0.007759 0.007758 0.007758 0.007757 0.007756 0.007756 0.007755 0.007754 0.007753 0.007753 0.007752 0.007751 0.007750 0.007750 0.007749 0.007748 0.007746 0.007745 0.007743 0.007741 0.007738 0.007735 0.007730 0.007725 0.007717 0.007708 0.007696 0.007682 0.007663 0.007641 0.007613 0.007573 0.007497 0.007305 0.006720
0.006716 0.007301 0.007492 0.007568 0.007609 0.007636 0.007658 0.007676 0.007691 0.007703 0.007712 0.007719 0.007725 0.007729 0.007732 0.007735 0.007737 0.007739 0.007740 0.007742 0.007743 0.007744 0.007744 0.007745 0.007746 0.007747 0.007747 0.007748 0.007749 0.007749 0.007750 0.007751 0.007751 0.007752 0.007753 0.007753 0.007754 0.007755 0.007755 0.007756 0.007756 0.007757 0.007758 0.007758 0.007759 0.007759 0.007760 0.007760 0.007761 0.007761 0.007762 0.007762 0.007763 0.007763 0.007764 0.007764 0.007765 0.007765 0.007765 0.007766 0.007766 0.007766 0.007767 0.007767 0.007768 0.007768 0.007768 0.007769 0.007769 0.007769 0.007769 0.007770 0.007770 0.007770 0.007770 0.007771 0.007771 0.007771 0.007771 0.007772 0.007772 0.007772 0.007772 0.007772 0.007772 0.007773 0.007773 0.007773 0.007773 0.007773 0.007773 0.007773 0.007773 0.007773 0.007774 0.007774 0.007774 0.007774 0.007774 0.007774 0.007774 0.007774 0.007774 0.007774 0.007774 0.007774 0.007774 0.007774 0.007773 0.007773 0.007773 0.007773 0.007773 0.007773 0.007773 0.007773 0.007773 0.007772 0.007772 0.007772 0.007772 0.007772 0.007772 0.007771 0.007771 0.007771 0.007771 0.007770 0.007770 0.007770 0.007770 0.007769 0.007769 0.007769 0.007769 0.007768 0.007768 0.007768 0.007767 0.007767 0.007766 0.007766 0.007766 0.007765 0.007765 0.007765 0.007764 0.007764 0.007763 0.007763 0.007762 0.007762 0.007761 0.007761 0.007760 0.007760 0.007759 0.007759 0.007758 0.007758 0.007757 0.007756 0.007756 0.007755 0.007755 0.007754 0.007753 0.007753 0.007752 0.007751 0.007751 0.007750 0.007749 0.007749 0.007748 0.007747 0.007747 0.007746 0.007745 0.007744 0.007744 0.007743 0.007742 0.007740 0.007739 0.007737 0.007735 0.007732 0.007729 0.007725 0.007719 0.007712 0.007703 0.007691 0.007676 0.007658 0.007636 0.007609 0.007568 0.007492 0.007301 0.006716
0.006712 0.007296 0.007488 0.007564 0.007604 0.007631 0.007653 0.007671 0.007685 0.007697 0.007706 0.007713 0.007719 0.007723 0.007726 0.007729 0.007731 0.007733 0.007734 0.007736 0.007737 0.007737 0.007738 0.007739 0.007740 0.007741 0.007741 0.007742 0.007743 0.007743 0.007744 0.007744 0.007745 0.007746 0.007746 0.007747 0.007748 0.007748 0.007749 0.007749 0.007750 0.007751 0.007751 0.007752 0.007752 0.007753 0.007753 0.007754 0.007754 0.007755 0.007755 0.007756 0.007756 0.007757 0.007757 0.007757 0.007758 0.007758 0.007759 0.007759 0.007759 0.007760 0.007760 0.007760 0.007761 0.007761 0.007761 0.007762 0.007762 0.007762 0.007763 0.007763 0.007763 0.007763 0.007764 0.007764 0.007764 0.007764 0.007764 0.007765 0.007765 0.007765 0.007765 0.007765 0.007765 0.007766 0.007766 0.007766 0.007766 0.007766 0.007766 0.007766 0.007766 0.007766 0.007766 0.007767 0.007767 0.007767 0.007767 0.007767 0.007767 0.007767 0.007767 0.007767 0.007767 0.007767 0.007767 0.007766 0.007766 0.007766 0.007766 0.007766 0.007766 0.007766 0.007766 0.007766 0.007766 0.007765 0.007765 0.007765 0.007765 0.007765 0.007765 0.007764 0.007764 0.007764 0.007764 0.007764 0.007763 0.007763 0.007763 0.007763 0.007762 0.007762 0.007762 0.007761 0.007761 0.007761 0.007760 0.007760 0.007760 0.007759 0.007759 0.007759 0.007758 0.007758 0.007757 0.007757 0.007757 0.007756 0.007756 0.007755 0.007755 0.007754 0.007754 0.007753 0.007753 0.007752 0.007752 0.007751 0.007751 0.007750 0.007749 0.007749 0.007748 0.007748 0.007747 0.007746 0.007746 0.007745 0.007744 0.007744 0.007743 0.007743 0.007742 0.007741 0.007741 0.007740 0.007739 0.007738 0.007737 0.007737 0.007736 0.007734 0.007733 0.007731 0.007729 0.007726 0.007723 0.007719 0.007713 0.007706 0.007697 0.007685 0.007671 0.007653 0.007631 0.007604 0.007564 0.007488 0.007296 0.006712
0.006708 0.007292 0.007483 0.007559 0.007599 0.007626 0.007648 0.007665 0.007680 0.007691 0.007700 0.007707 0.007713 0.007717 0.007720 0.007723 0.007725 0.007727 0.007728 0.007729 0.007730 0.007731 0.007732 0.007733 0.007734 0.007734 0.007735 0.007736 0.007736 0.007737 0.007737 0.007738 0.007739 0.007739 0.007740 0.007741 0.007741 0.007742 0.007742 0.007743 0.007743 0.007744 0.007745 0.007745 0.007746 0.007746 0.007747 0.007747 0.007748 0.007748 0.007749 0.007749 0.007749 0.007750 0.007750 0.007751 0.007751 0.007751 0.007752 0.007752 0.007753 0.007753 0.007753 0.007754 0.007754 0.007754 0.007754 0.007755 0.007755 0.007755 0.007756 0.007756 0.007756 0.007756 0.007757 0.007757 0.007757 0.007757 0.007757 0.007758 0.007758 0.007758 0.007758 0.007758 0.007758 0.007758 0.007759 0.007759 0.007759 0.007759 0.007759 0.007759 0.007759 0.007759 0.007759 0.007759 0.007759 0.007759 0.007759 0.007759 0.007759 0.007759 0.007759 0.007759 0.007759 0.007759 0.007759 0.007759 0.007759 0.007759 0.007759 0.007759 0.007759 0.007759 0.007759 0.007759 0.007758 0.007758 0.007758 0.007758 0.007758 0.007758 0.007758 0.007757 0.007757 0.007757 0.007757 0.007757 0.007756 0.007756 0.007756 0.007756 0.007755 0.007755 0.007755 0.007754 0.007754 0.007754 0.007754 0.007753 0.007753 0.007753 0.007752 0.007752 0.007751 0.007751 0.007751 0.007750 0.007750 0.007749 0.007749 0.007749 0.007748 0.007748 0.007747 0.007747 0.007746 0.007746 0.007745 0.007745 0.007744 0.007743 0.007743 0.007742 0.007742 0.007741 0.007741 0.007740 0.007739 0.007739 0.007738 0.007737 0.007737 0.007736 0.007736 0.007735 0.007734 0.007734 0.007733 0.007732 0.007731 0.007730 0.007729 0.007728 0.007727 0.007725 0.007723 0.007720 0.007717 0.007713 0.007707 0.007700 0.007691 0.007680 0.007665 0.007648 0.007626 0.007599 0.007559 0.007483 0.007292 0.006708
0.006703 0.007287 0.007478 0.007554 0.007593 0.007621 0.007642 0.007660 0.007674 0.007685 0.007694 0.007701 0.007707 0.007711 0.007714 0.007717 0.007719 0.007720 0.007722 0.007723 0.007724 0.007725 0.007726 0.007726 0.007727 0.007728 0.007728 0.007729 0.007730 0.007730 0.007731 0.007732 0.007732 0.007733 0.007733 0.007734 0.007735 0.007735 0.007736 0.007736 0.007737 0.007737 0.007738 0.007738 0.007739 0.007739 0.007740 0.007740 0.007741 0.007741 0.007742 0.007742 0.007743 0.007743 0.007743 0.007744 0.007744 0.007745 0.007745 0.007745 0.007746 0.007746 0.007746 0.007747 0.007747 0.007747 0.007747 0.007748 0.007748 0.007748 0.007748 0.007749 0.007749 0.007749 0.007749 0.007750 0.007750 0.007750 0.007750 0.007750 0.007751 0.007751 0.007751 0.007751 0.007751 0.007751 0.007751 0.007751 0.007752 0.007752 0.007752 0.007752 0.007752 0.007752 0.007752 0.007752 0.007752 0.007752 0.007752 0.007752 0.007752 0.007752 0.007752 0.007752 0.007752 0.007752 0.007752 0.007752 0.007752 0.007752 0.007752 0.007752 0.007752 0.007752 0.007751 0.007751 0.007751 0.007751 0.007751 0.007751 0.007751 0.007751 0.007750 0.007750 0.007750 0.007750 0.007750 0.007749 0.007749 0.007749 0.007749 0.007748 0.007748 0.007748 0.007748 0.007747 0.007747 0.007747 0.007747 0.007746 0.007746 0.007746 0.007745 0.007745 0.007745 0.007744 0.007744 0.007743 0.007743 0.007743 0.007742 0.007742 0.007741 0.007741 0.007740 0.007740 0.007739 0.007739 0.007738 0.007738 0.007737 0.007737 0.007736 0.007736 0.007735 0.007735 0.007734 0.007733 0.007733 0.007732 0.007732 0.007731 0.007730 0.007730 0.007729 0.007728 0.007728 0.007727 0.007726 0.007726 0.007725 0.007724 0.007723 0.007722 0.007720 0.007719 0.007717 0.007714 0.007711 0.007707 0.007701 0.007694 0.007685 0.007674 0.007660 0.007642 0.007621 0.007593 0.007554 0.007478 0.007287 0.006703
0.006698 0.007282 0.007473 0.007548 0.007588 0.007615 0.007636 0.007654 0.007668 0.007679 0.007688 0.007695 0.007700 0.007705 0.007708 0.007710 0.007712 0.007714 0.007715 0.007717 0.007718 0.007718 0.007719 0.007720 0.007721 0.007721 0.007722 0.007723 0.007723 0.007724 0.007724 0.007725 0.007726 0.007726 0.007727 0.007727 0.007728 0.007728 0.007729 0.007730 0.007730 0.007731 0.007731 0.007732 0.007732 0.007733 0.007733 0.007734 0.007734 0.007734 0.007735 0.007735 0.007736 0.007736 0.007736 0.007737 0.007737 0.007738 0.007738 0.007738 0.007739 0.007739 0.007739 0.007739 0.007740 0.007740 0.007740 0.007741 0.007741 0.007741 0.007741 0.007742 0.007742 0.007742 0.007742 0.007742 0.007743 0.007743 0.007743 0.007743 0.007743 0.007743 0.007744 0.007744 0.007744 0.007744 0.007744 0.007744 0.007744 0.007744 0.007744 0.007745 0.007745 0.007745 0.007745 0.007745 0.007745 0.007745 0.007745 0.007745 0.007745 0.007745 0.007745 0.007745 0.007745 0.007745 0.007745 0.007745 0.007745 0.007745 0.007745 0.007744 0.007744 0.007744 0.007744 0.007744 0.007744 0.007744 0.007744 0.007744 0.007743 0.007743 0.007743 0.007743 0.007743 0.007743 0.007742 0.007742 0.007742 0.007742 0.007742 0.007741 0.007741 0.007741 0.007741 0.007740 0.007740 0.007740 0.007739 0.007739 0.007739 0.007739 0.007738 0.007738 0.007738 0.007737 0.007737 0.007736 0.007736 0.007736 0.007735 0.007735 0.007734 0.007734 0.007734 0.007733 0.007733 0.007732 0.007732 0.007731 0.007731 0.007730 0.007730 0.007729 0.007728 0.007728 0.007727 0.007727 0.007726 0.007726 0.007725 0.007724 0.007724 0.007723 0.007723 0.007722 0.007721 0.007721 0.007720 0.007719 0.007718 0.007718 0.007717 0.007715 0.007714 0.007712 0.007710 0.007708 0.007705 0.007700 0.007695 0.007688 0.007679 0.007668 0.007654 0.007636 0.007615 0.007588 0.007548 0.007473 0.007282 0.006698
0.006694 0.007277 0.007468 0.007543 0.007582 0.007609 0.007631 0.007648 0.007662 0.007673 0.007682 0.007689 0.007694 0.007698 0.007701 0.007704 0.007706 0.007708 0.007709 0.007710 0.007711 0.007712 0.007713 0.007713 0.007714 0.007715 0.007715 0.007716 0.007717 0.007717 0.007718 0.007718 0.007719 0.007720 0.007720 0.007721 0.007721 0.007722 0.007722 0.007723 0.007723 0.007724 0.007724 0.007725 0.007725 0.007726 0.007726 0.007727 0.007727 0.007727 0.007728 0.007728 0.007729 0.007729 0.007729 0.007730 0.007730 0.007730 0.007731 0.007731 0.007731 0.007732 0.007732 0.007732 0.007733 0.007733 0.007733 0.007733 0.007734 0.007734 0.007734 0.007734 0.007734 0.007735 0.007735 0.007735 0.007735 0.007735 0.007736 0.007736 0.007736 0.007736 0.007736 0.007736 0.007736 0.007737 0.007737 0.007737 0.007737 0.007737 0.007737 0.007737 0.007737 0.007737 0.007737 0.007737 0.007737 0.007737 0.007737 0.007737 0.007737 0.007737 0.007737 0.007737 0.007737 0.007737 0.007737 0.007737 0.007737 0.007737 0.007737 0.007737 0.007737 0.007737 0.007737 0.007737 0.007737 0.007736 0.007736 0.007736 0.007736 0.007736 0.007736 0.007736 0.007735 0.007735 0.007735 0.007735 0.007735 0.007734 0.007734 0.007734 0.007734 0.007734 0.007733 0.007733 0.007733 0.007733 0.007732 0.007732 0.007732 0.007731 0.007731 0.007731 0.007730 0.007730 0.007730 0.007729 0.007729 0.007729 0.007728 0.007728 0.007727 0.007727 0.007727 0.007726 0.007726 0.007725 0.007725 0.007724 0.007724 0.007723 0.007723 0.007722 0.007722 0.007721 0.007721 0.007720 0.007720 0.007719 0.007718 0.007718 0.007717 0.007717 0.007716 0.007715 0.007715 0.007714 0.007713 0.007713 0.007712 0.007711 0.007710 0.007709 0.007708 0.007706 0.007704 0.007701 0.007698 0.007694 0.007689 0.007682 0.007673 0.007662 0.007648 0.007631 0.007609 0.007582 0.007543 0.007468 0.007277 0.006694
0.006688 0.007271 0.007462 0.007537 0.007577 0.007604 0.007625 0.007642 0.007656 0.007667 0.007675 0.007682 0.007688 0.007692 0.007695 0.007697 0.007699 0.007701 0.007702 0.007704 0.007705 0.007705 0.007706 0.007707 0.007708 0.007708 0.007709 0.007709 0.007710 0.007711 0.007711 0.007712 0.007712 0.007713 0.007713 0.007714 0.007714 0.007715 0.007715 0.007716 0.007716 0.007717 0.007717 0.007718 0.007718 0.007719 0.007719 0.007720 0.007720 0.007720 0.007721 0.007721 0.007722 0.007722 0.007722 0.007723 0.007723 0.007723 0.007724 0.007724 0.007724 0.007725 0.007725 0.007725 0.007725 0.007726 0.007726 0.007726 0.007726 0.007727 0.007727 0.007727 0.007727 0.007727 0.007728 0.007728 0.007728 0.007728 0.007728 0.007728 0.007728 0.007729 0.007729 0.007729 0.007729 0.007729 0.007729 0.007729 0.007729 0.007729 0.007729 0.007730 0.007730 0.007730 0.007730 0.007730 0.007730 0.007730 0.007730 0.007730 0.007730 0.007730 0.007730 0.007730 0.007730 0.007730 0.007730 0.007730 0.007730 0.007730 0.007730 0.007729 0.007729 0.007729 0.007729 0.007729 0.007729 0.007729 0.007729 0.007729 0.007729 0.007728 0.007728 0.007728 0.007728 0.007728 0.007728 0.007728 0.007727 0.007727 0.007727 0.007727 0.007727 0.007726 0.007726 0.007726 0.007726 0.007725 0.007725 0.007725 0.007725 0.007724 0.007724 0.007724 0.007723 0.007723 0.007723 0.007722 0.007722 0.007722 0.007721 0.007721 0.007720 0.007720 0.007720 0.007719 0.007719 0.007718 0.007718 0.007717 0.007717 0.007716 0.007716 0.007715 0.007715 0.007714 0.007714 0.007713 0.007713 0.007712 0.007712 0.007711 0.007711 0.007710 0.007709 0.007709 0.007708 0.007708 0.007707 0.007706 0.007705 0.007705 0.007704 0.007702 0.007701 0.007699 0.007697 0.007695 0.007692 0.007688 0.007682 0.007675 0.007667 0.007656 0.007642 0.007625 0.007604 0.007577 0.007537 0.007462 0.007271 0.006688
0.006683 0.007266 0.007457 0.007532 0.007571 0.007598 0.007619 0.007636 0.007649 0.007660 0.007669 0.007676 0.007681 0.007685 0.007688 0.007691 0.007693 0.007694 0.007696 0.007697 0.007698 0.007699 0.007700 0.007700 0.007701 0.007701 0.007702 0.007703 0.007703 0.007704 0.007704 0.007705 0.007705 0.007706 0.007707 0.007707 0.007708 0.007708 0.007709 0.007709 0.007709 0.007710 0.007710 0.007711 0.007711 0.007712 0.007712 0.007713 0.007713 0.007713 0.007714 0.007714 0.007714 0.007715 0.007715 0.007715 0.007716 0.007716 0.007716 0.007717 0.007717 0.007717 0.007718 0.007718 0.007718 0.007718 0.007718 0.007719 0.007719 0.007719 0.007719 0.007720 0.007720 0.007720 0.007720 0.007720 0.007720 0.007721 0.007721 0.007721 0.007721 0.007721 0.007721 0.007721 0.007721 0.007722 0.007722 0.007722 0.007722 0.007722 0.007722 0.007722 0.007722 0.007722 0.007722 0.007722 0.007722 0.007722 0.007722 0.007722 0.007722 0.007722 0.007722 0.007722 0.007722 0.007722 0.007722 0.007722 0.007722 0.007722 0.007722 0.007722 0.007722 0.007722 0.007722 0.007722 0.007722 0.007721 0.007721 0.007721 0.007721 0.007721 0.007721 0.007721 0.007721 0.007720 0.007720 0.007720 0.007720 0.007720 0.007720 0.007719 0.007719 0.007719 0.007719 0.007718 0.007718 0.007718 0.007718 0.007718 0.007717 0.007717 0.007717 0.007716 0.007716 0.007716 0.007715 0.007715 0.007715 0.007714 0.007714 0.007714 0.007713 0.007713 0.007713 0.007712 0.007712 0.007711 0.007711 0.007710 0.007710 0.007709 0.007709 0.007709 0.007708 0.007708 0.007707 0.007707 0.007706 0.007705 0.007705 0.007704 0.007704 0.007703 0.007703 0.007702 0.007701 0.007701 0.007700 0.007700 0.007699 0.007698 0.007697 0.007696 0.007694 0.007693 0.007691 0.007688 0.007685 0.007681 0.007676 0.007669 0.007660 0.007649 0.007636 0.007619 0.007598 0.007571 0.007532 0.007457 0.007266 0.006683
0.006678 0.007260 0.007451 0.007526 0.007565 0.007592 0.007613 0.007629 0.007643 0.007654 0.007663 0.007669 0.007675 0.007679 0.007682 0.007684 0.007686 0.007688 0.007689 0.007690 0.007691 0.007692 0.007693 0.007693 0.007694 0.007695 0.007695 0.007696 0.007696 0.007697 0.007698 0.007698 0.007699 0.007699 0.007700 0.007700 0.007701 0.007701 0.007702 0.007702 0.007703 0.007703 0.007703 0.007704 0.007704 0.007705 0.007705 0.007705 0.007706 0.007706 0.007707 0.007707 0.007707 0.007708 0.007708 0.007708 0.007709 0.007709 0.007709 0.007709 0.007710 0.007710 0.007710 0.007710 0.007711 0.007711 0.007711 0.007711 0.007712 0.007712 0.007712 0.007712 0.007712 0.007712 0.007713 0.007713 0.007713 0.007713 0.007713 0.007713 0.007713 0.007714 0.007714 0.007714 0.007714 0.007714 0.007714 0.007714 0.007714 0.007714 0.007714 0.007714 0.007714 0.007714 0.007714 0.007715 0.007715 0.007715 0.007715 0.007715 0.007715 0.007715 0.007715 0.007715 0.007715 0.007715 0.007715 0.007714 0.007714 0.007714 0.007714 0.007714 0.007714 0.007714 0.007714 0.007714 0.007714 0.007714 0.007714 0.007714 0.007714 0.007713 0.007713 0.007713 0.007713 0.007713 0.007713 0.007713 0.007712 0.007712 0.007712 0.007712 0.007712 0.007712 0.007711 0.007711 0.007711 0.007711 0.007710 0.007710 0.007710 0.007710 0.007709 0.007709 0.007709 0.007709 0.007708 0.007708 0.007708 0.007707 0.007707 0.007707 0.007706 0.007706 0.007705 0.007705 0.007705 0.007704 0.007704 0.007703 0.007703 0.007703 0.007702 0.007702 0.007701 0.007701 0.007700 0.007700 0.007699 0.007699 0.007698 0.007698 0.007697 0.007696 0.007696 0.007695 0.007695 0.007694 0.007693 0.007693 0.007692 0.007691 0.007690 0.007689 0.007688 0.007686 0.007684 0.007682 0.007679 0.007675 0.007669 0.007663 0.007654 0.007643 0.007629 0.007613 0.007592 0.007565 0.007526 0.007451 0.007260 0.006678
0.006673 0.007255 0.007445 0.007520 0.007559 0.007586 0.007606 0.007623 0.007637 0.007648 0.007656 0.007663 0.007668 0.007672 0.007675 0.007678 0.007680 0.007681 0.007682 0.007684 0.007685 0.007685 0.007686 0.007687 0.007687 0.007688 0.007689 0.007689 0.007690 0.007690 0.007691 0.007691 0.007692 0.007692 0.007693 0.007693 0.007694 0.007694 0.007695 0.007695 0.007696 0.007696 0.007696 0.007697 0.007697 0.007698 0.007698 0.007698 0.007699 0.007699 0.007699 0.007700 0.007700 0.007700 0.007701 0.007701 0.007701 0.007702 0.007702 0.007702 0.007702 0.007703 0.007703 0.007703 0.007703 0.007703 0.007704 0.007704 0.007704 0.007704 0.007704 0.007705 0.007705 0.007705 0.007705 0.007705 0.007705 0.007705 0.007706 0.007706 0.007706 0.007706 0.007706 0.007706 0.007706 0.007706 0.007706 0.007706 0.007706 0.007707 0.007707 0.007707 0.007707 0.007707 0.007707 0.007707 0.007707 0.007707 0.007707 0.007707 0.007707 0.007707 0.007707 0.007707 0.007707 0.007707 0.007707 0.007707 0.007707 0.007707 0.007707 0.007707 0.007707 0.007706 0.007706 0.007706 0.007706 0.007706 0.007706 0.007706 0.007706 0.007706 0.007706 0.007706 0.007705 0.007705 0.007705 0.007705 0.007705 0.007705 0.007705 0.007704 0.007704 0.007704 0.007704 0.007704 0.007703 0.007703 0.007703 0.007703 0.007703 0.007702 0.007702 0.007702 0.007702 0.007701 0.007701 0.007701 0.007700 0.007700 0.007700 0.007699 0.007699 0.007699 0.007698 0.007698 0.007698 0.007697 0.007697 0.007696 0.007696 0.007696 0.007695 0.007695 0.007694 0.007694 0.007693 0.007693 0.007692 0.007692 0.007691 0.007691 0.007690 0.007690 0.007689 0.007689 0.007688 0.007687 0.007687 0.007686 0.007685 0.007685 0.007684 0.007682 0.007681 0.007680 0.007678 0.007675 0.007672 0.007668 0.007663 0.007656 0.007648 0.007637 0.007623 0.007606 0.007586 0.007559 0.007520 0.007445 0.007255 0.006673
0.006667 0.007249 0.007440 0.007514 0.007553 0.007580 0.007600 0.007617 0.007630 0.007641 0.007650 0.007656 0.007661 0.007665 0.007669 0.007671 0.007673 0.007674 0.007676 0.007677 0.007678 0.007679 0.007679 0.007680 0.007681 0.007681 0.007682 0.007682 0.007683 0.007683 0.007684 0.007684 0.007685 0.007685 0.007686 0.007686 0.007687 0.007687 0.007688 0.007688 0.007688 0.007689 0.007689 0.007690 0.007690 0.007690 0.007691 0.007691 0.007692 0.007692 0.007692 0.007692 0.007693 0.007693 0.007693 0.007694 0.007694 0.007694 0.007694 0.007695 0.007695 0.007695 0.007695 0.007696 0.007696 0.007696 0.007696 0.007696 0.007697 0.007697 0.007697 0.007697 0.007697 0.007697 0.007697 0.007698 0.007698 0.007698 0.007698 0.007698 0.007698 0.007698 0.007698 0.007698 0.007698 0.007699 0.007699 0.007699 0.007699 0.007699 0.007699 0.007699 0.007699 0.007699 0.007699 0.007699 0.007699 0.007699 0.007699 0.007699 0.007699 0.007699 0.007699 0.007699 0.007699 0.007699 0.007699 0.007699 0.007699 0.007699 0.007699 0.007699 0.007699 0.007699 0.007699 0.007699 0.007699 0.007698 0.007698 0.007698 0.007698 0.007698 0.007698 0.007698 0.007698 0.007698 0.007698 0.007697 0.007697 0.007697 0.007697 0.007697 0.007697 0.007697 0.007696 0.007696 0.007696 0.007696 0.007696 0.007695 0.007695 0.007695 0.007695 0.007694 0.007694 0.007694 0.007694 0.007693 0.007693 0.007693 0.007692 0.007692 0.007692 0.007692 0.007691 0.007691 0.007690 0.007690 0.007690 0.007689 0.007689 0.007688 0.007688 0.007688 0.007687 0.007687 0.007686 0.007686 0.007685 0.007685 0.007684 0.007684 0.007683 0.007683 0.007682 0.007682 0.007681 0.007681 0.007680 0.007679 0.007679 0.007678 0.007677 0.007676 0.007674 0.007673 0.007671 0.007669 0.007665 0.007661 0.007656 0.007650 0.007641 0.007630 0.007617 0.007600 0.007580 0.007553 0.007514 0.007440 0.007249 0.006667
0.006662 0.007243 0.007434 0.007508 0.007547 0.007574 0.007594 0.007611 0.007624 0.007635 0.007643 0.007650 0.007655 0.007659 0.007662 0.007664 0.007666 0.007668 0.007669 0.007670 0.007671 0.007672 0.007673 0.007673 0.007674 0.007674 0.007675 0.007675 0.007676 0.007676 0.007677 0.007677 0.007678 0.007678 0.007679 0.007679 0.007680 0.007680 0.007681 0.007681 0.007681 0.007682 0.007682 0.007683 0.007683 0.007683 0.007684 0.007684 0.007684 0.007685 0.007685 0.007685 0.007685 0.007686 0.007686 0.007686 0.007687 0.007687 0.007687 0.007687 0.007687 0.007688 0.007688 0.007688 0.007688 0.007688 0.007689 0.007689 0.007689 0.007689 0.007689 0.007689 0.007690 0.007690 0.007690 0.007690 0.007690 0.007690 0.007690 0.007690 0.007690 0.007691 0.007691 0.007691 0.007691 0.007691 0.007691 0.007691 0.007691 0.007691 0.007691 0.007691 0.007691 0.007691 0.007691 0.007691 0.007691 0.007691 0.007691 0.007691 0.007691 0.007691 0.007691 0.007691 0.007691 0.007691 0.007691 0.007691 0.007691 0.007691 0.007691 0.007691 0.007691 0.007691 0.007691 0.007691 0.007691 0.007691 0.007691 0.007691 0.007691 0.007690 0.007690 0.007690 0.007690 0.007690 0.007690 0.007690 0.007690 0.007690 0.007689 0.007689 0.007689 0.007689 0.007689 0.007689 0.007688 0.007688 0.007688 0.007688 0.007688 0.007687 0.007687 0.007687 0.007687 0.007687 0.007686 0.007686 0.007686 0.007685 0.007685 0.007685 0.007685 0.007684 0.007684 0.007684 0.007683 0.007683 0.007683 0.007682 0.007682 0.007681 0.007681 0.007681 0.007680 0.007680 0.007679 0.007679 0.007678 0.007678 0.007677 0.007677 0.007676 0.007676 0.007675 0.007675 0.007674 0.007674 0.007673 0.007673 0.007672 0.007671 0.007670 0.007669 0.007668 0.007666 0.007664 0.007662 0.007659 0.007655 0.007650 0.007643 0.007635 0.007624 0.007611 0.007594 0.007574 0.007547 0.007508 0.007434 0.007243 0.006662
0.006656 0.007238 0.007428 0.007502 0.007541 0.007567 0.007588 0.007604 0.007618 0.007628 0.007637 0.007643 0.007648 0.007652 0.007655 0.007658 0.007659 0.007661 0.007662 0.007663 0.007664 0.007665 0.007666 0.007666 0.007667 0.007668 0.007668 0.007669 0.007669 0.007670 0.007670 0.007671 0.007671 0.007671 0.007672 0.007672 0.007673 0.007673 0.007674 0.007674 0.007674 0.007675 0.007675 0.007675 0.007676 0.007676 0.007676 0.007677 0.007677 0.007677 0.007678 0.007678 0.007678 0.007678 0.007679 0.007679 0.007679 0.007679 0.007680 0.007680 0.007680 0.007680 0.007680 0.007681 0.007681 0.007681 0.007681 0.007681 0.007681 0.007682 0.007682 0.007682 0.007682 0.007682 0.007682 0.007682 0.007682 0.007682 0.007683 0.007683 0.007683 0.007683 0.007683 0.007683 0.007683 0.007683 0.007683 0.007683 0.007683 0.007683 0.007683 0.007683 0.007683 0.007683 0.007683 0.007683 0.007683 0.007683 0.007683 0.007684 0.007684 0.007684 0.007684 0.007683 0.007683 0.007683 0.007683 0.007683 0.007683 0.007683 0.007683 0.007683 0.007683 0.007683 0.007683 0.007683 0.007683 0.007683 0.007683 0.007683 0.007683 0.007683 0.007683 0.007683 0.007682 0.007682 0.007682 0.007682 0.007682 0.007682 0.007682 0.007682 0.007682 0.007681 0.007681 0.007681 0.007681 0.007681 0.007681 0.007680 0.007680 0.007680 0.007680 0.007680 0.007679 0.007679 0.007679 0.007679 0.007678 0.007678 0.007678 0.007678 0.007677 0.007677 0.007677 0.007676 0.007676 0.007676 0.007675 0.007675 0.007675 0.007674 0.007674 0.007674 0.007673 0.007673 0.007672 0.007672 0.007671 0.007671 0.007671 0.007670 0.007670 0.007669 0.007669 0.007668 0.007668 0.007667 0.007666 0.007666 0.007665 0.007664 0.007663 0.007662 0.007661 0.007659 0.007658 0.007655 0.007652 0.007648 0.007643 0.007637 0.007628 0.007618 0.007604 0.007588 0.007567 0.007541 0.007502 0.007428 0.007238 0.006656
0.006651 0.007232 0.007422 0.007497 0.007535 0.007561 0.007582 0.007598 0.007611 0.007622 0.007630 0.007637 0.007642 0.007645 0.007649 0.007651 0.007653 0.007654 0.007656 0.007657 0.007657 0.007658 0.007659 0.007660 0.007660 0.007661 0.007661 0.007662 0.007662 0.007663 0.007663 0.007664 0.007664 0.007665 0.007665 0.007665 0.007666 0.007666 0.007667 0.007667 0.007667 0.007668 0.007668 0.007668 0.007669 0.007669 0.007669 0.007670 0.007670 0.007670 0.007670 0.007671 0.007671 0.007671 0.007671 0.007672 0.007672 0.007672 0.007672 0.007672 0.007673 0.007673 0.007673 0.007673 0.007673 0.007673 0.007674 0.007674 0.007674 0.007674 0.007674 0.007674 0.007674 0.007674 0.007674 0.007675 0.007675 0.007675 0.007675 0.007675 0.007675 0.007675 0.007675 0.007675 0.007675 0.007675 0.007675 0.007675 0.007675 0.007675 0.007675 0.007676 0.007676 0.007676 0.007676 0.007676 0.007676 0.007676 0.007676 0.007676 0.007676 0.007676 0.007676 0.007676 0.007676 0.007676 0.007676 0.007676 0.007676 0.007676 0.007676 0.007675 0.007675 0.007675 0.007675 0.007675 0.007675 0.007675 0.007675 0.007675 0.007675 0.007675 0.007675 0.007675 0.007675 0.007675 0.007675 0.007674 0.007674 0.007674 0.007674 0.007674 0.007674 0.007674 0.007674 0.007674 0.007673 0.007673 0.007673 0.007673 0.007673 0.007673 0.007672 0.007672 0.007672 0.007672 0.007672 0.007671 0.007671 0.007671 0.007671 0.007670 0.007670 0.007670 0.007670 0.007669 0.007669 0.007669 0.007668 0.007668 0.007668 0.007667 0.007667 0.007667 0.007666 0.007666 0.007665 0.007665 0.007665 0.007664 0.007664 0.007663 0.007663 0.007662 0.007662 0.007661 0.007661 0.007660 0.007660 0.007659 0.007658 0.007657 0.007657 0.007656 0.007654 0.007653 0.007651 0.007649 0.007645 0.007642 0.007637 0.007630 0.007622 0.007611 0.007598 0.007582 0.007561 0.007535 0.007497 0.007422 0.007232 0.006651
0.006645 0.007226 0.007416 0.007491 0.007529 0.007555 0.007575 0.007592 0.007605 0.007615 0.007624 0.007630 0.007635 0.007639 0.007642 0.007644 0.007646 0.007648 0.007649 0.007650 0.007651 0.007652 0.007652 0.007653 0.007653 0.007654 0.007654 0.007655 0.007655 0.007656 0.007656 0.007657 0.007657 0.007658 0.007658 0.007658 0.007659 0.007659 0.007659 0.007660 0.007660 0.007661 0.007661 0.007661 0.007661 0.007662 0.007662 0.007662 0.007663 0.007663 0.007663 0.007663 0.007664 0.007664 0.007664 0.007664 0.007664 0.007665 0.007665 0.007665 0.007665 0.007665 0.007665 0.007666 0.007666 0.007666 0.007666 0.007666 0.007666 0.007666 0.007666 0.007667 0.007667 0.007667 0.007667 0.007667 0.007667 0.007667 0.007667 0.007667 0.007667 0.007667 0.007667 0.007667 0.007667 0.007667 0.007668 0.007668 0.007668 0.007668 0.007668 0.007668 0.007668 0.007668 0.007668 0.007668 0.007668 0.007668 0.007668 0.007668 0.007668 0.007668 0.007668 0.007668 0.007668 0.007668 0.007668 0.007668 0.007668 0.007668 0.007668 0.007668 0.007668 0.007668 0.007668 0.007668 0.007667 0.007667 0.007667 0.007667 0.007667 0.007667 0.007667 0.007667 0.007667 0.007667 0.007667 0.007667 0.007667 0.007667 0.007667 0.007666 0.007666 0.007666 0.007666 0.007666 0.007666 0.007666 0.007666 0.007665 0.007665 0.007665 0.007665 0.007665 0.007665 0.007664 0.007664 0.007664 0.007664 0.007664 0.007663 0.007663 0.007663 0.007663 0.007662 0.007662 0.007662 0.007661 0.007661 0.007661 0.007661 0.007660 0.007660 0.007659 0.007659 0.007659 0.007658 0.007658 0.007658 0.007657 0.007657 0.007656 0.007656 0.007655 0.007655 0.007654 0.007654 0.007653 0.007653 0.007652 0.007652 0.007651 0.007650 0.007649 0.007648 0.007646 0.007644 0.007642 0.007639 0.007635 0.007630 0.007624 0.007615 0.007605 0.007592 0.007575 0.007555 0.007529 0.007491 0.007416 0.007226 0.006645
0.006640 0.007220 0.007410 0.007485 0.007523 0.007549 0.007569 0.007585 0.007598 0.007609 0.007617 0.007623 0.007628 0.007632 0.007635 0.007638 0.007639 0.007641 0.007642 0.007643 0.007644 0.007645 0.007645 0.007646 0.007647 0.007647 0.007648 0.007648 0.007649 0.007649 0.007649 0.007650 0.007650 0.007651 0.007651 0.007651 0.007652 0.007652 0.007652 0.007653 0.007653 0.007653 0.007654 0.007654 0.007654 0.007655 0.007655 0.007655 0.007655 0.007656 0.007656 0.007656 0.007656 0.007656 0.007657 0.007657 0.007657 0.007657 0.007657 0.007657 0.007658 0.007658 0.007658 0.007658 0.007658 0.007658 0.007658 0.007658 0.007659 0.007659 0.007659 0.007659 0.007659 0.007659 0.007659 0.007659 0.007659 0.007659 0.007659 0.007659 0.007659 0.007660 0.007660 0.007660 0.007660 0.007660 0.007660 0.007660 0.007660 0.007660 0.007660 0.007660 0.007660 0.007660 0.007660 0.007660 0.007660 0.007660 0.007660 0.007660 0.007660 0.007660 0.007660 0.007660 0.007660 0.007660 0.007660 0.007660 0.007660 0.007660 0.007660 0.007660 0.007660 0.007660 0.007660 0.007660 0.007660 0.007660 0.007660 0.007660 0.007660 0.007659 0.007659 0.007659 0.007659 0.007659 0.007659 0.007659 0.007659 0.007659 0.007659 0.007659 0.007659 0.007659 0.007658 0.007658 0.007658 0.007658 0.007658 0.007658 0.007658 0.007658 0.007657 0.007657 0.007657 0.007657 0.007657 0.007657 0.007656 0.007656 0.007656 0.007656 0.007656 0.007655 0.007655 0.007655 0.007655 0.007654 0.007654 0.007654 0.007653 0.007653 0.007653 0.007652 0.007652 0.007652 0.007651 0.007651 0.007651 0.007650 0.007650 0.007649 0.007649 0.007649 0.007648 0.007648 0.007647 0.007647 0.007646 0.007645 0.007645 0.007644 0.007643 0.007642 0.007641 0.007639 0.007638 0.007635 0.007632 0.007628 0.007623 0.007617 0.007609 0.007598 0.007585 0.007569 0.007549 0.007523 0.007485 0.007410 0.007220 0.006640
0.006635 0.007215 0.007404 0.007479 0.007517 0.007543 0.007563 0.007579 0.007592 0.007603 0.007611 0.007617 0.007622 0.007626 0.007629 0.007631 0.007633 0.007634 0.007636 0.007637 0.007637 0.007638 0.007639 0.007639 0.007640 0.007640 0.007641 0.007641 0.007642 0.007642 0.007643 0.007643 0.007643 0.007644 0.007644 0.007644 0.007645 0.007645 0.007645 0.007646 0.007646 0.007646 0.007647 0.007647 0.007647 0.007647 0.007648 0.007648 0.007648 0.007648 0.007649 0.007649 0.007649 0.007649 0.007649 0.007649 0.007650 0.007650 0.007650 0.007650 0.007650 0.007650 0.007650 0.007651 0.007651 0.007651 0.007651 0.007651 0.007651 0.007651 0.007651 0.007651 0.007651 0.007651 0.007651 0.007652 0.007652 0.007652 0.007652 0.007652 0.007652 0.007652 0.007652 0.007652 0.007652 0.007652 0.007652 0.007652 0.007652 0.007652 0.007652 0.007652 0.007652 0.007652 0.007652 0.007652 0.007652 0.007652 0.007652 0.007652 0.007652 0.007652 0.007652 0.007652 0.007652 0.007652 0.007652 0.007652 0.007652 0.007652 0.007652 0.007652 0.007652 0.007652 0.007652 0.007652 0.007652 0.007652 0.007652 0.007652 0.007652 0.007652 0.007652 0.007652 0.007652 0.007652 0.007652 0.007651 0.007651 0.007651 0.007651 0.007651 0.007651 0.007651 0.007651 0.007651 0.007651 0.007651 0.007651 0.007650 0.007650 0.007650 0.007650 0.007650 0.007650 0.007650 0.007649 0.007649 0.007649 0.007649 0.007649 0.007649 0.007648 0.007648 0.007648 0.007648 0.007647 0.007647 0.007647 0.007647 0.007646 0.007646 0.007646 0.007645 0.007645 0.007645 0.007644 0.007644 0.007644 0.007643 0.007643 0.007643 0.007642 0.007642 0.007641 0.007641 0.007640 0.007640 0.007639 0.007639 0.007638 0.007637 0.007637 0.007636 0.007634 0.007633 0.007631 0.007629 0.007626 0.007622 0.007617 0.007611 0.007603 0.007592 0.007579 0.007563 0.007543 0.007517 0.007479 0.007404 0.007215 0.006635
0.006629 0.007209 0.007399 0.007473 0.007511 0.007537 0.007557 0.007573 0.007586 0.007596 0.007604 0.007611 0.007615 0.007619 0.007622 0.007624 0.007626 0.007628 0.007629 0.007630 0.007631 0.007631 0.007632 0.007633 0.007633 0.007634 0.007634 0.007635 0.007635 0.007635 0.007636 0.007636 0.007637 0.007637 0.007637 0.007638 0.007638 0.007638 0.007638 0.007639 0.007639 0.007639 0.007640 0.007640 0.007640 0.007640 0.007641 0.007641 0.007641 0.007641 0.007641 0.007642 0.007642 0.007642 0.007642 0.007642 0.007642 0.007642 0.007643 0.007643 0.007643 0.007643 0.007643 0.007643 0.007643 0.007643 0.007643 0.007643 0.007643 0.007644 0.007644 0.007644 0.007644 0.007644 0.007644 0.007644 0.007644 0.007644 0.007644 0.007644 0.007644 0.007644 0.007644 0.007644 0.007644 0.007644 0.007644 0.007644 0.007644 0.007644 0.007644 0.007644 0.007644 0.007644 0.007644 0.007644 0.007644 0.007644 0.007644 0.007644 0.007644 0.007644 0.007644 0.007644 0.007644 0.007644 0.007644 0.007644 0.007644 0.007644 0.007644 0.007644 0.007644 0.007644 0.007644 0.007644 0.007644 0.007644 0.007644 0.007644 0.007644 0.007644 0.007644 0.007644 0.007644 0.007644 0.007644 0.007644 0.007644 0.007644 0.007644 0.007644 0.007644 0.007643 0.007643 0.007643 0.007643 0.007643 0.007643 0.007643 0.007643 0.007643 0.007643 0.007643 0.007642 0.007642 0.007642 0.007642 0.007642 0.007642 0.007642 0.007641 0.007641 0.007641 0.007641 0.007641 0.007640 0.007640 0.007640 0.007640 0.007639 0.007639 0.007639 0.007638 0.007638 0.007638 0.007638 0.007637 0.007637 0.007637 0.007636 0.007636 0.007635 0.007635 0.007635 0.007634 0.007634 0.007633 0.007633 0.007632 0.007631 0.007631 0.007630 0.007629 0.007628 0.007626 0.007624 0.007622 0.007619 0.007615 0.007611 0.007604 0.007596 0.007586 0.007573 0.007557 0.007537 0.007511 0.007473 0.007399 0.007209 0.006629
0.006624 0.007203 0.007393 0.007467 0.007505 0.007531 0.007551 0.007567 0.007580 0.007590 0.007598 0.007604 0.007609 0.007613 0.007616 0.007618 0.007620 0.007621 0.007622 0.007623 0.007624 0.007625 0.007626 0.007626 0.007627 0.007627 0.007628 0.007628 0.007628 0.007629 0.007629 0.007629 0.007630 0.007630 0.007630 0.007631 0.007631 0.007631 0.007632 0.007632 0.007632 0.007632 0.007633 0.007633 0.007633 0.007633 0.007633 0.007634 0.007634 0.007634 0.007634 0.007634 0.007634 0.007635 0.007635 0.007635 0.007635 0.007635 0.007635 0.007635 0.007635 0.007635 0.007636 0.007636 0.007636 0.007636 0.007636 0.007636 0.007636 0.007636 0.007636 0.007636 0.007636 0.007636 0.007636 0.007636 0.007636 0.007636 0.007636 0.007636 0.007636 0.007636 0.007636 0.007636 0.007636 0.007636 0.007636 0.007636 0.007637 0.007637 0.007637 0.007637 0.007637 0.007637 0.007637 0.007637 0.007637 0.007637 0.007637 0.007637 0.007637 0.007637 0.007637 0.007637 0.007637 0.007637 0.007637 0.007637 0.007637 0.007637 0.007637 0.007637 0.007637 0.007637 0.007636 0.007636 0.007636 0.007636 0.007636 0.007636 0.007636 0.007636 0.007636 0.007636 0.007636 0.007636 0.007636 0.007636 0.007636 0.007636 0.007636 0.007636 0.007636 0.007636 0.007636 0.007636 0.007636 0.007636 0.007636 0.007636 0.007635 0.007635 0.007635 0.007635 0.007635 0.007635 0.007635 0.007635 0.007635 0.007634 0.007634 0.007634 0.007634 0.007634 0.007634 0.007633 0.007633 0.007633 0.007633 0.007633 0.007632 0.007632 0.007632 0.007632 0.007631 0.007631 0.007631 0.007630 0.007630 0.007630 0.007629 0.007629 0.007629 0.007628 0.007628 0.007628 0.007627 0.007627 0.007626 0.007626 0.007625 0.007624 0.007623 0.007622 0.007621 0.007620 0.007618 0.007616 0.007613 0.007609 0.007604 0.007598 0.007590 0.007580 0.007567 0.007551 0.007531 0.007505 0.007467 0.007393 0.007203 0.006624
0.006619 0.007198 0.007387 0.007461 0.007500 0.007525 0.007545 0.007561 0.007574 0.007584 0.007592 0.007598 0.007603 0.007607 0.007609 0.007612 0.007613 0.007615 0.007616 0.007617 0.007618 0.007618 0.007619 0.007620 0.007620 0.007621 0.007621 0.007621 0.007622 0.007622 0.007622 0.007623 0.007623 0.007623 0.007624 0.007624 0.007624 0.007624 0.007625 0.007625 0.007625 0.007625 0.007626 0.007626 0.007626 0.007626 0.007626 0.007627 0.007627 0.007627 0.007627 0.007627 0.007627 0.007627 0.007628 0.007628 0.007628 0.007628 0.007628 0.007628 0.007628 0.007628 0.007628 0.007628 0.007628 0.007628 0.007628 0.007628 0.007628 0.007629 0.007629 0.007629 0.007629 0.007629 0.007629 0.007629 0.007629 0.007629 0.007629 0.007629 0.007629 0.007629 0.007629 0.007629 0.007629 0.007629 0.007629 0.007629 0.007629 0.007629 0.007629 0.007629 0.007629 0.007629 0.007629 0.007629 0.007629 0.007629 0.007629 0.007629 0.007629 0.007629 0.007629 0.007629 0.007629 0.007629 0.007629 0.007629 0.007629 0.007629 0.007629 0.007629 0.007629 0.007629 0.007629 0.007629 0.007629 0.007629 0.007629 0.007629 0.007629 0.007629 0.007629 0.007629 0.007629 0.007629 0.007629 0.007629 0.007629 0.007629 0.007629 0.007629 0.007629 0.007628 0.007628 0.007628 0.007628 0.007628 0.007628 0.007628 0.007628 0.007628 0.007628 0.007628 0.007628 0.007628 0.007628 0.007628 0.007627 0.007627 0.007627 0.007627 0.007627 0.007627 0.007627 0.007626 0.007626 0.007626 0.007626 0.007626 0.007625 0.007625 0.007625 0.007625 0.007624 0.007624 0.007624 0.007624 0.007623 0.007623 0.007623 0.007622 0.007622 0.007622 0.007621 0.007621 0.007621 0.007620 0.007620 0.007619 0.007618 0.007618 0.007617 0.007616 0.007615 0.007613 0.007612 0.007609 0.007607 0.007603 0.007598 0.007592 0.007584 0.007574 0.007561 0.007545 0.007525 0.007500 0.007461 0.007387 0.007198 0.006619
0.006614 0.007192 0.007382 0.007456 0.007494 0.007520 0.007539 0.007555 0.007568 0.007578 0.007586 0.007592 0.007597 0.007600 0.007603 0.007605 0.007607 0.007609 0.007610 0.007611 0.007611 0.007612 0.007613 0.007613 0.007614 0.007614 0.007614 0.007615 0.007615 0.007616 0.007616 0.007616 0.007616 0.007617 0.007617 0.007617 0.007618 0.007618 0.007618 0.007618 0.007618 0.007619 0.007619 0.007619 0.007619 0.007619 0.007619 0.007620 0.007620 0.007620 0.007620 0.007620 0.007620 0.007620 0.007620 0.007620 0.007621 0.007621 0.007621 0.007621 0.007621 0.007621 0.007621 0.007621 0.007621 0.007621 0.007621 0.007621 0.007621 0.007621 0.007621 0.007621 0.007621 0.007621 0.007621 0.007621 0.007621 0.007621 0.007621 0.007621 0.007621 0.007621 0.007621 0.007621 0.007621 0.007621 0.007621 0.007621 0.007621 0.007621 0.007621 0.007621 0.007621 0.007621 0.007621 0.007621 0.007621 0.007621 0.007621 0.007621 0.007621 0.007621 0.007621 0.007621 0.007621 0.007621 0.007621 0.007621 0.007621 0.007621 0.007621 0.007621 0.007621 0.007621 0.007621 0.007621 0.007621 0.007621 0.007621 0.007621 0.007621 0.007621 0.007621 0.007621 0.007621 0.007621 0.007621 0.007621 0.007621 0.007621 0.007621 0.007621 0.007621 0.007621 0.007621 0.007621 0.007621 0.007621 0.007621 0.007621 0.007621 0.007621 0.007621 0.007621 0.007621 0.007621 0.007620 0.007620 0.007620 0.007620 0.007620 0.007620 0.007620 0.007620 0.007620 0.007619 0.007619 0.007619 0.007619 0.007619 0.007619 0.007618 0.007618 0.007618 0.007618 0.007618 0.007617 0.007617 0.007617 0.007616 0.007616 0.007616 0.007616 0.007615 0.007615 0.007614 0.007614 0.007614 0.007613 0.007613 0.007612 0.007611 0.007611 0.007610 0.007609 0.007607 0.007605 0.007603 0.007600 0.007597 0.007592 0.007586 0.007578 0.007568 0.007555 0.007539 0.007520 0.007494 0.007456 0.007382 0.007192 0.006614
0.006609 0.007187 0.007377 0.007451 0.007489 0.007514 0.007534 0.007550 0.007562 0.007572 0.007580 0.007586 0.007591 0.007594 0.007597 0.007599 0.007601 0.007602 0.007604 0.007604 0.007605 0.007606 0.007606 0.007607 0.007607 0.007608 0.007608 0.007608 0.007609 0.007609 0.007609 0.007610 0.007610 0.007610 0.007610 0.007611 0.007611 0.007611 0.007611 0.007612 0.007612 0.007612 0.007612 0.007612 0.007612 0.007612 0.007613 0.007613 0.007613 0.007613 0.007613 0.007613 0.007613 0.007613 0.007613 0.007613 0.007613 0.007614 0.007614 0.007614 0.007614 0.007614 0.007614 0.007614 0.007614 0.007614 0.007614 0.007614 0.007614 0.007614 0.007614 0.007614 0.007614 0.007614 0.007614 0.007614 0.007614 0.007614 0.007614 0.007614 0.007614 0.007614 0.007614 0.007614 0.007614 0.007614 0.007614 0.007614 0.007614 0.007614 0.007614 0.007614 0.007614 0.007614 0.007614 0.007614 0.007614 0.007614 0.007614 0.007614 0.007614 0.007614 0.007614 0.007614 0.007614 0.007614 0.007614 0.007614 0.007614 0.007614 0.007614 0.007614 0.007614 0.007614 0.007614 0.007614 0.007614 0.007614 0.007614 0.007614 0.007614 0.007614 0.007614 0.007614 0.007614 0.007614 0.007614 0.007614 0.007614 0.007614 0.007614 0.007614 0.007614 0.007614 0.007614 0.007614 0.007614 0.007614 0.007614 0.007614 0.007614 0.007614 0.007614 0.007614 0.007614 0.007613 0.007613 0.007613 0.007613 0.007613 0.007613 0.007613 0.007613 0.007613 0.007613 0.007613 0.007612 0.007612 0.007612 0.007612 0.007612 0.007612 0.007612 0.007611 0.007611 0.007611 0.007611 0.007610 0.007610 0.007610 0.007610 0.007609 0.007609 0.007609 0.007608 0.007608 0.007608 0.007607 0.007607 0.007606 0.007606 0.007605 0.007604 0.007604 0.007602 0.007601 0.007599 0.007597 0.007594 0.007591 0.007586 0.007580 0.007572 0.007562 0.007550 0.007534 0.007514 0.007489 0.007451 0.007377 0.007187 0.006609
0.006604 0.007182 0.007371 0.007445 0.007483 0.007509 0.007528 0.007544 0.007557 0.007567 0.007574 0.007580 0.007585 0.007589 0.007591 0.007594 0.007595 0.007597 0.007598 0.007598 0.007599 0.007600 0.007600 0.007601 0.007601 0.007602 0.007602 0.007602 0.007603 0.007603 0.007603 0.007603 0.007604 0.007604 0.007604 0.007604 0.007605 0.007605 0.007605 0.007605 0.007605 0.007605 0.007605 0.007606 0.007606 0.007606 0.007606 0.007606 0.007606 0.007606 0.007606 0.007606 0.007606 0.007606 0.007606 0.007607 0.007607 0.007607 0.007607 0.007607 0.007607 0.007607 0.007607 0.007607 0.007607 0.007607 0.007607 0.007607 0.007607 0.007607 0.007607 0.007607 0.007607 0.007607 0.007607 0.007607 0.007607 0.007607 0.007606 0.007606 0.007606 0.007606 0.007606 0.007606 0.007606 0.007606 0.007606 0.007606 0.007606 0.007606 0.007606 0.007606 0.007606 0.007606 0.007606 0.007606 0.007606 0.007606 0.007606 0.007606 0.007606 0.007606 0.007606 0.007606 0.007606 0.007606 0.007606 0.007606 0.007606 0.007606 0.007606 0.007606 0.007606 0.007606 0.007606 0.007606 0.007606 0.007606 0.007606 0.007606 0.007606 0.007606 0.007606 0.007606 0.007607 0.007607 0.007607 0.007607 0.007607 0.007607 0.007607 0.007607 0.007607 0.007607 0.007607 0.007607 0.007607 0.007607 0.007607 0.007607 0.007607 0.007607 0.007607 0.007607 0.007607 0.007607 0.007607 0.007606 0.007606 0.007606 0.007606 0.007606 0.007606 0.007606 0.007606 0.007606 0.007606 0.007606 0.007606 0.007605 0.007605 0.007605 0.007605 0.007605 0.007605 0.007605 0.007604 0.007604 0.007604 0.007604 0.007603 0.007603 0.007603 0.007603 0.007602 0.007602 0.007602 0.007601 0.007601 0.007600 0.007600 0.007599 0.007598 0.007598 0.007597 0.007595 0.007594 0.007591 0.007589 0.007585 0.007580 0.007574 0.007567 0.007557 0.007544 0.007528 0.007509 0.007483 0.007445 0.007371 0.007182 0.006604
0.006600 0.007177 0.007367 0.007441 0.007479 0.007504 0.007523 0.007539 0.007551 0.007561 0.007569 0.007575 0.007580 0.007583 0.007586 0.007588 0.007590 0.007591 0.007592 0.007593 0.007593 0.007594 0.007595 0.007595 0.007595 0.007596 0.007596 0.007596 0.007597 0.007597 0.007597 0.007597 0.007598 0.007598 0.007598 0.007598 0.007598 0.007598 0.007599 0.007599 0.007599 0.007599 0.007599 0.007599 0.007599 0.007599 0.007599 0.007599 0.007600 0.007600 0.007600 0.007600 0.007600 0.007600 0.007600 0.007600 0.007600 0.007600 0.007600 0.007600 0.007600 0.007600 0.007600 0.007600 0.007600 0.007600 0.007600 0.007600 0.007600 0.007600 0.007600 0.007600 0.007600 0.007600 0.007600 0.007599 0.007599 0.007599 0.007599 0.007599 0.007599 0.007599 0.007599 0.007599 0.007599 0.007599 0.007599 0.007599 0.007599 0.007599 0.007599 0.007599 0.007599 0.007599 0.007599 0.007599 0.007599 0.007599 0.007599 0.007599 0.007599 0.007599 0.007599 0.007599 0.007599 0.007599 0.007599 0.007599 0.007599 0.007599 0.007599 0.007599 0.007599 0.007599 0.007599 0.007599 0.007599 0.007599 0.007599 0.007599 0.007599 0.007599 0.007599 0.007599 0.007599 0.007599 0.007599 0.007600 0.007600 0.007600 0.007600 0.007600 0.007600 0.007600 0.007600 0.007600 0.007600 0.007600 0.007600 0.007600 0.007600 0.007600 0.007600 0.007600 0.007600 0.007600 0.007600 0.007600 0.007600 0.007600 0.007600 0.007600 0.007600 0.007600 0.007599 0.007599 0.007599 0.007599 0.007599 0.007599 0.007599 0.007599 0.007599 0.007599 0.007598 0.007598 0.007598 0.007598 0.007598 0.007598 0.007597 0.007597 0.007597 0.007597 0.007596 0.007596 0.007596 0.007595 0.007595 0.007595 0.007594 0.007593 0.007593 0.007592 0.007591 0.007590 0.007588 0.007586 0.007583 0.007580 0.007575 0.007569 0.007561 0.007551 0.007539 0.007523 0.007504 0.007479 0.007441 0.007367 0.007177 0.006600
0.006596 0.007173 0.007362 0.007436 0.007474 0.007499 0.007519 0.007534 0.007547 0.007556 0.007564 0.007570 0.007574 0.007578 0.007581 0.007583 0.007584 0.007586 0.007587 0.007587 0.007588 0.007589 0.007589 0.007589 0.007590 0.007590 0.007590 0.007591 0.007591 0.007591 0.007591 0.007592 0.007592 0.007592 0.007592 0.007592 0.007592 0.007592 0.007593 0.007593 0.007593 0.007593 0.007593 0.007593 0.007593 0.007593 0.007593 0.007593 0.007593 0.007593 0.007593 0.007593 0.007593 0.007593 0.007593 0.007593 0.007593 0.007593 0.007593 0.007593 0.007593 0.007593 0.007593 0.007593 0.007593 0.007593 0.007593 0.007593 0.007593 0.007593 0.007593 0.007593 0.007593 0.007593 0.007593 0.007593 0.007593 0.007593 0.007593 0.007593 0.007592 0.007592 0.007592 0.007592 0.007592 0.007592 0.007592 0.007592 0.007592 0.007592 0.007592 0.007592 0.007592 0.007592 0.007592 0.007592 0.007592 0.007592 0.007592 0.007592 0.007592 0.007592 0.007592 0.007592 0.007592 0.007592 0.007592 0.007592 0.007592 0.007592 0.007592 0.007592 0.007592 0.007592 0.007592 0.007592 0.007592 0.007592 0.007592 0.007592 0.007592 0.007592 0.007593 0.007593 0.007593 0.007593 0.007593 0.007593 0.007593 0.007593 0.007593 0.007593 0.007593 0.007593 0.007593 0.007593 0.007593 0.007593 0.007593 0.007593 0.007593 0.007593 0.007593 0.007593 0.007593 0.007593 0.007593 0.007593 0.007593 0.007593 0.007593 0.007593 0.007593 0.007593 0.007593 0.007593 0.007593 0.007593 0.007593 0.007593 0.007593 0.007593 0.007593 0.007593 0.007592 0.007592 0.007592 0.007592 0.007592 0.007592 0.007592 0.007591 0.007591 0.007591 0.007591 0.007590 0.007590 0.007590 0.007589 0.007589 0.007589 0.007588 0.007587 0.007587 0.007586 0.007584 0.007583 0.007581 0.007578 0.007574 0.007570 0.007564 0.007556 0.007547 0.007534 0.007519 0.007499 0.007474 0.007436 0.007362 0.007173 0.006596
0.006592 0.007169 0.007358 0.007432 0.007470 0.007495 0.007515 0.007530 0.007542 0.007552 0.007560 0.007565 0.007570 0.007573 0.007576 0.007578 0.007580 0.007581 0.007582 0.007582 0.007583 0.007584 0.007584 0.007584 0.007585 0.007585 0.007585 0.007585 0.007586 0.007586 0.007586 0.007586 0.007586 0.007586 0.007587 0.007587 0.007587 0.007587 0.007587 0.007587 0.007587 0.007587 0.007587 0.007587 0.007587 0.007587 0.007587 0.007587 0.007587 0.007587 0.007587 0.007587 0.007587 0.007587 0.007587 0.007587 0.007587 0.007587 0.007587 0.007587 0.007587 0.007587 0.007587 0.007587 0.007587 0.007587 0.007587 0.007587 0.007587 0.007587 0.007587 0.007586 0.007586 0.007586 0.007586 0.007586 0.007586 0.007586 0.007586 0.007586 0.007586 0.007586 0.007586 0.007586 0.007586 0.007586 0.007586 0.007586 0.007586 0.007586 0.007586 0.007586 0.007586 0.007586 0.007585 0.007585 0.007585 0.007585 0.007585 0.007585 0.007585 0.007585 0.007585 0.007585 0.007585 0.007585 0.007585 0.007585 0.007586 0.007586 0.007586 0.007586 0.007586 0.007586 0.007586 0.007586 0.007586 0.007586 0.007586 0.007586 0.007586 0.007586 0.007586 0.007586 0.007586 0.007586 0.007586 0.007586 0.007586 0.007586 0.007586 0.007587 0.007587 0.007587 0.007587 0.007587 0.007587 0.007587 0.007587 0.007587 0.007587 0.007587 0.007587 0.007587 0.007587 0.007587 0.007587 0.007587 0.007587 0.007587 0.007587 0.007587 0.007587 0.007587 0.007587 0.007587 0.007587 0.007587 0.007587 0.007587 0.007587 0.007587 0.007587 0.007587 0.007587 0.007587 0.007587 0.007587 0.007586 0.007586 0.007586 0.007586 0.007586 0.007586 0.007585 0.007585 0.007585 0.007585 0.007584 0.007584 0.007584 0.007583 0.007582 0.007582 0.007581 0.007580 0.007578 0.007576 0.007573 0.007570 0.007565 0.007560 0.007552 0.007542 0.007530 0.007515 0.007495 0.007470 0.007432 0.007358 0.007169 0.006592
0.006589 0.007166 0.007355 0.007429 0.007467 0.007492 0.007511 0.007526 0.007539 0.007548 0.007556 0.007562 0.007566 0.007569 0.007572 0.007574 0.007575 0.007577 0.007577 0.007578 0.007579 0.007579 0.007580 0.007580 0.007580 0.007580 0.007581 0.007581 0.007581 0.007581 0.007581 0.007581 0.007582 0.007582 0.007582 0.007582 0.007582 0.007582 0.007582 0.007582 0.007582 0.007582 0.007582 0.007582 0.007582 0.007582 0.007582 0.007582 0.007582 0.007582 0.007582 0.007582 0.007582 0.007582 0.007582 0.007582 0.007582 0.007582 0.007582 0.007581 0.007581 0.007581 0.007581 0.007581 0.007581 0.007581 0.007581 0.007581 0.007581 0.007581 0.007581 0.007581 0.007581 0.007580 0.007580 0.007580 0.007580 0.007580 0.007580 0.007580 0.007580 0.007580 0.007580 0.007580 0.007580 0.007580 0.007580 0.007580 0.007580 0.007580 0.007580 0.007580 0.007580 0.007579 0.007579 0.007579 0.007579 0.007579 0.007579 0.007579 0.007579 0.007579 0.007579 0.007579 0.007579 0.007579 0.007579 0.007579 0.007579 0.007580 0.007580 0.007580 0.007580 0.007580 0.007580 0.007580 0.007580 0.007580 0.007580 0.007580 0.007580 0.007580 0.007580 0.007580 0.007580 0.007580 0.007580 0.007580 0.007580 0.007581 0.007581 0.007581 0.007581 0.007581 0.007581 0.007581 0.007581 0.007581 0.007581 0.007581 0.007581 0.007581 0.007581 0.007582 0.007582 0.007582 0.007582 0.007582 0.007582 0.007582 0.007582 0.007582 0.007582 0.007582 0.007582 0.007582 0.007582 0.007582 0.007582 0.007582 0.007582 0.007582 0.007582 0.007582 0.007582 0.007582 0.007582 0.007582 0.007582 0.007582 0.007581 0.007581 0.007581 0.007581 0.007581 0.007581 0.007580 0.007580 0.007580 0.007580 0.007579 0.007579 0.007578 0.007577 0.007577 0.007575 0.007574 0.007572 0.007569 0.007566 0.007562 0.007556 0.007548 0.007539 0.007526 0.007511 0.007492 0.007467 0.007429 0.007355 0.007166 0.006589
0.006587 0.007164 0.007353 0.007427 0.007464 0.007490 0.007509 0.007524 0.007536 0.007546 0.007553 0.007559 0.007563 0.007567 0.007569 0.007571 0.007572 0.007573 0.007574 0.007575 0.007575 0.007576 0.007576 0.007576 0.007577 0.007577 0.007577 0.007577 0.007577 0.007577 0.007577 0.007577 0.007578 0.007578 0.007578 0.007578 0.007578 0.007578 0.007578 0.007578 0.007578 0.007578 0.007578 0.007578 0.007578 0.007578 0.007578 0.007577 0.007577 0.007577 0.007577 0.007577 0.007577 0.007577 0.007577 0.007577 0.007577 0.007577 0.007577 0.007577 0.007577 0.007576 0.007576 0.007576 0.007576 0.007576 0.007576 0.007576 0.007576 0.007576 0.007576 0.007576 0.007575 0.007575 0.007575 0.007575 0.007575 0.007575 0.007575 0.007575 0.007575 0.007575 0.007575 0.007575 0.007575 0.007575 0.007575 0.007574 0.007574 0.007574 0.007574 0.007574 0.007574 0.007574 0.007574 0.007574 0.007574 0.007574 0.007574 0.007574 0.007574 0.007574 0.007574 0.007574 0.007574 0.007574 0.007574 0.007574 0.007574 0.007574 0.007574 0.007574 0.007574 0.007574 0.007574 0.007575 0.007575 0.007575 0.007575 0.007575 0.007575 0.007575 0.007575 0.007575 0.007575 0.007575 0.007575 0.007575 0.007575 0.007575 0.007576 0.007576 0.007576 0.007576 0.007576 0.007576 0.007576 0.007576 0.007576 0.007576 0.007576 0.007577 0.007577 0.007577 0.007577 0.007577 0.007577 0.007577 0.007577 0.007577 0.007577 0.007577 0.007577 0.007577 0.007577 0.007578 0.007578 0.007578 0.007578 0.007578 0.007578 0.007578 0.007578 0.007578 0.007578 0.007578 0.007578 0.007578 0.007578 0.007578 0.007577 0.007577 0.007577 0.007577 0.007577 0.007577 0.007577 0.007577 0.007576 0.007576 0.007576 0.007575 0.007575 0.007574 0.007573 0.007572 0.007571 0.007569 0.007567 0.007563 0.007559 0.007553 0.007546 0.007536 0.007524 0.007509 0.007490 0.007464 0.007427 0.007353 0.007164 0.006587
0.006587 0.007163 0.007352 0.007426 0.007464 0.007489 0.007508 0.007523 0.007535 0.007545 0.007552 0.007558 0.007562 0.007565 0.007567 0.007569 0.007571 0.007572 0.007572 0.007573 0.007573 0.007574 0.007574 0.007574 0.007574 0.007574 0.007574 0.007575 0.007575 0.007575 0.007575 0.007575 0.007575 0.007575 0.007575 0.007575 0.007575 0.007575 0.007575 0.007575 0.007575 0.007574 0.007574 0.007574 0.007574 0.007574 0.007574 0.007574 0.007574 0.007574 0.007574 0.007574 0.007574 0.007573 0.007573 0.007573 0.007573 0.007573 0.007573 0.007573 0.007573 0.007573 0.007573 0.007572 0.007572 0.007572 0.007572 0.007572 0.007572 0.007572 0.007572 0.007572 0.007571 0.007571 0.007571 0.007571 0.007571 0.007571 0.007571 0.007571 0.007571 0.007571 0.007571 0.007571 0.007571 0.007570 0.007570 0.007570 0.007570 0.007570 0.007570 0.007570 0.007570 0.007570 0.007570 0.007570 0.007570 0.007570 0.007570 0.007570 0.007570 0.007570 0.007570 0.007570 0.007570 0.007570 0.007570 0.007570 0.007570 0.007570 0.007570 0.007570 0.007570 0.007570 0.007570 0.007570 0.007570 0.007571 0.007571 0.007571 0.007571 0.007571 0.007571 0.007571 0.007571 0.007571 0.007571 0.007571 0.007571 0.007571 0.007572 0.007572 0.007572 0.007572 0.007572 0.007572 0.007572 0.007572 0.007572 0.007573 0.007573 0.007573 0.007573 0.007573 0.007573 0.007573 0.007573 0.007573 0.007573 0.007574 0.007574 0.007574 0.007574 0.007574 0.007574 0.007574 0.007574 0.007574 0.007574 0.007574 0.007574 0.007575 0.007575 0.007575 0.007575 0.007575 0.007575 0.007575 0.007575 0.007575 0.007575 0.007575 0.007575 0.007575 0.007575 0.007574 0.007574 0.007574 0.007574 0.007574 0.007574 0.007573 0.007573 0.007572 0.007572 0.007571 0.007569 0.007567 0.007565 0.007562 0.007558 0.007552 0.007545 0.007535 0.007523 0.007508 0.007489 0.007464 0.007426 0.007352 0.007163 0.006587
0.006588 0.007164 0.007353 0.007427 0.007465 0.007490 0.007509 0.007524 0.007536 0.007546 0.007553 0.007558 0.007562 0.007566 0.007568 0.007570 0.007571 0.007572 0.007572 0.007573 0.007573 0.007573 0.007573 0.007574 0.007574 0.007574 0.007574 0.007574 0.007574 0.007574 0.007574 0.007574 0.007574 0.007574 0.007573 0.007573 0.007573 0.007573 0.007573 0.007573 0.007573 0.007573 0.007573 0.007573 0.007573 0.007572 0.007572 0.007572 0.007572 0.007572 0.007572 0.007572 0.007572 0.007571 0.007571 0.007571 0.007571 0.007571 0.007571 0.007571 0.007571 0.007570 0.007570 0.007570 0.007570 0.007570 0.007570 0.007570 0.007570 0.007569 0.007569 0.007569 0.007569 0.007569 0.007569 0.007569 0.007569 0.007569 0.007569 0.007568 0.007568 0.007568 0.007568 0.007568 0.007568 0.007568 0.007568 0.007568 0.007568 0.007568 0.007568 0.007568 0.007568 0.007568 0.007568 0.007568 0.007568 0.007568 0.007567 0.007567 0.007567 0.007567 0.007567 0.007567 0.007568 0.007568 0.007568 0.007568 0.007568 0.007568 0.007568 0.007568 0.007568 0.007568 0.007568 0.007568 0.007568 0.007568 0.007568 0.007568 0.007568 0.007568 0.007568 0.007569 0.007569 0.007569 0.007569 0.007569 0.007569 0.007569 0.007569 0.007569 0.007569 0.007570 0.007570 0.007570 0.007570 0.007570 0.007570 0.007570 0.007570 0.007571 0.007571 0.007571 0.007571 0.007571 0.007571 0.007571 0.007571 0.007572 0.007572 0.007572 0.007572 0.007572 0.007572 0.007572 0.007572 0.007573 0.007573 0.007573 0.007573 0.007573 0.007573 0.007573 0.007573 0.007573 0.007573 0.007573 0.007574 0.007574 0.007574 0.007574 0.007574 0.007574 0.007574 0.007574 0.007574 0.007574 0.007574 0.007573 0.007573 0.007573 0.007573 0.007572 0.007572 0.007571 0.007570 0.007568 0.007566 0.007562 0.007558 0.007553 0.007546 0.007536 0.007524 0.007509 0.007490 0.007465 0.007427 0.007353 0.007164 0.006588
0.006592 0.007168 0.007357 0.007431 0.007469 0.007494 0.007513 0.007528 0.007540 0.007549 0.007557 0.007562 0.007566 0.007569 0.007571 0.007573 0.007574 0.007574 0.007575 0.007575 0.007575 0.007576 0.007576 0.007576 0.007576 0.007575 0.007575 0.007575 0.007575 0.007575 0.007575 0.007575 0.007575 0.007575 0.007574 0.007574 0.007574 0.007574 0.007574 0.007574 0.007574 0.007573 0.007573 0.007573 0.007573 0.007573 0.007573 0.007573 0.007572 0.007572 0.007572 0.007572 0.007572 0.007572 0.007571 0.007571 0.007571 0.007571 0.007571 0.007571 0.007571 0.007570 0.007570 0.007570 0.007570 0.007570 0.007570 0.007570 0.007569 0.007569 0.007569 0.007569 0.007569 0.007569 0.007569 0.007569 0.007569 0.007568 0.007568 0.007568 0.007568 0.007568 0.007568 0.007568 0.007568 0.007568 0.007568 0.007568 0.007568 0.007568 0.007567 0.007567 0.007567 0.007567 0.007567 0.007567 0.007567 0.007567 0.007567 0.007567 0.007567 0.007567 0.007567 0.007567 0.007567 0.007567 0.007567 0.007567 0.007567 0.007567 0.007567 0.007567 0.007568 0.007568 0.007568 0.007568 0.007568 0.007568 0.007568 0.007568 0.007568 0.007568 0.007568 0.007568 0.007568 0.007569 0.007569 0.007569 0.007569 0.007569 0.007569 0.007569 0.007569 0.007569 0.007570 0.007570 0.007570 0.007570 0.007570 0.007570 0.007570 0.007571 0.007571 0.007571 0.007571 0.007571 0.007571 0.007571 0.007572 0.007572 0.007572 0.007572 0.007572 0.007572 0.007573 0.007573 0.007573 0.007573 0.007573 0.007573 0.007573 0.007574 0.007574 0.007574 0.007574 0.007574 0.007574 0.007574 0.007575 0.007575 0.007575 0.007575 0.007575 0.007575 0.007575 0.007575 0.007575 0.007576 0.007576 0.007576 0.007576 0.007575 0.007575 0.007575 0.007574 0.007574 0.007573 0.007571 0.007569 0.007566 0.007562 0.007557 0.007549 0.007540 0.007528 0.007513 0.007494 0.007469 0.007431 0.007357 0.007168 0.006592
0.006599 0.007176 0.007365 0.007439 0.007477 0.007502 0.007521 0.007536 0.007548 0.007557 0.007564 0.007569 0.007573 0.007576 0.007578 0.007579 0.007580 0.007581 0.007581 0.007581 0.007581 0.007581 0.007581 0.007581 0.007581 0.007581 0.007580 0.007580 0.007580 0.007580 0.007580 0.007579 0.007579 0.007579 0.007579 0.007579 0.007578 0.007578 0.007578 0.007578 0.007577 0.007577 0.007577 0.007577 0.007577 0.007576 0.007576 0.007576 0.007576 0.007576 0.007576 0.007575 0.007575 0.007575 0.007575 0.007575 0.007574 0.007574 0.007574 0.007574 0.007574 0.007574 0.007573 0.007573 0.007573 0.007573 0.007573 0.007573 0.007573 0.007572 0.007572 0.007572 0.007572 0.007572 0.007572 0.007572 0.007572 0.007571 0.007571 0.007571 0.007571 0.007571 0.007571 0.007571 0.007571 0.007571 0.007571 0.007571 0.007571 0.007570 0.007570 0.007570 0.007570 0.007570 0.007570 0.007570 0.007570 0.007570 0.007570 0.007570 0.007570 0.007570 0.007570 0.007570 0.007570 0.007570 0.007570 0.007570 0.007570 0.007570 0.007570 0.007570 0.007570 0.007571 0.007571 0.007571 0.007571 0.007571 0.007571 0.007571 0.007571 0.007571 0.007571 0.007571 0.007571 0.007572 0.007572 0.007572 0.007572 0.007572 0.007572 0.007572 0.007572 0.007573 0.007573 0.007573 0.007573 0.007573 0.007573 0.007573 0.007574 0.007574 0.007574 0.007574 0.007574 0.007574 0.007575 0.007575 0.007575 0.007575 0.007575 0.007576 0.007576 0.007576 0.007576 0.007576 0.007576 0.007577 0.007577 0.007577 0.007577 0.007577 0.007578 0.007578 0.007578 0.007578 0.007579 0.007579 0.007579 0.007579 0.007579 0.007580 0.007580 0.007580 0.007580 0.007580 0.007581 0.007581 0.007581 0.007581 0.007581 0.007581 0.007581 0.007581 0.007581 0.007580 0.007579 0.007578 0.007576 0.007573 0.007569 0.007564 0.007557 0.007548 0.007536 0.007521 0.007502 0.007477 0.007439 0.007365 0.007176 0.006599
0.006612 0.007189 0.007378 0.007452 0.007491 0.007516 0.007535 0.007550 0.007562 0.007571 0.007577 0.007582 0.007586 0.007589 0.007590 0.007591 0.007592 0.007592 0.007592 0.007592 0.007592 0.007592 0.007592 0.007591 0.007591 0.007591 0.007590 0.007590 0.007589 0.007589 0.007589 0.007588 0.007588 0.007588 0.007587 0.007587 0.007587 0.007587 0.007586 0.007586 0.007586 0.007585 0.007585 0.007585 0.007585 0.007584 0.007584 0.007584 0.007584 0.007584 0.007583 0.007583 0.007583 0.007583 0.007582 0.007582 0.007582 0.007582 0.007582 0.007581 0.007581 0.007581 0.007581 0.007581 0.007581 0.007580 0.007580 0.007580 0.007580 0.007580 0.007580 0.007580 0.007579 0.007579 0.007579 0.007579 0.007579 0.007579 0.007579 0.007579 0.007579 0.007578 0.007578 0.007578 0.007578 0.007578 0.007578 0.007578 0.007578 0.007578 0.007578 0.007578 0.007578 0.007578 0.007578 0.007578 0.007578 0.007578 0.007578 0.007578 0.007578 0.007578 0.007578 0.007578 0.007578 0.007578 0.007578 0.007578 0.007578 0.007578 0.007578 0.007578 0.007578 0.007578 0.007578 0.007578 0.007578 0.007578 0.007578 0.007578 0.007578 0.007579 0.007579 0.007579 0.007579 0.007579 0.007579 0.007579 0.007579 0.007579 0.007580 0.007580 0.007580 0.007580 0.007580 0.007580 0.007580 0.007581 0.007581 0.007581 0.007581 0.007581 0.007581 0.007582 0.007582 0.007582 0.007582 0.007582 0.007583 0.007583 0.007583 0.007583 0.007584 0.007584 0.007584 0.007584 0.007584 0.007585 0.007585 0.007585 0.007585 0.007586 0.007586 0.007586 0.007587 0.007587 0.007587 0.007587 0.007588 0.007588 0.007588 0.007589 0.007589 0.007589 0.007590 0.007590 0.007591 0.007591 0.007591 0.007592 0.007592 0.007592 0.007592 0.007592 0.007592 0.007592 0.007591 0.007590 0.007589 0.007586 0.007582 0.007577 0.007571 0.007562 0.007550 0.007535 0.007516 0.007491 0.007452 0.007378 0.007189 0.006612
0.006632 0.007209 0.007398 0.007473 0.007512 0.007537 0.007556 0.007571 0.007583 0.007591 0.007598 0.007603 0.007606 0.007608 0.007610 0.007610 0.007611 0.007611 0.007610 0.007610 0.007610 0.007609 0.007609 0.007608 0.007607 0.007607 0.007606 0.007606 0.007605 0.007605 0.007604 0.007604 0.007603 0.007603 0.007602 0.007602 0.007602 0.007601 0.007601 0.007600 0.007600 0.007600 0.007599 0.007599 0.007599 0.007598 0.007598 0.007598 0.007598 0.007597 0.007597 0.007597 0.007597 0.007596 0.007596 0.007596 0.007596 0.007595 0.007595 0.007595 0.007595 0.007595 0.007594 0.007594 0.007594 0.007594 0.007594 0.007594 0.007593 0.007593 0.007593 0.007593 0.007593 0.007593 0.007593 0.007592 0.007592 0.007592 0.007592 0.007592 0.007592 0.007592 0.007592 0.007592 0.007592 0.007592 0.007591 0.007591 0.007591 0.007591 0.007591 0.007591 0.007591 0.007591 0.007591 0.007591 0.007591 0.007591 0.007591 0.007591 0.007591 0.007591 0.007591 0.007591 0.007591 0.007591 0.007591 0.007591 0.007591 0.007591 0.007591 0.007591 0.007591 0.007591 0.007591 0.007591 0.007592 0.007592 0.007592 0.007592 0.007592 0.007592 0.007592 0.007592 0.007592 0.007592 0.007592 0.007593 0.007593 0.007593 0.007593 0.007593 0.007593 0.007593 0.007594 0.007594 0.007594 0.007594 0.007594 0.007594 0.007595 0.007595 0.007595 0.007595 0.007595 0.007596 0.007596 0.007596 0.007596 0.007597 0.007597 0.007597 0.007597 0.007598 0.007598 0.007598 0.007598 0.007599 0.007599 0.007599 0.007600 0.007600 0.007600 0.007601 0.007601 0.007602 0.007602 0.007602 0.007603 0.007603 0.007604 0.007604 0.007605 0.007605 0.007606 0.007606 0.007607 0.007607 0.007608 0.007609 0.007609 0.007610 0.007610 0.007610 0.007611 0.007611 0.007610 0.007610 0.007608 0.007606 0.007603 0.007598 0.007591 0.007583 0.007571 0.007556 0.007537 0.007512 0.007473 0.007398 0.007209 0.006632
0.006661 0.007239 0.007429 0.007504 0.007543 0.007568 0.007588 0.007602 0.007614 0.007622 0.007628 0.007633 0.007636 0.007637 0.007638 0.007639 0.007639 0.007638 0.007638 0.007637 0.007636 0.007635 0.007634 0.007633 0.007633 0.007632 0.007631 0.007630 0.007629 0.007629 0.007628 0.007627 0.007627 0.007626 0.007625 0.007625 0.007624 0.007624 0.007623 0.007623 0.007622 0.007622 0.007622 0.007621 0.007621 0.007620 0.007620 0.007620 0.007619 0.007619 0.007619 0.007619 0.007618 0.007618 0.007618 0.007617 0.007617 0.007617 0.007617 0.007617 0.007616 0.007616 0.007616 0.007616 0.007616 0.007615 0.007615 0.007615 0.007615 0.007615 0.007615 0.007615 0.007614 0.007614 0.007614 0.007614 0.007614 0.007614 0.007614 0.007614 0.007613 0.007613 0.007613 0.007613 0.007613 0.007613 0.007613 0.007613 0.007613 0.007613 0.007613 0.007613 0.007613 0.007613 0.007613 0.007613 0.007613 0.007613 0.007613 0.007613 0.007613 0.007613 0.007613 0.007613 0.007613 0.007613 0.007613 0.007613 0.007613 0.007613 0.007613 0.007613 0.007613 0.007613 0.007613 0.007613 0.007613 0.007613 0.007613 0.007613 0.007613 0.007613 0.007614 0.007614 0.007614 0.007614 0.007614 0.007614 0.007614 0.007614 0.007615 0.007615 0.007615 0.007615 0.007615 0.007615 0.007615 0.007616 0.007616 0.007616 0.007616 0.007616 0.007617 0.007617 0.007617 0.007617 0.007617 0.007618 0.007618 0.007618 0.007619 0.007619 0.007619 0.007619 0.007620 0.007620 0.007620 0.007621 0.007621 0.007622 0.007622 0.007622 0.007623 0.007623 0.007624 0.007624 0.007625 0.007625 0.007626 0.007627 0.007627 0.007628 0.007629 0.007629 0.007630 0.007631 0.007632 0.007633 0.007633 0.007634 0.007635 0.007636 0.007637 0.007638 0.007638 0.007639 0.007639 0.007638 0.007637 0.007636 0.007633 0.007628 0.007622 0.007614 0.007602 0.007588 0.007568 0.007543 0.007504 0.007429 0.007239 0.006661
0.006703 0.007282 0.007472 0.007548 0.007587 0.007613 0.007632 0.007647 0.007658 0.007666 0.007672 0.007676 0.007678 0.007679 0.007680 0.007680 0.007679 0.007678 0.007677 0.007676 0.007674 0.007673 0.007672 0.007670 0.007669 0.007668 0.007667 0.007666 0.007665 0.007664 0.007663 0.007662 0.007661 0.007660 0.007660 0.007659 0.007658 0.007657 0.007657 0.007656 0.007656 0.007655 0.007655 0.007654 0.007654 0.007653 0.007653 0.007652 0.007652 0.007652 0.007651 0.007651 0.007651 0.007650 0.007650 0.007650 0.007650 0.007649 0.007649 0.007649 0.007649 0.007648 0.007648 0.007648 0.007648 0.007648 0.007648 0.007647 0.007647 0.007647 0.007647 0.007647 0.007647 0.007647 0.007646 0.007646 0.007646 0.007646 0.007646 0.007646 0.007646 0.007646 0.007646 0.007646 0.007646 0.007646 0.007645 0.007645 0.007645 0.007645 0.007645 0.007645 0.007645 0.007645 0.007645 0.007645 0.007645 0.007645 0.007645 0.007645 0.007645 0.007645 0.007645 0.007645 0.007645 0.007645 0.007645 0.007645 0.007645 0.007645 0.007645 0.007645 0.007645 0.007645 0.007645 0.007645 0.007646 0.007646 0.007646 0.007646 0.007646 0.007646 0.007646 0.007646 0.007646 0.007646 0.007646 0.007646 0.007647 0.007647 0.007647 0.007647 0.007647 0.007647 0.007647 0.007648 0.007648 0.007648 0.007648 0.007648 0.007648 0.007649 0.007649 0.007649 0.007649 0.007650 0.007650 0.007650 0.007650 0.007651 0.007651 0.007651 0.007652 0.007652 0.007652 0.007653 0.007653 0.007654 0.007654 0.007655 0.007655 0.007656 0.007656 0.007657 0.007657 0.007658 0.007659 0.007660 0.007660 0.007661 0.007662 0.007663 0.007664 0.007665 0.007666 0.007667 0.007668 0.007669 0.007670 0.007672 0.007673 0.007674 0.007676 0.007677 0.007678 0.007679 0.007680 0.007680 0.007679 0.007678 0.007676 0.007672 0.007666 0.007658 0.007647 0.007632 0.007613 0.007587 0.007548 0.007472 0.007282 0.006703
0.006761 0.007341 0.007533 0.007609 0.007649 0.007675 0.007694 0.007709 0.007719 0.007727 0.007732 0.007736 0.007737 0.007738 0.007737 0.007737 0.007735 0.007734 0.007732 0.007730 0.007728 0.007726 0.007724 0.007723 0.007721 0.007719 0.007718 0.007716 0.007715 0.007713 0.007712 0.007711 0.007710 0.007709 0.007708 0.007707 0.007706 0.007705 0.007704 0.007704 0.007703 0.007702 0.007702 0.007701 0.007701 0.007700 0.007700 0.007699 0.007699 0.007698 0.007698 0.007698 0.007697 0.007697 0.007697 0.007696 0.007696 0.007696 0.007695 0.007695 0.007695 0.007695 0.007695 0.007694 0.007694 0.007694 0.007694 0.007694 0.007694 0.007694 0.007693 0.007693 0.007693 0.007693 0.007693 0.007693 0.007693 0.007693 0.007693 0.007692 0.007692 0.007692 0.007692 0.007692 0.007692 0.007692 0.007692 0.007692 0.007692 0.007692 0.007692 0.007692 0.007692 0.007692 0.007692 0.007692 0.007692 0.007692 0.007692 0.007692 0.007692 0.007692 0.007692 0.007692 0.007692 0.007692 0.007692 0.007692 0.007692 0.007692 0.007692 0.007692 0.007692 0.007692 0.007692 0.007692 0.007692 0.007692 0.007692 0.007692 0.007692 0.007692 0.007692 0.007693 0.007693 0.007693 0.007693 0.007693 0.007693 0.007693 0.007693 0.007693 0.007694 0.007694 0.007694 0.007694 0.007694 0.007694 0.007694 0.007695 0.007695 0.007695 0.007695 0.007695 0.007696 0.007696 0.007696 0.007697 0.007697 0.007697 0.007698 0.007698 0.007698 0.007699 0.007699 0.007700 0.007700 0.007701 0.007701 0.007702 0.007702 0.007703 0.007704 0.007704 0.007705 0.007706 0.007707 0.007708 0.007709 0.007710 0.007711 0.007712 0.007713 0.007715 0.007716 0.007718 0.007719 0.007721 0.007723 0.007724 0.007726 0.007728 0.007730 0.007732 0.007734 0.007735 0.007737 0.007737 0.007738 0.007737 0.007736 0.007732 0.007727 0.007719 0.007709 0.007694 0.007675 0.007649 0.007609 0.007533 0.007341 0.006761
0.006841 0.007423 0.007615 0.007692 0.007732 0.007759 0.007778 0.007792 0.007802 0.007810 0.007814 0.007817 0.007817 0.007817 0.007816 0.007814 0.007812 0.007809 0.007807 0.007804 0.007801 0.007799 0.007796 0.007794 0.007792 0.007789 0.007787 0.007785 0.007784 0.007782 0.007780 0.007779 0.007777 0.007776 0.007775 0.007774 0.007772 0.007771 0.007770 0.007769 0.007769 0.007768 0.007767 0.007766 0.007766 0.007765 0.007764 0.007764 0.007763 0.007763 0.007763 0.007762 0.007762 0.007761 0.007761 0.007761 0.007760 0.007760 0.007760 0.007760 0.007759 0.007759 0.007759 0.007759 0.007759 0.007759 0.007758 0.007758 0.007758 0.007758 0.007758 0.007758 0.007758 0.007758 0.007758 0.007757 0.007757 0.007757 0.007757 0.007757 0.007757 0.007757 0.007757 0.007757 0.007757 0.007757 0.007757 0.007757 0.007757 0.007757 0.007757 0.007757 0.007757 0.007757 0.007757 0.007757 0.007757 0.007757 0.007757 0.007757 0.007757 0.007757 0.007757 0.007757 0.007757 0.007757 0.007757 0.007757 0.007757 0.007757 0.007757 0.007757 0.007757 0.007757 0.007757 0.007757 0.007757 0.007757 0.007757 0.007757 0.007757 0.007757 0.007757 0.007757 0.007757 0.007757 0.007757 0.007758 0.007758 0.007758 0.007758 0.007758 0.007758 0.007758 0.007758 0.007758 0.007759 0.007759 0.007759 0.007759 0.007759 0.007759 0.007760 0.007760 0.007760 0.007760 0.007761 0.007761 0.007761 0.007762 0.007762 0.007763 0.007763 0.007763 0.007764 0.007764 0.007765 0.007766 0.007766 0.007767 0.007768 0.007769 0.007769 0.007770 0.007771 0.007772 0.007774 0.007775 0.007776 0.007777 0.007779 0.007780 0.007782 0.007784 0.007785 0.007787 0.007789 0.007792 0.007794 0.007796 0.007799 0.007801 0.007804 0.007807 0.007809 0.007812 0.007814 0.007816 0.007817 0.007817 0.007817 0.007814 0.007810 0.007802 0.007792 0.007778 0.007759 0.007732 0.007692 0.007615 0.007423 0.006841
0.006947 0.007532 0.007725 0.007803 0.007844 0.007870 0.007889 0.007903 0.007913 0.007919 0.007923 0.007924 0.007924 0.007922 0.007920 0.007917 0.007914 0.007910 0.007906 0.007903 0.007899 0.007896 0.007893 0.007889 0.007886 0.007884 0.007881 0.007878 0.007876 0.007874 0.007872 0.007870 0.007868 0.007866 0.007865 0.007863 0.007862 0.007860 0.007859 0.007858 0.007857 0.007856 0.007855 0.007854 0.007854 0.007853 0.007852 0.007852 0.007851 0.007850 0.007850 0.007849 0.007849 0.007849 0.007848 0.007848 0.007848 0.007847 0.007847 0.007847 0.007847 0.007846 0.007846 0.007846 0.007846 0.007846 0.007846 0.007846 0.007845 0.007845 0.007845 0.007845 0.007845 0.007845 0.007845 0.007845 0.007845 0.007845 0.007845 0.007845 0.007845 0.007845 0.007845 0.007845 0.007845 0.007845 0.007845 0.007845 0.007845 0.007845 0.007845 0.007845 0.007845 0.007845 0.007845 0.007845 0.007844 0.007844 0.007844 0.007844 0.007844 0.007844 0.007844 0.007844 0.007844 0.007844 0.007845 0.007845 0.007845 0.007845 0.007845 0.007845 0.007845 0.007845 0.007845 0.007845 0.007845 0.007845 0.007845 0.007845 0.007845 0.007845 0.007845 0.007845 0.007845 0.007845 0.007845 0.007845 0.007845 0.007845 0.007845 0.007845 0.007845 0.007845 0.007846 0.007846 0.007846 0.007846 0.007846 0.007846 0.007846 0.007847 0.007847 0.007847 0.007847 0.007848 0.007848 0.007848 0.007849 0.007849 0.007849 0.007850 0.007850 0.007851 0.007852 0.007852 0.007853 0.007854 0.007854 0.007855 0.007856 0.007857 0.007858 0.007859 0.007860 0.007862 0.007863 0.007865 0.007866 0.007868 0.007870 0.007872 0.007874 0.007876 0.007878 0.007881 0.007884 0.007886 0.007889 0.007893 0.007896 0.007899 0.007903 0.007906 0.007910 0.007914 0.007917 0.007920 0.007922 0.007924 0.007924 0.007923 0.007919 0.007913 0.007903 0.007889 0.007870 0.007844 0.007803 0.007725 0.007532 0.006947
0.007088 0.007675 0.007870 0.007948 0.007990 0.008016 0.008035 0.008048 0.008057 0.008062 0.008064 0.008064 0.008063 0.008060 0.008056 0.008052 0.008047 0.008042 0.008037 0.008032 0.008028 0.008023 0.008019 0.008015 0.008011 0.008007 0.008004 0.008000 0.007997 0.007995 0.007992 0.007990 0.007987 0.007985 0.007983 0.007981 0.007980 0.007978 0.007977 0.007975 0.007974 0.007973 0.007972 0.007971 0.007970 0.007969 0.007968 0.007967 0.007967 0.007966 0.007966 0.007965 0.007965 0.007964 0.007964 0.007963 0.007963 0.007963 0.007963 0.007962 0.007962 0.007962 0.007962 0.007962 0.007962 0.007961 0.007961 0.007961 0.007961 0.007961 0.007961 0.007961 0.007961 0.007961 0.007961 0.007961 0.007961 0.007961 0.007961 0.007961 0.007961 0.007961 0.007961 0.007961 0.007961 0.007961 0.007961 0.007961 0.007961 0.007961 0.007961 0.007961 0.007961 0.007961 0.007961 0.007961 0.007961 0.007961 0.007961 0.007961 0.007961 0.007961 0.007961 0.007961 0.007961 0.007961 0.007961 0.007961 0.007961 0.007961 0.007961 0.007961 0.007961 0.007961 0.007961 0.007961 0.007961 0.007961 0.007961 0.007961 0.007961 0.007961 0.007961 0.007961 0.007961 0.007961 0.007961 0.007961 0.007961 0.007961 0.007961 0.007961 0.007961 0.007961 0.007961 0.007961 0.007961 0.007962 0.007962 0.007962 0.007962 0.007962 0.007962 0.007963 0.007963 0.007963 0.007963 0.007964 0.007964 0.007965 0.007965 0.007966 0.007966 0.007967 0.007967 0.007968 0.007969 0.007970 0.007971 0.007972 0.007973 0.007974 0.007975 0.007977 0.007978 0.007980 0.007981 0.007983 0.007985 0.007987 0.007990 0.007992 0.007995 0.007997 0.008000 0.008004 0.008007 0.008011 0.008015 0.008019 0.008023 0.008028 0.008032 0.008037 0.008042 0.008047 0.008052 0.008056 0.008060 0.008063 0.008064 0.008064 0.008062 0.008057 0.008048 0.008035 0.008016 0.007990 0.007948 0.007870 0.007675 0.007088
0.007269 0.007860 0.008056 0.008135 0.008177 0.008203 0.008221 0.008234 0.008241 0.008245 0.008246 0.008244 0.008240 0.008236 0.008230 0.008224 0.008217 0.008211 0.008205 0.008198 0.008192 0.008187 0.008181 0.008176 0.008171 0.008166 0.008162 0.008158 0.008154 0.008151 0.008148 0.008145 0.008142 0.008139 0.008137 0.008134 0.008132 0.008130 0.008129 0.008127 0.008125 0.008124 0.008123 0.008121 0.008120 0.008119 0.008118 0.008118 0.008117 0.008116 0.008116 0.008115 0.008114 0.008114 0.008114 0.008113 0.008113 0.008113 0.008112 0.008112 0.008112 0.008112 0.008112 0.008112 0.008111 0.008111 0.008111 0.008111 0.008111 0.008111 0.008111 0.008111 0.008111 0.008111 0.008111 0.008111 0.008111 0.008111 0.008111 0.008111 0.008111 0.008111 0.008111 0.008111 0.008111 0.008111 0.008112 0.008112 0.008112 0.008112 0.008112 0.008112 0.008112 0.008112 0.008112 0.008112 0.008112 0.008112 0.008112 0.008112 0.008112 0.008112 0.008112 0.008112 0.008112 0.008112 0.008112 0.008112 0.008112 0.008112 0.008112 0.008112 0.008112 0.008112 0.008112 0.008112 0.008111 0.008111 0.008111 0.008111 0.008111 0.008111 0.008111 0.008111 0.008111 0.008111 0.008111 0.008111 0.008111 0.008111 0.008111 0.008111 0.008111 0.008111 0.008111 0.008111 0.008111 0.008111 0.008112 0.008112 0.008112 0.008112 0.008112 0.008112 0.008113 0.008113 0.008113 0.008114 0.008114 0.008114 0.008115 0.008116 0.008116 0.008117 0.008118 0.008118 0.008119 0.008120 0.008121 0.008123 0.008124 0.008125 0.008127 0.008129 0.008130 0.008132 0.008134 0.008137 0.008139 0.008142 0.008145 0.008148 0.008151 0.008154 0.008158 0.008162 0.008166 0.008171 0.008176 0.008181 0.008187 0.008192 0.008198 0.008205 0.008211 0.008217 0.008224 0.008230 0.008236 0.008240 0.008244 0.008246 0.008245 0.008241 0.008234 0.008221 0.008203 0.008177 0.008135 0.008056 0.007860 0.007269
0.007499 0.008093 0.008291 0.008371 0.008413 0.008439 0.008456 0.008467 0.008473 0.008475 0.008473 0.008469 0.008464 0.008457 0.008449 0.008441 0.008432 0.008424 0.008416 0.008408 0.008400 0.008393 0.008386 0.008380 0.008373 0.008368 0.008362 0.008358 0.008353 0.008349 0.008345 0.008341 0.008337 0.008334 0.008331 0.008329 0.008326 0.008324 0.008322 0.008320 0.008318 0.008316 0.008315 0.008313 0.008312 0.008311 0.008310 0.008309 0.008308 0.008307 0.008306 0.008306 0.008305 0.008305 0.008304 0.008304 0.008303 0.008303 0.008303 0.008303 0.008303 0.008302 0.008302 0.008302 0.008302 0.008302 0.008302 0.008302 0.008302 0.008302 0.008302 0.008302 0.008302 0.008302 0.008302 0.008302 0.008303 0.008303 0.008303 0.008303 0.008303 0.008303 0.008303 0.008303 0.008303 0.008303 0.008303 0.008303 0.008303 0.008303 0.008303 0.008304 0.008304 0.008304 0.008304 0.008304 0.008304 0.008304 0.008304 0.008304 0.008304 0.008304 0.008304 0.008304 0.008304 0.008304 0.008304 0.008304 0.008304 0.008304 0.008304 0.008303 0.008303 0.008303 0.008303 0.008303 0.008303 0.008303 0.008303 0.008303 0.008303 0.008303 0.008303 0.008303 0.008303 0.008303 0.008302 0.008302 0.008302 0.008302 0.008302 0.008302 0.008302 0.008302 0.008302 0.008302 0.008302 0.008302 0.008302 0.008302 0.008302 0.008303 0.008303 0.008303 0.008303 0.008303 0.008304 0.008304 0.008305 0.008305 0.008306 0.008306 0.008307 0.008308 0.008309 0.008310 0.008311 0.008312 0.008313 0.008315 0.008316 0.008318 0.008320 0.008322 0.008324 0.008326 0.008329 0.008331 0.008334 0.008337 0.008341 0.008345 0.008349 0.008353 0.008358 0.008362 0.008368 0.008373 0.008380 0.008386 0.008393 0.008400 0.008408 0.008416 0.008424 0.008432 0.008441 0.008449 0.008457 0.008464 0.008469 0.008473 0.008475 0.008473 0.008467 0.008456 0.008439 0.008413 0.008371 0.008291 0.008093 0.007499
0.007785 0.008383 0.008582 0.008663 0.008704 0.008730 0.008746 0.008755 0.008758 0.008758 0.008754 0.008747 0.008739 0.008729 0.008719 0.008709 0.008698 0.008687 0.008677 0.008667 0.008658 0.008649 0.008640 0.008632 0.008625 0.008618 0.008611 0.008605 0.008600 0.008595 0.008590 0.008585 0.008581 0.008577 0.008574 0.008570 0.008567 0.008565 0.008562 0.008560 0.008558 0.008556 0.008554 0.008552 0.008551 0.008549 0.008548 0.008547 0.008546 0.008545 0.008544 0.008544 0.008543 0.008543 0.008542 0.008542 0.008541 0.008541 0.008541 0.008541 0.008541 0.008540 0.008540 0.008540 0.008540 0.008540 0.008540 0.008540 0.008540 0.008541 0.008541 0.008541 0.008541 0.008541 0.008541 0.008541 0.008541 0.008541 0.008542 0.008542 0.008542 0.008542 0.008542 0.008542 0.008542 0.008542 0.008543 0.008543 0.008543 0.008543 0.008543 0.008543 0.008543 0.008543 0.008543 0.008543 0.008543 0.008543 0.008543 0.008543 0.008543 0.008543 0.008543 0.008543 0.008543 0.008543 0.008543 0.008543 0.008543 0.008543 0.008543 0.008543 0.008543 0.008543 0.008543 0.008543 0.008542 0.008542 0.008542 0.008542 0.008542 0.008542 0.008542 0.008542 0.008541 0.008541 0.008541 0.008541 0.008541 0.008541 0.008541 0.008541 0.008541 0.008540 0.008540 0.008540 0.008540 0.008540 0.008540 0.008540 0.008540 0.008541 0.008541 0.008541 0.008541 0.008541 0.008542 0.008542 0.008543 0.008543 0.008544 0.008544 0.008545 0.008546 0.008547 0.008548 0.008549 0.008551 0.008552 0.008554 0.008556 0.008558 0.008560 0.008562 0.008565 0.008567 0.008570 0.008574 0.008577 0.008581 0.008585 0.008590 0.008595 0.008600 0.008605 0.008611 0.008618 0.008625 0.008632 0.008640 0.008649 0.008658 0.008667 0.008677 0.008687 0.008698 0.008709 0.008719 0.008729 0.008739 0.008747 0.008754 0.008758 0.008758 0.008755 0.008746 0.008730 0.008704 0.008663 0.008582 0.008383 0.007785
0.008135 0.008736 0.008937 0.009018 0.009059 0.009083 0.009097 0.009104 0.009104 0.009101 0.009094 0.009084 0.009072 0.009060 0.009047 0.009033 0.009020 0.009007 0.008994 0.008982 0.008970 0.008960 0.008949 0.008940 0.008931 0.008923 0.008915 0.008908 0.008901 0.008895 0.008889 0.008884 0.008879 0.008874 0.008870 0.008866 0.008863 0.008859 0.008856 0.008854 0.008851 0.008849 0.008847 0.008845 0.008843 0.008842 0.008840 0.008839 0.008838 0.008837 0.008836 0.008835 0.008835 0.008834 0.008834 0.008833 0.008833 0.008833 0.008832 0.008832 0.008832 0.008832 0.008832 0.008832 0.008832 0.008832 0.008832 0.008832 0.008832 0.008833 0.008833 0.008833 0.008833 0.008833 0.008833 0.008834 0.008834 0.008834 0.008834 0.008834 0.008834 0.008835 0.008835 0.008835 0.008835 0.008835 0.008835 0.008836 0.008836 0.008836 0.008836 0.008836 0.008836 0.008836 0.008836 0.008836 0.008836 0.008836 0.008837 0.008837 0.008837 0.008837 0.008837 0.008837 0.008836 0.008836 0.008836 0.008836 0.008836 0.008836 0.008836 0.008836 0.008836 0.008836 0.008836 0.008835 0.008835 0.008835 0.008835 0.008835 0.008835 0.008834 0.008834 0.008834 0.008834 0.008834 0.008834 0.008833 0.008833 0.008833 0.008833 0.008833 0.008833 0.008832 0.008832 0.008832 0.008832 0.008832 0.008832 0.008832 0.008832 0.008832 0.008832 0.008832 0.008833 0.008833 0.008833 0.008834 0.008834 0.008835 0.008835 0.008836 0.008837 0.008838 0.008839 0.008840 0.008842 0.008843 0.008845 0.008847 0.008849 0.008851 0.008854 0.008856 0.008859 0.008863 0.008866 0.008870 0.008874 0.008879 0.008884 0.008889 0.008895 0.008901 0.008908 0.008915 0.008923 0.008931 0.008940 0.008949 0.008960 0.008970 0.008982 0.008994 0.009007 0.009020 0.009033 0.009047 0.009060 0.009072 0.009084 0.009094 0.009101 0.009104 0.009104 0.009097 0.009083 0.009059 0.009018 0.008937 0.008736 0.008135
0.008554 0.009159 0.009361 0.009442 0.009482 0.009503 0.009514 0.009518 0.009515 0.009508 0.009497 0.009483 0.009468 0.009452 0.009436 0.009419 0.009402 0.009387 0.009371 0.009357 0.009343 0.009330 0.009318 0.009307 0.009297 0.009287 0.009278 0.009269 0.009262 0.009254 0.009248 0.009241 0.009236 0.009230 0.009225 0.009221 0.009217 0.009213 0.009210 0.009206 0.009203 0.009201 0.009198 0.009196 0.009194 0.009193 0.009191 0.009190 0.009188 0.009187 0.009186 0.009185 0.009185 0.009184 0.009184 0.009183 0.009183 0.009183 0.009182 0.009182 0.009182 0.009182 0.009182 0.009182 0.009182 0.009183 0.009183 0.009183 0.009183 0.009183 0.009183 0.009184 0.009184 0.009184 0.009184 0.009185 0.009185 0.009185 0.009185 0.009186 0.009186 0.009186 0.009186 0.009187 0.009187 0.009187 0.009187 0.009187 0.009188 0.009188 0.009188 0.009188 0.009188 0.009188 0.009188 0.009188 0.009189 0.009189 0.009189 0.009189 0.009189 0.009189 0.009189 0.009189 0.009189 0.009189 0.009188 0.009188 0.009188 0.009188 0.009188 0.009188 0.009188 0.009188 0.009187 0.009187 0.009187 0.009187 0.009187 0.009186 0.009186 0.009186 0.009186 0.009185 0.009185 0.009185 0.009185 0.009184 0.009184 0.009184 0.009184 0.009183 0.009183 0.009183 0.009183 0.009183 0.009183 0.009182 0.009182 0.009182 0.009182 0.009182 0.009182 0.009182 0.009183 0.009183 0.009183 0.009184 0.009184 0.009185 0.009185 0.009186 0.009187 0.009188 0.009190 0.009191 0.009193 0.009194 0.009196 0.009198 0.009201 0.009203 0.009206 0.009210 0.009213 0.009217 0.009221 0.009225 0.009230 0.009236 0.009241 0.009248 0.009254 0.009262 0.009269 0.009278 0.009287 0.009297 0.009307 0.009318 0.009330 0.009343 0.009357 0.009371 0.009387 0.009402 0.009419 0.009436 0.009452 0.009468 0.009483 0.009497 0.009508 0.009515 0.009518 0.009514 0.009503 0.009482 0.009442 0.009361 0.009159 0.008554
0.009047 0.009654 0.009857 0.009936 0.009974 0.009993 0.010000 0.009999 0.009992 0.009981 0.009965 0.009948 0.009928 0.009908 0.009888 0.009868 0.009848 0.009829 0.009811 0.009794 0.009778 0.009763 0.009750 0.009736 0.009724 0.009713 0.009703 0.009693 0.009684 0.009676 0.009668 0.009661 0.009654 0.009648 0.009643 0.009637 0.009633 0.009628 0.009624 0.009621 0.009618 0.009615 0.009612 0.009610 0.009607 0.009605 0.009604 0.009602 0.009601 0.009600 0.009599 0.009598 0.009597 0.009596 0.009596 0.009595 0.009595 0.009595 0.009595 0.009594 0.009594 0.009594 0.009594 0.009595 0.009595 0.009595 0.009595 0.009595 0.009596 0.009596 0.009596 0.009597 0.009597 0.009597 0.009598 0.009598 0.009598 0.009598 0.009599 0.009599 0.009599 0.009600 0.009600 0.009600 0.009601 0.009601 0.009601 0.009601 0.009601 0.009602 0.009602 0.009602 0.009602 0.009602 0.009602 0.009603 0.009603 0.009603 0.009603 0.009603 0.009603 0.009603 0.009603 0.009603 0.009603 0.009603 0.009603 0.009602 0.009602 0.009602 0.009602 0.009602 0.009602 0.009601 0.009601 0.009601 0.009601 0.009601 0.009600 0.009600 0.009600 0.009599 0.009599 0.009599 0.009598 0.009598 0.009598 0.009598 0.009597 0.009597 0.009597 0.009596 0.009596 0.009596 0.009595 0.009595 0.009595 0.009595 0.009595 0.009594 0.009594 0.009594 0.009594 0.009595 0.009595 0.009595 0.009595 0.009596 0.009596 0.009597 0.009598 0.009599 0.009600 0.009601 0.009602 0.009604 0.009605 0.009607 0.009610 0.009612 0.009615 0.009618 0.009621 0.009624 0.009628 0.009633 0.009637 0.009643 0.009648 0.009654 0.009661 0.009668 0.009676 0.009684 0.009693 0.009703 0.009713 0.009724 0.009736 0.009750 0.009763 0.009778 0.009794 0.009811 0.009829 0.009848 0.009868 0.009888 0.009908 0.009928 0.009948 0.009965 0.009981 0.009992 0.009999 0.010000 0.009993 0.009974 0.009936 0.009857 0.009654 0.009047
0.009612 0.010220 0.010423 0.010501 0.010535 0.010549 0.010552 0.010546 0.010534 0.010517 0.010497 0.010475 0.010451 0.010426 0.010402 0.010378 0.010355 0.010333 0.010313 0.010293 0.010275 0.010258 0.010242 0.010227 0.010214 0.010201 0.010189 0.010178 0.010168 0.010159 0.010150 0.010142 0.010135 0.010128 0.010122 0.010116 0.010111 0.010106 0.010102 0.010097 0.010094 0.010091 0.010088 0.010085 0.010082 0.010080 0.010078 0.010077 0.010075 0.010074 0.010073 0.010072 0.010071 0.010070 0.010070 0.010069 0.010069 0.010069 0.010069 0.010069 0.010069 0.010069 0.010069 0.010069 0.010069 0.010070 0.010070 0.010070 0.010071 0.010071 0.010071 0.010072 0.010072 0.010072 0.010073 0.010073 0.010074 0.010074 0.010074 0.010075 0.010075 0.010075 0.010076 0.010076 0.010076 0.010077 0.010077 0.010077 0.010078 0.010078 0.010078 0.010078 0.010078 0.010079 0.010079 0.010079 0.010079 0.010079 0.010079 0.010079 0.010079 0.010079 0.010079 0.010079 0.010079 0.010079 0.010079 0.010079 0.010079 0.010078 0.010078 0.010078 0.010078 0.010078 0.010077 0.010077 0.010077 0.010076 0.010076 0.010076 0.010075 0.010075 0.010075 0.010074 0.010074 0.010074 0.010073 0.010073 0.010072 0.010072 0.010072 0.010071 0.010071 0.010071 0.010070 0.010070 0.010070 0.010069 0.010069 0.010069 0.010069 0.010069 0.010069 0.010069 0.010069 0.010069 0.010069 0.010070 0.010070 0.010071 0.010072 0.010073 0.010074 0.010075 0.010077 0.010078 0.010080 0.010082 0.010085 0.010088 0.010091 0.010094 0.010097 0.010102 0.010106 0.010111 0.010116 0.010122 0.010128 0.010135 0.010142 0.010150 0.010159 0.010168 0.010178 0.010189 0.010201 0.010214 0.010227 0.010242 0.010258 0.010275 0.010293 0.010313 0.010333 0.010355 0.010378 0.010402 0.010426 0.010451 0.010475 0.010497 0.010517 0.010534 0.010546 0.010552 0.010549 0.010535 0.010501 0.010423 0.010220 0.009612
0.010245 0.010851 0.011052 0.011127 0.011157 0.011166 0.011163 0.011151 0.011133 0.011111 0.011085 0.011057 0.011028 0.011000 0.010971 0.010944 0.010918 0.010893 0.010869 0.010848 0.010827 0.010808 0.010791 0.010774 0.010759 0.010745 0.010732 0.010720 0.010709 0.010699 0.010689 0.010681 0.010673 0.010665 0.010658 0.010652 0.010646 0.010641 0.010636 0.010632 0.010628 0.010625 0.010621 0.010618 0.010616 0.010613 0.010611 0.010610 0.010608 0.010607 0.010606 0.010605 0.010604 0.010603 0.010602 0.010602 0.010602 0.010602 0.010601 0.010601 0.010601 0.010602 0.010602 0.010602 0.010602 0.010603 0.010603 0.010603 0.010604 0.010604 0.010605 0.010605 0.010605 0.010606 0.010606 0.010607 0.010607 0.010608 0.010608 0.010609 0.010609 0.010609 0.010610 0.010610 0.010611 0.010611 0.010611 0.010612 0.010612 0.010612 0.010612 0.010613 0.010613 0.010613 0.010613 0.010613 0.010613 0.010613 0.010614 0.010614 0.010614 0.010614 0.010614 0.010614 0.010613 0.010613 0.010613 0.010613 0.010613 0.010613 0.010613 0.010612 0.010612 0.010612 0.010612 0.010611 0.010611 0.010611 0.010610 0.010610 0.010609 0.010609 0.010609 0.010608 0.010608 0.010607 0.010607 0.010606 0.010606 0.010605 0.010605 0.010605 0.010604 0.010604 0.010603 0.010603 0.010603 0.010602 0.010602 0.010602 0.010602 0.010601 0.010601 0.010601 0.010602 0.010602 0.010602 0.010602 0.010603 0.010604 0.010605 0.010606 0.010607 0.010608 0.010610 0.010611 0.010613 0.010616 0.010618 0.010621 0.010625 0.010628 0.010632 0.010636 0.010641 0.010646 0.010652 0.010658 0.010665 0.010673 0.010681 0.010689 0.010699 0.010709 0.010720 0.010732 0.010745 0.010759 0.010774 0.010791 0.010808 0.010827 0.010848 0.010869 0.010893 0.010918 0.010944 0.010971 0.011000 0.011028 0.011057 0.011085 0.011111 0.011133 0.011151 0.011163 0.011166 0.011157 0.011127 0.011052 0.010851 0.010245
0.010932 0.011533 0.011732 0.011802 0.011826 0.011828 0.011818 0.011800 0.011775 0.011746 0.011714 0.011681 0.011648 0.011615 0.011582 0.011552 0.011522 0.011495 0.011469 0.011445 0.011423 0.011403 0.011384 0.011366 0.011350 0.011335 0.011321 0.011308 0.011297 0.011286 0.011276 0.011266 0.011258 0.011250 0.011243 0.011236 0.011230 0.011224 0.011219 0.011215 0.011211 0.011207 0.011203 0.011200 0.011198 0.011195 0.011193 0.011191 0.011190 0.011188 0.011187 0.011186 0.011185 0.011184 0.011184 0.011184 0.011183 0.011183 0.011183 0.011183 0.011183 0.011183 0.011184 0.011184 0.011184 0.011185 0.011185 0.011185 0.011186 0.011186 0.011187 0.011187 0.011188 0.011188 0.011189 0.011189 0.011190 0.011190 0.011191 0.011191 0.011192 0.011192 0.011193 0.011193 0.011193 0.011194 0.011194 0.011194 0.011195 0.011195 0.011195 0.011196 0.011196 0.011196 0.011196 0.011196 0.011196 0.011197 0.011197 0.011197 0.011197 0.011197 0.011197 0.011197 0.011197 0.011196 0.011196 0.011196 0.011196 0.011196 0.011196 0.011195 0.011195 0.011195 0.011194 0.011194 0.011194 0.011193 0.011193 0.011193 0.011192 0.011192 0.011191 0.011191 0.011190 0.011190 0.011189 0.011189 0.011188 0.011188 0.011187 0.011187 0.011186 0.011186 0.011185 0.011185 0.011185 0.011184 0.011184 0.011184 0.011183 0.011183 0.011183 0.011183 0.011183 0.011183 0.011184 0.011184 0.011184 0.011185 0.011186 0.011187 0.011188 0.011190 0.011191 0.011193 0.011195 0.011198 0.011200 0.011203 0.011207 0.011211 0.011215 0.011219 0.011224 0.011230 0.011236 0.011243 0.011250 0.011258 0.011266 0.011276 0.011286 0.011297 0.011308 0.011321 0.011335 0.011350 0.011366 0.011384 0.011403 0.011423 0.011445 0.011469 0.011495 0.011522 0.011552 0.011582 0.011615 0.011648 0.011681 0.011714 0.011746 0.011775 0.011800 0.011818 0.011828 0.011826 0.011802 0.011732 0.011533 0.010932
0.011653 0.012244 0.012438 0.012502 0.012518 0.012513 0.012495 0.012469 0.012437 0.012401 0.012364 0.012325 0.012287 0.012250 0.012215 0.012181 0.012150 0.012120 0.012093 0.012068 0.012044 0.012023 0.012003 0.011985 0.011968 0.011953 0.011938 0.011925 0.011913 0.011902 0.011891 0.011882 0.011873 0.011865 0.011858 0.011851 0.011845 0.011839 0.011834 0.011829 0.011825 0.011821 0.011817 0.011814 0.011812 0.011809 0.011807 0.011805 0.011804 0.011802 0.011801 0.011800 0.011799 0.011798 0.011798 0.011798 0.011797 0.011797 0.011797 0.011797 0.011797 0.011797 0.011798 0.011798 0.011798 0.011799 0.011799 0.011800 0.011800 0.011801 0.011801 0.011802 0.011802 0.011803 0.011803 0.011804 0.011805 0.011805 0.011806 0.011806 0.011807 0.011807 0.011808 0.011808 0.011808 0.011809 0.011809 0.011809 0.011810 0.011810 0.011810 0.011811 0.011811 0.011811 0.011811 0.011811 0.011812 0.011812 0.011812 0.011812 0.011812 0.011812 0.011812 0.011812 0.011812 0.011812 0.011811 0.011811 0.011811 0.011811 0.011811 0.011810 0.011810 0.011810 0.011809 0.011809 0.011809 0.011808 0.011808 0.011808 0.011807 0.011807 0.011806 0.011806 0.011805 0.011805 0.011804 0.011803 0.011803 0.011802 0.011802 0.011801 0.011801 0.011800 0.011800 0.011799 0.011799 0.011798 0.011798 0.011798 0.011797 0.011797 0.011797 0.011797 0.011797 0.011797 0.011798 0.011798 0.011798 0.011799 0.011800 0.011801 0.011802 0.011804 0.011805 0.011807 0.011809 0.011812 0.011814 0.011817 0.011821 0.011825 0.011829 0.011834 0.011839 0.011845 0.011851 0.011858 0.011865 0.011873 0.011882 0.011891 0.011902 0.011913 0.011925 0.011938 0.011953 0.011968 0.011985 0.012003 0.012023 0.012044 0.012068 0.012093 0.012120 0.012150 0.012181 0.012215 0.012250 0.012287 0.012325 0.012364 0.012401 0.012437 0.012469 0.012495 0.012513 0.012518 0.012502 0.012438 0.012244 0.011653
0.012374 0.012950 0.013137 0.013193 0.013201 0.013186 0.013159 0.013125 0.013086 0.013044 0.013001 0.012958 0.012916 0.012876 0.012838 0.012803 0.012770 0.012740 0.012712 0.012686 0.012662 0.012641 0.012621 0.012603 0.012586 0.012571 0.012557 0.012544 0.012532 0.012521 0.012511 0.012501 0.012493 0.012485 0.012478 0.012471 0.012465 0.012459 0.012454 0.012450 0.012446 0.012442 0.012438 0.012435 0.012433 0.012430 0.012428 0.012426 0.012425 0.012424 0.012422 0.012421 0.012421 0.012420 0.012420 0.012419 0.012419 0.012419 0.012419 0.012419 0.012419 0.012419 0.012420 0.012420 0.012420 0.012421 0.012421 0.012422 0.012422 0.012423 0.012423 0.012424 0.012424 0.012425 0.012426 0.012426 0.012427 0.012427 0.012428 0.012428 0.012429 0.012429 0.012430 0.012430 0.012430 0.012431 0.012431 0.012432 0.012432 0.012432 0.012433 0.012433 0.012433 0.012433 0.012433 0.012434 0.012434 0.012434 0.012434 0.012434 0.012434 0.012434 0.012434 0.012434 0.012434 0.012434 0.012434 0.012433 0.012433 0.012433 0.012433 0.012433 0.012432 0.012432 0.012432 0.012431 0.012431 0.012430 0.012430 0.012430 0.012429 0.012429 0.012428 0.012428 0.012427 0.012427 0.012426 0.012426 0.012425 0.012424 0.012424 0.012423 0.012423 0.012422 0.012422 0.012421 0.012421 0.012420 0.012420 0.012420 0.012419 0.012419 0.012419 0.012419 0.012419 0.012419 0.012419 0.012420 0.012420 0.012421 0.012421 0.012422 0.012424 0.012425 0.012426 0.012428 0.012430 0.012433 0.012435 0.012438 0.012442 0.012446 0.012450 0.012454 0.012459 0.012465 0.012471 0.012478 0.012485 0.012493 0.012501 0.012511 0.012521 0.012532 0.012544 0.012557 0.012571 0.012586 0.012603 0.012621 0.012641 0.012662 0.012686 0.012712 0.012740 0.012770 0.012803 0.012838 0.012876 0.012916 0.012958 0.013001 0.013044 0.013086 0.013125 0.013159 0.013186 0.013201 0.013193 0.013137 0.012950 0.012374
0.013052 0.013606 0.013783 0.013830 0.013828 0.013803 0.013768 0.013726 0.013680 0.013632 0.013585 0.013539 0.013494 0.013452 0.013414 0.013378 0.013345 0.013315 0.013287 0.013263 0.013240 0.013220 0.013201 0.013184 0.013168 0.013154 0.013141 0.013129 0.013118 0.013108 0.013098 0.013090 0.013082 0.013075 0.013068 0.013062 0.013056 0.013051 0.013046 0.013042 0.013038 0.013035 0.013032 0.013029 0.013027 0.013025 0.013023 0.013021 0.013020 0.013018 0.013017 0.013017 0.013016 0.013015 0.013015 0.013015 0.013015 0.013015 0.013015 0.013015 0.013015 0.013015 0.013015 0.013016 0.013016 0.013016 0.013017 0.013017 0.013018 0.013018 0.013019 0.013019 0.013020 0.013020 0.013021 0.013021 0.013022 0.013023 0.013023 0.013023 0.013024 0.013024 0.013025 0.013025 0.013026 0.013026 0.013026 0.013027 0.013027 0.013027 0.013028 0.013028 0.013028 0.013028 0.013028 0.013029 0.013029 0.013029 0.013029 0.013029 0.013029 0.013029 0.013029 0.013029 0.013029 0.013029 0.013029 0.013028 0.013028 0.013028 0.013028 0.013028 0.013027 0.013027 0.013027 0.013026 0.013026 0.013026 0.013025 0.013025 0.013024 0.013024 0.013023 0.013023 0.013023 0.013022 0.013021 0.013021 0.013020 0.013020 0.013019 0.013019 0.013018 0.013018 0.013017 0.013017 0.013016 0.013016 0.013016 0.013015 0.013015 0.013015 0.013015 0.013015 0.013015 0.013015 0.013015 0.013015 0.013015 0.013016 0.013017 0.013017 0.013018 0.013020 0.013021 0.013023 0.013025 0.013027 0.013029 0.013032 0.013035 0.013038 0.013042 0.013046 0.013051 0.013056 0.013062 0.013068 0.013075 0.013082 0.013090 0.013098 0.013108 0.013118 0.013129 0.013141 0.013154 0.013168 0.013184 0.013201 0.013220 0.013240 0.013263 0.013287 0.013315 0.013345 0.013378 0.013414 0.013452 0.013494 0.013539 0.013585 0.013632 0.013680 0.013726 0.013768 0.013803 0.013828 0.013830 0.013783 0.013606 0.013052
0.013629 0.014156 0.014320 0.014357 0.014344 0.014309 0.014265 0.014216 0.014164 0.014113 0.014063 0.014015 0.013970 0.013929 0.013891 0.013857 0.013826 0.013798 0.013773 0.013751 0.013731 0.013713 0.013696 0.013682 0.013668 0.013656 0.013645 0.013635 0.013626 0.013617 0.013609 0.013602 0.013596 0.013590 0.013584 0.013579 0.013574 0.013570 0.013566 0.013563 0.013560 0.013557 0.013554 0.013552 0.013550 0.013548 0.013547 0.013545 0.013544 0.013543 0.013542 0.013542 0.013541 0.013541 0.013540 0.013540 0.013540 0.013540 0.013540 0.013540 0.013540 0.013541 0.013541 0.013541 0.013542 0.013542 0.013542 0.013543 0.013543 0.013544 0.013544 0.013544 0.013545 0.013545 0.013546 0.013546 0.013547 0.013547 0.013548 0.013548 0.013548 0.013549 0.013549 0.013549 0.013550 0.013550 0.013550 0.013551 0.013551 0.013551 0.013551 0.013552 0.013552 0.013552 0.013552 0.013552 0.013552 0.013552 0.013553 0.013553 0.013553 0.013553 0.013553 0.013553 0.013552 0.013552 0.013552 0.013552 0.013552 0.013552 0.013552 0.013551 0.013551 0.013551 0.013551 0.013550 0.013550 0.013550 0.013549 0.013549 0.013549 0.013548 0.013548 0.013548 0.013547 0.013547 0.013546 0.013546 0.013545 0.013545 0.013544 0.013544 0.013544 0.013543 0.013543 0.013542 0.013542 0.013542 0.013541 0.013541 0.013541 0.013540 0.013540 0.013540 0.013540 0.013540 0.013540 0.013540 0.013541 0.013541 0.013542 0.013542 0.013543 0.013544 0.013545 0.013547 0.013548 0.013550 0.013552 0.013554 0.013557 0.013560 0.013563 0.013566 0.013570 0.013574 0.013579 0.013584 0.013590 0.013596 0.013602 0.013609 0.013617 0.013626 0.013635 0.013645 0.013656 0.013668 0.013682 0.013696 0.013713 0.013731 0.013751 0.013773 0.013798 0.013826 0.013857 0.013891 0.013929 0.013970 0.014015 0.014063 0.014113 0.014164 0.014216 0.014265 0.014309 0.014344 0.014357 0.014320 0.014156 0.013629
0.014038 0.014531 0.014682 0.014706 0.014683 0.014639 0.014587 0.014533 0.014478 0.014424 0.014374 0.014327 0.014285 0.014246 0.014212 0.014182 0.014156 0.014133 0.014112 0.014094 0.014079 0.014065 0.014053 0.014042 0.014032 0.014023 0.014016 0.014008 0.014002 0.013996 0.013990 0.013985 0.013981 0.013977 0.013973 0.013969 0.013966 0.013963 0.013960 0.013958 0.013956 0.013954 0.013952 0.013951 0.013949 0.013948 0.013947 0.013946 0.013945 0.013945 0.013944 0.013944 0.013943 0.013943 0.013943 0.013943 0.013943 0.013943 0.013943 0.013943 0.013943 0.013943 0.013944 0.013944 0.013944 0.013944 0.013945 0.013945 0.013945 0.013946 0.013946 0.013946 0.013947 0.013947 0.013947 0.013948 0.013948 0.013948 0.013949 0.013949 0.013949 0.013949 0.013950 0.013950 0.013950 0.013950 0.013951 0.013951 0.013951 0.013951 0.013951 0.013952 0.013952 0.013952 0.013952 0.013952 0.013952 0.013952 0.013952 0.013952 0.013952 0.013952 0.013952 0.013952 0.013952 0.013952 0.013952 0.013952 0.013952 0.013952 0.013952 0.013951 0.013951 0.013951 0.013951 0.013951 0.013950 0.013950 0.013950 0.013950 0.013949 0.013949 0.013949 0.013949 0.013948 0.013948 0.013948 0.013947 0.013947 0.013947 0.013946 0.013946 0.013946 0.013945 0.013945 0.013945 0.013944 0.013944 0.013944 0.013944 0.013943 0.013943 0.013943 0.013943 0.013943 0.013943 0.013943 0.013943 0.013943 0.013943 0.013944 0.013944 0.013945 0.013945 0.013946 0.013947 0.013948 0.013949 0.013951 0.013952 0.013954 0.013956 0.013958 0.013960 0.013963 0.013966 0.013969 0.013973 0.013977 0.013981 0.013985 0.013990 0.013996 0.014002 0.014008 0.014016 0.014023 0.014032 0.014042 0.014053 0.014065 0.014079 0.014094 0.014112 0.014133 0.014156 0.014182 0.014212 0.014246 0.014285 0.014327 0.014374 0.014424 0.014478 0.014533 0.014587 0.014639 0.014683 0.014706 0.014682 0.014531 0.014038
0.014203 0.014658 0.014793 0.014807 0.014773 0.014722 0.014665 0.014608 0.014552 0.014500 0.014453 0.014411 0.014374 0.014342 0.014315 0.014292 0.014273 0.014257 0.014243 0.014232 0.014223 0.014216 0.014209 0.014204 0.014199 0.014195 0.014192 0.014188 0.014186 0.014183 0.014181 0.014179 0.014177 0.014176 0.014174 0.014173 0.014171 0.014170 0.014169 0.014168 0.014167 0.014167 0.014166 0.014166 0.014165 0.014165 0.014164 0.014164 0.014164 0.014163 0.014163 0.014163 0.014163 0.014163 0.014163 0.014163 0.014163 0.014163 0.014163 0.014163 0.014163 0.014163 0.014164 0.014164 0.014164 0.014164 0.014164 0.014164 0.014164 0.014165 0.014165 0.014165 0.014165 0.014165 0.014165 0.014166 0.014166 0.014166 0.014166 0.014166 0.014166 0.014166 0.014167 0.014167 0.014167 0.014167 0.014167 0.014167 0.014167 0.014167 0.014167 0.014167 0.014167 0.014168 0.014168 0.014168 0.014168 0.014168 0.014168 0.014168 0.014168 0.014168 0.014168 0.014168 0.014168 0.014168 0.014168 0.014168 0.014168 0.014167 0.014167 0.014167 0.014167 0.014167 0.014167 0.014167 0.014167 0.014167 0.014167 0.014167 0.014166 0.014166 0.014166 0.014166 0.014166 0.014166 0.014166 0.014165 0.014165 0.014165 0.014165 0.014165 0.014165 0.014164 0.014164 0.014164 0.014164 0.014164 0.014164 0.014164 0.014163 0.014163 0.014163 0.014163 0.014163 0.014163 0.014163 0.014163 0.014163 0.014163 0.014163 0.014163 0.014163 0.014164 0.014164 0.014164 0.014165 0.014165 0.014166 0.014166 0.014167 0.014167 0.014168 0.014169 0.014170 0.014171 0.014173 0.014174 0.014176 0.014177 0.014179 0.014181 0.014183 0.014186 0.014188 0.014192 0.014195 0.014199 0.014204 0.014209 0.014216 0.014223 0.014232 0.014243 0.014257 0.014273 0.014292 0.014315 0.014342 0.014374 0.014411 0.014453 0.014500 0.014552 0.014608 0.014665 0.014722 0.014773 0.014807 0.014793 0.014658 0.014203
0.014045 0.014462 0.014581 0.014584 0.014543 0.014487 0.014428 0.014371 0.014318 0.014272 0.014232 0.014198 0.014171 0.014149 0.014133 0.014121 0.014112 0.014107 0.014103 0.014101 0.014101 0.014101 0.014102 0.014104 0.014106 0.014108 0.014110 0.014112 0.014114 0.014116 0.014118 0.014120 0.014121 0.014123 0.014124 0.014126 0.014127 0.014128 0.014129 0.014130 0.014131 0.014132 0.014132 0.014133 0.014133 0.014134 0.014134 0.014135 0.014135 0.014135 0.014136 0.014136 0.014136 0.014136 0.014137 0.014137 0.014137 0.014137 0.014137 0.014137 0.014137 0.014137 0.014137 0.014137 0.014137 0.014137 0.014137 0.014137 0.014137 0.014137 0.014137 0.014137 0.014137 0.014137 0.014137 0.014136 0.014136 0.014136 0.014136 0.014136 0.014136 0.014136 0.014136 0.014136 0.014136 0.014136 0.014136 0.014136 0.014136 0.014136 0.014136 0.014136 0.014136 0.014136 0.014136 0.014136 0.014136 0.014136 0.014136 0.014136 0.014136 0.014136 0.014136 0.014136 0.014136 0.014136 0.014136 0.014136 0.014136 0.014136 0.014136 0.014136 0.014136 0.014136 0.014136 0.014136 0.014136 0.014136 0.014136 0.014136 0.014136 0.014136 0.014136 0.014136 0.014136 0.014136 0.014136 0.014137 0.014137 0.014137 0.014137 0.014137 0.014137 0.014137 0.014137 0.014137 0.014137 0.014137 0.014137 0.014137 0.014137 0.014137 0.014137 0.014137 0.014137 0.014137 0.014137 0.014137 0.014136 0.014136 0.014136 0.014136 0.014135 0.014135 0.014135 0.014134 0.014134 0.014133 0.014133 0.014132 0.014132 0.014131 0.014130 0.014129 0.014128 0.014127 0.014126 0.014124 0.014123 0.014121 0.014120 0.014118 0.014116 0.014114 0.014112 0.014110 0.014108 0.014106 0.014104 0.014102 0.014101 0.014101 0.014101 0.014103 0.014107 0.014112 0.014121 0.014133 0.014149 0.014171 0.014198 0.014232 0.014272 0.014318 0.014371 0.014428 0.014487 0.014543 0.014584 0.014581 0.014462 0.014045
0.013493 0.013873 0.013979 0.013973 0.013927 0.013870 0.013812 0.013760 0.013715 0.013678 0.013649 0.013628 0.013615 0.013609 0.013607 0.013610 0.013615 0.013622 0.013631 0.013641 0.013651 0.013662 0.013672 0.013682 0.013692 0.013701 0.013710 0.013719 0.013726 0.013734 0.013740 0.013747 0.013752 0.013758 0.013762 0.013767 0.013771 0.013775 0.013778 0.013781 0.013784 0.013786 0.013789 0.013791 0.013792 0.013794 0.013795 0.013797 0.013798 0.013799 0.013799 0.013800 0.013801 0.013801 0.013801 0.013802 0.013802 0.013802 0.013802 0.013802 0.013802 0.013802 0.013802 0.013802 0.013801 0.013801 0.013801 0.013801 0.013800 0.013800 0.013800 0.013799 0.013799 0.013799 0.013798 0.013798 0.013798 0.013798 0.013797 0.013797 0.013797 0.013796 0.013796 0.013796 0.013796 0.013795 0.013795 0.013795 0.013795 0.013795 0.013794 0.013794 0.013794 0.013794 0.013794 0.013794 0.013794 0.013794 0.013794 0.013794 0.013794 0.013794 0.013794 0.013794 0.013794 0.013794 0.013794 0.013794 0.013794 0.013794 0.013794 0.013794 0.013795 0.013795 0.013795 0.013795 0.013795 0.013796 0.013796 0.013796 0.013796 0.013797 0.013797 0.013797 0.013798 0.013798 0.013798 0.013798 0.013799 0.013799 0.013799 0.013800 0.013800 0.013800 0.013801 0.013801 0.013801 0.013801 0.013802 0.013802 0.013802 0.013802 0.013802 0.013802 0.013802 0.013802 0.013802 0.013801 0.013801 0.013801 0.013800 0.013799 0.013799 0.013798 0.013797 0.013795 0.013794 0.013792 0.013791 0.013789 0.013786 0.013784 0.013781 0.013778 0.013775 0.013771 0.013767 0.013762 0.013758 0.013752 0.013747 0.013740 0.013734 0.013726 0.013719 0.013710 0.013701 0.013692 0.013682 0.013672 0.013662 0.013651 0.013641 0.013631 0.013622 0.013615 0.013610 0.013607 0.013609 0.013615 0.013628 0.013649 0.013678 0.013715 0.013760 0.013812 0.013870 0.013927 0.013973 0.013979 0.013873 0.013493
0.012493 0.012842 0.012934 0.012923 0.012876 0.012821 0.012770 0.012727 0.012693 0.012670 0.012657 0.012653 0.012659 0.012671 0.012689 0.012710 0.012732 0.012756 0.012780 0.012803 0.012826 0.012848 0.012869 0.012889 0.012907 0.012925 0.012941 0.012956 0.012970 0.012983 0.012995 0.013007 0.013017 0.013026 0.013035 0.013043 0.013050 0.013056 0.013062 0.013068 0.013073 0.013077 0.013081 0.013084 0.013088 0.013090 0.013093 0.013095 0.013097 0.013098 0.013100 0.013101 0.013102 0.013102 0.013103 0.013103 0.013104 0.013104 0.013104 0.013104 0.013103 0.013103 0.013103 0.013103 0.013102 0.013102 0.013101 0.013101 0.013100 0.013099 0.013099 0.013098 0.013098 0.013097 0.013096 0.013096 0.013095 0.013095 0.013094 0.013094 0.013093 0.013093 0.013092 0.013092 0.013091 0.013091 0.013090 0.013090 0.013090 0.013089 0.013089 0.013089 0.013088 0.013088 0.013088 0.013088 0.013088 0.013088 0.013087 0.013087 0.013087 0.013087 0.013087 0.013087 0.013088 0.013088 0.013088 0.013088 0.013088 0.013088 0.013089 0.013089 0.013089 0.013090 0.013090 0.013090 0.013091 0.013091 0.013092 0.013092 0.013093 0.013093 0.013094 0.013094 0.013095 0.013095 0.013096 0.013096 0.013097 0.013098 0.013098 0.013099 0.013099 0.013100 0.013101 0.013101 0.013102 0.013102 0.013103 0.013103 0.013103 0.013103 0.013104 0.013104 0.013104 0.013104 0.013103 0.013103 0.013102 0.013102 0.013101 0.013100 0.013098 0.013097 0.013095 0.013093 0.013090 0.013088 0.013084 0.013081 0.013077 0.013073 0.013068 0.013062 0.013056 0.013050 0.013043 0.013035 0.013026 0.013017 0.013007 0.012995 0.012983 0.012970 0.012956 0.012941 0.012925 0.012907 0.012889 0.012869 0.012848 0.012826 0.012803 0.012780 0.012756 0.012732 0.012710 0.012689 0.012671 0.012659 0.012653 0.012657 0.012670 0.012693 0.012727 0.012770 0.012821 0.012876 0.012923 0.012934 0.012842 0.012493
0.011023 0.011343 0.011423 0.011408 0.011364 0.011317 0.011276 0.011245 0.011226 0.011220 0.011226 0.011244 0.011273 0.011309 0.011349 0.011392 0.011434 0.011477 0.011517 0.011556 0.011593 0.011627 0.011659 0.011689 0.011717 0.011743 0.011767 0.011790 0.011810 0.011829 0.011847 0.011863 0.011877 0.011891 0.011903 0.011915 0.011925 0.011935 0.011943 0.011951 0.011958 0.011964 0.011970 0.011975 0.011979 0.011983 0.011986 0.011989 0.011992 0.011994 0.011996 0.011998 0.011999 0.012000 0.012001 0.012001 0.012001 0.012001 0.012001 0.012001 0.012001 0.012001 0.012000 0.012000 0.011999 0.011998 0.011997 0.011997 0.011996 0.011995 0.011994 0.011993 0.011992 0.011991 0.011991 0.011990 0.011989 0.011988 0.011987 0.011986 0.011986 0.011985 0.011984 0.011983 0.011983 0.011982 0.011981 0.011981 0.011980 0.011980 0.011979 0.011979 0.011979 0.011978 0.011978 0.011978 0.011978 0.011977 0.011977 0.011977 0.011977 0.011977 0.011977 0.011977 0.011977 0.011978 0.011978 0.011978 0.011978 0.011979 0.011979 0.011979 0.011980 0.011980 0.011981 0.011981 0.011982 0.011983 0.011983 0.011984 0.011985 0.011986 0.011986 0.011987 0.011988 0.011989 0.011990 0.011991 0.011991 0.011992 0.011993 0.011994 0.011995 0.011996 0.011997 0.011997 0.011998 0.011999 0.012000 0.012000 0.012001 0.012001 0.012001 0.012001 0.012001 0.012001 0.012001 0.012001 0.012000 0.011999 0.011998 0.011996 0.011994 0.011992 0.011989 0.011986 0.011983 0.011979 0.011975 0.011970 0.011964 0.011958 0.011951 0.011943 0.011935 0.011925 0.011915 0.011903 0.011891 0.011877 0.011863 0.011847 0.011829 0.011810 0.011790 0.011767 0.011743 0.011717 0.011689 0.011659 0.011627 0.011593 0.011556 0.011517 0.011477 0.011434 0.011392 0.011349 0.011309 0.011273 0.011244 0.011226 0.011220 0.011226 0.011245 0.011276 0.011317 0.011364 0.011408 0.011423 0.011343 0.011023
0.009100 0.009391 0.009457 0.009441 0.009403 0.009366 0.009339 0.009322 0.009319 0.009331 0.009360 0.009402 0.009457 0.009520 0.009586 0.009653 0.009718 0.009780 0.009839 0.009893 0.009944 0.009991 0.010035 0.010075 0.010112 0.010146 0.010177 0.010206 0.010233 0.010257 0.010280 0.010300 0.010319 0.010337 0.010353 0.010367 0.010380 0.010392 0.010403 0.010413 0.010422 0.010430 0.010437 0.010444 0.010449 0.010454 0.010458 0.010462 0.010465 0.010468 0.010471 0.010472 0.010474 0.010475 0.010476 0.010477 0.010477 0.010477 0.010477 0.010477 0.010476 0.010476 0.010475 0.010474 0.010474 0.010473 0.010472 0.010471 0.010470 0.010468 0.010467 0.010466 0.010465 0.010464 0.010463 0.010462 0.010460 0.010459 0.010458 0.010457 0.010456 0.010455 0.010454 0.010453 0.010453 0.010452 0.010451 0.010450 0.010450 0.010449 0.010448 0.010448 0.010447 0.010447 0.010447 0.010446 0.010446 0.010446 0.010446 0.010446 0.010446 0.010446 0.010446 0.010446 0.010446 0.010446 0.010446 0.010447 0.010447 0.010447 0.010448 0.010448 0.010449 0.010450 0.010450 0.010451 0.010452 0.010453 0.010453 0.010454 0.010455 0.010456 0.010457 0.010458 0.010459 0.010460 0.010462 0.010463 0.010464 0.010465 0.010466 0.010467 0.010468 0.010470 0.010471 0.010472 0.010473 0.010474 0.010474 0.010475 0.010476 0.010476 0.010477 0.010477 0.010477 0.010477 0.010477 0.010476 0.010475 0.010474 0.010472 0.010471 0.010468 0.010465 0.010462 0.010458 0.010454 0.010449 0.010444 0.010437 0.010430 0.010422 0.010413 0.010403 0.010392 0.010380 0.010367 0.010353 0.010337 0.010319 0.010300 0.010280 0.010257 0.010233 0.010206 0.010177 0.010146 0.010112 0.010075 0.010035 0.009991 0.009944 0.009893 0.009839 0.009780 0.009718 0.009653 0.009586 0.009520 0.009457 0.009402 0.009360 0.009331 0.009319 0.009322 0.009339 0.009366 0.009403 0.009441 0.009457 0.009391 0.009100
0.006794 0.007045 0.007094 0.007076 0.007048 0.007027 0.007012 0.007007 0.007018 0.007049 0.007100 0.007168 0.007250 0.007341 0.007435 0.007527 0.007615 0.007697 0.007774 0.007843 0.007907 0.007966 0.008019 0.008067 0.008112 0.008153 0.008190 0.008225 0.008256 0.008285 0.008312 0.008336 0.008359 0.008379 0.008398 0.008415 0.008431 0.008445 0.008457 0.008469 0.008479 0.008489 0.008497 0.008504 0.008511 0.008517 0.008522 0.008526 0.008530 0.008533 0.008536 0.008538 0.008539 0.008541 0.008542 0.008542 0.008543 0.008543 0.008543 0.008542 0.008542 0.008541 0.008540 0.008539 0.008538 0.008537 0.008536 0.008535 0.008534 0.008532 0.008531 0.008529 0.008528 0.008527 0.008525 0.008524 0.008523 0.008521 0.008520 0.008519 0.008518 0.008517 0.008515 0.008514 0.008513 0.008512 0.008512 0.008511 0.008510 0.008509 0.008509 0.008508 0.008507 0.008507 0.008506 0.008506 0.008506 0.008506 0.008505 0.008505 0.008505 0.008505 0.008505 0.008505 0.008506 0.008506 0.008506 0.008506 0.008507 0.008507 0.008508 0.008509 0.008509 0.008510 0.008511 0.008512 0.008512 0.008513 0.008514 0.008515 0.008517 0.008518 0.008519 0.008520 0.008521 0.008523 0.008524 0.008525 0.008527 0.008528 0.008529 0.008531 0.008532 0.008534 0.008535 0.008536 0.008537 0.008538 0.008539 0.008540 0.008541 0.008542 0.008542 0.008543 0.008543 0.008543 0.008542 0.008542 0.008541 0.008539 0.008538 0.008536 0.008533 0.008530 0.008526 0.008522 0.008517 0.008511 0.008504 0.008497 0.008489 0.008479 0.008469 0.008457 0.008445 0.008431 0.008415 0.008398 0.008379 0.008359 0.008336 0.008312 0.008285 0.008256 0.008225 0.008190 0.008153 0.008112 0.008067 0.008019 0.007966 0.007907 0.007843 0.007774 0.007697 0.007615 0.007527 0.007435 0.007341 0.007250 0.007168 0.007100 0.007049 0.007018 0.007007 0.007012 0.007027 0.007048 0.007076 0.007094 0.007045 0.006794
0.004234 0.004435 0.004466 0.004448 0.004435 0.004424 0.004414 0.004414 0.004439 0.004487 0.004555 0.004642 0.004748 0.004866 0.004986 0.005103 0.005211 0.005311 0.005402 0.005484 0.005557 0.005624 0.005684 0.005738 0.005788 0.005833 0.005874 0.005912 0.005946 0.005978 0.006007 0.006033 0.006058 0.006080 0.006100 0.006119 0.006135 0.006150 0.006164 0.006177 0.006188 0.006198 0.006207 0.006215 0.006222 0.006228 0.006233 0.006238 0.006242 0.006245 0.006248 0.006250 0.006252 0.006253 0.006254 0.006255 0.006255 0.006255 0.006255 0.006255 0.006254 0.006253 0.006252 0.006251 0.006250 0.006249 0.006247 0.006246 0.006245 0.006243 0.006242 0.006240 0.006239 0.006237 0.006236 0.006234 0.006233 0.006231 0.006230 0.006229 0.006227 0.006226 0.006225 0.006224 0.006223 0.006222 0.006221 0.006220 0.006219 0.006218 0.006217 0.006217 0.006216 0.006216 0.006215 0.006215 0.006214 0.006214 0.006214 0.006214 0.006214 0.006214 0.006214 0.006214 0.006214 0.006214 0.006215 0.006215 0.006216 0.006216 0.006217 0.006217 0.006218 0.006219 0.006220 0.006221 0.006222 0.006223 0.006224 0.006225 0.006226 0.006227 0.006229 0.006230 0.006231 0.006233 0.006234 0.006236 0.006237 0.006239 0.006240 0.006242 0.006243 0.006245 0.006246 0.006247 0.006249 0.006250 0.006251 0.006252 0.006253 0.006254 0.006255 0.006255 0.006255 0.006255 0.006255 0.006254 0.006253 0.006252 0.006250 0.006248 0.006245 0.006242 0.006238 0.006233 0.006228 0.006222 0.006215 0.006207 0.006198 0.006188 0.006177 0.006164 0.006150 0.006135 0.006119 0.006100 0.006080 0.006058 0.006033 0.006007 0.005978 0.005946 0.005912 0.005874 0.005833 0.005788 0.005738 0.005684 0.005624 0.005557 0.005484 0.005402 0.005311 0.005211 0.005103 0.004986 0.004866 0.004748 0.004642 0.004555 0.004487 0.004439 0.004414 0.004414 0.004424 0.004435 0.004448 0.004466 0.004435 0.004234
0.001633 0.001861 0.001861 0.001851 0.001846 0.001835 0.001816 0.001824 0.001857 0.001909 0.001975 0.002059 0.002170 0.002304 0.002443 0.002575 0.002695 0.002802 0.002900 0.002987 0.003063 0.003130 0.003191 0.003245 0.003295 0.003340 0.003381 0.003418 0.003452 0.003483 0.003511 0.003537 0.003561 0.003582 0.003602 0.003620 0.003636 0.003651 0.003665 0.003677 0.003687 0.003697 0.003706 0.003713 0.003720 0.003726 0.003731 0.003735 0.003739 0.003742 0.003745 0.003747 0.003749 0.003750 0.003751 0.003751 0.003752 0.003751 0.003751 0.003751 0.003750 0.003749 0.003748 0.003747 0.003746 0.003745 0.003743 0.003742 0.003740 0.003739 0.003738 0.003736 0.003735 0.003733 0.003732 0.003730 0.003729 0.003727 0.003726 0.003725 0.003723 0.003722 0.003721 0.003720 0.003719 0.003718 0.003717 0.003716 0.003715 0.003714 0.003714 0.003713 0.003712 0.003712 0.003711 0.003711 0.003711 0.003710 0.003710 0.003710 0.003710 0.003710 0.003710 0.003710 0.003710 0.003711 0.003711 0.003711 0.003712 0.003712 0.003713 0.003714 0.003714 0.003715 0.003716 0.003717 0.003718 0.003719 0.003720 0.003721 0.003722 0.003723 0.003725 0.003726 0.003727 0.003729 0.003730 0.003732 0.003733 0.003735 0.003736 0.003738 0.003739 0.003740 0.003742 0.003743 0.003745 0.003746 0.003747 0.003748 0.003749 0.003750 0.003751 0.003751 0.003751 0.003752 0.003751 0.003751 0.003750 0.003749 0.003747 0.003745 0.003742 0.003739 0.003735 0.003731 0.003726 0.003720 0.003713 0.003706 0.003697 0.003687 0.003677 0.003665 0.003651 0.003636 0.003620 0.003602 0.003582 0.003561 0.003537 0.003511 0.003483 0.003452 0.003418 0.003381 0.003340 0.003295 0.003245 0.003191 0.003130 0.003063 0.002987 0.002900 0.002802 0.002695 0.002575 0.002443 0.002304 0.002170 0.002059 0.001975 0.001909 0.001857 0.001824 0.001816 0.001835 0.001846 0.001851 0.001861 0.001861 0.001633
0.000000 0.000007 0.000007 0.000007 0.000007 0.000007 0.000007 0.000007 0.000007 0.000007 0.000007 0.000007 0.000063 0.000182 0.000306 0.000421 0.000524 0.000615 0.000698 0.000769 0.000830 0.000883 0.000931 0.000974 0.001013 0.001048 0.001079 0.001108 0.001134 0.001159 0.001180 0.001201 0.001219 0.001235 0.001251 0.001264 0.001277 0.001288 0.001298 0.001308 0.001316 0.001323 0.001330 0.001336 0.001341 0.001345 0.001349 0.001352 0.001355 0.001357 0.001359 0.001361 0.001362 0.001363 0.001363 0.001364 0.001364 0.001364 0.001363 0.001363 0.001362 0.001362 0.001361 0.001360 0.001359 0.001358 0.001357 0.001356 0.001354 0.001353 0.001352 0.001351 0.001350 0.001349 0.001347 0.001346 0.001345 0.001344 0.001343 0.001342 0.001341 0.001340 0.001339 0.001338 0.001337 0.001337 0.001336 0.001335 0.001335 0.001334 0.001333 0.001333 0.001333 0.001332 0.001332 0.001331 0.001331 0.001331 0.001331 0.001331 0.001331 0.001331 0.001331 0.001331 0.001331 0.001331 0.001331 0.001332 0.001332 0.001333 0.001333 0.001333 0.001334 0.001335 0.001335 0.001336 0.001337 0.001337 0.001338 0.001339 0.001340 0.001341 0.001342 0.001343 0.001344 0.001345 0.001346 0.001347 0.001349 0.001350 0.001351 0.001352 0.001353 0.001354 0.001356 0.001357 0.001358 0.001359 0.001360 0.001361 0.001362 0.001362 0.001363 0.001363 0.001364 0.001364 0.001364 0.001363 0.001363 0.001362 0.001361 0.001359 0.001357 0.001355 0.001352 0.001349 0.001345 0.001341 0.001336 0.001330 0.001323 0.001316 0.001308 0.001298 0.001288 0.001277 0.001264 0.001251 0.001235 0.001219 0.001201 0.001180 0.001159 0.001134 0.001108 0.001079 0.001048 0.001013 0.000974 0.000931 0.000883 0.000830 0.000769 0.000698 0.000615 0.000524 0.000421 0.000306 0.000182 0.000063 0.000007 0.000007 0.000007 0.000007 0.000007 0.000007 0.000007 0.000007 0.000007 0.000007 0.000007 0.000000
0.000000 0.000007 0.000007 0.000007 0.000007 0.000007 0.000007 0.000007 0.000007 0.000007 0.000007 0.000007 0.000007 0.000007 0.000007 0.000007 0.000007 0.000007 0.000007 0.000007 0.000007 0.000007 0.000007 0.000007 0.000007 0.000007 0.000007 0.000007 0.000007 0.000007 0.000007 0.000007 0.000007 0.000007 0.000007 0.000007 0.000007 0.000007 0.000007 0.000007 0.000007 0.000007 0.000007 0.000007 0.000007 0.000007 0.000007 0.000007 0.000007 0.000007 0.000007 0.000007 0.000007 0.000007 0.000007 0.000007 0.000007 0.000007 0.000007 0.000007 0.000007 0.000007 0.000007 0.000007 0.000007 0.000007 0.000007 0.000007 0.000007 0.000007 0.000007 0.000007 0.000007 0.000007 0.000007 0.000007 0.000007 0.000007 0.000007 0.000007 0.000007 0.000007 0.000007 0.000007 0.000007 0.000007 0.000007 0.000007 0.000007 0.000007 0.000007 0.000007 0.000007 0.000007 0.000007 0.000007 0.000007 0.000007 0.000007 0.000007 0.000007 0.000007 0.000007 0.000007 0.000007 0.000007 0.000007 0.000007 0.000007 0.000007 0.000007 0.000007 0.000007 0.000007 0.000007 0.000007 0.000007 0.000007 0.000007 0.000007 0.000007 0.000007 0.000007 0.000007 0.000007 0.000007 0.000007 0.000007 0.000007 0.000007 0.000007 0.000007 0.000007 0.000007 0.000007 0.000007 0.000007 0.000007 0.000007 0.000007 0.000007 0.000007 0.000007 0.000007 0.000007 0.000007 0.000007 0.000007 0.000007 0.000007 0.000007 0.000007 0.000007 0.000007 0.000007 0.000007 0.000007 0.000007 0.000007 0.000007 0.000007 0.000007 0.000007 0.000007 0.000007 0.000007 0.000007 0.000007 0.000007 0.000007 0.000007 0.000007 0.000007 0.000007 0.000007 0.000007 0.000007 0.000007 0.000007 0.000007 0.000007 0.000007 0.000007 0.000007 0.000007 0.000007 0.000007 0.000007 0.000007 0.000007 0.000007 0.000007 0.000007 0.000007 0.000007 0.000007 0.000007 0.000007 0.000007 0.000007 0.000007 0.000000
0.000000 0.000007 0.000007 0.000007 0.000007 0.000007 0.000007 0.000007 0.000007 0.000007 0.000007 0.000007 0.000007 0.000007 0.000007 0.000007 0.000007 0.000007 0.000007 0.000007 0.000007 0.000007 0.000007 0.000007 0.000007 0.000007 0.000007 0.000007 0.000007 0.000007 0.000007 0.000007 0.000007 0.000007 0.000007 0.000007 0.000007 0.000007 0.000007 0.000007 0.000007 0.000007 0.000007 0.000007 0.000007 0.000007 0.000007 0.000007 0.000007 0.000007 0.000007 0.000007 0.000007 0.000007 0.000007 0.000007 0.000007 0.000007 0.000007 0.000007 0.000007 0.000007 0.000007 0.000007 0.000007 0.000007 0.000007 0.000007 0.000007 0.000007 0.000007 0.000007 0.000007 0.000007 0.000007 0.000007 0.000007 0.000007 0.000007 0.000007 0.000007 0.000007 0.000007 0.000007 0.000007 0.000007 0.000007 0.000007 0.000007 0.000007 0.000007 0.000007 0.000007 0.000007 0.000007 0.000007 0.000007 0.000007 0.000007 0.000007 0.000007 0.000007 0.000007 0.000007 0.000007 0.000007 0.000007 0.000007 0.000007 0.000007 0.000007 0.000007 0.000007 0.000007 0.000007 0.000007 0.000007 0.000007 0.000007 0.000007 0.000007 0.000007 0.000007 0.000007 0.000007 0.000007 0.000007 0.000007 0.000007 0.000007 0.000007 0.000007 0.000007 0.000007 0.000007 0.000007 0.000007 0.000007 0.000007 0.000007 0.000007 0.000007 0.000007 0.000007 0.000007 0.000007 0.000007 0.000007 0.000007 0.000007 0.000007 0.000007 0.000007 0.000007 0.000007 0.000007 0.000007 0.000007 0.000007 0.000007 0.000007 0.000007 0.000007 0.000007 0.000007 0.000007 0.000007 0.000007 0.000007 0.000007 0.000007 0.000007 0.000007 0.000007 0.000007 0.000007 0.000007 0.000007 0.000007 0.000007 0.000007 0.000007 0.000007 0.000007 0.000007 0.000007 0.000007 0.000007 0.000007 0.000007 0.000007 0.000007 0.000007 0.000007 0.000007 0.000007 0.000007 0.000007 0.000007 0.000007 0.000007 0.000000
0.000000 0.000007 0.000007 0.000007 0.000007 0.000007 0.000007 0.000007 0.000007 0.000007 0.000007 0.000007 0.000007 0.000007 0.000007 0.000007 0.000007 0.000007 0.000007 0.000007 0.000007 0.000007 0.000007 0.000007 0.000007 0.000007 0.000007 0.000007 0.000007 0.000007 0.000007 0.000007 0.000007 0.000007 0.000007 0.000007 0.000007 0.000007 0.000007 0.000007 0.000007 0.000007 0.000007 0.000007 0.000007 0.000007 0.000007 0.000007 0.000007 0.000007 0.000007 0.000007 0.000007 0.000007 0.000007 0.000007 0.000007 0.000007 0.000007 0.000007 0.000007 0.000007 0.000007 0.000007 0.000007 0.000007 0.000007 0.000007 0.000007 0.000007 0.000007 0.000007 0.000007 0.000007 0.000007 0.000007 0.000007 0.000007 0.000007 0.000007 0.000007 0.000007 0.000007 0.000007 0.000007 0.000007 0.000007 0.000007 0.000007 0.000007 0.000007 0.000007 0.000007 0.000007 0.000007 0.000007 0.000007 0.000007 0.000007 0.000007 0.000007 0.000007 0.000007 0.000007 0.000007 0.000007 0.000007 0.000007 0.000007 0.000007 0.000007 0.000007 0.000007 0.000007 0.000007 0.000007 0.000007 0.000007 0.000007 0.000007 0.000007 0.000007 0.000007 0.000007 0.000007 0.000007 0.000007 0.000007 0.000007 0.000007 0.000007 0.000007 0.000007 0.000007 0.000007 0.000007 0.000007 0.000007 0.000007 0.000007 0.000007 0.000007 0.000007 0.000007 0.000007 0.000007 0.000007 0.000007 0.000007 0.000007 0.000007 0.000007 0.000007 0.000007 0.000007 0.000007 0.000007 0.000007 0.000007 0.000007 0.000007 0.000007 0.000007 0.000007 0.000007 0.000007 0.000007 0.000007 0.000007 0.000007 0.000007 0.000007 0.000007 0.000007 0.000007 0.000007 0.000007 0.000007 0.000007 0.000007 0.000007 0.000007 0.000007 0.000007 0.000007 0.000007 0.000007 0.000007 0.000007 0.000007 0.000007 0.000007 0.000007 0.000007 0.000007 0.000007 0.000007 0.000007 0.000007 0.000007 0.000007 0.000000
0.000000 0.025148 0.074730 0.085657 0.085867 0.080157 0.071226 0.060827 0.050193 0.040192 0.031319 0.023753 0.017453 0.012254 0.007955 0.004399 0.001567 0.000007 0.000007 0.000007 0.000007 0.000007 0.000007 0.000007 0.000007 0.000007 0.000007 0.000007 0.000007 0.000007 0.000007 0.000007 0.000007 0.000007 0.000007 0.000007 0.000007 0.000007 0.000007 0.000007 0.000007 0.000007 0.000007 0.000007 0.000007 0.000007 0.000007 0.000007 0.000007 0.000007 0.000007 0.000007 0.000007 0.000007 0.000007 0.000007 0.000007 0.000007 0.000007 0.000007 0.000007 0.000007 0.000007 0.000007 0.000007 0.000007 0.000007 0.000007 0.000007 0.000007 0.000007 0.000007 0.000007 0.000007 0.000007 0.000007 0.000007 0.000007 0.000007 0.000007 0.000007 0.000007 0.000007 0.000007 0.000007 0.000007 0.000007 0.000007 0.000007 0.000007 0.000007 0.000007 0.000007 0.000007 0.000007 0.000007 0.000007 0.000007 0.000007 0.000007 0.000007 0.000007 0.000007 0.000007 0.000007 0.000007 0.000007 0.000007 0.000007 0.000007 0.000007 0.000007 0.000007 0.000007 0.000007 0.000007 0.000007 0.000007 0.000007 0.000007 0.000007 0.000007 0.000007 0.000007 0.000007 0.000007 0.000007 0.000007 0.000007 0.000007 0.000007 0.000007 0.000007 0.000007 0.000007 0.000007 0.000007 0.000007 0.000007 0.000007 0.000007 0.000007 0.000007 0.000007 0.000007 0.000007 0.000007 0.000007 0.000007 0.000007 0.000007 0.000007 0.000007 0.000007 0.000007 0.000007 0.000007 0.000007 0.000007 0.000007 0.000007 0.000007 0.000007 0.000007 0.000007 0.000007 0.000007 0.000007 0.000007 0.000007 0.000007 0.000007 0.000007 0.000007 0.000007 0.000007 0.000007 0.000007 0.000007 0.000007 0.000007 0.000007 0.000007 0.000007 0.000007 0.001567 0.004399 0.007955 0.012254 0.017453 0.023753 0.031319 0.040192 0.050193 0.060827 0.071226 0.080157 0.085867 0.085657 0.074730 0.025148 0.000000
0.000000 0.340243 0.371733 0.389233 0.389569 0.379159 0.361216 0.338310 0.312664 0.286235 0.260593 0.236807 0.215433 0.196594 0.180137 0.165833 0.153606 0.143609 0.135683 0.129244 0.123697 0.118790 0.114374 0.110357 0.106682 0.103314 0.100225 0.097397 0.094810 0.092449 0.090298 0.088341 0.086563 0.084952 0.083493 0.082175 0.080988 0.079920 0.078964 0.078109 0.077349 0.076676 0.076082 0.075562 0.075110 0.074719 0.074384 0.074101 0.073865 0.073671 0.073516 0.073397 0.073309 0.073249 0.073215 0.073204 0.073213 0.073241 0.073284 0.073341 0.073410 0.073490 0.073579 0.073675 0.073777 0.073885 0.073996 0.074110 0.074226 0.074344 0.074462 0.074580 0.074697 0.074812 0.074926 0.075038 0.075148 0.075254 0.075357 0.075457 0.075553 0.075645 0.075733 0.075817 0.075897 0.075973 0.076043 0.076110 0.076171 0.076229 0.076281 0.076329 0.076372 0.076410 0.076443 0.076472 0.076496 0.076515 0.076529 0.076539 0.076544 0.076544 0.076539 0.076529 0.076515 0.076496 0.076472 0.076443 0.076410 0.076372 0.076329 0.076281 0.076229 0.076171 0.076110 0.076043 0.075973 0.075897 0.075817 0.075733 0.075645 0.075553 0.075457 0.075357 0.075254 0.075148 0.075038 0.074926 0.074812 0.074697 0.074580 0.074462 0.074344 0.074226 0.074110 0.073996 0.073885 0.073777 0.073675 0.073579 0.073490 0.073410 0.073341 0.073284 0.073241 0.073213 0.073204 0.073215 0.073249 0.073309 0.073397 0.073516 0.073671 0.073865 0.074101 0.074384 0.074719 0.075110 0.075562 0.076082 0.076676 0.077349 0.078109 0.078964 0.079920 0.080988 0.082175 0.083493 0.084952 0.086563 0.088341 0.090298 0.092449 0.094810 0.097397 0.100225 0.103314 0.106682 0.110357 0.114374 0.118790 0.123697 0.129244 0.135683 0.143609 0.153606 0.165833 0.180137 0.196594 0.215433 0.236807 0.260593 0.286235 0.312664 0.338310 0.361216 0.379159 0.389569 0.389233 0.371733 0.340243 0.000000
1.000000 0.725700 0.730315 0.732090 0.730821 0.723367 0.710438 0.693181 0.672814 0.650581 0.627654 0.605006 0.583345 0.563077 0.544368 0.527275 0.511883 0.498290 0.486481 0.476179 0.467045 0.458780 0.451195 0.444172 0.437639 0.431552 0.425884 0.420616 0.415730 0.411211 0.407042 0.403207 0.399687 0.396466 0.393524 0.390847 0.388416 0.386217 0.384235 0.382456 0.380865 0.379451 0.378200 0.377100 0.376141 0.375310 0.374599 0.373996 0.373492 0.373080 0.372750 0.372496 0.372309 0.372184 0.372113 0.372092 0.372115 0.372176 0.372271 0.372397 0.372548 0.372721 0.372913 0.373121 0.373343 0.373574 0.373814 0.374060 0.374309 0.374561 0.374814 0.375067 0.375317 0.375564 0.375808 0.376046 0.376279 0.376505 0.376725 0.376936 0.377140 0.377336 0.377523 0.377701 0.377870 0.378029 0.378179 0.378319 0.378449 0.378570 0.378680 0.378781 0.378871 0.378952 0.379022 0.379083 0.379133 0.379173 0.379204 0.379224 0.379234 0.379234 0.379224 0.379204 0.379173 0.379133 0.379083 0.379022 0.378952 0.378871 0.378781 0.378680 0.378570 0.378449 0.378319 0.378179 0.378029 0.377870 0.377701 0.377523 0.377336 0.377140 0.376936 0.376725 0.376505 0.376279 0.376046 0.375808 0.375564 0.375317 0.375067 0.374814 0.374561 0.374309 0.374060 0.373814 0.373574 0.373343 0.373121 0.372913 0.372721 0.372548 0.372397 0.372271 0.372176 0.372115 0.372092 0.372113 0.372184 0.372309 0.372496 0.372750 0.373080 0.373492 0.373996 0.374599 0.375310 0.376141 0.377100 0.378200 0.379451 0.380865 0.382456 0.384235 0.386217 0.388416 0.390847 0.393524 0.396466 0.399687 0.403207 0.407042 0.411211 0.415730 0.420616 0.425884 0.431552 0.437639 0.444172 0.451195 0.458780 0.467045 0.476179 0.486481 0.498290 0.511883 0.527275 0.544368 0.563077 0.583345 0.605006 0.627654 0.650581 0.672814 0.693181 0.710438 0.723367 0.730821 0.732090 0.730315 0.725700 1.000000
1.000000 0.955915 0.923546 0.919197 0.917082 0.913729 0.908289 0.900920 0.891970 0.881906 0.871204 0.860304 0.849552 0.839181 0.829331 0.820086 0.811519 0.803700 0.796649 0.790302 0.784547 0.779266 0.774362 0.769772 0.765461 0.761405 0.757593 0.754019 0.750676 0.747560 0.744665 0.741982 0.739505 0.737223 0.735129 0.733213 0.731465 0.729878 0.728441 0.727146 0.725985 0.724949 0.724030 0.723220 0.722512 0.721897 0.721368 0.720920 0.720544 0.720236 0.719988 0.719796 0.719655 0.719559 0.719503 0.719484 0.719498 0.719540 0.719608 0.719698 0.719807 0.719933 0.720073 0.720225 0.720386 0.720555 0.720731 0.720910 0.721093 0.721278 0.721463 0.721647 0.721831 0.722012 0.722190 0.722364 0.722535 0.722700 0.722861 0.723016 0.723165 0.723308 0.723445 0.723575 0.723698 0.723815 0.723924 0.724027 0.724122 0.724210 0.724291 0.724364 0.724430 0.724489 0.724541 0.724585 0.724621 0.724651 0.724673 0.724688 0.724695 0.724695 0.724688 0.724673 0.724651 0.724621 0.724585 0.724541 0.724489 0.724430 0.724364 0.724291 0.724210 0.724122 0.724027 0.723924 0.723815 0.723698 0.723575 0.723445 0.723308 0.723165 0.723016 0.722861 0.722700 0.722535 0.722364 0.722190 0.722012 0.721831 0.721647 0.721463 0.721278 0.721093 0.720910 0.720731 0.720555 0.720386 0.720225 0.720073 0.719933 0.719807 0.719698 0.719608 0.719540 0.719498 0.719484 0.719503 0.719559 0.719655 0.719796 0.719988 0.720236 0.720544 0.720920 0.721368 0.721897 0.722512 0.723220 0.724030 0.724949 0.725985 0.727146 0.728441 0.729878 0.731465 0.733213 0.735129 0.737223 0.739505 0.741982 0.744665 0.747560 0.750676 0.754019 0.757593 0.761405 0.765461 0.769772 0.774362 0.779266 0.784547 0.790302 0.796649 0.803700 0.811519 0.820086 0.829331 0.839181 0.849552 0.860304 0.871204 0.881906 0.891970 0.900920 0.908289 0.913729 0.917082 0.919197 0.923546 0.955915 1.000000
1.000000 0.996902 0.989285 0.985320 0.984182 0.983109 0.981527 0.979315 0.976474 0.973142 0.969525 0.965793 0.962067 0.958433 0.954940 0.951622 0.948502 0.945604 0.942938 0.940495 0.938249 0.936168 0.934224 0.932396 0.930670 0.929039 0.927501 0.926052 0.924693 0.923421 0.922235 0.921134 0.920113 0.919170 0.918303 0.917507 0.916780 0.916117 0.915517 0.914974 0.914487 0.914051 0.913664 0.913322 0.913022 0.912761 0.912537 0.912346 0.912185 0.912053 0.911947 0.911864 0.911802 0.911759 0.911733 0.911723 0.911727 0.911743 0.911770 0.911806 0.911851 0.911902 0.911960 0.912022 0.912089 0.912159 0.912231 0.912306 0.912382 0.912459 0.912536 0.912613 0.912689 0.912765 0.912839 0.912912 0.912983 0.913052 0.913119 0.913184 0.913246 0.913306 0.913363 0.913418 0.913469 0.913518 0.913564 0.913607 0.913646 0.913683 0.913717 0.913748 0.913775 0.913800 0.913822 0.913840 0.913856 0.913868 0.913877 0.913883 0.913886 0.913886 0.913883 0.913877 0.913868 0.913856 0.913840 0.913822 0.913800 0.913775 0.913748 0.913717 0.913683 0.913646 0.913607 0.913564 0.913518 0.913469 0.913418 0.913363 0.913306 0.913246 0.913184 0.913119 0.913052 0.912983 0.912912 0.912839 0.912765 0.912689 0.912613 0.912536 0.912459 0.912382 0.912306 0.912231 0.912159 0.912089 0.912022 0.911960 0.911902 0.911851 0.911806 0.911770 0.911743 0.911727 0.911723 0.911733 0.911759 0.911802 0.911864 0.911947 0.912053 0.912185 0.912346 0.912537 0.912761 0.913022 0.913322 0.913664 0.914051 0.914487 0.914974 0.915517 0.916117 0.916780 0.917507 0.918303 0.919170 0.920113 0.921134 0.922235 0.923421 0.924693 0.926052 0.927501 0.929039 0.930670 0.932396 0.934224 0.936168 0.938249 0.940495 0.942938 0.945604 0.948502 0.951622 0.954940 0.958433 0.962067 0.965793 0.969525 0.973142 0.976474 0.979315 0.981527 0.983109 0.984182 0.985320 0.989285 0.996902 1.000000
1.000000 1.000045 1.000045 1.000045 1.000045 1.000045 1.000045 1.000045 0.999517 0.998731 0.997830 0.996883 0.995932 0.994999 0.994099 0.993238 0.992421 0.991651 0.990933 0.990265 0.989645 0.989065 0.988521 0.988007 0.987520 0.987060 0.986624 0.986214 0.985828 0.985466 0.985129 0.984815 0.984524 0.984254 0.984006 0.983778 0.983570 0.983380 0.983207 0.983051 0.982910 0.982785 0.982673 0.982574 0.982486 0.982411 0.982345 0.982289 0.982242 0.982203 0.982172 0.982147 0.982128 0.982115 0.982107 0.982103 0.982103 0.982107 0.982114 0.982124 0.982136 0.982150 0.982166 0.982184 0.982203 0.982222 0.982243 0.982264 0.982285 0.982307 0.982329 0.982351 0.982372 0.982394 0.982415 0.982436 0.982456 0.982476 0.982495 0.982513 0.982531 0.982548 0.982565 0.982580 0.982595 0.982609 0.982622 0.982634 0.982646 0.982656 0.982666 0.982675 0.982683 0.982690 0.982696 0.982701 0.982706 0.982709 0.982712 0.982714 0.982715 0.982715 0.982714 0.982712 0.982709 0.982706 0.982701 0.982696 0.982690 0.982683 0.982675 0.982666 0.982656 0.982646 0.982634 0.982622 0.982609 0.982595 0.982580 0.982565 0.982548 0.982531 0.982513 0.982495 0.982476 0.982456 0.982436 0.982415 0.982394 0.982372 0.982351 0.982329 0.982307 0.982285 0.982264 0.982243 0.982222 0.982203 0.982184 0.982166 0.982150 0.982136 0.982124 0.982114 0.982107 0.982103 0.982103 0.982107 0.982115 0.982128 0.982147 0.982172 0.982203 0.982242 0.982289 0.982345 0.982411 0.982486 0.982574 0.982673 0.982785 0.982910 0.983051 0.983207 0.983380 0.983570 0.983778 0.984006 0.984254 0.984524 0.984815 0.985129 0.985466 0.985828 0.986214 0.986624 0.987060 0.987520 0.988007 0.988521 0.989065 0.989645 0.990265 0.990933 0.991651 0.992421 0.993238 0.994099 0.994999 0.995932 0.996883 0.997830 0.998731 0.999517 1.000045 1.000045 1.000045 1.000045 1.000045 1.000045 1.000045 1.000000
1.000000 1.000045 1.000045 1.000045 1.000045 1.000045 1.000045 1.000045 1.000045 1.000045 1.000045 1.000045 1.000045 1.000045 1.000045 1.000045 1.000045 1.000045 1.000045 1.000045 1.000045 1.000045 1.000045 1.000045 1.000045 1.000045 1.000045 1.000045 1.000045 1.000045 1.000045 1.000045 1.000045 1.000045 1.000045 1.000045 1.000045 1.000045 1.000045 1.000045 1.000045 1.000045 1.000045 1.000045 1.000045 1.000045 1.000045 1.000045 1.000045 1.000045 1.000045 1.000045 1.000045 1.000045 1.000045 1.000045 1.000045 1.000045 1.000045 1.000045 1.000045 1.000045 1.000045 1.000045 1.000045 1.000045 1.000045 1.000045 1.000045 1.000045 1.000045 1.000045 1.000045 1.000045 1.000045 1.000045 1.000045 1.000045 1.000045 1.000045 1.000045 1.000045 1.000045 1.000045 1.000045 1.000045 1.000045 1.000045 1.000045 1.000045 1.000045 1.000045 1.000045 1.000045 1.000045 1.000045 1.000045 1.000045 1.000045 1.000045 1.000045 1.000045 1.000045 1.000045 1.000045 1.000045 1.000045 1.000045 1.000045 1.000045 1.000045 1.000045 1.000045 1.000045 1.000045 1.000045 1.000045 1.000045 1.000045 1.000045 1.000045 1.000045 1.000045 1.000045 1.000045 1.000045 1.000045 1.000045 1.000045 1.000045 1.000045 1.000045 1.000045 1.000045 1.000045 1.000045 1.000045 1.000045 1.000045 1.000045 1.000045 1.000045 1.000045 1.000045 1.000045 1.000045 1.000045 1.000045 1.000045 1.000045 1.000045 1.000045 1.000045 1.000045 1.000045 1.000045 1.000045 1.000045 1.000045 1.000045 1.000045 1.000045 1.000045 1.000045 1.000045 1.000045 1.000045 1.000045 1.000045 1.000045 1.000045 1.000045 1.000045 1.000045 1.000045 1.000045 1.000045 1.000045 1.000045 1.000045 1.000045 1.000045 1.000045 1.000045 1.000045 1.000045 1.000045 1.000045 1.000045 1.000045 1.000045 1.000045 1.000045 1.000045 1.000045 1.000045 1.000045 1.000045 1.000045 1.000045 1.000045 1.000000
1.000000 1.000045 1.000045 1.000045 1.000045 1.000045 1.000045 1.000045 1.000045 1.000045 1.000045 1.000045 1.000045 1.000045 1.000045 1.000045 1.000045 1.000045 1.000045 1.000045 1.000045 1.000045 1.000045 1.000045 1.000045 1.000045 1.000045 1.000045 1.000045 1.000045 1.000045 1.000045 1.000045 1.000045 1.000045 1.000045 1.000045 1.000045 1.000045 1.000045 1.000045 1.000045 1.000045 1.000045 1.000045 1.000045 1.000045 1.000045 1.000045 1.000045 1.000045 1.000045 1.000045 1.000045 1.000045 1.000045 1.000045 1.000045 1.000045 1.000045 1.000045 1.000045 1.000045 1.000045 1.000045 1.000045 1.000045 1.000045 1.000045 1.000045 1.000045 1.000045 1.000045 1.000045 1.000045 1.000045 1.000045 1.000045 1.000045 1.000045 1.000045 1.000045 1.000045 1.000045 1.000045 1.000045 1.000045 1.000045 1.000045 1.000045 1.000045 1.000045 1.000045 1.000045 1.000045 1.000045 1.000045 1.000045 1.000045 1.000045 1.000045 1.000045 1.000045 1.000045 1.000045 1.000045 1.000045 1.000045 1.000045 1.000045 1.000045 1.000045 1.000045 1.000045 1.000045 1.000045 1.000045 1.000045 1.000045 1.000045 1.000045 1.000045 1.000045 1.000045 1.000045 1.000045 1.000045 1.000045 1.000045 1.000045 1.000045 1.000045 1.000045 1.000045 1.000045 1.000045 1.000045 1.000045 1.000045 1.000045 1.000045 1.000045 1.000045 1.000045 1.000045 1.000045 1.000045 1.000045 1.000045 1.000045 1.000045 1.000045 1.000045 1.000045 1.000045 1.000045 1.000045 1.000045 1.000045 1.000045 1.000045 1.000045 1.000045 1.000045 1.000045 1.000045 1.000045 1.000045 1.000045 1.000045 1.000045 1.000045 1.000045 1.000045 1.000045 1.000045 1.000045 1.000045 1.000045 1.000045 1.000045 1.000045 1.000045 1.000045 1.000045 1.000045 1.000045 1.000045 1.000045 1.000045 1.000045 1.000045 1.000045 1.000045 1.000045 1.000045 1.000045 1.000045 1.000045 1.000045 1.000045 1.000000
1.000000 1.000045 1.000045 1.000045 1.000045 1.000045 1.000045 1.000045 1.000045 1.000045 1.000045 1.000045 1.000045 1.000045 1.000045 1.000045 1.000045 1.000045 1.000045 1.000045 1.000045 1.000045 1.000045 1.000045 1.000045 1.000045 1.000045 1.000045 1.000045 1.000045 1.000045 1.000045 1.000045 1.000045 1.000045 1.000045 1.000045 1.000045 1.000045 1.000045 1.000045 1.000045 1.000045 1.000045 1.000045 1.000045 1.000045 1.000045 1.000045 1.000045 1.000045 1.000045 1.000045 1.000045 1.000045 1.000045 1.000045 1.000045 1.000045 1.000045 1.000045 1.000045 1.000045 1.000045 1.000045 1.000045 1.000045 1.000045 1.000045 1.000045 1.000045 1.000045 1.000045 1.000045 1.000045 1.000045 1.000045 1.000045 1.000045 1.000045 1.000045 1.000045 1.000045 1.000045 1.000045 1.000045 1.000045 1.000045 1.000045 1.000045 1.000045 1.000045 1.000045 1.000045 1.000045 1.000045 1.000045 1.000045 1.000045 1.000045 1.000045 1.000045 1.000045 1.000045 1.000045 1.000045 1.000045 1.000045 1.000045 1.000045 1.000045 1.000045 1.000045 1.000045 1.000045 1.000045 1.000045 1.000045 1.000045 1.000045 1.000045 1.000045 1.000045 1.000045 1.000045 1.000045 1.000045 1.000045 1.000045 1.000045 1.000045 1.000045 1.000045 1.000045 1.000045 1.000045 1.000045 1.000045 1.000045 1.000045 1.000045 1.000045 1.000045 1.000045 1.000045 1.000045 1.000045 1.000045 1.000045 1.000045 1.000045 1.000045 1.000045 1.000045 1.000045 1.000045 1.000045 1.000045 1.000045 1.000045 1.000045 1.000045 1.000045 1.000045 1.000045 1.000045 1.000045 1.000045 1.000045 1.000045 1.000045 1.000045 1.000045 1.000045 1.000045 1.000045 1.000045 1.000045 1.000045 1.000045 1.000045 1.000045 1.000045 1.000045 1.000045 1.000045 1.000045 1.000045 1.000045 1.000045 1.000045 1.000045 1.000045 1.000045 1.000045 1.000045 1.000045 1.000045 1.000045 1.000045 1.000045 1.000000
1.000000 1.000045 1.000045 1.000045 1.000045 1.000045 1.000045 1.000045 1.000045 1.000045 1.000045 1.000045 1.000045 1.000045 1.000045 1.000045 1.000045 1.000045 1.000045 1.000045 1.000045 1.000045 1.000045 1.000045 1.000045 1.000045 1.000045 1.000045 1.000045 1.000045 1.000045 1.000045 1.000045 1.000045 1.000045 1.000045 1.000045 1.000045 1.000045 1.000045 1.000045 1.000045 1.000045 1.000045 1.000045 1.000045 1.000045 1.000045 1.000045 1.000045 1.000045 1.000045 1.000045 1.000045 1.000045 1.000045 1.000045 1.000045 1.000045 1.000045 1.000045 1.000045 1.000045 1.000045 1.000045 1.000045 1.000045 1.000045 1.000045 1.000045 1.000045 1.000045 1.000045 1.000045 1.000045 1.000045 1.000045 1.000045 1.000045 1.000045 1.000045 1.000045 1.000045 1.000045 1.000045 1.000045 1.000045 1.000045 1.000045 1.000045 1.000045 1.000045 1.000045 1.000045 1.000045 1.000045 1.000045 1.000045 1.000045 1.000045 1.000045 1.000045 1.000045 1.000045 1.000045 1.000045 1.000045 1.000045 1.000045 1.000045 1.000045 1.000045 1.000045 1.000045 1.000045 1.000045 1.000045 1.000045 1.000045 1.000045 1.000045 1.000045 1.000045 1.000045 1.000045 1.000045 1.000045 1.000045 1.000045 1.000045 1.000045 1.000045 1.000045 1.000045 1.000045 1.000045 1.000045 1.000045 1.000045 1.000045 1.000045 1.000045 1.000045 1.000045 1.000045 1.000045 1.000045 1.000045 1.000045 1.000045 1.000045 1.000045 1.000045 1.000045 1.000045 1.000045 1.000045 1.000045 1.000045 1.000045 1.000045 1.000045 1.000045 1.000045 1.000045 1.000045 1.000045 1.000045 1.000045 1.000045 1.000045 1.000045 1.000045 1.000045 1.000045 1.000045 1.000045 1.000045 1.000045 1.000045 1.000045 1.000045 1.000045 1.000045 1.000045 1.000045 1.000045 1.000045 1.000045 1.000045 1.000045 1.000045 1.000045 1.000045 1.000045 1.000045 1.000045 1.000045 1.000045 1.000045 1.000045 1.000000
1.000000 1.000045 1.000045 1.000045 1.000045 1.000045 1.000045 1.000045 1.000045 1.000045 1.000045 1.000045 1.000045 1.000045 1.000045 1.000045 1.000045 1.000045 1.000045 1.000045 1.000045 1.000045 1.000045 1.000045 1.000045 1.000045 1.000045 1.000045 1.000045 1.000045 1.000045 1.000045 1.000045 1.000045 1.000045 1.000045 1.000045 1.000045 1.000045 1.000045 1.000045 1.000045 1.000045 1.000045 1.000045 1.000045 1.000045 1.000045 1.000045 1.000045 1.000045 1.000045 1.000045 1.000045 1.000045 1.000045 1.000045 1.000045 1.000045 1.000045 1.000045 1.000045 1.000045 1.000045 1.000045 1.000045 1.000045 1.000045 1.000045 1.000045 1.000045 1.000045 1.000045 1.000045 1.000045 1.000045 1.000045 1.000045 1.000045 1.000045 1.000045 1.000045 1.000045 1.000045 1.000045 1.000045 1.000045 1.000045 1.000045 1.000045 1.000045 1.000045 1.000045 1.000045 1.000045 1.000045 1.000045 1.000045 1.000045 1.000045 1.000045 1.000045 1.000045 1.000045 1.000045 1.000045 1.000045 1.000045 1.000045 1.000045 1.000045 1.000045 1.000045 1.000045 1.000045 1.000045 1.000045 1.000045 1.000045 1.000045 1.000045 1.000045 1.000045 1.000045 1.000045 1.000045 1.000045 1.000045 1.000045 1.000045 1.000045 1.000045 1.000045 1.000045 1.000045 1.000045 1.000045 1.000045 1.000045 1.000045 1.000045 1.000045 1.000045 1.000045 1.000045 1.000045 1.000045 1.000045 1.000045 1.000045 1.000045 1.000045 1.000045 1.000045 1.000045 1.000045 1.000045 1.000045 1.000045 1.000045 1.000045 1.000045 1.000045 1.000045 1.000045 1.000045 1.000045 1.000045 1.000045 1.000045 1.000045 1.000045 1.000045 1.000045 1.000045 1.000045 1.000045 1.000045 1.000045 1.000045 1.000045 1.000045 1.000045 1.000045 1.000045 1.000045 1.000045 1.000045 1.000045 1.000045 1.000045 1.000045 1.000045 1.000045 1.000045 1.000045 1.000045 1.000045 1.000045 1.000045 1.000045 1.000000
1.000000 1.000045 1.000045 1.000045 1.000045 1.000045 1.000045 1.000045 1.000045 1.000045 1.000045 1.000045 1.000045 1.000045 1.000045 1.000045 1.000045 1.000045 1.000045 1.000045 1.000045 1.000045 1.000045 1.000045 1.000045 1.000045 1.000045 1.000045 1.000045 1.000045 1.000045 1.000045 1.000045 1.000045 1.000045 1.000045 1.000045 1.000045 1.000045 1.000045 1.000045 1.000045 1.000045 1.000045 1.000045 1.000045 1.000045 1.000045 1.000045 1.000045 1.000045 1.000045 1.000045 1.000045 1.000045 1.000045 1.000045 1.000045 1.000045 1.000045 1.000045 1.000045 1.000045 1.000045 1.000045 1.000045 1.000045 1.000045 1.000045 1.000045 1.000045 1.000045 1.000045 1.000045 1.000045 1.000045 1.000045 1.000045 1.000045 1.000045 1.000045 1.000045 1.000045 1.000045 1.000045 1.000045 1.000045 1.000045 1.000045 1.000045 1.000045 1.000045 1.000045 1.000045 1.000045 1.000045 1.000045 1.000045 1.000045 1.000045 1.000045 1.000045 1.000045 1.000045 1.000045 1.000045 1.000045 1.000045 1.000045 1.000045 1.000045 1.000045 1.000045 1.000045 1.000045 1.000045 1.000045 1.000045 1.000045 1.000045 1.000045 1.000045 1.000045 1.000045 1.000045 1.000045 1.000045 1.000045 1.000045 1.000045 1.000045 1.000045 1.000045 1.000045 1.000045 1.000045 1.000045 1.000045 1.000045 1.000045 1.000045 1.000045 1.000045 1.000045 1.000045 1.000045 1.000045 1.000045 1.000045 1.000045 1.000045 1.000045 1.000045 1.000045 1.000045 1.000045 1.000045 1.000045 1.000045 1.000045 1.000045 1.000045 1.000045 1.000045 1.000045 1.000045 1.000045 1.000045 1.000045 1.000045 1.000045 1.000045 1.000045 1.000045 1.000045 1.000045 1.000045 1.000045 1.000045 1.000045 1.000045 1.000045 1.000045 1.000045 1.000045 1.000045 1.000045 1.000045 1.000045 1.000045 1.000045 1.000045 1.000045 1.000045 1.000045 1.000045 1.000045 1.000045 1.000045 1.000045 1.000045 1.000000
1.000000 1.000045 1.000045 1.000045 1.000045 1.000045 1.000045 1.000045 1.000045 1.000045 1.000045 1.000045 1.000045 1.000045 1.000045 1.000045 1.000045 1.000045 1.000045 1.000045 1.000045 1.000045 1.000045 1.000045 1.000045 1.000045 1.000045 1.000045 1.000045 1.000045 1.000045 1.000045 1.000045 1.000045 1.000045 1.000045 1.000045 1.000045 1.000045 1.000045 1.000045 1.000045 1.000045 1.000045 1.000045 1.000045 1.000045 1.000045 1.000045 1.000045 1.000045 1.000045 1.000045 1.000045 1.000045 1.000045 1.000045 1.000045 1.000045 1.000045 1.000045 1.000045 1.000045 1.000045 1.000045 1.000045 1.000045 1.000045 1.000045 1.000045 1.000045 1.000045 1.000045 1.000045 1.000045 1.000045 1.000045 1.000045 1.000045 1.000045 1.000045 1.000045 1.000045 1.000045 1.000045 1.000045 1.000045 1.000045 1.000045 1.000045 1.000045 1.000045 1.000045 1.000045 1.000045 1.000045 1.000045 1.000045 1.000045 1.000045 1.000045 1.000045 1.000045 1.000045 1.000045 1.000045 1.000045 1.000045 1.000045 1.000045 1.000045 1.000045 1.000045 1.000045 1.000045 1.000045 1.000045 1.000045 1.000045 1.000045 1.000045 1.000045 1.000045 1.000045 1.000045 1.000045 1.000045 1.000045 1.000045 1.000045 1.000045 1.000045 1.000045 1.000045 1.000045 1.000045 1.000045 1.000045 1.000045 1.000045 1.000045 1.000045 1.000045 1.000045 1.000045 1.000045 1.000045 1.000045 1.000045 1.000045 1.000045 1.000045 1.000045 1.000045 1.000045 1.000045 1.000045 1.000045 1.000045 1.000045 1.000045 1.000045 1.000045 1.000045 1.000045 1.000045 1.000045 1.000045 1.000045 1.000045 1.000045 1.000045 1.000045 1.000045 1.000045 1.000045 1.000045 1.000045 1.000045 1.000045 1.000045 1.000045 1.000045 1.000045 1.000045 1.000045 1.000045 1.000045 1.000045 1.000045 1.000045 1.000045 1.000045 1.000045 1.000045 1.000045 1.000045 1.000045 1.000045 1.000045 1.000045 1.000000
1.000000 1.000045 1.000045 1.000045 1.000045 1.000045 1.000045 1.000045 1.000045 1.000045 1.000045 1.000045 1.000045 1.000045 1.000045 1.000045 1.000045 1.000045 1.000045 1.000045 1.000045 1.000045 1.000045 1.000045 1.000045 1.000045 1.000045 1.000045 1.000045 1.000045 1.000045 1.000045 1.000045 1.000045 1.000045 1.000045 1.000045 1.000045 1.000045 1.000045 1.000045 1.000045 1.000045 1.000045 1.000045 1.000045 1.000045 1.000045 1.000045 1.000045 1.000045 1.000045 1.000045 1.000045 1.000045 1.000045 1.000045 1.000045 1.000045 1.000045 1.000045 1.000045 1.000045 1.000045 1.000045 1.000045 1.000045 1.000045 1.000045 1.000045 1.000045 1.000045 1.000045 1.000045 1.000045 1.000045 1.000045 1.000045 1.000045 1.000045 1.000045 1.000045 1.000045 1.000045 1.000045 1.000045 1.000045 1.000045 1.000045 1.000045 1.000045 1.000045 1.000045 1.000045 1.000045 1.000045 1.000045 1.000045 1.000045 1.000045 1.000045 1.000045 1.000045 1.000045 1.000045 1.000045 1.000045 1.000045 1.000045 1.000045 1.000045 1.000045 1.000045 1.000045 1.000045 1.000045 1.000045 1.000045 1.000045 1.000045 1.000045 1.000045 1.000045 1.000045 1.000045 1.000045 1.000045 1.000045 1.000045 1.000045 1.000045 1.000045 1.000045 1.000045 1.000045 1.000045 1.000045 1.000045 1.000045 1.000045 1.000045 1.000045 1.000045 1.000045 1.000045 1.000045 1.000045 1.000045 1.000045 1.000045 1.000045 1.000045 1.000045 1.000045 1.000045 1.000045 1.000045 1.000045 1.000045 1.000045 1.000045 1.000045 1.000045 1.000045 1.000045 1.000045 1.000045 1.000045 1.000045 1.000045 1.000045 1.000045 1.000045 1.000045 1.000045 1.000045 1.000045 1.000045 1.000045 1.000045 1.000045 1.000045 1.000045 1.000045 1.000045 1.000045 1.000045 1.000045 1.000045 1.000045 1.000045 1.000045 1.000045 1.000045 1.000045 1.000045 1.000045 1.000045 1.000045 1.000045 1.000045 1.000000
1.000000 1.000045 1.000045 1.000045 1.000045 1.000045 1.000045 1.000045 1.000045 1.000045 1.000045 1.000045 1.000045 1.000045 1.000045 1.000045 1.000045 1.000045 1.000045 1.000045 1.000045 1.000045 1.000045 1.000045 1.000045 1.000045 1.000045 1.000045 1.000045 1.000045 1.000045 1.000045 1.000045 1.000045 1.000045 1.000045 1.000045 1.000045 1.000045 1.000045 1.000045 1.000045 1.000045 1.000045 1.000045 1.000045 1.000045 1.000045 1.000045 1.000045 1.000045 1.000045 1.000045 1.000045 1.000045 1.000045 1.000045 1.000045 1.000045 1.000045 1.000045 1.000045 1.000045 1.000045 1.000045 1.000045 1.000045 1.000045 1.000045 1.000045 1.000045 1.000045 1.000045 1.000045 1.000045 1.000045 1.000045 1.000045 1.000045 1.000045 1.000045 1.000045 1.000045 1.000045 1.000045 1.000045 1.000045 1.000045 1.000045 1.000045 1.000045 1.000045 1.000045 1.000045 1.000045 1.000045 1.000045 1.000045 1.000045 1.000045 1.000045 1.000045 1.000045 1.000045 1.000045 1.000045 1.000045 1.000045 1.000045 1.000045 1.000045 1.000045 1.000045 1.000045 1.000045 1.000045 1.000045 1.000045 1.000045 1.000045 1.000045 1.000045 1.000045 1.000045 1.000045 1.000045 1.000045 1.000045 1.000045 1.000045 1.000045 1.000045 1.000045 1.000045 1.000045 1.000045 1.000045 1.000045 1.000045 1.000045 1.000045 1.000045 1.000045 1.000045 1.000045 1.000045 1.000045 1.000045 1.000045 1.000045 1.000045 1.000045 1.000045 1.000045 1.000045 1.000045 1.000045 1.000045 1.000045 1.000045 1.000045 1.000045 1.000045 1.000045 1.000045 1.000045 1.000045 1.000045 1.000045 1.000045 1.000045 1.000045 1.000045 1.000045 1.000045 1.000045 1.000045 1.000045 1.000045 1.000045 1.000045 1.000045 1.000045 1.000045 1.000045 1.000045 1.000045 1.000045 1.000045 1.000045 1.000045 1.000045 1.000045 1.000045 1.000045 1.000045 1.000045 1.000045 1.000045 1.000045 1.000045 1.000000
1.000000 1.000045 1.000045 1.000045 1.000045 1.000045 1.000045 1.000045 1.000045 1.000045 1.000045 1.000045 1.000045 1.000045 1.000045 1.000045 1.000045 1.000045 1.000045 1.000045 1.000045 1.000045 1.000045 1.000045 1.000045 1.000045 1.000045 1.000045 1.000045 1.000045 1.000045 1.000045 1.000045 1.000045 1.000045 1.000045 1.000045 1.000045 1.000045 1.000045 1.000045 1.000045 1.000045 1.000045 1.000045 1.000045 1.000045 1.000045 1.000045 1.000045 1.000045 1.000045 1.000045 1.000045 1.000045 1.000045 1.000045 1.000045 1.000045 1.000045 1.000045 1.000045 1.000045 1.000045 1.000045 1.000045 1.000045 1.000045 1.000045 1.000045 1.000045 1.000045 1.000045 1.000045 1.000045 1.000045 1.000045 1.000045 1.000045 1.000045 1.000045 1.000045 1.000045 1.000045 1.000045 1.000045 1.000045 1.000045 1.000045 1.000045 1.000045 1.000045 1.000045 1.000045 1.000045 1.000045 1.000045 1.000045 1.000045 1.000045 1.000045 1.000045 1.000045 1.000045 1.000045 1.000045 1.000045 1.000045 1.000045 1.000045 1.000045 1.000045 1.000045 1.000045 1.000045 1.000045 1.000045 1.000045 1.000045 1.000045 1.000045 1.000045 1.000045 1.000045 1.000045 1.000045 1.000045 1.000045 1.000045 1.000045 1.000045 1.000045 1.000045 1.000045 1.000045 1.000045 1.000045 1.000045 1.000045 1.000045 1.000045 1.000045 1.000045 1.000045 1.000045 1.000045 1.000045 1.000045 1.000045 1.000045 1.000045 1.000045 1.000045 1.000045 1.000045 1.000045 1.000045 1.000045 1.000045 1.000045 1.000045 1.000045 1.000045 1.000045 1.000045 1.000045 1.000045 1.000045 1.000045 1.000045 1.000045 1.000045 1.000045 1.000045 1.000045 1.000045 1.000045 1.000045 1.000045 1.000045 1.000045 1.000045 1.000045 1.000045 1.000045 1.000045 1.000045 1.000045 1.000045 1.000045 1.000045 1.000045 1.000045 1.000045 1.000045 1.000045 1.000045 1.000045 1.000045 1.000045 1.000045 1.000000
1.000000 1.000045 1.000045 1.000045 1.000045 1.000045 1.000045 1.000045 1.000045 1.000045 1.000045 1.000045 1.000045 1.000045 1.000045 1.000045 1.000045 1.000045 1.000045 1.000045 1.000045 1.000045 1.000045 1.000045 1.000045 1.000045 1.000045 1.000045 1.000045 1.000045 1.000045 1.000045 1.000045 1.000045 1.000045 1.000045 1.000045 1.000045 1.000045 1.000045 1.000045 1.000045 1.000045 1.000045 1.000045 1.000045 1.000045 1.000045 1.000045 1.000045 1.000045 1.000045 1.000045 1.000045 1.000045 1.000045 1.000045 1.000045 1.000045 1.000045 1.000045 1.000045 1.000045 1.000045 1.000045 1.000045 1.000045 1.000045 1.000045 1.000045 1.000045 1.000045 1.000045 1.000045 1.000045 1.000045 1.000045 1.000045 1.000045 1.000045 1.000045 1.000045 1.000045 1.000045 1.000045 1.000045 1.000045 1.000045 1.000045 1.000045 1.000045 1.000045 1.000045 1.000045 1.000045 1.000045 1.000045 1.000045 1.000045 1.000045 1.000045 1.000045 1.000045 1.000045 1.000045 1.000045 1.000045 1.000045 1.000045 1.000045 1.000045 1.000045 1.000045 1.000045 1.000045 1.000045 1.000045 1.000045 1.000045 1.000045 1.000045 1.000045 1.000045 1.000045 1.000045 1.000045 1.000045 1.000045 1.000045 1.000045 1.000045 1.000045 1.000045 1.000045 1.000045 1.000045 1.000045 1.000045 1.000045 1.000045 1.000045 1.000045 1.000045 1.000045 1.000045 1.000045 1.000045 1.000045 1.000045 1.000045 1.000045 1.000045 1.000045 1.000045 1.000045 1.000045 1.000045 1.000045 1.000045 1.000045 1.000045 1.000045 1.000045 1.000045 1.000045 1.000045 1.000045 1.000045 1.000045 1.000045 1.000045 1.000045 1.000045 1.000045 1.000045 1.000045 1.000045 1.000045 1.000045 1.000045 1.000045 1.000045 1.000045 1.000045 1.000045 1.000045 1.000045 1.000045 1.000045 1.000045 1.000045 1.000045 1.000045 1.000045 1.000045 1.000045 1.000045 1.000045 1.000045 1.000045 1.000045 1.000000
1.000000 1.000045 1.000045 1.000045 1.000045 1.000045 1.000045 1.000045 1.000045 1.000045 1.000045 1.000045 1.000045 1.000045 1.000045 1.000045 1.000045 1.000045 1.000045 1.000045 1.000045 1.000045 1.000045 1.000045 1.000045 1.000045 1.000045 1.000045 1.000045 1.000045 1.000045 1.000045 1.000045 1.000045 1.000045 1.000045 1.000045 1.000045 1.000045 1.000045 1.000045 1.000045 1.000045 1.000045 1.000045 1.000045 1.000045 1.000045 1.000045 1.000045 1.000045 1.000045 1.000045 1.000045 1.000045 1.000045 1.000045 1.000045 1.000045 1.000045 1.000045 1.000045 1.000045 1.000045 1.000045 1.000045 1.000045 1.000045 1.000045 1.000045 1.000045 1.000045 1.000045 1.000045 1.000045 1.000045 1.000045 1.000045 1.000045 1.000045 1.000045 1.000045 1.000045 1.000045 1.000045 1.000045 1.000045 1.000045 1.000045 1.000045 1.000045 1.000045 1.000045 1.000045 1.000045 1.000045 1.000045 1.000045 1.000045 1.000045 1.000045 1.000045 1.000045 1.000045 1.000045 1.000045 1.000045 1.000045 1.000045 1.000045 1.000045 1.000045 1.000045 1.000045 1.000045 1.000045 1.000045 1.000045 1.000045 1.000045 1.000045 1.000045 1.000045 1.000045 1.000045 1.000045 1.000045 1.000045 1.000045 1.000045 1.000045 1.000045 1.000045 1.000045 1.000045 1.000045 1.000045 1.000045 1.000045 1.000045 1.000045 1.000045 1.000045 1.000045 1.000045 1.000045 1.000045 1.000045 1.000045 1.000045 1.000045 1.000045 1.000045 1.000045 1.000045 1.000045 1.000045 1.000045 1.000045 1.000045 1.000045 1.000045 1.000045 1.000045 1.000045 1.000045 1.000045 1.000045 1.000045 1.000045 1.000045 1.000045 1.000045 1.000045 1.000045 1.000045 1.000045 1.000045 1.000045 1.000045 1.000045 1.000045 1.000045 1.000045 1.000045 1.000045 1.000045 1.000045 1.000045 1.000045 1.000045 1.000045 1.000045 1.000045 1.000045 1.000045 1.000045 1.000045 1.000045 1.000045 1.000045 1.000000
1.000000 1.000045 1.000045 1.000045 1.000045 1.000045 1.000045 1.000045 1.000045 1.000045 1.000045 1.000045 1.000045 1.000045 1.000045 1.000045 1.000045 1.000045 1.000045 1.000045 1.000045 1.000045 1.000045 1.000045 1.000045 1.000045 1.000045 1.000045 1.000045 1.000045 1.000045 1.000045 1.000045 1.000045 1.000045 1.000045 1.000045 1.000045 1.000045 1.000045 1.000045 1.000045 1.000045 1.000045 1.000045 1.000045 1.000045 1.000045 1.000045 1.000045 1.000045 1.000045 1.000045 1.000045 1.000045 1.000045 1.000045 1.000045 1.000045 1.000045 1.000045 1.000045 1.000045 1.000045 1.000045 1.000045 1.000045 1.000045 1.000045 1.000045 1.000045 1.000045 1.000045 1.000045 1.000045 1.000045 1.000045 1.000045 1.000045 1.000045 1.000045 1.000045 1.000045 1.000045 1.000045 1.000045 1.000045 1.000045 1.000045 1.000045 1.000045 1.000045 1.000045 1.000045 1.000045 1.000045 1.000045 1.000045 1.000045 1.000045 1.000045 1.000045 1.000045 1.000045 1.000045 1.000045 1.000045 1.000045 1.000045 1.000045 1.000045 1.000045 1.000045 1.000045 1.000045 1.000045 1.000045 1.000045 1.000045 1.000045 1.000045 1.000045 1.000045 1.000045 1.000045 1.000045 1.000045 1.000045 1.000045 1.000045 1.000045 1.000045 1.000045 1.000045 1.000045 1.000045 1.000045 1.000045 1.000045 1.000045 1.000045 1.000045 1.000045 1.000045 1.000045 1.000045 1.000045 1.000045 1.000045 1.000045 1.000045 1.000045 1.000045 1.000045 1.000045 1.000045 1.000045 1.000045 1.000045 1.000045 1.000045 1.000045 1.000045 1.000045 1.000045 1.000045 1.000045 1.000045 1.000045 1.000045 1.000045 1.000045 1.000045 1.000045 1.000045 1.000045 1.000045 1.000045 1.000045 1.000045 1.000045 1.000045 1.000045 1.000045 1.000045 1.000045 1.000045 1.000045 1.000045 1.000045 1.000045 1.000045 1.000045 1.000045 1.000045 1.000045 1.000045 1.000045 1.000045 1.000045 1.000045 1.000000
1.000000 1.000045 1.000045 1.000045 1.000045 1.000045 1.000045 1.000045 1.000045 1.000045 1.000045 1.000045 1.000045 1.000045 1.000045 1.000045 1.000045 1.000045 1.000045 1.000045 1.000045 1.000045 1.000045 1.000045 1.000045 1.000045 1.000045 1.000045 1.000045 1.000045 1.000045 1.000045 1.000045 1.000045 1.000045 1.000045 1.000045 1.000045 1.000045 1.000045 1.000045 1.000045 1.000045 1.000045 1.000045 1.000045 1.000045 1.000045 1.000045 1.000045 1.000045 1.000045 1.000045 1.000045 1.000045 1.000045 1.000045 1.000045 1.000045 1.000045 1.000045 1.000045 1.000045 1.000045 1.000045 1.000045 1.000045 1.000045 1.000045 1.000045 1.000045 1.000045 1.000045 1.000045 1.000045 1.000045 1.000045 1.000045 1.000045 1.000045 1.000045 1.000045 1.000045 1.000045 1.000045 1.000045 1.000045 1.000045 1.000045 1.000045 1.000045 1.000045 1.000045 1.000045 1.000045 1.000045 1.000045 1.000045 1.000045 1.000045 1.000045 1.000045 1.000045 1.000045 1.000045 1.000045 1.000045 1.000045 1.000045 1.000045 1.000045 1.000045 1.000045 1.000045 1.000045 1.000045 1.000045 1.000045 1.000045 1.000045 1.000045 1.000045 1.000045 1.000045 1.000045 1.000045 1.000045 1.000045 1.000045 1.000045 1.000045 1.000045 1.000045 1.000045 1.000045 1.000045 1.000045 1.000045 1.000045 1.000045 1.000045 1.000045 1.000045 1.000045 1.000045 1.000045 1.000045 1.000045 1.000045 1.000045 1.000045 1.000045 1.000045 1.000045 1.000045 1.000045 1.000045 1.000045 1.000045 1.000045 1.000045 1.000045 1.000045 1.000045 1.000045 1.000045 1.000045 1.000045 1.000045 1.000045 1.000045 1.000045 1.000045 1.000045 1.000045 1.000045 1.000045 1.000045 1.000045 1.000045 1.000045 1.000045 1.000045 1.000045 1.000045 1.000045 1.000045 1.000045 1.000045 1.000045 1.000045 1.000045 1.000045 1.000045 1.000045 1.000045 1.000045 1.000045 1.000045 1.000045 1.000045 1.000000
1.000000 1.000045 1.000045 1.000045 1.000045 1.000045 1.000045 1.000045 1.000045 1.000045 1.000045 1.000045 1.000045 1.000045 1.000045 1.000045 1.000045 1.000045 1.000045 1.000045 1.000045 1.000045 1.000045 1.000045 1.000045 1.000045 1.000045 1.000045 1.000045 1.000045 1.000045 1.000045 1.000045 1.000045 1.000045 1.000045 1.000045 1.000045 1.000045 1.000045 1.000045 1.000045 1.000045 1.000045 1.000045 1.000045 1.000045 1.000045 1.000045 1.000045 1.000045 1.000045 1.000045 1.000045 1.000045 1.000045 1.000045 1.000045 1.000045 1.000045 1.000045 1.000045 1.000045 1.000045 1.000045 1.000045 1.000045 1.000045 1.000045 1.000045 1.000045 1.000045 1.000045 1.000045 1.000045 1.000045 1.000045 1.000045 1.000045 1.000045 1.000045 1.000045 1.000045 1.000045 1.000045 1.000045 1.000045 1.000045 1.000045 1.000045 1.000045 1.000045 1.000045 1.000045 1.000045 1.000045 1.000045 1.000045 1.000045 1.000045 1.000045 1.000045 1.000045 1.000045 1.000045 1.000045 1.000045 1.000045 1.000045 1.000045 1.000045 1.000045 1.000045 1.000045 1.000045 1.000045 1.000045 1.000045 1.000045 1.000045 1.000045 1.000045 1.000045 1.000045 1.000045 1.000045 1.000045 1.000045 1.000045 1.000045 1.000045 1.000045 1.000045 1.000045 1.000045 1.000045 1.000045 1.000045 1.000045 1.000045 1.000045 1.000045 1.000045 1.000045 1.000045 1.000045 1.000045 1.000045 1.000045 1.000045 1.000045 1.000045 1.000045 1.000045 1.000045 1.000045 1.000045 1.000045 1.000045 1.000045 1.000045 1.000045 1.000045 1.000045 1.000045 1.000045 1.000045 1.000045 1.000045 1.000045 1.000045 1.000045 1.000045 1.000045 1.000045 1.000045 1.000045 1.000045 1.000045 1.000045 1.000045 1.000045 1.000045 1.000045 1.000045 1.000045 1.000045 1.000045 1.000045 1.000045 1.000045 1.000045 1.000045 1.000045 1.000045 1.000045 1.000045 1.000045 1.000045 1.000045 1.000045 1.000000
1.000000 1.000045 1.000045 1.000045 1.000045 1.000045 1.000045 1.000045 1.000045 1.000045 1.000045 1.000045 1.000045 1.000045 1.000045 1.000045 1.000045 1.000045 1.000045 1.000045 1.000045 1.000045 1.000045 1.000045 1.000045 1.000045 1.000045 1.000045 1.000045 1.000045 1.000045 1.000045 1.000045 1.000045 1.000045 1.000045 1.000045 1.000045 1.000045 1.000045 1.000045 1.000045 1.000045 1.000045 1.000045 1.000045 1.000045 1.000045 1.000045 1.000045 1.000045 1.000045 1.000045 1.000045 1.000045 1.000045 1.000045 1.000045 1.000045 1.000045 1.000045 1.000045 1.000045 1.000045 1.000045 1.000045 1.000045 1.000045 1.000045 1.000045 1.000045 1.000045 1.000045 1.000045 1.000045 1.000045 1.000045 1.000045 1.000045 1.000045 1.000045 1.000045 1.000045 1.000045 1.000045 1.000045 1.000045 1.000045 1.000045 1.000045 1.000045 1.000045 1.000045 1.000045 1.000045 1.000045 1.000045 1.000045 1.000045 1.000045 1.000045 1.000045 1.000045 1.000045 1.000045 1.000045 1.000045 1.000045 1.000045 1.000045 1.000045 1.000045 1.000045 1.000045 1.000045 1.000045 1.000045 1.000045 1.000045 1.000045 1.000045 1.000045 1.000045 1.000045 1.000045 1.000045 1.000045 1.000045 1.000045 1.000045 1.000045 1.000045 1.000045 1.000045 1.000045 1.000045 1.000045 1.000045 1.000045 1.000045 1.000045 1.000045 1.000045 1.000045 1.000045 1.000045 1.000045 1.000045 1.000045 1.000045 1.000045 1.000045 1.000045 1.000045 1.000045 1.000045 1.000045 1.000045 1.000045 1.000045 1.000045 1.000045 1.000045 1.000045 1.000045 1.000045 1.000045 1.000045 1.000045 1.000045 1.000045 1.000045 1.000045 1.000045 1.000045 1.000045 1.000045 1.000045 1.000045 1.000045 1.000045 1.000045 1.000045 1.000045 1.000045 1.000045 1.000045 1.000045 1.000045 1.000045 1.000045 1.000045 1.000045 1.000045 1.000045 1.000045 1.000045 1.000045 1.000045 1.000045 1.000045 1.000000
1.000000 1.000045 1.000045 1.000045 1.000045 1.000045 1.000045 1.000045 1.000045 1.000045 1.000045 1.000045 1.000045 1.000045 1.000045 1.000045 1.000045 1.000045 1.000045 1.000045 1.000045 1.000045 1.000045 1.000045 1.000045 1.000045 1.000045 1.000045 1.000045 1.000045 1.000045 1.000045 1.000045 1.000045 1.000045 1.000045 1.000045 1.000045 1.000045 1.000045 1.000045 1.000045 1.000045 1.000045 1.000045 1.000045 1.000045 1.000045 1.000045 1.000045 1.000045 1.000045 1.000045 1.000045 1.000045 1.000045 1.000045 1.000045 1.000045 1.000045 1.000045 1.000045 1.000045 1.000045 1.000045 1.000045 1.000045 1.000045 1.000045 1.000045 1.000045 1.000045 1.000045 1.000045 1.000045 1.000045 1.000045 1.000045 1.000045 1.000045 1.000045 1.000045 1.000045 1.000045 1.000045 1.000045 1.000045 1.000045 1.000045 1.000045 1.000045 1.000045 1.000045 1.000045 1.000045 1.000045 1.000045 1.000045 1.000045 1.000045 1.000045 1.000045 1.000045 1.000045 1.000045 1.000045 1.000045 1.000045 1.000045 1.000045 1.000045 1.000045 1.000045 1.000045 1.000045 1.000045 1.000045 1.000045 1.000045 1.000045 1.000045 1.000045 1.000045 1.000045 1.000045 1.000045 1.000045 1.000045 1.000045 1.000045 1.000045 1.000045 1.000045 1.000045 1.000045 1.000045 1.000045 1.000045 1.000045 1.000045 1.000045 1.000045 1.000045 1.000045 1.000045 1.000045 1.000045 1.000045 1.000045 1.000045 1.000045 1.000045 1.000045 1.000045 1.000045 1.000045 1.000045 1.000045 1.000045 1.000045 1.000045 1.000045 1.000045 1.000045 1.000045 1.000045 1.000045 1.000045 1.000045 1.000045 1.000045 1.000045 1.000045 1.000045 1.000045 1.000045 1.000045 1.000045 1.000045 1.000045 1.000045 1.000045 1.000045 1.000045 1.000045 1.000045 1.000045 1.000045 1.000045 1.000045 1.000045 1.000045 1.000045 1.000045 1.000045 1.000045 1.000045 1.000045 1.000045 1.000045 1.000045 1.000000
1.000000 1.000045 1.000045 1.000045 1.000045 1.000045 1.000045 1.000045 1.000045 1.000045 1.000045 1.000045 1.000045 1.000045 1.000045 1.000045 1.000045 1.000045 1.000045 1.000045 1.000045 1.000045 1.000045 1.000045 1.000045 1.000045 1.000045 1.000045 1.000045 1.000045 1.000045 1.000045 1.000045 1.000045 1.000045 1.000045 1.000045 1.000045 1.000045 1.000045 1.000045 1.000045 1.000045 1.000045 1.000045 1.000045 1.000045 1.000045 1.000045 1.000045 1.000045 1.000045 1.000045 1.000045 1.000045 1.000045 1.000045 1.000045 1.000045 1.000045 1.000045 1.000045 1.000045 1.000045 1.000045 1.000045 1.000045 1.000045 1.000045 1.000045 1.000045 1.000045 1.000045 1.000045 1.000045 1.000045 1.000045 1.000045 1.000045 1.000045 1.000045 1.000045 1.000045 1.000045 1.000045 1.000045 1.000045 1.000045 1.000045 1.000045 1.000045 1.000045 1.000045 1.000045 1.000045 1.000045 1.000045 1.000045 1.000045 1.000045 1.000045 1.000045 1.000045 1.000045 1.000045 1.000045 1.000045 1.000045 1.000045 1.000045 1.000045 1.000045 1.000045 1.000045 1.000045 1.000045 1.000045 1.000045 1.000045 1.000045 1.000045 1.000045 1.000045 1.000045 1.000045 1.000045 1.000045 1.000045 1.000045 1.000045 1.000045 1.000045 1.000045 1.000045 1.000045 1.000045 1.000045 1.000045 1.000045 1.000045 1.000045 1.000045 1.000045 1.000045 1.000045 1.000045 1.000045 1.000045 1.000045 1.000045 1.000045 1.000045 1.000045 1.000045 1.000045 1.000045 1.000045 1.000045 1.000045 1.000045 1.000045 1.000045 1.000045 1.000045 1.000045 1.000045 1.000045 1.000045 1.000045 1.000045 1.000045 1.000045 1.000045 1.000045 1.000045 1.000045 1.000045 1.000045 1.000045 1.000045 1.000045 1.000045 1.000045 1.000045 1.000045 1.000045 1.000045 1.000045 1.000045 1.000045 1.000045 1.000045 1.000045 1.000045 1.000045 1.000045 1.000045 1.000045 1.000045 1.000045 1.000045 1.000000
1.000000 1.000045 1.000045 1.000045 1.000045 1.000045 1.000045 1.000045 1.000045 1.000045 1.000045 1.000045 1.000045 1.000045 1.000045 1.000045 1.000045 1.000045 1.000045 1.000045 1.000045 1.000045 1.000045 1.000045 1.000045 1.000045 1.000045 1.000045 1.000045 1.000045 1.000045 1.000045 1.000045 1.000045 1.000045 1.000045 1.000045 1.000045 1.000045 1.000045 1.000045 1.000045 1.000045 1.000045 1.000045 1.000045 1.000045 1.000045 1.000045 1.000045 1.000045 1.000045 1.000045 1.000045 1.000045 1.000045 1.000045 1.000045 1.000045 1.000045 1.000045 1.000045 1.000045 1.000045 1.000045 1.000045 1.000045 1.000045 1.000045 1.000045 1.000045 1.000045 1.000045 1.000045 1.000045 1.000045 1.000045 1.000045 1.000045 1.000045 1.000045 1.000045 1.000045 1.000045 1.000045 1.000045 1.000045 1.000045 1.000045 1.000045 1.000045 1.000045 1.000045 1.000045 1.000045 1.000045 1.000045 1.000045 1.000045 1.000045 1.000045 1.000045 1.000045 1.000045 1.000045 1.000045 1.000045 1.000045 1.000045 1.000045 1.000045 1.000045 1.000045 1.000045 1.000045 1.000045 1.000045 1.000045 1.000045 1.000045 1.000045 1.000045 1.000045 1.000045 1.000045 1.000045 1.000045 1.000045 1.000045 1.000045 1.000045 1.000045 1.000045 1.000045 1.000045 1.000045 1.000045 1.000045 1.000045 1.000045 1.000045 1.000045 1.000045 1.000045 1.000045 1.000045 1.000045 1.000045 1.000045 1.000045 1.000045 1.000045 1.000045 1.000045 1.000045 1.000045 1.000045 1.000045 1.000045 1.000045 1.000045 1.000045 1.000045 1.000045 1.000045 1.000045 1.000045 1.000045 1.000045 1.000045 1.000045 1.000045 1.000045 1.000045 1.000045 1.000045 1.000045 1.000045 1.000045 1.000045 1.000045 1.000045 1.000045 1.000045 1.000045 1.000045 1.000045 1.000045 1.000045 1.000045 1.000045 1.000045 1.000045 1.000045 1.000045 1.000045 1.000045 1.000045 1.000045 1.000045 1.000045 1.000000
1.000000 1.000045 1.000045 1.000045 1.000045 1.000045 1.000045 1.000045 1.000045 1.000045 1.000045 1.000045 1.000045 1.000045 1.000045 1.000045 1.000045 1.000045 1.000045 1.000045 1.000045 1.000045 1.000045 1.000045 1.000045 1.000045 1.000045 1.000045 1.000045 1.000045 1.000045 1.000045 1.000045 1.000045 1.000045 1.000045 1.000045 1.000045 1.000045 1.000045 1.000045 1.000045 1.000045 1.000045 1.000045 1.000045 1.000045 1.000045 1.000045 1.000045 1.000045 1.000045 1.000045 1.000045 1.000045 1.000045 1.000045 1.000045 1.000045 1.000045 1.000045 1.000045 1.000045 1.000045 1.000045 1.000045 1.000045 1.000045 1.000045 1.000045 1.000045 1.000045 1.000045 1.000045 1.000045 1.000045 1.000045 1.000045 1.000045 1.000045 1.000045 1.000045 1.000045 1.000045 1.000045 1.000045 1.000045 1.000045 1.000045 1.000045 1.000045 1.000045 1.000045 1.000045 1.000045 1.000045 1.000045 1.000045 1.000045 1.000045 1.000045 1.000045 1.000045 1.000045 1.000045 1.000045 1.000045 1.000045 1.000045 1.000045 1.000045 1.000045 1.000045 1.000045 1.000045 1.000045 1.000045 1.000045 1.000045 1.000045 1.000045 1.000045 1.000045 1.000045 1.000045 1.000045 1.000045 1.000045 1.000045 1.000045 1.000045 1.000045 1.000045 1.000045 1.000045 1.000045 1.000045 1.000045 1.000045 1.000045 1.000045 1.000045 1.000045 1.000045 1.000045 1.000045 1.000045 1.000045 1.000045 1.000045 1.000045 1.000045 1.000045 1.000045 1.000045 1.000045 1.000045 1.000045 1.000045 1.000045 1.000045 1.000045 1.000045 1.000045 1.000045 1.000045 1.000045 1.000045 1.000045 1.000045 1.000045 1.000045 1.000045 1.000045 1.000045 1.000045 1.000045 1.000045 1.000045 1.000045 1.000045 1.000045 1.000045 1.000045 1.000045 1.000045 1.000045 1.000045 1.000045 1.000045 1.000045 1.000045 1.000045 1.000045 1.000045 1.000045 1.000045 1.000045 1.000045 1.000045 1.000045 1.000000
1.000000 1.000045 1.000045 1.000045 1.000045 1.000045 1.000045 1.000045 1.000045 1.000045 1.000045 1.000045 1.000045 1.000045 1.000045 1.000045 1.000045 1.000045 1.000045 1.000045 1.000045 1.000045 1.000045 1.000045 1.000045 1.000045 1.000045 1.000045 1.000045 1.000045 1.000045 1.000045 1.000045 1.000045 1.000045 1.000045 1.000045 1.000045 1.000045 1.000045 1.000045 1.000045 1.000045 1.000045 1.000045 1.000045 1.000045 1.000045 1.000045 1.000045 1.000045 1.000045 1.000045 1.000045 1.000045 1.000045 1.000045 1.000045 1.000045 1.000045 1.000045 1.000045 1.000045 1.000045 1.000045 1.000045 1.000045 1.000045 1.000045 1.000045 1.000045 1.000045 1.000045 1.000045 1.000045 1.000045 1.000045 1.000045 1.000045 1.000045 1.000045 1.000045 1.000045 1.000045 1.000045 1.000045 1.000045 1.000045 1.000045 1.000045 1.000045 1.000045 1.000045 1.000045 1.000045 1.000045 1.000045 1.000045 1.000045 1.000045 1.000045 1.000045 1.000045 1.000045 1.000045 1.000045 1.000045 1.000045 1.000045 1.000045 1.000045 1.000045 1.000045 1.000045 1.000045 1.000045 1.000045 1.000045 1.000045 1.000045 1.000045 1.000045 1.000045 1.000045 1.000045 1.000045 1.000045 1.000045 1.000045 1.000045 1.000045 1.000045 1.000045 1.000045 1.000045 1.000045 1.000045 1.000045 1.000045 1.000045 1.000045 1.000045 1.000045 1.000045 1.000045 1.000045 1.000045 1.000045 1.000045 1.000045 1.000045 1.000045 1.000045 1.000045 1.000045 1.000045 1.000045 1.000045 1.000045 1.000045 1.000045 1.000045 1.000045 1.000045 1.000045 1.000045 1.000045 1.000045 1.000045 1.000045 1.000045 1.000045 1.000045 1.000045 1.000045 1.000045 1.000045 1.000045 1.000045 1.000045 1.000045 1.000045 1.000045 1.000045 1.000045 1.000045 1.000045 1.000045 1.000045 1.000045 1.000045 1.000045 1.000045 1.000045 1.000045 1.000045 1.000045 1.000045 1.000045 1.000045 1.000045 1.000000
1.000000 1.000045 1.000045 1.000045 1.000045 1.000045 1.000045 1.000045 1.000045 1.000045 1.000045 1.000045 1.000045 1.000045 1.000045 1.000045 1.000045 1.000045 1.000045 1.000045 1.000045 1.000045 1.000045 1.000045 1.000045 1.000045 1.000045 1.000045 1.000045 1.000045 1.000045 1.000045 1.000045 1.000045 1.000045 1.000045 1.000045 1.000045 1.000045 1.000045 1.000045 1.000045 1.000045 1.000045 1.000045 1.000045 1.000045 1.000045 1.000045 1.000045 1.000045 1.000045 1.000045 1.000045 1.000045 1.000045 1.000045 1.000045 1.000045 1.000045 1.000045 1.000045 1.000045 1.000045 1.000045 1.000045 1.000045 1.000045 1.000045 1.000045 1.000045 1.000045 1.000045 1.000045 1.000045 1.000045 1.000045 1.000045 1.000045 1.000045 1.000045 1.000045 1.000045 1.000045 1.000045 1.000045 1.000045 1.000045 1.000045 1.000045 1.000045 1.000045 1.000045 1.000045 1.000045 1.000045 1.000045 1.000045 1.000045 1.000045 1.000045 1.000045 1.000045 1.000045 1.000045 1.000045 1.000045 1.000045 1.000045 1.000045 1.000045 1.000045 1.000045 1.000045 1.000045 1.000045 1.000045 1.000045 1.000045 1.000045 1.000045 1.000045 1.000045 1.000045 1.000045 1.000045 1.000045 1.000045 1.000045 1.000045 1.000045 1.000045 1.000045 1.000045 1.000045 1.000045 1.000045 1.000045 1.000045 1.000045 1.000045 1.000045 1.000045 1.000045 1.000045 1.000045 1.000045 1.000045 1.000045 1.000045 1.000045 1.000045 1.000045 1.000045 1.000045 1.000045 1.000045 1.000045 1.000045 1.000045 1.000045 1.000045 1.000045 1.000045 1.000045 1.000045 1.000045 1.000045 1.000045 1.000045 1.000045 1.000045 1.000045 1.000045 1.000045 1.000045 1.000045 1.000045 1.000045 1.000045 1.000045 1.000045 1.000045 1.000045 1.000045 1.000045 1.000045 1.000045 1.000045 1.000045 1.000045 1.000045 1.000045 1.000045 1.000045 1.000045 1.000045 1.000045 1.000045 1.000045 1.000045 1.000000
1.000000 1.000045 1.000045 1.000045 1.000045 1.000045 1.000045 1.000045 1.000045 1.000045 1.000045 1.000045 1.000045 1.000045 1.000045 1.000045 1.000045 1.000045 1.000045 1.000045 1.000045 1.000045 1.000045 1.000045 1.000045 1.000045 1.000045 1.000045 1.000045 1.000045 1.000045 1.000045 1.000045 1.000045 1.000045 1.000045 1.000045 1.000045 1.000045 1.000045 1.000045 1.000045 1.000045 1.000045 1.000045 1.000045 1.000045 1.000045 1.000045 1.000045 1.000045 1.000045 1.000045 1.000045 1.000045 1.000045 1.000045 1.000045 1.000045 1.000045 1.000045 1.000045 1.000045 1.000045 1.000045 1.000045 1.000045 1.000045 1.000045 1.000045 1.000045 1.000045 1.000045 1.000045 1.000045 1.000045 1.000045 1.000045 1.000045 1.000045 1.000045 1.000045 1.000045 1.000045 1.000045 1.000045 1.000045 1.000045 1.000045 1.000045 1.000045 1.000045 1.000045 1.000045 1.000045 1.000045 1.000045 1.000045 1.000045 1.000045 1.000045 1.000045 1.000045 1.000045 1.000045 1.000045 1.000045 1.000045 1.000045 1.000045 1.000045 1.000045 1.000045 1.000045 1.000045 1.000045 1.000045 1.000045 1.000045 1.000045 1.000045 1.000045 1.000045 1.000045 1.000045 1.000045 1.000045 1.000045 1.000045 1.000045 1.000045 1.000045 1.000045 1.000045 1.000045 1.000045 1.000045 1.000045 1.000045 1.000045 1.000045 1.000045 1.000045 1.000045 1.000045 1.000045 1.000045 1.000045 1.000045 1.000045 1.000045 1.000045 1.000045 1.000045 1.000045 1.000045 1.000045 1.000045 1.000045 1.000045 1.000045 1.000045 1.000045 1.000045 1.000045 1.000045 1.000045 1.000045 1.000045 1.000045 1.000045 1.000045 1.000045 1.000045 1.000045 1.000045 1.000045 1.000045 1.000045 1.000045 1.000045 1.000045 1.000045 1.000045 1.000045 1.000045 1.000045 1.000045 1.000045 1.000045 1.000045 1.000045 1.000045 1.000045 1.000045 1.000045 1.000045 1.000045 1.000045 1.000045 1.000045 1.000000
1.000000 1.000045 1.000045 1.000045 1.000045 1.000045 1.000045 1.000045 1.000045 1.000045 1.000045 1.000045 1.000045 1.000045 1.000045 1.000045 1.000045 1.000045 1.000045 1.000045 1.000045 1.000045 1.000045 1.000045 1.000045 1.000045 1.000045 1.000045 1.000045 1.000045 1.000045 1.000045 1.000045 1.000045 1.000045 1.000045 1.000045 1.000045 1.000045 1.000045 1.000045 1.000045 1.000045 1.000045 1.000045 1.000045 1.000045 1.000045 1.000045 1.000045 1.000045 1.000045 1.000045 1.000045 1.000045 1.000045 1.000045 1.000045 1.000045 1.000045 1.000045 1.000045 1.000045 1.000045 1.000045 1.000045 1.000045 1.000045 1.000045 1.000045 1.000045 1.000045 1.000045 1.000045 1.000045 1.000045 1.000045 1.000045 1.000045 1.000045 1.000045 1.000045 1.000045 1.000045 1.000045 1.000045 1.000045 1.000045 1.000045 1.000045 1.000045 1.000045 1.000045 1.000045 1.000045 1.000045 1.000045 1.000045 1.000045 1.000045 1.000045 1.000045 1.000045 1.000045 1.000045 1.000045 1.000045 1.000045 1.000045 1.000045 1.000045 1.000045 1.000045 1.000045 1.000045 1.000045 1.000045 1.000045 1.000045 1.000045 1.000045 1.000045 1.000045 1.000045 1.000045 1.000045 1.000045 1.000045 1.000045 1.000045 1.000045 1.000045 1.000045 1.000045 1.000045 1.000045 1.000045 1.000045 1.000045 1.000045 1.000045 1.000045 1.000045 1.000045 1.000045 1.000045 1.000045 1.000045 1.000045 1.000045 1.000045 1.000045 1.000045 1.000045 1.000045 1.000045 1.000045 1.000045 1.000045 1.000045 1.000045 1.000045 1.000045 1.000045 1.000045 1.000045 1.000045 1.000045 1.000045 1.000045 1.000045 1.000045 1.000045 1.000045 1.000045 1.000045 1.000045 1.000045 1.000045 1.000045 1.000045 1.000045 1.000045 1.000045 1.000045 1.000045 1.000045 1.000045 1.000045 1.000045 1.000045 1.000045 1.000045 1.000045 1.000045 1.000045 1.000045 1.000045 1.000045 1.000045 1.000045 1.000000
1.000000 1.000045 1.000045 1.000045 1.000045 1.000045 1.000045 1.000045 1.000045 1.000045 1.000045 1.000045 1.000045 1.000045 1.000045 1.000045 1.000045 1.000045 1.000045 1.000045 1.000045 1.000045 1.000045 1.000045 1.000045 1.000045 1.000045 1.000045 1.000045 1.000045 1.000045 1.000045 1.000045 1.000045 1.000045 1.000045 1.000045 1.000045 1.000045 1.000045 1.000045 1.000045 1.000045 1.000045 1.000045 1.000045 1.000045 1.000045 1.000045 1.000045 1.000045 1.000045 1.000045 1.000045 1.000045 1.000045 1.000045 1.000045 1.000045 1.000045 1.000045 1.000045 1.000045 1.000045 1.000045 1.000045 1.000045 1.000045 1.000045 1.000045 1.000045 1.000045 1.000045 1.000045 1.000045 1.000045 1.000045 1.000045 1.000045 1.000045 1.000045 1.000045 1.000045 1.000045 1.000045 1.000045 1.000045 1.000045 1.000045 1.000045 1.000045 1.000045 1.000045 1.000045 1.000045 1.000045 1.000045 1.000045 1.000045 1.000045 1.000045 1.000045 1.000045 1.000045 1.000045 1.000045 1.000045 1.000045 1.000045 1.000045 1.000045 1.000045 1.000045 1.000045 1.000045 1.000045 1.000045 1.000045 1.000045 1.000045 1.000045 1.000045 1.000045 1.000045 1.000045 1.000045 1.000045 1.000045 1.000045 1.000045 1.000045 1.000045 1.000045 1.000045 1.000045 1.000045 1.000045 1.000045 1.000045 1.000045 1.000045 1.000045 1.000045 1.000045 1.000045 1.000045 1.000045 1.000045 1.000045 1.000045 1.000045 1.000045 1.000045 1.000045 1.000045 1.000045 1.000045 1.000045 1.000045 1.000045 1.000045 1.000045 1.000045 1.000045 1.000045 1.000045 1.000045 1.000045 1.000045 1.000045 1.000045 1.000045 1.000045 1.000045 1.000045 1.000045 1.000045 1.000045 1.000045 1.000045 1.000045 1.000045 1.000045 1.000045 1.000045 1.000045 1.000045 1.000045 1.000045 1.000045 1.000045 1.000045 1.000045 1.000045 1.000045 1.000045 1.000045 1.000045 1.000045 1.000045 1.000045 1.000000
1.000000 1.000045 1.000045 1.000045 1.000045 1.000045 1.000045 1.000045 1.000045 1.000045 1.000045 1.000045 1.000045 1.000045 1.000045 1.000045 1.000045 1.000045 1.000045 1.000045 1.000045 1.000045 1.000045 1.000045 1.000045 1.000045 1.000045 1.000045 1.000045 1.000045 1.000045 1.000045 1.000045 1.000045 1.000045 1.000045 1.000045 1.000045 1.000045 1.000045 1.000045 1.000045 1.000045 1.000045 1.000045 1.000045 1.000045 1.000045 1.000045 1.000045 1.000045 1.000045 1.000045 1.000045 1.000045 1.000045 1.000045 1.000045 1.000045 1.000045 1.000045 1.000045 1.000045 1.000045 1.000045 1.000045 1.000045 1.000045 1.000045 1.000045 1.000045 1.000045 1.000045 1.000045 1.000045 1.000045 1.000045 1.000045 1.000045 1.000045 1.000045 1.000045 1.000045 1.000045 1.000045 1.000045 1.000045 1.000045 1.000045 1.000045 1.000045 1.000045 1.000045 1.000045 1.000045 1.000045 1.000045 1.000045 1.000045 1.000045 1.000045 1.000045 1.000045 1.000045 1.000045 1.000045 1.000045 1.000045 1.000045 1.000045 1.000045 1.000045 1.000045 1.000045 1.000045 1.000045 1.000045 1.000045 1.000045 1.000045 1.000045 1.000045 1.000045 1.000045 1.000045 1.000045 1.000045 1.000045 1.000045 1.000045 1.000045 1.000045 1.000045 1.000045 1.000045 1.000045 1.000045 1.000045 1.000045 1.000045 1.000045 1.000045 1.000045 1.000045 1.000045 1.000045 1.000045 1.000045 1.000045 1.000045 1.000045 1.000045 1.000045 1.000045 1.000045 1.000045 1.000045 1.000045 1.000045 1.000045 1.000045 1.000045 1.000045 1.000045 1.000045 1.000045 1.000045 1.000045 1.000045 1.000045 1.000045 1.000045 1.000045 1.000045 1.000045 1.000045 1.000045 1.000045 1.000045 1.000045 1.000045 1.000045 1.000045 1.000045 1.000045 1.000045 1.000045 1.000045 1.000045 1.000045 1.000045 1.000045 1.000045 1.000045 1.000045 1.000045 1.000045 1.000045 1.000045 1.000045 1.000045 1.000000
1.000000 1.000045 1.000045 1.000045 1.000045 1.000045 1.000045 1.000045 1.000045 1.000045 1.000045 1.000045 1.000045 1.000045 1.000045 1.000045 1.000045 1.000045 1.000045 1.000045 1.000045 1.000045 1.000045 1.000045 1.000045 1.000045 1.000045 1.000045 1.000045 1.000045 1.000045 1.000045 1.000045 1.000045 1.000045 1.000045 1.000045 1.000045 1.000045 1.000045 1.000045 1.000045 1.000045 1.000045 1.000045 1.000045 1.000045 1.000045 1.000045 1.000045 1.000045 1.000045 1.000045 1.000045 1.000045 1.000045 1.000045 1.000045 1.000045 1.000045 1.000045 1.000045 1.000045 1.000045 1.000045 1.000045 1.000045 1.000045 1.000045 1.000045 1.000045 1.000045 1.000045 1.000045 1.000045 1.000045 1.000045 1.000045 1.000045 1.000045 1.000045 1.000045 1.000045 1.000045 1.000045 1.000045 1.000045 1.000045 1.000045 1.000045 1.000045 1.000045 1.000045 1.000045 1.000045 1.000045 1.000045 1.000045 1.000045 1.000045 1.000045 1.000045 1.000045 1.000045 1.000045 1.000045 1.000045 1.000045 1.000045 1.000045 1.000045 1.000045 1.000045 1.000045 1.000045 1.000045 1.000045 1.000045 1.000045 1.000045 1.000045 1.000045 1.000045 1.000045 1.000045 1.000045 1.000045 1.000045 1.000045 1.000045 1.000045 1.000045 1.000045 1.000045 1.000045 1.000045 1.000045 1.000045 1.000045 1.000045 1.000045 1.000045 1.000045 1.000045 1.000045 1.000045 1.000045 1.000045 1.000045 1.000045 1.000045 1.000045 1.000045 1.000045 1.000045 1.000045 1.000045 1.000045 1.000045 1.000045 1.000045 1.000045 1.000045 1.000045 1.000045 1.000045 1.000045 1.000045 1.000045 1.000045 1.000045 1.000045 1.000045 1.000045 1.000045 1.000045 1.000045 1.000045 1.000045 1.000045 1.000045 1.000045 1.000045 1.000045 1.000045 1.000045 1.000045 1.000045 1.000045 1.000045 1.000045 1.000045 1.000045 1.000045 1.000045 1.000045 1.000045 1.000045 1.000045 1.000045 1.000045 1.000000
1.000000 1.000045 1.000045 1.000045 1.000045 1.000045 1.000045 1.000045 1.000045 1.000045 1.000045 1.000045 1.000045 1.000045 1.000045 1.000045 1.000045 1.000045 1.000045 1.000045 1.000045 1.000045 1.000045 1.000045 1.000045 1.000045 1.000045 1.000045 1.000045 1.000045 1.000045 1.000045 1.000045 1.000045 1.000045 1.000045 1.000045 1.000045 1.000045 1.000045 1.000045 1.000045 1.000045 1.000045 1.000045 1.000045 1.000045 1.000045 1.000045 1.000045 1.000045 1.000045 1.000045 1.000045 1.000045 1.000045 1.000045 1.000045 1.000045 1.000045 1.000045 1.000045 1.000045 1.000045 1.000045 1.000045 1.000045 1.000045 1.000045 1.000045 1.000045 1.000045 1.000045 1.000045 1.000045 1.000045 1.000045 1.000045 1.000045 1.000045 1.000045 1.000045 1.000045 1.000045 1.000045 1.000045 1.000045 1.000045 1.000045 1.000045 1.000045 1.000045 1.000045 1.000045 1.000045 1.000045 1.000045 1.000045 1.000045 1.000045 1.000045 1.000045 1.000045 1.000045 1.000045 1.000045 1.000045 1.000045 1.000045 1.000045 1.000045 1.000045 1.000045 1.000045 1.000045 1.000045 1.000045 1.000045 1.000045 1.000045 1.000045 1.000045 1.000045 1.000045 1.000045 1.000045 1.000045 1.000045 1.000045 1.000045 1.000045 1.000045 1.000045 1.000045 1.000045 1.000045 1.000045 1.000045 1.000045 1.000045 1.000045 1.000045 1.000045 1.000045 1.000045 1.000045 1.000045 1.000045 1.000045 1.000045 1.000045 1.000045 1.000045 1.000045 1.000045 1.000045 1.000045 1.000045 1.000045 1.000045 1.000045 1.000045 1.000045 1.000045 1.000045 1.000045 1.000045 1.000045 1.000045 1.000045 1.000045 1.000045 1.000045 1.000045 1.000045 1.000045 1.000045 1.000045 1.000045 1.000045 1.000045 1.000045 1.000045 1.000045 1.000045 1.000045 1.000045 1.000045 1.000045 1.000045 1.000045 1.000045 1.000045 1.000045 1.000045 1.000045 1.000045 1.000045 1.000045 1.000045 1.000045 1.000000
1.000000 1.000045 1.000045 1.000045 1.000045 1.000045 1.000045 1.000045 1.000045 1.000045 1.000045 1.000045 1.000045 1.000045 1.000045 1.000045 1.000045 1.000045 1.000045 1.000045 1.000045 1.000045 1.000045 1.000045 1.000045 1.000045 1.000045 1.000045 1.000045 1.000045 1.000045 1.000045 1.000045 1.000045 1.000045 1.000045 1.000045 1.000045 1.000045 1.000045 1.000045 1.000045 1.000045 1.000045 1.000045 1.000045 1.000045 1.000045 1.000045 1.000045 1.000045 1.000045 1.000045 1.000045 1.000045 1.000045 1.000045 1.000045 1.000045 1.000045 1.000045 1.000045 1.000045 1.000045 1.000045 1.000045 1.000045 1.000045 1.000045 1.000045 1.000045 1.000045 1.000045 1.000045 1.000045 1.000045 1.000045 1.000045 1.000045 1.000045 1.000045 1.000045 1.000045 1.000045 1.000045 1.000045 1.000045 1.000045 1.000045 1.000045 1.000045 1.000045 1.000045 1.000045 1.000045 1.000045 1.000045 1.000045 1.000045 1.000045 1.000045 1.000045 1.000045 1.000045 1.000045 1.000045 1.000045 1.000045 1.000045 1.000045 1.000045 1.000045 1.000045 1.000045 1.000045 1.000045 1.000045 1.000045 1.000045 1.000045 1.000045 1.000045 1.000045 1.000045 1.000045 1.000045 1.000045 1.000045 1.000045 1.000045 1.000045 1.000045 1.000045 1.000045 1.000045 1.000045 1.000045 1.000045 1.000045 1.000045 1.000045 1.000045 1.000045 1.000045 1.000045 1.000045 1.000045 1.000045 1.000045 1.000045 1.000045 1.000045 1.000045 1.000045 1.000045 1.000045 1.000045 1.000045 1.000045 1.000045 1.000045 1.000045 1.000045 1.000045 1.000045 1.000045 1.000045 1.000045 1.000045 1.000045 1.000045 1.000045 1.000045 1.000045 1.000045 1.000045 1.000045 1.000045 1.000045 1.000045 1.000045 1.000045 1.000045 1.000045 1.000045 1.000045 1.000045 1.000045 1.000045 1.000045 1.000045 1.000045 1.000045 1.000045 1.000045 1.000045 1.000045 1.000045 1.000045 1.000045 1.000045 1.000000
1.000000 1.000045 1.000045 1.000045 1.000045 1.000045 1.000045 1.000045 1.000045 1.000045 1.000045 1.000045 1.000045 1.000045 1.000045 1.000045 1.000045 1.000045 1.000045 1.000045 1.000045 1.000045 1.000045 1.000045 1.000045 1.000045 1.000045 1.000045 1.000045 1.000045 1.000045 1.000045 1.000045 1.000045 1.000045 1.000045 1.000045 1.000045 1.000045 1.000045 1.000045 1.000045 1.000045 1.000045 1.000045 1.000045 1.000045 1.000045 1.000045 1.000045 1.000045 1.000045 1.000045 1.000045 1.000045 1.000045 1.000045 1.000045 1.000045 1.000045 1.000045 1.000045 1.000045 1.000045 1.000045 1.000045 1.000045 1.000045 1.000045 1.000045 1.000045 1.000045 1.000045 1.000045 1.000045 1.000045 1.000045 1.000045 1.000045 1.000045 1.000045 1.000045 1.000045 1.000045 1.000045 1.000045 1.000045 1.000045 1.000045 1.000045 1.000045 1.000045 1.000045 1.000045 1.000045 1.000045 1.000045 1.000045 1.000045 1.000045 1.000045 1.000045 1.000045 1.000045 1.000045 1.000045 1.000045 1.000045 1.000045 1.000045 1.000045 1.000045 1.000045 1.000045 1.000045 1.000045 1.000045 1.000045 1.000045 1.000045 1.000045 1.000045 1.000045 1.000045 1.000045 1.000045 1.000045 1.000045 1.000045 1.000045 1.000045 1.000045 1.000045 1.000045 1.000045 1.000045 1.000045 1.000045 1.000045 1.000045 1.000045 1.000045 1.000045 1.000045 1.000045 1.000045 1.000045 1.000045 1.000045 1.000045 1.000045 1.000045 1.000045 1.000045 1.000045 1.000045 1.000045 1.000045 1.000045 1.000045 1.000045 1.000045 1.000045 1.000045 1.000045 1.000045 1.000045 1.000045 1.000045 1.000045 1.000045 1.000045 1.000045 1.000045 1.000045 1.000045 1.000045 1.000045 1.000045 1.000045 1.000045 1.000045 1.000045 1.000045 1.000045 1.000045 1.000045 1.000045 1.000045 1.000045 1.000045 1.000045 1.000045 1.000045 1.000045 1.000045 1.000045 1.000045 1.000045 1.000045 1.000045 1.000000
1.000000 1.000045 1.000045 1.000045 1.000045 1.000045 1.000045 1.000045 1.000045 1.000045 1.000045 1.000045 1.000045 1.000045 1.000045 1.000045 1.000045 1.000045 1.000045 1.000045 1.000045 1.000045 1.000045 1.000045 1.000045 1.000045 1.000045 1.000045 1.000045 1.000045 1.000045 1.000045 1.000045 1.000045 1.000045 1.000045 1.000045 1.000045 1.000045 1.000045 1.000045 1.000045 1.000045 1.000045 1.000045 1.000045 1.000045 1.000045 1.000045 1.000045 1.000045 1.000045 1.000045 1.000045 1.000045 1.000045 1.000045 1.000045 1.000045 1.000045 1.000045 1.000045 1.000045 1.000045 1.000045 1.000045 1.000045 1.000045 1.000045 1.000045 1.000045 1.000045 1.000045 1.000045 1.000045 1.000045 1.000045 1.000045 1.000045 1.000045 1.000045 1.000045 1.000045 1.000045 1.000045 1.000045 1.000045 1.000045 1.000045 1.000045 1.000045 1.000045 1.000045 1.000045 1.000045 1.000045 1.000045 1.000045 1.000045 1.000045 1.000045 1.000045 1.000045 1.000045 1.000045 1.000045 1.000045 1.000045 1.000045 1.000045 1.000045 1.000045 1.000045 1.000045 1.000045 1.000045 1.000045 1.000045 1.000045 1.000045 1.000045 1.000045 1.000045 1.000045 1.000045 1.000045 1.000045 1.000045 1.000045 1.000045 1.000045 1.000045 1.000045 1.000045 1.000045 1.000045 1.000045 1.000045 1.000045 1.000045 1.000045 1.000045 1.000045 1.000045 1.000045 1.000045 1.000045 1.000045 1.000045 1.000045 1.000045 1.000045 1.000045 1.000045 1.000045 1.000045 1.000045 1.000045 1.000045 1.000045 1.000045 1.000045 1.000045 1.000045 1.000045 1.000045 1.000045 1.000045 1.000045 1.000045 1.000045 1.000045 1.000045 1.000045 1.000045 1.000045 1.000045 1.000045 1.000045 1.000045 1.000045 1.000045 1.000045 1.000045 1.000045 1.000045 1.000045 1.000045 1.000045 1.000045 1.000045 1.000045 1.000045 1.000045 1.000045 1.000045 1.000045 1.000045 1.000045 1.000045 1.000045 1.000000
1.000000 1.000045 1.000045 1.000045 1.000045 1.000045 1.000045 1.000045 1.000045 1.000045 1.000045 1.000045 1.000045 1.000045 1.000045 1.000045 1.000045 1.000045 1.000045 1.000045 1.000045 1.000045 1.000045 1.000045 1.000045 1.000045 1.000045 1.000045 1.000045 1.000045 1.000045 1.000045 1.000045 1.000045 1.000045 1.000045 1.000045 1.000045 1.000045 1.000045 1.000045 1.000045 1.000045 1.000045 1.000045 1.000045 1.000045 1.000045 1.000045 1.000045 1.000045 1.000045 1.000045 1.000045 1.000045 1.000045 1.000045 1.000045 1.000045 1.000045 1.000045 1.000045 1.000045 1.000045 1.000045 1.000045 1.000045 1.000045 1.000045 1.000045 1.000045 1.000045 1.000045 1.000045 1.000045 1.000045 1.000045 1.000045 1.000045 1.000045 1.000045 1.000045 1.000045 1.000045 1.000045 1.000045 1.000045 1.000045 1.000045 1.000045 1.000045 1.000045 1.000045 1.000045 1.000045 1.000045 1.000045 1.000045 1.000045 1.000045 1.000045 1.000045 1.000045 1.000045 1.000045 1.000045 1.000045 1.000045 1.000045 1.000045 1.000045 1.000045 1.000045 1.000045 1.000045 1.000045 1.000045 1.000045 1.000045 1.000045 1.000045 1.000045 1.000045 1.000045 1.000045 1.000045 1.000045 1.000045 1.000045 1.000045 1.000045 1.000045 1.000045 1.000045 1.000045 1.000045 1.000045 1.000045 1.000045 1.000045 1.000045 1.000045 1.000045 1.000045 1.000045 1.000045 1.000045 1.000045 1.000045 1.000045 1.000045 1.000045 1.000045 1.000045 1.000045 1.000045 1.000045 1.000045 1.000045 1.000045 1.000045 1.000045 1.000045 1.000045 1.000045 1.000045 1.000045 1.000045 1.000045 1.000045 1.000045 1.000045 1.000045 1.000045 1.000045 1.000045 1.000045 1.000045 1.000045 1.000045 1.000045 1.000045 1.000045 1.000045 1.000045 1.000045 1.000045 1.000045 1.000045 1.000045 1.000045 1.000045 1.000045 1.000045 1.000045 1.000045 1.000045 1.000045 1.000045 1.000045 1.000045 1.000000
1.000000 1.000045 1.000045 1.000045 1.000045 1.000045 1.000045 1.000045 1.000045 1.000045 1.000045 1.000045 1.000045 1.000045 1.000045 1.000045 1.000045 1.000045 1.000045 1.000045 1.000045 1.000045 1.000045 1.000045 1.000045 1.000045 1.000045 1.000045 1.000045 1.000045 1.000045 1.000045 1.000045 1.000045 1.000045 1.000045 1.000045 1.000045 1.000045 1.000045 1.000045 1.000045 1.000045 1.000045 1.000045 1.000045 1.000045 1.000045 1.000045 1.000045 1.000045 1.000045 1.000045 1.000045 1.000045 1.000045 1.000045 1.000045 1.000045 1.000045 1.000045 1.000045 1.000045 1.000045 1.000045 1.000045 1.000045 1.000045 1.000045 1.000045 1.000045 1.000045 1.000045 1.000045 1.000045 1.000045 1.000045 1.000045 1.000045 1.000045 1.000045 1.000045 1.000045 1.000045 1.000045 1.000045 1.000045 1.000045 1.000045 1.000045 1.000045 1.000045 1.000045 1.000045 1.000045 1.000045 1.000045 1.000045 1.000045 1.000045 1.000045 1.000045 1.000045 1.000045 1.000045 1.000045 1.000045 1.000045 1.000045 1.000045 1.000045 1.000045 1.000045 1.000045 1.000045 1.000045 1.000045 1.000045 1.000045 1.000045 1.000045 1.000045 1.000045 1.000045 1.000045 1.000045 1.000045 1.000045 1.000045 1.000045 1.000045 1.000045 1.000045 1.000045 1.000045 1.000045 1.000045 1.000045 1.000045 1.000045 1.000045 1.000045 1.000045 1.000045 1.000045 1.000045 1.000045 1.000045 1.000045 1.000045 1.000045 1.000045 1.000045 1.000045 1.000045 1.000045 1.000045 1.000045 1.000045 1.000045 1.000045 1.000045 1.000045 1.000045 1.000045 1.000045 1.000045 1.000045 1.000045 1.000045 1.000045 1.000045 1.000045 1.000045 1.000045 1.000045 1.000045 1.000045 1.000045 1.000045 1.000045 1.000045 1.000045 1.000045 1.000045 1.000045 1.000045 1.000045 1.000045 1.000045 1.000045 1.000045 1.000045 1.000045 1.000045 1.000045 1.000045 1.000045 1.000045 1.000045 1.000045 1.000000
1.000000 1.000045 1.000045 1.000045 1.000045 1.000045 1.000045 1.000045 1.000045 1.000045 1.000045 1.000045 1.000045 1.000045 1.000045 1.000045 1.000045 1.000045 1.000045 1.000045 1.000045 1.000045 1.000045 1.000045 1.000045 1.000045 1.000045 1.000045 1.000045 1.000045 1.000045 1.000045 1.000045 1.000045 1.000045 1.000045 1.000045 1.000045 1.000045 1.000045 1.000045 1.000045 1.000045 1.000045 1.000045 1.000045 1.000045 1.000045 1.000045 1.000045 1.000045 1.000045 1.000045 1.000045 1.000045 1.000045 1.000045 1.000045 1.000045 1.000045 1.000045 1.000045 1.000045 1.000045 1.000045 1.000045 1.000045 1.000045 1.000045 1.000045 1.000045 1.000045 1.000045 1.000045 1.000045 1.000045 1.000045 1.000045 1.000045 1.000045 1.000045 1.000045 1.000045 1.000045 1.000045 1.000045 1.000045 1.000045 1.000045 1.000045 1.000045 1.000045 1.000045 1.000045 1.000045 1.000045 1.000045 1.000045 1.000045 1.000045 1.000045 1.000045 1.000045 1.000045 1.000045 1.000045 1.000045 1.000045 1.000045 1.000045 1.000045 1.000045 1.000045 1.000045 1.000045 1.000045 1.000045 1.000045 1.000045 1.000045 1.000045 1.000045 1.000045 1.000045 1.000045 1.000045 1.000045 1.000045 1.000045 1.000045 1.000045 1.000045 1.000045 1.000045 1.000045 1.000045 1.000045 1.000045 1.000045 1.000045 1.000045 1.000045 1.000045 1.000045 1.000045 1.000045 1.000045 1.000045 1.000045 1.000045 1.000045 1.000045 1.000045 1.000045 1.000045 1.000045 1.000045 1.000045 1.000045 1.000045 1.000045 1.000045 1.000045 1.000045 1.000045 1.000045 1.000045 1.000045 1.000045 1.000045 1.000045 1.000045 1.000045 1.000045 1.000045 1.000045 1.000045 1.000045 1.000045 1.000045 1.000045 1.000045 1.000045 1.000045 1.000045 1.000045 1.000045 1.000045 1.000045 1.000045 1.000045 1.000045 1.000045 1.000045 1.000045 1.000045 1.000045 1.000045 1.000045 1.000045 1.000045 1.000000
1.000000 1.000045 1.000045 1.000045 1.000045 1.000045 1.000045 1.000045 1.000045 1.000045 1.000045 1.000045 1.000045 1.000045 1.000045 1.000045 1.000045 1.000045 1.000045 1.000045 1.000045 1.000045 1.000045 1.000045 1.000045 1.000045 1.000045 1.000045 1.000045 1.000045 1.000045 1.000045 1.000045 1.000045 1.000045 1.000045 1.000045 1.000045 1.000045 1.000045 1.000045 1.000045 1.000045 1.000045 1.000045 1.000045 1.000045 1.000045 1.000045 1.000045 1.000045 1.000045 1.000045 1.000045 1.000045 1.000045 1.000045 1.000045 1.000045 1.000045 1.000045 1.000045 1.000045 1.000045 1.000045 1.000045 1.000045 1.000045 1.000045 1.000045 1.000045 1.000045 1.000045 1.000045 1.000045 1.000045 1.000045 1.000045 1.000045 1.000045 1.000045 1.000045 1.000045 1.000045 1.000045 1.000045 1.000045 1.000045 1.000045 1.000045 1.000045 1.000045 1.000045 1.000045 1.000045 1.000045 1.000045 1.000045 1.000045 1.000045 1.000045 1.000045 1.000045 1.000045 1.000045 1.000045 1.000045 1.000045 1.000045 1.000045 1.000045 1.000045 1.000045 1.000045 1.000045 1.000045 1.000045 1.000045 1.000045 1.000045 1.000045 1.000045 1.000045 1.000045 1.000045 1.000045 1.000045 1.000045 1.000045 1.000045 1.000045 1.000045 1.000045 1.000045 1.000045 1.000045 1.000045 1.000045 1.000045 1.000045 1.000045 1.000045 1.000045 1.000045 1.000045 1.000045 1.000045 1.000045 1.000045 1.000045 1.000045 1.000045 1.000045 1.000045 1.000045 1.000045 1.000045 1.000045 1.000045 1.000045 1.000045 1.000045 1.000045 1.000045 1.000045 1.000045 1.000045 1.000045 1.000045 1.000045 1.000045 1.000045 1.000045 1.000045 1.000045 1.000045 1.000045 1.000045 1.000045 1.000045 1.000045 1.000045 1.000045 1.000045 1.000045 1.000045 1.000045 1.000045 1.000045 1.000045 1.000045 1.000045 1.000045 1.000045 1.000045 1.000045 1.000045 1.000045 1.000045 1.000045 1.000045 1.000000
1.000000 1.000045 1.000045 1.000045 1.000045 1.000045 1.000045 1.000045 1.000045 1.000045 1.000045 1.000045 1.000045 1.000045 1.000045 1.000045 1.000045 1.000045 1.000045 1.000045 1.000045 1.000045 1.000045 1.000045 1.000045 1.000045 1.000045 1.000045 1.000045 1.000045 1.000045 1.000045 1.000045 1.000045 1.000045 1.000045 1.000045 1.000045 1.000045 1.000045 1.000045 1.000045 1.000045 1.000045 1.000045 1.000045 1.000045 1.000045 1.000045 1.000045 1.000045 1.000045 1.000045 1.000045 1.000045 1.000045 1.000045 1.000045 1.000045 1.000045 1.000045 1.000045 1.000045 1.000045 1.000045 1.000045 1.000045 1.000045 1.000045 1.000045 1.000045 1.000045 1.000045 1.000045 1.000045 1.000045 1.000045 1.000045 1.000045 1.000045 1.000045 1.000045 1.000045 1.000045 1.000045 1.000045 1.000045 1.000045 1.000045 1.000045 1.000045 1.000045 1.000045 1.000045 1.000045 1.000045 1.000045 1.000045 1.000045 1.000045 1.000045 1.000045 1.000045 1.000045 1.000045 1.000045 1.000045 1.000045 1.000045 1.000045 1.000045 1.000045 1.000045 1.000045 1.000045 1.000045 1.000045 1.000045 1.000045 1.000045 1.000045 1.000045 1.000045 1.000045 1.000045 1.000045 1.000045 1.000045 1.000045 1.000045 1.000045 1.000045 1.000045 1.000045 1.000045 1.000045 1.000045 1.000045 1.000045 1.000045 1.000045 1.000045 1.000045 1.000045 1.000045 1.000045 1.000045 1.000045 1.000045 1.000045 1.000045 1.000045 1.000045 1.000045 1.000045 1.000045 1.000045 1.000045 1.000045 1.000045 1.000045 1.000045 1.000045 1.000045 1.000045 1.000045 1.000045 1.000045 1.000045 1.000045 1.000045 1.000045 1.000045 1.000045 1.000045 1.000045 1.000045 1.000045 1.000045 1.000045 1.000045 1.000045 1.000045 1.000045 1.000045 1.000045 1.000045 1.000045 1.000045 1.000045 1.000045 1.000045 1.000045 1.000045 1.000045 1.000045 1.000045 1.000045 1.000045 1.000045 1.000045 1.000000
1.000000 1.000045 1.000045 1.000045 1.000045 1.000045 1.000045 1.000045 1.000045 1.000045 1.000045 1.000045 1.000045 1.000045 1.000045 1.000045 1.000045 1.000045 1.000045 1.000045 1.000045 1.000045 1.000045 1.000045 1.000045 1.000045 1.000045 1.000045 1.000045 1.000045 1.000045 1.000045 1.000045 1.000045 1.000045 1.000045 1.000045 1.000045 1.000045 1.000045 1.000045 1.000045 1.000045 1.000045 1.000045 1.000045 1.000045 1.000045 1.000045 1.000045 1.000045 1.000045 1.000045 1.000045 1.000045 1.000045 1.000045 1.000045 1.000045 1.000045 1.000045 1.000045 1.000045 1.000045 1.000045 1.000045 1.000045 1.000045 1.000045 1.000045 1.000045 1.000045 1.000045 1.000045 1.000045 1.000045 1.000045 1.000045 1.000045 1.000045 1.000045 1.000045 1.000045 1.000045 1.000045 1.000045 1.000045 1.000045 1.000045 1.000045 1.000045 1.000045 1.000045 1.000045 1.000045 1.000045 1.000045 1.000045 1.000045 1.000045 1.000045 1.000045 1.000045 1.000045 1.000045 1.000045 1.000045 1.000045 1.000045 1.000045 1.000045 1.000045 1.000045 1.000045 1.000045 1.000045 1.000045 1.000045 1.000045 1.000045 1.000045 1.000045 1.000045 1.000045 1.000045 1.000045 1.000045 1.000045 1.000045 1.000045 1.000045 1.000045 1.000045 1.000045 1.000045 1.000045 1.000045 1.000045 1.000045 1.000045 1.000045 1.000045 1.000045 1.000045 1.000045 1.000045 1.000045 1.000045 1.000045 1.000045 1.000045 1.000045 1.000045 1.000045 1.000045 1.000045 1.000045 1.000045 1.000045 1.000045 1.000045 1.000045 1.000045 1.000045 1.000045 1.000045 1.000045 1.000045 1.000045 1.000045 1.000045 1.000045 1.000045 1.000045 1.000045 1.000045 1.000045 1.000045 1.000045 1.000045 1.000045 1.000045 1.000045 1.000045 1.000045 1.000045 1.000045 1.000045 1.000045 1.000045 1.000045 1.000045 1.000045 1.000045 1.000045 1.000045 1.000045 1.000045 1.000045 1.000045 1.000045 1.000000
1.000000 1.000045 1.000045 1.000045 1.000045 1.000045 1.000045 1.000045 1.000045 1.000045 1.000045 1.000045 1.000045 1.000045 1.000045 1.000045 1.000045 1.000045 1.000045 1.000045 1.000045 1.000045 1.000045 1.000045 1.000045 1.000045 1.000045 1.000045 1.000045 1.000045 1.000045 1.000045 1.000045 1.000045 1.000045 1.000045 1.000045 1.000045 1.000045 1.000045 1.000045 1.000045 1.000045 1.000045 1.000045 1.000045 1.000045 1.000045 1.000045 1.000045 1.000045 1.000045 1.000045 1.000045 1.000045 1.000045 1.000045 1.000045 1.000045 1.000045 1.000045 1.000045 1.000045 1.000045 1.000045 1.000045 1.000045 1.000045 1.000045 1.000045 1.000045 1.000045 1.000045 1.000045 1.000045 1.000045 1.000045 1.000045 1.000045 1.000045 1.000045 1.000045 1.000045 1.000045 1.000045 1.000045 1.000045 1.000045 1.000045 1.000045 1.000045 1.000045 1.000045 1.000045 1.000045 1.000045 1.000045 1.000045 1.000045 1.000045 1.000045 1.000045 1.000045 1.000045 1.000045 1.000045 1.000045 1.000045 1.000045 1.000045 1.000045 1.000045 1.000045 1.000045 1.000045 1.000045 1.000045 1.000045 1.000045 1.000045 1.000045 1.000045 1.000045 1.000045 1.000045 1.000045 1.000045 1.000045 1.000045 1.000045 1.000045 1.000045 1.000045 1.000045 1.000045 1.000045 1.000045 1.000045 1.000045 1.000045 1.000045 1.000045 1.000045 1.000045 1.000045 1.000045 1.000045 1.000045 1.000045 1.000045 1.000045 1.000045 1.000045 1.000045 1.000045 1.000045 1.000045 1.000045 1.000045 1.000045 1.000045 1.000045 1.000045 1.000045 1.000045 1.000045 1.000045 1.000045 1.000045 1.000045 1.000045 1.000045 1.000045 1.000045 1.000045 1.000045 1.000045 1.000045 1.000045 1.000045 1.000045 1.000045 1.000045 1.000045 1.000045 1.000045 1.000045 1.000045 1.000045 1.000045 1.000045 1.000045 1.000045 1.000045 1.000045 1.000045 1.000045 1.000045 1.000045 1.000045 1.000045 1.000000
1.000000 1.000045 1.000045 1.000045 1.000045 1.000045 1.000045 1.000045 1.000045 1.000045 1.000045 1.000045 1.000045 1.000045 1.000045 1.000045 1.000045 1.000045 1.000045 1.000045 1.000045 1.000045 1.000045 1.000045 1.000045 1.000045 1.000045 1.000045 1.000045 1.000045 1.000045 1.000045 1.000045 1.000045 1.000045 1.000045 1.000045 1.000045 1.000045 1.000045 1.000045 1.000045 1.000045 1.000045 1.000045 1.000045 1.000045 1.000045 1.000045 1.000045 1.000045 1.000045 1.000045 1.000045 1.000045 1.000045 1.000045 1.000045 1.000045 1.000045 1.000045 1.000045 1.000045 1.000045 1.000045 1.000045 1.000045 1.000045 1.000045 1.000045 1.000045 1.000045 1.000045 1.000045 1.000045 1.000045 1.000045 1.000045 1.000045 1.000045 1.000045 1.000045 1.000045 1.000045 1.000045 1.000045 1.000045 1.000045 1.000045 1.000045 1.000045 1.000045 1.000045 1.000045 1.000045 1.000045 1.000045 1.000045 1.000045 1.000045 1.000045 1.000045 1.000045 1.000045 1.000045 1.000045 1.000045 1.000045 1.000045 1.000045 1.000045 1.000045 1.000045 1.000045 1.000045 1.000045 1.000045 1.000045 1.000045 1.000045 1.000045 1.000045 1.000045 1.000045 1.000045 1.000045 1.000045 1.000045 1.000045 1.000045 1.000045 1.000045 1.000045 1.000045 1.000045 1.000045 1.000045 1.000045 1.000045 1.000045 1.000045 1.000045 1.000045 1.000045 1.000045 1.000045 1.000045 1.000045 1.000045 1.000045 1.000045 1.000045 1.000045 1.000045 1.000045 1.000045 1.000045 1.000045 1.000045 1.000045 1.000045 1.000045 1.000045 1.000045 1.000045 1.000045 1.000045 1.000045 1.000045 1.000045 1.000045 1.000045 1.000045 1.000045 1.000045 1.000045 1.000045 1.000045 1.000045 1.000045 1.000045 1.000045 1.000045 1.000045 1.000045 1.000045 1.000045 1.000045 1.000045 1.000045 1.000045 1.000045 1.000045 1.000045 1.000045 1.000045 1.000045 1.000045 1.000045 1.000045 1.000045 1.000000
1.000000 1.000045 1.000045 1.000045 1.000045 1.000045 1.000045 1.000045 1.000045 1.000045 1.000045 1.000045 1.000045 1.000045 1.000045 1.000045 1.000045 1.000045 1.000045 1.000045 1.000045 1.000045 1.000045 1.000045 1.000045 1.000045 1.000045 1.000045 1.000045 1.000045 1.000045 1.000045 1.000045 1.000045 1.000045 1.000045 1.000045 1.000045 1.000045 1.000045 1.000045 1.000045 1.000045 1.000045 1.000045 1.000045 1.000045 1.000045 1.000045 1.000045 1.000045 1.000045 1.000045 1.000045 1.000045 1.000045 1.000045 1.000045 1.000045 1.000045 1.000045 1.000045 1.000045 1.000045 1.000045 1.000045 1.000045 1.000045 1.000045 1.000045 1.000045 1.000045 1.000045 1.000045 1.000045 1.000045 1.000045 1.000045 1.000045 1.000045 1.000045 1.000045 1.000045 1.000045 1.000045 1.000045 1.000045 1.000045 1.000045 1.000045 1.000045 1.000045 1.000045 1.000045 1.000045 1.000045 1.000045 1.000045 1.000045 1.000045 1.000045 1.000045 1.000045 1.000045 1.000045 1.000045 1.000045 1.000045 1.000045 1.000045 1.000045 1.000045 1.000045 1.000045 1.000045 1.000045 1.000045 1.000045 1.000045 1.000045 1.000045 1.000045 1.000045 1.000045 1.000045 1.000045 1.000045 1.000045 1.000045 1.000045 1.000045 1.000045 1.000045 1.000045 1.000045 1.000045 1.000045 1.000045 1.000045 1.000045 1.000045 1.000045 1.000045 1.000045 1.000045 1.000045 1.000045 1.000045 1.000045 1.000045 1.000045 1.000045 1.000045 1.000045 1.000045 1.000045 1.000045 1.000045 1.000045 1.000045 1.000045 1.000045 1.000045 1.000045 1.000045 1.000045 1.000045 1.000045 1.000045 1.000045 1.000045 1.000045 1.000045 1.000045 1.000045 1.000045 1.000045 1.000045 1.000045 1.000045 1.000045 1.000045 1.000045 1.000045 1.000045 1.000045 1.000045 1.000045 1.000045 1.000045 1.000045 1.000045 1.000045 1.000045 1.000045 1.000045 1.000045 1.000045 1.000045 1.000045 1.000045 1.000000
1.000000 1.000045 1.000045 1.000045 1.000045 1.000045 1.000045 1.000045 1.000045 1.000045 1.000045 1.000045 1.000045 1.000045 1.000045 1.000045 1.000045 1.000045 1.000045 1.000045 1.000045 1.000045 1.000045 1.000045 1.000045 1.000045 1.000045 1.000045 1.000045 1.000045 1.000045 1.000045 1.000045 1.000045 1.000045 1.000045 1.000045 1.000045 1.000045 1.000045 1.000045 1.000045 1.000045 1.000045 1.000045 1.000045 1.000045 1.000045 1.000045 1.000045 1.000045 1.000045 1.000045 1.000045 1.000045 1.000045 1.000045 1.000045 1.000045 1.000045 1.000045 1.000045 1.000045 1.000045 1.000045 1.000045 1.000045 1.000045 1.000045 1.000045 1.000045 1.000045 1.000045 1.000045 1.000045 1.000045 1.000045 1.000045 1.000045 1.000045 1.000045 1.000045 1.000045 1.000045 1.000045 1.000045 1.000045 1.000045 1.000045 1.000045 1.000045 1.000045 1.000045 1.000045 1.000045 1.000045 1.000045 1.000045 1.000045 1.000045 1.000045 1.000045 1.000045 1.000045 1.000045 1.000045 1.000045 1.000045 1.000045 1.000045 1.000045 1.000045 1.000045 1.000045 1.000045 1.000045 1.000045 1.000045 1.000045 1.000045 1.000045 1.000045 1.000045 1.000045 1.000045 1.000045 1.000045 1.000045 1.000045 1.000045 1.000045 1.000045 1.000045 1.000045 1.000045 1.000045 1.000045 1.000045 1.000045 1.000045 1.000045 1.000045 1.000045 1.000045 1.000045 1.000045 1.000045 1.000045 1.000045 1.000045 1.000045 1.000045 1.000045 1.000045 1.000045 1.000045 1.000045 1.000045 1.000045 1.000045 1.000045 1.000045 1.000045 1.000045 1.000045 1.000045 1.000045 1.000045 1.000045 1.000045 1.000045 1.000045 1.000045 1.000045 1.000045 1.000045 1.000045 1.000045 1.000045 1.000045 1.000045 1.000045 1.000045 1.000045 1.000045 1.000045 1.000045 1.000045 1.000045 1.000045 1.000045 1.000045 1.000045 1.000045 1.000045 1.000045 1.000045 1.000045 1.000045 1.000045 1.000045 1.000000
1.000000 1.000045 1.000045 1.000045 1.000045 1.000045 1.000045 1.000045 1.000045 1.000045 1.000045 1.000045 1.000045 1.000045 1.000045 1.000045 1.000045 1.000045 1.000045 1.000045 1.000045 1.000045 1.000045 1.000045 1.000045 1.000045 1.000045 1.000045 1.000045 1.000045 1.000045 1.000045 1.000045 1.000045 1.000045 1.000045 1.000045 1.000045 1.000045 1.000045 1.000045 1.000045 1.000045 1.000045 1.000045 1.000045 1.000045 1.000045 1.000045 1.000045 1.000045 1.000045 1.000045 1.000045 1.000045 1.000045 1.000045 1.000045 1.000045 1.000045 1.000045 1.000045 1.000045 1.000045 1.000045 1.000045 1.000045 1.000045 1.000045 1.000045 1.000045 1.000045 1.000045 1.000045 1.000045 1.000045 1.000045 1.000045 1.000045 1.000045 1.000045 1.000045 1.000045 1.000045 1.000045 1.000045 1.000045 1.000045 1.000045 1.000045 1.000045 1.000045 1.000045 1.000045 1.000045 1.000045 1.000045 1.000045 1.000045 1.000045 1.000045 1.000045 1.000045 1.000045 1.000045 1.000045 1.000045 1.000045 1.000045 1.000045 1.000045 1.000045 1.000045 1.000045 1.000045 1.000045 1.000045 1.000045 1.000045 1.000045 1.000045 1.000045 1.000045 1.000045 1.000045 1.000045 1.000045 1.000045 1.000045 1.000045 1.000045 1.000045 1.000045 1.000045 1.000045 1.000045 1.000045 1.000045 1.000045 1.000045 1.000045 1.000045 1.000045 1.000045 1.000045 1.000045 1.000045 1.000045 1.000045 1.000045 1.000045 1.000045 1.000045 1.000045 1.000045 1.000045 1.000045 1.000045 1.000045 1.000045 1.000045 1.000045 1.000045 1.000045 1.000045 1.000045 1.000045 1.000045 1.000045 1.000045 1.000045 1.000045 1.000045 1.000045 1.000045 1.000045 1.000045 1.000045 1.000045 1.000045 1.000045 1.000045 1.000045 1.000045 1.000045 1.000045 1.000045 1.000045 1.000045 1.000045 1.000045 1.000045 1.000045 1.000045 1.000045 1.000045 1.000045 1.000045 1.000045 1.000045 1.000045 1.000000
1.000000 1.000045 1.000045 1.000045 1.000045 1.000045 1.000045 1.000045 1.000045 1.000045 1.000045 1.000045 1.000045 1.000045 1.000045 1.000045 1.000045 1.000045 1.000045 1.000045 1.000045 1.000045 1.000045 1.000045 1.000045 1.000045 1.000045 1.000045 1.000045 1.000045 1.000045 1.000045 1.000045 1.000045 1.000045 1.000045 1.000045 1.000045 1.000045 1.000045 1.000045 1.000045 1.000045 1.000045 1.000045 1.000045 1.000045 1.000045 1.000045 1.000045 1.000045 1.000045 1.000045 1.000045 1.000045 1.000045 1.000045 1.000045 1.000045 1.000045 1.000045 1.000045 1.000045 1.000045 1.000045 1.000045 1.000045 1.000045 1.000045 1.000045 1.000045 1.000045 1.000045 1.000045 1.000045 1.000045 1.000045 1.000045 1.000045 1.000045 1.000045 1.000045 1.000045 1.000045 1.000045 1.000045 1.000045 1.000045 1.000045 1.000045 1.000045 1.000045 1.000045 1.000045 1.000045 1.000045 1.000045 1.000045 1.000045 1.000045 1.000045 1.000045 1.000045 1.000045 1.000045 1.000045 1.000045 1.000045 1.000045 1.000045 1.000045 1.000045 1.000045 1.000045 1.000045 1.000045 1.000045 1.000045 1.000045 1.000045 1.000045 1.000045 1.000045 1.000045 1.000045 1.000045 1.000045 1.000045 1.000045 1.000045 1.000045 1.000045 1.000045 1.000045 1.000045 1.000045 1.000045 1.000045 1.000045 1.000045 1.000045 1.000045 1.000045 1.000045 1.000045 1.000045 1.000045 1.000045 1.000045 1.000045 1.000045 1.000045 1.000045 1.000045 1.000045 1.000045 1.000045 1.000045 1.000045 1.000045 1.000045 1.000045 1.000045 1.000045 1.000045 1.000045 1.000045 1.000045 1.000045 1.000045 1.000045 1.000045 1.000045 1.000045 1.000045 1.000045 1.000045 1.000045 1.000045 1.000045 1.000045 1.000045 1.000045 1.000045 1.000045 1.000045 1.000045 1.000045 1.000045 1.000045 1.000045 1.000045 1.000045 1.000045 1.000045 1.000045 1.000045 1.000045 1.000045 1.000045 1.000045 1.000000
1.000000 1.000045 1.000045 1.000045 1.000045 1.000045 1.000045 1.000045 1.000045 1.000045 1.000045 1.000045 1.000045 1.000045 1.000045 1.000045 1.000045 1.000045 1.000045 1.000045 1.000045 1.000045 1.000045 1.000045 1.000045 1.000045 1.000045 1.000045 1.000045 1.000045 1.000045 1.000045 1.000045 1.000045 1.000045 1.000045 1.000045 1.000045 1.000045 1.000045 1.000045 1.000045 1.000045 1.000045 1.000045 1.000045 1.000045 1.000045 1.000045 1.000045 1.000045 1.000045 1.000045 1.000045 1.000045 1.000045 1.000045 1.000045 1.000045 1.000045 1.000045 1.000045 1.000045 1.000045 1.000045 1.000045 1.000045 1.000045 1.000045 1.000045 1.000045 1.000045 1.000045 1.000045 1.000045 1.000045 1.000045 1.000045 1.000045 1.000045 1.000045 1.000045 1.000045 1.000045 1.000045 1.000045 1.000045 1.000045 1.000045 1.000045 1.000045 1.000045 1.000045 1.000045 1.000045 1.000045 1.000045 1.000045 1.000045 1.000045 1.000045 1.000045 1.000045 1.000045 1.000045 1.000045 1.000045 1.000045 1.000045 1.000045 1.000045 1.000045 1.000045 1.000045 1.000045 1.000045 1.000045 1.000045 1.000045 1.000045 1.000045 1.000045 1.000045 1.000045 1.000045 1.000045 1.000045 1.000045 1.000045 1.000045 1.000045 1.000045 1.000045 1.000045 1.000045 1.000045 1.000045 1.000045 1.000045 1.000045 1.000045 1.000045 1.000045 1.000045 1.000045 1.000045 1.000045 1.000045 1.000045 1.000045 1.000045 1.000045 1.000045 1.000045 1.000045 1.000045 1.000045 1.000045 1.000045 1.000045 1.000045 1.000045 1.000045 1.000045 1.000045 1.000045 1.000045 1.000045 1.000045 1.000045 1.000045 1.000045 1.000045 1.000045 1.000045 1.000045 1.000045 1.000045 1.000045 1.000045 1.000045 1.000045 1.000045 1.000045 1.000045 1.000045 1.000045 1.000045 1.000045 1.000045 1.000045 1.000045 1.000045 1.000045 1.000045 1.000045 1.000045 1.000045 1.000045 1.000045 1.000045 1.000000
1.000000 1.000045 1.000045 1.000045 1.000045 1.000045 1.000045 1.000045 1.000045 1.000045 1.000045 1.000045 1.000045 1.000045 1.000045 1.000045 1.000045 1.000045 1.000045 1.000045 1.000045 1.000045 1.000045 1.000045 1.000045 1.000045 1.000045 1.000045 1.000045 1.000045 1.000045 1.000045 1.000045 1.000045 1.000045 1.000045 1.000045 1.000045 1.000045 1.000045 1.000045 1.000045 1.000045 1.000045 1.000045 1.000045 1.000045 1.000045 1.000045 1.000045 1.000045 1.000045 1.000045 1.000045 1.000045 1.000045 1.000045 1.000045 1.000045 1.000045 1.000045 1.000045 1.000045 1.000045 1.000045 1.000045 1.000045 1.000045 1.000045 1.000045 1.000045 1.000045 1.000045 1.000045 1.000045 1.000045 1.000045 1.000045 1.000045 1.000045 1.000045 1.000045 1.000045 1.000045 1.000045 1.000045 1.000045 1.000045 1.000045 1.000045 1.000045 1.000045 1.000045 1.000045 1.000045 1.000045 1.000045 1.000045 1.000045 1.000045 1.000045 1.000045 1.000045 1.000045 1.000045 1.000045 1.000045 1.000045 1.000045 1.000045 1.000045 1.000045 1.000045 1.000045 1.000045 1.000045 1.000045 1.000045 1.000045 1.000045 1.000045 1.000045 1.000045 1.000045 1.000045 1.000045 1.000045 1.000045 1.000045 1.000045 1.000045 1.000045 1.000045 1.000045 1.000045 1.000045 1.000045 1.000045 1.000045 1.000045 1.000045 1.000045 1.000045 1.000045 1.000045 1.000045 1.000045 1.000045 1.000045 1.000045 1.000045 1.000045 1.000045 1.000045 1.000045 1.000045 1.000045 1.000045 1.000045 1.000045 1.000045 1.000045 1.000045 1.000045 1.000045 1.000045 1.000045 1.000045 1.000045 1.000045 1.000045 1.000045 1.000045 1.000045 1.000045 1.000045 1.000045 1.000045 1.000045 1.000045 1.000045 1.000045 1.000045 1.000045 1.000045 1.000045 1.000045 1.000045 1.000045 1.000045 1.000045 1.000045 1.000045 1.000045 1.000045 1.000045 1.000045 1.000045 1.000045 1.000045 1.000045 1.000000
1.000000 1.000045 1.000045 1.000045 1.000045 1.000045 1.000045 1.000045 1.000045 1.000045 1.000045 1.000045 1.000045 1.000045 1.000045 1.000045 1.000045 1.000045 1.000045 1.000045 1.000045 1.000045 1.000045 1.000045 1.000045 1.000045 1.000045 1.000045 1.000045 1.000045 1.000045 1.000045 1.000045 1.000045 1.000045 1.000045 1.000045 1.000045 1.000045 1.000045 1.000045 1.000045 1.000045 1.000045 1.000045 1.000045 1.000045 1.000045 1.000045 1.000045 1.000045 1.000045 1.000045 1.000045 1.000045 1.000045 1.000045 1.000045 1.000045 1.000045 1.000045 1.000045 1.000045 1.000045 1.000045 1.000045 1.000045 1.000045 1.000045 1.000045 1.000045 1.000045 1.000045 1.000045 1.000045 1.000045 1.000045 1.000045 1.000045 1.000045 1.000045 1.000045 1.000045 1.000045 1.000045 1.000045 1.000045 1.000045 1.000045 1.000045 1.000045 1.000045 1.000045 1.000045 1.000045 1.000045 1.000045 1.000045 1.000045 1.000045 1.000045 1.000045 1.000045 1.000045 1.000045 1.000045 1.000045 1.000045 1.000045 1.000045 1.000045 1.000045 1.000045 1.000045 1.000045 1.000045 1.000045 1.000045 1.000045 1.000045 1.000045 1.000045 1.000045 1.000045 1.000045 1.000045 1.000045 1.000045 1.000045 1.000045 1.000045 1.000045 1.000045 1.000045 1.000045 1.000045 1.000045 1.000045 1.000045 1.000045 1.000045 1.000045 1.000045 1.000045 1.000045 1.000045 1.000045 1.000045 1.000045 1.000045 1.000045 1.000045 1.000045 1.000045 1.000045 1.000045 1.000045 1.000045 1.000045 1.000045 1.000045 1.000045 1.000045 1.000045 1.000045 1.000045 1.000045 1.000045 1.000045 1.000045 1.000045 1.000045 1.000045 1.000045 1.000045 1.000045 1.000045 1.000045 1.000045 1.000045 1.000045 1.000045 1.000045 1.000045 1.000045 1.000045 1.000045 1.000045 1.000045 1.000045 1.000045 1.000045 1.000045 1.000045 1.000045 1.000045 1.000045 1.000045 1.000045 1.000045 1.000045 1.000000
1.000000 1.000045 1.000045 1.000045 1.000045 1.000045 1.000045 1.000045 1.000045 1.000045 1.000045 1.000045 1.000045 1.000045 1.000045 1.000045 1.000045 1.000045 1.000045 1.000045 1.000045 1.000045 1.000045 1.000045 1.000045 1.000045 1.000045 1.000045 1.000045 1.000045 1.000045 1.000045 1.000045 1.000045 1.000045 1.000045 1.000045 1.000045 1.000045 1.000045 1.000045 1.000045 1.000045 1.000045 1.000045 1.000045 1.000045 1.000045 1.000045 1.000045 1.000045 1.000045 1.000045 1.000045 1.000045 1.000045 1.000045 1.000045 1.000045 1.000045 1.000045 1.000045 1.000045 1.000045 1.000045 1.000045 1.000045 1.000045 1.000045 1.000045 1.000045 1.000045 1.000045 1.000045 1.000045 1.000045 1.000045 1.000045 1.000045 1.000045 1.000045 1.000045 1.000045 1.000045 1.000045 1.000045 1.000045 1.000045 1.000045 1.000045 1.000045 1.000045 1.000045 1.000045 1.000045 1.000045 1.000045 1.000045 1.000045 1.000045 1.000045 1.000045 1.000045 1.000045 1.000045 1.000045 1.000045 1.000045 1.000045 1.000045 1.000045 1.000045 1.000045 1.000045 1.000045 1.000045 1.000045 1.000045 1.000045 1.000045 1.000045 1.000045 1.000045 1.000045 1.000045 1.000045 1.000045 1.000045 1.000045 1.000045 1.000045 1.000045 1.000045 1.000045 1.000045 1.000045 1.000045 1.000045 1.000045 1.000045 1.000045 1.000045 1.000045 1.000045 1.000045 1.000045 1.000045 1.000045 1.000045 1.000045 1.000045 1.000045 1.000045 1.000045 1.000045 1.000045 1.000045 1.000045 1.000045 1.000045 1.000045 1.000045 1.000045 1.000045 1.000045 1.000045 1.000045 1.000045 1.000045 1.000045 1.000045 1.000045 1.000045 1.000045 1.000045 1.000045 1.000045 1.000045 1.000045 1.000045 1.000045 1.000045 1.000045 1.000045 1.000045 1.000045 1.000045 1.000045 1.000045 1.000045 1.000045 1.000045 1.000045 1.000045 1.000045 1.000045 1.000045 1.000045 1.000045 1.000045 1.000045 1.000000
1.000000 1.000045 1.000045 1.000045 1.000045 1.000045 1.000045 1.000045 1.000045 1.000045 1.000045 1.000045 1.000045 1.000045 1.000045 1.000045 1.000045 1.000045 1.000045 1.000045 1.000045 1.000045 1.000045 1.000045 1.000045 1.000045 1.000045 1.000045 1.000045 1.000045 1.000045 1.000045 1.000045 1.000045 1.000045 1.000045 1.000045 1.000045 1.000045 1.000045 1.000045 1.000045 1.000045 1.000045 1.000045 1.000045 1.000045 1.000045 1.000045 1.000045 1.000045 1.000045 1.000045 1.000045 1.000045 1.000045 1.000045 1.000045 1.000045 1.000045 1.000045 1.000045 1.000045 1.000045 1.000045 1.000045 1.000045 1.000045 1.000045 1.000045 1.000045 1.000045 1.000045 1.000045 1.000045 1.000045 1.000045 1.000045 1.000045 1.000045 1.000045 1.000045 1.000045 1.000045 1.000045 1.000045 1.000045 1.000045 1.000045 1.000045 1.000045 1.000045 1.000045 1.000045 1.000045 1.000045 1.000045 1.000045 1.000045 1.000045 1.000045 1.000045 1.000045 1.000045 1.000045 1.000045 1.000045 1.000045 1.000045 1.000045 1.000045 1.000045 1.000045 1.000045 1.000045 1.000045 1.000045 1.000045 1.000045 1.000045 1.000045 1.000045 1.000045 1.000045 1.000045 1.000045 1.000045 1.000045 1.000045 1.000045 1.000045 1.000045 1.000045 1.000045 1.000045 1.000045 1.000045 1.000045 1.000045 1.000045 1.000045 1.000045 1.000045 1.000045 1.000045 1.000045 1.000045 1.000045 1.000045 1.000045 1.000045 1.000045 1.000045 1.000045 1.000045 1.000045 1.000045 1.000045 1.000045 1.000045 1.000045 1.000045 1.000045 1.000045 1.000045 1.000045 1.000045 1.000045 1.000045 1.000045 1.000045 1.000045 1.000045 1.000045 1.000045 1.000045 1.000045 1.000045 1.000045 1.000045 1.000045 1.000045 1.000045 1.000045 1.000045 1.000045 1.000045 1.000045 1.000045 1.000045 1.000045 1.000045 1.000045 1.000045 1.000045 1.000045 1.000045 1.000045 1.000045 1.000045 1.000045 1.000000
1.000000 1.000045 1.000045 1.000045 1.000045 1.000045 1.000045 1.000045 1.000045 1.000045 1.000045 1.000045 1.000045 1.000045 1.000045 1.000045 1.000045 1.000045 1.000045 1.000045 1.000045 1.000045 1.000045 1.000045 1.000045 1.000045 1.000045 1.000045 1.000045 1.000045 1.000045 1.000045 1.000045 1.000045 1.000045 1.000045 1.000045 1.000045 1.000045 1.000045 1.000045 1.000045 1.000045 1.000045 1.000045 1.000045 1.000045 1.000045 1.000045 1.000045 1.000045 1.000045 1.000045 1.000045 1.000045 1.000045 1.000045 1.000045 1.000045 1.000045 1.000045 1.000045 1.000045 1.000045 1.000045 1.000045 1.000045 1.000045 1.000045 1.000045 1.000045 1.000045 1.000045 1.000045 1.000045 1.000045 1.000045 1.000045 1.000045 1.000045 1.000045 1.000045 1.000045 1.000045 1.000045 1.000045 1.000045 1.000045 1.000045 1.000045 1.000045 1.000045 1.000045 1.000045 1.000045 1.000045 1.000045 1.000045 1.000045 1.000045 1.000045 1.000045 1.000045 1.000045 1.000045 1.000045 1.000045 1.000045 1.000045 1.000045 1.000045 1.000045 1.000045 1.000045 1.000045 1.000045 1.000045 1.000045 1.000045 1.000045 1.000045 1.000045 1.000045 1.000045 1.000045 1.000045 1.000045 1.000045 1.000045 1.000045 1.000045 1.000045 1.000045 1.000045 1.000045 1.000045 1.000045 1.000045 1.000045 1.000045 1.000045 1.000045 1.000045 1.000045 1.000045 1.000045 1.000045 1.000045 1.000045 1.000045 1.000045 1.000045 1.000045 1.000045 1.000045 1.000045 1.000045 1.000045 1.000045 1.000045 1.000045 1.000045 1.000045 1.000045 1.000045 1.000045 1.000045 1.000045 1.000045 1.000045 1.000045 1.000045 1.000045 1.000045 1.000045 1.000045 1.000045 1.000045 1.000045 1.000045 1.000045 1.000045 1.000045 1.000045 1.000045 1.000045 1.000045 1.000045 1.000045 1.000045 1.000045 1.000045 1.000045 1.000045 1.000045 1.000045 1.000045 1.000045 1.000045 1.000045 1.000045 1.000000
1.000000 1.000045 1.000045 1.000045 1.000045 1.000045 1.000045 1.000045 1.000045 1.000045 1.000045 1.000045 1.000045 1.000045 1.000045 1.000045 1.000045 1.000045 1.000045 1.000045 1.000045 1.000045 1.000045 1.000045 1.000045 1.000045 1.000045 1.000045 1.000045 1.000045 1.000045 1.000045 1.000045 1.000045 1.000045 1.000045 1.000045 1.000045 1.000045 1.000045 1.000045 1.000045 1.000045 1.000045 1.000045 1.000045 1.000045 1.000045 1.000045 1.000045 1.000045 1.000045 1.000045 1.000045 1.000045 1.000045 1.000045 1.000045 1.000045 1.000045 1.000045 1.000045 1.000045 1.000045 1.000045 1.000045 1.000045 1.000045 1.000045 1.000045 1.000045 1.000045 1.000045 1.000045 1.000045 1.000045 1.000045 1.000045 1.000045 1.000045 1.000045 1.000045 1.000045 1.000045 1.000045 1.000045 1.000045 1.000045 1.000045 1.000045 1.000045 1.000045 1.000045 1.000045 1.000045 1.000045 1.000045 1.000045 1.000045 1.000045 1.000045 1.000045 1.000045 1.000045 1.000045 1.000045 1.000045 1.000045 1.000045 1.000045 1.000045 1.000045 1.000045 1.000045 1.000045 1.000045 1.000045 1.000045 1.000045 1.000045 1.000045 1.000045 1.000045 1.000045 1.000045 1.000045 1.000045 1.000045 1.000045 1.000045 1.000045 1.000045 1.000045 1.000045 1.000045 1.000045 1.000045 1.000045 1.000045 1.000045 1.000045 1.000045 1.000045 1.000045 1.000045 1.000045 1.000045 1.000045 1.000045 1.000045 1.000045 1.000045 1.000045 1.000045 1.000045 1.000045 1.000045 1.000045 1.000045 1.000045 1.000045 1.000045 1.000045 1.000045 1.000045 1.000045 1.000045 1.000045 1.000045 1.000045 1.000045 1.000045 1.000045 1.000045 1.000045 1.000045 1.000045 1.000045 1.000045 1.000045 1.000045 1.000045 1.000045 1.000045 1.000045 1.000045 1.000045 1.000045 1.000045 1.000045 1.000045 1.000045 1.000045 1.000045 1.000045 1.000045 1.000045 1.000045 1.000045 1.000045 1.000045 1.000000
1.000000 1.000045 1.000045 1.000045 1.000045 1.000045 1.000045 1.000045 1.000045 1.000045 1.000045 1.000045 1.000045 1.000045 1.000045 1.000045 1.000045 1.000045 1.000045 1.000045 1.000045 1.000045 1.000045 1.000045 1.000045 1.000045 1.000045 1.000045 1.000045 1.000045 1.000045 1.000045 1.000045 1.000045 1.000045 1.000045 1.000045 1.000045 1.000045 1.000045 1.000045 1.000045 1.000045 1.000045 1.000045 1.000045 1.000045 1.000045 1.000045 1.000045 1.000045 1.000045 1.000045 1.000045 1.000045 1.000045 1.000045 1.000045 1.000045 1.000045 1.000045 1.000045 1.000045 1.000045 1.000045 1.000045 1.000045 1.000045 1.000045 1.000045 1.000045 1.000045 1.000045 1.000045 1.000045 1.000045 1.000045 1.000045 1.000045 1.000045 1.000045 1.000045 1.000045 1.000045 1.000045 1.000045 1.000045 1.000045 1.000045 1.000045 1.000045 1.000045 1.000045 1.000045 1.000045 1.000045 1.000045 1.000045 1.000045 1.000045 1.000045 1.000045 1.000045 1.000045 1.000045 1.000045 1.000045 1.000045 1.000045 1.000045 1.000045 1.000045 1.000045 1.000045 1.000045 1.000045 1.000045 1.000045 1.000045 1.000045 1.000045 1.000045 1.000045 1.000045 1.000045 1.000045 1.000045 1.000045 1.000045 1.000045 1.000045 1.000045 1.000045 1.000045 1.000045 1.000045 1.000045 1.000045 1.000045 1.000045 1.000045 1.000045 1.000045 1.000045 1.000045 1.000045 1.000045 1.000045 1.000045 1.000045 1.000045 1.000045 1.000045 1.000045 1.000045 1.000045 1.000045 1.000045 1.000045 1.000045 1.000045 1.000045 1.000045 1.000045 1.000045 1.000045 1.000045 1.000045 1.000045 1.000045 1.000045 1.000045 1.000045 1.000045 1.000045 1.000045 1.000045 1.000045 1.000045 1.000045 1.000045 1.000045 1.000045 1.000045 1.000045 1.000045 1.000045 1.000045 1.000045 1.000045 1.000045 1.000045 1.000045 1.000045 1.000045 1.000045 1.000045 1.000045 1.000045 1.000045 1.000045 1.000000
1.000000 1.000045 1.000045 1.000045 1.000045 1.000045 1.000045 1.000045 1.000045 1.000045 1.000045 1.000045 1.000045 1.000045 1.000045 1.000045 1.000045 1.000045 1.000045 1.000045 1.000045 1.000045 1.000045 1.000045 1.000045 1.000045 1.000045 1.000045 1.000045 1.000045 1.000045 1.000045 1.000045 1.000045 1.000045 1.000045 1.000045 1.000045 1.000045 1.000045 1.000045 1.000045 1.000045 1.000045 1.000045 1.000045 1.000045 1.000045 1.000045 1.000045 1.000045 1.000045 1.000045 1.000045 1.000045 1.000045 1.000045 1.000045 1.000045 1.000045 1.000045 1.000045 1.000045 1.000045 1.000045 1.000045 1.000045 1.000045 1.000045 1.000045 1.000045 1.000045 1.000045 1.000045 1.000045 1.000045 1.000045 1.000045 1.000045 1.000045 1.000045 1.000045 1.000045 1.000045 1.000045 1.000045 1.000045 1.000045 1.000045 1.000045 1.000045 1.000045 1.000045 1.000045 1.000045 1.000045 1.000045 1.000045 1.000045 1.000045 1.000045 1.000045 1.000045 1.000045 1.000045 1.000045 1.000045 1.000045 1.000045 1.000045 1.000045 1.000045 1.000045 1.000045 1.000045 1.000045 1.000045 1.000045 1.000045 1.000045 1.000045 1.000045 1.000045 1.000045 1.000045 1.000045 1.000045 1.000045 1.000045 1.000045 1.000045 1.000045 1.000045 1.000045 1.000045 1.000045 1.000045 1.000045 1.000045 1.000045 1.000045 1.000045 1.000045 1.000045 1.000045 1.000045 1.000045 1.000045 1.000045 1.000045 1.000045 1.000045 1.000045 1.000045 1.000045 1.000045 1.000045 1.000045 1.000045 1.000045 1.000045 1.000045 1.000045 1.000045 1.000045 1.000045 1.000045 1.000045 1.000045 1.000045 1.000045 1.000045 1.000045 1.000045 1.000045 1.000045 1.000045 1.000045 1.000045 1.000045 1.000045 1.000045 1.000045 1.000045 1.000045 1.000045 1.000045 1.000045 1.000045 1.000045 1.000045 1.000045 1.000045 1.000045 1.000045 1.000045 1.000045 1.000045 1.000045 1.000045 1.000045 1.000000
1.000000 1.000045 1.000045 1.000045 1.000045 1.000045 1.000045 1.000045 1.000045 1.000045 1.000045 1.000045 1.000045 1.000045 1.000045 1.000045 1.000045 1.000045 1.000045 1.000045 1.000045 1.000045 1.000045 1.000045 1.000045 1.000045 1.000045 1.000045 1.000045 1.000045 1.000045 1.000045 1.000045 1.000045 1.000045 1.000045 1.000045 1.000045 1.000045 1.000045 1.000045 1.000045 1.000045 1.000045 1.000045 1.000045 1.000045 1.000045 1.000045 1.000045 1.000045 1.000045 1.000045 1.000045 1.000045 1.000045 1.000045 1.000045 1.000045 1.000045 1.000045 1.000045 1.000045 1.000045 1.000045 1.000045 1.000045 1.000045 1.000045 1.000045 1.000045 1.000045 1.000045 1.000045 1.000045 1.000045 1.000045 1.000045 1.000045 1.000045 1.000045 1.000045 1.000045 1.000045 1.000045 1.000045 1.000045 1.000045 1.000045 1.000045 1.000045 1.000045 1.000045 1.000045 1.000045 1.000045 1.000045 1.000045 1.000045 1.000045 1.000045 1.000045 1.000045 1.000045 1.000045 1.000045 1.000045 1.000045 1.000045 1.000045 1.000045 1.000045 1.000045 1.000045 1.000045 1.000045 1.000045 1.000045 1.000045 1.000045 1.000045 1.000045 1.000045 1.000045 1.000045 1.000045 1.000045 1.000045 1.000045 1.000045 1.000045 1.000045 1.000045 1.000045 1.000045 1.000045 1.000045 1.000045 1.000045 1.000045 1.000045 1.000045 1.000045 1.000045 1.000045 1.000045 1.000045 1.000045 1.000045 1.000045 1.000045 1.000045 1.000045 1.000045 1.000045 1.000045 1.000045 1.000045 1.000045 1.000045 1.000045 1.000045 1.000045 1.000045 1.000045 1.000045 1.000045 1.000045 1.000045 1.000045 1.000045 1.000045 1.000045 1.000045 1.000045 1.000045 1.000045 1.000045 1.000045 1.000045 1.000045 1.000045 1.000045 1.000045 1.000045 1.000045 1.000045 1.000045 1.000045 1.000045 1.000045 1.000045 1.000045 1.000045 1.000045 1.000045 1.000045 1.000045 1.000045 1.000045 1.000045 1.000000
1.000000 1.000045 1.000045 1.000045 1.000045 1.000045 1.000045 1.000045 1.000045 1.000045 1.000045 1.000045 1.000045 1.000045 1.000045 1.000045 1.000045 1.000045 1.000045 1.000045 1.000045 1.000045 1.000045 1.000045 1.000045 1.000045 1.000045 1.000045 1.000045 1.000045 1.000045 1.000045 1.000045 1.000045 1.000045 1.000045 1.000045 1.000045 1.000045 1.000045 1.000045 1.000045 1.000045 1.000045 1.000045 1.000045 1.000045 1.000045 1.000045 1.000045 1.000045 1.000045 1.000045 1.000045 1.000045 1.000045 1.000045 1.000045 1.000045 1.000045 1.000045 1.000045 1.000045 1.000045 1.000045 1.000045 1.000045 1.000045 1.000045 1.000045 1.000045 1.000045 1.000045 1.000045 1.000045 1.000045 1.000045 1.000045 1.000045 1.000045 1.000045 1.000045 1.000045 1.000045 1.000045 1.000045 1.000045 1.000045 1.000045 1.000045 1.000045 1.000045 1.000045 1.000045 1.000045 1.000045 1.000045 1.000045 1.000045 1.000045 1.000045 1.000045 1.000045 1.000045 1.000045 1.000045 1.000045 1.000045 1.000045 1.000045 1.000045 1.000045 1.000045 1.000045 1.000045 1.000045 1.000045 1.000045 1.000045 1.000045 1.000045 1.000045 1.000045 1.000045 1.000045 1.000045 1.000045 1.000045 1.000045 1.000045 1.000045 1.000045 1.000045 1.000045 1.000045 1.000045 1.000045 1.000045 1.000045 1.000045 1.000045 1.000045 1.000045 1.000045 1.000045 1.000045 1.000045 1.000045 1.000045 1.000045 1.000045 1.000045 1.000045 1.000045 1.000045 1.000045 1.000045 1.000045 1.000045 1.000045 1.000045 1.000045 1.000045 1.000045 1.000045 1.000045 1.000045 1.000045 1.000045 1.000045 1.000045 1.000045 1.000045 1.000045 1.000045 1.000045 1.000045 1.000045 1.000045 1.000045 1.000045 1.000045 1.000045 1.000045 1.000045 1.000045 1.000045 1.000045 1.000045 1.000045 1.000045 1.000045 1.000045 1.000045 1.000045 1.000045 1.000045 1.000045 1.000045 1.000045 1.000045 1.000000
1.000000 1.000045 1.000045 1.000045 1.000045 1.000045 1.000045 1.000045 1.000045 1.000045 1.000045 1.000045 1.000045 1.000045 1.000045 1.000045 1.000045 1.000045 1.000045 1.000045 1.000045 1.000045 1.000045 1.000045 1.000045 1.000045 1.000045 1.000045 1.000045 1.000045 1.000045 1.000045 1.000045 1.000045 1.000045 1.000045 1.000045 1.000045 1.000045 1.000045 1.000045 1.000045 1.000045 1.000045 1.000045 1.000045 1.000045 1.000045 1.000045 1.000045 1.000045 1.000045 1.000045 1.000045 1.000045 1.000045 1.000045 1.000045 1.000045 1.000045 1.000045 1.000045 1.000045 1.000045 1.000045 1.000045 1.000045 1.000045 1.000045 1.000045 1.000045 1.000045 1.000045 1.000045 1.000045 1.000045 1.000045 1.000045 1.000045 1.000045 1.000045 1.000045 1.000045 1.000045 1.000045 1.000045 1.000045 1.000045 1.000045 1.000045 1.000045 1.000045 1.000045 1.000045 1.000045 1.000045 1.000045 1.000045 1.000045 1.000045 1.000045 1.000045 1.000045 1.000045 1.000045 1.000045 1.000045 1.000045 1.000045 1.000045 1.000045 1.000045 1.000045 1.000045 1.000045 1.000045 1.000045 1.000045 1.000045 1.000045 1.000045 1.000045 1.000045 1.000045 1.000045 1.000045 1.000045 1.000045 1.000045 1.000045 1.000045 1.000045 1.000045 1.000045 1.000045 1.000045 1.000045 1.000045 1.000045 1.000045 1.000045 1.000045 1.000045 1.000045 1.000045 1.000045 1.000045 1.000045 1.000045 1.000045 1.000045 1.000045 1.000045 1.000045 1.000045 1.000045 1.000045 1.000045 1.000045 1.000045 1.000045 1.000045 1.000045 1.000045 1.000045 1.000045 1.000045 1.000045 1.000045 1.000045 1.000045 1.000045 1.000045 1.000045 1.000045 1.000045 1.000045 1.000045 1.000045 1.000045 1.000045 1.000045 1.000045 1.000045 1.000045 1.000045 1.000045 1.000045 1.000045 1.000045 1.000045 1.000045 1.000045 1.000045 1.000045 1.000045 1.000045 1.000045 1.000045 1.000045 1.000045 1.000000
1.000000 1.000045 1.000045 1.000045 1.000045 1.000045 1.000045 1.000045 1.000045 1.000045 1.000045 1.000045 1.000045 1.000045 1.000045 1.000045 1.000045 1.000045 1.000045 1.000045 1.000045 1.000045 1.000045 1.000045 1.000045 1.000045 1.000045 1.000045 1.000045 1.000045 1.000045 1.000045 1.000045 1.000045 1.000045 1.000045 1.000045 1.000045 1.000045 1.000045 1.000045 1.000045 1.000045 1.000045 1.000045 1.000045 1.000045 1.000045 1.000045 1.000045 1.000045 1.000045 1.000045 1.000045 1.000045 1.000045 1.000045 1.000045 1.000045 1.000045 1.000045 1.000045 1.000045 1.000045 1.000045 1.000045 1.000045 1.000045 1.000045 1.000045 1.000045 1.000045 1.000045 1.000045 1.000045 1.000045 1.000045 1.000045 1.000045 1.000045 1.000045 1.000045 1.000045 1.000045 1.000045 1.000045 1.000045 1.000045 1.000045 1.000045 1.000045 1.000045 1.000045 1.000045 1.000045 1.000045 1.000045 1.000045 1.000045 1.000045 1.000045 1.000045 1.000045 1.000045 1.000045 1.000045 1.000045 1.000045 1.000045 1.000045 1.000045 1.000045 1.000045 1.000045 1.000045 1.000045 1.000045 1.000045 1.000045 1.000045 1.000045 1.000045 1.000045 1.000045 1.000045 1.000045 1.000045 1.000045 1.000045 1.000045 1.000045 1.000045 1.000045 1.000045 1.000045 1.000045 1.000045 1.000045 1.000045 1.000045 1.000045 1.000045 1.000045 1.000045 1.000045 1.000045 1.000045 1.000045 1.000045 1.000045 1.000045 1.000045 1.000045 1.000045 1.000045 1.000045 1.000045 1.000045 1.000045 1.000045 1.000045 1.000045 1.000045 1.000045 1.000045 1.000045 1.000045 1.000045 1.000045 1.000045 1.000045 1.000045 1.000045 1.000045 1.000045 1.000045 1.000045 1.000045 1.000045 1.000045 1.000045 1.000045 1.000045 1.000045 1.000045 1.000045 1.000045 1.000045 1.000045 1.000045 1.000045 1.000045 1.000045 1.000045 1.000045 1.000045 1.000045 1.000045 1.000045 1.000045 1.000045 1.000000
1.000000 1.000045 1.000045 1.000045 1.000045 1.000045 1.000045 1.000045 1.000045 1.000045 1.000045 1.000045 1.000045 1.000045 1.000045 1.000045 1.000045 1.000045 1.000045 1.000045 1.000045 1.000045 1.000045 1.000045 1.000045 1.000045 1.000045 1.000045 1.000045 1.000045 1.000045 1.000045 1.000045 1.000045 1.000045 1.000045 1.000045 1.000045 1.000045 1.000045 1.000045 1.000045 1.000045 1.000045 1.000045 1.000045 1.000045 1.000045 1.000045 1.000045 1.000045 1.000045 1.000045 1.000045 1.000045 1.000045 1.000045 1.000045 1.000045 1.000045 1.000045 1.000045 1.000045 1.000045 1.000045 1.000045 1.000045 1.000045 1.000045 1.000045 1.000045 1.000045 1.000045 1.000045 1.000045 1.000045 1.000045 1.000045 1.000045 1.000045 1.000045 1.000045 1.000045 1.000045 1.000045 1.000045 1.000045 1.000045 1.000045 1.000045 1.000045 1.000045 1.000045 1.000045 1.000045 1.000045 1.000045 1.000045 1.000045 1.000045 1.000045 1.000045 1.000045 1.000045 1.000045 1.000045 1.000045 1.000045 1.000045 1.000045 1.000045 1.000045 1.000045 1.000045 1.000045 1.000045 1.000045 1.000045 1.000045 1.000045 1.000045 1.000045 1.000045 1.000045 1.000045 1.000045 1.000045 1.000045 1.000045 1.000045 1.000045 1.000045 1.000045 1.000045 1.000045 1.000045 1.000045 1.000045 1.000045 1.000045 1.000045 1.000045 1.000045 1.000045 1.000045 1.000045 1.000045 1.000045 1.000045 1.000045 1.000045 1.000045 1.000045 1.000045 1.000045 1.000045 1.000045 1.000045 1.000045 1.000045 1.000045 1.000045 1.000045 1.000045 1.000045 1.000045 1.000045 1.000045 1.000045 1.000045 1.000045 1.000045 1.000045 1.000045 1.000045 1.000045 1.000045 1.000045 1.000045 1.000045 1.000045 1.000045 1.000045 1.000045 1.000045 1.000045 1.000045 1.000045 1.000045 1.000045 1.000045 1.000045 1.000045 1.000045 1.000045 1.000045 1.000045 1.000045 1.000045 1.000045 1.000045 1.000000
1.000000 1.000045 1.000045 1.000045 1.000045 1.000045 1.000045 1.000045 1.000045 1.000045 1.000045 1.000045 1.000045 1.000045 1.000045 1.000045 1.000045 1.000045 1.000045 1.000045 1.000045 1.000045 1.000045 1.000045 1.000045 1.000045 1.000045 1.000045 1.000045 1.000045 1.000045 1.000045 1.000045 1.000045 1.000045 1.000045 1.000045 1.000045 1.000045 1.000045 1.000045 1.000045 1.000045 1.000045 1.000045 1.000045 1.000045 1.000045 1.000045 1.000045 1.000045 1.000045 1.000045 1.000045 1.000045 1.000045 1.000045 1.000045 1.000045 1.000045 1.000045 1.000045 1.000045 1.000045 1.000045 1.000045 1.000045 1.000045 1.000045 1.000045 1.000045 1.000045 1.000045 1.000045 1.000045 1.000045 1.000045 1.000045 1.000045 1.000045 1.000045 1.000045 1.000045 1.000045 1.000045 1.000045 1.000045 1.000045 1.000045 1.000045 1.000045 1.000045 1.000045 1.000045 1.000045 1.000045 1.000045 1.000045 1.000045 1.000045 1.000045 1.000045 1.000045 1.000045 1.000045 1.000045 1.000045 1.000045 1.000045 1.000045 1.000045 1.000045 1.000045 1.000045 1.000045 1.000045 1.000045 1.000045 1.000045 1.000045 1.000045 1.000045 1.000045 1.000045 1.000045 1.000045 1.000045 1.000045 1.000045 1.000045 1.000045 1.000045 1.000045 1.000045 1.000045 1.000045 1.000045 1.000045 1.000045 1.000045 1.000045 1.000045 1.000045 1.000045 1.000045 1.000045 1.000045 1.000045 1.000045 1.000045 1.000045 1.000045 1.000045 1.000045 1.000045 1.000045 1.000045 1.000045 1.000045 1.000045 1.000045 1.000045 1.000045 1.000045 1.000045 1.000045 1.000045 1.000045 1.000045 1.000045 1.000045 1.000045 1.000045 1.000045 1.000045 1.000045 1.000045 1.000045 1.000045 1.000045 1.000045 1.000045 1.000045 1.000045 1.000045 1.000045 1.000045 1.000045 1.000045 1.000045 1.000045 1.000045 1.000045 1.000045 1.000045 1.000045 1.000045 1.000045 1.000045 1.000045 1.000045 1.000000
1.000000 1.000045 1.000045 1.000045 1.000045 1.000045 1.000045 1.000045 1.000045 1.000045 1.000045 1.000045 1.000045 1.000045 1.000045 1.000045 1.000045 1.000045 1.000045 1.000045 1.000045 1.000045 1.000045 1.000045 1.000045 1.000045 1.000045 1.000045 1.000045 1.000045 1.000045 1.000045 1.000045 1.000045 1.000045 1.000045 1.000045 1.000045 1.000045 1.000045 1.000045 1.000045 1.000045 1.000045 1.000045 1.000045 1.000045 1.000045 1.000045 1.000045 1.000045 1.000045 1.000045 1.000045 1.000045 1.000045 1.000045 1.000045 1.000045 1.000045 1.000045 1.000045 1.000045 1.000045 1.000045 1.000045 1.000045 1.000045 1.000045 1.000045 1.000045 1.000045 1.000045 1.000045 1.000045 1.000045 1.000045 1.000045 1.000045 1.000045 1.000045 1.000045 1.000045 1.000045 1.000045 1.000045 1.000045 1.000045 1.000045 1.000045 1.000045 1.000045 1.000045 1.000045 1.000045 1.000045 1.000045 1.000045 1.000045 1.000045 1.000045 1.000045 1.000045 1.000045 1.000045 1.000045 1.000045 1.000045 1.000045 1.000045 1.000045 1.000045 1.000045 1.000045 1.000045 1.000045 1.000045 1.000045 1.000045 1.000045 1.000045 1.000045 1.000045 1.000045 1.000045 1.000045 1.000045 1.000045 1.000045 1.000045 1.000045 1.000045 1.000045 1.000045 1.000045 1.000045 1.000045 1.000045 1.000045 1.000045 1.000045 1.000045 1.000045 1.000045 1.000045 1.000045 1.000045 1.000045 1.000045 1.000045 1.000045 1.000045 1.000045 1.000045 1.000045 1.000045 1.000045 1.000045 1.000045 1.000045 1.000045 1.000045 1.000045 1.000045 1.000045 1.000045 1.000045 1.000045 1.000045 1.000045 1.000045 1.000045 1.000045 1.000045 1.000045 1.000045 1.000045 1.000045 1.000045 1.000045 1.000045 1.000045 1.000045 1.000045 1.000045 1.000045 1.000045 1.000045 1.000045 1.000045 1.000045 1.000045 1.000045 1.000045 1.000045 1.000045 1.000045 1.000045 1.000045 1.000045 1.000045 1.000000
1.000000 1.000045 1.000045 1.000045 1.000045 1.000045 1.000045 1.000045 1.000045 1.000045 1.000045 1.000045 1.000045 1.000045 1.000045 1.000045 1.000045 1.000045 1.000045 1.000045 1.000045 1.000045 1.000045 1.000045 1.000045 1.000045 1.000045 1.000045 1.000045 1.000045 1.000045 1.000045 1.000045 1.000045 1.000045 1.000045 1.000045 1.000045 1.000045 1.000045 1.000045 1.000045 1.000045 1.000045 1.000045 1.000045 1.000045 1.000045 1.000045 1.000045 1.000045 1.000045 1.000045 1.000045 1.000045 1.000045 1.000045 1.000045 1.000045 1.000045 1.000045 1.000045 1.000045 1.000045 1.000045 1.000045 1.000045 1.000045 1.000045 1.000045 1.000045 1.000045 1.000045 1.000045 1.000045 1.000045 1.000045 1.000045 1.000045 1.000045 1.000045 1.000045 1.000045 1.000045 1.000045 1.000045 1.000045 1.000045 1.000045 1.000045 1.000045 1.000045 1.000045 1.000045 1.000045 1.000045 1.000045 1.000045 1.000045 1.000045 1.000045 1.000045 1.000045 1.000045 1.000045 1.000045 1.000045 1.000045 1.000045 1.000045 1.000045 1.000045 1.000045 1.000045 1.000045 1.000045 1.000045 1.000045 1.000045 1.000045 1.000045 1.000045 1.000045 1.000045 1.000045 1.000045 1.000045 1.000045 1.000045 1.000045 1.000045 1.000045 1.000045 1.000045 1.000045 1.000045 1.000045 1.000045 1.000045 1.000045 1.000045 1.000045 1.000045 1.000045 1.000045 1.000045 1.000045 1.000045 1.000045 1.000045 1.000045 1.000045 1.000045 1.000045 1.000045 1.000045 1.000045 1.000045 1.000045 1.000045 1.000045 1.000045 1.000045 1.000045 1.000045 1.000045 1.000045 1.000045 1.000045 1.000045 1.000045 1.000045 1.000045 1.000045 1.000045 1.000045 1.000045 1.000045 1.000045 1.000045 1.000045 1.000045 1.000045 1.000045 1.000045 1.000045 1.000045 1.000045 1.000045 1.000045 1.000045 1.000045 1.000045 1.000045 1.000045 1.000045 1.000045 1.000045 1.000045 1.000045 1.000045 1.000000
1.000000 1.000045 1.000045 1.000045 1.000045 1.000045 1.000045 1.000045 1.000045 1.000045 1.000045 1.000045 1.000045 1.000045 1.000045 1.000045 1.000045 1.000045 1.000045 1.000045 1.000045 1.000045 1.000045 1.000045 1.000045 1.000045 1.000045 1.000045 1.000045 1.000045 1.000045 1.000045 1.000045 1.000045 1.000045 1.000045 1.000045 1.000045 1.000045 1.000045 1.000045 1.000045 1.000045 1.000045 1.000045 1.000045 1.000045 1.000045 1.000045 1.000045 1.000045 1.000045 1.000045 1.000045 1.000045 1.000045 1.000045 1.000045 1.000045 1.000045 1.000045 1.000045 1.000045 1.000045 1.000045 1.000045 1.000045 1.000045 1.000045 1.000045 1.000045 1.000045 1.000045 1.000045 1.000045 1.000045 1.000045 1.000045 1.000045 1.000045 1.000045 1.000045 1.000045 1.000045 1.000045 1.000045 1.000045 1.000045 1.000045 1.000045 1.000045 1.000045 1.000045 1.000045 1.000045 1.000045 1.000045 1.000045 1.000045 1.000045 1.000045 1.000045 1.000045 1.000045 1.000045 1.000045 1.000045 1.000045 1.000045 1.000045 1.000045 1.000045 1.000045 1.000045 1.000045 1.000045 1.000045 1.000045 1.000045 1.000045 1.000045 1.000045 1.000045 1.000045 1.000045 1.000045 1.000045 1.000045 1.000045 1.000045 1.000045 1.000045 1.000045 1.000045 1.000045 1.000045 1.000045 1.000045 1.000045 1.000045 1.000045 1.000045 1.000045 1.000045 1.000045 1.000045 1.000045 1.000045 1.000045 1.000045 1.000045 1.000045 1.000045 1.000045 1.000045 1.000045 1.000045 1.000045 1.000045 1.000045 1.000045 1.000045 1.000045 1.000045 1.000045 1.000045 1.000045 1.000045 1.000045 1.000045 1.000045 1.000045 1.000045 1.000045 1.000045 1.000045 1.000045 1.000045 1.000045 1.000045 1.000045 1.000045 1.000045 1.000045 1.000045 1.000045 1.000045 1.000045 1.000045 1.000045 1.000045 1.000045 1.000045 1.000045 1.000045 1.000045 1.000045 1.000045 1.000045 1.000045 1.000045 1.000000
1.000000 1.000045 1.000045 1.000045 1.000045 1.000045 1.000045 1.000045 1.000045 1.000045 1.000045 1.000045 1.000045 1.000045 1.000045 1.000045 1.000045 1.000045 1.000045 1.000045 1.000045 1.000045 1.000045 1.000045 1.000045 1.000045 1.000045 1.000045 1.000045 1.000045 1.000045 1.000045 1.000045 1.000045 1.000045 1.000045 1.000045 1.000045 1.000045 1.000045 1.000045 1.000045 1.000045 1.000045 1.000045 1.000045 1.000045 1.000045 1.000045 1.000045 1.000045 1.000045 1.000045 1.000045 1.000045 1.000045 1.000045 1.000045 1.000045 1.000045 1.000045 1.000045 1.000045 1.000045 1.000045 1.000045 1.000045 1.000045 1.000045 1.000045 1.000045 1.000045 1.000045 1.000045 1.000045 1.000045 1.000045 1.000045 1.000045 1.000045 1.000045 1.000045 1.000045 1.000045 1.000045 1.000045 1.000045 1.000045 1.000045 1.000045 1.000045 1.000045 1.000045 1.000045 1.000045 1.000045 1.000045 1.000045 1.000045 1.000045 1.000045 1.000045 1.000045 1.000045 1.000045 1.000045 1.000045 1.000045 1.000045 1.000045 1.000045 1.000045 1.000045 1.000045 1.000045 1.000045 1.000045 1.000045 1.000045 1.000045 1.000045 1.000045 1.000045 1.000045 1.000045 1.000045 1.000045 1.000045 1.000045 1.000045 1.000045 1.000045 1.000045 1.000045 1.000045 1.000045 1.000045 1.000045 1.000045 1.000045 1.000045 1.000045 1.000045 1.000045 1.000045 1.000045 1.000045 1.000045 1.000045 1.000045 1.000045 1.000045 1.000045 1.000045 1.000045 1.000045 1.000045 1.000045 1.000045 1.000045 1.000045 1.000045 1.000045 1.000045 1.000045 1.000045 1.000045 1.000045 1.000045 1.000045 1.000045 1.000045 1.000045 1.000045 1.000045 1.000045 1.000045 1.000045 1.000045 1.000045 1.000045 1.000045 1.000045 1.000045 1.000045 1.000045 1.000045 1.000045 1.000045 1.000045 1.000045 1.000045 1.000045 1.000045 1.000045 1.000045 1.000045 1.000045 1.000045 1.000045 1.000045 1.000000
1.000000 1.000045 1.000045 1.000045 1.000045 1.000045 1.000045 1.000045 1.000045 1.000045 1.000045 1.000045 1.000045 1.000045 1.000045 1.000045 1.000045 1.000045 1.000045 1.000045 1.000045 1.000045 1.000045 1.000045 1.000045 1.000045 1.000045 1.000045 1.000045 1.000045 1.000045 1.000045 1.000045 1.000045 1.000045 1.000045 1.000045 1.000045 1.000045 1.000045 1.000045 1.000045 1.000045 1.000045 1.000045 1.000045 1.000045 1.000045 1.000045 1.000045 1.000045 1.000045 1.000045 1.000045 1.000045 1.000045 1.000045 1.000045 1.000045 1.000045 1.000045 1.000045 1.000045 1.000045 1.000045 1.000045 1.000045 1.000045 1.000045 1.000045 1.000045 1.000045 1.000045 1.000045 1.000045 1.000045 1.000045 1.000045 1.000045 1.000045 1.000045 1.000045 1.000045 1.000045 1.000045 1.000045 1.000045 1.000045 1.000045 1.000045 1.000045 1.000045 1.000045 1.000045 1.000045 1.000045 1.000045 1.000045 1.000045 1.000045 1.000045 1.000045 1.000045 1.000045 1.000045 1.000045 1.000045 1.000045 1.000045 1.000045 1.000045 1.000045 1.000045 1.000045 1.000045 1.000045 1.000045 1.000045 1.000045 1.000045 1.000045 1.000045 1.000045 1.000045 1.000045 1.000045 1.000045 1.000045 1.000045 1.000045 1.000045 1.000045 1.000045 1.000045 1.000045 1.000045 1.000045 1.000045 1.000045 1.000045 1.000045 1.000045 1.000045 1.000045 1.000045 1.000045 1.000045 1.000045 1.000045 1.000045 1.000045 1.000045 1.000045 1.000045 1.000045 1.000045 1.000045 1.000045 1.000045 1.000045 1.000045 1.000045 1.000045 1.000045 1.000045 1.000045 1.000045 1.000045 1.000045 1.000045 1.000045 1.000045 1.000045 1.000045 1.000045 1.000045 1.000045 1.000045 1.000045 1.000045 1.000045 1.000045 1.000045 1.000045 1.000045 1.000045 1.000045 1.000045 1.000045 1.000045 1.000045 1.000045 1.000045 1.000045 1.000045 1.000045 1.000045 1.000045 1.000045 1.000045 1.000045 1.000000
1.000000 1.000045 1.000045 1.000045 1.000045 1.000045 1.000045 1.000045 1.000045 1.000045 1.000045 1.000045 1.000045 1.000045 1.000045 1.000045 1.000045 1.000045 1.000045 1.000045 1.000045 1.000045 1.000045 1.000045 1.000045 1.000045 1.000045 1.000045 1.000045 1.000045 1.000045 1.000045 1.000045 1.000045 1.000045 1.000045 1.000045 1.000045 1.000045 1.000045 1.000045 1.000045 1.000045 1.000045 1.000045 1.000045 1.000045 1.000045 1.000045 1.000045 1.000045 1.000045 1.000045 1.000045 1.000045 1.000045 1.000045 1.000045 1.000045 1.000045 1.000045 1.000045 1.000045 1.000045 1.000045 1.000045 1.000045 1.000045 1.000045 1.000045 1.000045 1.000045 1.000045 1.000045 1.000045 1.000045 1.000045 1.000045 1.000045 1.000045 1.000045 1.000045 1.000045 1.000045 1.000045 1.000045 1.000045 1.000045 1.000045 1.000045 1.000045 1.000045 1.000045 1.000045 1.000045 1.000045 1.000045 1.000045 1.000045 1.000045 1.000045 1.000045 1.000045 1.000045 1.000045 1.000045 1.000045 1.000045 1.000045 1.000045 1.000045 1.000045 1.000045 1.000045 1.000045 1.000045 1.000045 1.000045 1.000045 1.000045 1.000045 1.000045 1.000045 1.000045 1.000045 1.000045 1.000045 1.000045 1.000045 1.000045 1.000045 1.000045 1.000045 1.000045 1.000045 1.000045 1.000045 1.000045 1.000045 1.000045 1.000045 1.000045 1.000045 1.000045 1.000045 1.000045 1.000045 1.000045 1.000045 1.000045 1.000045 1.000045 1.000045 1.000045 1.000045 1.000045 1.000045 1.000045 1.000045 1.000045 1.000045 1.000045 1.000045 1.000045 1.000045 1.000045 1.000045 1.000045 1.000045 1.000045 1.000045 1.000045 1.000045 1.000045 1.000045 1.000045 1.000045 1.000045 1.000045 1.000045 1.000045 1.000045 1.000045 1.000045 1.000045 1.000045 1.000045 1.000045 1.000045 1.000045 1.000045 1.000045 1.000045 1.000045 1.000045 1.000045 1.000045 1.000045 1.000045 1.000045 1.000045 1.000000
1.000000 1.000045 1.000045 1.000045 1.000045 1.000045 1.000045 1.000045 1.000045 1.000045 1.000045 1.000045 1.000045 1.000045 1.000045 1.000045 1.000045 1.000045 1.000045 1.000045 1.000045 1.000045 1.000045 1.000045 1.000045 1.000045 1.000045 1.000045 1.000045 1.000045 1.000045 1.000045 1.000045 1.000045 1.000045 1.000045 1.000045 1.000045 1.000045 1.000045 1.000045 1.000045 1.000045 1.000045 1.000045 1.000045 1.000045 1.000045 1.000045 1.000045 1.000045 1.000045 1.000045 1.000045 1.000045 1.000045 1.000045 1.000045 1.000045 1.000045 1.000045 1.000045 1.000045 1.000045 1.000045 1.000045 1.000045 1.000045 1.000045 1.000045 1.000045 1.000045 1.000045 1.000045 1.000045 1.000045 1.000045 1.000045 1.000045 1.000045 1.000045 1.000045 1.000045 1.000045 1.000045 1.000045 1.000045 1.000045 1.000045 1.000045 1.000045 1.000045 1.000045 1.000045 1.000045 1.000045 1.000045 1.000045 1.000045 1.000045 1.000045 1.000045 1.000045 1.000045 1.000045 1.000045 1.000045 1.000045 1.000045 1.000045 1.000045 1.000045 1.000045 1.000045 1.000045 1.000045 1.000045 1.000045 1.000045 1.000045 1.000045 1.000045 1.000045 1.000045 1.000045 1.000045 1.000045 1.000045 1.000045 1.000045 1.000045 1.000045 1.000045 1.000045 1.000045 1.000045 1.000045 1.000045 1.000045 1.000045 1.000045 1.000045 1.000045 1.000045 1.000045 1.000045 1.000045 1.000045 1.000045 1.000045 1.000045 1.000045 1.000045 1.000045 1.000045 1.000045 1.000045 1.000045 1.000045 1.000045 1.000045 1.000045 1.000045 1.000045 1.000045 1.000045 1.000045 1.000045 1.000045 1.000045 1.000045 1.000045 1.000045 1.000045 1.000045 1.000045 1.000045 1.000045 1.000045 1.000045 1.000045 1.000045 1.000045 1.000045 1.000045 1.000045 1.000045 1.000045 1.000045 1.000045 1.000045 1.000045 1.000045 1.000045 1.000045 1.000045 1.000045 1.000045 1.000045 1.000045 1.000045 1.000000
1.000000 1.000045 1.000045 1.000045 1.000045 1.000045 1.000045 1.000045 1.000045 1.000045 1.000045 1.000045 1.000045 1.000045 1.000045 1.000045 1.000045 1.000045 1.000045 1.000045 1.000045 1.000045 1.000045 1.000045 1.000045 1.000045 1.000045 1.000045 1.000045 1.000045 1.000045 1.000045 1.000045 1.000045 1.000045 1.000045 1.000045 1.000045 1.000045 1.000045 1.000045 1.000045 1.000045 1.000045 1.000045 1.000045 1.000045 1.000045 1.000045 1.000045 1.000045 1.000045 1.000045 1.000045 1.000045 1.000045 1.000045 1.000045 1.000045 1.000045 1.000045 1.000045 1.000045 1.000045 1.000045 1.000045 1.000045 1.000045 1.000045 1.000045 1.000045 1.000045 1.000045 1.000045 1.000045 1.000045 1.000045 1.000045 1.000045 1.000045 1.000045 1.000045 1.000045 1.000045 1.000045 1.000045 1.000045 1.000045 1.000045 1.000045 1.000045 1.000045 1.000045 1.000045 1.000045 1.000045 1.000045 1.000045 1.000045 1.000045 1.000045 1.000045 1.000045 1.000045 1.000045 1.000045 1.000045 1.000045 1.000045 1.000045 1.000045 1.000045 1.000045 1.000045 1.000045 1.000045 1.000045 1.000045 1.000045 1.000045 1.000045 1.000045 1.000045 1.000045 1.000045 1.000045 1.000045 1.000045 1.000045 1.000045 1.000045 1.000045 1.000045 1.000045 1.000045 1.000045 1.000045 1.000045 1.000045 1.000045 1.000045 1.000045 1.000045 1.000045 1.000045 1.000045 1.000045 1.000045 1.000045 1.000045 1.000045 1.000045 1.000045 1.000045 1.000045 1.000045 1.000045 1.000045 1.000045 1.000045 1.000045 1.000045 1.000045 1.000045 1.000045 1.000045 1.000045 1.000045 1.000045 1.000045 1.000045 1.000045 1.000045 1.000045 1.000045 1.000045 1.000045 1.000045 1.000045 1.000045 1.000045 1.000045 1.000045 1.000045 1.000045 1.000045 1.000045 1.000045 1.000045 1.000045 1.000045 1.000045 1.000045 1.000045 1.000045 1.000045 1.000045 1.000045 1.000045 1.000045 1.000045 1.000000
1.000000 1.000045 1.000045 1.000045 1.000045 1.000045 1.000045 1.000045 1.000045 1.000045 1.000045 1.000045 1.000045 1.000045 1.000045 1.000045 1.000045 1.000045 1.000045 1.000045 1.000045 1.000045 1.000045 1.000045 1.000045 1.000045 1.000045 1.000045 1.000045 1.000045 1.000045 1.000045 1.000045 1.000045 1.000045 1.000045 1.000045 1.000045 1.000045 1.000045 1.000045 1.000045 1.000045 1.000045 1.000045 1.000045 1.000045 1.000045 1.000045 1.000045 1.000045 1.000045 1.000045 1.000045 1.000045 1.000045 1.000045 1.000045 1.000045 1.000045 1.000045 1.000045 1.000045 1.000045 1.000045 1.000045 1.000045 1.000045 1.000045 1.000045 1.000045 1.000045 1.000045 1.000045 1.000045 1.000045 1.000045 1.000045 1.000045 1.000045 1.000045 1.000045 1.000045 1.000045 1.000045 1.000045 1.000045 1.000045 1.000045 1.000045 1.000045 1.000045 1.000045 1.000045 1.000045 1.000045 1.000045 1.000045 1.000045 1.000045 1.000045 1.000045 1.000045 1.000045 1.000045 1.000045 1.000045 1.000045 1.000045 1.000045 1.000045 1.000045 1.000045 1.000045 1.000045 1.000045 1.000045 1.000045 1.000045 1.000045 1.000045 1.000045 1.000045 1.000045 1.000045 1.000045 1.000045 1.000045 1.000045 1.000045 1.000045 1.000045 1.000045 1.000045 1.000045 1.000045 1.000045 1.000045 1.000045 1.000045 1.000045 1.000045 1.000045 1.000045 1.000045 1.000045 1.000045 1.000045 1.000045 1.000045 1.000045 1.000045 1.000045 1.000045 1.000045 1.000045 1.000045 1.000045 1.000045 1.000045 1.000045 1.000045 1.000045 1.000045 1.000045 1.000045 1.000045 1.000045 1.000045 1.000045 1.000045 1.000045 1.000045 1.000045 1.000045 1.000045 1.000045 1.000045 1.000045 1.000045 1.000045 1.000045 1.000045 1.000045 1.000045 1.000045 1.000045 1.000045 1.000045 1.000045 1.000045 1.000045 1.000045 1.000045 1.000045 1.000045 1.000045 1.000045 1.000045 1.000045 1.000045 1.000000
1.000000 1.000045 1.000045 1.000045 1.000045 1.000045 1.000045 1.000045 1.000045 1.000045 1.000045 1.000045 1.000045 1.000045 1.000045 1.000045 1.000045 1.000045 1.000045 1.000045 1.000045 1.000045 1.000045 1.000045 1.000045 1.000045 1.000045 1.000045 1.000045 1.000045 1.000045 1.000045 1.000045 1.000045 1.000045 1.000045 1.000045 1.000045 1.000045 1.000045 1.000045 1.000045 1.000045 1.000045 1.000045 1.000045 1.000045 1.000045 1.000045 1.000045 1.000045 1.000045 1.000045 1.000045 1.000045 1.000045 1.000045 1.000045 1.000045 1.000045 1.000045 1.000045 1.000045 1.000045 1.000045 1.000045 1.000045 1.000045 1.000045 1.000045 1.000045 1.000045 1.000045 1.000045 1.000045 1.000045 1.000045 1.000045 1.000045 1.000045 1.000045 1.000045 1.000045 1.000045 1.000045 1.000045 1.000045 1.000045 1.000045 1.000045 1.000045 1.000045 1.000045 1.000045 1.000045 1.000045 1.000045 1.000045 1.000045 1.000045 1.000045 1.000045 1.000045 1.000045 1.000045 1.000045 1.000045 1.000045 1.000045 1.000045 1.000045 1.000045 1.000045 1.000045 1.000045 1.000045 1.000045 1.000045 1.000045 1.000045 1.000045 1.000045 1.000045 1.000045 1.000045 1.000045 1.000045 1.000045 1.000045 1.000045 1.000045 1.000045 1.000045 1.000045 1.000045 1.000045 1.000045 1.000045 1.000045 1.000045 1.000045 1.000045 1.000045 1.000045 1.000045 1.000045 1.000045 1.000045 1.000045 1.000045 1.000045 1.000045 1.000045 1.000045 1.000045 1.000045 1.000045 1.000045 1.000045 1.000045 1.000045 1.000045 1.000045 1.000045 1.000045 1.000045 1.000045 1.000045 1.000045 1.000045 1.000045 1.000045 1.000045 1.000045 1.000045 1.000045 1.000045 1.000045 1.000045 1.000045 1.000045 1.000045 1.000045 1.000045 1.000045 1.000045 1.000045 1.000045 1.000045 1.000045 1.000045 1.000045 1.000045 1.000045 1.000045 1.000045 1.000045 1.000045 1.000045 1.000045 1.000045 1.000000
1.000000 1.000045 1.000045 1.000045 1.000045 1.000045 1.000045 1.000045 1.000045 1.000045 1.000045 1.000045 1.000045 1.000045 1.000045 1.000045 1.000045 1.000045 1.000045 1.000045 1.000045 1.000045 1.000045 1.000045 1.000045 1.000045 1.000045 1.000045 1.000045 1.000045 1.000045 1.000045 1.000045 1.000045 1.000045 1.000045 1.000045 1.000045 1.000045 1.000045 1.000045 1.000045 1.000045 1.000045 1.000045 1.000045 1.000045 1.000045 1.000045 1.000045 1.000045 1.000045 1.000045 1.000045 1.000045 1.000045 1.000045 1.000045 1.000045 1.000045 1.000045 1.000045 1.000045 1.000045 1.000045 1.000045 1.000045 1.000045 1.000045 1.000045 1.000045 1.000045 1.000045 1.000045 1.000045 1.000045 1.000045 1.000045 1.000045 1.000045 1.000045 1.000045 1.000045 1.000045 1.000045 1.000045 1.000045 1.000045 1.000045 1.000045 1.000045 1.000045 1.000045 1.000045 1.000045 1.000045 1.000045 1.000045 1.000045 1.000045 1.000045 1.000045 1.000045 1.000045 1.000045 1.000045 1.000045 1.000045 1.000045 1.000045 1.000045 1.000045 1.000045 1.000045 1.000045 1.000045 1.000045 1.000045 1.000045 1.000045 1.000045 1.000045 1.000045 1.000045 1.000045 1.000045 1.000045 1.000045 1.000045 1.000045 1.000045 1.000045 1.000045 1.000045 1.000045 1.000045 1.000045 1.000045 1.000045 1.000045 1.000045 1.000045 1.000045 1.000045 1.000045 1.000045 1.000045 1.000045 1.000045 1.000045 1.000045 1.000045 1.000045 1.000045 1.000045 1.000045 1.000045 1.000045 1.000045 1.000045 1.000045 1.000045 1.000045 1.000045 1.000045 1.000045 1.000045 1.000045 1.000045 1.000045 1.000045 1.000045 1.000045 1.000045 1.000045 1.000045 1.000045 1.000045 1.000045 1.000045 1.000045 1.000045 1.000045 1.000045 1.000045 1.000045 1.000045 1.000045 1.000045 1.000045 1.000045 1.000045 1.000045 1.000045 1.000045 1.000045 1.000045 1.000045 1.000045 1.000045 1.000045 1.000000
1.000000 1.000045 1.000045 1.000045 1.000045 1.000045 1.000045 1.000045 1.000045 1.000045 1.000045 1.000045 1.000045 1.000045 1.000045 1.000045 1.000045 1.000045 1.000045 1.000045 1.000045 1.000045 1.000045 1.000045 1.000045 1.000045 1.000045 1.000045 1.000045 1.000045 1.000045 1.000045 1.000045 1.000045 1.000045 1.000045 1.000045 1.000045 1.000045 1.000045 1.000045 1.000045 1.000045 1.000045 1.000045 1.000045 1.000045 1.000045 1.000045 1.000045 1.000045 1.000045 1.000045 1.000045 1.000045 1.000045 1.000045 1.000045 1.000045 1.000045 1.000045 1.000045 1.000045 1.000045 1.000045 1.000045 1.000045 1.000045 1.000045 1.000045 1.000045 1.000045 1.000045 1.000045 1.000045 1.000045 1.000045 1.000045 1.000045 1.000045 1.000045 1.000045 1.000045 1.000045 1.000045 1.000045 1.000045 1.000045 1.000045 1.000045 1.000045 1.000045 1.000045 1.000045 1.000045 1.000045 1.000045 1.000045 1.000045 1.000045 1.000045 1.000045 1.000045 1.000045 1.000045 1.000045 1.000045 1.000045 1.000045 1.000045 1.000045 1.000045 1.000045 1.000045 1.000045 1.000045 1.000045 1.000045 1.000045 1.000045 1.000045 1.000045 1.000045 1.000045 1.000045 1.000045 1.000045 1.000045 1.000045 1.000045 1.000045 1.000045 1.000045 1.000045 1.000045 1.000045 1.000045 1.000045 1.000045 1.000045 1.000045 1.000045 1.000045 1.000045 1.000045 1.000045 1.000045 1.000045 1.000045 1.000045 1.000045 1.000045 1.000045 1.000045 1.000045 1.000045 1.000045 1.000045 1.000045 1.000045 1.000045 1.000045 1.000045 1.000045 1.000045 1.000045 1.000045 1.000045 1.000045 1.000045 1.000045 1.000045 1.000045 1.000045 1.000045 1.000045 1.000045 1.000045 1.000045 1.000045 1.000045 1.000045 1.000045 1.000045 1.000045 1.000045 1.000045 1.000045 1.000045 1.000045 1.000045 1.000045 1.000045 1.000045 1.000045 1.000045 1.000045 1.000045 1.000045 1.000045 1.000045 1.000000
1.000000 1.000045 1.000045 1.000045 1.000045 1.000045 1.000045 1.000045 1.000045 1.000045 1.000045 1.000045 1.000045 1.000045 1.000045 1.000045 1.000045 1.000045 1.000045 1.000045 1.000045 1.000045 1.000045 1.000045 1.000045 1.000045 1.000045 1.000045 1.000045 1.000045 1.000045 1.000045 1.000045 1.000045 1.000045 1.000045 1.000045 1.000045 1.000045 1.000045 1.000045 1.000045 1.000045 1.000045 1.000045 1.000045 1.000045 1.000045 1.000045 1.000045 1.000045 1.000045 1.000045 1.000045 1.000045 1.000045 1.000045 1.000045 1.000045 1.000045 1.000045 1.000045 1.000045 1.000045 1.000045 1.000045 1.000045 1.000045 1.000045 1.000045 1.000045 1.000045 1.000045 1.000045 1.000045 1.000045 1.000045 1.000045 1.000045 1.000045 1.000045 1.000045 1.000045 1.000045 1.000045 1.000045 1.000045 1.000045 1.000045 1.000045 1.000045 1.000045 1.000045 1.000045 1.000045 1.000045 1.000045 1.000045 1.000045 1.000045 1.000045 1.000045 1.000045 1.000045 1.000045 1.000045 1.000045 1.000045 1.000045 1.000045 1.000045 1.000045 1.000045 1.000045 1.000045 1.000045 1.000045 1.000045 1.000045 1.000045 1.000045 1.000045 1.000045 1.000045 1.000045 1.000045 1.000045 1.000045 1.000045 1.000045 1.000045 1.000045 1.000045 1.000045 1.000045 1.000045 1.000045 1.000045 1.000045 1.000045 1.000045 1.000045 1.000045 1.000045 1.000045 1.000045 1.000045 1.000045 1.000045 1.000045 1.000045 1.000045 1.000045 1.000045 1.000045 1.000045 1.000045 1.000045 1.000045 1.000045 1.000045 1.000045 1.000045 1.000045 1.000045 1.000045 1.000045 1.000045 1.000045 1.000045 1.000045 1.000045 1.000045 1.000045 1.000045 1.000045 1.000045 1.000045 1.000045 1.000045 1.000045 1.000045 1.000045 1.000045 1.000045 1.000045 1.000045 1.000045 1.000045 1.000045 1.000045 1.000045 1.000045 1.000045 1.000045 1.000045 1.000045 1.000045 1.000045 1.000045 1.000045 1.000000
1.000000 1.000045 1.000045 1.000045 1.000045 1.000045 1.000045 1.000045 1.000045 1.000045 1.000045 1.000045 1.000045 1.000045 1.000045 1.000045 1.000045 1.000045 1.000045 1.000045 1.000045 1.000045 1.000045 1.000045 1.000045 1.000045 1.000045 1.000045 1.000045 1.000045 1.000045 1.000045 1.000045 1.000045 1.000045 1.000045 1.000045 1.000045 1.000045 1.000045 1.000045 1.000045 1.000045 1.000045 1.000045 1.000045 1.000045 1.000045 1.000045 1.000045 1.000045 1.000045 1.000045 1.000045 1.000045 1.000045 1.000045 1.000045 1.000045 1.000045 1.000045 1.000045 1.000045 1.000045 1.000045 1.000045 1.000045 1.000045 1.000045 1.000045 1.000045 1.000045 1.000045 1.000045 1.000045 1.000045 1.000045 1.000045 1.000045 1.000045 1.000045 1.000045 1.000045 1.000045 1.000045 1.000045 1.000045 1.000045 1.000045 1.000045 1.000045 1.000045 1.000045 1.000045 1.000045 1.000045 1.000045 1.000045 1.000045 1.000045 1.000045 1.000045 1.000045 1.000045 1.000045 1.000045 1.000045 1.000045 1.000045 1.000045 1.000045 1.000045 1.000045 1.000045 1.000045 1.000045 1.000045 1.000045 1.000045 1.000045 1.000045 1.000045 1.000045 1.000045 1.000045 1.000045 1.000045 1.000045 1.000045 1.000045 1.000045 1.000045 1.000045 1.000045 1.000045 1.000045 1.000045 1.000045 1.000045 1.000045 1.000045 1.000045 1.000045 1.000045 1.000045 1.000045 1.000045 1.000045 1.000045 1.000045 1.000045 1.000045 1.000045 1.000045 1.000045 1.000045 1.000045 1.000045 1.000045 1.000045 1.000045 1.000045 1.000045 1.000045 1.000045 1.000045 1.000045 1.000045 1.000045 1.000045 1.000045 1.000045 1.000045 1.000045 1.000045 1.000045 1.000045 1.000045 1.000045 1.000045 1.000045 1.000045 1.000045 1.000045 1.000045 1.000045 1.000045 1.000045 1.000045 1.000045 1.000045 1.000045 1.000045 1.000045 1.000045 1.000045 1.000045 1.000045 1.000045 1.000045 1.000045 1.000000
1.000000 1.000045 1.000045 1.000045 1.000045 1.000045 1.000045 1.000045 1.000045 1.000045 1.000045 1.000045 1.000045 1.000045 1.000045 1.000045 1.000045 1.000045 1.000045 1.000045 1.000045 1.000045 1.000045 1.000045 1.000045 1.000045 1.000045 1.000045 1.000045 1.000045 1.000045 1.000045 1.000045 1.000045 1.000045 1.000045 1.000045 1.000045 1.000045 1.000045 1.000045 1.000045 1.000045 1.000045 1.000045 1.000045 1.000045 1.000045 1.000045 1.000045 1.000045 1.000045 1.000045 1.000045 1.000045 1.000045 1.000045 1.000045 1.000045 1.000045 1.000045 1.000045 1.000045 1.000045 1.000045 1.000045 1.000045 1.000045 1.000045 1.000045 1.000045 1.000045 1.000045 1.000045 1.000045 1.000045 1.000045 1.000045 1.000045 1.000045 1.000045 1.000045 1.000045 1.000045 1.000045 1.000045 1.000045 1.000045 1.000045 1.000045 1.000045 1.000045 1.000045 1.000045 1.000045 1.000045 1.000045 1.000045 1.000045 1.000045 1.000045 1.000045 1.000045 1.000045 1.000045 1.000045 1.000045 1.000045 1.000045 1.000045 1.000045 1.000045 1.000045 1.000045 1.000045 1.000045 1.000045 1.000045 1.000045 1.000045 1.000045 1.000045 1.000045 1.000045 1.000045 1.000045 1.000045 1.000045 1.000045 1.000045 1.000045 1.000045 1.000045 1.000045 1.000045 1.000045 1.000045 1.000045 1.000045 1.000045 1.000045 1.000045 1.000045 1.000045 1.000045 1.000045 1.000045 1.000045 1.000045 1.000045 1.000045 1.000045 1.000045 1.000045 1.000045 1.000045 1.000045 1.000045 1.000045 1.000045 1.000045 1.000045 1.000045 1.000045 1.000045 1.000045 1.000045 1.000045 1.000045 1.000045 1.000045 1.000045 1.000045 1.000045 1.000045 1.000045 1.000045 1.000045 1.000045 1.000045 1.000045 1.000045 1.000045 1.000045 1.000045 1.000045 1.000045 1.000045 1.000045 1.000045 1.000045 1.000045 1.000045 1.000045 1.000045 1.000045 1.000045 1.000045 1.000045 1.000045 1.000045 1.000000
1.000000 1.000045 1.000045 1.000045 1.000045 1.000045 1.000045 1.000045 1.000045 1.000045 1.000045 1.000045 1.000045 1.000045 1.000045 1.000045 1.000045 1.000045 1.000045 1.000045 1.000045 1.000045 1.000045 1.000045 1.000045 1.000045 1.000045 1.000045 1.000045 1.000045 1.000045 1.000045 1.000045 1.000045 1.000045 1.000045 1.000045 1.000045 1.000045 1.000045 1.000045 1.000045 1.000045 1.000045 1.000045 1.000045 1.000045 1.000045 1.000045 1.000045 1.000045 1.000045 1.000045 1.000045 1.000045 1.000045 1.000045 1.000045 1.000045 1.000045 1.000045 1.000045 1.000045 1.000045 1.000045 1.000045 1.000045 1.000045 1.000045 1.000045 1.000045 1.000045 1.000045 1.000045 1.000045 1.000045 1.000045 1.000045 1.000045 1.000045 1.000045 1.000045 1.000045 1.000045 1.000045 1.000045 1.000045 1.000045 1.000045 1.000045 1.000045 1.000045 1.000045 1.000045 1.000045 1.000045 1.000045 1.000045 1.000045 1.000045 1.000045 1.000045 1.000045 1.000045 1.000045 1.000045 1.000045 1.000045 1.000045 1.000045 1.000045 1.000045 1.000045 1.000045 1.000045 1.000045 1.000045 1.000045 1.000045 1.000045 1.000045 1.000045 1.000045 1.000045 1.000045 1.000045 1.000045 1.000045 1.000045 1.000045 1.000045 1.000045 1.000045 1.000045 1.000045 1.000045 1.000045 1.000045 1.000045 1.000045 1.000045 1.000045 1.000045 1.000045 1.000045 1.000045 1.000045 1.000045 1.000045 1.000045 1.000045 1.000045 1.000045 1.000045 1.000045 1.000045 1.000045 1.000045 1.000045 1.000045 1.000045 1.000045 1.000045 1.000045 1.000045 1.000045 1.000045 1.000045 1.000045 1.000045 1.000045 1.000045 1.000045 1.000045 1.000045 1.000045 1.000045 1.000045 1.000045 1.000045 1.000045 1.000045 1.000045 1.000045 1.000045 1.000045 1.000045 1.000045 1.000045 1.000045 1.000045 1.000045 1.000045 1.000045 1.000045 1.000045 1.000045 1.000045 1.000045 1.000045 1.000045 1.000000
1.000000 1.000045 1.000045 1.000045 1.000045 1.000045 1.000045 1.000045 1.000045 1.000045 1.000045 1.000045 1.000045 1.000045 1.000045 1.000045 1.000045 1.000045 1.000045 1.000045 1.000045 1.000045 1.000045 1.000045 1.000045 1.000045 1.000045 1.000045 1.000045 1.000045 1.000045 1.000045 1.000045 1.000045 1.000045 1.000045 1.000045 1.000045 1.000045 1.000045 1.000045 1.000045 1.000045 1.000045 1.000045 1.000045 1.000045 1.000045 1.000045 1.000045 1.000045 1.000045 1.000045 1.000045 1.000045 1.000045 1.000045 1.000045 1.000045 1.000045 1.000045 1.000045 1.000045 1.000045 1.000045 1.000045 1.000045 1.000045 1.000045 1.000045 1.000045 1.000045 1.000045 1.000045 1.000045 1.000045 1.000045 1.000045 1.000045 1.000045 1.000045 1.000045 1.000045 1.000045 1.000045 1.000045 1.000045 1.000045 1.000045 1.000045 1.000045 1.000045 1.000045 1.000045 1.000045 1.000045 1.000045 1.000045 1.000045 1.000045 1.000045 1.000045 1.000045 1.000045 1.000045 1.000045 1.000045 1.000045 1.000045 1.000045 1.000045 1.000045 1.000045 1.000045 1.000045 1.000045 1.000045 1.000045 1.000045 1.000045 1.000045 1.000045 1.000045 1.000045 1.000045 1.000045 1.000045 1.000045 1.000045 1.000045 1.000045 1.000045 1.000045 1.000045 1.000045 1.000045 1.000045 1.000045 1.000045 1.000045 1.000045 1.000045 1.000045 1.000045 1.000045 1.000045 1.000045 1.000045 1.000045 1.000045 1.000045 1.000045 1.000045 1.000045 1.000045 1.000045 1.000045 1.000045 1.000045 1.000045 1.000045 1.000045 1.000045 1.000045 1.000045 1.000045 1.000045 1.000045 1.000045 1.000045 1.000045 1.000045 1.000045 1.000045 1.000045 1.000045 1.000045 1.000045 1.000045 1.000045 1.000045 1.000045 1.000045 1.000045 1.000045 1.000045 1.000045 1.000045 1.000045 1.000045 1.000045 1.000045 1.000045 1.000045 1.000045 1.000045 1.000045 1.000045 1.000045 1.000045 1.000045 1.000000
1.000000 1.000045 1.000045 1.000045 1.000045 1.000045 1.000045 1.000045 1.000045 1.000045 1.000045 1.000045 1.000045 1.000045 1.000045 1.000045 1.000045 1.000045 1.000045 1.000045 1.000045 1.000045 1.000045 1.000045 1.000045 1.000045 1.000045 1.000045 1.000045 1.000045 1.000045 1.000045 1.000045 1.000045 1.000045 1.000045 1.000045 1.000045 1.000045 1.000045 1.000045 1.000045 1.000045 1.000045 1.000045 1.000045 1.000045 1.000045 1.000045 1.000045 1.000045 1.000045 1.000045 1.000045 1.000045 1.000045 1.000045 1.000045 1.000045 1.000045 1.000045 1.000045 1.000045 1.000045 1.000045 1.000045 1.000045 1.000045 1.000045 1.000045 1.000045 1.000045 1.000045 1.000045 1.000045 1.000045 1.000045 1.000045 1.000045 1.000045 1.000045 1.000045 1.000045 1.000045 1.000045 1.000045 1.000045 1.000045 1.000045 1.000045 1.000045 1.000045 1.000045 1.000045 1.000045 1.000045 1.000045 1.000045 1.000045 1.000045 1.000045 1.000045 1.000045 1.000045 1.000045 1.000045 1.000045 1.000045 1.000045 1.000045 1.000045 1.000045 1.000045 1.000045 1.000045 1.000045 1.000045 1.000045 1.000045 1.000045 1.000045 1.000045 1.000045 1.000045 1.000045 1.000045 1.000045 1.000045 1.000045 1.000045 1.000045 1.000045 1.000045 1.000045 1.000045 1.000045 1.000045 1.000045 1.000045 1.000045 1.000045 1.000045 1.000045 1.000045 1.000045 1.000045 1.000045 1.000045 1.000045 1.000045 1.000045 1.000045 1.000045 1.000045 1.000045 1.000045 1.000045 1.000045 1.000045 1.000045 1.000045 1.000045 1.000045 1.000045 1.000045 1.000045 1.000045 1.000045 1.000045 1.000045 1.000045 1.000045 1.000045 1.000045 1.000045 1.000045 1.000045 1.000045 1.000045 1.000045 1.000045 1.000045 1.000045 1.000045 1.000045 1.000045 1.000045 1.000045 1.000045 1.000045 1.000045 1.000045 1.000045 1.000045 1.000045 1.000045 1.000045 1.000045 1.000045 1.000045 1.000045 1.000000
1.000000 1.000045 1.000045 1.000045 1.000045 1.000045 1.000045 1.000045 1.000045 1.000045 1.000045 1.000045 1.000045 1.000045 1.000045 1.000045 1.000045 1.000045 1.000045 1.000045 1.000045 1.000045 1.000045 1.000045 1.000045 1.000045 1.000045 1.000045 1.000045 1.000045 1.000045 1.000045 1.000045 1.000045 1.000045 1.000045 1.000045 1.000045 1.000045 1.000045 1.000045 1.000045 1.000045 1.000045 1.000045 1.000045 1.000045 1.000045 1.000045 1.000045 1.000045 1.000045 1.000045 1.000045 1.000045 1.000045 1.000045 1.000045 1.000045 1.000045 1.000045 1.000045 1.000045 1.000045 1.000045 1.000045 1.000045 1.000045 1.000045 1.000045 1.000045 1.000045 1.000045 1.000045 1.000045 1.000045 1.000045 1.000045 1.000045 1.000045 1.000045 1.000045 1.000045 1.000045 1.000045 1.000045 1.000045 1.000045 1.000045 1.000045 1.000045 1.000045 1.000045 1.000045 1.000045 1.000045 1.000045 1.000045 1.000045 1.000045 1.000045 1.000045 1.000045 1.000045 1.000045 1.000045 1.000045 1.000045 1.000045 1.000045 1.000045 1.000045 1.000045 1.000045 1.000045 1.000045 1.000045 1.000045 1.000045 1.000045 1.000045 1.000045 1.000045 1.000045 1.000045 1.000045 1.000045 1.000045 1.000045 1.000045 1.000045 1.000045 1.000045 1.000045 1.000045 1.000045 1.000045 1.000045 1.000045 1.000045 1.000045 1.000045 1.000045 1.000045 1.000045 1.000045 1.000045 1.000045 1.000045 1.000045 1.000045 1.000045 1.000045 1.000045 1.000045 1.000045 1.000045 1.000045 1.000045 1.000045 1.000045 1.000045 1.000045 1.000045 1.000045 1.000045 1.000045 1.000045 1.000045 1.000045 1.000045 1.000045 1.000045 1.000045 1.000045 1.000045 1.000045 1.000045 1.000045 1.000045 1.000045 1.000045 1.000045 1.000045 1.000045 1.000045 1.000045 1.000045 1.000045 1.000045 1.000045 1.000045 1.000045 1.000045 1.000045 1.000045 1.000045 1.000045 1.000045 1.000045 1.000045 1.000000
1.000000 1.000045 1.000045 1.000045 1.000045 1.000045 1.000045 1.000045 1.000045 1.000045 1.000045 1.000045 1.000045 1.000045 1.000045 1.000045 1.000045 1.000045 1.000045 1.000045 1.000045 1.000045 1.000045 1.000045 1.000045 1.000045 1.000045 1.000045 1.000045 1.000045 1.000045 1.000045 1.000045 1.000045 1.000045 1.000045 1.000045 1.000045 1.000045 1.000045 1.000045 1.000045 1.000045 1.000045 1.000045 1.000045 1.000045 1.000045 1.000045 1.000045 1.000045 1.000045 1.000045 1.000045 1.000045 1.000045 1.000045 1.000045 1.000045 1.000045 1.000045 1.000045 1.000045 1.000045 1.000045 1.000045 1.000045 1.000045 1.000045 1.000045 1.000045 1.000045 1.000045 1.000045 1.000045 1.000045 1.000045 1.000045 1.000045 1.000045 1.000045 1.000045 1.000045 1.000045 1.000045 1.000045 1.000045 1.000045 1.000045 1.000045 1.000045 1.000045 1.000045 1.000045 1.000045 1.000045 1.000045 1.000045 1.000045 1.000045 1.000045 1.000045 1.000045 1.000045 1.000045 1.000045 1.000045 1.000045 1.000045 1.000045 1.000045 1.000045 1.000045 1.000045 1.000045 1.000045 1.000045 1.000045 1.000045 1.000045 1.000045 1.000045 1.000045 1.000045 1.000045 1.000045 1.000045 1.000045 1.000045 1.000045 1.000045 1.000045 1.000045 1.000045 1.000045 1.000045 1.000045 1.000045 1.000045 1.000045 1.000045 1.000045 1.000045 1.000045 1.000045 1.000045 1.000045 1.000045 1.000045 1.000045 1.000045 1.000045 1.000045 1.000045 1.000045 1.000045 1.000045 1.000045 1.000045 1.000045 1.000045 1.000045 1.000045 1.000045 1.000045 1.000045 1.000045 1.000045 1.000045 1.000045 1.000045 1.000045 1.000045 1.000045 1.000045 1.000045 1.000045 1.000045 1.000045 1.000045 1.000045 1.000045 1.000045 1.000045 1.000045 1.000045 1.000045 1.000045 1.000045 1.000045 1.000045 1.000045 1.000045 1.000045 1.000045 1.000045 1.000045 1.000045 1.000045 1.000045 1.000045 1.000000
1.000000 1.000045 1.000045 1.000045 1.000045 1.000045 1.000045 1.000045 1.000045 1.000045 1.000045 1.000045 1.000045 1.000045 1.000045 1.000045 1.000045 1.000045 1.000045 1.000045 1.000045 1.000045 1.000045 1.000045 1.000045 1.000045 1.000045 1.000045 1.000045 1.000045 1.000045 1.000045 1.000045 1.000045 1.000045 1.000045 1.000045 1.000045 1.000045 1.000045 1.000045 1.000045 1.000045 1.000045 1.000045 1.000045 1.000045 1.000045 1.000045 1.000045 1.000045 1.000045 1.000045 1.000045 1.000045 1.000045 1.000045 1.000045 1.000045 1.000045 1.000045 1.000045 1.000045 1.000045 1.000045 1.000045 1.000045 1.000045 1.000045 1.000045 1.000045 1.000045 1.000045 1.000045 1.000045 1.000045 1.000045 1.000045 1.000045 1.000045 1.000045 1.000045 1.000045 1.000045 1.000045 1.000045 1.000045 1.000045 1.000045 1.000045 1.000045 1.000045 1.000045 1.000045 1.000045 1.000045 1.000045 1.000045 1.000045 1.000045 1.000045 1.000045 1.000045 1.000045 1.000045 1.000045 1.000045 1.000045 1.000045 1.000045 1.000045 1.000045 1.000045 1.000045 1.000045 1.000045 1.000045 1.000045 1.000045 1.000045 1.000045 1.000045 1.000045 1.000045 1.000045 1.000045 1.000045 1.000045 1.000045 1.000045 1.000045 1.000045 1.000045 1.000045 1.000045 1.000045 1.000045 1.000045 1.000045 1.000045 1.000045 1.000045 1.000045 1.000045 1.000045 1.000045 1.000045 1.000045 1.000045 1.000045 1.000045 1.000045 1.000045 1.000045 1.000045 1.000045 1.000045 1.000045 1.000045 1.000045 1.000045 1.000045 1.000045 1.000045 1.000045 1.000045 1.000045 1.000045 1.000045 1.000045 1.000045 1.000045 1.000045 1.000045 1.000045 1.000045 1.000045 1.000045 1.000045 1.000045 1.000045 1.000045 1.000045 1.000045 1.000045 1.000045 1.000045 1.000045 1.000045 1.000045 1.000045 1.000045 1.000045 1.000045 1.000045 1.000045 1.000045 1.000045 1.000045 1.000045 1.000045 1.000000
1.000000 1.000045 1.000045 1.000045 1.000045 1.000045 1.000045 1.000045 1.000045 1.000045 1.000045 1.000045 1.000045 1.000045 1.000045 1.000045 1.000045 1.000045 1.000045 1.000045 1.000045 1.000045 1.000045 1.000045 1.000045 1.000045 1.000045 1.000045 1.000045 1.000045 1.000045 1.000045 1.000045 1.000045 1.000045 1.000045 1.000045 1.000045 1.000045 1.000045 1.000045 1.000045 1.000045 1.000045 1.000045 1.000045 1.000045 1.000045 1.000045 1.000045 1.000045 1.000045 1.000045 1.000045 1.000045 1.000045 1.000045 1.000045 1.000045 1.000045 1.000045 1.000045 1.000045 1.000045 1.000045 1.000045 1.000045 1.000045 1.000045 1.000045 1.000045 1.000045 1.000045 1.000045 1.000045 1.000045 1.000045 1.000045 1.000045 1.000045 1.000045 1.000045 1.000045 1.000045 1.000045 1.000045 1.000045 1.000045 1.000045 1.000045 1.000045 1.000045 1.000045 1.000045 1.000045 1.000045 1.000045 1.000045 1.000045 1.000045 1.000045 1.000045 1.000045 1.000045 1.000045 1.000045 1.000045 1.000045 1.000045 1.000045 1.000045 1.000045 1.000045 1.000045 1.000045 1.000045 1.000045 1.000045 1.000045 1.000045 1.000045 1.000045 1.000045 1.000045 1.000045 1.000045 1.000045 1.000045 1.000045 1.000045 1.000045 1.000045 1.000045 1.000045 1.000045 1.000045 1.000045 1.000045 1.000045 1.000045 1.000045 1.000045 1.000045 1.000045 1.000045 1.000045 1.000045 1.000045 1.000045 1.000045 1.000045 1.000045 1.000045 1.000045 1.000045 1.000045 1.000045 1.000045 1.000045 1.000045 1.000045 1.000045 1.000045 1.000045 1.000045 1.000045 1.000045 1.000045 1.000045 1.000045 1.000045 1.000045 1.000045 1.000045 1.000045 1.000045 1.000045 1.000045 1.000045 1.000045 1.000045 1.000045 1.000045 1.000045 1.000045 1.000045 1.000045 1.000045 1.000045 1.000045 1.000045 1.000045 1.000045 1.000045 1.000045 1.000045 1.000045 1.000045 1.000045 1.000045 1.000045 1.000000
1.000000 1.000045 1.000045 1.000045 1.000045 1.000045 1.000045 1.000045 1.000045 1.000045 1.000045 1.000045 1.000045 1.000045 1.000045 1.000045 1.000045 1.000045 1.000045 1.000045 1.000045 1.000045 1.000045 1.000045 1.000045 1.000045 1.000045 1.000045 1.000045 1.000045 1.000045 1.000045 1.000045 1.000045 1.000045 1.000045 1.000045 1.000045 1.000045 1.000045 1.000045 1.000045 1.000045 1.000045 1.000045 1.000045 1.000045 1.000045 1.000045 1.000045 1.000045 1.000045 1.000045 1.000045 1.000045 1.000045 1.000045 1.000045 1.000045 1.000045 1.000045 1.000045 1.000045 1.000045 1.000045 1.000045 1.000045 1.000045 1.000045 1.000045 1.000045 1.000045 1.000045 1.000045 1.000045 1.000045 1.000045 1.000045 1.000045 1.000045 1.000045 1.000045 1.000045 1.000045 1.000045 1.000045 1.000045 1.000045 1.000045 1.000045 1.000045 1.000045 1.000045 1.000045 1.000045 1.000045 1.000045 1.000045 1.000045 1.000045 1.000045 1.000045 1.000045 1.000045 1.000045 1.000045 1.000045 1.000045 1.000045 1.000045 1.000045 1.000045 1.000045 1.000045 1.000045 1.000045 1.000045 1.000045 1.000045 1.000045 1.000045 1.000045 1.000045 1.000045 1.000045 1.000045 1.000045 1.000045 1.000045 1.000045 1.000045 1.000045 1.000045 1.000045 1.000045 1.000045 1.000045 1.000045 1.000045 1.000045 1.000045 1.000045 1.000045 1.000045 1.000045 1.000045 1.000045 1.000045 1.000045 1.000045 1.000045 1.000045 1.000045 1.000045 1.000045 1.000045 1.000045 1.000045 1.000045 1.000045 1.000045 1.000045 1.000045 1.000045 1.000045 1.000045 1.000045 1.000045 1.000045 1.000045 1.000045 1.000045 1.000045 1.000045 1.000045 1.000045 1.000045 1.000045 1.000045 1.000045 1.000045 1.000045 1.000045 1.000045 1.000045 1.000045 1.000045 1.000045 1.000045 1.000045 1.000045 1.000045 1.000045 1.000045 1.000045 1.000045 1.000045 1.000045 1.000045 1.000045 1.000045 1.000000
1.000000 1.000045 1.000045 1.000045 1.000045 1.000045 1.000045 1.000045 1.000045 1.000045 1.000045 1.000045 1.000045 1.000045 1.000045 1.000045 1.000045 1.000045 1.000045 1.000045 1.000045 1.000045 1.000045 1.000045 1.000045 1.000045 1.000045 1.000045 1.000045 1.000045 1.000045 1.000045 1.000045 1.000045 1.000045 1.000045 1.000045 1.000045 1.000045 1.000045 1.000045 1.000045 1.000045 1.000045 1.000045 1.000045 1.000045 1.000045 1.000045 1.000045 1.000045 1.000045 1.000045 1.000045 1.000045 1.000045 1.000045 1.000045 1.000045 1.000045 1.000045 1.000045 1.000045 1.000045 1.000045 1.000045 1.000045 1.000045 1.000045 1.000045 1.000045 1.000045 1.000045 1.000045 1.000045 1.000045 1.000045 1.000045 1.000045 1.000045 1.000045 1.000045 1.000045 1.000045 1.000045 1.000045 1.000045 1.000045 1.000045 1.000045 1.000045 1.000045 1.000045 1.000045 1.000045 1.000045 1.000045 1.000045 1.000045 1.000045 1.000045 1.000045 1.000045 1.000045 1.000045 1.000045 1.000045 1.000045 1.000045 1.000045 1.000045 1.000045 1.000045 1.000045 1.000045 1.000045 1.000045 1.000045 1.000045 1.000045 1.000045 1.000045 1.000045 1.000045 1.000045 1.000045 1.000045 1.000045 1.000045 1.000045 1.000045 1.000045 1.000045 1.000045 1.000045 1.000045 1.000045 1.000045 1.000045 1.000045 1.000045 1.000045 1.000045 1.000045 1.000045 1.000045 1.000045 1.000045 1.000045 1.000045 1.000045 1.000045 1.000045 1.000045 1.000045 1.000045 1.000045 1.000045 1.000045 1.000045 1.000045 1.000045 1.000045 1.000045 1.000045 1.000045 1.000045 1.000045 1.000045 1.000045 1.000045 1.000045 1.000045 1.000045 1.000045 1.000045 1.000045 1.000045 1.000045 1.000045 1.000045 1.000045 1.000045 1.000045 1.000045 1.000045 1.000045 1.000045 1.000045 1.000045 1.000045 1.000045 1.000045 1.000045 1.000045 1.000045 1.000045 1.000045 1.000045 1.000045 1.000045 1.000000
1.000000 1.000045 1.000045 1.000045 1.000045 1.000045 1.000045 1.000045 1.000045 1.000045 1.000045 1.000045 1.000045 1.000045 1.000045 1.000045 1.000045 1.000045 1.000045 1.000045 1.000045 1.000045 1.000045 1.000045 1.000045 1.000045 1.000045 1.000045 1.000045 1.000045 1.000045 1.000045 1.000045 1.000045 1.000045 1.000045 1.000045 1.000045 1.000045 1.000045 1.000045 1.000045 1.000045 1.000045 1.000045 1.000045 1.000045 1.000045 1.000045 1.000045 1.000045 1.000045 1.000045 1.000045 1.000045 1.000045 1.000045 1.000045 1.000045 1.000045 1.000045 1.000045 1.000045 1.000045 1.000045 1.000045 1.000045 1.000045 1.000045 1.000045 1.000045 1.000045 1.000045 1.000045 1.000045 1.000045 1.000045 1.000045 1.000045 1.000045 1.000045 1.000045 1.000045 1.000045 1.000045 1.000045 1.000045 1.000045 1.000045 1.000045 1.000045 1.000045 1.000045 1.000045 1.000045 1.000045 1.000045 1.000045 1.000045 1.000045 1.000045 1.000045 1.000045 1.000045 1.000045 1.000045 1.000045 1.000045 1.000045 1.000045 1.000045 1.000045 1.000045 1.000045 1.000045 1.000045 1.000045 1.000045 1.000045 1.000045 1.000045 1.000045 1.000045 1.000045 1.000045 1.000045 1.000045 1.000045 1.000045 1.000045 1.000045 1.000045 1.000045 1.000045 1.000045 1.000045 1.000045 1.000045 1.000045 1.000045 1.000045 1.000045 1.000045 1.000045 1.000045 1.000045 1.000045 1.000045 1.000045 1.000045 1.000045 1.000045 1.000045 1.000045 1.000045 1.000045 1.000045 1.000045 1.000045 1.000045 1.000045 1.000045 1.000045 1.000045 1.000045 1.000045 1.000045 1.000045 1.000045 1.000045 1.000045 1.000045 1.000045 1.000045 1.000045 1.000045 1.000045 1.000045 1.000045 1.000045 1.000045 1.000045 1.000045 1.000045 1.000045 1.000045 1.000045 1.000045 1.000045 1.000045 1.000045 1.000045 1.000045 1.000045 1.000045 1.000045 1.000045 1.000045 1.000045 1.000045 1.000045 1.000000
1.000000 1.000045 1.000045 1.000045 1.000045 1.000045 1.000045 1.000045 1.000045 1.000045 1.000045 1.000045 1.000045 1.000045 1.000045 1.000045 1.000045 1.000045 1.000045 1.000045 1.000045 1.000045 1.000045 1.000045 1.000045 1.000045 1.000045 1.000045 1.000045 1.000045 1.000045 1.000045 1.000045 1.000045 1.000045 1.000045 1.000045 1.000045 1.000045 1.000045 1.000045 1.000045 1.000045 1.000045 1.000045 1.000045 1.000045 1.000045 1.000045 1.000045 1.000045 1.000045 1.000045 1.000045 1.000045 1.000045 1.000045 1.000045 1.000045 1.000045 1.000045 1.000045 1.000045 1.000045 1.000045 1.000045 1.000045 1.000045 1.000045 1.000045 1.000045 1.000045 1.000045 1.000045 1.000045 1.000045 1.000045 1.000045 1.000045 1.000045 1.000045 1.000045 1.000045 1.000045 1.000045 1.000045 1.000045 1.000045 1.000045 1.000045 1.000045 1.000045 1.000045 1.000045 1.000045 1.000045 1.000045 1.000045 1.000045 1.000045 1.000045 1.000045 1.000045 1.000045 1.000045 1.000045 1.000045 1.000045 1.000045 1.000045 1.000045 1.000045 1.000045 1.000045 1.000045 1.000045 1.000045 1.000045 1.000045 1.000045 1.000045 1.000045 1.000045 1.000045 1.000045 1.000045 1.000045 1.000045 1.000045 1.000045 1.000045 1.000045 1.000045 1.000045 1.000045 1.000045 1.000045 1.000045 1.000045 1.000045 1.000045 1.000045 1.000045 1.000045 1.000045 1.000045 1.000045 1.000045 1.000045 1.000045 1.000045 1.000045 1.000045 1.000045 1.000045 1.000045 1.000045 1.000045 1.000045 1.000045 1.000045 1.000045 1.000045 1.000045 1.000045 1.000045 1.000045 1.000045 1.000045 1.000045 1.000045 1.000045 1.000045 1.000045 1.000045 1.000045 1.000045 1.000045 1.000045 1.000045 1.000045 1.000045 1.000045 1.000045 1.000045 1.000045 1.000045 1.000045 1.000045 1.000045 1.000045 1.000045 1.000045 1.000045 1.000045 1.000045 1.000045 1.000045 1.000045 1.000045 1.000045 1.000000
1.000000 1.000045 1.000045 1.000045 1.000045 1.000045 1.000045 1.000045 1.000045 1.000045 1.000045 1.000045 1.000045 1.000045 1.000045 1.000045 1.000045 1.000045 1.000045 1.000045 1.000045 1.000045 1.000045 1.000045 1.000045 1.000045 1.000045 1.000045 1.000045 1.000045 1.000045 1.000045 1.000045 1.000045 1.000045 1.000045 1.000045 1.000045 1.000045 1.000045 1.000045 1.000045 1.000045 1.000045 1.000045 1.000045 1.000045 1.000045 1.000045 1.000045 1.000045 1.000045 1.000045 1.000045 1.000045 1.000045 1.000045 1.000045 1.000045 1.000045 1.000045 1.000045 1.000045 1.000045 1.000045 1.000045 1.000045 1.000045 1.000045 1.000045 1.000045 1.000045 1.000045 1.000045 1.000045 1.000045 1.000045 1.000045 1.000045 1.000045 1.000045 1.000045 1.000045 1.000045 1.000045 1.000045 1.000045 1.000045 1.000045 1.000045 1.000045 1.000045 1.000045 1.000045 1.000045 1.000045 1.000045 1.000045 1.000045 1.000045 1.000045 1.000045 1.000045 1.000045 1.000045 1.000045 1.000045 1.000045 1.000045 1.000045 1.000045 1.000045 1.000045 1.000045 1.000045 1.000045 1.000045 1.000045 1.000045 1.000045 1.000045 1.000045 1.000045 1.000045 1.000045 1.000045 1.000045 1.000045 1.000045 1.000045 1.000045 1.000045 1.000045 1.000045 1.000045 1.000045 1.000045 1.000045 1.000045 1.000045 1.000045 1.000045 1.000045 1.000045 1.000045 1.000045 1.000045 1.000045 1.000045 1.000045 1.000045 1.000045 1.000045 1.000045 1.000045 1.000045 1.000045 1.000045 1.000045 1.000045 1.000045 1.000045 1.000045 1.000045 1.000045 1.000045 1.000045 1.000045 1.000045 1.000045 1.000045 1.000045 1.000045 1.000045 1.000045 1.000045 1.000045 1.000045 1.000045 1.000045 1.000045 1.000045 1.000045 1.000045 1.000045 1.000045 1.000045 1.000045 1.000045 1.000045 1.000045 1.000045 1.000045 1.000045 1.000045 1.000045 1.000045 1.000045 1.000045 1.000045 1.000045 1.000000
1.000000 1.000045 1.000045 1.000045 1.000045 1.000045 1.000045 1.000045 1.000045 1.000045 1.000045 1.000045 1.000045 1.000045 1.000045 1.000045 1.000045 1.000045 1.000045 1.000045 1.000045 1.000045 1.000045 1.000045 1.000045 1.000045 1.000045 1.000045 1.000045 1.000045 1.000045 1.000045 1.000045 1.000045 1.000045 1.000045 1.000045 1.000045 1.000045 1.000045 1.000045 1.000045 1.000045 1.000045 1.000045 1.000045 1.000045 1.000045 1.000045 1.000045 1.000045 1.000045 1.000045 1.000045 1.000045 1.000045 1.000045 1.000045 1.000045 1.000045 1.000045 1.000045 1.000045 1.000045 1.000045 1.000045 1.000045 1.000045 1.000045 1.000045 1.000045 1.000045 1.000045 1.000045 1.000045 1.000045 1.000045 1.000045 1.000045 1.000045 1.000045 1.000045 1.000045 1.000045 1.000045 1.000045 1.000045 1.000045 1.000045 1.000045 1.000045 1.000045 1.000045 1.000045 1.000045 1.000045 1.000045 1.000045 1.000045 1.000045 1.000045 1.000045 1.000045 1.000045 1.000045 1.000045 1.000045 1.000045 1.000045 1.000045 1.000045 1.000045 1.000045 1.000045 1.000045 1.000045 1.000045 1.000045 1.000045 1.000045 1.000045 1.000045 1.000045 1.000045 1.000045 1.000045 1.000045 1.000045 1.000045 1.000045 1.000045 1.000045 1.000045 1.000045 1.000045 1.000045 1.000045 1.000045 1.000045 1.000045 1.000045 1.000045 1.000045 1.000045 1.000045 1.000045 1.000045 1.000045 1.000045 1.000045 1.000045 1.000045 1.000045 1.000045 1.000045 1.000045 1.000045 1.000045 1.000045 1.000045 1.000045 1.000045 1.000045 1.000045 1.000045 1.000045 1.000045 1.000045 1.000045 1.000045 1.000045 1.000045 1.000045 1.000045 1.000045 1.000045 1.000045 1.000045 1.000045 1.000045 1.000045 1.000045 1.000045 1.000045 1.000045 1.000045 1.000045 1.000045 1.000045 1.000045 1.000045 1.000045 1.000045 1.000045 1.000045 1.000045 1.000045 1.000045 1.000045 1.000045 1.000045 1.000000
1.000000 1.000045 1.000045 1.000045 1.000045 1.000045 1.000045 1.000045 1.000045 1.000045 1.000045 1.000045 1.000045 1.000045 1.000045 1.000045 1.000045 1.000045 1.000045 1.000045 1.000045 1.000045 1.000045 1.000045 1.000045 1.000045 1.000045 1.000045 1.000045 1.000045 1.000045 1.000045 1.000045 1.000045 1.000045 1.000045 1.000045 1.000045 1.000045 1.000045 1.000045 1.000045 1.000045 1.000045 1.000045 1.000045 1.000045 1.000045 1.000045 1.000045 1.000045 1.000045 1.000045 1.000045 1.000045 1.000045 1.000045 1.000045 1.000045 1.000045 1.000045 1.000045 1.000045 1.000045 1.000045 1.000045 1.000045 1.000045 1.000045 1.000045 1.000045 1.000045 1.000045 1.000045 1.000045 1.000045 1.000045 1.000045 1.000045 1.000045 1.000045 1.000045 1.000045 1.000045 1.000045 1.000045 1.000045 1.000045 1.000045 1.000045 1.000045 1.000045 1.000045 1.000045 1.000045 1.000045 1.000045 1.000045 1.000045 1.000045 1.000045 1.000045 1.000045 1.000045 1.000045 1.000045 1.000045 1.000045 1.000045 1.000045 1.000045 1.000045 1.000045 1.000045 1.000045 1.000045 1.000045 1.000045 1.000045 1.000045 1.000045 1.000045 1.000045 1.000045 1.000045 1.000045 1.000045 1.000045 1.000045 1.000045 1.000045 1.000045 1.000045 1.000045 1.000045 1.000045 1.000045 1.000045 1.000045 1.000045 1.000045 1.000045 1.000045 1.000045 1.000045 1.000045 1.000045 1.000045 1.000045 1.000045 1.000045 1.000045 1.000045 1.000045 1.000045 1.000045 1.000045 1.000045 1.000045 1.000045 1.000045 1.000045 1.000045 1.000045 1.000045 1.000045 1.000045 1.000045 1.000045 1.000045 1.000045 1.000045 1.000045 1.000045 1.000045 1.000045 1.000045 1.000045 1.000045 1.000045 1.000045 1.000045 1.000045 1.000045 1.000045 1.000045 1.000045 1.000045 1.000045 1.000045 1.000045 1.000045 1.000045 1.000045 1.000045 1.000045 1.000045 1.000045 1.000045 1.000045 1.000045 1.000000
1.000000 1.000045 1.000045 1.000045 1.000045 1.000045 1.000045 1.000045 1.000045 1.000045 1.000045 1.000045 1.000045 1.000045 1.000045 1.000045 1.000045 1.000045 1.000045 1.000045 1.000045 1.000045 1.000045 1.000045 1.000045 1.000045 1.000045 1.000045 1.000045 1.000045 1.000045 1.000045 1.000045 1.000045 1.000045 1.000045 1.000045 1.000045 1.000045 1.000045 1.000045 1.000045 1.000045 1.000045 1.000045 1.000045 1.000045 1.000045 1.000045 1.000045 1.000045 1.000045 1.000045 1.000045 1.000045 1.000045 1.000045 1.000045 1.000045 1.000045 1.000045 1.000045 1.000045 1.000045 1.000045 1.000045 1.000045 1.000045 1.000045 1.000045 1.000045 1.000045 1.000045 1.000045 1.000045 1.000045 1.000045 1.000045 1.000045 1.000045 1.000045 1.000045 1.000045 1.000045 1.000045 1.000045 1.000045 1.000045 1.000045 1.000045 1.000045 1.000045 1.000045 1.000045 1.000045 1.000045 1.000045 1.000045 1.000045 1.000045 1.000045 1.000045 1.000045 1.000045 1.000045 1.000045 1.000045 1.000045 1.000045 1.000045 1.000045 1.000045 1.000045 1.000045 1.000045 1.000045 1.000045 1.000045 1.000045 1.000045 1.000045 1.000045 1.000045 1.000045 1.000045 1.000045 1.000045 1.000045 1.000045 1.000045 1.000045 1.000045 1.000045 1.000045 1.000045 1.000045 1.000045 1.000045 1.000045 1.000045 1.000045 1.000045 1.000045 1.000045 1.000045 1.000045 1.000045 1.000045 1.000045 1.000045 1.000045 1.000045 1.000045 1.000045 1.000045 1.000045 1.000045 1.000045 1.000045 1.000045 1.000045 1.000045 1.000045 1.000045 1.000045 1.000045 1.000045 1.000045 1.000045 1.000045 1.000045 1.000045 1.000045 1.000045 1.000045 1.000045 1.000045 1.000045 1.000045 1.000045 1.000045 1.000045 1.000045 1.000045 1.000045 1.000045 1.000045 1.000045 1.000045 1.000045 1.000045 1.000045 1.000045 1.000045 1.000045 1.000045 1.000045 1.000045 1.000045 1.000045 1.000045 1.000000
1.000000 1.000045 1.000045 1.000045 1.000045 1.000045 1.000045 1.000045 1.000045 1.000045 1.000045 1.000045 1.000045 1.000045 1.000045 1.000045 1.000045 1.000045 1.000045 1.000045 1.000045 1.000045 1.000045 1.000045 1.000045 1.000045 1.000045 1.000045 1.000045 1.000045 1.000045 1.000045 1.000045 1.000045 1.000045 1.000045 1.000045 1.000045 1.000045 1.000045 1.000045 1.000045 1.000045 1.000045 1.000045 1.000045 1.000045 1.000045 1.000045 1.000045 1.000045 1.000045 1.000045 1.000045 1.000045 1.000045 1.000045 1.000045 1.000045 1.000045 1.000045 1.000045 1.000045 1.000045 1.000045 1.000045 1.000045 1.000045 1.000045 1.000045 1.000045 1.000045 1.000045 1.000045 1.000045 1.000045 1.000045 1.000045 1.000045 1.000045 1.000045 1.000045 1.000045 1.000045 1.000045 1.000045 1.000045 1.000045 1.000045 1.000045 1.000045 1.000045 1.000045 1.000045 1.000045 1.000045 1.000045 1.000045 1.000045 1.000045 1.000045 1.000045 1.000045 1.000045 1.000045 1.000045 1.000045 1.000045 1.000045 1.000045 1.000045 1.000045 1.000045 1.000045 1.000045 1.000045 1.000045 1.000045 1.000045 1.000045 1.000045 1.000045 1.000045 1.000045 1.000045 1.000045 1.000045 1.000045 1.000045 1.000045 1.000045 1.000045 1.000045 1.000045 1.000045 1.000045 1.000045 1.000045 1.000045 1.000045 1.000045 1.000045 1.000045 1.000045 1.000045 1.000045 1.000045 1.000045 1.000045 1.000045 1.000045 1.000045 1.000045 1.000045 1.000045 1.000045 1.000045 1.000045 1.000045 1.000045 1.000045 1.000045 1.000045 1.000045 1.000045 1.000045 1.000045 1.000045 1.000045 1.000045 1.000045 1.000045 1.000045 1.000045 1.000045 1.000045 1.000045 1.000045 1.000045 1.000045 1.000045 1.000045 1.000045 1.000045 1.000045 1.000045 1.000045 1.000045 1.000045 1.000045 1.000045 1.000045 1.000045 1.000045 1.000045 1.000045 1.000045 1.000045 1.000045 1.000045 1.000045 1.000000
1.000000 1.000045 1.000045 1.000045 1.000045 1.000045 1.000045 1.000045 1.000045 1.000045 1.000045 1.000045 1.000045 1.000045 1.000045 1.000045 1.000045 1.000045 1.000045 1.000045 1.000045 1.000045 1.000045 1.000045 1.000045 1.000045 1.000045 1.000045 1.000045 1.000045 1.000045 1.000045 1.000045 1.000045 1.000045 1.000045 1.000045 1.000045 1.000045 1.000045 1.000045 1.000045 1.000045 1.000045 1.000045 1.000045 1.000045 1.000045 1.000045 1.000045 1.000045 1.000045 1.000045 1.000045 1.000045 1.000045 1.000045 1.000045 1.000045 1.000045 1.000045 1.000045 1.000045 1.000045 1.000045 1.000045 1.000045 1.000045 1.000045 1.000045 1.000045 1.000045 1.000045 1.000045 1.000045 1.000045 1.000045 1.000045 1.000045 1.000045 1.000045 1.000045 1.000045 1.000045 1.000045 1.000045 1.000045 1.000045 1.000045 1.000045 1.000045 1.000045 1.000045 1.000045 1.000045 1.000045 1.000045 1.000045 1.000045 1.000045 1.000045 1.000045 1.000045 1.000045 1.000045 1.000045 1.000045 1.000045 1.000045 1.000045 1.000045 1.000045 1.000045 1.000045 1.000045 1.000045 1.000045 1.000045 1.000045 1.000045 1.000045 1.000045 1.000045 1.000045 1.000045 1.000045 1.000045 1.000045 1.000045 1.000045 1.000045 1.000045 1.000045 1.000045 1.000045 1.000045 1.000045 1.000045 1.000045 1.000045 1.000045 1.000045 1.000045 1.000045 1.000045 1.000045 1.000045 1.000045 1.000045 1.000045 1.000045 1.000045 1.000045 1.000045 1.000045 1.000045 1.000045 1.000045 1.000045 1.000045 1.000045 1.000045 1.000045 1.000045 1.000045 1.000045 1.000045 1.000045 1.000045 1.000045 1.000045 1.000045 1.000045 1.000045 1.000045 1.000045 1.000045 1.000045 1.000045 1.000045 1.000045 1.000045 1.000045 1.000045 1.000045 1.000045 1.000045 1.000045 1.000045 1.000045 1.000045 1.000045 1.000045 1.000045 1.000045 1.000045 1.000045 1.000045 1.000045 1.000045 1.000045 1.000000
1.000000 1.000045 1.000045 1.000045 1.000045 1.000045 1.000045 1.000045 1.000045 1.000045 1.000045 1.000045 1.000045 1.000045 1.000045 1.000045 1.000045 1.000045 1.000045 1.000045 1.000045 1.000045 1.000045 1.000045 1.000045 1.000045 1.000045 1.000045 1.000045 1.000045 1.000045 1.000045 1.000045 1.000045 1.000045 1.000045 1.000045 1.000045 1.000045 1.000045 1.000045 1.000045 1.000045 1.000045 1.000045 1.000045 1.000045 1.000045 1.000045 1.000045 1.000045 1.000045 1.000045 1.000045 1.000045 1.000045 1.000045 1.000045 1.000045 1.000045 1.000045 1.000045 1.000045 1.000045 1.000045 1.000045 1.000045 1.000045 1.000045 1.000045 1.000045 1.000045 1.000045 1.000045 1.000045 1.000045 1.000045 1.000045 1.000045 1.000045 1.000045 1.000045 1.000045 1.000045 1.000045 1.000045 1.000045 1.000045 1.000045 1.000045 1.000045 1.000045 1.000045 1.000045 1.000045 1.000045 1.000045 1.000045 1.000045 1.000045 1.000045 1.000045 1.000045 1.000045 1.000045 1.000045 1.000045 1.000045 1.000045 1.000045 1.000045 1.000045 1.000045 1.000045 1.000045 1.000045 1.000045 1.000045 1.000045 1.000045 1.000045 1.000045 1.000045 1.000045 1.000045 1.000045 1.000045 1.000045 1.000045 1.000045 1.000045 1.000045 1.000045 1.000045 1.000045 1.000045 1.000045 1.000045 1.000045 1.000045 1.000045 1.000045 1.000045 1.000045 1.000045 1.000045 1.000045 1.000045 1.000045 1.000045 1.000045 1.000045 1.000045 1.000045 1.000045 1.000045 1.000045 1.000045 1.000045 1.000045 1.000045 1.000045 1.000045 1.000045 1.000045 1.000045 1.000045 1.000045 1.000045 1.000045 1.000045 1.000045 1.000045 1.000045 1.000045 1.000045 1.000045 1.000045 1.000045 1.000045 1.000045 1.000045 1.000045 1.000045 1.000045 1.000045 1.000045 1.000045 1.000045 1.000045 1.000045 1.000045 1.000045 1.000045 1.000045 1.000045 1.000045 1.000045 1.000045 1.000045 1.000045 1.000000
1.000000 1.000045 1.000045 1.000045 1.000045 1.000045 1.000045 1.000045 1.000045 1.000045 1.000045 1.000045 1.000045 1.000045 1.000045 1.000045 1.000045 1.000045 1.000045 1.000045 1.000045 1.000045 1.000045 1.000045 1.000045 1.000045 1.000045 1.000045 1.000045 1.000045 1.000045 1.000045 1.000045 1.000045 1.000045 1.000045 1.000045 1.000045 1.000045 1.000045 1.000045 1.000045 1.000045 1.000045 1.000045 1.000045 1.000045 1.000045 1.000045 1.000045 1.000045 1.000045 1.000045 1.000045 1.000045 1.000045 1.000045 1.000045 1.000045 1.000045 1.000045 1.000045 1.000045 1.000045 1.000045 1.000045 1.000045 1.000045 1.000045 1.000045 1.000045 1.000045 1.000045 1.000045 1.000045 1.000045 1.000045 1.000045 1.000045 1.000045 1.000045 1.000045 1.000045 1.000045 1.000045 1.000045 1.000045 1.000045 1.000045 1.000045 1.000045 1.000045 1.000045 1.000045 1.000045 1.000045 1.000045 1.000045 1.000045 1.000045 1.000045 1.000045 1.000045 1.000045 1.000045 1.000045 1.000045 1.000045 1.000045 1.000045 1.000045 1.000045 1.000045 1.000045 1.000045 1.000045 1.000045 1.000045 1.000045 1.000045 1.000045 1.000045 1.000045 1.000045 1.000045 1.000045 1.000045 1.000045 1.000045 1.000045 1.000045 1.000045 1.000045 1.000045 1.000045 1.000045 1.000045 1.000045 1.000045 1.000045 1.000045 1.000045 1.000045 1.000045 1.000045 1.000045 1.000045 1.000045 1.000045 1.000045 1.000045 1.000045 1.000045 1.000045 1.000045 1.000045 1.000045 1.000045 1.000045 1.000045 1.000045 1.000045 1.000045 1.000045 1.000045 1.000045 1.000045 1.000045 1.000045 1.000045 1.000045 1.000045 1.000045 1.000045 1.000045 1.000045 1.000045 1.000045 1.000045 1.000045 1.000045 1.000045 1.000045 1.000045 1.000045 1.000045 1.000045 1.000045 1.000045 1.000045 1.000045 1.000045 1.000045 1.000045 1.000045 1.000045 1.000045 1.000045 1.000045 1.000045 1.000045 1.000000
1.000000 1.000045 1.000045 1.000045 1.000045 1.000045 1.000045 1.000045 1.000045 1.000045 1.000045 1.000045 1.000045 1.000045 1.000045 1.000045 1.000045 1.000045 1.000045 1.000045 1.000045 1.000045 1.000045 1.000045 1.000045 1.000045 1.000045 1.000045 1.000045 1.000045 1.000045 1.000045 1.000045 1.000045 1.000045 1.000045 1.000045 1.000045 1.000045 1.000045 1.000045 1.000045 1.000045 1.000045 1.000045 1.000045 1.000045 1.000045 1.000045 1.000045 1.000045 1.000045 1.000045 1.000045 1.000045 1.000045 1.000045 1.000045 1.000045 1.000045 1.000045 1.000045 1.000045 1.000045 1.000045 1.000045 1.000045 1.000045 1.000045 1.000045 1.000045 1.000045 1.000045 1.000045 1.000045 1.000045 1.000045 1.000045 1.000045 1.000045 1.000045 1.000045 1.000045 1.000045 1.000045 1.000045 1.000045 1.000045 1.000045 1.000045 1.000045 1.000045 1.000045 1.000045 1.000045 1.000045 1.000045 1.000045 1.000045 1.000045 1.000045 1.000045 1.000045 1.000045 1.000045 1.000045 1.000045 1.000045 1.000045 1.000045 1.000045 1.000045 1.000045 1.000045 1.000045 1.000045 1.000045 1.000045 1.000045 1.000045 1.000045 1.000045 1.000045 1.000045 1.000045 1.000045 1.000045 1.000045 1.000045 1.000045 1.000045 1.000045 1.000045 1.000045 1.000045 1.000045 1.000045 1.000045 1.000045 1.000045 1.000045 1.000045 1.000045 1.000045 1.000045 1.000045 1.000045 1.000045 1.000045 1.000045 1.000045 1.000045 1.000045 1.000045 1.000045 1.000045 1.000045 1.000045 1.000045 1.000045 1.000045 1.000045 1.000045 1.000045 1.000045 1.000045 1.000045 1.000045 1.000045 1.000045 1.000045 1.000045 1.000045 1.000045 1.000045 1.000045 1.000045 1.000045 1.000045 1.000045 1.000045 1.000045 1.000045 1.000045 1.000045 1.000045 1.000045 1.000045 1.000045 1.000045 1.000045 1.000045 1.000045 1.000045 1.000045 1.000045 1.000045 1.000045 1.000045 1.000045 1.000045 1.000000
1.000000 1.000045 1.000045 1.000045 1.000045 1.000045 1.000045 1.000045 1.000045 1.000045 1.000045 1.000045 1.000045 1.000045 1.000045 1.000045 1.000045 1.000045 1.000045 1.000045 1.000045 1.000045 1.000045 1.000045 1.000045 1.000045 1.000045 1.000045 1.000045 1.000045 1.000045 1.000045 1.000045 1.000045 1.000045 1.000045 1.000045 1.000045 1.000045 1.000045 1.000045 1.000045 1.000045 1.000045 1.000045 1.000045 1.000045 1.000045 1.000045 1.000045 1.000045 1.000045 1.000045 1.000045 1.000045 1.000045 1.000045 1.000045 1.000045 1.000045 1.000045 1.000045 1.000045 1.000045 1.000045 1.000045 1.000045 1.000045 1.000045 1.000045 1.000045 1.000045 1.000045 1.000045 1.000045 1.000045 1.000045 1.000045 1.000045 1.000045 1.000045 1.000045 1.000045 1.000045 1.000045 1.000045 1.000045 1.000045 1.000045 1.000045 1.000045 1.000045 1.000045 1.000045 1.000045 1.000045 1.000045 1.000045 1.000045 1.000045 1.000045 1.000045 1.000045 1.000045 1.000045 1.000045 1.000045 1.000045 1.000045 1.000045 1.000045 1.000045 1.000045 1.000045 1.000045 1.000045 1.000045 1.000045 1.000045 1.000045 1.000045 1.000045 1.000045 1.000045 1.000045 1.000045 1.000045 1.000045 1.000045 1.000045 1.000045 1.000045 1.000045 1.000045 1.000045 1.000045 1.000045 1.000045 1.000045 1.000045 1.000045 1.000045 1.000045 1.000045 1.000045 1.000045 1.000045 1.000045 1.000045 1.000045 1.000045 1.000045 1.000045 1.000045 1.000045 1.000045 1.000045 1.000045 1.000045 1.000045 1.000045 1.000045 1.000045 1.000045 1.000045 1.000045 1.000045 1.000045 1.000045 1.000045 1.000045 1.000045 1.000045 1.000045 1.000045 1.000045 1.000045 1.000045 1.000045 1.000045 1.000045 1.000045 1.000045 1.000045 1.000045 1.000045 1.000045 1.000045 1.000045 1.000045 1.000045 1.000045 1.000045 1.000045 1.000045 1.000045 1.000045 1.000045 1.000045 1.000045 1.000045 1.000000
1.000000 1.000045 1.000045 1.000045 1.000045 1.000045 1.000045 1.000045 1.000045 1.000045 1.000045 1.000045 1.000045 1.000045 1.000045 1.000045 1.000045 1.000045 1.000045 1.000045 1.000045 1.000045 1.000045 1.000045 1.000045 1.000045 1.000045 1.000045 1.000045 1.000045 1.000045 1.000045 1.000045 1.000045 1.000045 1.000045 1.000045 1.000045 1.000045 1.000045 1.000045 1.000045 1.000045 1.000045 1.000045 1.000045 1.000045 1.000045 1.000045 1.000045 1.000045 1.000045 1.000045 1.000045 1.000045 1.000045 1.000045 1.000045 1.000045 1.000045 1.000045 1.000045 1.000045 1.000045 1.000045 1.000045 1.000045 1.000045 1.000045 1.000045 1.000045 1.000045 1.000045 1.000045 1.000045 1.000045 1.000045 1.000045 1.000045 1.000045 1.000045 1.000045 1.000045 1.000045 1.000045 1.000045 1.000045 1.000045 1.000045 1.000045 1.000045 1.000045 1.000045 1.000045 1.000045 1.000045 1.000045 1.000045 1.000045 1.000045 1.000045 1.000045 1.000045 1.000045 1.000045 1.000045 1.000045 1.000045 1.000045 1.000045 1.000045 1.000045 1.000045 1.000045 1.000045 1.000045 1.000045 1.000045 1.000045 1.000045 1.000045 1.000045 1.000045 1.000045 1.000045 1.000045 1.000045 1.000045 1.000045 1.000045 1.000045 1.000045 1.000045 1.000045 1.000045 1.000045 1.000045 1.000045 1.000045 1.000045 1.000045 1.000045 1.000045 1.000045 1.000045 1.000045 1.000045 1.000045 1.000045 1.000045 1.000045 1.000045 1.000045 1.000045 1.000045 1.000045 1.000045 1.000045 1.000045 1.000045 1.000045 1.000045 1.000045 1.000045 1.000045 1.000045 1.000045 1.000045 1.000045 1.000045 1.000045 1.000045 1.000045 1.000045 1.000045 1.000045 1.000045 1.000045 1.000045 1.000045 1.000045 1.000045 1.000045 1.000045 1.000045 1.000045 1.000045 1.000045 1.000045 1.000045 1.000045 1.000045 1.000045 1.000045 1.000045 1.000045 1.000045 1.000045 1.000045 1.000045 1.000045 1.000000
1.000000 1.000045 1.000045 1.000045 1.000045 1.000045 1.000045 1.000045 1.000045 1.000045 1.000045 1.000045 1.000045 1.000045 1.000045 1.000045 1.000045 1.000045 1.000045 1.000045 1.000045 1.000045 1.000045 1.000045 1.000045 1.000045 1.000045 1.000045 1.000045 1.000045 1.000045 1.000045 1.000045 1.000045 1.000045 1.000045 1.000045 1.000045 1.000045 1.000045 1.000045 1.000045 1.000045 1.000045 1.000045 1.000045 1.000045 1.000045 1.000045 1.000045 1.000045 1.000045 1.000045 1.000045 1.000045 1.000045 1.000045 1.000045 1.000045 1.000045 1.000045 1.000045 1.000045 1.000045 1.000045 1.000045 1.000045 1.000045 1.000045 1.000045 1.000045 1.000045 1.000045 1.000045 1.000045 1.000045 1.000045 1.000045 1.000045 1.000045 1.000045 1.000045 1.000045 1.000045 1.000045 1.000045 1.000045 1.000045 1.000045 1.000045 1.000045 1.000045 1.000045 1.000045 1.000045 1.000045 1.000045 1.000045 1.000045 1.000045 1.000045 1.000045 1.000045 1.000045 1.000045 1.000045 1.000045 1.000045 1.000045 1.000045 1.000045 1.000045 1.000045 1.000045 1.000045 1.000045 1.000045 1.000045 1.000045 1.000045 1.000045 1.000045 1.000045 1.000045 1.000045 1.000045 1.000045 1.000045 1.000045 1.000045 1.000045 1.000045 1.000045 1.000045 1.000045 1.000045 1.000045 1.000045 1.000045 1.000045 1.000045 1.000045 1.000045 1.000045 1.000045 1.000045 1.000045 1.000045 1.000045 1.000045 1.000045 1.000045 1.000045 1.000045 1.000045 1.000045 1.000045 1.000045 1.000045 1.000045 1.000045 1.000045 1.000045 1.000045 1.000045 1.000045 1.000045 1.000045 1.000045 1.000045 1.000045 1.000045 1.000045 1.000045 1.000045 1.000045 1.000045 1.000045 1.000045 1.000045 1.000045 1.000045 1.000045 1.000045 1.000045 1.000045 1.000045 1.000045 1.000045 1.000045 1.000045 1.000045 1.000045 1.000045 1.000045 1.000045 1.000045 1.000045 1.000045 1.000045 1.000045 1.000000
1.000000 1.000000 1.000000 1.000000 1.000000 1.000000 1.000000 1.000000 1.000000 1.000000 1.000000 1.000000 1.000000 1.000000 1.000000 1.000000 1.000000 1.000000 1.000000 1.000000 1.000000 1.000000 1.000000 1.000000 1.000000 1.000000 1.000000 1.000000 1.000000 1.000000 1.000000 1.000000 1.000000 1.000000 1.000000 1.000000 1.000000 1.000000 1.000000 1.000000 1.000000 1.000000 1.000000 1.000000 1.000000 1.000000 1.000000 1.000000 1.000000 1.000000 1.000000 1.000000 1.000000 1.000000 1.000000 1.000000 1.000000 1.000000 1.000000 1.000000 1.000000 1.000000 1.000000 1.000000 1.000000 1.000000 1.000000 1.000000 1.000000 1.000000 1.000000 1.000000 1.000000 1.000000 1.000000 1.000000 1.000000 1.000000 1.000000 1.000000 1.000000 1.000000 1.000000 1.000000 1.000000 1.000000 1.000000 1.000000 1.000000 1.000000 1.000000 1.000000 1.000000 1.000000 1.000000 1.000000 1.000000 1.000000 1.000000 1.000000 1.000000 1.000000 1.000000 1.000000 1.000000 1.000000 1.000000 1.000000 1.000000 1.000000 1.000000 1.000000 1.000000 1.000000 1.000000 1.000000 1.000000 1.000000 1.000000 1.000000 1.000000 1.000000 1.000000 1.000000 1.000000 1.000000 1.000000 1.000000 1.000000 1.000000 1.000000 1.000000 1.000000 1.000000 1.000000 1.000000 1.000000 1.000000 1.000000 1.000000 1.000000 1.000000 1.000000 1.000000 1.000000 1.000000 1.000000 1.000000 1.000000 1.000000 1.000000 1.000000 1.000000 1.000000 1.000000 1.000000 1.000000 1.000000 1.000000 1.000000 1.000000 1.000000 1.000000 1.000000 1.000000 1.000000 1.000000 1.000000 1.000000 1.000000 1.000000 1.000000 1.000000 1.000000 1.000000 1.000000 1.000000 1.000000 1.000000 1.000000 1.000000 1.000000 1.000000 1.000000 1.000000 1.000000 1.000000 1.000000 1.000000 1.000000 1.000000 1.000000 1.000000 1.000000 1.000000 1.000000 1.000000 1.000000 1.000000 1.000000 1.000000 1.000000
