0.015 0.092
0.000000 0.000000 0.000000 0.000000 0.000000 0.000000 0.000000 0.000000 0.000000 0.000000 0.000000 0.000000 0.000000 0.000000 0.000000 0.000000 0.000000 0.000000 0.000000 0.000000 0.000000 0.000000 0.000000 0.000000 0.000000 0.000000 0.000000 0.000000 0.000000 0.000000 0.000000 0.000000 0.000000 0.000000 0.000000 0.000000 0.000000 0.000000 0.000000 0.000000 0.000000 0.000000 0.000000 0.000000 0.000000 0.000000 0.000000 0.000000 0.000000 0.000000 0.000000 0.000000 0.000000 0.000000 0.000000 0.000000 0.000000 0.000000 0.000000 0.000000 0.000000 0.000000 0.000000 0.000000 0.000000 0.000000 0.000000 0.000000 0.000000 0.000000 0.000000 0.000000 0.000000 0.000000 0.000000 0.000000 0.000000 0.000000 0.000000 0.000000 0.000000 0.000000 0.000000 0.000000 0.000000 0.000000 0.000000 0.000000 0.000000 0.000000 0.000000 0.000000 0.000000 0.000000 0.000000 0.000000 0.000000 0.000000 0.000000 0.000000 0.000000 0.000000 0.000000 0.000000 0.000000 0.000000 0.000000 0.000000 0.000000 0.000000 0.000000 0.000000 0.000000 0.000000 0.000000 0.000000 0.000000 0.000000 0.000000 0.000000 0.000000 0.000000 0.000000 0.000000 0.000000 0.000000 0.000000 0.000000 0.000000 0.000000 0.000000 0.000000 0.000000 0.000000 0.000000 0.000000 0.000000 0.000000 0.000000 0.000000 0.000000 0.000000 0.000000 0.000000 0.000000 0.000000 0.000000 0.000000 0.000000 0.000000 0.000000 0.000000 0.000000 0.000000 0.000000 0.000000 0.000000 0.000000 0.000000 0.000000 0.000000 0.000000 0.000000 0.000000 0.000000 0.000000 0.000000 0.000000 0.000000 0.000000 0.000000 0.000000 0.000000 0.000000 0.000000 0.000000 0.000000 0.000000 0.000000 0.000000 0.000000 0.000000 0.000000 0.000000 0.000000 0.000000 0.000000 0.000000 0.000000 0.000000 0.000000 0.000000 0.000000 0.000000 0.000000 0.000000 0.000000 0.000000 0.000000 0.000000 0.000000 0.000000
0.000000 0.004957 0.005643 0.005685 0.005599 0.005489 0.005380 0.005279 0.005187 0.005104 0.005031 0.004965 0.004907 0.004855 0.004809 0.004767 0.004730 0.004695 0.004664 0.004635 0.004608 0.004583 0.004560 0.004538 0.004517 0.004497 0.004478 0.004460 0.004443 0.004426 0.004411 0.004395 0.004381 0.004367 0.004353 0.004340 0.004327 0.004315 0.004303 0.004292 0.004281 0.004271 0.004261 0.004251 0.004242 0.004233 0.004225 0.004216 0.004208 0.004201 0.004193 0.004186 0.004180 0.004173 0.004167 0.004161 0.004155 0.004150 0.004144 0.004139 0.004134 0.004130 0.004125 0.004121 0.004117 0.004113 0.004109 0.004106 0.004103 0.004099 0.004096 0.004093 0.004091 0.004088 0.004085 0.004083 0.004081 0.004079 0.004076 0.004075 0.004073 0.004071 0.004069 0.004068 0.004067 0.004065 0.004064 0.004063 0.004062 0.004061 0.004060 0.004059 0.004059 0.004058 0.004057 0.004057 0.004057 0.004056 0.004056 0.004056 0.004056 0.004056 0.004056 0.004056 0.004056 0.004057 0.004057 0.004057 0.004058 0.004059 0.004059 0.004060 0.004061 0.004062 0.004063 0.004064 0.004065 0.004067 0.004068 0.004069 0.004071 0.004073 0.004075 0.004076 0.004079 0.004081 0.004083 0.004085 0.004088 0.004091 0.004093 0.004096 0.004099 0.004103 0.004106 0.004109 0.004113 0.004117 0.004121 0.004125 0.004130 0.004134 0.004139 0.004144 0.004150 0.004155 0.004161 0.004167 0.004173 0.004180 0.004186 0.004193 0.004201 0.004208 0.004216 0.004225 0.004233 0.004242 0.004251 0.004261 0.004271 0.004281 0.004292 0.004303 0.004315 0.004327 0.004340 0.004353 0.004367 0.004381 0.004395 0.004411 0.004426 0.004443 0.004460 0.004478 0.004497 0.004517 0.004538 0.004560 0.004583 0.004608 0.004635 0.004664 0.004695 0.004730 0.004767 0.004809 0.004855 0.004907 0.004965 0.005031 0.005104 0.005187 0.005279 0.005380 0.005489 0.005599 0.005685 0.005643 0.004957 0.000000
0.002727 0.006609 0.007462 0.007562 0.007482 0.007362 0.007236 0.007116 0.007007 0.006908 0.006819 0.006740 0.006670 0.006607 0.006550 0.006500 0.006454 0.006413 0.006375 0.006340 0.006308 0.006278 0.006250 0.006223 0.006198 0.006174 0.006152 0.006130 0.006110 0.006090 0.006071 0.006053 0.006035 0.006019 0.006002 0.005987 0.005972 0.005958 0.005944 0.005930 0.005918 0.005905 0.005893 0.005882 0.005871 0.005861 0.005850 0.005841 0.005831 0.005822 0.005814 0.005805 0.005798 0.005790 0.005783 0.005776 0.005769 0.005762 0.005756 0.005750 0.005745 0.005739 0.005734 0.005729 0.005724 0.005720 0.005716 0.005711 0.005707 0.005704 0.005700 0.005697 0.005694 0.005690 0.005688 0.005685 0.005682 0.005680 0.005677 0.005675 0.005673 0.005671 0.005669 0.005667 0.005666 0.005664 0.005663 0.005662 0.005660 0.005659 0.005658 0.005658 0.005657 0.005656 0.005655 0.005655 0.005654 0.005654 0.005654 0.005654 0.005654 0.005654 0.005654 0.005654 0.005654 0.005654 0.005655 0.005655 0.005656 0.005657 0.005658 0.005658 0.005659 0.005660 0.005662 0.005663 0.005664 0.005666 0.005667 0.005669 0.005671 0.005673 0.005675 0.005677 0.005680 0.005682 0.005685 0.005688 0.005690 0.005694 0.005697 0.005700 0.005704 0.005707 0.005711 0.005716 0.005720 0.005724 0.005729 0.005734 0.005739 0.005745 0.005750 0.005756 0.005762 0.005769 0.005776 0.005783 0.005790 0.005798 0.005805 0.005814 0.005822 0.005831 0.005841 0.005850 0.005861 0.005871 0.005882 0.005893 0.005905 0.005918 0.005930 0.005944 0.005958 0.005972 0.005987 0.006002 0.006019 0.006035 0.006053 0.006071 0.006090 0.006110 0.006130 0.006152 0.006174 0.006198 0.006223 0.006250 0.006278 0.006308 0.006340 0.006375 0.006413 0.006454 0.006500 0.006550 0.006607 0.006670 0.006740 0.006819 0.006908 0.007007 0.007116 0.007236 0.007362 0.007482 0.007562 0.007462 0.006609 0.002727
0.006497 0.007734 0.008286 0.008381 0.008323 0.008221 0.008110 0.008002 0.007901 0.007808 0.007725 0.007649 0.007582 0.007522 0.007468 0.007420 0.007376 0.007337 0.007300 0.007267 0.007237 0.007208 0.007181 0.007156 0.007133 0.007110 0.007089 0.007069 0.007050 0.007031 0.007013 0.006996 0.006980 0.006964 0.006949 0.006935 0.006921 0.006908 0.006895 0.006882 0.006870 0.006859 0.006848 0.006837 0.006827 0.006817 0.006808 0.006799 0.006790 0.006782 0.006774 0.006767 0.006759 0.006752 0.006746 0.006739 0.006733 0.006727 0.006721 0.006716 0.006711 0.006706 0.006701 0.006697 0.006692 0.006688 0.006684 0.006681 0.006677 0.006674 0.006671 0.006668 0.006665 0.006662 0.006659 0.006657 0.006654 0.006652 0.006650 0.006648 0.006646 0.006645 0.006643 0.006641 0.006640 0.006639 0.006637 0.006636 0.006635 0.006634 0.006633 0.006633 0.006632 0.006631 0.006631 0.006630 0.006630 0.006629 0.006629 0.006629 0.006629 0.006629 0.006629 0.006629 0.006629 0.006630 0.006630 0.006631 0.006631 0.006632 0.006633 0.006633 0.006634 0.006635 0.006636 0.006637 0.006639 0.006640 0.006641 0.006643 0.006645 0.006646 0.006648 0.006650 0.006652 0.006654 0.006657 0.006659 0.006662 0.006665 0.006668 0.006671 0.006674 0.006677 0.006681 0.006684 0.006688 0.006692 0.006697 0.006701 0.006706 0.006711 0.006716 0.006721 0.006727 0.006733 0.006739 0.006746 0.006752 0.006759 0.006767 0.006774 0.006782 0.006790 0.006799 0.006808 0.006817 0.006827 0.006837 0.006848 0.006859 0.006870 0.006882 0.006895 0.006908 0.006921 0.006935 0.006949 0.006964 0.006980 0.006996 0.007013 0.007031 0.007050 0.007069 0.007089 0.007110 0.007133 0.007156 0.007181 0.007208 0.007237 0.007267 0.007300 0.007337 0.007376 0.007420 0.007468 0.007522 0.007582 0.007649 0.007725 0.007808 0.007901 0.008002 0.008110 0.008221 0.008323 0.008381 0.008286 0.007734 0.006497
0.007664 0.008554 0.008836 0.008898 0.008860 0.008784 0.008697 0.008609 0.008525 0.008446 0.008375 0.008310 0.008251 0.008199 0.008151 0.008109 0.008070 0.008036 0.008004 0.007975 0.007948 0.007923 0.007900 0.007878 0.007858 0.007838 0.007820 0.007803 0.007786 0.007770 0.007755 0.007740 0.007726 0.007713 0.007700 0.007687 0.007675 0.007664 0.007653 0.007642 0.007632 0.007623 0.007613 0.007604 0.007596 0.007587 0.007579 0.007572 0.007565 0.007558 0.007551 0.007545 0.007538 0.007533 0.007527 0.007522 0.007516 0.007512 0.007507 0.007502 0.007498 0.007494 0.007490 0.007486 0.007483 0.007480 0.007476 0.007473 0.007470 0.007468 0.007465 0.007463 0.007460 0.007458 0.007456 0.007454 0.007452 0.007450 0.007448 0.007447 0.007445 0.007444 0.007443 0.007441 0.007440 0.007439 0.007438 0.007437 0.007437 0.007436 0.007435 0.007434 0.007434 0.007433 0.007433 0.007433 0.007432 0.007432 0.007432 0.007432 0.007432 0.007432 0.007432 0.007432 0.007432 0.007432 0.007433 0.007433 0.007433 0.007434 0.007434 0.007435 0.007436 0.007437 0.007437 0.007438 0.007439 0.007440 0.007441 0.007443 0.007444 0.007445 0.007447 0.007448 0.007450 0.007452 0.007454 0.007456 0.007458 0.007460 0.007463 0.007465 0.007468 0.007470 0.007473 0.007476 0.007480 0.007483 0.007486 0.007490 0.007494 0.007498 0.007502 0.007507 0.007512 0.007516 0.007522 0.007527 0.007533 0.007538 0.007545 0.007551 0.007558 0.007565 0.007572 0.007579 0.007587 0.007596 0.007604 0.007613 0.007623 0.007632 0.007642 0.007653 0.007664 0.007675 0.007687 0.007700 0.007713 0.007726 0.007740 0.007755 0.007770 0.007786 0.007803 0.007820 0.007838 0.007858 0.007878 0.007900 0.007923 0.007948 0.007975 0.008004 0.008036 0.008070 0.008109 0.008151 0.008199 0.008251 0.008310 0.008375 0.008446 0.008525 0.008609 0.008697 0.008784 0.008860 0.008898 0.008836 0.008554 0.007664
0.008394 0.009058 0.009268 0.009313 0.009292 0.009242 0.009179 0.009113 0.009048 0.008986 0.008928 0.008875 0.008827 0.008783 0.008744 0.008708 0.008676 0.008647 0.008620 0.008596 0.008573 0.008552 0.008533 0.008515 0.008498 0.008482 0.008467 0.008453 0.008439 0.008426 0.008413 0.008401 0.008390 0.008379 0.008368 0.008358 0.008348 0.008339 0.008330 0.008322 0.008313 0.008305 0.008298 0.008291 0.008284 0.008277 0.008271 0.008265 0.008259 0.008253 0.008248 0.008243 0.008238 0.008233 0.008229 0.008225 0.008221 0.008217 0.008213 0.008210 0.008206 0.008203 0.008200 0.008197 0.008195 0.008192 0.008189 0.008187 0.008185 0.008183 0.008181 0.008179 0.008177 0.008175 0.008174 0.008172 0.008171 0.008170 0.008168 0.008167 0.008166 0.008165 0.008164 0.008163 0.008162 0.008162 0.008161 0.008160 0.008160 0.008159 0.008158 0.008158 0.008158 0.008157 0.008157 0.008157 0.008156 0.008156 0.008156 0.008156 0.008156 0.008156 0.008156 0.008156 0.008156 0.008156 0.008157 0.008157 0.008157 0.008158 0.008158 0.008158 0.008159 0.008160 0.008160 0.008161 0.008162 0.008162 0.008163 0.008164 0.008165 0.008166 0.008167 0.008168 0.008170 0.008171 0.008172 0.008174 0.008175 0.008177 0.008179 0.008181 0.008183 0.008185 0.008187 0.008189 0.008192 0.008195 0.008197 0.008200 0.008203 0.008206 0.008210 0.008213 0.008217 0.008221 0.008225 0.008229 0.008233 0.008238 0.008243 0.008248 0.008253 0.008259 0.008265 0.008271 0.008277 0.008284 0.008291 0.008298 0.008305 0.008313 0.008322 0.008330 0.008339 0.008348 0.008358 0.008368 0.008379 0.008390 0.008401 0.008413 0.008426 0.008439 0.008453 0.008467 0.008482 0.008498 0.008515 0.008533 0.008552 0.008573 0.008596 0.008620 0.008647 0.008676 0.008708 0.008744 0.008783 0.008827 0.008875 0.008928 0.008986 0.009048 0.009113 0.009179 0.009242 0.009292 0.009313 0.009268 0.009058 0.008394
0.008906 0.009449 0.009626 0.009673 0.009668 0.009639 0.009599 0.009554 0.009507 0.009461 0.009417 0.009375 0.009337 0.009303 0.009271 0.009242 0.009216 0.009193 0.009171 0.009151 0.009133 0.009117 0.009101 0.009086 0.009073 0.009060 0.009048 0.009036 0.009025 0.009015 0.009005 0.008996 0.008987 0.008978 0.008970 0.008962 0.008954 0.008947 0.008940 0.008933 0.008927 0.008920 0.008915 0.008909 0.008904 0.008898 0.008894 0.008889 0.008884 0.008880 0.008876 0.008872 0.008869 0.008865 0.008862 0.008858 0.008855 0.008853 0.008850 0.008847 0.008845 0.008842 0.008840 0.008838 0.008836 0.008834 0.008832 0.008831 0.008829 0.008828 0.008826 0.008825 0.008824 0.008822 0.008821 0.008820 0.008819 0.008818 0.008818 0.008817 0.008816 0.008815 0.008815 0.008814 0.008813 0.008813 0.008812 0.008812 0.008812 0.008811 0.008811 0.008811 0.008810 0.008810 0.008810 0.008810 0.008810 0.008809 0.008809 0.008809 0.008809 0.008809 0.008809 0.008809 0.008809 0.008810 0.008810 0.008810 0.008810 0.008810 0.008811 0.008811 0.008811 0.008812 0.008812 0.008812 0.008813 0.008813 0.008814 0.008815 0.008815 0.008816 0.008817 0.008818 0.008818 0.008819 0.008820 0.008821 0.008822 0.008824 0.008825 0.008826 0.008828 0.008829 0.008831 0.008832 0.008834 0.008836 0.008838 0.008840 0.008842 0.008845 0.008847 0.008850 0.008853 0.008855 0.008858 0.008862 0.008865 0.008869 0.008872 0.008876 0.008880 0.008884 0.008889 0.008894 0.008898 0.008904 0.008909 0.008915 0.008920 0.008927 0.008933 0.008940 0.008947 0.008954 0.008962 0.008970 0.008978 0.008987 0.008996 0.009005 0.009015 0.009025 0.009036 0.009048 0.009060 0.009073 0.009086 0.009101 0.009117 0.009133 0.009151 0.009171 0.009193 0.009216 0.009242 0.009271 0.009303 0.009337 0.009375 0.009417 0.009461 0.009507 0.009554 0.009599 0.009639 0.009668 0.009673 0.009626 0.009449 0.008906
0.009287 0.009770 0.009934 0.009987 0.009997 0.009987 0.009965 0.009938 0.009907 0.009876 0.009844 0.009814 0.009785 0.009759 0.009735 0.009712 0.009692 0.009674 0.009657 0.009641 0.009627 0.009614 0.009602 0.009590 0.009580 0.009570 0.009560 0.009551 0.009543 0.009535 0.009527 0.009520 0.009513 0.009506 0.009500 0.009494 0.009488 0.009482 0.009477 0.009472 0.009467 0.009463 0.009458 0.009454 0.009450 0.009446 0.009443 0.009439 0.009436 0.009433 0.009430 0.009427 0.009424 0.009422 0.009420 0.009417 0.009415 0.009413 0.009411 0.009409 0.009408 0.009406 0.009405 0.009403 0.009402 0.009401 0.009399 0.009398 0.009397 0.009396 0.009395 0.009394 0.009394 0.009393 0.009392 0.009391 0.009391 0.009390 0.009390 0.009389 0.009389 0.009388 0.009388 0.009388 0.009387 0.009387 0.009387 0.009386 0.009386 0.009386 0.009386 0.009386 0.009386 0.009385 0.009385 0.009385 0.009385 0.009385 0.009385 0.009385 0.009385 0.009385 0.009385 0.009385 0.009385 0.009385 0.009385 0.009385 0.009385 0.009386 0.009386 0.009386 0.009386 0.009386 0.009386 0.009387 0.009387 0.009387 0.009388 0.009388 0.009388 0.009389 0.009389 0.009390 0.009390 0.009391 0.009391 0.009392 0.009393 0.009394 0.009394 0.009395 0.009396 0.009397 0.009398 0.009399 0.009401 0.009402 0.009403 0.009405 0.009406 0.009408 0.009409 0.009411 0.009413 0.009415 0.009417 0.009420 0.009422 0.009424 0.009427 0.009430 0.009433 0.009436 0.009439 0.009443 0.009446 0.009450 0.009454 0.009458 0.009463 0.009467 0.009472 0.009477 0.009482 0.009488 0.009494 0.009500 0.009506 0.009513 0.009520 0.009527 0.009535 0.009543 0.009551 0.009560 0.009570 0.009580 0.009590 0.009602 0.009614 0.009627 0.009641 0.009657 0.009674 0.009692 0.009712 0.009735 0.009759 0.009785 0.009814 0.009844 0.009876 0.009907 0.009938 0.009965 0.009987 0.009997 0.009987 0.009934 0.009770 0.009287
0.009584 0.010041 0.010201 0.010261 0.010282 0.010287 0.010280 0.010268 0.010251 0.010231 0.010211 0.010191 0.010171 0.010151 0.010134 0.010117 0.010102 0.010088 0.010075 0.010063 0.010052 0.010042 0.010033 0.010025 0.010016 0.010009 0.010002 0.009995 0.009989 0.009983 0.009977 0.009972 0.009967 0.009962 0.009957 0.009952 0.009948 0.009944 0.009940 0.009937 0.009933 0.009930 0.009927 0.009924 0.009921 0.009918 0.009916 0.009913 0.009911 0.009909 0.009907 0.009905 0.009903 0.009901 0.009900 0.009898 0.009897 0.009896 0.009894 0.009893 0.009892 0.009891 0.009890 0.009889 0.009888 0.009888 0.009887 0.009886 0.009886 0.009885 0.009885 0.009884 0.009884 0.009883 0.009883 0.009883 0.009882 0.009882 0.009882 0.009882 0.009881 0.009881 0.009881 0.009881 0.009881 0.009881 0.009880 0.009880 0.009880 0.009880 0.009880 0.009880 0.009880 0.009880 0.009880 0.009880 0.009880 0.009880 0.009880 0.009880 0.009880 0.009880 0.009880 0.009880 0.009880 0.009880 0.009880 0.009880 0.009880 0.009880 0.009880 0.009880 0.009880 0.009880 0.009880 0.009880 0.009881 0.009881 0.009881 0.009881 0.009881 0.009881 0.009882 0.009882 0.009882 0.009882 0.009883 0.009883 0.009883 0.009884 0.009884 0.009885 0.009885 0.009886 0.009886 0.009887 0.009888 0.009888 0.009889 0.009890 0.009891 0.009892 0.009893 0.009894 0.009896 0.009897 0.009898 0.009900 0.009901 0.009903 0.009905 0.009907 0.009909 0.009911 0.009913 0.009916 0.009918 0.009921 0.009924 0.009927 0.009930 0.009933 0.009937 0.009940 0.009944 0.009948 0.009952 0.009957 0.009962 0.009967 0.009972 0.009977 0.009983 0.009989 0.009995 0.010002 0.010009 0.010016 0.010025 0.010033 0.010042 0.010052 0.010063 0.010075 0.010088 0.010102 0.010117 0.010134 0.010151 0.010171 0.010191 0.010211 0.010231 0.010251 0.010268 0.010280 0.010287 0.010282 0.010261 0.010201 0.010041 0.009584
0.009822 0.010269 0.010429 0.010495 0.010526 0.010541 0.010547 0.010546 0.010540 0.010531 0.010520 0.010508 0.010495 0.010482 0.010470 0.010459 0.010448 0.010438 0.010428 0.010420 0.010412 0.010404 0.010398 0.010391 0.010385 0.010380 0.010375 0.010370 0.010365 0.010361 0.010357 0.010353 0.010349 0.010346 0.010343 0.010339 0.010337 0.010334 0.010331 0.010329 0.010326 0.010324 0.010322 0.010320 0.010318 0.010316 0.010314 0.010313 0.010311 0.010310 0.010309 0.010308 0.010306 0.010305 0.010304 0.010304 0.010303 0.010302 0.010301 0.010301 0.010300 0.010300 0.010299 0.010299 0.010298 0.010298 0.010298 0.010297 0.010297 0.010297 0.010297 0.010297 0.010296 0.010296 0.010296 0.010296 0.010296 0.010296 0.010296 0.010296 0.010296 0.010296 0.010296 0.010296 0.010296 0.010296 0.010296 0.010296 0.010296 0.010296 0.010296 0.010296 0.010296 0.010296 0.010296 0.010296 0.010296 0.010296 0.010296 0.010296 0.010296 0.010296 0.010296 0.010296 0.010296 0.010296 0.010296 0.010296 0.010296 0.010296 0.010296 0.010296 0.010296 0.010296 0.010296 0.010296 0.010296 0.010296 0.010296 0.010296 0.010296 0.010296 0.010296 0.010296 0.010296 0.010296 0.010296 0.010296 0.010296 0.010296 0.010297 0.010297 0.010297 0.010297 0.010297 0.010298 0.010298 0.010298 0.010299 0.010299 0.010300 0.010300 0.010301 0.010301 0.010302 0.010303 0.010304 0.010304 0.010305 0.010306 0.010308 0.010309 0.010310 0.010311 0.010313 0.010314 0.010316 0.010318 0.010320 0.010322 0.010324 0.010326 0.010329 0.010331 0.010334 0.010337 0.010339 0.010343 0.010346 0.010349 0.010353 0.010357 0.010361 0.010365 0.010370 0.010375 0.010380 0.010385 0.010391 0.010398 0.010404 0.010412 0.010420 0.010428 0.010438 0.010448 0.010459 0.010470 0.010482 0.010495 0.010508 0.010520 0.010531 0.010540 0.010546 0.010547 0.010541 0.010526 0.010495 0.010429 0.010269 0.009822
0.010015 0.010460 0.010621 0.010692 0.010730 0.010754 0.010769 0.010777 0.010780 0.010780 0.010776 0.010771 0.010764 0.010757 0.010749 0.010742 0.010735 0.010728 0.010722 0.010716 0.010710 0.010705 0.010700 0.010696 0.010692 0.010688 0.010684 0.010681 0.010678 0.010675 0.010672 0.010669 0.010667 0.010665 0.010662 0.010660 0.010658 0.010657 0.010655 0.010653 0.010652 0.010650 0.010649 0.010648 0.010647 0.010646 0.010645 0.010644 0.010643 0.010642 0.010642 0.010641 0.010640 0.010640 0.010639 0.010639 0.010639 0.010638 0.010638 0.010638 0.010638 0.010638 0.010637 0.010637 0.010637 0.010637 0.010637 0.010637 0.010637 0.010637 0.010637 0.010637 0.010638 0.010638 0.010638 0.010638 0.010638 0.010638 0.010638 0.010638 0.010639 0.010639 0.010639 0.010639 0.010639 0.010639 0.010639 0.010639 0.010640 0.010640 0.010640 0.010640 0.010640 0.010640 0.010640 0.010640 0.010640 0.010640 0.010640 0.010640 0.010640 0.010640 0.010640 0.010640 0.010640 0.010640 0.010640 0.010640 0.010640 0.010640 0.010640 0.010640 0.010640 0.010640 0.010639 0.010639 0.010639 0.010639 0.010639 0.010639 0.010639 0.010639 0.010638 0.010638 0.010638 0.010638 0.010638 0.010638 0.010638 0.010638 0.010637 0.010637 0.010637 0.010637 0.010637 0.010637 0.010637 0.010637 0.010637 0.010637 0.010638 0.010638 0.010638 0.010638 0.010638 0.010639 0.010639 0.010639 0.010640 0.010640 0.010641 0.010642 0.010642 0.010643 0.010644 0.010645 0.010646 0.010647 0.010648 0.010649 0.010650 0.010652 0.010653 0.010655 0.010657 0.010658 0.010660 0.010662 0.010665 0.010667 0.010669 0.010672 0.010675 0.010678 0.010681 0.010684 0.010688 0.010692 0.010696 0.010700 0.010705 0.010710 0.010716 0.010722 0.010728 0.010735 0.010742 0.010749 0.010757 0.010764 0.010771 0.010776 0.010780 0.010780 0.010777 0.010769 0.010754 0.010730 0.010692 0.010621 0.010460 0.010015
0.010172 0.010619 0.010783 0.010857 0.010900 0.010930 0.010952 0.010967 0.010977 0.010983 0.010985 0.010986 0.010984 0.010981 0.010978 0.010974 0.010969 0.010965 0.010961 0.010958 0.010954 0.010951 0.010948 0.010945 0.010942 0.010940 0.010937 0.010935 0.010933 0.010931 0.010929 0.010928 0.010926 0.010925 0.010923 0.010922 0.010921 0.010920 0.010919 0.010918 0.010917 0.010917 0.010916 0.010915 0.010915 0.010914 0.010914 0.010914 0.010913 0.010913 0.010913 0.010913 0.010912 0.010912 0.010912 0.010912 0.010912 0.010912 0.010912 0.010912 0.010913 0.010913 0.010913 0.010913 0.010913 0.010913 0.010914 0.010914 0.010914 0.010914 0.010915 0.010915 0.010915 0.010915 0.010916 0.010916 0.010916 0.010917 0.010917 0.010917 0.010917 0.010918 0.010918 0.010918 0.010918 0.010918 0.010919 0.010919 0.010919 0.010919 0.010919 0.010920 0.010920 0.010920 0.010920 0.010920 0.010920 0.010920 0.010920 0.010920 0.010920 0.010920 0.010920 0.010920 0.010920 0.010920 0.010920 0.010920 0.010920 0.010920 0.010920 0.010919 0.010919 0.010919 0.010919 0.010919 0.010918 0.010918 0.010918 0.010918 0.010918 0.010917 0.010917 0.010917 0.010917 0.010916 0.010916 0.010916 0.010915 0.010915 0.010915 0.010915 0.010914 0.010914 0.010914 0.010914 0.010913 0.010913 0.010913 0.010913 0.010913 0.010913 0.010912 0.010912 0.010912 0.010912 0.010912 0.010912 0.010912 0.010912 0.010913 0.010913 0.010913 0.010913 0.010914 0.010914 0.010914 0.010915 0.010915 0.010916 0.010917 0.010917 0.010918 0.010919 0.010920 0.010921 0.010922 0.010923 0.010925 0.010926 0.010928 0.010929 0.010931 0.010933 0.010935 0.010937 0.010940 0.010942 0.010945 0.010948 0.010951 0.010954 0.010958 0.010961 0.010965 0.010969 0.010974 0.010978 0.010981 0.010984 0.010986 0.010985 0.010983 0.010977 0.010967 0.010952 0.010930 0.010900 0.010857 0.010783 0.010619 0.010172
0.010301 0.010751 0.010916 0.010993 0.011040 0.011074 0.011101 0.011121 0.011136 0.011147 0.011155 0.011159 0.011161 0.011162 0.011162 0.011160 0.011159 0.011157 0.011155 0.011153 0.011151 0.011149 0.011147 0.011146 0.011144 0.011143 0.011141 0.011140 0.011139 0.011138 0.011137 0.011136 0.011135 0.011135 0.011134 0.011133 0.011133 0.011132 0.011132 0.011132 0.011131 0.011131 0.011131 0.011131 0.011131 0.011131 0.011131 0.011131 0.011131 0.011131 0.011131 0.011131 0.011131 0.011132 0.011132 0.011132 0.011132 0.011133 0.011133 0.011133 0.011134 0.011134 0.011134 0.011135 0.011135 0.011135 0.011136 0.011136 0.011137 0.011137 0.011137 0.011138 0.011138 0.011139 0.011139 0.011139 0.011140 0.011140 0.011140 0.011141 0.011141 0.011141 0.011142 0.011142 0.011142 0.011143 0.011143 0.011143 0.011143 0.011143 0.011144 0.011144 0.011144 0.011144 0.011144 0.011144 0.011145 0.011145 0.011145 0.011145 0.011145 0.011145 0.011145 0.011145 0.011145 0.011145 0.011144 0.011144 0.011144 0.011144 0.011144 0.011144 0.011143 0.011143 0.011143 0.011143 0.011143 0.011142 0.011142 0.011142 0.011141 0.011141 0.011141 0.011140 0.011140 0.011140 0.011139 0.011139 0.011139 0.011138 0.011138 0.011137 0.011137 0.011137 0.011136 0.011136 0.011135 0.011135 0.011135 0.011134 0.011134 0.011134 0.011133 0.011133 0.011133 0.011132 0.011132 0.011132 0.011132 0.011131 0.011131 0.011131 0.011131 0.011131 0.011131 0.011131 0.011131 0.011131 0.011131 0.011131 0.011131 0.011131 0.011132 0.011132 0.011132 0.011133 0.011133 0.011134 0.011135 0.011135 0.011136 0.011137 0.011138 0.011139 0.011140 0.011141 0.011143 0.011144 0.011146 0.011147 0.011149 0.011151 0.011153 0.011155 0.011157 0.011159 0.011160 0.011162 0.011162 0.011161 0.011159 0.011155 0.011147 0.011136 0.011121 0.011101 0.011074 0.011040 0.010993 0.010916 0.010751 0.010301
0.010405 0.010859 0.011026 0.011104 0.011153 0.011191 0.011221 0.011245 0.011264 0.011279 0.011290 0.011298 0.011303 0.011306 0.011309 0.011310 0.011310 0.011310 0.011309 0.011309 0.011308 0.011307 0.011307 0.011306 0.011305 0.011304 0.011304 0.011303 0.011303 0.011303 0.011302 0.011302 0.011302 0.011302 0.011301 0.011301 0.011301 0.011301 0.011301 0.011301 0.011302 0.011302 0.011302 0.011302 0.011302 0.011303 0.011303 0.011303 0.011304 0.011304 0.011304 0.011305 0.011305 0.011306 0.011306 0.011307 0.011307 0.011307 0.011308 0.011308 0.011309 0.011309 0.011310 0.011311 0.011311 0.011312 0.011312 0.011313 0.011313 0.011314 0.011314 0.011315 0.011315 0.011316 0.011316 0.011316 0.011317 0.011317 0.011318 0.011318 0.011318 0.011319 0.011319 0.011320 0.011320 0.011320 0.011321 0.011321 0.011321 0.011321 0.011322 0.011322 0.011322 0.011322 0.011322 0.011322 0.011322 0.011323 0.011323 0.011323 0.011323 0.011323 0.011323 0.011323 0.011323 0.011322 0.011322 0.011322 0.011322 0.011322 0.011322 0.011322 0.011321 0.011321 0.011321 0.011321 0.011320 0.011320 0.011320 0.011319 0.011319 0.011318 0.011318 0.011318 0.011317 0.011317 0.011316 0.011316 0.011316 0.011315 0.011315 0.011314 0.011314 0.011313 0.011313 0.011312 0.011312 0.011311 0.011311 0.011310 0.011309 0.011309 0.011308 0.011308 0.011307 0.011307 0.011307 0.011306 0.011306 0.011305 0.011305 0.011304 0.011304 0.011304 0.011303 0.011303 0.011303 0.011302 0.011302 0.011302 0.011302 0.011302 0.011301 0.011301 0.011301 0.011301 0.011301 0.011301 0.011302 0.011302 0.011302 0.011302 0.011303 0.011303 0.011303 0.011304 0.011304 0.011305 0.011306 0.011307 0.011307 0.011308 0.011309 0.011309 0.011310 0.011310 0.011310 0.011309 0.011306 0.011303 0.011298 0.011290 0.011279 0.011264 0.011245 0.011221 0.011191 0.011153 0.011104 0.011026 0.010859 0.010405
0.010490 0.010947 0.011115 0.011194 0.011245 0.011284 0.011317 0.011344 0.011366 0.011383 0.011397 0.011407 0.011415 0.011421 0.011425 0.011427 0.011429 0.011431 0.011431 0.011432 0.011432 0.011432 0.011432 0.011432 0.011432 0.011432 0.011432 0.011432 0.011432 0.011432 0.011432 0.011433 0.011433 0.011433 0.011433 0.011434 0.011434 0.011434 0.011435 0.011435 0.011435 0.011436 0.011436 0.011437 0.011437 0.011438 0.011438 0.011439 0.011439 0.011440 0.011441 0.011441 0.011442 0.011442 0.011443 0.011444 0.011444 0.011445 0.011445 0.011446 0.011447 0.011447 0.011448 0.011449 0.011449 0.011450 0.011450 0.011451 0.011452 0.011452 0.011453 0.011453 0.011454 0.011454 0.011455 0.011455 0.011456 0.011456 0.011457 0.011457 0.011458 0.011458 0.011458 0.011459 0.011459 0.011459 0.011460 0.011460 0.011460 0.011461 0.011461 0.011461 0.011461 0.011461 0.011462 0.011462 0.011462 0.011462 0.011462 0.011462 0.011462 0.011462 0.011462 0.011462 0.011462 0.011462 0.011462 0.011462 0.011461 0.011461 0.011461 0.011461 0.011461 0.011460 0.011460 0.011460 0.011459 0.011459 0.011459 0.011458 0.011458 0.011458 0.011457 0.011457 0.011456 0.011456 0.011455 0.011455 0.011454 0.011454 0.011453 0.011453 0.011452 0.011452 0.011451 0.011450 0.011450 0.011449 0.011449 0.011448 0.011447 0.011447 0.011446 0.011445 0.011445 0.011444 0.011444 0.011443 0.011442 0.011442 0.011441 0.011441 0.011440 0.011439 0.011439 0.011438 0.011438 0.011437 0.011437 0.011436 0.011436 0.011435 0.011435 0.011435 0.011434 0.011434 0.011434 0.011433 0.011433 0.011433 0.011433 0.011432 0.011432 0.011432 0.011432 0.011432 0.011432 0.011432 0.011432 0.011432 0.011432 0.011432 0.011432 0.011431 0.011431 0.011429 0.011427 0.011425 0.011421 0.011415 0.011407 0.011397 0.011383 0.011366 0.011344 0.011317 0.011284 0.011245 0.011194 0.011115 0.010947 0.010490
0.010558 0.011018 0.011187 0.011267 0.011318 0.011359 0.011393 0.011422 0.011446 0.011465 0.011481 0.011493 0.011502 0.011510 0.011515 0.011519 0.011523 0.011525 0.011527 0.011528 0.011529 0.011530 0.011530 0.011531 0.011531 0.011532 0.011532 0.011533 0.011533 0.011534 0.011534 0.011534 0.011535 0.011536 0.011536 0.011537 0.011537 0.011538 0.011538 0.011539 0.011540 0.011540 0.011541 0.011542 0.011542 0.011543 0.011544 0.011544 0.011545 0.011546 0.011547 0.011547 0.011548 0.011549 0.011549 0.011550 0.011551 0.011552 0.011552 0.011553 0.011554 0.011554 0.011555 0.011556 0.011556 0.011557 0.011558 0.011558 0.011559 0.011560 0.011560 0.011561 0.011561 0.011562 0.011562 0.011563 0.011564 0.011564 0.011565 0.011565 0.011565 0.011566 0.011566 0.011567 0.011567 0.011567 0.011568 0.011568 0.011568 0.011569 0.011569 0.011569 0.011569 0.011569 0.011570 0.011570 0.011570 0.011570 0.011570 0.011570 0.011570 0.011570 0.011570 0.011570 0.011570 0.011570 0.011570 0.011570 0.011569 0.011569 0.011569 0.011569 0.011569 0.011568 0.011568 0.011568 0.011567 0.011567 0.011567 0.011566 0.011566 0.011565 0.011565 0.011565 0.011564 0.011564 0.011563 0.011562 0.011562 0.011561 0.011561 0.011560 0.011560 0.011559 0.011558 0.011558 0.011557 0.011556 0.011556 0.011555 0.011554 0.011554 0.011553 0.011552 0.011552 0.011551 0.011550 0.011549 0.011549 0.011548 0.011547 0.011547 0.011546 0.011545 0.011544 0.011544 0.011543 0.011542 0.011542 0.011541 0.011540 0.011540 0.011539 0.011538 0.011538 0.011537 0.011537 0.011536 0.011536 0.011535 0.011534 0.011534 0.011534 0.011533 0.011533 0.011532 0.011532 0.011531 0.011531 0.011530 0.011530 0.011529 0.011528 0.011527 0.011525 0.011523 0.011519 0.011515 0.011510 0.011502 0.011493 0.011481 0.011465 0.011446 0.011422 0.011393 0.011359 0.011318 0.011267 0.011187 0.011018 0.010558
0.010613 0.011075 0.011244 0.011325 0.011377 0.011418 0.011453 0.011483 0.011508 0.011529 0.011546 0.011560 0.011570 0.011579 0.011586 0.011591 0.011595 0.011598 0.011600 0.011602 0.011604 0.011605 0.011606 0.011607 0.011608 0.011609 0.011609 0.011610 0.011611 0.011612 0.011612 0.011613 0.011614 0.011614 0.011615 0.011616 0.011617 0.011618 0.011618 0.011619 0.011620 0.011621 0.011621 0.011622 0.011623 0.011624 0.011625 0.011626 0.011626 0.011627 0.011628 0.011629 0.011630 0.011630 0.011631 0.011632 0.011633 0.011633 0.011634 0.011635 0.011636 0.011637 0.011637 0.011638 0.011639 0.011639 0.011640 0.011641 0.011641 0.011642 0.011643 0.011643 0.011644 0.011645 0.011645 0.011646 0.011646 0.011647 0.011647 0.011648 0.011648 0.011649 0.011649 0.011649 0.011650 0.011650 0.011651 0.011651 0.011651 0.011651 0.011652 0.011652 0.011652 0.011652 0.011652 0.011653 0.011653 0.011653 0.011653 0.011653 0.011653 0.011653 0.011653 0.011653 0.011653 0.011653 0.011653 0.011652 0.011652 0.011652 0.011652 0.011652 0.011651 0.011651 0.011651 0.011651 0.011650 0.011650 0.011649 0.011649 0.011649 0.011648 0.011648 0.011647 0.011647 0.011646 0.011646 0.011645 0.011645 0.011644 0.011643 0.011643 0.011642 0.011641 0.011641 0.011640 0.011639 0.011639 0.011638 0.011637 0.011637 0.011636 0.011635 0.011634 0.011633 0.011633 0.011632 0.011631 0.011630 0.011630 0.011629 0.011628 0.011627 0.011626 0.011626 0.011625 0.011624 0.011623 0.011622 0.011621 0.011621 0.011620 0.011619 0.011618 0.011618 0.011617 0.011616 0.011615 0.011614 0.011614 0.011613 0.011612 0.011612 0.011611 0.011610 0.011609 0.011609 0.011608 0.011607 0.011606 0.011605 0.011604 0.011602 0.011600 0.011598 0.011595 0.011591 0.011586 0.011579 0.011570 0.011560 0.011546 0.011529 0.011508 0.011483 0.011453 0.011418 0.011377 0.011325 0.011244 0.011075 0.010613
0.010657 0.011121 0.011290 0.011371 0.011423 0.011464 0.011500 0.011530 0.011556 0.011578 0.011596 0.011611 0.011623 0.011632 0.011639 0.011645 0.011650 0.011653 0.011656 0.011659 0.011661 0.011662 0.011664 0.011665 0.011666 0.011667 0.011668 0.011669 0.011670 0.011671 0.011672 0.011673 0.011674 0.011675 0.011676 0.011676 0.011677 0.011678 0.011679 0.011680 0.011681 0.011682 0.011683 0.011684 0.011685 0.011685 0.011686 0.011687 0.011688 0.011689 0.011690 0.011691 0.011692 0.011692 0.011693 0.011694 0.011695 0.011696 0.011697 0.011697 0.011698 0.011699 0.011700 0.011700 0.011701 0.011702 0.011703 0.011703 0.011704 0.011705 0.011705 0.011706 0.011707 0.011707 0.011708 0.011708 0.011709 0.011709 0.011710 0.011710 0.011711 0.011711 0.011712 0.011712 0.011712 0.011713 0.011713 0.011714 0.011714 0.011714 0.011714 0.011715 0.011715 0.011715 0.011715 0.011715 0.011715 0.011715 0.011716 0.011716 0.011716 0.011716 0.011716 0.011716 0.011715 0.011715 0.011715 0.011715 0.011715 0.011715 0.011715 0.011714 0.011714 0.011714 0.011714 0.011713 0.011713 0.011712 0.011712 0.011712 0.011711 0.011711 0.011710 0.011710 0.011709 0.011709 0.011708 0.011708 0.011707 0.011707 0.011706 0.011705 0.011705 0.011704 0.011703 0.011703 0.011702 0.011701 0.011700 0.011700 0.011699 0.011698 0.011697 0.011697 0.011696 0.011695 0.011694 0.011693 0.011692 0.011692 0.011691 0.011690 0.011689 0.011688 0.011687 0.011686 0.011685 0.011685 0.011684 0.011683 0.011682 0.011681 0.011680 0.011679 0.011678 0.011677 0.011676 0.011676 0.011675 0.011674 0.011673 0.011672 0.011671 0.011670 0.011669 0.011668 0.011667 0.011666 0.011665 0.011664 0.011662 0.011661 0.011659 0.011656 0.011653 0.011650 0.011645 0.011639 0.011632 0.011623 0.011611 0.011596 0.011578 0.011556 0.011530 0.011500 0.011464 0.011423 0.011371 0.011290 0.011121 0.010657
0.010691 0.011157 0.011327 0.011407 0.011459 0.011500 0.011536 0.011567 0.011593 0.011616 0.011634 0.011650 0.011662 0.011672 0.011680 0.011686 0.011691 0.011696 0.011699 0.011702 0.011704 0.011706 0.011707 0.011709 0.011710 0.011711 0.011713 0.011714 0.011715 0.011716 0.011717 0.011718 0.011719 0.011720 0.011721 0.011722 0.011723 0.011724 0.011725 0.011726 0.011727 0.011728 0.011729 0.011730 0.011731 0.011732 0.011733 0.011733 0.011734 0.011735 0.011736 0.011737 0.011738 0.011739 0.011740 0.011741 0.011742 0.011742 0.011743 0.011744 0.011745 0.011746 0.011746 0.011747 0.011748 0.011749 0.011749 0.011750 0.011751 0.011751 0.011752 0.011753 0.011753 0.011754 0.011755 0.011755 0.011756 0.011756 0.011757 0.011757 0.011758 0.011758 0.011759 0.011759 0.011759 0.011760 0.011760 0.011760 0.011761 0.011761 0.011761 0.011761 0.011762 0.011762 0.011762 0.011762 0.011762 0.011762 0.011762 0.011762 0.011762 0.011762 0.011762 0.011762 0.011762 0.011762 0.011762 0.011762 0.011762 0.011762 0.011761 0.011761 0.011761 0.011761 0.011760 0.011760 0.011760 0.011759 0.011759 0.011759 0.011758 0.011758 0.011757 0.011757 0.011756 0.011756 0.011755 0.011755 0.011754 0.011753 0.011753 0.011752 0.011751 0.011751 0.011750 0.011749 0.011749 0.011748 0.011747 0.011746 0.011746 0.011745 0.011744 0.011743 0.011742 0.011742 0.011741 0.011740 0.011739 0.011738 0.011737 0.011736 0.011735 0.011734 0.011733 0.011733 0.011732 0.011731 0.011730 0.011729 0.011728 0.011727 0.011726 0.011725 0.011724 0.011723 0.011722 0.011721 0.011720 0.011719 0.011718 0.011717 0.011716 0.011715 0.011714 0.011713 0.011711 0.011710 0.011709 0.011707 0.011706 0.011704 0.011702 0.011699 0.011696 0.011691 0.011686 0.011680 0.011672 0.011662 0.011650 0.011634 0.011616 0.011593 0.011567 0.011536 0.011500 0.011459 0.011407 0.011327 0.011157 0.010691
0.010719 0.011186 0.011355 0.011435 0.011487 0.011528 0.011564 0.011595 0.011621 0.011644 0.011663 0.011679 0.011692 0.011702 0.011710 0.011717 0.011723 0.011727 0.011730 0.011733 0.011736 0.011738 0.011740 0.011741 0.011743 0.011744 0.011745 0.011747 0.011748 0.011749 0.011750 0.011751 0.011752 0.011753 0.011754 0.011756 0.011757 0.011758 0.011759 0.011760 0.011761 0.011762 0.011763 0.011764 0.011765 0.011766 0.011767 0.011768 0.011769 0.011770 0.011771 0.011771 0.011772 0.011773 0.011774 0.011775 0.011776 0.011777 0.011778 0.011778 0.011779 0.011780 0.011781 0.011782 0.011782 0.011783 0.011784 0.011785 0.011785 0.011786 0.011787 0.011787 0.011788 0.011788 0.011789 0.011790 0.011790 0.011791 0.011791 0.011792 0.011792 0.011793 0.011793 0.011793 0.011794 0.011794 0.011795 0.011795 0.011795 0.011795 0.011796 0.011796 0.011796 0.011796 0.011796 0.011797 0.011797 0.011797 0.011797 0.011797 0.011797 0.011797 0.011797 0.011797 0.011797 0.011797 0.011797 0.011796 0.011796 0.011796 0.011796 0.011796 0.011795 0.011795 0.011795 0.011795 0.011794 0.011794 0.011793 0.011793 0.011793 0.011792 0.011792 0.011791 0.011791 0.011790 0.011790 0.011789 0.011788 0.011788 0.011787 0.011787 0.011786 0.011785 0.011785 0.011784 0.011783 0.011782 0.011782 0.011781 0.011780 0.011779 0.011778 0.011778 0.011777 0.011776 0.011775 0.011774 0.011773 0.011772 0.011771 0.011771 0.011770 0.011769 0.011768 0.011767 0.011766 0.011765 0.011764 0.011763 0.011762 0.011761 0.011760 0.011759 0.011758 0.011757 0.011756 0.011754 0.011753 0.011752 0.011751 0.011750 0.011749 0.011748 0.011747 0.011745 0.011744 0.011743 0.011741 0.011740 0.011738 0.011736 0.011733 0.011730 0.011727 0.011723 0.011717 0.011710 0.011702 0.011692 0.011679 0.011663 0.011644 0.011621 0.011595 0.011564 0.011528 0.011487 0.011435 0.011355 0.011186 0.010719
0.010740 0.011208 0.011378 0.011457 0.011508 0.011549 0.011585 0.011616 0.011643 0.011665 0.011684 0.011700 0.011713 0.011724 0.011733 0.011740 0.011745 0.011750 0.011754 0.011757 0.011759 0.011761 0.011763 0.011765 0.011767 0.011768 0.011769 0.011771 0.011772 0.011773 0.011774 0.011775 0.011777 0.011778 0.011779 0.011780 0.011781 0.011782 0.011783 0.011784 0.011785 0.011786 0.011787 0.011788 0.011789 0.011790 0.011791 0.011792 0.011793 0.011794 0.011795 0.011796 0.011797 0.011798 0.011799 0.011800 0.011801 0.011802 0.011803 0.011803 0.011804 0.011805 0.011806 0.011807 0.011807 0.011808 0.011809 0.011809 0.011810 0.011811 0.011811 0.011812 0.011813 0.011813 0.011814 0.011814 0.011815 0.011816 0.011816 0.011817 0.011817 0.011817 0.011818 0.011818 0.011819 0.011819 0.011819 0.011820 0.011820 0.011820 0.011820 0.011821 0.011821 0.011821 0.011821 0.011821 0.011822 0.011822 0.011822 0.011822 0.011822 0.011822 0.011822 0.011822 0.011822 0.011822 0.011821 0.011821 0.011821 0.011821 0.011821 0.011820 0.011820 0.011820 0.011820 0.011819 0.011819 0.011819 0.011818 0.011818 0.011817 0.011817 0.011817 0.011816 0.011816 0.011815 0.011814 0.011814 0.011813 0.011813 0.011812 0.011811 0.011811 0.011810 0.011809 0.011809 0.011808 0.011807 0.011807 0.011806 0.011805 0.011804 0.011803 0.011803 0.011802 0.011801 0.011800 0.011799 0.011798 0.011797 0.011796 0.011795 0.011794 0.011793 0.011792 0.011791 0.011790 0.011789 0.011788 0.011787 0.011786 0.011785 0.011784 0.011783 0.011782 0.011781 0.011780 0.011779 0.011778 0.011777 0.011775 0.011774 0.011773 0.011772 0.011771 0.011769 0.011768 0.011767 0.011765 0.011763 0.011761 0.011759 0.011757 0.011754 0.011750 0.011745 0.011740 0.011733 0.011724 0.011713 0.011700 0.011684 0.011665 0.011643 0.011616 0.011585 0.011549 0.011508 0.011457 0.011378 0.011208 0.010740
0.010756 0.011225 0.011395 0.011474 0.011525 0.011566 0.011601 0.011631 0.011658 0.011681 0.011700 0.011716 0.011729 0.011740 0.011749 0.011756 0.011761 0.011766 0.011770 0.011773 0.011776 0.011778 0.011780 0.011782 0.011784 0.011785 0.011786 0.011788 0.011789 0.011790 0.011791 0.011793 0.011794 0.011795 0.011796 0.011797 0.011798 0.011799 0.011801 0.011802 0.011803 0.011804 0.011805 0.011806 0.011807 0.011808 0.011809 0.011810 0.011811 0.011812 0.011813 0.011814 0.011815 0.011816 0.011817 0.011817 0.011818 0.011819 0.011820 0.011821 0.011822 0.011823 0.011823 0.011824 0.011825 0.011826 0.011826 0.011827 0.011828 0.011828 0.011829 0.011830 0.011830 0.011831 0.011831 0.011832 0.011833 0.011833 0.011834 0.011834 0.011834 0.011835 0.011835 0.011836 0.011836 0.011836 0.011837 0.011837 0.011837 0.011838 0.011838 0.011838 0.011838 0.011839 0.011839 0.011839 0.011839 0.011839 0.011839 0.011839 0.011839 0.011839 0.011839 0.011839 0.011839 0.011839 0.011839 0.011839 0.011839 0.011838 0.011838 0.011838 0.011838 0.011837 0.011837 0.011837 0.011836 0.011836 0.011836 0.011835 0.011835 0.011834 0.011834 0.011834 0.011833 0.011833 0.011832 0.011831 0.011831 0.011830 0.011830 0.011829 0.011828 0.011828 0.011827 0.011826 0.011826 0.011825 0.011824 0.011823 0.011823 0.011822 0.011821 0.011820 0.011819 0.011818 0.011817 0.011817 0.011816 0.011815 0.011814 0.011813 0.011812 0.011811 0.011810 0.011809 0.011808 0.011807 0.011806 0.011805 0.011804 0.011803 0.011802 0.011801 0.011799 0.011798 0.011797 0.011796 0.011795 0.011794 0.011793 0.011791 0.011790 0.011789 0.011788 0.011786 0.011785 0.011784 0.011782 0.011780 0.011778 0.011776 0.011773 0.011770 0.011766 0.011761 0.011756 0.011749 0.011740 0.011729 0.011716 0.011700 0.011681 0.011658 0.011631 0.011601 0.011566 0.011525 0.011474 0.011395 0.011225 0.010756
0.010769 0.011239 0.011408 0.011487 0.011537 0.011577 0.011612 0.011643 0.011669 0.011692 0.011711 0.011727 0.011740 0.011751 0.011760 0.011767 0.011773 0.011777 0.011781 0.011785 0.011787 0.011790 0.011792 0.011793 0.011795 0.011797 0.011798 0.011799 0.011801 0.011802 0.011803 0.011804 0.011806 0.011807 0.011808 0.011809 0.011810 0.011811 0.011812 0.011814 0.011815 0.011816 0.011817 0.011818 0.011819 0.011820 0.011821 0.011822 0.011823 0.011824 0.011825 0.011826 0.011827 0.011828 0.011829 0.011829 0.011830 0.011831 0.011832 0.011833 0.011834 0.011834 0.011835 0.011836 0.011837 0.011837 0.011838 0.011839 0.011840 0.011840 0.011841 0.011841 0.011842 0.011843 0.011843 0.011844 0.011844 0.011845 0.011845 0.011846 0.011846 0.011847 0.011847 0.011847 0.011848 0.011848 0.011849 0.011849 0.011849 0.011849 0.011850 0.011850 0.011850 0.011850 0.011850 0.011851 0.011851 0.011851 0.011851 0.011851 0.011851 0.011851 0.011851 0.011851 0.011851 0.011851 0.011851 0.011850 0.011850 0.011850 0.011850 0.011850 0.011849 0.011849 0.011849 0.011849 0.011848 0.011848 0.011847 0.011847 0.011847 0.011846 0.011846 0.011845 0.011845 0.011844 0.011844 0.011843 0.011843 0.011842 0.011841 0.011841 0.011840 0.011840 0.011839 0.011838 0.011837 0.011837 0.011836 0.011835 0.011834 0.011834 0.011833 0.011832 0.011831 0.011830 0.011829 0.011829 0.011828 0.011827 0.011826 0.011825 0.011824 0.011823 0.011822 0.011821 0.011820 0.011819 0.011818 0.011817 0.011816 0.011815 0.011814 0.011812 0.011811 0.011810 0.011809 0.011808 0.011807 0.011806 0.011804 0.011803 0.011802 0.011801 0.011799 0.011798 0.011797 0.011795 0.011793 0.011792 0.011790 0.011787 0.011785 0.011781 0.011777 0.011773 0.011767 0.011760 0.011751 0.011740 0.011727 0.011711 0.011692 0.011669 0.011643 0.011612 0.011577 0.011537 0.011487 0.011408 0.011239 0.010769
0.010779 0.011249 0.011418 0.011496 0.011546 0.011586 0.011620 0.011651 0.011677 0.011699 0.011718 0.011734 0.011747 0.011758 0.011767 0.011774 0.011780 0.011785 0.011789 0.011792 0.011795 0.011797 0.011799 0.011801 0.011803 0.011804 0.011806 0.011807 0.011808 0.011810 0.011811 0.011812 0.011813 0.011814 0.011816 0.011817 0.011818 0.011819 0.011820 0.011821 0.011822 0.011823 0.011824 0.011825 0.011826 0.011828 0.011829 0.011830 0.011831 0.011831 0.011832 0.011833 0.011834 0.011835 0.011836 0.011837 0.011838 0.011839 0.011840 0.011840 0.011841 0.011842 0.011843 0.011844 0.011844 0.011845 0.011846 0.011846 0.011847 0.011848 0.011848 0.011849 0.011850 0.011850 0.011851 0.011851 0.011852 0.011852 0.011853 0.011853 0.011854 0.011854 0.011855 0.011855 0.011855 0.011856 0.011856 0.011856 0.011857 0.011857 0.011857 0.011857 0.011857 0.011858 0.011858 0.011858 0.011858 0.011858 0.011858 0.011858 0.011858 0.011858 0.011858 0.011858 0.011858 0.011858 0.011858 0.011858 0.011858 0.011857 0.011857 0.011857 0.011857 0.011857 0.011856 0.011856 0.011856 0.011855 0.011855 0.011855 0.011854 0.011854 0.011853 0.011853 0.011852 0.011852 0.011851 0.011851 0.011850 0.011850 0.011849 0.011848 0.011848 0.011847 0.011846 0.011846 0.011845 0.011844 0.011844 0.011843 0.011842 0.011841 0.011840 0.011840 0.011839 0.011838 0.011837 0.011836 0.011835 0.011834 0.011833 0.011832 0.011831 0.011831 0.011830 0.011829 0.011828 0.011826 0.011825 0.011824 0.011823 0.011822 0.011821 0.011820 0.011819 0.011818 0.011817 0.011816 0.011814 0.011813 0.011812 0.011811 0.011810 0.011808 0.011807 0.011806 0.011804 0.011803 0.011801 0.011799 0.011797 0.011795 0.011792 0.011789 0.011785 0.011780 0.011774 0.011767 0.011758 0.011747 0.011734 0.011718 0.011699 0.011677 0.011651 0.011620 0.011586 0.011546 0.011496 0.011418 0.011249 0.010779
0.010786 0.011256 0.011425 0.011503 0.011553 0.011592 0.011626 0.011656 0.011682 0.011704 0.011723 0.011739 0.011752 0.011763 0.011771 0.011779 0.011785 0.011789 0.011793 0.011796 0.011799 0.011802 0.011804 0.011805 0.011807 0.011809 0.011810 0.011811 0.011813 0.011814 0.011815 0.011816 0.011818 0.011819 0.011820 0.011821 0.011822 0.011823 0.011824 0.011826 0.011827 0.011828 0.011829 0.011830 0.011831 0.011832 0.011833 0.011834 0.011835 0.011836 0.011837 0.011838 0.011839 0.011840 0.011840 0.011841 0.011842 0.011843 0.011844 0.011845 0.011846 0.011846 0.011847 0.011848 0.011849 0.011849 0.011850 0.011851 0.011851 0.011852 0.011853 0.011853 0.011854 0.011854 0.011855 0.011855 0.011856 0.011856 0.011857 0.011857 0.011858 0.011858 0.011859 0.011859 0.011859 0.011860 0.011860 0.011860 0.011861 0.011861 0.011861 0.011861 0.011862 0.011862 0.011862 0.011862 0.011862 0.011862 0.011862 0.011862 0.011862 0.011862 0.011862 0.011862 0.011862 0.011862 0.011862 0.011862 0.011862 0.011862 0.011861 0.011861 0.011861 0.011861 0.011860 0.011860 0.011860 0.011859 0.011859 0.011859 0.011858 0.011858 0.011857 0.011857 0.011856 0.011856 0.011855 0.011855 0.011854 0.011854 0.011853 0.011853 0.011852 0.011851 0.011851 0.011850 0.011849 0.011849 0.011848 0.011847 0.011846 0.011846 0.011845 0.011844 0.011843 0.011842 0.011841 0.011840 0.011840 0.011839 0.011838 0.011837 0.011836 0.011835 0.011834 0.011833 0.011832 0.011831 0.011830 0.011829 0.011828 0.011827 0.011826 0.011824 0.011823 0.011822 0.011821 0.011820 0.011819 0.011818 0.011816 0.011815 0.011814 0.011813 0.011811 0.011810 0.011809 0.011807 0.011805 0.011804 0.011802 0.011799 0.011796 0.011793 0.011789 0.011785 0.011779 0.011771 0.011763 0.011752 0.011739 0.011723 0.011704 0.011682 0.011656 0.011626 0.011592 0.011553 0.011503 0.011425 0.011256 0.010786
0.010791 0.011262 0.011431 0.011508 0.011557 0.011596 0.011630 0.011659 0.011685 0.011707 0.011725 0.011741 0.011754 0.011765 0.011774 0.011781 0.011787 0.011791 0.011795 0.011799 0.011801 0.011804 0.011806 0.011808 0.011809 0.011811 0.011812 0.011813 0.011815 0.011816 0.011817 0.011818 0.011820 0.011821 0.011822 0.011823 0.011824 0.011825 0.011826 0.011828 0.011829 0.011830 0.011831 0.011832 0.011833 0.011834 0.011835 0.011836 0.011837 0.011838 0.011839 0.011840 0.011841 0.011841 0.011842 0.011843 0.011844 0.011845 0.011846 0.011847 0.011847 0.011848 0.011849 0.011850 0.011850 0.011851 0.011852 0.011852 0.011853 0.011854 0.011854 0.011855 0.011856 0.011856 0.011857 0.011857 0.011858 0.011858 0.011859 0.011859 0.011860 0.011860 0.011860 0.011861 0.011861 0.011861 0.011862 0.011862 0.011862 0.011863 0.011863 0.011863 0.011863 0.011863 0.011864 0.011864 0.011864 0.011864 0.011864 0.011864 0.011864 0.011864 0.011864 0.011864 0.011864 0.011864 0.011864 0.011864 0.011863 0.011863 0.011863 0.011863 0.011863 0.011862 0.011862 0.011862 0.011861 0.011861 0.011861 0.011860 0.011860 0.011860 0.011859 0.011859 0.011858 0.011858 0.011857 0.011857 0.011856 0.011856 0.011855 0.011854 0.011854 0.011853 0.011852 0.011852 0.011851 0.011850 0.011850 0.011849 0.011848 0.011847 0.011847 0.011846 0.011845 0.011844 0.011843 0.011842 0.011841 0.011841 0.011840 0.011839 0.011838 0.011837 0.011836 0.011835 0.011834 0.011833 0.011832 0.011831 0.011830 0.011829 0.011828 0.011826 0.011825 0.011824 0.011823 0.011822 0.011821 0.011820 0.011818 0.011817 0.011816 0.011815 0.011813 0.011812 0.011811 0.011809 0.011808 0.011806 0.011804 0.011801 0.011799 0.011795 0.011791 0.011787 0.011781 0.011774 0.011765 0.011754 0.011741 0.011725 0.011707 0.011685 0.011659 0.011630 0.011596 0.011557 0.011508 0.011431 0.011262 0.010791
0.010794 0.011265 0.011434 0.011511 0.011560 0.011598 0.011632 0.011661 0.011686 0.011708 0.011726 0.011742 0.011755 0.011765 0.011774 0.011781 0.011787 0.011792 0.011796 0.011799 0.011802 0.011804 0.011806 0.011808 0.011809 0.011811 0.011812 0.011814 0.011815 0.011816 0.011817 0.011819 0.011820 0.011821 0.011822 0.011823 0.011824 0.011825 0.011827 0.011828 0.011829 0.011830 0.011831 0.011832 0.011833 0.011834 0.011835 0.011836 0.011837 0.011838 0.011839 0.011840 0.011841 0.011842 0.011842 0.011843 0.011844 0.011845 0.011846 0.011847 0.011847 0.011848 0.011849 0.011850 0.011850 0.011851 0.011852 0.011852 0.011853 0.011854 0.011854 0.011855 0.011855 0.011856 0.011857 0.011857 0.011858 0.011858 0.011859 0.011859 0.011859 0.011860 0.011860 0.011861 0.011861 0.011861 0.011862 0.011862 0.011862 0.011862 0.011863 0.011863 0.011863 0.011863 0.011863 0.011863 0.011864 0.011864 0.011864 0.011864 0.011864 0.011864 0.011864 0.011864 0.011864 0.011864 0.011863 0.011863 0.011863 0.011863 0.011863 0.011863 0.011862 0.011862 0.011862 0.011862 0.011861 0.011861 0.011861 0.011860 0.011860 0.011859 0.011859 0.011859 0.011858 0.011858 0.011857 0.011857 0.011856 0.011855 0.011855 0.011854 0.011854 0.011853 0.011852 0.011852 0.011851 0.011850 0.011850 0.011849 0.011848 0.011847 0.011847 0.011846 0.011845 0.011844 0.011843 0.011842 0.011842 0.011841 0.011840 0.011839 0.011838 0.011837 0.011836 0.011835 0.011834 0.011833 0.011832 0.011831 0.011830 0.011829 0.011828 0.011827 0.011825 0.011824 0.011823 0.011822 0.011821 0.011820 0.011819 0.011817 0.011816 0.011815 0.011814 0.011812 0.011811 0.011809 0.011808 0.011806 0.011804 0.011802 0.011799 0.011796 0.011792 0.011787 0.011781 0.011774 0.011765 0.011755 0.011742 0.011726 0.011708 0.011686 0.011661 0.011632 0.011598 0.011560 0.011511 0.011434 0.011265 0.010794
0.010797 0.011268 0.011436 0.011513 0.011562 0.011600 0.011632 0.011661 0.011686 0.011708 0.011726 0.011741 0.011754 0.011765 0.011773 0.011780 0.011786 0.011791 0.011795 0.011798 0.011801 0.011803 0.011805 0.011807 0.011808 0.011810 0.011811 0.011813 0.011814 0.011815 0.011816 0.011817 0.011819 0.011820 0.011821 0.011822 0.011823 0.011824 0.011825 0.011826 0.011827 0.011829 0.011830 0.011831 0.011832 0.011833 0.011834 0.011835 0.011836 0.011837 0.011837 0.011838 0.011839 0.011840 0.011841 0.011842 0.011843 0.011844 0.011844 0.011845 0.011846 0.011847 0.011847 0.011848 0.011849 0.011850 0.011850 0.011851 0.011852 0.011852 0.011853 0.011853 0.011854 0.011854 0.011855 0.011855 0.011856 0.011856 0.011857 0.011857 0.011858 0.011858 0.011859 0.011859 0.011859 0.011860 0.011860 0.011860 0.011860 0.011861 0.011861 0.011861 0.011861 0.011861 0.011862 0.011862 0.011862 0.011862 0.011862 0.011862 0.011862 0.011862 0.011862 0.011862 0.011862 0.011862 0.011862 0.011862 0.011861 0.011861 0.011861 0.011861 0.011861 0.011860 0.011860 0.011860 0.011860 0.011859 0.011859 0.011859 0.011858 0.011858 0.011857 0.011857 0.011856 0.011856 0.011855 0.011855 0.011854 0.011854 0.011853 0.011853 0.011852 0.011852 0.011851 0.011850 0.011850 0.011849 0.011848 0.011847 0.011847 0.011846 0.011845 0.011844 0.011844 0.011843 0.011842 0.011841 0.011840 0.011839 0.011838 0.011837 0.011837 0.011836 0.011835 0.011834 0.011833 0.011832 0.011831 0.011830 0.011829 0.011827 0.011826 0.011825 0.011824 0.011823 0.011822 0.011821 0.011820 0.011819 0.011817 0.011816 0.011815 0.011814 0.011813 0.011811 0.011810 0.011808 0.011807 0.011805 0.011803 0.011801 0.011798 0.011795 0.011791 0.011786 0.011780 0.011773 0.011765 0.011754 0.011741 0.011726 0.011708 0.011686 0.011661 0.011632 0.011600 0.011562 0.011513 0.011436 0.011268 0.010797
0.010798 0.011269 0.011438 0.011514 0.011562 0.011600 0.011632 0.011660 0.011685 0.011707 0.011725 0.011740 0.011753 0.011763 0.011772 0.011779 0.011784 0.011789 0.011793 0.011796 0.011799 0.011801 0.011803 0.011805 0.011806 0.011808 0.011809 0.011810 0.011812 0.011813 0.011814 0.011815 0.011816 0.011818 0.011819 0.011820 0.011821 0.011822 0.011823 0.011824 0.011825 0.011826 0.011827 0.011828 0.011829 0.011830 0.011831 0.011832 0.011833 0.011834 0.011835 0.011836 0.011837 0.011838 0.011839 0.011839 0.011840 0.011841 0.011842 0.011843 0.011843 0.011844 0.011845 0.011846 0.011846 0.011847 0.011848 0.011848 0.011849 0.011850 0.011850 0.011851 0.011851 0.011852 0.011852 0.011853 0.011853 0.011854 0.011854 0.011855 0.011855 0.011856 0.011856 0.011856 0.011857 0.011857 0.011857 0.011858 0.011858 0.011858 0.011858 0.011858 0.011859 0.011859 0.011859 0.011859 0.011859 0.011859 0.011859 0.011859 0.011859 0.011859 0.011859 0.011859 0.011859 0.011859 0.011859 0.011859 0.011859 0.011859 0.011858 0.011858 0.011858 0.011858 0.011858 0.011857 0.011857 0.011857 0.011856 0.011856 0.011856 0.011855 0.011855 0.011854 0.011854 0.011853 0.011853 0.011852 0.011852 0.011851 0.011851 0.011850 0.011850 0.011849 0.011848 0.011848 0.011847 0.011846 0.011846 0.011845 0.011844 0.011843 0.011843 0.011842 0.011841 0.011840 0.011839 0.011839 0.011838 0.011837 0.011836 0.011835 0.011834 0.011833 0.011832 0.011831 0.011830 0.011829 0.011828 0.011827 0.011826 0.011825 0.011824 0.011823 0.011822 0.011821 0.011820 0.011819 0.011818 0.011816 0.011815 0.011814 0.011813 0.011812 0.011810 0.011809 0.011808 0.011806 0.011805 0.011803 0.011801 0.011799 0.011796 0.011793 0.011789 0.011784 0.011779 0.011772 0.011763 0.011753 0.011740 0.011725 0.011707 0.011685 0.011660 0.011632 0.011600 0.011562 0.011514 0.011438 0.011269 0.010798
0.010798 0.011270 0.011438 0.011514 0.011562 0.011599 0.011631 0.011659 0.011684 0.011705 0.011723 0.011738 0.011750 0.011761 0.011769 0.011776 0.011782 0.011786 0.011790 0.011793 0.011796 0.011798 0.011800 0.011802 0.011803 0.011805 0.011806 0.011808 0.011809 0.011810 0.011811 0.011812 0.011813 0.011815 0.011816 0.011817 0.011818 0.011819 0.011820 0.011821 0.011822 0.011823 0.011824 0.011825 0.011826 0.011827 0.011828 0.011829 0.011830 0.011831 0.011832 0.011833 0.011834 0.011835 0.011835 0.011836 0.011837 0.011838 0.011839 0.011839 0.011840 0.011841 0.011842 0.011842 0.011843 0.011844 0.011844 0.011845 0.011846 0.011846 0.011847 0.011847 0.011848 0.011848 0.011849 0.011849 0.011850 0.011850 0.011851 0.011851 0.011852 0.011852 0.011852 0.011853 0.011853 0.011853 0.011854 0.011854 0.011854 0.011855 0.011855 0.011855 0.011855 0.011855 0.011855 0.011856 0.011856 0.011856 0.011856 0.011856 0.011856 0.011856 0.011856 0.011856 0.011856 0.011856 0.011856 0.011855 0.011855 0.011855 0.011855 0.011855 0.011855 0.011854 0.011854 0.011854 0.011853 0.011853 0.011853 0.011852 0.011852 0.011852 0.011851 0.011851 0.011850 0.011850 0.011849 0.011849 0.011848 0.011848 0.011847 0.011847 0.011846 0.011846 0.011845 0.011844 0.011844 0.011843 0.011842 0.011842 0.011841 0.011840 0.011839 0.011839 0.011838 0.011837 0.011836 0.011835 0.011835 0.011834 0.011833 0.011832 0.011831 0.011830 0.011829 0.011828 0.011827 0.011826 0.011825 0.011824 0.011823 0.011822 0.011821 0.011820 0.011819 0.011818 0.011817 0.011816 0.011815 0.011813 0.011812 0.011811 0.011810 0.011809 0.011808 0.011806 0.011805 0.011803 0.011802 0.011800 0.011798 0.011796 0.011793 0.011790 0.011786 0.011782 0.011776 0.011769 0.011761 0.011750 0.011738 0.011723 0.011705 0.011684 0.011659 0.011631 0.011599 0.011562 0.011514 0.011438 0.011270 0.010798
0.010798 0.011269 0.011437 0.011513 0.011561 0.011598 0.011629 0.011657 0.011681 0.011702 0.011720 0.011735 0.011747 0.011758 0.011766 0.011773 0.011778 0.011783 0.011787 0.011790 0.011793 0.011795 0.011797 0.011798 0.011800 0.011801 0.011803 0.011804 0.011805 0.011806 0.011808 0.011809 0.011810 0.011811 0.011812 0.011813 0.011814 0.011815 0.011816 0.011817 0.011818 0.011819 0.011820 0.011821 0.011822 0.011823 0.011824 0.011825 0.011826 0.011827 0.011828 0.011829 0.011830 0.011831 0.011832 0.011832 0.011833 0.011834 0.011835 0.011836 0.011836 0.011837 0.011838 0.011838 0.011839 0.011840 0.011840 0.011841 0.011842 0.011842 0.011843 0.011843 0.011844 0.011844 0.011845 0.011845 0.011846 0.011846 0.011847 0.011847 0.011848 0.011848 0.011848 0.011849 0.011849 0.011849 0.011850 0.011850 0.011850 0.011850 0.011851 0.011851 0.011851 0.011851 0.011851 0.011851 0.011852 0.011852 0.011852 0.011852 0.011852 0.011852 0.011852 0.011852 0.011852 0.011852 0.011851 0.011851 0.011851 0.011851 0.011851 0.011851 0.011850 0.011850 0.011850 0.011850 0.011849 0.011849 0.011849 0.011848 0.011848 0.011848 0.011847 0.011847 0.011846 0.011846 0.011845 0.011845 0.011844 0.011844 0.011843 0.011843 0.011842 0.011842 0.011841 0.011840 0.011840 0.011839 0.011838 0.011838 0.011837 0.011836 0.011836 0.011835 0.011834 0.011833 0.011832 0.011832 0.011831 0.011830 0.011829 0.011828 0.011827 0.011826 0.011825 0.011824 0.011823 0.011822 0.011821 0.011820 0.011819 0.011818 0.011817 0.011816 0.011815 0.011814 0.011813 0.011812 0.011811 0.011810 0.011809 0.011808 0.011806 0.011805 0.011804 0.011803 0.011801 0.011800 0.011798 0.011797 0.011795 0.011793 0.011790 0.011787 0.011783 0.011778 0.011773 0.011766 0.011758 0.011747 0.011735 0.011720 0.011702 0.011681 0.011657 0.011629 0.011598 0.011561 0.011513 0.011437 0.011269 0.010798
0.010797 0.011269 0.011436 0.011512 0.011559 0.011596 0.011627 0.011655 0.011679 0.011699 0.011717 0.011732 0.011744 0.011754 0.011762 0.011769 0.011775 0.011779 0.011783 0.011786 0.011789 0.011791 0.011793 0.011795 0.011796 0.011797 0.011799 0.011800 0.011801 0.011802 0.011804 0.011805 0.011806 0.011807 0.011808 0.011809 0.011810 0.011811 0.011812 0.011813 0.011814 0.011815 0.011816 0.011817 0.011818 0.011819 0.011820 0.011821 0.011822 0.011823 0.011824 0.011825 0.011826 0.011826 0.011827 0.011828 0.011829 0.011830 0.011830 0.011831 0.011832 0.011833 0.011833 0.011834 0.011835 0.011835 0.011836 0.011837 0.011837 0.011838 0.011838 0.011839 0.011840 0.011840 0.011841 0.011841 0.011842 0.011842 0.011842 0.011843 0.011843 0.011844 0.011844 0.011844 0.011845 0.011845 0.011845 0.011845 0.011846 0.011846 0.011846 0.011846 0.011847 0.011847 0.011847 0.011847 0.011847 0.011847 0.011847 0.011847 0.011847 0.011847 0.011847 0.011847 0.011847 0.011847 0.011847 0.011847 0.011847 0.011847 0.011846 0.011846 0.011846 0.011846 0.011845 0.011845 0.011845 0.011845 0.011844 0.011844 0.011844 0.011843 0.011843 0.011842 0.011842 0.011842 0.011841 0.011841 0.011840 0.011840 0.011839 0.011838 0.011838 0.011837 0.011837 0.011836 0.011835 0.011835 0.011834 0.011833 0.011833 0.011832 0.011831 0.011830 0.011830 0.011829 0.011828 0.011827 0.011826 0.011826 0.011825 0.011824 0.011823 0.011822 0.011821 0.011820 0.011819 0.011818 0.011817 0.011816 0.011815 0.011814 0.011813 0.011812 0.011811 0.011810 0.011809 0.011808 0.011807 0.011806 0.011805 0.011804 0.011802 0.011801 0.011800 0.011799 0.011797 0.011796 0.011795 0.011793 0.011791 0.011789 0.011786 0.011783 0.011779 0.011775 0.011769 0.011762 0.011754 0.011744 0.011732 0.011717 0.011699 0.011679 0.011655 0.011627 0.011596 0.011559 0.011512 0.011436 0.011269 0.010797
0.010795 0.011267 0.011435 0.011510 0.011557 0.011593 0.011624 0.011652 0.011675 0.011696 0.011713 0.011728 0.011740 0.011750 0.011759 0.011765 0.011771 0.011775 0.011779 0.011782 0.011785 0.011787 0.011789 0.011790 0.011792 0.011793 0.011795 0.011796 0.011797 0.011798 0.011799 0.011800 0.011801 0.011803 0.011804 0.011805 0.011806 0.011807 0.011808 0.011809 0.011810 0.011811 0.011812 0.011813 0.011814 0.011815 0.011816 0.011817 0.011818 0.011818 0.011819 0.011820 0.011821 0.011822 0.011823 0.011823 0.011824 0.011825 0.011826 0.011827 0.011827 0.011828 0.011829 0.011829 0.011830 0.011831 0.011831 0.011832 0.011833 0.011833 0.011834 0.011834 0.011835 0.011835 0.011836 0.011836 0.011837 0.011837 0.011838 0.011838 0.011838 0.011839 0.011839 0.011839 0.011840 0.011840 0.011840 0.011841 0.011841 0.011841 0.011841 0.011841 0.011842 0.011842 0.011842 0.011842 0.011842 0.011842 0.011842 0.011842 0.011842 0.011842 0.011842 0.011842 0.011842 0.011842 0.011842 0.011842 0.011842 0.011842 0.011841 0.011841 0.011841 0.011841 0.011841 0.011840 0.011840 0.011840 0.011839 0.011839 0.011839 0.011838 0.011838 0.011838 0.011837 0.011837 0.011836 0.011836 0.011835 0.011835 0.011834 0.011834 0.011833 0.011833 0.011832 0.011831 0.011831 0.011830 0.011829 0.011829 0.011828 0.011827 0.011827 0.011826 0.011825 0.011824 0.011823 0.011823 0.011822 0.011821 0.011820 0.011819 0.011818 0.011818 0.011817 0.011816 0.011815 0.011814 0.011813 0.011812 0.011811 0.011810 0.011809 0.011808 0.011807 0.011806 0.011805 0.011804 0.011803 0.011801 0.011800 0.011799 0.011798 0.011797 0.011796 0.011795 0.011793 0.011792 0.011790 0.011789 0.011787 0.011785 0.011782 0.011779 0.011775 0.011771 0.011765 0.011759 0.011750 0.011740 0.011728 0.011713 0.011696 0.011675 0.011652 0.011624 0.011593 0.011557 0.011510 0.011435 0.011267 0.010795
0.010794 0.011266 0.011433 0.011508 0.011555 0.011591 0.011621 0.011648 0.011672 0.011692 0.011710 0.011724 0.011736 0.011746 0.011754 0.011761 0.011766 0.011771 0.011775 0.011778 0.011780 0.011782 0.011784 0.011786 0.011787 0.011789 0.011790 0.011791 0.011792 0.011794 0.011795 0.011796 0.011797 0.011798 0.011799 0.011800 0.011801 0.011802 0.011803 0.011804 0.011805 0.011806 0.011807 0.011808 0.011809 0.011810 0.011811 0.011812 0.011813 0.011814 0.011814 0.011815 0.011816 0.011817 0.011818 0.011819 0.011819 0.011820 0.011821 0.011822 0.011822 0.011823 0.011824 0.011824 0.011825 0.011826 0.011826 0.011827 0.011828 0.011828 0.011829 0.011829 0.011830 0.011830 0.011831 0.011831 0.011832 0.011832 0.011833 0.011833 0.011833 0.011834 0.011834 0.011834 0.011835 0.011835 0.011835 0.011835 0.011836 0.011836 0.011836 0.011836 0.011836 0.011837 0.011837 0.011837 0.011837 0.011837 0.011837 0.011837 0.011837 0.011837 0.011837 0.011837 0.011837 0.011837 0.011837 0.011837 0.011837 0.011836 0.011836 0.011836 0.011836 0.011836 0.011835 0.011835 0.011835 0.011835 0.011834 0.011834 0.011834 0.011833 0.011833 0.011833 0.011832 0.011832 0.011831 0.011831 0.011830 0.011830 0.011829 0.011829 0.011828 0.011828 0.011827 0.011826 0.011826 0.011825 0.011824 0.011824 0.011823 0.011822 0.011822 0.011821 0.011820 0.011819 0.011819 0.011818 0.011817 0.011816 0.011815 0.011814 0.011814 0.011813 0.011812 0.011811 0.011810 0.011809 0.011808 0.011807 0.011806 0.011805 0.011804 0.011803 0.011802 0.011801 0.011800 0.011799 0.011798 0.011797 0.011796 0.011795 0.011794 0.011792 0.011791 0.011790 0.011789 0.011787 0.011786 0.011784 0.011782 0.011780 0.011778 0.011775 0.011771 0.011766 0.011761 0.011754 0.011746 0.011736 0.011724 0.011710 0.011692 0.011672 0.011648 0.011621 0.011591 0.011555 0.011508 0.011433 0.011266 0.010794
0.010791 0.011263 0.011431 0.011506 0.011552 0.011588 0.011618 0.011645 0.011668 0.011688 0.011706 0.011720 0.011732 0.011742 0.011750 0.011757 0.011762 0.011766 0.011770 0.011773 0.011776 0.011778 0.011780 0.011781 0.011783 0.011784 0.011785 0.011787 0.011788 0.011789 0.011790 0.011791 0.011792 0.011793 0.011794 0.011795 0.011796 0.011797 0.011798 0.011799 0.011800 0.011801 0.011802 0.011803 0.011804 0.011805 0.011806 0.011807 0.011808 0.011809 0.011809 0.011810 0.011811 0.011812 0.011813 0.011814 0.011814 0.011815 0.011816 0.011817 0.011817 0.011818 0.011819 0.011819 0.011820 0.011821 0.011821 0.011822 0.011822 0.011823 0.011823 0.011824 0.011825 0.011825 0.011826 0.011826 0.011826 0.011827 0.011827 0.011828 0.011828 0.011828 0.011829 0.011829 0.011829 0.011830 0.011830 0.011830 0.011830 0.011831 0.011831 0.011831 0.011831 0.011831 0.011831 0.011832 0.011832 0.011832 0.011832 0.011832 0.011832 0.011832 0.011832 0.011832 0.011832 0.011832 0.011832 0.011831 0.011831 0.011831 0.011831 0.011831 0.011831 0.011830 0.011830 0.011830 0.011830 0.011829 0.011829 0.011829 0.011828 0.011828 0.011828 0.011827 0.011827 0.011826 0.011826 0.011826 0.011825 0.011825 0.011824 0.011823 0.011823 0.011822 0.011822 0.011821 0.011821 0.011820 0.011819 0.011819 0.011818 0.011817 0.011817 0.011816 0.011815 0.011814 0.011814 0.011813 0.011812 0.011811 0.011810 0.011809 0.011809 0.011808 0.011807 0.011806 0.011805 0.011804 0.011803 0.011802 0.011801 0.011800 0.011799 0.011798 0.011797 0.011796 0.011795 0.011794 0.011793 0.011792 0.011791 0.011790 0.011789 0.011788 0.011787 0.011785 0.011784 0.011783 0.011781 0.011780 0.011778 0.011776 0.011773 0.011770 0.011766 0.011762 0.011757 0.011750 0.011742 0.011732 0.011720 0.011706 0.011688 0.011668 0.011645 0.011618 0.011588 0.011552 0.011506 0.011431 0.011263 0.010791
0.010789 0.011261 0.011428 0.011503 0.011549 0.011584 0.011615 0.011641 0.011664 0.011684 0.011701 0.011716 0.011728 0.011737 0.011745 0.011752 0.011757 0.011762 0.011765 0.011768 0.011771 0.011773 0.011775 0.011776 0.011778 0.011779 0.011780 0.011782 0.011783 0.011784 0.011785 0.011786 0.011787 0.011788 0.011789 0.011790 0.011791 0.011792 0.011793 0.011794 0.011795 0.011796 0.011797 0.011798 0.011799 0.011800 0.011801 0.011802 0.011803 0.011803 0.011804 0.011805 0.011806 0.011807 0.011808 0.011808 0.011809 0.011810 0.011811 0.011811 0.011812 0.011813 0.011813 0.011814 0.011815 0.011815 0.011816 0.011816 0.011817 0.011818 0.011818 0.011819 0.011819 0.011820 0.011820 0.011821 0.011821 0.011821 0.011822 0.011822 0.011823 0.011823 0.011823 0.011824 0.011824 0.011824 0.011824 0.011825 0.011825 0.011825 0.011825 0.011826 0.011826 0.011826 0.011826 0.011826 0.011826 0.011826 0.011826 0.011826 0.011826 0.011826 0.011826 0.011826 0.011826 0.011826 0.011826 0.011826 0.011826 0.011826 0.011826 0.011825 0.011825 0.011825 0.011825 0.011824 0.011824 0.011824 0.011824 0.011823 0.011823 0.011823 0.011822 0.011822 0.011821 0.011821 0.011821 0.011820 0.011820 0.011819 0.011819 0.011818 0.011818 0.011817 0.011816 0.011816 0.011815 0.011815 0.011814 0.011813 0.011813 0.011812 0.011811 0.011811 0.011810 0.011809 0.011808 0.011808 0.011807 0.011806 0.011805 0.011804 0.011803 0.011803 0.011802 0.011801 0.011800 0.011799 0.011798 0.011797 0.011796 0.011795 0.011794 0.011793 0.011792 0.011791 0.011790 0.011789 0.011788 0.011787 0.011786 0.011785 0.011784 0.011783 0.011782 0.011780 0.011779 0.011778 0.011776 0.011775 0.011773 0.011771 0.011768 0.011765 0.011762 0.011757 0.011752 0.011745 0.011737 0.011728 0.011716 0.011701 0.011684 0.011664 0.011641 0.011615 0.011584 0.011549 0.011503 0.011428 0.011261 0.010789
0.010786 0.011258 0.011426 0.011500 0.011546 0.011581 0.011611 0.011637 0.011660 0.011680 0.011697 0.011711 0.011723 0.011733 0.011741 0.011747 0.011752 0.011757 0.011760 0.011763 0.011766 0.011768 0.011770 0.011771 0.011773 0.011774 0.011775 0.011777 0.011778 0.011779 0.011780 0.011781 0.011782 0.011783 0.011784 0.011785 0.011786 0.011787 0.011788 0.011789 0.011790 0.011791 0.011792 0.011793 0.011794 0.011795 0.011796 0.011796 0.011797 0.011798 0.011799 0.011800 0.011801 0.011801 0.011802 0.011803 0.011804 0.011804 0.011805 0.011806 0.011807 0.011807 0.011808 0.011809 0.011809 0.011810 0.011810 0.011811 0.011812 0.011812 0.011813 0.011813 0.011814 0.011814 0.011815 0.011815 0.011815 0.011816 0.011816 0.011817 0.011817 0.011817 0.011818 0.011818 0.011818 0.011819 0.011819 0.011819 0.011819 0.011820 0.011820 0.011820 0.011820 0.011820 0.011820 0.011820 0.011821 0.011821 0.011821 0.011821 0.011821 0.011821 0.011821 0.011821 0.011821 0.011821 0.011820 0.011820 0.011820 0.011820 0.011820 0.011820 0.011820 0.011819 0.011819 0.011819 0.011819 0.011818 0.011818 0.011818 0.011817 0.011817 0.011817 0.011816 0.011816 0.011815 0.011815 0.011815 0.011814 0.011814 0.011813 0.011813 0.011812 0.011812 0.011811 0.011810 0.011810 0.011809 0.011809 0.011808 0.011807 0.011807 0.011806 0.011805 0.011804 0.011804 0.011803 0.011802 0.011801 0.011801 0.011800 0.011799 0.011798 0.011797 0.011796 0.011796 0.011795 0.011794 0.011793 0.011792 0.011791 0.011790 0.011789 0.011788 0.011787 0.011786 0.011785 0.011784 0.011783 0.011782 0.011781 0.011780 0.011779 0.011778 0.011777 0.011775 0.011774 0.011773 0.011771 0.011770 0.011768 0.011766 0.011763 0.011760 0.011757 0.011752 0.011747 0.011741 0.011733 0.011723 0.011711 0.011697 0.011680 0.011660 0.011637 0.011611 0.011581 0.011546 0.011500 0.011426 0.011258 0.010786
0.010783 0.011255 0.011423 0.011497 0.011542 0.011577 0.011607 0.011633 0.011656 0.011676 0.011692 0.011707 0.011718 0.011728 0.011736 0.011742 0.011748 0.011752 0.011755 0.011758 0.011761 0.011763 0.011765 0.011766 0.011768 0.011769 0.011770 0.011772 0.011773 0.011774 0.011775 0.011776 0.011777 0.011778 0.011779 0.011780 0.011781 0.011782 0.011783 0.011784 0.011785 0.011786 0.011787 0.011788 0.011788 0.011789 0.011790 0.011791 0.011792 0.011793 0.011794 0.011794 0.011795 0.011796 0.011797 0.011798 0.011798 0.011799 0.011800 0.011800 0.011801 0.011802 0.011802 0.011803 0.011804 0.011804 0.011805 0.011805 0.011806 0.011807 0.011807 0.011808 0.011808 0.011809 0.011809 0.011809 0.011810 0.011810 0.011811 0.011811 0.011811 0.011812 0.011812 0.011812 0.011813 0.011813 0.011813 0.011813 0.011814 0.011814 0.011814 0.011814 0.011814 0.011814 0.011815 0.011815 0.011815 0.011815 0.011815 0.011815 0.011815 0.011815 0.011815 0.011815 0.011815 0.011815 0.011815 0.011815 0.011814 0.011814 0.011814 0.011814 0.011814 0.011814 0.011813 0.011813 0.011813 0.011813 0.011812 0.011812 0.011812 0.011811 0.011811 0.011811 0.011810 0.011810 0.011809 0.011809 0.011809 0.011808 0.011808 0.011807 0.011807 0.011806 0.011805 0.011805 0.011804 0.011804 0.011803 0.011802 0.011802 0.011801 0.011800 0.011800 0.011799 0.011798 0.011798 0.011797 0.011796 0.011795 0.011794 0.011794 0.011793 0.011792 0.011791 0.011790 0.011789 0.011788 0.011788 0.011787 0.011786 0.011785 0.011784 0.011783 0.011782 0.011781 0.011780 0.011779 0.011778 0.011777 0.011776 0.011775 0.011774 0.011773 0.011772 0.011770 0.011769 0.011768 0.011766 0.011765 0.011763 0.011761 0.011758 0.011755 0.011752 0.011748 0.011742 0.011736 0.011728 0.011718 0.011707 0.011692 0.011676 0.011656 0.011633 0.011607 0.011577 0.011542 0.011497 0.011423 0.011255 0.010783
0.010780 0.011252 0.011419 0.011494 0.011539 0.011573 0.011603 0.011629 0.011652 0.011671 0.011688 0.011702 0.011713 0.011723 0.011731 0.011737 0.011743 0.011747 0.011750 0.011753 0.011756 0.011758 0.011760 0.011761 0.011763 0.011764 0.011765 0.011766 0.011767 0.011769 0.011770 0.011771 0.011772 0.011773 0.011774 0.011775 0.011776 0.011777 0.011778 0.011778 0.011779 0.011780 0.011781 0.011782 0.011783 0.011784 0.011785 0.011786 0.011787 0.011787 0.011788 0.011789 0.011790 0.011791 0.011791 0.011792 0.011793 0.011794 0.011794 0.011795 0.011796 0.011796 0.011797 0.011797 0.011798 0.011799 0.011799 0.011800 0.011800 0.011801 0.011801 0.011802 0.011802 0.011803 0.011803 0.011804 0.011804 0.011805 0.011805 0.011805 0.011806 0.011806 0.011806 0.011807 0.011807 0.011807 0.011807 0.011808 0.011808 0.011808 0.011808 0.011808 0.011809 0.011809 0.011809 0.011809 0.011809 0.011809 0.011809 0.011809 0.011809 0.011809 0.011809 0.011809 0.011809 0.011809 0.011809 0.011809 0.011809 0.011809 0.011808 0.011808 0.011808 0.011808 0.011808 0.011807 0.011807 0.011807 0.011807 0.011806 0.011806 0.011806 0.011805 0.011805 0.011805 0.011804 0.011804 0.011803 0.011803 0.011802 0.011802 0.011801 0.011801 0.011800 0.011800 0.011799 0.011799 0.011798 0.011797 0.011797 0.011796 0.011796 0.011795 0.011794 0.011794 0.011793 0.011792 0.011791 0.011791 0.011790 0.011789 0.011788 0.011787 0.011787 0.011786 0.011785 0.011784 0.011783 0.011782 0.011781 0.011780 0.011779 0.011778 0.011778 0.011777 0.011776 0.011775 0.011774 0.011773 0.011772 0.011771 0.011770 0.011769 0.011767 0.011766 0.011765 0.011764 0.011763 0.011761 0.011760 0.011758 0.011756 0.011753 0.011750 0.011747 0.011743 0.011737 0.011731 0.011723 0.011713 0.011702 0.011688 0.011671 0.011652 0.011629 0.011603 0.011573 0.011539 0.011494 0.011419 0.011252 0.010780
0.010777 0.011249 0.011416 0.011490 0.011535 0.011569 0.011599 0.011625 0.011647 0.011667 0.011683 0.011697 0.011709 0.011718 0.011726 0.011732 0.011738 0.011742 0.011745 0.011748 0.011751 0.011753 0.011754 0.011756 0.011757 0.011759 0.011760 0.011761 0.011762 0.011763 0.011764 0.011765 0.011766 0.011767 0.011768 0.011769 0.011770 0.011771 0.011772 0.011773 0.011774 0.011775 0.011776 0.011777 0.011778 0.011779 0.011779 0.011780 0.011781 0.011782 0.011783 0.011783 0.011784 0.011785 0.011786 0.011787 0.011787 0.011788 0.011789 0.011789 0.011790 0.011791 0.011791 0.011792 0.011792 0.011793 0.011794 0.011794 0.011795 0.011795 0.011796 0.011796 0.011797 0.011797 0.011798 0.011798 0.011798 0.011799 0.011799 0.011800 0.011800 0.011800 0.011801 0.011801 0.011801 0.011801 0.011802 0.011802 0.011802 0.011802 0.011802 0.011803 0.011803 0.011803 0.011803 0.011803 0.011803 0.011803 0.011803 0.011803 0.011803 0.011803 0.011803 0.011803 0.011803 0.011803 0.011803 0.011803 0.011803 0.011803 0.011803 0.011802 0.011802 0.011802 0.011802 0.011802 0.011801 0.011801 0.011801 0.011801 0.011800 0.011800 0.011800 0.011799 0.011799 0.011798 0.011798 0.011798 0.011797 0.011797 0.011796 0.011796 0.011795 0.011795 0.011794 0.011794 0.011793 0.011792 0.011792 0.011791 0.011791 0.011790 0.011789 0.011789 0.011788 0.011787 0.011787 0.011786 0.011785 0.011784 0.011783 0.011783 0.011782 0.011781 0.011780 0.011779 0.011779 0.011778 0.011777 0.011776 0.011775 0.011774 0.011773 0.011772 0.011771 0.011770 0.011769 0.011768 0.011767 0.011766 0.011765 0.011764 0.011763 0.011762 0.011761 0.011760 0.011759 0.011757 0.011756 0.011754 0.011753 0.011751 0.011748 0.011745 0.011742 0.011738 0.011732 0.011726 0.011718 0.011709 0.011697 0.011683 0.011667 0.011647 0.011625 0.011599 0.011569 0.011535 0.011490 0.011416 0.011249 0.010777
0.010774 0.011246 0.011413 0.011486 0.011531 0.011565 0.011595 0.011620 0.011643 0.011662 0.011678 0.011692 0.011704 0.011713 0.011721 0.011727 0.011732 0.011737 0.011740 0.011743 0.011745 0.011748 0.011749 0.011751 0.011752 0.011754 0.011755 0.011756 0.011757 0.011758 0.011759 0.011760 0.011761 0.011762 0.011763 0.011764 0.011765 0.011766 0.011767 0.011768 0.011769 0.011770 0.011770 0.011771 0.011772 0.011773 0.011774 0.011775 0.011776 0.011776 0.011777 0.011778 0.011779 0.011779 0.011780 0.011781 0.011782 0.011782 0.011783 0.011784 0.011784 0.011785 0.011786 0.011786 0.011787 0.011787 0.011788 0.011788 0.011789 0.011789 0.011790 0.011790 0.011791 0.011791 0.011792 0.011792 0.011793 0.011793 0.011793 0.011794 0.011794 0.011794 0.011795 0.011795 0.011795 0.011795 0.011796 0.011796 0.011796 0.011796 0.011797 0.011797 0.011797 0.011797 0.011797 0.011797 0.011797 0.011797 0.011797 0.011797 0.011797 0.011797 0.011797 0.011797 0.011797 0.011797 0.011797 0.011797 0.011797 0.011797 0.011797 0.011797 0.011796 0.011796 0.011796 0.011796 0.011795 0.011795 0.011795 0.011795 0.011794 0.011794 0.011794 0.011793 0.011793 0.011793 0.011792 0.011792 0.011791 0.011791 0.011790 0.011790 0.011789 0.011789 0.011788 0.011788 0.011787 0.011787 0.011786 0.011786 0.011785 0.011784 0.011784 0.011783 0.011782 0.011782 0.011781 0.011780 0.011779 0.011779 0.011778 0.011777 0.011776 0.011776 0.011775 0.011774 0.011773 0.011772 0.011771 0.011770 0.011770 0.011769 0.011768 0.011767 0.011766 0.011765 0.011764 0.011763 0.011762 0.011761 0.011760 0.011759 0.011758 0.011757 0.011756 0.011755 0.011754 0.011752 0.011751 0.011749 0.011748 0.011745 0.011743 0.011740 0.011737 0.011732 0.011727 0.011721 0.011713 0.011704 0.011692 0.011678 0.011662 0.011643 0.011620 0.011595 0.011565 0.011531 0.011486 0.011413 0.011246 0.010774
0.010770 0.011242 0.011409 0.011483 0.011527 0.011561 0.011591 0.011616 0.011638 0.011657 0.011674 0.011687 0.011699 0.011708 0.011716 0.011722 0.011727 0.011732 0.011735 0.011738 0.011740 0.011742 0.011744 0.011746 0.011747 0.011748 0.011749 0.011751 0.011752 0.011753 0.011754 0.011755 0.011756 0.011757 0.011758 0.011759 0.011760 0.011760 0.011761 0.011762 0.011763 0.011764 0.011765 0.011766 0.011767 0.011768 0.011768 0.011769 0.011770 0.011771 0.011772 0.011772 0.011773 0.011774 0.011775 0.011775 0.011776 0.011777 0.011777 0.011778 0.011779 0.011779 0.011780 0.011780 0.011781 0.011782 0.011782 0.011783 0.011783 0.011784 0.011784 0.011785 0.011785 0.011786 0.011786 0.011786 0.011787 0.011787 0.011788 0.011788 0.011788 0.011789 0.011789 0.011789 0.011789 0.011790 0.011790 0.011790 0.011790 0.011790 0.011791 0.011791 0.011791 0.011791 0.011791 0.011791 0.011791 0.011791 0.011791 0.011791 0.011791 0.011791 0.011791 0.011791 0.011791 0.011791 0.011791 0.011791 0.011791 0.011791 0.011791 0.011791 0.011790 0.011790 0.011790 0.011790 0.011790 0.011789 0.011789 0.011789 0.011789 0.011788 0.011788 0.011788 0.011787 0.011787 0.011786 0.011786 0.011786 0.011785 0.011785 0.011784 0.011784 0.011783 0.011783 0.011782 0.011782 0.011781 0.011780 0.011780 0.011779 0.011779 0.011778 0.011777 0.011777 0.011776 0.011775 0.011775 0.011774 0.011773 0.011772 0.011772 0.011771 0.011770 0.011769 0.011768 0.011768 0.011767 0.011766 0.011765 0.011764 0.011763 0.011762 0.011761 0.011760 0.011760 0.011759 0.011758 0.011757 0.011756 0.011755 0.011754 0.011753 0.011752 0.011751 0.011749 0.011748 0.011747 0.011746 0.011744 0.011742 0.011740 0.011738 0.011735 0.011732 0.011727 0.011722 0.011716 0.011708 0.011699 0.011687 0.011674 0.011657 0.011638 0.011616 0.011591 0.011561 0.011527 0.011483 0.011409 0.011242 0.010770
0.010767 0.011239 0.011405 0.011479 0.011523 0.011557 0.011586 0.011612 0.011634 0.011653 0.011669 0.011682 0.011694 0.011703 0.011711 0.011717 0.011722 0.011726 0.011730 0.011733 0.011735 0.011737 0.011739 0.011740 0.011742 0.011743 0.011744 0.011745 0.011746 0.011747 0.011748 0.011749 0.011750 0.011751 0.011752 0.011753 0.011754 0.011755 0.011756 0.011757 0.011758 0.011759 0.011759 0.011760 0.011761 0.011762 0.011763 0.011764 0.011764 0.011765 0.011766 0.011767 0.011768 0.011768 0.011769 0.011770 0.011770 0.011771 0.011772 0.011772 0.011773 0.011774 0.011774 0.011775 0.011775 0.011776 0.011776 0.011777 0.011777 0.011778 0.011778 0.011779 0.011779 0.011780 0.011780 0.011781 0.011781 0.011781 0.011782 0.011782 0.011782 0.011783 0.011783 0.011783 0.011783 0.011784 0.011784 0.011784 0.011784 0.011785 0.011785 0.011785 0.011785 0.011785 0.011785 0.011785 0.011785 0.011785 0.011786 0.011786 0.011786 0.011786 0.011786 0.011786 0.011785 0.011785 0.011785 0.011785 0.011785 0.011785 0.011785 0.011785 0.011785 0.011784 0.011784 0.011784 0.011784 0.011783 0.011783 0.011783 0.011783 0.011782 0.011782 0.011782 0.011781 0.011781 0.011781 0.011780 0.011780 0.011779 0.011779 0.011778 0.011778 0.011777 0.011777 0.011776 0.011776 0.011775 0.011775 0.011774 0.011774 0.011773 0.011772 0.011772 0.011771 0.011770 0.011770 0.011769 0.011768 0.011768 0.011767 0.011766 0.011765 0.011764 0.011764 0.011763 0.011762 0.011761 0.011760 0.011759 0.011759 0.011758 0.011757 0.011756 0.011755 0.011754 0.011753 0.011752 0.011751 0.011750 0.011749 0.011748 0.011747 0.011746 0.011745 0.011744 0.011743 0.011742 0.011740 0.011739 0.011737 0.011735 0.011733 0.011730 0.011726 0.011722 0.011717 0.011711 0.011703 0.011694 0.011682 0.011669 0.011653 0.011634 0.011612 0.011586 0.011557 0.011523 0.011479 0.011405 0.011239 0.010767
0.010763 0.011235 0.011402 0.011475 0.011519 0.011553 0.011582 0.011607 0.011629 0.011648 0.011664 0.011678 0.011689 0.011698 0.011706 0.011712 0.011717 0.011721 0.011725 0.011727 0.011730 0.011732 0.011734 0.011735 0.011737 0.011738 0.011739 0.011740 0.011741 0.011742 0.011743 0.011744 0.011745 0.011746 0.011747 0.011748 0.011749 0.011750 0.011751 0.011751 0.011752 0.011753 0.011754 0.011755 0.011756 0.011757 0.011757 0.011758 0.011759 0.011760 0.011760 0.011761 0.011762 0.011763 0.011763 0.011764 0.011765 0.011765 0.011766 0.011767 0.011767 0.011768 0.011768 0.011769 0.011770 0.011770 0.011771 0.011771 0.011772 0.011772 0.011773 0.011773 0.011774 0.011774 0.011774 0.011775 0.011775 0.011775 0.011776 0.011776 0.011776 0.011777 0.011777 0.011777 0.011778 0.011778 0.011778 0.011778 0.011778 0.011779 0.011779 0.011779 0.011779 0.011779 0.011779 0.011779 0.011779 0.011780 0.011780 0.011780 0.011780 0.011780 0.011780 0.011780 0.011780 0.011779 0.011779 0.011779 0.011779 0.011779 0.011779 0.011779 0.011779 0.011778 0.011778 0.011778 0.011778 0.011778 0.011777 0.011777 0.011777 0.011776 0.011776 0.011776 0.011775 0.011775 0.011775 0.011774 0.011774 0.011774 0.011773 0.011773 0.011772 0.011772 0.011771 0.011771 0.011770 0.011770 0.011769 0.011768 0.011768 0.011767 0.011767 0.011766 0.011765 0.011765 0.011764 0.011763 0.011763 0.011762 0.011761 0.011760 0.011760 0.011759 0.011758 0.011757 0.011757 0.011756 0.011755 0.011754 0.011753 0.011752 0.011751 0.011751 0.011750 0.011749 0.011748 0.011747 0.011746 0.011745 0.011744 0.011743 0.011742 0.011741 0.011740 0.011739 0.011738 0.011737 0.011735 0.011734 0.011732 0.011730 0.011727 0.011725 0.011721 0.011717 0.011712 0.011706 0.011698 0.011689 0.011678 0.011664 0.011648 0.011629 0.011607 0.011582 0.011553 0.011519 0.011475 0.011402 0.011235 0.010763
0.010759 0.011232 0.011398 0.011471 0.011515 0.011549 0.011578 0.011603 0.011624 0.011643 0.011659 0.011673 0.011684 0.011693 0.011701 0.011707 0.011712 0.011716 0.011720 0.011722 0.011725 0.011727 0.011728 0.011730 0.011731 0.011733 0.011734 0.011735 0.011736 0.011737 0.011738 0.011739 0.011740 0.011741 0.011742 0.011742 0.011743 0.011744 0.011745 0.011746 0.011747 0.011748 0.011749 0.011749 0.011750 0.011751 0.011752 0.011753 0.011753 0.011754 0.011755 0.011756 0.011756 0.011757 0.011758 0.011758 0.011759 0.011760 0.011760 0.011761 0.011762 0.011762 0.011763 0.011763 0.011764 0.011764 0.011765 0.011765 0.011766 0.011766 0.011767 0.011767 0.011768 0.011768 0.011769 0.011769 0.011769 0.011770 0.011770 0.011770 0.011771 0.011771 0.011771 0.011771 0.011772 0.011772 0.011772 0.011772 0.011773 0.011773 0.011773 0.011773 0.011773 0.011773 0.011773 0.011773 0.011774 0.011774 0.011774 0.011774 0.011774 0.011774 0.011774 0.011774 0.011774 0.011774 0.011773 0.011773 0.011773 0.011773 0.011773 0.011773 0.011773 0.011773 0.011772 0.011772 0.011772 0.011772 0.011771 0.011771 0.011771 0.011771 0.011770 0.011770 0.011770 0.011769 0.011769 0.011769 0.011768 0.011768 0.011767 0.011767 0.011766 0.011766 0.011765 0.011765 0.011764 0.011764 0.011763 0.011763 0.011762 0.011762 0.011761 0.011760 0.011760 0.011759 0.011758 0.011758 0.011757 0.011756 0.011756 0.011755 0.011754 0.011753 0.011753 0.011752 0.011751 0.011750 0.011749 0.011749 0.011748 0.011747 0.011746 0.011745 0.011744 0.011743 0.011742 0.011742 0.011741 0.011740 0.011739 0.011738 0.011737 0.011736 0.011735 0.011734 0.011733 0.011731 0.011730 0.011728 0.011727 0.011725 0.011722 0.011720 0.011716 0.011712 0.011707 0.011701 0.011693 0.011684 0.011673 0.011659 0.011643 0.011624 0.011603 0.011578 0.011549 0.011515 0.011471 0.011398 0.011232 0.010759
0.010756 0.011228 0.011394 0.011467 0.011511 0.011545 0.011573 0.011598 0.011620 0.011639 0.011654 0.011668 0.011679 0.011688 0.011696 0.011702 0.011707 0.011711 0.011714 0.011717 0.011720 0.011721 0.011723 0.011725 0.011726 0.011727 0.011728 0.011730 0.011731 0.011732 0.011733 0.011733 0.011734 0.011735 0.011736 0.011737 0.011738 0.011739 0.011740 0.011741 0.011741 0.011742 0.011743 0.011744 0.011745 0.011746 0.011746 0.011747 0.011748 0.011749 0.011749 0.011750 0.011751 0.011751 0.011752 0.011753 0.011753 0.011754 0.011755 0.011755 0.011756 0.011757 0.011757 0.011758 0.011758 0.011759 0.011759 0.011760 0.011760 0.011761 0.011761 0.011762 0.011762 0.011762 0.011763 0.011763 0.011763 0.011764 0.011764 0.011764 0.011765 0.011765 0.011765 0.011766 0.011766 0.011766 0.011766 0.011766 0.011767 0.011767 0.011767 0.011767 0.011767 0.011767 0.011767 0.011768 0.011768 0.011768 0.011768 0.011768 0.011768 0.011768 0.011768 0.011768 0.011768 0.011768 0.011768 0.011767 0.011767 0.011767 0.011767 0.011767 0.011767 0.011767 0.011766 0.011766 0.011766 0.011766 0.011766 0.011765 0.011765 0.011765 0.011764 0.011764 0.011764 0.011763 0.011763 0.011763 0.011762 0.011762 0.011762 0.011761 0.011761 0.011760 0.011760 0.011759 0.011759 0.011758 0.011758 0.011757 0.011757 0.011756 0.011755 0.011755 0.011754 0.011753 0.011753 0.011752 0.011751 0.011751 0.011750 0.011749 0.011749 0.011748 0.011747 0.011746 0.011746 0.011745 0.011744 0.011743 0.011742 0.011741 0.011741 0.011740 0.011739 0.011738 0.011737 0.011736 0.011735 0.011734 0.011733 0.011733 0.011732 0.011731 0.011730 0.011728 0.011727 0.011726 0.011725 0.011723 0.011721 0.011720 0.011717 0.011714 0.011711 0.011707 0.011702 0.011696 0.011688 0.011679 0.011668 0.011654 0.011639 0.011620 0.011598 0.011573 0.011545 0.011511 0.011467 0.011394 0.011228 0.010756
0.010752 0.011224 0.011391 0.011464 0.011507 0.011541 0.011569 0.011594 0.011615 0.011634 0.011650 0.011663 0.011674 0.011683 0.011691 0.011697 0.011702 0.011706 0.011709 0.011712 0.011714 0.011716 0.011718 0.011720 0.011721 0.011722 0.011723 0.011724 0.011725 0.011726 0.011727 0.011728 0.011729 0.011730 0.011731 0.011732 0.011733 0.011734 0.011734 0.011735 0.011736 0.011737 0.011738 0.011739 0.011739 0.011740 0.011741 0.011742 0.011742 0.011743 0.011744 0.011745 0.011745 0.011746 0.011747 0.011747 0.011748 0.011749 0.011749 0.011750 0.011750 0.011751 0.011751 0.011752 0.011753 0.011753 0.011754 0.011754 0.011754 0.011755 0.011755 0.011756 0.011756 0.011757 0.011757 0.011757 0.011758 0.011758 0.011758 0.011759 0.011759 0.011759 0.011759 0.011760 0.011760 0.011760 0.011760 0.011761 0.011761 0.011761 0.011761 0.011761 0.011761 0.011761 0.011762 0.011762 0.011762 0.011762 0.011762 0.011762 0.011762 0.011762 0.011762 0.011762 0.011762 0.011762 0.011762 0.011762 0.011761 0.011761 0.011761 0.011761 0.011761 0.011761 0.011761 0.011760 0.011760 0.011760 0.011760 0.011759 0.011759 0.011759 0.011759 0.011758 0.011758 0.011758 0.011757 0.011757 0.011757 0.011756 0.011756 0.011755 0.011755 0.011754 0.011754 0.011754 0.011753 0.011753 0.011752 0.011751 0.011751 0.011750 0.011750 0.011749 0.011749 0.011748 0.011747 0.011747 0.011746 0.011745 0.011745 0.011744 0.011743 0.011742 0.011742 0.011741 0.011740 0.011739 0.011739 0.011738 0.011737 0.011736 0.011735 0.011734 0.011734 0.011733 0.011732 0.011731 0.011730 0.011729 0.011728 0.011727 0.011726 0.011725 0.011724 0.011723 0.011722 0.011721 0.011720 0.011718 0.011716 0.011714 0.011712 0.011709 0.011706 0.011702 0.011697 0.011691 0.011683 0.011674 0.011663 0.011650 0.011634 0.011615 0.011594 0.011569 0.011541 0.011507 0.011464 0.011391 0.011224 0.010752
0.010748 0.011221 0.011387 0.011460 0.011503 0.011537 0.011565 0.011589 0.011611 0.011629 0.011645 0.011658 0.011669 0.011679 0.011686 0.011692 0.011697 0.011701 0.011704 0.011707 0.011709 0.011711 0.011713 0.011714 0.011716 0.011717 0.011718 0.011719 0.011720 0.011721 0.011722 0.011723 0.011724 0.011725 0.011726 0.011727 0.011727 0.011728 0.011729 0.011730 0.011731 0.011732 0.011732 0.011733 0.011734 0.011735 0.011735 0.011736 0.011737 0.011738 0.011738 0.011739 0.011740 0.011740 0.011741 0.011742 0.011742 0.011743 0.011744 0.011744 0.011745 0.011745 0.011746 0.011746 0.011747 0.011747 0.011748 0.011748 0.011749 0.011749 0.011750 0.011750 0.011750 0.011751 0.011751 0.011752 0.011752 0.011752 0.011753 0.011753 0.011753 0.011753 0.011754 0.011754 0.011754 0.011754 0.011755 0.011755 0.011755 0.011755 0.011755 0.011755 0.011756 0.011756 0.011756 0.011756 0.011756 0.011756 0.011756 0.011756 0.011756 0.011756 0.011756 0.011756 0.011756 0.011756 0.011756 0.011756 0.011756 0.011756 0.011755 0.011755 0.011755 0.011755 0.011755 0.011755 0.011754 0.011754 0.011754 0.011754 0.011753 0.011753 0.011753 0.011753 0.011752 0.011752 0.011752 0.011751 0.011751 0.011750 0.011750 0.011750 0.011749 0.011749 0.011748 0.011748 0.011747 0.011747 0.011746 0.011746 0.011745 0.011745 0.011744 0.011744 0.011743 0.011742 0.011742 0.011741 0.011740 0.011740 0.011739 0.011738 0.011738 0.011737 0.011736 0.011735 0.011735 0.011734 0.011733 0.011732 0.011732 0.011731 0.011730 0.011729 0.011728 0.011727 0.011727 0.011726 0.011725 0.011724 0.011723 0.011722 0.011721 0.011720 0.011719 0.011718 0.011717 0.011716 0.011714 0.011713 0.011711 0.011709 0.011707 0.011704 0.011701 0.011697 0.011692 0.011686 0.011679 0.011669 0.011658 0.011645 0.011629 0.011611 0.011589 0.011565 0.011537 0.011503 0.011460 0.011387 0.011221 0.010748
0.010745 0.011217 0.011383 0.011456 0.011500 0.011533 0.011561 0.011585 0.011607 0.011625 0.011641 0.011654 0.011665 0.011674 0.011681 0.011687 0.011692 0.011696 0.011700 0.011702 0.011705 0.011706 0.011708 0.011710 0.011711 0.011712 0.011713 0.011714 0.011715 0.011716 0.011717 0.011718 0.011719 0.011720 0.011721 0.011721 0.011722 0.011723 0.011724 0.011725 0.011726 0.011726 0.011727 0.011728 0.011729 0.011729 0.011730 0.011731 0.011732 0.011732 0.011733 0.011734 0.011734 0.011735 0.011736 0.011736 0.011737 0.011738 0.011738 0.011739 0.011739 0.011740 0.011740 0.011741 0.011741 0.011742 0.011742 0.011743 0.011743 0.011744 0.011744 0.011745 0.011745 0.011745 0.011746 0.011746 0.011746 0.011747 0.011747 0.011747 0.011748 0.011748 0.011748 0.011748 0.011748 0.011749 0.011749 0.011749 0.011749 0.011749 0.011750 0.011750 0.011750 0.011750 0.011750 0.011750 0.011750 0.011750 0.011750 0.011750 0.011750 0.011750 0.011750 0.011750 0.011750 0.011750 0.011750 0.011750 0.011750 0.011750 0.011750 0.011750 0.011749 0.011749 0.011749 0.011749 0.011749 0.011748 0.011748 0.011748 0.011748 0.011748 0.011747 0.011747 0.011747 0.011746 0.011746 0.011746 0.011745 0.011745 0.011745 0.011744 0.011744 0.011743 0.011743 0.011742 0.011742 0.011741 0.011741 0.011740 0.011740 0.011739 0.011739 0.011738 0.011738 0.011737 0.011736 0.011736 0.011735 0.011734 0.011734 0.011733 0.011732 0.011732 0.011731 0.011730 0.011729 0.011729 0.011728 0.011727 0.011726 0.011726 0.011725 0.011724 0.011723 0.011722 0.011721 0.011721 0.011720 0.011719 0.011718 0.011717 0.011716 0.011715 0.011714 0.011713 0.011712 0.011711 0.011710 0.011708 0.011706 0.011705 0.011702 0.011700 0.011696 0.011692 0.011687 0.011681 0.011674 0.011665 0.011654 0.011641 0.011625 0.011607 0.011585 0.011561 0.011533 0.011500 0.011456 0.011383 0.011217 0.010745
0.010742 0.011214 0.011380 0.011452 0.011496 0.011529 0.011557 0.011581 0.011602 0.011621 0.011636 0.011649 0.011660 0.011669 0.011677 0.011683 0.011688 0.011692 0.011695 0.011698 0.011700 0.011702 0.011703 0.011705 0.011706 0.011707 0.011708 0.011709 0.011710 0.011711 0.011712 0.011713 0.011714 0.011715 0.011716 0.011716 0.011717 0.011718 0.011719 0.011720 0.011720 0.011721 0.011722 0.011723 0.011724 0.011724 0.011725 0.011726 0.011726 0.011727 0.011728 0.011728 0.011729 0.011730 0.011730 0.011731 0.011732 0.011732 0.011733 0.011733 0.011734 0.011734 0.011735 0.011735 0.011736 0.011736 0.011737 0.011737 0.011738 0.011738 0.011739 0.011739 0.011739 0.011740 0.011740 0.011740 0.011741 0.011741 0.011741 0.011742 0.011742 0.011742 0.011742 0.011743 0.011743 0.011743 0.011743 0.011743 0.011744 0.011744 0.011744 0.011744 0.011744 0.011744 0.011744 0.011744 0.011745 0.011745 0.011745 0.011745 0.011745 0.011745 0.011745 0.011745 0.011745 0.011745 0.011744 0.011744 0.011744 0.011744 0.011744 0.011744 0.011744 0.011744 0.011743 0.011743 0.011743 0.011743 0.011743 0.011742 0.011742 0.011742 0.011742 0.011741 0.011741 0.011741 0.011740 0.011740 0.011740 0.011739 0.011739 0.011739 0.011738 0.011738 0.011737 0.011737 0.011736 0.011736 0.011735 0.011735 0.011734 0.011734 0.011733 0.011733 0.011732 0.011732 0.011731 0.011730 0.011730 0.011729 0.011728 0.011728 0.011727 0.011726 0.011726 0.011725 0.011724 0.011724 0.011723 0.011722 0.011721 0.011720 0.011720 0.011719 0.011718 0.011717 0.011716 0.011716 0.011715 0.011714 0.011713 0.011712 0.011711 0.011710 0.011709 0.011708 0.011707 0.011706 0.011705 0.011703 0.011702 0.011700 0.011698 0.011695 0.011692 0.011688 0.011683 0.011677 0.011669 0.011660 0.011649 0.011636 0.011621 0.011602 0.011581 0.011557 0.011529 0.011496 0.011452 0.011380 0.011214 0.010742
0.010738 0.011211 0.011376 0.011449 0.011492 0.011525 0.011553 0.011577 0.011598 0.011617 0.011632 0.011645 0.011656 0.011665 0.011672 0.011678 0.011683 0.011687 0.011690 0.011693 0.011695 0.011697 0.011699 0.011700 0.011701 0.011703 0.011704 0.011705 0.011706 0.011706 0.011707 0.011708 0.011709 0.011710 0.011711 0.011712 0.011712 0.011713 0.011714 0.011715 0.011716 0.011716 0.011717 0.011718 0.011719 0.011719 0.011720 0.011721 0.011721 0.011722 0.011723 0.011723 0.011724 0.011725 0.011725 0.011726 0.011726 0.011727 0.011728 0.011728 0.011729 0.011729 0.011730 0.011730 0.011731 0.011731 0.011732 0.011732 0.011733 0.011733 0.011733 0.011734 0.011734 0.011734 0.011735 0.011735 0.011735 0.011736 0.011736 0.011736 0.011737 0.011737 0.011737 0.011737 0.011737 0.011738 0.011738 0.011738 0.011738 0.011738 0.011738 0.011739 0.011739 0.011739 0.011739 0.011739 0.011739 0.011739 0.011739 0.011739 0.011739 0.011739 0.011739 0.011739 0.011739 0.011739 0.011739 0.011739 0.011739 0.011739 0.011739 0.011738 0.011738 0.011738 0.011738 0.011738 0.011738 0.011737 0.011737 0.011737 0.011737 0.011737 0.011736 0.011736 0.011736 0.011735 0.011735 0.011735 0.011734 0.011734 0.011734 0.011733 0.011733 0.011733 0.011732 0.011732 0.011731 0.011731 0.011730 0.011730 0.011729 0.011729 0.011728 0.011728 0.011727 0.011726 0.011726 0.011725 0.011725 0.011724 0.011723 0.011723 0.011722 0.011721 0.011721 0.011720 0.011719 0.011719 0.011718 0.011717 0.011716 0.011716 0.011715 0.011714 0.011713 0.011712 0.011712 0.011711 0.011710 0.011709 0.011708 0.011707 0.011706 0.011706 0.011705 0.011704 0.011703 0.011701 0.011700 0.011699 0.011697 0.011695 0.011693 0.011690 0.011687 0.011683 0.011678 0.011672 0.011665 0.011656 0.011645 0.011632 0.011617 0.011598 0.011577 0.011553 0.011525 0.011492 0.011449 0.011376 0.011211 0.010738
0.010735 0.011208 0.011373 0.011446 0.011489 0.011522 0.011550 0.011574 0.011595 0.011613 0.011628 0.011641 0.011652 0.011661 0.011668 0.011674 0.011679 0.011683 0.011686 0.011689 0.011691 0.011693 0.011694 0.011696 0.011697 0.011698 0.011699 0.011700 0.011701 0.011702 0.011703 0.011704 0.011705 0.011705 0.011706 0.011707 0.011708 0.011709 0.011709 0.011710 0.011711 0.011712 0.011712 0.011713 0.011714 0.011715 0.011715 0.011716 0.011717 0.011717 0.011718 0.011719 0.011719 0.011720 0.011720 0.011721 0.011722 0.011722 0.011723 0.011723 0.011724 0.011724 0.011725 0.011725 0.011726 0.011726 0.011727 0.011727 0.011727 0.011728 0.011728 0.011729 0.011729 0.011729 0.011730 0.011730 0.011730 0.011731 0.011731 0.011731 0.011731 0.011732 0.011732 0.011732 0.011732 0.011732 0.011733 0.011733 0.011733 0.011733 0.011733 0.011733 0.011733 0.011734 0.011734 0.011734 0.011734 0.011734 0.011734 0.011734 0.011734 0.011734 0.011734 0.011734 0.011734 0.011734 0.011734 0.011734 0.011734 0.011733 0.011733 0.011733 0.011733 0.011733 0.011733 0.011733 0.011732 0.011732 0.011732 0.011732 0.011732 0.011731 0.011731 0.011731 0.011731 0.011730 0.011730 0.011730 0.011729 0.011729 0.011729 0.011728 0.011728 0.011727 0.011727 0.011727 0.011726 0.011726 0.011725 0.011725 0.011724 0.011724 0.011723 0.011723 0.011722 0.011722 0.011721 0.011720 0.011720 0.011719 0.011719 0.011718 0.011717 0.011717 0.011716 0.011715 0.011715 0.011714 0.011713 0.011712 0.011712 0.011711 0.011710 0.011709 0.011709 0.011708 0.011707 0.011706 0.011705 0.011705 0.011704 0.011703 0.011702 0.011701 0.011700 0.011699 0.011698 0.011697 0.011696 0.011694 0.011693 0.011691 0.011689 0.011686 0.011683 0.011679 0.011674 0.011668 0.011661 0.011652 0.011641 0.011628 0.011613 0.011595 0.011574 0.011550 0.011522 0.011489 0.011446 0.011373 0.011208 0.010735
0.010733 0.011205 0.011371 0.011443 0.011486 0.011519 0.011547 0.011571 0.011592 0.011610 0.011625 0.011638 0.011649 0.011658 0.011665 0.011671 0.011675 0.011679 0.011682 0.011685 0.011687 0.011689 0.011690 0.011692 0.011693 0.011694 0.011695 0.011696 0.011697 0.011698 0.011699 0.011700 0.011700 0.011701 0.011702 0.011703 0.011703 0.011704 0.011705 0.011706 0.011706 0.011707 0.011708 0.011709 0.011709 0.011710 0.011711 0.011711 0.011712 0.011713 0.011713 0.011714 0.011715 0.011715 0.011716 0.011716 0.011717 0.011717 0.011718 0.011719 0.011719 0.011720 0.011720 0.011720 0.011721 0.011721 0.011722 0.011722 0.011723 0.011723 0.011723 0.011724 0.011724 0.011724 0.011725 0.011725 0.011725 0.011726 0.011726 0.011726 0.011726 0.011727 0.011727 0.011727 0.011727 0.011728 0.011728 0.011728 0.011728 0.011728 0.011728 0.011728 0.011729 0.011729 0.011729 0.011729 0.011729 0.011729 0.011729 0.011729 0.011729 0.011729 0.011729 0.011729 0.011729 0.011729 0.011729 0.011729 0.011729 0.011729 0.011728 0.011728 0.011728 0.011728 0.011728 0.011728 0.011728 0.011727 0.011727 0.011727 0.011727 0.011726 0.011726 0.011726 0.011726 0.011725 0.011725 0.011725 0.011724 0.011724 0.011724 0.011723 0.011723 0.011723 0.011722 0.011722 0.011721 0.011721 0.011720 0.011720 0.011720 0.011719 0.011719 0.011718 0.011717 0.011717 0.011716 0.011716 0.011715 0.011715 0.011714 0.011713 0.011713 0.011712 0.011711 0.011711 0.011710 0.011709 0.011709 0.011708 0.011707 0.011706 0.011706 0.011705 0.011704 0.011703 0.011703 0.011702 0.011701 0.011700 0.011700 0.011699 0.011698 0.011697 0.011696 0.011695 0.011694 0.011693 0.011692 0.011690 0.011689 0.011687 0.011685 0.011682 0.011679 0.011675 0.011671 0.011665 0.011658 0.011649 0.011638 0.011625 0.011610 0.011592 0.011571 0.011547 0.011519 0.011486 0.011443 0.011371 0.011205 0.010733
0.010731 0.011203 0.011369 0.011441 0.011484 0.011517 0.011544 0.011568 0.011589 0.011607 0.011622 0.011635 0.011646 0.011655 0.011662 0.011667 0.011672 0.011676 0.011679 0.011682 0.011684 0.011686 0.011687 0.011688 0.011690 0.011691 0.011692 0.011692 0.011693 0.011694 0.011695 0.011696 0.011697 0.011697 0.011698 0.011699 0.011700 0.011700 0.011701 0.011702 0.011703 0.011703 0.011704 0.011705 0.011705 0.011706 0.011707 0.011707 0.011708 0.011709 0.011709 0.011710 0.011710 0.011711 0.011712 0.011712 0.011713 0.011713 0.011714 0.011714 0.011715 0.011715 0.011716 0.011716 0.011717 0.011717 0.011717 0.011718 0.011718 0.011719 0.011719 0.011719 0.011720 0.011720 0.011720 0.011721 0.011721 0.011721 0.011722 0.011722 0.011722 0.011722 0.011722 0.011723 0.011723 0.011723 0.011723 0.011723 0.011724 0.011724 0.011724 0.011724 0.011724 0.011724 0.011724 0.011724 0.011724 0.011724 0.011724 0.011724 0.011724 0.011724 0.011724 0.011724 0.011724 0.011724 0.011724 0.011724 0.011724 0.011724 0.011724 0.011724 0.011724 0.011724 0.011723 0.011723 0.011723 0.011723 0.011723 0.011722 0.011722 0.011722 0.011722 0.011722 0.011721 0.011721 0.011721 0.011720 0.011720 0.011720 0.011719 0.011719 0.011719 0.011718 0.011718 0.011717 0.011717 0.011717 0.011716 0.011716 0.011715 0.011715 0.011714 0.011714 0.011713 0.011713 0.011712 0.011712 0.011711 0.011710 0.011710 0.011709 0.011709 0.011708 0.011707 0.011707 0.011706 0.011705 0.011705 0.011704 0.011703 0.011703 0.011702 0.011701 0.011700 0.011700 0.011699 0.011698 0.011697 0.011697 0.011696 0.011695 0.011694 0.011693 0.011692 0.011692 0.011691 0.011690 0.011688 0.011687 0.011686 0.011684 0.011682 0.011679 0.011676 0.011672 0.011667 0.011662 0.011655 0.011646 0.011635 0.011622 0.011607 0.011589 0.011568 0.011544 0.011517 0.011484 0.011441 0.011369 0.011203 0.010731
0.010729 0.011202 0.011367 0.011440 0.011483 0.011515 0.011543 0.011566 0.011587 0.011605 0.011620 0.011633 0.011644 0.011652 0.011659 0.011665 0.011670 0.011674 0.011677 0.011679 0.011681 0.011683 0.011684 0.011686 0.011687 0.011688 0.011689 0.011689 0.011690 0.011691 0.011692 0.011693 0.011693 0.011694 0.011695 0.011696 0.011696 0.011697 0.011698 0.011698 0.011699 0.011700 0.011701 0.011701 0.011702 0.011703 0.011703 0.011704 0.011704 0.011705 0.011706 0.011706 0.011707 0.011707 0.011708 0.011708 0.011709 0.011710 0.011710 0.011711 0.011711 0.011712 0.011712 0.011712 0.011713 0.011713 0.011714 0.011714 0.011714 0.011715 0.011715 0.011716 0.011716 0.011716 0.011716 0.011717 0.011717 0.011717 0.011718 0.011718 0.011718 0.011718 0.011719 0.011719 0.011719 0.011719 0.011719 0.011719 0.011720 0.011720 0.011720 0.011720 0.011720 0.011720 0.011720 0.011720 0.011720 0.011720 0.011720 0.011720 0.011720 0.011720 0.011720 0.011720 0.011720 0.011720 0.011720 0.011720 0.011720 0.011720 0.011720 0.011720 0.011720 0.011720 0.011719 0.011719 0.011719 0.011719 0.011719 0.011719 0.011718 0.011718 0.011718 0.011718 0.011717 0.011717 0.011717 0.011716 0.011716 0.011716 0.011716 0.011715 0.011715 0.011714 0.011714 0.011714 0.011713 0.011713 0.011712 0.011712 0.011712 0.011711 0.011711 0.011710 0.011710 0.011709 0.011708 0.011708 0.011707 0.011707 0.011706 0.011706 0.011705 0.011704 0.011704 0.011703 0.011703 0.011702 0.011701 0.011701 0.011700 0.011699 0.011698 0.011698 0.011697 0.011696 0.011696 0.011695 0.011694 0.011693 0.011693 0.011692 0.011691 0.011690 0.011689 0.011689 0.011688 0.011687 0.011686 0.011684 0.011683 0.011681 0.011679 0.011677 0.011674 0.011670 0.011665 0.011659 0.011652 0.011644 0.011633 0.011620 0.011605 0.011587 0.011566 0.011543 0.011515 0.011483 0.011440 0.011367 0.011202 0.010729
0.010729 0.011201 0.011367 0.011439 0.011482 0.011515 0.011542 0.011566 0.011587 0.011604 0.011619 0.011632 0.011643 0.011651 0.011658 0.011664 0.011668 0.011672 0.011675 0.011677 0.011679 0.011681 0.011682 0.011684 0.011685 0.011686 0.011687 0.011687 0.011688 0.011689 0.011690 0.011690 0.011691 0.011692 0.011693 0.011693 0.011694 0.011695 0.011695 0.011696 0.011697 0.011697 0.011698 0.011699 0.011699 0.011700 0.011700 0.011701 0.011702 0.011702 0.011703 0.011703 0.011704 0.011705 0.011705 0.011706 0.011706 0.011707 0.011707 0.011708 0.011708 0.011709 0.011709 0.011709 0.011710 0.011710 0.011711 0.011711 0.011711 0.011712 0.011712 0.011712 0.011713 0.011713 0.011713 0.011714 0.011714 0.011714 0.011714 0.011715 0.011715 0.011715 0.011715 0.011716 0.011716 0.011716 0.011716 0.011716 0.011716 0.011716 0.011717 0.011717 0.011717 0.011717 0.011717 0.011717 0.011717 0.011717 0.011717 0.011717 0.011717 0.011717 0.011717 0.011717 0.011717 0.011717 0.011717 0.011717 0.011717 0.011717 0.011717 0.011717 0.011716 0.011716 0.011716 0.011716 0.011716 0.011716 0.011716 0.011715 0.011715 0.011715 0.011715 0.011714 0.011714 0.011714 0.011714 0.011713 0.011713 0.011713 0.011712 0.011712 0.011712 0.011711 0.011711 0.011711 0.011710 0.011710 0.011709 0.011709 0.011709 0.011708 0.011708 0.011707 0.011707 0.011706 0.011706 0.011705 0.011705 0.011704 0.011703 0.011703 0.011702 0.011702 0.011701 0.011700 0.011700 0.011699 0.011699 0.011698 0.011697 0.011697 0.011696 0.011695 0.011695 0.011694 0.011693 0.011693 0.011692 0.011691 0.011690 0.011690 0.011689 0.011688 0.011687 0.011687 0.011686 0.011685 0.011684 0.011682 0.011681 0.011679 0.011677 0.011675 0.011672 0.011668 0.011664 0.011658 0.011651 0.011643 0.011632 0.011619 0.011604 0.011587 0.011566 0.011542 0.011515 0.011482 0.011439 0.011367 0.011201 0.010729
0.010730 0.011202 0.011368 0.011440 0.011483 0.011515 0.011543 0.011567 0.011587 0.011605 0.011620 0.011633 0.011643 0.011651 0.011658 0.011664 0.011668 0.011672 0.011675 0.011677 0.011679 0.011680 0.011682 0.011683 0.011684 0.011685 0.011686 0.011686 0.011687 0.011688 0.011689 0.011689 0.011690 0.011691 0.011691 0.011692 0.011692 0.011693 0.011694 0.011694 0.011695 0.011696 0.011696 0.011697 0.011698 0.011698 0.011699 0.011699 0.011700 0.011700 0.011701 0.011702 0.011702 0.011703 0.011703 0.011704 0.011704 0.011705 0.011705 0.011706 0.011706 0.011707 0.011707 0.011707 0.011708 0.011708 0.011709 0.011709 0.011709 0.011710 0.011710 0.011710 0.011711 0.011711 0.011711 0.011712 0.011712 0.011712 0.011712 0.011713 0.011713 0.011713 0.011713 0.011713 0.011714 0.011714 0.011714 0.011714 0.011714 0.011714 0.011714 0.011714 0.011715 0.011715 0.011715 0.011715 0.011715 0.011715 0.011715 0.011715 0.011715 0.011715 0.011715 0.011715 0.011715 0.011715 0.011715 0.011715 0.011715 0.011715 0.011714 0.011714 0.011714 0.011714 0.011714 0.011714 0.011714 0.011714 0.011713 0.011713 0.011713 0.011713 0.011713 0.011712 0.011712 0.011712 0.011712 0.011711 0.011711 0.011711 0.011710 0.011710 0.011710 0.011709 0.011709 0.011709 0.011708 0.011708 0.011707 0.011707 0.011707 0.011706 0.011706 0.011705 0.011705 0.011704 0.011704 0.011703 0.011703 0.011702 0.011702 0.011701 0.011700 0.011700 0.011699 0.011699 0.011698 0.011698 0.011697 0.011696 0.011696 0.011695 0.011694 0.011694 0.011693 0.011692 0.011692 0.011691 0.011691 0.011690 0.011689 0.011689 0.011688 0.011687 0.011686 0.011686 0.011685 0.011684 0.011683 0.011682 0.011680 0.011679 0.011677 0.011675 0.011672 0.011668 0.011664 0.011658 0.011651 0.011643 0.011633 0.011620 0.011605 0.011587 0.011567 0.011543 0.011515 0.011483 0.011440 0.011368 0.011202 0.010730
0.010733 0.011205 0.011371 0.011443 0.011486 0.011518 0.011546 0.011569 0.011590 0.011607 0.011622 0.011635 0.011645 0.011653 0.011660 0.011666 0.011670 0.011673 0.011676 0.011678 0.011680 0.011682 0.011683 0.011684 0.011685 0.011686 0.011686 0.011687 0.011688 0.011688 0.011689 0.011690 0.011690 0.011691 0.011691 0.011692 0.011693 0.011693 0.011694 0.011694 0.011695 0.011695 0.011696 0.011697 0.011697 0.011698 0.011698 0.011699 0.011699 0.011700 0.011701 0.011701 0.011702 0.011702 0.011703 0.011703 0.011704 0.011704 0.011705 0.011705 0.011705 0.011706 0.011706 0.011707 0.011707 0.011708 0.011708 0.011708 0.011709 0.011709 0.011709 0.011710 0.011710 0.011710 0.011710 0.011711 0.011711 0.011711 0.011711 0.011712 0.011712 0.011712 0.011712 0.011713 0.011713 0.011713 0.011713 0.011713 0.011713 0.011713 0.011714 0.011714 0.011714 0.011714 0.011714 0.011714 0.011714 0.011714 0.011714 0.011714 0.011714 0.011714 0.011714 0.011714 0.011714 0.011714 0.011714 0.011714 0.011714 0.011714 0.011714 0.011714 0.011713 0.011713 0.011713 0.011713 0.011713 0.011713 0.011713 0.011712 0.011712 0.011712 0.011712 0.011711 0.011711 0.011711 0.011711 0.011710 0.011710 0.011710 0.011710 0.011709 0.011709 0.011709 0.011708 0.011708 0.011708 0.011707 0.011707 0.011706 0.011706 0.011705 0.011705 0.011705 0.011704 0.011704 0.011703 0.011703 0.011702 0.011702 0.011701 0.011701 0.011700 0.011699 0.011699 0.011698 0.011698 0.011697 0.011697 0.011696 0.011695 0.011695 0.011694 0.011694 0.011693 0.011693 0.011692 0.011691 0.011691 0.011690 0.011690 0.011689 0.011688 0.011688 0.011687 0.011686 0.011686 0.011685 0.011684 0.011683 0.011682 0.011680 0.011678 0.011676 0.011673 0.011670 0.011666 0.011660 0.011653 0.011645 0.011635 0.011622 0.011607 0.011590 0.011569 0.011546 0.011518 0.011486 0.011443 0.011371 0.011205 0.010733
0.010737 0.011210 0.011376 0.011449 0.011491 0.011524 0.011551 0.011574 0.011595 0.011612 0.011627 0.011639 0.011650 0.011658 0.011664 0.011670 0.011674 0.011677 0.011680 0.011682 0.011683 0.011685 0.011686 0.011687 0.011688 0.011688 0.011689 0.011690 0.011690 0.011691 0.011691 0.011692 0.011692 0.011693 0.011693 0.011694 0.011694 0.011695 0.011696 0.011696 0.011697 0.011697 0.011698 0.011698 0.011699 0.011699 0.011700 0.011700 0.011701 0.011701 0.011702 0.011702 0.011703 0.011703 0.011704 0.011704 0.011705 0.011705 0.011706 0.011706 0.011707 0.011707 0.011707 0.011708 0.011708 0.011709 0.011709 0.011709 0.011710 0.011710 0.011710 0.011711 0.011711 0.011711 0.011712 0.011712 0.011712 0.011712 0.011712 0.011713 0.011713 0.011713 0.011713 0.011714 0.011714 0.011714 0.011714 0.011714 0.011714 0.011714 0.011714 0.011715 0.011715 0.011715 0.011715 0.011715 0.011715 0.011715 0.011715 0.011715 0.011715 0.011715 0.011715 0.011715 0.011715 0.011715 0.011715 0.011715 0.011715 0.011715 0.011715 0.011714 0.011714 0.011714 0.011714 0.011714 0.011714 0.011714 0.011714 0.011713 0.011713 0.011713 0.011713 0.011712 0.011712 0.011712 0.011712 0.011712 0.011711 0.011711 0.011711 0.011710 0.011710 0.011710 0.011709 0.011709 0.011709 0.011708 0.011708 0.011707 0.011707 0.011707 0.011706 0.011706 0.011705 0.011705 0.011704 0.011704 0.011703 0.011703 0.011702 0.011702 0.011701 0.011701 0.011700 0.011700 0.011699 0.011699 0.011698 0.011698 0.011697 0.011697 0.011696 0.011696 0.011695 0.011694 0.011694 0.011693 0.011693 0.011692 0.011692 0.011691 0.011691 0.011690 0.011690 0.011689 0.011688 0.011688 0.011687 0.011686 0.011685 0.011683 0.011682 0.011680 0.011677 0.011674 0.011670 0.011664 0.011658 0.011650 0.011639 0.011627 0.011612 0.011595 0.011574 0.011551 0.011524 0.011491 0.011449 0.011376 0.011210 0.010737
0.010746 0.011219 0.011385 0.011457 0.011500 0.011532 0.011559 0.011583 0.011603 0.011621 0.011635 0.011647 0.011657 0.011665 0.011672 0.011677 0.011681 0.011684 0.011686 0.011688 0.011690 0.011691 0.011692 0.011693 0.011693 0.011694 0.011694 0.011695 0.011695 0.011696 0.011696 0.011697 0.011697 0.011698 0.011698 0.011698 0.011699 0.011699 0.011700 0.011700 0.011701 0.011701 0.011702 0.011702 0.011703 0.011703 0.011704 0.011704 0.011705 0.011705 0.011706 0.011706 0.011707 0.011707 0.011708 0.011708 0.011709 0.011709 0.011709 0.011710 0.011710 0.011711 0.011711 0.011711 0.011712 0.011712 0.011712 0.011713 0.011713 0.011713 0.011714 0.011714 0.011714 0.011715 0.011715 0.011715 0.011715 0.011716 0.011716 0.011716 0.011716 0.011717 0.011717 0.011717 0.011717 0.011717 0.011717 0.011717 0.011718 0.011718 0.011718 0.011718 0.011718 0.011718 0.011718 0.011718 0.011718 0.011718 0.011718 0.011718 0.011718 0.011718 0.011718 0.011718 0.011718 0.011718 0.011718 0.011718 0.011718 0.011718 0.011718 0.011718 0.011718 0.011718 0.011717 0.011717 0.011717 0.011717 0.011717 0.011717 0.011717 0.011716 0.011716 0.011716 0.011716 0.011715 0.011715 0.011715 0.011715 0.011714 0.011714 0.011714 0.011713 0.011713 0.011713 0.011712 0.011712 0.011712 0.011711 0.011711 0.011711 0.011710 0.011710 0.011709 0.011709 0.011709 0.011708 0.011708 0.011707 0.011707 0.011706 0.011706 0.011705 0.011705 0.011704 0.011704 0.011703 0.011703 0.011702 0.011702 0.011701 0.011701 0.011700 0.011700 0.011699 0.011699 0.011698 0.011698 0.011698 0.011697 0.011697 0.011696 0.011696 0.011695 0.011695 0.011694 0.011694 0.011693 0.011693 0.011692 0.011691 0.011690 0.011688 0.011686 0.011684 0.011681 0.011677 0.011672 0.011665 0.011657 0.011647 0.011635 0.011621 0.011603 0.011583 0.011559 0.011532 0.011500 0.011457 0.011385 0.011219 0.010746
0.010758 0.011231 0.011397 0.011470 0.011513 0.011545 0.011572 0.011596 0.011616 0.011633 0.011648 0.011660 0.011669 0.011677 0.011683 0.011688 0.011692 0.011695 0.011697 0.011699 0.011700 0.011701 0.011702 0.011702 0.011703 0.011703 0.011703 0.011704 0.011704 0.011704 0.011705 0.011705 0.011705 0.011706 0.011706 0.011706 0.011707 0.011707 0.011707 0.011708 0.011708 0.011709 0.011709 0.011710 0.011710 0.011710 0.011711 0.011711 0.011712 0.011712 0.011713 0.011713 0.011714 0.011714 0.011714 0.011715 0.011715 0.011716 0.011716 0.011717 0.011717 0.011717 0.011718 0.011718 0.011718 0.011719 0.011719 0.011719 0.011720 0.011720 0.011720 0.011721 0.011721 0.011721 0.011721 0.011722 0.011722 0.011722 0.011722 0.011723 0.011723 0.011723 0.011723 0.011723 0.011724 0.011724 0.011724 0.011724 0.011724 0.011724 0.011724 0.011724 0.011725 0.011725 0.011725 0.011725 0.011725 0.011725 0.011725 0.011725 0.011725 0.011725 0.011725 0.011725 0.011725 0.011725 0.011725 0.011725 0.011725 0.011725 0.011724 0.011724 0.011724 0.011724 0.011724 0.011724 0.011724 0.011724 0.011723 0.011723 0.011723 0.011723 0.011723 0.011722 0.011722 0.011722 0.011722 0.011721 0.011721 0.011721 0.011721 0.011720 0.011720 0.011720 0.011719 0.011719 0.011719 0.011718 0.011718 0.011718 0.011717 0.011717 0.011717 0.011716 0.011716 0.011715 0.011715 0.011714 0.011714 0.011714 0.011713 0.011713 0.011712 0.011712 0.011711 0.011711 0.011710 0.011710 0.011710 0.011709 0.011709 0.011708 0.011708 0.011707 0.011707 0.011707 0.011706 0.011706 0.011706 0.011705 0.011705 0.011705 0.011704 0.011704 0.011704 0.011703 0.011703 0.011703 0.011702 0.011702 0.011701 0.011700 0.011699 0.011697 0.011695 0.011692 0.011688 0.011683 0.011677 0.011669 0.011660 0.011648 0.011633 0.011616 0.011596 0.011572 0.011545 0.011513 0.011470 0.011397 0.011231 0.010758
0.010775 0.011249 0.011415 0.011488 0.011531 0.011563 0.011590 0.011614 0.011634 0.011651 0.011665 0.011677 0.011686 0.011694 0.011700 0.011704 0.011708 0.011710 0.011712 0.011714 0.011715 0.011715 0.011716 0.011716 0.011717 0.011717 0.011717 0.011717 0.011717 0.011717 0.011717 0.011717 0.011718 0.011718 0.011718 0.011718 0.011719 0.011719 0.011719 0.011720 0.011720 0.011720 0.011721 0.011721 0.011721 0.011722 0.011722 0.011722 0.011723 0.011723 0.011724 0.011724 0.011725 0.011725 0.011725 0.011726 0.011726 0.011727 0.011727 0.011727 0.011728 0.011728 0.011728 0.011729 0.011729 0.011729 0.011730 0.011730 0.011730 0.011731 0.011731 0.011731 0.011732 0.011732 0.011732 0.011732 0.011733 0.011733 0.011733 0.011733 0.011733 0.011734 0.011734 0.011734 0.011734 0.011734 0.011734 0.011735 0.011735 0.011735 0.011735 0.011735 0.011735 0.011735 0.011735 0.011735 0.011735 0.011735 0.011735 0.011735 0.011735 0.011735 0.011735 0.011735 0.011735 0.011735 0.011735 0.011735 0.011735 0.011735 0.011735 0.011735 0.011735 0.011735 0.011735 0.011734 0.011734 0.011734 0.011734 0.011734 0.011734 0.011733 0.011733 0.011733 0.011733 0.011733 0.011732 0.011732 0.011732 0.011732 0.011731 0.011731 0.011731 0.011730 0.011730 0.011730 0.011729 0.011729 0.011729 0.011728 0.011728 0.011728 0.011727 0.011727 0.011727 0.011726 0.011726 0.011725 0.011725 0.011725 0.011724 0.011724 0.011723 0.011723 0.011722 0.011722 0.011722 0.011721 0.011721 0.011721 0.011720 0.011720 0.011720 0.011719 0.011719 0.011719 0.011718 0.011718 0.011718 0.011718 0.011717 0.011717 0.011717 0.011717 0.011717 0.011717 0.011717 0.011717 0.011716 0.011716 0.011715 0.011715 0.011714 0.011712 0.011710 0.011708 0.011704 0.011700 0.011694 0.011686 0.011677 0.011665 0.011651 0.011634 0.011614 0.011590 0.011563 0.011531 0.011488 0.011415 0.011249 0.010775
0.010799 0.011274 0.011440 0.011513 0.011556 0.011589 0.011616 0.011639 0.011659 0.011676 0.011690 0.011701 0.011710 0.011718 0.011723 0.011727 0.011730 0.011733 0.011734 0.011735 0.011736 0.011736 0.011736 0.011736 0.011736 0.011736 0.011736 0.011736 0.011736 0.011736 0.011736 0.011736 0.011736 0.011736 0.011736 0.011736 0.011736 0.011736 0.011736 0.011737 0.011737 0.011737 0.011737 0.011738 0.011738 0.011738 0.011739 0.011739 0.011739 0.011740 0.011740 0.011740 0.011741 0.011741 0.011741 0.011742 0.011742 0.011743 0.011743 0.011743 0.011744 0.011744 0.011744 0.011745 0.011745 0.011745 0.011746 0.011746 0.011746 0.011747 0.011747 0.011747 0.011747 0.011748 0.011748 0.011748 0.011748 0.011749 0.011749 0.011749 0.011749 0.011749 0.011750 0.011750 0.011750 0.011750 0.011750 0.011750 0.011750 0.011751 0.011751 0.011751 0.011751 0.011751 0.011751 0.011751 0.011751 0.011751 0.011751 0.011751 0.011751 0.011751 0.011751 0.011751 0.011751 0.011751 0.011751 0.011751 0.011751 0.011751 0.011751 0.011751 0.011751 0.011750 0.011750 0.011750 0.011750 0.011750 0.011750 0.011750 0.011749 0.011749 0.011749 0.011749 0.011749 0.011748 0.011748 0.011748 0.011748 0.011747 0.011747 0.011747 0.011747 0.011746 0.011746 0.011746 0.011745 0.011745 0.011745 0.011744 0.011744 0.011744 0.011743 0.011743 0.011743 0.011742 0.011742 0.011741 0.011741 0.011741 0.011740 0.011740 0.011740 0.011739 0.011739 0.011739 0.011738 0.011738 0.011738 0.011737 0.011737 0.011737 0.011737 0.011736 0.011736 0.011736 0.011736 0.011736 0.011736 0.011736 0.011736 0.011736 0.011736 0.011736 0.011736 0.011736 0.011736 0.011736 0.011736 0.011736 0.011736 0.011736 0.011735 0.011734 0.011733 0.011730 0.011727 0.011723 0.011718 0.011710 0.011701 0.011690 0.011676 0.011659 0.011639 0.011616 0.011589 0.011556 0.011513 0.011440 0.011274 0.010799
0.010831 0.011307 0.011474 0.011547 0.011590 0.011623 0.011650 0.011673 0.011693 0.011709 0.011723 0.011734 0.011743 0.011749 0.011755 0.011758 0.011761 0.011763 0.011764 0.011764 0.011765 0.011765 0.011764 0.011764 0.011764 0.011763 0.011763 0.011762 0.011762 0.011762 0.011761 0.011761 0.011761 0.011761 0.011760 0.011760 0.011760 0.011760 0.011760 0.011760 0.011761 0.011761 0.011761 0.011761 0.011761 0.011761 0.011762 0.011762 0.011762 0.011763 0.011763 0.011763 0.011763 0.011764 0.011764 0.011764 0.011765 0.011765 0.011765 0.011766 0.011766 0.011766 0.011767 0.011767 0.011767 0.011768 0.011768 0.011768 0.011769 0.011769 0.011769 0.011769 0.011770 0.011770 0.011770 0.011771 0.011771 0.011771 0.011771 0.011771 0.011772 0.011772 0.011772 0.011772 0.011772 0.011772 0.011773 0.011773 0.011773 0.011773 0.011773 0.011773 0.011773 0.011773 0.011773 0.011774 0.011774 0.011774 0.011774 0.011774 0.011774 0.011774 0.011774 0.011774 0.011774 0.011774 0.011774 0.011773 0.011773 0.011773 0.011773 0.011773 0.011773 0.011773 0.011773 0.011773 0.011772 0.011772 0.011772 0.011772 0.011772 0.011772 0.011771 0.011771 0.011771 0.011771 0.011771 0.011770 0.011770 0.011770 0.011769 0.011769 0.011769 0.011769 0.011768 0.011768 0.011768 0.011767 0.011767 0.011767 0.011766 0.011766 0.011766 0.011765 0.011765 0.011765 0.011764 0.011764 0.011764 0.011763 0.011763 0.011763 0.011763 0.011762 0.011762 0.011762 0.011761 0.011761 0.011761 0.011761 0.011761 0.011761 0.011760 0.011760 0.011760 0.011760 0.011760 0.011760 0.011761 0.011761 0.011761 0.011761 0.011762 0.011762 0.011762 0.011763 0.011763 0.011764 0.011764 0.011764 0.011765 0.011765 0.011764 0.011764 0.011763 0.011761 0.011758 0.011755 0.011749 0.011743 0.011734 0.011723 0.011709 0.011693 0.011673 0.011650 0.011623 0.011590 0.011547 0.011474 0.011307 0.010831
0.010874 0.011351 0.011518 0.011592 0.011635 0.011668 0.011695 0.011718 0.011737 0.011754 0.011767 0.011777 0.011786 0.011792 0.011796 0.011799 0.011801 0.011803 0.011803 0.011803 0.011803 0.011802 0.011802 0.011801 0.011800 0.011799 0.011798 0.011798 0.011797 0.011796 0.011796 0.011795 0.011794 0.011794 0.011794 0.011793 0.011793 0.011793 0.011793 0.011793 0.011793 0.011793 0.011793 0.011793 0.011793 0.011793 0.011793 0.011793 0.011794 0.011794 0.011794 0.011794 0.011795 0.011795 0.011795 0.011795 0.011796 0.011796 0.011796 0.011797 0.011797 0.011797 0.011797 0.011798 0.011798 0.011798 0.011799 0.011799 0.011799 0.011800 0.011800 0.011800 0.011800 0.011801 0.011801 0.011801 0.011801 0.011802 0.011802 0.011802 0.011802 0.011802 0.011803 0.011803 0.011803 0.011803 0.011803 0.011803 0.011804 0.011804 0.011804 0.011804 0.011804 0.011804 0.011804 0.011804 0.011804 0.011804 0.011804 0.011804 0.011804 0.011804 0.011804 0.011804 0.011804 0.011804 0.011804 0.011804 0.011804 0.011804 0.011804 0.011804 0.011804 0.011804 0.011803 0.011803 0.011803 0.011803 0.011803 0.011803 0.011802 0.011802 0.011802 0.011802 0.011802 0.011801 0.011801 0.011801 0.011801 0.011800 0.011800 0.011800 0.011800 0.011799 0.011799 0.011799 0.011798 0.011798 0.011798 0.011797 0.011797 0.011797 0.011797 0.011796 0.011796 0.011796 0.011795 0.011795 0.011795 0.011795 0.011794 0.011794 0.011794 0.011794 0.011793 0.011793 0.011793 0.011793 0.011793 0.011793 0.011793 0.011793 0.011793 0.011793 0.011793 0.011793 0.011793 0.011794 0.011794 0.011794 0.011795 0.011796 0.011796 0.011797 0.011798 0.011798 0.011799 0.011800 0.011801 0.011802 0.011802 0.011803 0.011803 0.011803 0.011803 0.011801 0.011799 0.011796 0.011792 0.011786 0.011777 0.011767 0.011754 0.011737 0.011718 0.011695 0.011668 0.011635 0.011592 0.011518 0.011351 0.010874
0.010931 0.011408 0.011576 0.011650 0.011694 0.011726 0.011753 0.011776 0.011795 0.011811 0.011824 0.011834 0.011841 0.011847 0.011850 0.011853 0.011854 0.011855 0.011855 0.011854 0.011853 0.011852 0.011851 0.011849 0.011848 0.011846 0.011845 0.011844 0.011843 0.011842 0.011841 0.011840 0.011839 0.011838 0.011838 0.011837 0.011837 0.011836 0.011836 0.011836 0.011835 0.011835 0.011835 0.011835 0.011835 0.011835 0.011835 0.011835 0.011835 0.011835 0.011835 0.011836 0.011836 0.011836 0.011836 0.011836 0.011837 0.011837 0.011837 0.011838 0.011838 0.011838 0.011838 0.011839 0.011839 0.011839 0.011840 0.011840 0.011840 0.011840 0.011841 0.011841 0.011841 0.011842 0.011842 0.011842 0.011842 0.011842 0.011843 0.011843 0.011843 0.011843 0.011844 0.011844 0.011844 0.011844 0.011844 0.011844 0.011845 0.011845 0.011845 0.011845 0.011845 0.011845 0.011845 0.011845 0.011845 0.011845 0.011845 0.011845 0.011845 0.011845 0.011845 0.011845 0.011845 0.011845 0.011845 0.011845 0.011845 0.011845 0.011845 0.011845 0.011845 0.011845 0.011844 0.011844 0.011844 0.011844 0.011844 0.011844 0.011843 0.011843 0.011843 0.011843 0.011842 0.011842 0.011842 0.011842 0.011842 0.011841 0.011841 0.011841 0.011840 0.011840 0.011840 0.011840 0.011839 0.011839 0.011839 0.011838 0.011838 0.011838 0.011838 0.011837 0.011837 0.011837 0.011836 0.011836 0.011836 0.011836 0.011836 0.011835 0.011835 0.011835 0.011835 0.011835 0.011835 0.011835 0.011835 0.011835 0.011835 0.011835 0.011836 0.011836 0.011836 0.011837 0.011837 0.011838 0.011838 0.011839 0.011840 0.011841 0.011842 0.011843 0.011844 0.011845 0.011846 0.011848 0.011849 0.011851 0.011852 0.011853 0.011854 0.011855 0.011855 0.011854 0.011853 0.011850 0.011847 0.011841 0.011834 0.011824 0.011811 0.011795 0.011776 0.011753 0.011726 0.011694 0.011650 0.011576 0.011408 0.010931
0.011002 0.011482 0.011650 0.011724 0.011768 0.011801 0.011828 0.011850 0.011869 0.011884 0.011896 0.011905 0.011912 0.011917 0.011920 0.011921 0.011922 0.011921 0.011920 0.011919 0.011917 0.011915 0.011913 0.011911 0.011909 0.011907 0.011906 0.011904 0.011902 0.011901 0.011899 0.011898 0.011897 0.011896 0.011895 0.011894 0.011893 0.011892 0.011892 0.011891 0.011891 0.011890 0.011890 0.011890 0.011890 0.011889 0.011889 0.011889 0.011889 0.011889 0.011889 0.011889 0.011890 0.011890 0.011890 0.011890 0.011890 0.011890 0.011891 0.011891 0.011891 0.011891 0.011892 0.011892 0.011892 0.011893 0.011893 0.011893 0.011893 0.011894 0.011894 0.011894 0.011895 0.011895 0.011895 0.011895 0.011896 0.011896 0.011896 0.011896 0.011896 0.011897 0.011897 0.011897 0.011897 0.011897 0.011898 0.011898 0.011898 0.011898 0.011898 0.011898 0.011898 0.011898 0.011899 0.011899 0.011899 0.011899 0.011899 0.011899 0.011899 0.011899 0.011899 0.011899 0.011899 0.011899 0.011899 0.011899 0.011898 0.011898 0.011898 0.011898 0.011898 0.011898 0.011898 0.011898 0.011897 0.011897 0.011897 0.011897 0.011897 0.011896 0.011896 0.011896 0.011896 0.011896 0.011895 0.011895 0.011895 0.011895 0.011894 0.011894 0.011894 0.011893 0.011893 0.011893 0.011893 0.011892 0.011892 0.011892 0.011891 0.011891 0.011891 0.011891 0.011890 0.011890 0.011890 0.011890 0.011890 0.011890 0.011889 0.011889 0.011889 0.011889 0.011889 0.011889 0.011889 0.011890 0.011890 0.011890 0.011890 0.011891 0.011891 0.011892 0.011892 0.011893 0.011894 0.011895 0.011896 0.011897 0.011898 0.011899 0.011901 0.011902 0.011904 0.011906 0.011907 0.011909 0.011911 0.011913 0.011915 0.011917 0.011919 0.011920 0.011921 0.011922 0.011921 0.011920 0.011917 0.011912 0.011905 0.011896 0.011884 0.011869 0.011850 0.011828 0.011801 0.011768 0.011724 0.011650 0.011482 0.011002
0.011093 0.011574 0.011743 0.011818 0.011862 0.011895 0.011921 0.011943 0.011961 0.011976 0.011987 0.011995 0.012001 0.012005 0.012007 0.012007 0.012007 0.012005 0.012003 0.012001 0.011998 0.011996 0.011993 0.011990 0.011987 0.011985 0.011982 0.011980 0.011977 0.011975 0.011973 0.011972 0.011970 0.011968 0.011967 0.011966 0.011965 0.011964 0.011963 0.011962 0.011961 0.011961 0.011960 0.011960 0.011959 0.011959 0.011959 0.011959 0.011958 0.011958 0.011958 0.011958 0.011958 0.011958 0.011958 0.011959 0.011959 0.011959 0.011959 0.011959 0.011960 0.011960 0.011960 0.011960 0.011961 0.011961 0.011961 0.011961 0.011962 0.011962 0.011962 0.011963 0.011963 0.011963 0.011963 0.011964 0.011964 0.011964 0.011964 0.011965 0.011965 0.011965 0.011965 0.011965 0.011966 0.011966 0.011966 0.011966 0.011966 0.011966 0.011967 0.011967 0.011967 0.011967 0.011967 0.011967 0.011967 0.011967 0.011967 0.011967 0.011967 0.011967 0.011967 0.011967 0.011967 0.011967 0.011967 0.011967 0.011967 0.011967 0.011967 0.011967 0.011966 0.011966 0.011966 0.011966 0.011966 0.011966 0.011965 0.011965 0.011965 0.011965 0.011965 0.011964 0.011964 0.011964 0.011964 0.011963 0.011963 0.011963 0.011963 0.011962 0.011962 0.011962 0.011961 0.011961 0.011961 0.011961 0.011960 0.011960 0.011960 0.011960 0.011959 0.011959 0.011959 0.011959 0.011959 0.011958 0.011958 0.011958 0.011958 0.011958 0.011958 0.011958 0.011959 0.011959 0.011959 0.011959 0.011960 0.011960 0.011961 0.011961 0.011962 0.011963 0.011964 0.011965 0.011966 0.011967 0.011968 0.011970 0.011972 0.011973 0.011975 0.011977 0.011980 0.011982 0.011985 0.011987 0.011990 0.011993 0.011996 0.011998 0.012001 0.012003 0.012005 0.012007 0.012007 0.012007 0.012005 0.012001 0.011995 0.011987 0.011976 0.011961 0.011943 0.011921 0.011895 0.011862 0.011818 0.011743 0.011574 0.011093
0.011207 0.011689 0.011859 0.011934 0.011978 0.012011 0.012037 0.012058 0.012076 0.012089 0.012100 0.012107 0.012111 0.012114 0.012115 0.012114 0.012112 0.012110 0.012107 0.012103 0.012099 0.012096 0.012092 0.012088 0.012084 0.012081 0.012078 0.012074 0.012072 0.012069 0.012066 0.012064 0.012062 0.012060 0.012058 0.012056 0.012055 0.012053 0.012052 0.012051 0.012050 0.012049 0.012048 0.012047 0.012047 0.012046 0.012046 0.012046 0.012045 0.012045 0.012045 0.012045 0.012045 0.012045 0.012045 0.012045 0.012045 0.012045 0.012045 0.012045 0.012046 0.012046 0.012046 0.012046 0.012047 0.012047 0.012047 0.012047 0.012048 0.012048 0.012048 0.012048 0.012049 0.012049 0.012049 0.012050 0.012050 0.012050 0.012050 0.012051 0.012051 0.012051 0.012051 0.012052 0.012052 0.012052 0.012052 0.012052 0.012052 0.012053 0.012053 0.012053 0.012053 0.012053 0.012053 0.012053 0.012053 0.012053 0.012053 0.012054 0.012054 0.012054 0.012054 0.012053 0.012053 0.012053 0.012053 0.012053 0.012053 0.012053 0.012053 0.012053 0.012053 0.012052 0.012052 0.012052 0.012052 0.012052 0.012052 0.012051 0.012051 0.012051 0.012051 0.012050 0.012050 0.012050 0.012050 0.012049 0.012049 0.012049 0.012048 0.012048 0.012048 0.012048 0.012047 0.012047 0.012047 0.012047 0.012046 0.012046 0.012046 0.012046 0.012045 0.012045 0.012045 0.012045 0.012045 0.012045 0.012045 0.012045 0.012045 0.012045 0.012045 0.012045 0.012046 0.012046 0.012046 0.012047 0.012047 0.012048 0.012049 0.012050 0.012051 0.012052 0.012053 0.012055 0.012056 0.012058 0.012060 0.012062 0.012064 0.012066 0.012069 0.012072 0.012074 0.012078 0.012081 0.012084 0.012088 0.012092 0.012096 0.012099 0.012103 0.012107 0.012110 0.012112 0.012114 0.012115 0.012114 0.012111 0.012107 0.012100 0.012089 0.012076 0.012058 0.012037 0.012011 0.011978 0.011934 0.011859 0.011689 0.011207
0.011346 0.011830 0.012000 0.012076 0.012120 0.012152 0.012178 0.012199 0.012215 0.012228 0.012237 0.012243 0.012246 0.012247 0.012246 0.012244 0.012241 0.012237 0.012233 0.012228 0.012223 0.012218 0.012213 0.012208 0.012204 0.012199 0.012195 0.012191 0.012187 0.012184 0.012181 0.012178 0.012175 0.012172 0.012170 0.012168 0.012166 0.012164 0.012162 0.012161 0.012159 0.012158 0.012157 0.012156 0.012155 0.012155 0.012154 0.012153 0.012153 0.012153 0.012152 0.012152 0.012152 0.012152 0.012152 0.012152 0.012152 0.012152 0.012152 0.012152 0.012152 0.012152 0.012153 0.012153 0.012153 0.012153 0.012154 0.012154 0.012154 0.012154 0.012155 0.012155 0.012155 0.012156 0.012156 0.012156 0.012156 0.012157 0.012157 0.012157 0.012158 0.012158 0.012158 0.012158 0.012158 0.012159 0.012159 0.012159 0.012159 0.012159 0.012160 0.012160 0.012160 0.012160 0.012160 0.012160 0.012160 0.012160 0.012160 0.012160 0.012160 0.012160 0.012160 0.012160 0.012160 0.012160 0.012160 0.012160 0.012160 0.012160 0.012160 0.012160 0.012159 0.012159 0.012159 0.012159 0.012159 0.012158 0.012158 0.012158 0.012158 0.012158 0.012157 0.012157 0.012157 0.012156 0.012156 0.012156 0.012156 0.012155 0.012155 0.012155 0.012154 0.012154 0.012154 0.012154 0.012153 0.012153 0.012153 0.012153 0.012152 0.012152 0.012152 0.012152 0.012152 0.012152 0.012152 0.012152 0.012152 0.012152 0.012152 0.012152 0.012153 0.012153 0.012153 0.012154 0.012155 0.012155 0.012156 0.012157 0.012158 0.012159 0.012161 0.012162 0.012164 0.012166 0.012168 0.012170 0.012172 0.012175 0.012178 0.012181 0.012184 0.012187 0.012191 0.012195 0.012199 0.012204 0.012208 0.012213 0.012218 0.012223 0.012228 0.012233 0.012237 0.012241 0.012244 0.012246 0.012247 0.012246 0.012243 0.012237 0.012228 0.012215 0.012199 0.012178 0.012152 0.012120 0.012076 0.012000 0.011830 0.011346
0.011514 0.012000 0.012171 0.012247 0.012291 0.012323 0.012348 0.012368 0.012383 0.012394 0.012402 0.012406 0.012408 0.012407 0.012405 0.012401 0.012396 0.012391 0.012385 0.012379 0.012372 0.012366 0.012360 0.012354 0.012348 0.012342 0.012337 0.012332 0.012328 0.012323 0.012319 0.012316 0.012312 0.012309 0.012306 0.012303 0.012301 0.012298 0.012296 0.012294 0.012293 0.012291 0.012290 0.012289 0.012287 0.012286 0.012286 0.012285 0.012284 0.012284 0.012283 0.012283 0.012283 0.012282 0.012282 0.012282 0.012282 0.012282 0.012282 0.012282 0.012282 0.012282 0.012283 0.012283 0.012283 0.012283 0.012284 0.012284 0.012284 0.012284 0.012285 0.012285 0.012285 0.012286 0.012286 0.012286 0.012287 0.012287 0.012287 0.012287 0.012288 0.012288 0.012288 0.012289 0.012289 0.012289 0.012289 0.012289 0.012290 0.012290 0.012290 0.012290 0.012290 0.012290 0.012291 0.012291 0.012291 0.012291 0.012291 0.012291 0.012291 0.012291 0.012291 0.012291 0.012291 0.012291 0.012291 0.012291 0.012290 0.012290 0.012290 0.012290 0.012290 0.012290 0.012289 0.012289 0.012289 0.012289 0.012289 0.012288 0.012288 0.012288 0.012287 0.012287 0.012287 0.012287 0.012286 0.012286 0.012286 0.012285 0.012285 0.012285 0.012284 0.012284 0.012284 0.012284 0.012283 0.012283 0.012283 0.012283 0.012282 0.012282 0.012282 0.012282 0.012282 0.012282 0.012282 0.012282 0.012282 0.012283 0.012283 0.012283 0.012284 0.012284 0.012285 0.012286 0.012286 0.012287 0.012289 0.012290 0.012291 0.012293 0.012294 0.012296 0.012298 0.012301 0.012303 0.012306 0.012309 0.012312 0.012316 0.012319 0.012323 0.012328 0.012332 0.012337 0.012342 0.012348 0.012354 0.012360 0.012366 0.012372 0.012379 0.012385 0.012391 0.012396 0.012401 0.012405 0.012407 0.012408 0.012406 0.012402 0.012394 0.012383 0.012368 0.012348 0.012323 0.012291 0.012247 0.012171 0.012000 0.011514
0.011714 0.012202 0.012374 0.012450 0.012494 0.012525 0.012549 0.012568 0.012582 0.012591 0.012597 0.012599 0.012599 0.012597 0.012592 0.012587 0.012580 0.012573 0.012565 0.012557 0.012550 0.012542 0.012534 0.012527 0.012520 0.012513 0.012507 0.012501 0.012495 0.012490 0.012485 0.012481 0.012476 0.012472 0.012469 0.012465 0.012462 0.012460 0.012457 0.012455 0.012453 0.012451 0.012449 0.012447 0.012446 0.012445 0.012444 0.012443 0.012442 0.012441 0.012441 0.012440 0.012440 0.012439 0.012439 0.012439 0.012439 0.012439 0.012439 0.012439 0.012439 0.012439 0.012439 0.012439 0.012439 0.012440 0.012440 0.012440 0.012441 0.012441 0.012441 0.012441 0.012442 0.012442 0.012442 0.012443 0.012443 0.012443 0.012444 0.012444 0.012444 0.012445 0.012445 0.012445 0.012446 0.012446 0.012446 0.012446 0.012446 0.012447 0.012447 0.012447 0.012447 0.012447 0.012447 0.012448 0.012448 0.012448 0.012448 0.012448 0.012448 0.012448 0.012448 0.012448 0.012448 0.012448 0.012448 0.012447 0.012447 0.012447 0.012447 0.012447 0.012447 0.012446 0.012446 0.012446 0.012446 0.012446 0.012445 0.012445 0.012445 0.012444 0.012444 0.012444 0.012443 0.012443 0.012443 0.012442 0.012442 0.012442 0.012441 0.012441 0.012441 0.012441 0.012440 0.012440 0.012440 0.012439 0.012439 0.012439 0.012439 0.012439 0.012439 0.012439 0.012439 0.012439 0.012439 0.012439 0.012439 0.012440 0.012440 0.012441 0.012441 0.012442 0.012443 0.012444 0.012445 0.012446 0.012447 0.012449 0.012451 0.012453 0.012455 0.012457 0.012460 0.012462 0.012465 0.012469 0.012472 0.012476 0.012481 0.012485 0.012490 0.012495 0.012501 0.012507 0.012513 0.012520 0.012527 0.012534 0.012542 0.012550 0.012557 0.012565 0.012573 0.012580 0.012587 0.012592 0.012597 0.012599 0.012599 0.012597 0.012591 0.012582 0.012568 0.012549 0.012525 0.012494 0.012450 0.012374 0.012202 0.011714
0.011949 0.012438 0.012611 0.012687 0.012730 0.012761 0.012783 0.012801 0.012813 0.012820 0.012824 0.012825 0.012822 0.012818 0.012811 0.012804 0.012795 0.012786 0.012776 0.012767 0.012757 0.012748 0.012739 0.012730 0.012721 0.012714 0.012706 0.012699 0.012692 0.012686 0.012680 0.012675 0.012670 0.012665 0.012661 0.012657 0.012653 0.012650 0.012647 0.012644 0.012642 0.012639 0.012637 0.012635 0.012634 0.012632 0.012631 0.012629 0.012628 0.012628 0.012627 0.012626 0.012626 0.012625 0.012625 0.012624 0.012624 0.012624 0.012624 0.012624 0.012624 0.012624 0.012624 0.012624 0.012625 0.012625 0.012625 0.012625 0.012626 0.012626 0.012626 0.012627 0.012627 0.012627 0.012628 0.012628 0.012628 0.012629 0.012629 0.012629 0.012630 0.012630 0.012630 0.012631 0.012631 0.012631 0.012632 0.012632 0.012632 0.012632 0.012633 0.012633 0.012633 0.012633 0.012633 0.012633 0.012633 0.012634 0.012634 0.012634 0.012634 0.012634 0.012634 0.012634 0.012634 0.012633 0.012633 0.012633 0.012633 0.012633 0.012633 0.012633 0.012632 0.012632 0.012632 0.012632 0.012631 0.012631 0.012631 0.012630 0.012630 0.012630 0.012629 0.012629 0.012629 0.012628 0.012628 0.012628 0.012627 0.012627 0.012627 0.012626 0.012626 0.012626 0.012625 0.012625 0.012625 0.012625 0.012624 0.012624 0.012624 0.012624 0.012624 0.012624 0.012624 0.012624 0.012624 0.012625 0.012625 0.012626 0.012626 0.012627 0.012628 0.012628 0.012629 0.012631 0.012632 0.012634 0.012635 0.012637 0.012639 0.012642 0.012644 0.012647 0.012650 0.012653 0.012657 0.012661 0.012665 0.012670 0.012675 0.012680 0.012686 0.012692 0.012699 0.012706 0.012714 0.012721 0.012730 0.012739 0.012748 0.012757 0.012767 0.012776 0.012786 0.012795 0.012804 0.012811 0.012818 0.012822 0.012825 0.012824 0.012820 0.012813 0.012801 0.012783 0.012761 0.012730 0.012687 0.012611 0.012438 0.011949
0.012220 0.012710 0.012883 0.012959 0.013001 0.013031 0.013052 0.013067 0.013077 0.013083 0.013085 0.013083 0.013078 0.013071 0.013062 0.013052 0.013042 0.013030 0.013019 0.013007 0.012996 0.012985 0.012974 0.012964 0.012954 0.012945 0.012936 0.012928 0.012920 0.012913 0.012906 0.012900 0.012894 0.012889 0.012884 0.012879 0.012875 0.012871 0.012867 0.012864 0.012861 0.012858 0.012856 0.012854 0.012852 0.012850 0.012848 0.012847 0.012846 0.012844 0.012843 0.012843 0.012842 0.012841 0.012841 0.012841 0.012840 0.012840 0.012840 0.012840 0.012840 0.012840 0.012840 0.012840 0.012840 0.012841 0.012841 0.012841 0.012841 0.012842 0.012842 0.012842 0.012843 0.012843 0.012844 0.012844 0.012844 0.012845 0.012845 0.012846 0.012846 0.012846 0.012847 0.012847 0.012847 0.012848 0.012848 0.012848 0.012848 0.012849 0.012849 0.012849 0.012849 0.012849 0.012850 0.012850 0.012850 0.012850 0.012850 0.012850 0.012850 0.012850 0.012850 0.012850 0.012850 0.012850 0.012850 0.012850 0.012849 0.012849 0.012849 0.012849 0.012849 0.012848 0.012848 0.012848 0.012848 0.012847 0.012847 0.012847 0.012846 0.012846 0.012846 0.012845 0.012845 0.012844 0.012844 0.012844 0.012843 0.012843 0.012842 0.012842 0.012842 0.012841 0.012841 0.012841 0.012841 0.012840 0.012840 0.012840 0.012840 0.012840 0.012840 0.012840 0.012840 0.012840 0.012841 0.012841 0.012841 0.012842 0.012843 0.012843 0.012844 0.012846 0.012847 0.012848 0.012850 0.012852 0.012854 0.012856 0.012858 0.012861 0.012864 0.012867 0.012871 0.012875 0.012879 0.012884 0.012889 0.012894 0.012900 0.012906 0.012913 0.012920 0.012928 0.012936 0.012945 0.012954 0.012964 0.012974 0.012985 0.012996 0.013007 0.013019 0.013030 0.013042 0.013052 0.013062 0.013071 0.013078 0.013083 0.013085 0.013083 0.013077 0.013067 0.013052 0.013031 0.013001 0.012959 0.012883 0.012710 0.012220
0.012526 0.013017 0.013190 0.013265 0.013307 0.013334 0.013354 0.013367 0.013375 0.013378 0.013377 0.013373 0.013365 0.013356 0.013345 0.013333 0.013320 0.013306 0.013293 0.013279 0.013266 0.013253 0.013241 0.013229 0.013218 0.013208 0.013198 0.013188 0.013179 0.013171 0.013164 0.013156 0.013150 0.013144 0.013138 0.013133 0.013128 0.013123 0.013119 0.013115 0.013112 0.013109 0.013106 0.013103 0.013101 0.013099 0.013097 0.013095 0.013094 0.013093 0.013092 0.013091 0.013090 0.013089 0.013089 0.013088 0.013088 0.013087 0.013087 0.013087 0.013087 0.013087 0.013087 0.013087 0.013088 0.013088 0.013088 0.013088 0.013089 0.013089 0.013089 0.013090 0.013090 0.013091 0.013091 0.013091 0.013092 0.013092 0.013093 0.013093 0.013093 0.013094 0.013094 0.013095 0.013095 0.013095 0.013096 0.013096 0.013096 0.013096 0.013097 0.013097 0.013097 0.013097 0.013097 0.013098 0.013098 0.013098 0.013098 0.013098 0.013098 0.013098 0.013098 0.013098 0.013098 0.013098 0.013098 0.013097 0.013097 0.013097 0.013097 0.013097 0.013096 0.013096 0.013096 0.013096 0.013095 0.013095 0.013095 0.013094 0.013094 0.013093 0.013093 0.013093 0.013092 0.013092 0.013091 0.013091 0.013091 0.013090 0.013090 0.013089 0.013089 0.013089 0.013088 0.013088 0.013088 0.013088 0.013087 0.013087 0.013087 0.013087 0.013087 0.013087 0.013087 0.013088 0.013088 0.013089 0.013089 0.013090 0.013091 0.013092 0.013093 0.013094 0.013095 0.013097 0.013099 0.013101 0.013103 0.013106 0.013109 0.013112 0.013115 0.013119 0.013123 0.013128 0.013133 0.013138 0.013144 0.013150 0.013156 0.013164 0.013171 0.013179 0.013188 0.013198 0.013208 0.013218 0.013229 0.013241 0.013253 0.013266 0.013279 0.013293 0.013306 0.013320 0.013333 0.013345 0.013356 0.013365 0.013373 0.013377 0.013378 0.013375 0.013367 0.013354 0.013334 0.013307 0.013265 0.013190 0.013017 0.012526
0.012866 0.013357 0.013530 0.013604 0.013644 0.013669 0.013686 0.013697 0.013702 0.013703 0.013699 0.013692 0.013682 0.013670 0.013657 0.013642 0.013627 0.013611 0.013596 0.013581 0.013566 0.013551 0.013538 0.013524 0.013512 0.013500 0.013489 0.013478 0.013469 0.013459 0.013451 0.013443 0.013435 0.013429 0.013422 0.013416 0.013411 0.013406 0.013401 0.013397 0.013393 0.013390 0.013387 0.013384 0.013381 0.013379 0.013377 0.013375 0.013373 0.013372 0.013370 0.013369 0.013368 0.013368 0.013367 0.013366 0.013366 0.013366 0.013365 0.013365 0.013365 0.013365 0.013365 0.013365 0.013366 0.013366 0.013366 0.013366 0.013367 0.013367 0.013367 0.013368 0.013368 0.013369 0.013369 0.013370 0.013370 0.013370 0.013371 0.013371 0.013372 0.013372 0.013373 0.013373 0.013373 0.013374 0.013374 0.013374 0.013375 0.013375 0.013375 0.013376 0.013376 0.013376 0.013376 0.013376 0.013376 0.013377 0.013377 0.013377 0.013377 0.013377 0.013377 0.013377 0.013377 0.013376 0.013376 0.013376 0.013376 0.013376 0.013376 0.013375 0.013375 0.013375 0.013374 0.013374 0.013374 0.013373 0.013373 0.013373 0.013372 0.013372 0.013371 0.013371 0.013370 0.013370 0.013370 0.013369 0.013369 0.013368 0.013368 0.013367 0.013367 0.013367 0.013366 0.013366 0.013366 0.013366 0.013365 0.013365 0.013365 0.013365 0.013365 0.013365 0.013366 0.013366 0.013366 0.013367 0.013368 0.013368 0.013369 0.013370 0.013372 0.013373 0.013375 0.013377 0.013379 0.013381 0.013384 0.013387 0.013390 0.013393 0.013397 0.013401 0.013406 0.013411 0.013416 0.013422 0.013429 0.013435 0.013443 0.013451 0.013459 0.013469 0.013478 0.013489 0.013500 0.013512 0.013524 0.013538 0.013551 0.013566 0.013581 0.013596 0.013611 0.013627 0.013642 0.013657 0.013670 0.013682 0.013692 0.013699 0.013703 0.013702 0.013697 0.013686 0.013669 0.013644 0.013604 0.013530 0.013357 0.012866
0.013235 0.013724 0.013896 0.013969 0.014006 0.014029 0.014044 0.014052 0.014054 0.014052 0.014045 0.014036 0.014023 0.014009 0.013993 0.013976 0.013959 0.013941 0.013924 0.013907 0.013891 0.013875 0.013860 0.013845 0.013831 0.013819 0.013806 0.013795 0.013784 0.013774 0.013765 0.013756 0.013748 0.013741 0.013734 0.013727 0.013721 0.013716 0.013711 0.013706 0.013702 0.013698 0.013695 0.013692 0.013689 0.013686 0.013684 0.013682 0.013680 0.013679 0.013677 0.013676 0.013675 0.013674 0.013674 0.013673 0.013672 0.013672 0.013672 0.013672 0.013672 0.013672 0.013672 0.013672 0.013672 0.013672 0.013672 0.013673 0.013673 0.013674 0.013674 0.013674 0.013675 0.013675 0.013676 0.013676 0.013677 0.013677 0.013678 0.013678 0.013679 0.013679 0.013679 0.013680 0.013680 0.013681 0.013681 0.013681 0.013682 0.013682 0.013682 0.013683 0.013683 0.013683 0.013683 0.013683 0.013683 0.013684 0.013684 0.013684 0.013684 0.013684 0.013684 0.013684 0.013684 0.013683 0.013683 0.013683 0.013683 0.013683 0.013683 0.013682 0.013682 0.013682 0.013681 0.013681 0.013681 0.013680 0.013680 0.013679 0.013679 0.013679 0.013678 0.013678 0.013677 0.013677 0.013676 0.013676 0.013675 0.013675 0.013674 0.013674 0.013674 0.013673 0.013673 0.013672 0.013672 0.013672 0.013672 0.013672 0.013672 0.013672 0.013672 0.013672 0.013672 0.013672 0.013673 0.013674 0.013674 0.013675 0.013676 0.013677 0.013679 0.013680 0.013682 0.013684 0.013686 0.013689 0.013692 0.013695 0.013698 0.013702 0.013706 0.013711 0.013716 0.013721 0.013727 0.013734 0.013741 0.013748 0.013756 0.013765 0.013774 0.013784 0.013795 0.013806 0.013819 0.013831 0.013845 0.013860 0.013875 0.013891 0.013907 0.013924 0.013941 0.013959 0.013976 0.013993 0.014009 0.014023 0.014036 0.014045 0.014052 0.014054 0.014052 0.014044 0.014029 0.014006 0.013969 0.013896 0.013724 0.013235
0.013624 0.014109 0.014280 0.014351 0.014386 0.014406 0.014417 0.014422 0.014422 0.014417 0.014407 0.014395 0.014380 0.014363 0.014345 0.014327 0.014308 0.014289 0.014270 0.014251 0.014234 0.014217 0.014201 0.014185 0.014171 0.014157 0.014144 0.014132 0.014120 0.014110 0.014100 0.014091 0.014082 0.014074 0.014067 0.014060 0.014054 0.014048 0.014043 0.014038 0.014034 0.014030 0.014026 0.014023 0.014020 0.014017 0.014015 0.014013 0.014011 0.014009 0.014008 0.014006 0.014005 0.014004 0.014003 0.014003 0.014002 0.014002 0.014002 0.014001 0.014001 0.014001 0.014001 0.014002 0.014002 0.014002 0.014002 0.014003 0.014003 0.014003 0.014004 0.014004 0.014005 0.014005 0.014006 0.014006 0.014007 0.014007 0.014008 0.014008 0.014009 0.014009 0.014010 0.014010 0.014011 0.014011 0.014011 0.014012 0.014012 0.014012 0.014013 0.014013 0.014013 0.014013 0.014014 0.014014 0.014014 0.014014 0.014014 0.014014 0.014014 0.014014 0.014014 0.014014 0.014014 0.014014 0.014014 0.014014 0.014013 0.014013 0.014013 0.014013 0.014012 0.014012 0.014012 0.014011 0.014011 0.014011 0.014010 0.014010 0.014009 0.014009 0.014008 0.014008 0.014007 0.014007 0.014006 0.014006 0.014005 0.014005 0.014004 0.014004 0.014003 0.014003 0.014003 0.014002 0.014002 0.014002 0.014002 0.014001 0.014001 0.014001 0.014001 0.014002 0.014002 0.014002 0.014003 0.014003 0.014004 0.014005 0.014006 0.014008 0.014009 0.014011 0.014013 0.014015 0.014017 0.014020 0.014023 0.014026 0.014030 0.014034 0.014038 0.014043 0.014048 0.014054 0.014060 0.014067 0.014074 0.014082 0.014091 0.014100 0.014110 0.014120 0.014132 0.014144 0.014157 0.014171 0.014185 0.014201 0.014217 0.014234 0.014251 0.014270 0.014289 0.014308 0.014327 0.014345 0.014363 0.014380 0.014395 0.014407 0.014417 0.014422 0.014422 0.014417 0.014406 0.014386 0.014351 0.014280 0.014109 0.013624
0.014021 0.014501 0.014670 0.014737 0.014769 0.014786 0.014794 0.014796 0.014793 0.014785 0.014773 0.014758 0.014741 0.014723 0.014703 0.014683 0.014663 0.014642 0.014623 0.014603 0.014585 0.014567 0.014551 0.014535 0.014520 0.014506 0.014492 0.014480 0.014468 0.014457 0.014447 0.014438 0.014429 0.014421 0.014414 0.014407 0.014400 0.014394 0.014389 0.014384 0.014380 0.014376 0.014372 0.014368 0.014365 0.014363 0.014360 0.014358 0.014356 0.014354 0.014353 0.014352 0.014351 0.014350 0.014349 0.014348 0.014348 0.014347 0.014347 0.014347 0.014347 0.014347 0.014347 0.014347 0.014347 0.014348 0.014348 0.014348 0.014349 0.014349 0.014350 0.014350 0.014350 0.014351 0.014351 0.014352 0.014353 0.014353 0.014354 0.014354 0.014355 0.014355 0.014356 0.014356 0.014356 0.014357 0.014357 0.014358 0.014358 0.014358 0.014359 0.014359 0.014359 0.014359 0.014360 0.014360 0.014360 0.014360 0.014360 0.014360 0.014360 0.014360 0.014360 0.014360 0.014360 0.014360 0.014360 0.014360 0.014359 0.014359 0.014359 0.014359 0.014358 0.014358 0.014358 0.014357 0.014357 0.014356 0.014356 0.014356 0.014355 0.014355 0.014354 0.014354 0.014353 0.014353 0.014352 0.014351 0.014351 0.014350 0.014350 0.014350 0.014349 0.014349 0.014348 0.014348 0.014348 0.014347 0.014347 0.014347 0.014347 0.014347 0.014347 0.014347 0.014347 0.014348 0.014348 0.014349 0.014350 0.014351 0.014352 0.014353 0.014354 0.014356 0.014358 0.014360 0.014363 0.014365 0.014368 0.014372 0.014376 0.014380 0.014384 0.014389 0.014394 0.014400 0.014407 0.014414 0.014421 0.014429 0.014438 0.014447 0.014457 0.014468 0.014480 0.014492 0.014506 0.014520 0.014535 0.014551 0.014567 0.014585 0.014603 0.014623 0.014642 0.014663 0.014683 0.014703 0.014723 0.014741 0.014758 0.014773 0.014785 0.014793 0.014796 0.014794 0.014786 0.014769 0.014737 0.014670 0.014501 0.014021
0.014409 0.014881 0.015047 0.015111 0.015140 0.015153 0.015158 0.015156 0.015150 0.015140 0.015126 0.015109 0.015091 0.015071 0.015051 0.015030 0.015009 0.014988 0.014968 0.014949 0.014930 0.014913 0.014896 0.014880 0.014865 0.014852 0.014838 0.014826 0.014815 0.014804 0.014794 0.014785 0.014776 0.014768 0.014761 0.014754 0.014748 0.014742 0.014737 0.014732 0.014728 0.014724 0.014720 0.014717 0.014714 0.014712 0.014709 0.014707 0.014705 0.014704 0.014702 0.014701 0.014700 0.014699 0.014698 0.014698 0.014697 0.014697 0.014697 0.014697 0.014697 0.014697 0.014697 0.014697 0.014697 0.014697 0.014698 0.014698 0.014699 0.014699 0.014699 0.014700 0.014700 0.014701 0.014702 0.014702 0.014703 0.014703 0.014704 0.014704 0.014705 0.014705 0.014706 0.014706 0.014707 0.014707 0.014707 0.014708 0.014708 0.014709 0.014709 0.014709 0.014709 0.014710 0.014710 0.014710 0.014710 0.014710 0.014710 0.014711 0.014711 0.014711 0.014711 0.014710 0.014710 0.014710 0.014710 0.014710 0.014710 0.014709 0.014709 0.014709 0.014709 0.014708 0.014708 0.014707 0.014707 0.014707 0.014706 0.014706 0.014705 0.014705 0.014704 0.014704 0.014703 0.014703 0.014702 0.014702 0.014701 0.014700 0.014700 0.014699 0.014699 0.014699 0.014698 0.014698 0.014697 0.014697 0.014697 0.014697 0.014697 0.014697 0.014697 0.014697 0.014697 0.014697 0.014698 0.014698 0.014699 0.014700 0.014701 0.014702 0.014704 0.014705 0.014707 0.014709 0.014712 0.014714 0.014717 0.014720 0.014724 0.014728 0.014732 0.014737 0.014742 0.014748 0.014754 0.014761 0.014768 0.014776 0.014785 0.014794 0.014804 0.014815 0.014826 0.014838 0.014852 0.014865 0.014880 0.014896 0.014913 0.014930 0.014949 0.014968 0.014988 0.015009 0.015030 0.015051 0.015071 0.015091 0.015109 0.015126 0.015140 0.015150 0.015156 0.015158 0.015153 0.015140 0.015111 0.015047 0.014881 0.014409
0.014765 0.015227 0.015389 0.015450 0.015474 0.015484 0.015485 0.015481 0.015472 0.015460 0.015445 0.015427 0.015408 0.015388 0.015368 0.015347 0.015327 0.015307 0.015288 0.015270 0.015252 0.015235 0.015219 0.015205 0.015191 0.015178 0.015165 0.015154 0.015143 0.015133 0.015124 0.015115 0.015107 0.015100 0.015093 0.015087 0.015081 0.015076 0.015071 0.015067 0.015063 0.015059 0.015056 0.015053 0.015050 0.015048 0.015046 0.015044 0.015042 0.015041 0.015040 0.015039 0.015038 0.015037 0.015036 0.015036 0.015036 0.015035 0.015035 0.015035 0.015035 0.015035 0.015035 0.015036 0.015036 0.015036 0.015037 0.015037 0.015038 0.015038 0.015038 0.015039 0.015040 0.015040 0.015041 0.015041 0.015042 0.015042 0.015043 0.015043 0.015044 0.015044 0.015045 0.015045 0.015046 0.015046 0.015047 0.015047 0.015047 0.015048 0.015048 0.015048 0.015049 0.015049 0.015049 0.015049 0.015049 0.015049 0.015049 0.015050 0.015050 0.015050 0.015050 0.015049 0.015049 0.015049 0.015049 0.015049 0.015049 0.015049 0.015048 0.015048 0.015048 0.015047 0.015047 0.015047 0.015046 0.015046 0.015045 0.015045 0.015044 0.015044 0.015043 0.015043 0.015042 0.015042 0.015041 0.015041 0.015040 0.015040 0.015039 0.015038 0.015038 0.015038 0.015037 0.015037 0.015036 0.015036 0.015036 0.015035 0.015035 0.015035 0.015035 0.015035 0.015035 0.015036 0.015036 0.015036 0.015037 0.015038 0.015039 0.015040 0.015041 0.015042 0.015044 0.015046 0.015048 0.015050 0.015053 0.015056 0.015059 0.015063 0.015067 0.015071 0.015076 0.015081 0.015087 0.015093 0.015100 0.015107 0.015115 0.015124 0.015133 0.015143 0.015154 0.015165 0.015178 0.015191 0.015205 0.015219 0.015235 0.015252 0.015270 0.015288 0.015307 0.015327 0.015347 0.015368 0.015388 0.015408 0.015427 0.015445 0.015460 0.015472 0.015481 0.015485 0.015484 0.015474 0.015450 0.015389 0.015227 0.014765
0.015063 0.015513 0.015669 0.015725 0.015746 0.015752 0.015750 0.015744 0.015733 0.015720 0.015705 0.015687 0.015669 0.015650 0.015631 0.015612 0.015594 0.015576 0.015559 0.015542 0.015527 0.015512 0.015498 0.015486 0.015473 0.015462 0.015451 0.015442 0.015432 0.015424 0.015416 0.015409 0.015402 0.015396 0.015390 0.015385 0.015380 0.015376 0.015372 0.015368 0.015365 0.015362 0.015359 0.015357 0.015354 0.015353 0.015351 0.015349 0.015348 0.015347 0.015346 0.015345 0.015345 0.015344 0.015344 0.015343 0.015343 0.015343 0.015343 0.015343 0.015343 0.015343 0.015344 0.015344 0.015344 0.015345 0.015345 0.015345 0.015346 0.015346 0.015347 0.015347 0.015348 0.015348 0.015349 0.015350 0.015350 0.015351 0.015351 0.015352 0.015352 0.015353 0.015353 0.015354 0.015354 0.015354 0.015355 0.015355 0.015356 0.015356 0.015356 0.015356 0.015357 0.015357 0.015357 0.015357 0.015357 0.015358 0.015358 0.015358 0.015358 0.015358 0.015358 0.015358 0.015358 0.015357 0.015357 0.015357 0.015357 0.015357 0.015356 0.015356 0.015356 0.015356 0.015355 0.015355 0.015354 0.015354 0.015354 0.015353 0.015353 0.015352 0.015352 0.015351 0.015351 0.015350 0.015350 0.015349 0.015348 0.015348 0.015347 0.015347 0.015346 0.015346 0.015345 0.015345 0.015345 0.015344 0.015344 0.015344 0.015343 0.015343 0.015343 0.015343 0.015343 0.015343 0.015343 0.015344 0.015344 0.015345 0.015345 0.015346 0.015347 0.015348 0.015349 0.015351 0.015353 0.015354 0.015357 0.015359 0.015362 0.015365 0.015368 0.015372 0.015376 0.015380 0.015385 0.015390 0.015396 0.015402 0.015409 0.015416 0.015424 0.015432 0.015442 0.015451 0.015462 0.015473 0.015486 0.015498 0.015512 0.015527 0.015542 0.015559 0.015576 0.015594 0.015612 0.015631 0.015650 0.015669 0.015687 0.015705 0.015720 0.015733 0.015744 0.015750 0.015752 0.015746 0.015725 0.015669 0.015513 0.015063
0.015270 0.015705 0.015855 0.015907 0.015923 0.015925 0.015921 0.015913 0.015903 0.015890 0.015875 0.015860 0.015844 0.015828 0.015812 0.015796 0.015781 0.015767 0.015753 0.015741 0.015729 0.015717 0.015707 0.015697 0.015688 0.015679 0.015672 0.015664 0.015657 0.015651 0.015645 0.015640 0.015635 0.015631 0.015627 0.015623 0.015619 0.015616 0.015614 0.015611 0.015609 0.015607 0.015605 0.015603 0.015602 0.015601 0.015600 0.015599 0.015598 0.015597 0.015597 0.015596 0.015596 0.015596 0.015596 0.015596 0.015596 0.015596 0.015596 0.015596 0.015596 0.015597 0.015597 0.015597 0.015598 0.015598 0.015599 0.015599 0.015600 0.015600 0.015601 0.015601 0.015602 0.015602 0.015603 0.015603 0.015604 0.015604 0.015605 0.015605 0.015606 0.015606 0.015607 0.015607 0.015608 0.015608 0.015608 0.015609 0.015609 0.015609 0.015610 0.015610 0.015610 0.015610 0.015610 0.015611 0.015611 0.015611 0.015611 0.015611 0.015611 0.015611 0.015611 0.015611 0.015611 0.015611 0.015611 0.015610 0.015610 0.015610 0.015610 0.015610 0.015609 0.015609 0.015609 0.015608 0.015608 0.015608 0.015607 0.015607 0.015606 0.015606 0.015605 0.015605 0.015604 0.015604 0.015603 0.015603 0.015602 0.015602 0.015601 0.015601 0.015600 0.015600 0.015599 0.015599 0.015598 0.015598 0.015597 0.015597 0.015597 0.015596 0.015596 0.015596 0.015596 0.015596 0.015596 0.015596 0.015596 0.015596 0.015596 0.015597 0.015597 0.015598 0.015599 0.015600 0.015601 0.015602 0.015603 0.015605 0.015607 0.015609 0.015611 0.015614 0.015616 0.015619 0.015623 0.015627 0.015631 0.015635 0.015640 0.015645 0.015651 0.015657 0.015664 0.015672 0.015679 0.015688 0.015697 0.015707 0.015717 0.015729 0.015741 0.015753 0.015767 0.015781 0.015796 0.015812 0.015828 0.015844 0.015860 0.015875 0.015890 0.015903 0.015913 0.015921 0.015925 0.015923 0.015907 0.015855 0.015705 0.015270
0.015350 0.015767 0.015911 0.015958 0.015970 0.015970 0.015965 0.015956 0.015946 0.015935 0.015924 0.015912 0.015900 0.015888 0.015877 0.015867 0.015858 0.015849 0.015841 0.015834 0.015827 0.015821 0.015815 0.015809 0.015805 0.015800 0.015796 0.015792 0.015789 0.015785 0.015783 0.015780 0.015778 0.015776 0.015774 0.015772 0.015771 0.015769 0.015768 0.015767 0.015767 0.015766 0.015765 0.015765 0.015764 0.015764 0.015764 0.015764 0.015764 0.015763 0.015764 0.015764 0.015764 0.015764 0.015764 0.015765 0.015765 0.015765 0.015766 0.015766 0.015766 0.015767 0.015767 0.015768 0.015768 0.015769 0.015769 0.015770 0.015770 0.015771 0.015772 0.015772 0.015773 0.015773 0.015774 0.015774 0.015775 0.015775 0.015775 0.015776 0.015776 0.015777 0.015777 0.015778 0.015778 0.015778 0.015779 0.015779 0.015779 0.015779 0.015780 0.015780 0.015780 0.015780 0.015780 0.015781 0.015781 0.015781 0.015781 0.015781 0.015781 0.015781 0.015781 0.015781 0.015781 0.015781 0.015781 0.015780 0.015780 0.015780 0.015780 0.015780 0.015779 0.015779 0.015779 0.015779 0.015778 0.015778 0.015778 0.015777 0.015777 0.015776 0.015776 0.015775 0.015775 0.015775 0.015774 0.015774 0.015773 0.015773 0.015772 0.015772 0.015771 0.015770 0.015770 0.015769 0.015769 0.015768 0.015768 0.015767 0.015767 0.015766 0.015766 0.015766 0.015765 0.015765 0.015765 0.015764 0.015764 0.015764 0.015764 0.015764 0.015763 0.015764 0.015764 0.015764 0.015764 0.015764 0.015765 0.015765 0.015766 0.015767 0.015767 0.015768 0.015769 0.015771 0.015772 0.015774 0.015776 0.015778 0.015780 0.015783 0.015785 0.015789 0.015792 0.015796 0.015800 0.015805 0.015809 0.015815 0.015821 0.015827 0.015834 0.015841 0.015849 0.015858 0.015867 0.015877 0.015888 0.015900 0.015912 0.015924 0.015935 0.015946 0.015956 0.015965 0.015970 0.015970 0.015958 0.015911 0.015767 0.015350
0.015263 0.015662 0.015799 0.015841 0.015851 0.015849 0.015843 0.015836 0.015828 0.015821 0.015814 0.015807 0.015802 0.015798 0.015794 0.015792 0.015790 0.015789 0.015788 0.015788 0.015788 0.015789 0.015789 0.015790 0.015790 0.015791 0.015792 0.015793 0.015794 0.015795 0.015796 0.015797 0.015798 0.015799 0.015800 0.015801 0.015802 0.015803 0.015804 0.015805 0.015806 0.015807 0.015808 0.015809 0.015809 0.015810 0.015811 0.015812 0.015813 0.015814 0.015814 0.015815 0.015816 0.015817 0.015817 0.015818 0.015819 0.015819 0.015820 0.015821 0.015821 0.015822 0.015823 0.015823 0.015824 0.015825 0.015825 0.015826 0.015826 0.015827 0.015827 0.015828 0.015828 0.015829 0.015829 0.015830 0.015830 0.015831 0.015831 0.015831 0.015832 0.015832 0.015832 0.015833 0.015833 0.015833 0.015834 0.015834 0.015834 0.015834 0.015835 0.015835 0.015835 0.015835 0.015835 0.015835 0.015835 0.015835 0.015835 0.015835 0.015836 0.015836 0.015835 0.015835 0.015835 0.015835 0.015835 0.015835 0.015835 0.015835 0.015835 0.015835 0.015834 0.015834 0.015834 0.015834 0.015833 0.015833 0.015833 0.015832 0.015832 0.015832 0.015831 0.015831 0.015831 0.015830 0.015830 0.015829 0.015829 0.015828 0.015828 0.015827 0.015827 0.015826 0.015826 0.015825 0.015825 0.015824 0.015823 0.015823 0.015822 0.015821 0.015821 0.015820 0.015819 0.015819 0.015818 0.015817 0.015817 0.015816 0.015815 0.015814 0.015814 0.015813 0.015812 0.015811 0.015810 0.015809 0.015809 0.015808 0.015807 0.015806 0.015805 0.015804 0.015803 0.015802 0.015801 0.015800 0.015799 0.015798 0.015797 0.015796 0.015795 0.015794 0.015793 0.015792 0.015791 0.015790 0.015790 0.015789 0.015789 0.015788 0.015788 0.015788 0.015789 0.015790 0.015792 0.015794 0.015798 0.015802 0.015807 0.015814 0.015821 0.015828 0.015836 0.015843 0.015849 0.015851 0.015841 0.015799 0.015662 0.015263
0.014970 0.015350 0.015480 0.015519 0.015526 0.015523 0.015519 0.015514 0.015511 0.015509 0.015509 0.015511 0.015515 0.015520 0.015526 0.015534 0.015542 0.015551 0.015560 0.015569 0.015578 0.015587 0.015595 0.015603 0.015611 0.015618 0.015625 0.015632 0.015638 0.015644 0.015650 0.015655 0.015660 0.015665 0.015670 0.015674 0.015678 0.015682 0.015685 0.015689 0.015692 0.015695 0.015698 0.015700 0.015703 0.015705 0.015707 0.015709 0.015711 0.015713 0.015715 0.015716 0.015718 0.015719 0.015720 0.015721 0.015723 0.015724 0.015725 0.015726 0.015727 0.015727 0.015728 0.015729 0.015730 0.015730 0.015731 0.015732 0.015732 0.015733 0.015733 0.015734 0.015734 0.015735 0.015735 0.015736 0.015736 0.015736 0.015737 0.015737 0.015737 0.015737 0.015738 0.015738 0.015738 0.015738 0.015739 0.015739 0.015739 0.015739 0.015739 0.015739 0.015739 0.015740 0.015740 0.015740 0.015740 0.015740 0.015740 0.015740 0.015740 0.015740 0.015740 0.015740 0.015740 0.015740 0.015740 0.015740 0.015740 0.015739 0.015739 0.015739 0.015739 0.015739 0.015739 0.015739 0.015738 0.015738 0.015738 0.015738 0.015737 0.015737 0.015737 0.015737 0.015736 0.015736 0.015736 0.015735 0.015735 0.015734 0.015734 0.015733 0.015733 0.015732 0.015732 0.015731 0.015730 0.015730 0.015729 0.015728 0.015727 0.015727 0.015726 0.015725 0.015724 0.015723 0.015721 0.015720 0.015719 0.015718 0.015716 0.015715 0.015713 0.015711 0.015709 0.015707 0.015705 0.015703 0.015700 0.015698 0.015695 0.015692 0.015689 0.015685 0.015682 0.015678 0.015674 0.015670 0.015665 0.015660 0.015655 0.015650 0.015644 0.015638 0.015632 0.015625 0.015618 0.015611 0.015603 0.015595 0.015587 0.015578 0.015569 0.015560 0.015551 0.015542 0.015534 0.015526 0.015520 0.015515 0.015511 0.015509 0.015509 0.015511 0.015514 0.015519 0.015523 0.015526 0.015519 0.015480 0.015350 0.014970
0.014435 0.014796 0.014920 0.014955 0.014961 0.014959 0.014957 0.014957 0.014960 0.014967 0.014976 0.014988 0.015003 0.015020 0.015039 0.015060 0.015081 0.015102 0.015123 0.015143 0.015163 0.015181 0.015199 0.015216 0.015232 0.015247 0.015261 0.015274 0.015287 0.015299 0.015310 0.015320 0.015330 0.015339 0.015348 0.015356 0.015364 0.015371 0.015378 0.015384 0.015390 0.015395 0.015400 0.015404 0.015409 0.015413 0.015416 0.015420 0.015423 0.015426 0.015428 0.015431 0.015433 0.015435 0.015437 0.015439 0.015440 0.015442 0.015443 0.015445 0.015446 0.015447 0.015448 0.015449 0.015450 0.015451 0.015451 0.015452 0.015453 0.015453 0.015454 0.015454 0.015454 0.015455 0.015455 0.015456 0.015456 0.015456 0.015456 0.015457 0.015457 0.015457 0.015457 0.015457 0.015457 0.015458 0.015458 0.015458 0.015458 0.015458 0.015458 0.015458 0.015458 0.015458 0.015458 0.015458 0.015458 0.015458 0.015458 0.015458 0.015458 0.015458 0.015458 0.015458 0.015458 0.015458 0.015458 0.015458 0.015458 0.015458 0.015458 0.015458 0.015458 0.015458 0.015458 0.015458 0.015458 0.015457 0.015457 0.015457 0.015457 0.015457 0.015457 0.015456 0.015456 0.015456 0.015456 0.015455 0.015455 0.015454 0.015454 0.015454 0.015453 0.015453 0.015452 0.015451 0.015451 0.015450 0.015449 0.015448 0.015447 0.015446 0.015445 0.015443 0.015442 0.015440 0.015439 0.015437 0.015435 0.015433 0.015431 0.015428 0.015426 0.015423 0.015420 0.015416 0.015413 0.015409 0.015404 0.015400 0.015395 0.015390 0.015384 0.015378 0.015371 0.015364 0.015356 0.015348 0.015339 0.015330 0.015320 0.015310 0.015299 0.015287 0.015274 0.015261 0.015247 0.015232 0.015216 0.015199 0.015181 0.015163 0.015143 0.015123 0.015102 0.015081 0.015060 0.015039 0.015020 0.015003 0.014988 0.014976 0.014967 0.014960 0.014957 0.014957 0.014959 0.014961 0.014955 0.014920 0.014796 0.014435
0.013626 0.013970 0.014087 0.014120 0.014126 0.014126 0.014128 0.014135 0.014146 0.014162 0.014183 0.014208 0.014237 0.014268 0.014303 0.014338 0.014374 0.014410 0.014445 0.014478 0.014510 0.014541 0.014569 0.014596 0.014621 0.014645 0.014667 0.014688 0.014707 0.014726 0.014743 0.014759 0.014774 0.014788 0.014802 0.014814 0.014826 0.014836 0.014846 0.014856 0.014864 0.014872 0.014879 0.014886 0.014892 0.014898 0.014903 0.014908 0.014913 0.014917 0.014921 0.014924 0.014927 0.014930 0.014933 0.014935 0.014937 0.014939 0.014941 0.014943 0.014944 0.014946 0.014947 0.014948 0.014949 0.014950 0.014951 0.014951 0.014952 0.014953 0.014953 0.014954 0.014954 0.014954 0.014955 0.014955 0.014955 0.014955 0.014955 0.014955 0.014956 0.014956 0.014956 0.014956 0.014956 0.014956 0.014956 0.014956 0.014956 0.014956 0.014956 0.014956 0.014956 0.014956 0.014956 0.014956 0.014956 0.014956 0.014956 0.014956 0.014956 0.014956 0.014956 0.014956 0.014956 0.014956 0.014956 0.014956 0.014956 0.014956 0.014956 0.014956 0.014956 0.014956 0.014956 0.014956 0.014956 0.014956 0.014956 0.014956 0.014956 0.014956 0.014955 0.014955 0.014955 0.014955 0.014955 0.014955 0.014954 0.014954 0.014954 0.014953 0.014953 0.014952 0.014951 0.014951 0.014950 0.014949 0.014948 0.014947 0.014946 0.014944 0.014943 0.014941 0.014939 0.014937 0.014935 0.014933 0.014930 0.014927 0.014924 0.014921 0.014917 0.014913 0.014908 0.014903 0.014898 0.014892 0.014886 0.014879 0.014872 0.014864 0.014856 0.014846 0.014836 0.014826 0.014814 0.014802 0.014788 0.014774 0.014759 0.014743 0.014726 0.014707 0.014688 0.014667 0.014645 0.014621 0.014596 0.014569 0.014541 0.014510 0.014478 0.014445 0.014410 0.014374 0.014338 0.014303 0.014268 0.014237 0.014208 0.014183 0.014162 0.014146 0.014135 0.014128 0.014126 0.014126 0.014120 0.014087 0.013970 0.013626
0.012523 0.012851 0.012962 0.012993 0.012999 0.013003 0.013010 0.013024 0.013045 0.013073 0.013107 0.013147 0.013192 0.013240 0.013292 0.013345 0.013398 0.013450 0.013501 0.013549 0.013595 0.013638 0.013678 0.013716 0.013751 0.013784 0.013815 0.013843 0.013871 0.013896 0.013920 0.013942 0.013963 0.013982 0.014000 0.014017 0.014033 0.014048 0.014061 0.014074 0.014085 0.014096 0.014106 0.014115 0.014123 0.014131 0.014138 0.014144 0.014150 0.014155 0.014160 0.014165 0.014169 0.014172 0.014176 0.014179 0.014182 0.014184 0.014186 0.014188 0.014190 0.014192 0.014193 0.014195 0.014196 0.014197 0.014198 0.014198 0.014199 0.014200 0.014200 0.014201 0.014201 0.014201 0.014201 0.014201 0.014202 0.014202 0.014202 0.014202 0.014202 0.014202 0.014202 0.014201 0.014201 0.014201 0.014201 0.014201 0.014201 0.014201 0.014201 0.014201 0.014200 0.014200 0.014200 0.014200 0.014200 0.014200 0.014200 0.014200 0.014200 0.014200 0.014200 0.014200 0.014200 0.014200 0.014200 0.014200 0.014200 0.014200 0.014201 0.014201 0.014201 0.014201 0.014201 0.014201 0.014201 0.014201 0.014201 0.014202 0.014202 0.014202 0.014202 0.014202 0.014202 0.014202 0.014201 0.014201 0.014201 0.014201 0.014201 0.014200 0.014200 0.014199 0.014198 0.014198 0.014197 0.014196 0.014195 0.014193 0.014192 0.014190 0.014188 0.014186 0.014184 0.014182 0.014179 0.014176 0.014172 0.014169 0.014165 0.014160 0.014155 0.014150 0.014144 0.014138 0.014131 0.014123 0.014115 0.014106 0.014096 0.014085 0.014074 0.014061 0.014048 0.014033 0.014017 0.014000 0.013982 0.013963 0.013942 0.013920 0.013896 0.013871 0.013843 0.013815 0.013784 0.013751 0.013716 0.013678 0.013638 0.013595 0.013549 0.013501 0.013450 0.013398 0.013345 0.013292 0.013240 0.013192 0.013147 0.013107 0.013073 0.013045 0.013024 0.013010 0.013003 0.012999 0.012993 0.012962 0.012851 0.012523
0.011119 0.011431 0.011535 0.011563 0.011571 0.011579 0.011592 0.011615 0.011646 0.011686 0.011735 0.011791 0.011853 0.011921 0.011992 0.012065 0.012137 0.012207 0.012275 0.012339 0.012399 0.012455 0.012507 0.012556 0.012602 0.012644 0.012684 0.012721 0.012755 0.012788 0.012818 0.012846 0.012873 0.012898 0.012921 0.012942 0.012962 0.012981 0.012998 0.013014 0.013028 0.013042 0.013054 0.013065 0.013076 0.013085 0.013094 0.013102 0.013109 0.013116 0.013122 0.013128 0.013133 0.013137 0.013141 0.013145 0.013148 0.013151 0.013154 0.013156 0.013159 0.013160 0.013162 0.013164 0.013165 0.013166 0.013167 0.013168 0.013168 0.013169 0.013169 0.013170 0.013170 0.013170 0.013170 0.013170 0.013170 0.013170 0.013170 0.013170 0.013170 0.013169 0.013169 0.013169 0.013169 0.013169 0.013168 0.013168 0.013168 0.013168 0.013167 0.013167 0.013167 0.013167 0.013167 0.013167 0.013167 0.013166 0.013166 0.013166 0.013166 0.013166 0.013166 0.013166 0.013166 0.013167 0.013167 0.013167 0.013167 0.013167 0.013167 0.013167 0.013168 0.013168 0.013168 0.013168 0.013169 0.013169 0.013169 0.013169 0.013169 0.013170 0.013170 0.013170 0.013170 0.013170 0.013170 0.013170 0.013170 0.013170 0.013170 0.013169 0.013169 0.013168 0.013168 0.013167 0.013166 0.013165 0.013164 0.013162 0.013160 0.013159 0.013156 0.013154 0.013151 0.013148 0.013145 0.013141 0.013137 0.013133 0.013128 0.013122 0.013116 0.013109 0.013102 0.013094 0.013085 0.013076 0.013065 0.013054 0.013042 0.013028 0.013014 0.012998 0.012981 0.012962 0.012942 0.012921 0.012898 0.012873 0.012846 0.012818 0.012788 0.012755 0.012721 0.012684 0.012644 0.012602 0.012556 0.012507 0.012455 0.012399 0.012339 0.012275 0.012207 0.012137 0.012065 0.011992 0.011921 0.011853 0.011791 0.011735 0.011686 0.011646 0.011615 0.011592 0.011579 0.011571 0.011563 0.011535 0.011431 0.011119
0.009426 0.009719 0.009813 0.009838 0.009846 0.009858 0.009878 0.009909 0.009950 0.010003 0.010066 0.010139 0.010221 0.010308 0.010400 0.010493 0.010586 0.010676 0.010761 0.010841 0.010915 0.010984 0.011049 0.011108 0.011164 0.011215 0.011263 0.011308 0.011350 0.011389 0.011426 0.011460 0.011492 0.011522 0.011550 0.011576 0.011600 0.011622 0.011642 0.011661 0.011679 0.011695 0.011710 0.011723 0.011736 0.011747 0.011757 0.011767 0.011775 0.011783 0.011791 0.011797 0.011803 0.011808 0.011813 0.011817 0.011821 0.011825 0.011828 0.011830 0.011833 0.011835 0.011837 0.011838 0.011840 0.011841 0.011842 0.011843 0.011843 0.011844 0.011844 0.011844 0.011845 0.011845 0.011845 0.011845 0.011844 0.011844 0.011844 0.011844 0.011843 0.011843 0.011843 0.011842 0.011842 0.011842 0.011841 0.011841 0.011841 0.011840 0.011840 0.011840 0.011839 0.011839 0.011839 0.011839 0.011839 0.011838 0.011838 0.011838 0.011838 0.011838 0.011838 0.011838 0.011838 0.011839 0.011839 0.011839 0.011839 0.011839 0.011840 0.011840 0.011840 0.011841 0.011841 0.011841 0.011842 0.011842 0.011842 0.011843 0.011843 0.011843 0.011844 0.011844 0.011844 0.011844 0.011845 0.011845 0.011845 0.011845 0.011844 0.011844 0.011844 0.011843 0.011843 0.011842 0.011841 0.011840 0.011838 0.011837 0.011835 0.011833 0.011830 0.011828 0.011825 0.011821 0.011817 0.011813 0.011808 0.011803 0.011797 0.011791 0.011783 0.011775 0.011767 0.011757 0.011747 0.011736 0.011723 0.011710 0.011695 0.011679 0.011661 0.011642 0.011622 0.011600 0.011576 0.011550 0.011522 0.011492 0.011460 0.011426 0.011389 0.011350 0.011308 0.011263 0.011215 0.011164 0.011108 0.011049 0.010984 0.010915 0.010841 0.010761 0.010676 0.010586 0.010493 0.010400 0.010308 0.010221 0.010139 0.010066 0.010003 0.009950 0.009909 0.009878 0.009858 0.009846 0.009838 0.009813 0.009719 0.009426
0.007479 0.007744 0.007823 0.007842 0.007850 0.007865 0.007891 0.007927 0.007977 0.008040 0.008118 0.008209 0.008309 0.008417 0.008529 0.008644 0.008758 0.008866 0.008969 0.009064 0.009152 0.009233 0.009308 0.009377 0.009442 0.009501 0.009557 0.009608 0.009657 0.009702 0.009744 0.009784 0.009821 0.009855 0.009887 0.009917 0.009944 0.009970 0.009993 0.010015 0.010035 0.010054 0.010071 0.010086 0.010100 0.010113 0.010125 0.010136 0.010146 0.010155 0.010163 0.010170 0.010177 0.010183 0.010188 0.010193 0.010197 0.010201 0.010205 0.010208 0.010210 0.010213 0.010215 0.010216 0.010218 0.010219 0.010220 0.010221 0.010221 0.010222 0.010222 0.010222 0.010222 0.010222 0.010222 0.010222 0.010221 0.010221 0.010221 0.010220 0.010220 0.010219 0.010219 0.010218 0.010218 0.010217 0.010217 0.010216 0.010216 0.010215 0.010215 0.010215 0.010214 0.010214 0.010214 0.010213 0.010213 0.010213 0.010213 0.010213 0.010213 0.010213 0.010213 0.010213 0.010213 0.010213 0.010213 0.010214 0.010214 0.010214 0.010215 0.010215 0.010215 0.010216 0.010216 0.010217 0.010217 0.010218 0.010218 0.010219 0.010219 0.010220 0.010220 0.010221 0.010221 0.010221 0.010222 0.010222 0.010222 0.010222 0.010222 0.010222 0.010222 0.010221 0.010221 0.010220 0.010219 0.010218 0.010216 0.010215 0.010213 0.010210 0.010208 0.010205 0.010201 0.010197 0.010193 0.010188 0.010183 0.010177 0.010170 0.010163 0.010155 0.010146 0.010136 0.010125 0.010113 0.010100 0.010086 0.010071 0.010054 0.010035 0.010015 0.009993 0.009970 0.009944 0.009917 0.009887 0.009855 0.009821 0.009784 0.009744 0.009702 0.009657 0.009608 0.009557 0.009501 0.009442 0.009377 0.009308 0.009233 0.009152 0.009064 0.008969 0.008866 0.008758 0.008644 0.008529 0.008417 0.008309 0.008209 0.008118 0.008040 0.007977 0.007927 0.007891 0.007865 0.007850 0.007842 0.007823 0.007744 0.007479
0.005338 0.005562 0.005621 0.005631 0.005639 0.005656 0.005681 0.005719 0.005772 0.005846 0.005938 0.006044 0.006160 0.006285 0.006417 0.006552 0.006685 0.006812 0.006930 0.007039 0.007138 0.007229 0.007312 0.007389 0.007460 0.007525 0.007586 0.007644 0.007697 0.007747 0.007794 0.007837 0.007878 0.007916 0.007951 0.007984 0.008015 0.008043 0.008069 0.008093 0.008115 0.008135 0.008154 0.008171 0.008187 0.008201 0.008214 0.008226 0.008236 0.008246 0.008255 0.008263 0.008270 0.008277 0.008282 0.008287 0.008292 0.008296 0.008300 0.008303 0.008306 0.008308 0.008310 0.008312 0.008313 0.008314 0.008315 0.008316 0.008316 0.008317 0.008317 0.008317 0.008317 0.008317 0.008316 0.008316 0.008315 0.008315 0.008314 0.008314 0.008313 0.008313 0.008312 0.008311 0.008311 0.008310 0.008309 0.008309 0.008308 0.008308 0.008307 0.008307 0.008306 0.008306 0.008305 0.008305 0.008305 0.008305 0.008304 0.008304 0.008304 0.008304 0.008304 0.008304 0.008305 0.008305 0.008305 0.008305 0.008306 0.008306 0.008307 0.008307 0.008308 0.008308 0.008309 0.008309 0.008310 0.008311 0.008311 0.008312 0.008313 0.008313 0.008314 0.008314 0.008315 0.008315 0.008316 0.008316 0.008317 0.008317 0.008317 0.008317 0.008317 0.008316 0.008316 0.008315 0.008314 0.008313 0.008312 0.008310 0.008308 0.008306 0.008303 0.008300 0.008296 0.008292 0.008287 0.008282 0.008277 0.008270 0.008263 0.008255 0.008246 0.008236 0.008226 0.008214 0.008201 0.008187 0.008171 0.008154 0.008135 0.008115 0.008093 0.008069 0.008043 0.008015 0.007984 0.007951 0.007916 0.007878 0.007837 0.007794 0.007747 0.007697 0.007644 0.007586 0.007525 0.007460 0.007389 0.007312 0.007229 0.007138 0.007039 0.006930 0.006812 0.006685 0.006552 0.006417 0.006285 0.006160 0.006044 0.005938 0.005846 0.005772 0.005719 0.005681 0.005656 0.005639 0.005631 0.005621 0.005562 0.005338
0.003103 0.003284 0.003324 0.003324 0.003330 0.003341 0.003358 0.003387 0.003444 0.003525 0.003626 0.003740 0.003863 0.003996 0.004140 0.004292 0.004442 0.004583 0.004713 0.004830 0.004935 0.005031 0.005119 0.005200 0.005274 0.005343 0.005407 0.005467 0.005523 0.005575 0.005624 0.005670 0.005713 0.005753 0.005790 0.005825 0.005857 0.005887 0.005914 0.005939 0.005963 0.005984 0.006003 0.006021 0.006037 0.006052 0.006066 0.006078 0.006089 0.006099 0.006109 0.006117 0.006124 0.006131 0.006137 0.006142 0.006147 0.006151 0.006154 0.006158 0.006160 0.006163 0.006164 0.006166 0.006167 0.006168 0.006169 0.006170 0.006170 0.006170 0.006170 0.006170 0.006170 0.006170 0.006169 0.006169 0.006168 0.006168 0.006167 0.006166 0.006165 0.006165 0.006164 0.006163 0.006162 0.006162 0.006161 0.006160 0.006159 0.006159 0.006158 0.006158 0.006157 0.006157 0.006156 0.006156 0.006156 0.006155 0.006155 0.006155 0.006155 0.006155 0.006155 0.006155 0.006155 0.006156 0.006156 0.006156 0.006157 0.006157 0.006158 0.006158 0.006159 0.006159 0.006160 0.006161 0.006162 0.006162 0.006163 0.006164 0.006165 0.006165 0.006166 0.006167 0.006168 0.006168 0.006169 0.006169 0.006170 0.006170 0.006170 0.006170 0.006170 0.006170 0.006170 0.006169 0.006168 0.006167 0.006166 0.006164 0.006163 0.006160 0.006158 0.006154 0.006151 0.006147 0.006142 0.006137 0.006131 0.006124 0.006117 0.006109 0.006099 0.006089 0.006078 0.006066 0.006052 0.006037 0.006021 0.006003 0.005984 0.005963 0.005939 0.005914 0.005887 0.005857 0.005825 0.005790 0.005753 0.005713 0.005670 0.005624 0.005575 0.005523 0.005467 0.005407 0.005343 0.005274 0.005200 0.005119 0.005031 0.004935 0.004830 0.004713 0.004583 0.004442 0.004292 0.004140 0.003996 0.003863 0.003740 0.003626 0.003525 0.003444 0.003387 0.003358 0.003341 0.003330 0.003324 0.003324 0.003284 0.003103
0.000931 0.001198 0.001208 0.001197 0.001195 0.001191 0.001183 0.001207 0.001260 0.001334 0.001423 0.001522 0.001625 0.001739 0.001874 0.002029 0.002187 0.002332 0.002461 0.002576 0.002680 0.002773 0.002858 0.002936 0.003007 0.003074 0.003136 0.003194 0.003248 0.003299 0.003347 0.003392 0.003433 0.003472 0.003509 0.003542 0.003574 0.003603 0.003629 0.003654 0.003676 0.003697 0.003716 0.003733 0.003748 0.003763 0.003776 0.003788 0.003798 0.003808 0.003817 0.003824 0.003831 0.003838 0.003843 0.003848 0.003853 0.003856 0.003860 0.003862 0.003865 0.003867 0.003869 0.003870 0.003871 0.003872 0.003873 0.003873 0.003873 0.003873 0.003873 0.003873 0.003873 0.003872 0.003872 0.003871 0.003870 0.003870 0.003869 0.003868 0.003867 0.003866 0.003866 0.003865 0.003864 0.003863 0.003862 0.003861 0.003861 0.003860 0.003859 0.003859 0.003858 0.003858 0.003857 0.003857 0.003857 0.003856 0.003856 0.003856 0.003856 0.003856 0.003856 0.003856 0.003856 0.003857 0.003857 0.003857 0.003858 0.003858 0.003859 0.003859 0.003860 0.003861 0.003861 0.003862 0.003863 0.003864 0.003865 0.003866 0.003866 0.003867 0.003868 0.003869 0.003870 0.003870 0.003871 0.003872 0.003872 0.003873 0.003873 0.003873 0.003873 0.003873 0.003873 0.003873 0.003872 0.003871 0.003870 0.003869 0.003867 0.003865 0.003862 0.003860 0.003856 0.003853 0.003848 0.003843 0.003838 0.003831 0.003824 0.003817 0.003808 0.003798 0.003788 0.003776 0.003763 0.003748 0.003733 0.003716 0.003697 0.003676 0.003654 0.003629 0.003603 0.003574 0.003542 0.003509 0.003472 0.003433 0.003392 0.003347 0.003299 0.003248 0.003194 0.003136 0.003074 0.003007 0.002936 0.002858 0.002773 0.002680 0.002576 0.002461 0.002332 0.002187 0.002029 0.001874 0.001739 0.001625 0.001522 0.001423 0.001334 0.001260 0.001207 0.001183 0.001191 0.001195 0.001197 0.001208 0.001198 0.000931
0.000000 0.000005 0.000005 0.000005 0.000005 0.000005 0.000005 0.000005 0.000005 0.000005 0.000005 0.000005 0.000005 0.000005 0.000065 0.000191 0.000322 0.000438 0.000540 0.000629 0.000710 0.000782 0.000848 0.000908 0.000963 0.001015 0.001063 0.001108 0.001150 0.001190 0.001228 0.001263 0.001295 0.001326 0.001354 0.001381 0.001405 0.001427 0.001448 0.001467 0.001484 0.001500 0.001515 0.001528 0.001540 0.001551 0.001561 0.001570 0.001578 0.001586 0.001592 0.001598 0.001604 0.001608 0.001612 0.001616 0.001619 0.001622 0.001625 0.001627 0.001628 0.001630 0.001631 0.001632 0.001633 0.001633 0.001634 0.001634 0.001634 0.001634 0.001634 0.001634 0.001633 0.001633 0.001632 0.001632 0.001631 0.001630 0.001630 0.001629 0.001628 0.001628 0.001627 0.001626 0.001625 0.001625 0.001624 0.001623 0.001623 0.001622 0.001622 0.001621 0.001621 0.001620 0.001620 0.001620 0.001619 0.001619 0.001619 0.001619 0.001619 0.001619 0.001619 0.001619 0.001619 0.001619 0.001620 0.001620 0.001620 0.001621 0.001621 0.001622 0.001622 0.001623 0.001623 0.001624 0.001625 0.001625 0.001626 0.001627 0.001628 0.001628 0.001629 0.001630 0.001630 0.001631 0.001632 0.001632 0.001633 0.001633 0.001634 0.001634 0.001634 0.001634 0.001634 0.001634 0.001633 0.001633 0.001632 0.001631 0.001630 0.001628 0.001627 0.001625 0.001622 0.001619 0.001616 0.001612 0.001608 0.001604 0.001598 0.001592 0.001586 0.001578 0.001570 0.001561 0.001551 0.001540 0.001528 0.001515 0.001500 0.001484 0.001467 0.001448 0.001427 0.001405 0.001381 0.001354 0.001326 0.001295 0.001263 0.001228 0.001190 0.001150 0.001108 0.001063 0.001015 0.000963 0.000908 0.000848 0.000782 0.000710 0.000629 0.000540 0.000438 0.000322 0.000191 0.000065 0.000005 0.000005 0.000005 0.000005 0.000005 0.000005 0.000005 0.000005 0.000005 0.000005 0.000005 0.000005 0.000005 0.000000
0.000000 0.000005 0.000005 0.000005 0.000005 0.000005 0.000005 0.000005 0.000005 0.000005 0.000005 0.000005 0.000005 0.000005 0.000005 0.000005 0.000005 0.000005 0.000005 0.000005 0.000005 0.000005 0.000005 0.000005 0.000005 0.000005 0.000005 0.000005 0.000005 0.000005 0.000005 0.000005 0.000005 0.000005 0.000005 0.000005 0.000005 0.000005 0.000005 0.000005 0.000005 0.000005 0.000005 0.000005 0.000005 0.000005 0.000005 0.000005 0.000005 0.000005 0.000005 0.000005 0.000005 0.000005 0.000005 0.000005 0.000005 0.000005 0.000005 0.000005 0.000005 0.000005 0.000005 0.000005 0.000005 0.000005 0.000005 0.000005 0.000005 0.000005 0.000005 0.000005 0.000005 0.000005 0.000005 0.000005 0.000005 0.000005 0.000005 0.000005 0.000005 0.000005 0.000005 0.000005 0.000005 0.000005 0.000005 0.000005 0.000005 0.000005 0.000005 0.000005 0.000005 0.000005 0.000005 0.000005 0.000005 0.000005 0.000005 0.000005 0.000005 0.000005 0.000005 0.000005 0.000005 0.000005 0.000005 0.000005 0.000005 0.000005 0.000005 0.000005 0.000005 0.000005 0.000005 0.000005 0.000005 0.000005 0.000005 0.000005 0.000005 0.000005 0.000005 0.000005 0.000005 0.000005 0.000005 0.000005 0.000005 0.000005 0.000005 0.000005 0.000005 0.000005 0.000005 0.000005 0.000005 0.000005 0.000005 0.000005 0.000005 0.000005 0.000005 0.000005 0.000005 0.000005 0.000005 0.000005 0.000005 0.000005 0.000005 0.000005 0.000005 0.000005 0.000005 0.000005 0.000005 0.000005 0.000005 0.000005 0.000005 0.000005 0.000005 0.000005 0.000005 0.000005 0.000005 0.000005 0.000005 0.000005 0.000005 0.000005 0.000005 0.000005 0.000005 0.000005 0.000005 0.000005 0.000005 0.000005 0.000005 0.000005 0.000005 0.000005 0.000005 0.000005 0.000005 0.000005 0.000005 0.000005 0.000005 0.000005 0.000005 0.000005 0.000005 0.000005 0.000005 0.000005 0.000005 0.000005 0.000005 0.000000
0.000000 0.000005 0.000005 0.000005 0.000005 0.000005 0.000005 0.000005 0.000005 0.000005 0.000005 0.000005 0.000005 0.000005 0.000005 0.000005 0.000005 0.000005 0.000005 0.000005 0.000005 0.000005 0.000005 0.000005 0.000005 0.000005 0.000005 0.000005 0.000005 0.000005 0.000005 0.000005 0.000005 0.000005 0.000005 0.000005 0.000005 0.000005 0.000005 0.000005 0.000005 0.000005 0.000005 0.000005 0.000005 0.000005 0.000005 0.000005 0.000005 0.000005 0.000005 0.000005 0.000005 0.000005 0.000005 0.000005 0.000005 0.000005 0.000005 0.000005 0.000005 0.000005 0.000005 0.000005 0.000005 0.000005 0.000005 0.000005 0.000005 0.000005 0.000005 0.000005 0.000005 0.000005 0.000005 0.000005 0.000005 0.000005 0.000005 0.000005 0.000005 0.000005 0.000005 0.000005 0.000005 0.000005 0.000005 0.000005 0.000005 0.000005 0.000005 0.000005 0.000005 0.000005 0.000005 0.000005 0.000005 0.000005 0.000005 0.000005 0.000005 0.000005 0.000005 0.000005 0.000005 0.000005 0.000005 0.000005 0.000005 0.000005 0.000005 0.000005 0.000005 0.000005 0.000005 0.000005 0.000005 0.000005 0.000005 0.000005 0.000005 0.000005 0.000005 0.000005 0.000005 0.000005 0.000005 0.000005 0.000005 0.000005 0.000005 0.000005 0.000005 0.000005 0.000005 0.000005 0.000005 0.000005 0.000005 0.000005 0.000005 0.000005 0.000005 0.000005 0.000005 0.000005 0.000005 0.000005 0.000005 0.000005 0.000005 0.000005 0.000005 0.000005 0.000005 0.000005 0.000005 0.000005 0.000005 0.000005 0.000005 0.000005 0.000005 0.000005 0.000005 0.000005 0.000005 0.000005 0.000005 0.000005 0.000005 0.000005 0.000005 0.000005 0.000005 0.000005 0.000005 0.000005 0.000005 0.000005 0.000005 0.000005 0.000005 0.000005 0.000005 0.000005 0.000005 0.000005 0.000005 0.000005 0.000005 0.000005 0.000005 0.000005 0.000005 0.000005 0.000005 0.000005 0.000005 0.000005 0.000005 0.000000
0.000000 0.000005 0.000005 0.000005 0.000005 0.000005 0.000005 0.000005 0.000005 0.000005 0.000005 0.000005 0.000005 0.000005 0.000005 0.000005 0.000005 0.000005 0.000005 0.000005 0.000005 0.000005 0.000005 0.000005 0.000005 0.000005 0.000005 0.000005 0.000005 0.000005 0.000005 0.000005 0.000005 0.000005 0.000005 0.000005 0.000005 0.000005 0.000005 0.000005 0.000005 0.000005 0.000005 0.000005 0.000005 0.000005 0.000005 0.000005 0.000005 0.000005 0.000005 0.000005 0.000005 0.000005 0.000005 0.000005 0.000005 0.000005 0.000005 0.000005 0.000005 0.000005 0.000005 0.000005 0.000005 0.000005 0.000005 0.000005 0.000005 0.000005 0.000005 0.000005 0.000005 0.000005 0.000005 0.000005 0.000005 0.000005 0.000005 0.000005 0.000005 0.000005 0.000005 0.000005 0.000005 0.000005 0.000005 0.000005 0.000005 0.000005 0.000005 0.000005 0.000005 0.000005 0.000005 0.000005 0.000005 0.000005 0.000005 0.000005 0.000005 0.000005 0.000005 0.000005 0.000005 0.000005 0.000005 0.000005 0.000005 0.000005 0.000005 0.000005 0.000005 0.000005 0.000005 0.000005 0.000005 0.000005 0.000005 0.000005 0.000005 0.000005 0.000005 0.000005 0.000005 0.000005 0.000005 0.000005 0.000005 0.000005 0.000005 0.000005 0.000005 0.000005 0.000005 0.000005 0.000005 0.000005 0.000005 0.000005 0.000005 0.000005 0.000005 0.000005 0.000005 0.000005 0.000005 0.000005 0.000005 0.000005 0.000005 0.000005 0.000005 0.000005 0.000005 0.000005 0.000005 0.000005 0.000005 0.000005 0.000005 0.000005 0.000005 0.000005 0.000005 0.000005 0.000005 0.000005 0.000005 0.000005 0.000005 0.000005 0.000005 0.000005 0.000005 0.000005 0.000005 0.000005 0.000005 0.000005 0.000005 0.000005 0.000005 0.000005 0.000005 0.000005 0.000005 0.000005 0.000005 0.000005 0.000005 0.000005 0.000005 0.000005 0.000005 0.000005 0.000005 0.000005 0.000005 0.000005 0.000005 0.000000
0.000000 0.027589 0.082321 0.098481 0.103125 0.100374 0.092541 0.081276 0.068007 0.054011 0.040380 0.027952 0.017292 0.008764 0.002656 0.000005 0.000005 0.000005 0.000005 0.000005 0.000005 0.000005 0.000005 0.000005 0.000005 0.000005 0.000005 0.000005 0.000005 0.000005 0.000005 0.000005 0.000005 0.000005 0.000005 0.000005 0.000005 0.000005 0.000005 0.000005 0.000005 0.000005 0.000005 0.000005 0.000005 0.000005 0.000005 0.000005 0.000005 0.000005 0.000005 0.000005 0.000005 0.000005 0.000005 0.000005 0.000005 0.000005 0.000005 0.000005 0.000005 0.000005 0.000005 0.000005 0.000005 0.000005 0.000005 0.000005 0.000005 0.000005 0.000005 0.000005 0.000005 0.000005 0.000005 0.000005 0.000005 0.000005 0.000005 0.000005 0.000005 0.000005 0.000005 0.000005 0.000005 0.000005 0.000005 0.000005 0.000005 0.000005 0.000005 0.000005 0.000005 0.000005 0.000005 0.000005 0.000005 0.000005 0.000005 0.000005 0.000005 0.000005 0.000005 0.000005 0.000005 0.000005 0.000005 0.000005 0.000005 0.000005 0.000005 0.000005 0.000005 0.000005 0.000005 0.000005 0.000005 0.000005 0.000005 0.000005 0.000005 0.000005 0.000005 0.000005 0.000005 0.000005 0.000005 0.000005 0.000005 0.000005 0.000005 0.000005 0.000005 0.000005 0.000005 0.000005 0.000005 0.000005 0.000005 0.000005 0.000005 0.000005 0.000005 0.000005 0.000005 0.000005 0.000005 0.000005 0.000005 0.000005 0.000005 0.000005 0.000005 0.000005 0.000005 0.000005 0.000005 0.000005 0.000005 0.000005 0.000005 0.000005 0.000005 0.000005 0.000005 0.000005 0.000005 0.000005 0.000005 0.000005 0.000005 0.000005 0.000005 0.000005 0.000005 0.000005 0.000005 0.000005 0.000005 0.000005 0.000005 0.000005 0.000005 0.000005 0.000005 0.000005 0.000005 0.002656 0.008764 0.017292 0.027952 0.040380 0.054011 0.068007 0.081276 0.092541 0.100374 0.103125 0.098481 0.082321 0.027589 0.000000
0.000000 0.347735 0.387843 0.414189 0.422518 0.418412 0.404339 0.382177 0.353624 0.320406 0.284482 0.248042 0.213349 0.182481 0.157095 0.137846 0.123798 0.113121 0.104368 0.096829 0.090085 0.083899 0.078150 0.072781 0.067771 0.063113 0.058797 0.054811 0.051147 0.047792 0.044731 0.041948 0.039424 0.037139 0.035074 0.033208 0.031523 0.030001 0.028627 0.027386 0.026265 0.025252 0.024338 0.023513 0.022769 0.022099 0.021495 0.020952 0.020464 0.020028 0.019637 0.019289 0.018980 0.018706 0.018465 0.018254 0.018070 0.017911 0.017774 0.017659 0.017563 0.017484 0.017421 0.017372 0.017337 0.017313 0.017300 0.017297 0.017302 0.017314 0.017334 0.017359 0.017389 0.017424 0.017462 0.017504 0.017548 0.017594 0.017641 0.017689 0.017738 0.017787 0.017835 0.017883 0.017930 0.017976 0.018020 0.018062 0.018102 0.018140 0.018175 0.018207 0.018237 0.018264 0.018288 0.018308 0.018326 0.018340 0.018350 0.018357 0.018361 0.018361 0.018357 0.018350 0.018340 0.018326 0.018308 0.018288 0.018264 0.018237 0.018207 0.018175 0.018140 0.018102 0.018062 0.018020 0.017976 0.017930 0.017883 0.017835 0.017787 0.017738 0.017689 0.017641 0.017594 0.017548 0.017504 0.017462 0.017424 0.017389 0.017359 0.017334 0.017314 0.017302 0.017297 0.017300 0.017313 0.017337 0.017372 0.017421 0.017484 0.017563 0.017659 0.017774 0.017911 0.018070 0.018254 0.018465 0.018706 0.018980 0.019289 0.019637 0.020028 0.020464 0.020952 0.021495 0.022099 0.022769 0.023513 0.024338 0.025252 0.026265 0.027386 0.028627 0.030001 0.031523 0.033208 0.035074 0.037139 0.039424 0.041948 0.044731 0.047792 0.051147 0.054811 0.058797 0.063113 0.067771 0.072781 0.078150 0.083899 0.090085 0.096829 0.104368 0.113121 0.123798 0.137846 0.157095 0.182481 0.213349 0.248042 0.284482 0.320406 0.353624 0.382177 0.404339 0.418412 0.422518 0.414189 0.387843 0.347735 0.000000
1.000000 0.731155 0.741638 0.749322 0.753496 0.750669 0.741124 0.725454 0.704235 0.678062 0.647787 0.614670 0.580411 0.547036 0.516497 0.490091 0.468013 0.449497 0.433516 0.419189 0.405932 0.393383 0.381347 0.369739 0.358545 0.347776 0.337450 0.327591 0.318228 0.309388 0.301086 0.293331 0.286120 0.279441 0.273275 0.267598 0.262381 0.257596 0.253213 0.249204 0.245542 0.242201 0.239156 0.236386 0.233870 0.231587 0.229521 0.227653 0.225969 0.224455 0.223098 0.221884 0.220803 0.219845 0.218999 0.218258 0.217611 0.217053 0.216575 0.216171 0.215834 0.215559 0.215341 0.215173 0.215052 0.214973 0.214931 0.214924 0.214947 0.214996 0.215070 0.215164 0.215276 0.215403 0.215543 0.215694 0.215854 0.216020 0.216191 0.216364 0.216540 0.216715 0.216889 0.217061 0.217229 0.217392 0.217549 0.217699 0.217842 0.217977 0.218102 0.218218 0.218324 0.218420 0.218504 0.218577 0.218639 0.218688 0.218725 0.218750 0.218762 0.218762 0.218750 0.218725 0.218688 0.218639 0.218577 0.218504 0.218420 0.218324 0.218218 0.218102 0.217977 0.217842 0.217699 0.217549 0.217392 0.217229 0.217061 0.216889 0.216715 0.216540 0.216364 0.216191 0.216020 0.215854 0.215694 0.215543 0.215403 0.215276 0.215164 0.215070 0.214996 0.214947 0.214924 0.214931 0.214973 0.215052 0.215173 0.215341 0.215559 0.215834 0.216171 0.216575 0.217053 0.217611 0.218258 0.218999 0.219845 0.220803 0.221884 0.223098 0.224455 0.225969 0.227653 0.229521 0.231587 0.233870 0.236386 0.239156 0.242201 0.245542 0.249204 0.253213 0.257596 0.262381 0.267598 0.273275 0.279441 0.286120 0.293331 0.301086 0.309388 0.318228 0.327591 0.337450 0.347776 0.358545 0.369739 0.381347 0.393383 0.405932 0.419189 0.433516 0.449497 0.468013 0.490091 0.516497 0.547036 0.580411 0.614670 0.647787 0.678062 0.704235 0.725454 0.741124 0.750669 0.753496 0.749322 0.741638 0.731155 1.000000
1.000000 0.957841 0.927951 0.926054 0.926205 0.924809 0.920884 0.914368 0.905327 0.893817 0.880039 0.864407 0.847587 0.830456 0.813944 0.798799 0.785353 0.773509 0.762922 0.753200 0.744017 0.735159 0.726503 0.717993 0.709619 0.701389 0.693320 0.685441 0.677795 0.670424 0.663367 0.656653 0.650302 0.644325 0.638723 0.633493 0.628624 0.624104 0.619917 0.616048 0.612480 0.609196 0.606180 0.603415 0.600885 0.598576 0.596474 0.594564 0.592834 0.591271 0.589864 0.588601 0.587473 0.586469 0.585581 0.584800 0.584118 0.583526 0.583019 0.582589 0.582229 0.581935 0.581700 0.581518 0.581386 0.581299 0.581251 0.581239 0.581259 0.581308 0.581382 0.581478 0.581593 0.581724 0.581869 0.582025 0.582190 0.582362 0.582540 0.582720 0.582903 0.583085 0.583266 0.583444 0.583618 0.583788 0.583951 0.584107 0.584256 0.584396 0.584526 0.584647 0.584757 0.584856 0.584944 0.585019 0.585083 0.585134 0.585173 0.585199 0.585212 0.585212 0.585199 0.585173 0.585134 0.585083 0.585019 0.584944 0.584856 0.584757 0.584647 0.584526 0.584396 0.584256 0.584107 0.583951 0.583788 0.583618 0.583444 0.583266 0.583085 0.582903 0.582720 0.582540 0.582362 0.582190 0.582025 0.581869 0.581724 0.581593 0.581478 0.581382 0.581308 0.581259 0.581239 0.581251 0.581299 0.581386 0.581518 0.581700 0.581935 0.582229 0.582589 0.583019 0.583526 0.584118 0.584800 0.585581 0.586469 0.587473 0.588601 0.589864 0.591271 0.592834 0.594564 0.596474 0.598576 0.600885 0.603415 0.606180 0.609196 0.612480 0.616048 0.619917 0.624104 0.628624 0.633493 0.638723 0.644325 0.650302 0.656653 0.663367 0.670424 0.677795 0.685441 0.693320 0.701389 0.709619 0.717993 0.726503 0.735159 0.744017 0.753200 0.762922 0.773509 0.785353 0.798799 0.813944 0.830456 0.847587 0.864407 0.880039 0.893817 0.905327 0.914368 0.920884 0.924809 0.926205 0.926054 0.927951 0.957841 1.000000
1.000000 0.997323 0.990391 0.987157 0.986690 0.986198 0.985072 0.983196 0.980492 0.976849 0.972282 0.966965 0.961145 0.955113 0.949175 0.943585 0.938484 0.933878 0.929684 0.925782 0.922063 0.918444 0.914878 0.911343 0.907827 0.904326 0.900834 0.897366 0.893948 0.890610 0.887380 0.884277 0.881317 0.878509 0.875858 0.873366 0.871031 0.868850 0.866820 0.864934 0.863186 0.861570 0.860080 0.858709 0.857450 0.856297 0.855244 0.854284 0.853413 0.852623 0.851911 0.851270 0.850696 0.850184 0.849730 0.849330 0.848980 0.848676 0.848414 0.848191 0.848005 0.847851 0.847727 0.847631 0.847560 0.847512 0.847484 0.847475 0.847482 0.847504 0.847539 0.847585 0.847640 0.847704 0.847776 0.847853 0.847934 0.848020 0.848108 0.848198 0.848289 0.848380 0.848470 0.848559 0.848646 0.848731 0.848812 0.848890 0.848965 0.849035 0.849100 0.849160 0.849215 0.849265 0.849309 0.849347 0.849379 0.849404 0.849424 0.849437 0.849443 0.849443 0.849437 0.849424 0.849404 0.849379 0.849347 0.849309 0.849265 0.849215 0.849160 0.849100 0.849035 0.848965 0.848890 0.848812 0.848731 0.848646 0.848559 0.848470 0.848380 0.848289 0.848198 0.848108 0.848020 0.847934 0.847853 0.847776 0.847704 0.847640 0.847585 0.847539 0.847504 0.847482 0.847475 0.847484 0.847512 0.847560 0.847631 0.847727 0.847851 0.848005 0.848191 0.848414 0.848676 0.848980 0.849330 0.849730 0.850184 0.850696 0.851270 0.851911 0.852623 0.853413 0.854284 0.855244 0.856297 0.857450 0.858709 0.860080 0.861570 0.863186 0.864934 0.866820 0.868850 0.871031 0.873366 0.875858 0.878509 0.881317 0.884277 0.887380 0.890610 0.893948 0.897366 0.900834 0.904326 0.907827 0.911343 0.914878 0.918444 0.922063 0.925782 0.929684 0.933878 0.938484 0.943585 0.949175 0.955113 0.961145 0.966965 0.972282 0.976849 0.980492 0.983196 0.985072 0.986198 0.986690 0.987157 0.990391 0.997323 1.000000
1.000000 1.000032 1.000032 1.000032 1.000032 1.000032 1.000032 1.000032 1.000032 0.999472 0.998410 0.997082 0.995590 0.994023 0.992464 0.990981 0.989611 0.988359 0.987208 0.986130 0.985096 0.984086 0.983085 0.982088 0.981091 0.980072 0.979004 0.977891 0.976763 0.975645 0.974552 0.973497 0.972486 0.971523 0.970612 0.969753 0.968947 0.968193 0.967490 0.966835 0.966228 0.965666 0.965146 0.964667 0.964227 0.963824 0.963454 0.963118 0.962811 0.962533 0.962282 0.962055 0.961852 0.961671 0.961509 0.961367 0.961242 0.961133 0.961038 0.960958 0.960890 0.960834 0.960788 0.960752 0.960725 0.960706 0.960694 0.960689 0.960690 0.960695 0.960706 0.960720 0.960738 0.960758 0.960782 0.960807 0.960835 0.960863 0.960893 0.960923 0.960954 0.960984 0.961015 0.961045 0.961075 0.961103 0.961131 0.961158 0.961183 0.961207 0.961229 0.961250 0.961269 0.961286 0.961301 0.961314 0.961325 0.961334 0.961340 0.961345 0.961347 0.961347 0.961345 0.961340 0.961334 0.961325 0.961314 0.961301 0.961286 0.961269 0.961250 0.961229 0.961207 0.961183 0.961158 0.961131 0.961103 0.961075 0.961045 0.961015 0.960984 0.960954 0.960923 0.960893 0.960863 0.960835 0.960807 0.960782 0.960758 0.960738 0.960720 0.960706 0.960695 0.960690 0.960689 0.960694 0.960706 0.960725 0.960752 0.960788 0.960834 0.960890 0.960958 0.961038 0.961133 0.961242 0.961367 0.961509 0.961671 0.961852 0.962055 0.962282 0.962533 0.962811 0.963118 0.963454 0.963824 0.964227 0.964667 0.965146 0.965666 0.966228 0.966835 0.967490 0.968193 0.968947 0.969753 0.970612 0.971523 0.972486 0.973497 0.974552 0.975645 0.976763 0.977891 0.979004 0.980072 0.981091 0.982088 0.983085 0.984086 0.985096 0.986130 0.987208 0.988359 0.989611 0.990981 0.992464 0.994023 0.995590 0.997082 0.998410 0.999472 1.000032 1.000032 1.000032 1.000032 1.000032 1.000032 1.000032 1.000032 1.000000
1.000000 1.000032 1.000032 1.000032 1.000032 1.000032 1.000032 1.000032 1.000032 1.000032 1.000032 1.000032 1.000032 1.000032 1.000032 1.000032 1.000032 1.000032 1.000032 1.000032 1.000032 1.000032 1.000032 1.000032 1.000032 1.000032 0.999885 0.999647 0.999379 0.999102 0.998824 0.998553 0.998292 0.998043 0.997807 0.997584 0.997375 0.997180 0.996997 0.996828 0.996670 0.996524 0.996390 0.996265 0.996151 0.996046 0.995950 0.995863 0.995783 0.995710 0.995644 0.995585 0.995532 0.995484 0.995441 0.995404 0.995370 0.995341 0.995316 0.995294 0.995275 0.995260 0.995247 0.995237 0.995229 0.995223 0.995218 0.995216 0.995215 0.995216 0.995217 0.995220 0.995224 0.995228 0.995234 0.995239 0.995246 0.995252 0.995259 0.995266 0.995273 0.995281 0.995288 0.995295 0.995302 0.995309 0.995316 0.995323 0.995329 0.995334 0.995340 0.995345 0.995350 0.995354 0.995357 0.995361 0.995363 0.995365 0.995367 0.995368 0.995369 0.995369 0.995368 0.995367 0.995365 0.995363 0.995361 0.995357 0.995354 0.995350 0.995345 0.995340 0.995334 0.995329 0.995323 0.995316 0.995309 0.995302 0.995295 0.995288 0.995281 0.995273 0.995266 0.995259 0.995252 0.995246 0.995239 0.995234 0.995228 0.995224 0.995220 0.995217 0.995216 0.995215 0.995216 0.995218 0.995223 0.995229 0.995237 0.995247 0.995260 0.995275 0.995294 0.995316 0.995341 0.995370 0.995404 0.995441 0.995484 0.995532 0.995585 0.995644 0.995710 0.995783 0.995863 0.995950 0.996046 0.996151 0.996265 0.996390 0.996524 0.996670 0.996828 0.996997 0.997180 0.997375 0.997584 0.997807 0.998043 0.998292 0.998553 0.998824 0.999102 0.999379 0.999647 0.999885 1.000032 1.000032 1.000032 1.000032 1.000032 1.000032 1.000032 1.000032 1.000032 1.000032 1.000032 1.000032 1.000032 1.000032 1.000032 1.000032 1.000032 1.000032 1.000032 1.000032 1.000032 1.000032 1.000032 1.000032 1.000032 1.000000
1.000000 1.000032 1.000032 1.000032 1.000032 1.000032 1.000032 1.000032 1.000032 1.000032 1.000032 1.000032 1.000032 1.000032 1.000032 1.000032 1.000032 1.000032 1.000032 1.000032 1.000032 1.000032 1.000032 1.000032 1.000032 1.000032 1.000032 1.000032 1.000032 1.000032 1.000032 1.000032 1.000032 1.000032 1.000032 1.000032 1.000032 1.000032 1.000032 1.000032 1.000032 1.000032 1.000032 1.000032 1.000032 1.000032 1.000032 1.000032 1.000032 1.000032 1.000032 1.000032 1.000032 1.000032 1.000032 1.000032 1.000032 1.000032 1.000032 1.000032 1.000032 1.000032 1.000032 1.000032 1.000032 1.000032 1.000032 1.000032 1.000032 1.000032 1.000032 1.000032 1.000032 1.000032 1.000032 1.000032 1.000032 1.000032 1.000032 1.000032 1.000032 1.000032 1.000032 1.000032 1.000032 1.000032 1.000032 1.000032 1.000032 1.000032 1.000032 1.000032 1.000032 1.000032 1.000032 1.000032 1.000032 1.000032 1.000032 1.000032 1.000032 1.000032 1.000032 1.000032 1.000032 1.000032 1.000032 1.000032 1.000032 1.000032 1.000032 1.000032 1.000032 1.000032 1.000032 1.000032 1.000032 1.000032 1.000032 1.000032 1.000032 1.000032 1.000032 1.000032 1.000032 1.000032 1.000032 1.000032 1.000032 1.000032 1.000032 1.000032 1.000032 1.000032 1.000032 1.000032 1.000032 1.000032 1.000032 1.000032 1.000032 1.000032 1.000032 1.000032 1.000032 1.000032 1.000032 1.000032 1.000032 1.000032 1.000032 1.000032 1.000032 1.000032 1.000032 1.000032 1.000032 1.000032 1.000032 1.000032 1.000032 1.000032 1.000032 1.000032 1.000032 1.000032 1.000032 1.000032 1.000032 1.000032 1.000032 1.000032 1.000032 1.000032 1.000032 1.000032 1.000032 1.000032 1.000032 1.000032 1.000032 1.000032 1.000032 1.000032 1.000032 1.000032 1.000032 1.000032 1.000032 1.000032 1.000032 1.000032 1.000032 1.000032 1.000032 1.000032 1.000032 1.000032 1.000032 1.000032 1.000032 1.000000
1.000000 1.000032 1.000032 1.000032 1.000032 1.000032 1.000032 1.000032 1.000032 1.000032 1.000032 1.000032 1.000032 1.000032 1.000032 1.000032 1.000032 1.000032 1.000032 1.000032 1.000032 1.000032 1.000032 1.000032 1.000032 1.000032 1.000032 1.000032 1.000032 1.000032 1.000032 1.000032 1.000032 1.000032 1.000032 1.000032 1.000032 1.000032 1.000032 1.000032 1.000032 1.000032 1.000032 1.000032 1.000032 1.000032 1.000032 1.000032 1.000032 1.000032 1.000032 1.000032 1.000032 1.000032 1.000032 1.000032 1.000032 1.000032 1.000032 1.000032 1.000032 1.000032 1.000032 1.000032 1.000032 1.000032 1.000032 1.000032 1.000032 1.000032 1.000032 1.000032 1.000032 1.000032 1.000032 1.000032 1.000032 1.000032 1.000032 1.000032 1.000032 1.000032 1.000032 1.000032 1.000032 1.000032 1.000032 1.000032 1.000032 1.000032 1.000032 1.000032 1.000032 1.000032 1.000032 1.000032 1.000032 1.000032 1.000032 1.000032 1.000032 1.000032 1.000032 1.000032 1.000032 1.000032 1.000032 1.000032 1.000032 1.000032 1.000032 1.000032 1.000032 1.000032 1.000032 1.000032 1.000032 1.000032 1.000032 1.000032 1.000032 1.000032 1.000032 1.000032 1.000032 1.000032 1.000032 1.000032 1.000032 1.000032 1.000032 1.000032 1.000032 1.000032 1.000032 1.000032 1.000032 1.000032 1.000032 1.000032 1.000032 1.000032 1.000032 1.000032 1.000032 1.000032 1.000032 1.000032 1.000032 1.000032 1.000032 1.000032 1.000032 1.000032 1.000032 1.000032 1.000032 1.000032 1.000032 1.000032 1.000032 1.000032 1.000032 1.000032 1.000032 1.000032 1.000032 1.000032 1.000032 1.000032 1.000032 1.000032 1.000032 1.000032 1.000032 1.000032 1.000032 1.000032 1.000032 1.000032 1.000032 1.000032 1.000032 1.000032 1.000032 1.000032 1.000032 1.000032 1.000032 1.000032 1.000032 1.000032 1.000032 1.000032 1.000032 1.000032 1.000032 1.000032 1.000032 1.000032 1.000032 1.000000
1.000000 1.000032 1.000032 1.000032 1.000032 1.000032 1.000032 1.000032 1.000032 1.000032 1.000032 1.000032 1.000032 1.000032 1.000032 1.000032 1.000032 1.000032 1.000032 1.000032 1.000032 1.000032 1.000032 1.000032 1.000032 1.000032 1.000032 1.000032 1.000032 1.000032 1.000032 1.000032 1.000032 1.000032 1.000032 1.000032 1.000032 1.000032 1.000032 1.000032 1.000032 1.000032 1.000032 1.000032 1.000032 1.000032 1.000032 1.000032 1.000032 1.000032 1.000032 1.000032 1.000032 1.000032 1.000032 1.000032 1.000032 1.000032 1.000032 1.000032 1.000032 1.000032 1.000032 1.000032 1.000032 1.000032 1.000032 1.000032 1.000032 1.000032 1.000032 1.000032 1.000032 1.000032 1.000032 1.000032 1.000032 1.000032 1.000032 1.000032 1.000032 1.000032 1.000032 1.000032 1.000032 1.000032 1.000032 1.000032 1.000032 1.000032 1.000032 1.000032 1.000032 1.000032 1.000032 1.000032 1.000032 1.000032 1.000032 1.000032 1.000032 1.000032 1.000032 1.000032 1.000032 1.000032 1.000032 1.000032 1.000032 1.000032 1.000032 1.000032 1.000032 1.000032 1.000032 1.000032 1.000032 1.000032 1.000032 1.000032 1.000032 1.000032 1.000032 1.000032 1.000032 1.000032 1.000032 1.000032 1.000032 1.000032 1.000032 1.000032 1.000032 1.000032 1.000032 1.000032 1.000032 1.000032 1.000032 1.000032 1.000032 1.000032 1.000032 1.000032 1.000032 1.000032 1.000032 1.000032 1.000032 1.000032 1.000032 1.000032 1.000032 1.000032 1.000032 1.000032 1.000032 1.000032 1.000032 1.000032 1.000032 1.000032 1.000032 1.000032 1.000032 1.000032 1.000032 1.000032 1.000032 1.000032 1.000032 1.000032 1.000032 1.000032 1.000032 1.000032 1.000032 1.000032 1.000032 1.000032 1.000032 1.000032 1.000032 1.000032 1.000032 1.000032 1.000032 1.000032 1.000032 1.000032 1.000032 1.000032 1.000032 1.000032 1.000032 1.000032 1.000032 1.000032 1.000032 1.000032 1.000032 1.000000
1.000000 1.000032 1.000032 1.000032 1.000032 1.000032 1.000032 1.000032 1.000032 1.000032 1.000032 1.000032 1.000032 1.000032 1.000032 1.000032 1.000032 1.000032 1.000032 1.000032 1.000032 1.000032 1.000032 1.000032 1.000032 1.000032 1.000032 1.000032 1.000032 1.000032 1.000032 1.000032 1.000032 1.000032 1.000032 1.000032 1.000032 1.000032 1.000032 1.000032 1.000032 1.000032 1.000032 1.000032 1.000032 1.000032 1.000032 1.000032 1.000032 1.000032 1.000032 1.000032 1.000032 1.000032 1.000032 1.000032 1.000032 1.000032 1.000032 1.000032 1.000032 1.000032 1.000032 1.000032 1.000032 1.000032 1.000032 1.000032 1.000032 1.000032 1.000032 1.000032 1.000032 1.000032 1.000032 1.000032 1.000032 1.000032 1.000032 1.000032 1.000032 1.000032 1.000032 1.000032 1.000032 1.000032 1.000032 1.000032 1.000032 1.000032 1.000032 1.000032 1.000032 1.000032 1.000032 1.000032 1.000032 1.000032 1.000032 1.000032 1.000032 1.000032 1.000032 1.000032 1.000032 1.000032 1.000032 1.000032 1.000032 1.000032 1.000032 1.000032 1.000032 1.000032 1.000032 1.000032 1.000032 1.000032 1.000032 1.000032 1.000032 1.000032 1.000032 1.000032 1.000032 1.000032 1.000032 1.000032 1.000032 1.000032 1.000032 1.000032 1.000032 1.000032 1.000032 1.000032 1.000032 1.000032 1.000032 1.000032 1.000032 1.000032 1.000032 1.000032 1.000032 1.000032 1.000032 1.000032 1.000032 1.000032 1.000032 1.000032 1.000032 1.000032 1.000032 1.000032 1.000032 1.000032 1.000032 1.000032 1.000032 1.000032 1.000032 1.000032 1.000032 1.000032 1.000032 1.000032 1.000032 1.000032 1.000032 1.000032 1.000032 1.000032 1.000032 1.000032 1.000032 1.000032 1.000032 1.000032 1.000032 1.000032 1.000032 1.000032 1.000032 1.000032 1.000032 1.000032 1.000032 1.000032 1.000032 1.000032 1.000032 1.000032 1.000032 1.000032 1.000032 1.000032 1.000032 1.000032 1.000032 1.000000
1.000000 1.000032 1.000032 1.000032 1.000032 1.000032 1.000032 1.000032 1.000032 1.000032 1.000032 1.000032 1.000032 1.000032 1.000032 1.000032 1.000032 1.000032 1.000032 1.000032 1.000032 1.000032 1.000032 1.000032 1.000032 1.000032 1.000032 1.000032 1.000032 1.000032 1.000032 1.000032 1.000032 1.000032 1.000032 1.000032 1.000032 1.000032 1.000032 1.000032 1.000032 1.000032 1.000032 1.000032 1.000032 1.000032 1.000032 1.000032 1.000032 1.000032 1.000032 1.000032 1.000032 1.000032 1.000032 1.000032 1.000032 1.000032 1.000032 1.000032 1.000032 1.000032 1.000032 1.000032 1.000032 1.000032 1.000032 1.000032 1.000032 1.000032 1.000032 1.000032 1.000032 1.000032 1.000032 1.000032 1.000032 1.000032 1.000032 1.000032 1.000032 1.000032 1.000032 1.000032 1.000032 1.000032 1.000032 1.000032 1.000032 1.000032 1.000032 1.000032 1.000032 1.000032 1.000032 1.000032 1.000032 1.000032 1.000032 1.000032 1.000032 1.000032 1.000032 1.000032 1.000032 1.000032 1.000032 1.000032 1.000032 1.000032 1.000032 1.000032 1.000032 1.000032 1.000032 1.000032 1.000032 1.000032 1.000032 1.000032 1.000032 1.000032 1.000032 1.000032 1.000032 1.000032 1.000032 1.000032 1.000032 1.000032 1.000032 1.000032 1.000032 1.000032 1.000032 1.000032 1.000032 1.000032 1.000032 1.000032 1.000032 1.000032 1.000032 1.000032 1.000032 1.000032 1.000032 1.000032 1.000032 1.000032 1.000032 1.000032 1.000032 1.000032 1.000032 1.000032 1.000032 1.000032 1.000032 1.000032 1.000032 1.000032 1.000032 1.000032 1.000032 1.000032 1.000032 1.000032 1.000032 1.000032 1.000032 1.000032 1.000032 1.000032 1.000032 1.000032 1.000032 1.000032 1.000032 1.000032 1.000032 1.000032 1.000032 1.000032 1.000032 1.000032 1.000032 1.000032 1.000032 1.000032 1.000032 1.000032 1.000032 1.000032 1.000032 1.000032 1.000032 1.000032 1.000032 1.000032 1.000032 1.000000
1.000000 1.000032 1.000032 1.000032 1.000032 1.000032 1.000032 1.000032 1.000032 1.000032 1.000032 1.000032 1.000032 1.000032 1.000032 1.000032 1.000032 1.000032 1.000032 1.000032 1.000032 1.000032 1.000032 1.000032 1.000032 1.000032 1.000032 1.000032 1.000032 1.000032 1.000032 1.000032 1.000032 1.000032 1.000032 1.000032 1.000032 1.000032 1.000032 1.000032 1.000032 1.000032 1.000032 1.000032 1.000032 1.000032 1.000032 1.000032 1.000032 1.000032 1.000032 1.000032 1.000032 1.000032 1.000032 1.000032 1.000032 1.000032 1.000032 1.000032 1.000032 1.000032 1.000032 1.000032 1.000032 1.000032 1.000032 1.000032 1.000032 1.000032 1.000032 1.000032 1.000032 1.000032 1.000032 1.000032 1.000032 1.000032 1.000032 1.000032 1.000032 1.000032 1.000032 1.000032 1.000032 1.000032 1.000032 1.000032 1.000032 1.000032 1.000032 1.000032 1.000032 1.000032 1.000032 1.000032 1.000032 1.000032 1.000032 1.000032 1.000032 1.000032 1.000032 1.000032 1.000032 1.000032 1.000032 1.000032 1.000032 1.000032 1.000032 1.000032 1.000032 1.000032 1.000032 1.000032 1.000032 1.000032 1.000032 1.000032 1.000032 1.000032 1.000032 1.000032 1.000032 1.000032 1.000032 1.000032 1.000032 1.000032 1.000032 1.000032 1.000032 1.000032 1.000032 1.000032 1.000032 1.000032 1.000032 1.000032 1.000032 1.000032 1.000032 1.000032 1.000032 1.000032 1.000032 1.000032 1.000032 1.000032 1.000032 1.000032 1.000032 1.000032 1.000032 1.000032 1.000032 1.000032 1.000032 1.000032 1.000032 1.000032 1.000032 1.000032 1.000032 1.000032 1.000032 1.000032 1.000032 1.000032 1.000032 1.000032 1.000032 1.000032 1.000032 1.000032 1.000032 1.000032 1.000032 1.000032 1.000032 1.000032 1.000032 1.000032 1.000032 1.000032 1.000032 1.000032 1.000032 1.000032 1.000032 1.000032 1.000032 1.000032 1.000032 1.000032 1.000032 1.000032 1.000032 1.000032 1.000032 1.000000
1.000000 1.000032 1.000032 1.000032 1.000032 1.000032 1.000032 1.000032 1.000032 1.000032 1.000032 1.000032 1.000032 1.000032 1.000032 1.000032 1.000032 1.000032 1.000032 1.000032 1.000032 1.000032 1.000032 1.000032 1.000032 1.000032 1.000032 1.000032 1.000032 1.000032 1.000032 1.000032 1.000032 1.000032 1.000032 1.000032 1.000032 1.000032 1.000032 1.000032 1.000032 1.000032 1.000032 1.000032 1.000032 1.000032 1.000032 1.000032 1.000032 1.000032 1.000032 1.000032 1.000032 1.000032 1.000032 1.000032 1.000032 1.000032 1.000032 1.000032 1.000032 1.000032 1.000032 1.000032 1.000032 1.000032 1.000032 1.000032 1.000032 1.000032 1.000032 1.000032 1.000032 1.000032 1.000032 1.000032 1.000032 1.000032 1.000032 1.000032 1.000032 1.000032 1.000032 1.000032 1.000032 1.000032 1.000032 1.000032 1.000032 1.000032 1.000032 1.000032 1.000032 1.000032 1.000032 1.000032 1.000032 1.000032 1.000032 1.000032 1.000032 1.000032 1.000032 1.000032 1.000032 1.000032 1.000032 1.000032 1.000032 1.000032 1.000032 1.000032 1.000032 1.000032 1.000032 1.000032 1.000032 1.000032 1.000032 1.000032 1.000032 1.000032 1.000032 1.000032 1.000032 1.000032 1.000032 1.000032 1.000032 1.000032 1.000032 1.000032 1.000032 1.000032 1.000032 1.000032 1.000032 1.000032 1.000032 1.000032 1.000032 1.000032 1.000032 1.000032 1.000032 1.000032 1.000032 1.000032 1.000032 1.000032 1.000032 1.000032 1.000032 1.000032 1.000032 1.000032 1.000032 1.000032 1.000032 1.000032 1.000032 1.000032 1.000032 1.000032 1.000032 1.000032 1.000032 1.000032 1.000032 1.000032 1.000032 1.000032 1.000032 1.000032 1.000032 1.000032 1.000032 1.000032 1.000032 1.000032 1.000032 1.000032 1.000032 1.000032 1.000032 1.000032 1.000032 1.000032 1.000032 1.000032 1.000032 1.000032 1.000032 1.000032 1.000032 1.000032 1.000032 1.000032 1.000032 1.000032 1.000032 1.000000
1.000000 1.000032 1.000032 1.000032 1.000032 1.000032 1.000032 1.000032 1.000032 1.000032 1.000032 1.000032 1.000032 1.000032 1.000032 1.000032 1.000032 1.000032 1.000032 1.000032 1.000032 1.000032 1.000032 1.000032 1.000032 1.000032 1.000032 1.000032 1.000032 1.000032 1.000032 1.000032 1.000032 1.000032 1.000032 1.000032 1.000032 1.000032 1.000032 1.000032 1.000032 1.000032 1.000032 1.000032 1.000032 1.000032 1.000032 1.000032 1.000032 1.000032 1.000032 1.000032 1.000032 1.000032 1.000032 1.000032 1.000032 1.000032 1.000032 1.000032 1.000032 1.000032 1.000032 1.000032 1.000032 1.000032 1.000032 1.000032 1.000032 1.000032 1.000032 1.000032 1.000032 1.000032 1.000032 1.000032 1.000032 1.000032 1.000032 1.000032 1.000032 1.000032 1.000032 1.000032 1.000032 1.000032 1.000032 1.000032 1.000032 1.000032 1.000032 1.000032 1.000032 1.000032 1.000032 1.000032 1.000032 1.000032 1.000032 1.000032 1.000032 1.000032 1.000032 1.000032 1.000032 1.000032 1.000032 1.000032 1.000032 1.000032 1.000032 1.000032 1.000032 1.000032 1.000032 1.000032 1.000032 1.000032 1.000032 1.000032 1.000032 1.000032 1.000032 1.000032 1.000032 1.000032 1.000032 1.000032 1.000032 1.000032 1.000032 1.000032 1.000032 1.000032 1.000032 1.000032 1.000032 1.000032 1.000032 1.000032 1.000032 1.000032 1.000032 1.000032 1.000032 1.000032 1.000032 1.000032 1.000032 1.000032 1.000032 1.000032 1.000032 1.000032 1.000032 1.000032 1.000032 1.000032 1.000032 1.000032 1.000032 1.000032 1.000032 1.000032 1.000032 1.000032 1.000032 1.000032 1.000032 1.000032 1.000032 1.000032 1.000032 1.000032 1.000032 1.000032 1.000032 1.000032 1.000032 1.000032 1.000032 1.000032 1.000032 1.000032 1.000032 1.000032 1.000032 1.000032 1.000032 1.000032 1.000032 1.000032 1.000032 1.000032 1.000032 1.000032 1.000032 1.000032 1.000032 1.000032 1.000032 1.000000
1.000000 1.000032 1.000032 1.000032 1.000032 1.000032 1.000032 1.000032 1.000032 1.000032 1.000032 1.000032 1.000032 1.000032 1.000032 1.000032 1.000032 1.000032 1.000032 1.000032 1.000032 1.000032 1.000032 1.000032 1.000032 1.000032 1.000032 1.000032 1.000032 1.000032 1.000032 1.000032 1.000032 1.000032 1.000032 1.000032 1.000032 1.000032 1.000032 1.000032 1.000032 1.000032 1.000032 1.000032 1.000032 1.000032 1.000032 1.000032 1.000032 1.000032 1.000032 1.000032 1.000032 1.000032 1.000032 1.000032 1.000032 1.000032 1.000032 1.000032 1.000032 1.000032 1.000032 1.000032 1.000032 1.000032 1.000032 1.000032 1.000032 1.000032 1.000032 1.000032 1.000032 1.000032 1.000032 1.000032 1.000032 1.000032 1.000032 1.000032 1.000032 1.000032 1.000032 1.000032 1.000032 1.000032 1.000032 1.000032 1.000032 1.000032 1.000032 1.000032 1.000032 1.000032 1.000032 1.000032 1.000032 1.000032 1.000032 1.000032 1.000032 1.000032 1.000032 1.000032 1.000032 1.000032 1.000032 1.000032 1.000032 1.000032 1.000032 1.000032 1.000032 1.000032 1.000032 1.000032 1.000032 1.000032 1.000032 1.000032 1.000032 1.000032 1.000032 1.000032 1.000032 1.000032 1.000032 1.000032 1.000032 1.000032 1.000032 1.000032 1.000032 1.000032 1.000032 1.000032 1.000032 1.000032 1.000032 1.000032 1.000032 1.000032 1.000032 1.000032 1.000032 1.000032 1.000032 1.000032 1.000032 1.000032 1.000032 1.000032 1.000032 1.000032 1.000032 1.000032 1.000032 1.000032 1.000032 1.000032 1.000032 1.000032 1.000032 1.000032 1.000032 1.000032 1.000032 1.000032 1.000032 1.000032 1.000032 1.000032 1.000032 1.000032 1.000032 1.000032 1.000032 1.000032 1.000032 1.000032 1.000032 1.000032 1.000032 1.000032 1.000032 1.000032 1.000032 1.000032 1.000032 1.000032 1.000032 1.000032 1.000032 1.000032 1.000032 1.000032 1.000032 1.000032 1.000032 1.000032 1.000032 1.000000
1.000000 1.000032 1.000032 1.000032 1.000032 1.000032 1.000032 1.000032 1.000032 1.000032 1.000032 1.000032 1.000032 1.000032 1.000032 1.000032 1.000032 1.000032 1.000032 1.000032 1.000032 1.000032 1.000032 1.000032 1.000032 1.000032 1.000032 1.000032 1.000032 1.000032 1.000032 1.000032 1.000032 1.000032 1.000032 1.000032 1.000032 1.000032 1.000032 1.000032 1.000032 1.000032 1.000032 1.000032 1.000032 1.000032 1.000032 1.000032 1.000032 1.000032 1.000032 1.000032 1.000032 1.000032 1.000032 1.000032 1.000032 1.000032 1.000032 1.000032 1.000032 1.000032 1.000032 1.000032 1.000032 1.000032 1.000032 1.000032 1.000032 1.000032 1.000032 1.000032 1.000032 1.000032 1.000032 1.000032 1.000032 1.000032 1.000032 1.000032 1.000032 1.000032 1.000032 1.000032 1.000032 1.000032 1.000032 1.000032 1.000032 1.000032 1.000032 1.000032 1.000032 1.000032 1.000032 1.000032 1.000032 1.000032 1.000032 1.000032 1.000032 1.000032 1.000032 1.000032 1.000032 1.000032 1.000032 1.000032 1.000032 1.000032 1.000032 1.000032 1.000032 1.000032 1.000032 1.000032 1.000032 1.000032 1.000032 1.000032 1.000032 1.000032 1.000032 1.000032 1.000032 1.000032 1.000032 1.000032 1.000032 1.000032 1.000032 1.000032 1.000032 1.000032 1.000032 1.000032 1.000032 1.000032 1.000032 1.000032 1.000032 1.000032 1.000032 1.000032 1.000032 1.000032 1.000032 1.000032 1.000032 1.000032 1.000032 1.000032 1.000032 1.000032 1.000032 1.000032 1.000032 1.000032 1.000032 1.000032 1.000032 1.000032 1.000032 1.000032 1.000032 1.000032 1.000032 1.000032 1.000032 1.000032 1.000032 1.000032 1.000032 1.000032 1.000032 1.000032 1.000032 1.000032 1.000032 1.000032 1.000032 1.000032 1.000032 1.000032 1.000032 1.000032 1.000032 1.000032 1.000032 1.000032 1.000032 1.000032 1.000032 1.000032 1.000032 1.000032 1.000032 1.000032 1.000032 1.000032 1.000032 1.000000
1.000000 1.000032 1.000032 1.000032 1.000032 1.000032 1.000032 1.000032 1.000032 1.000032 1.000032 1.000032 1.000032 1.000032 1.000032 1.000032 1.000032 1.000032 1.000032 1.000032 1.000032 1.000032 1.000032 1.000032 1.000032 1.000032 1.000032 1.000032 1.000032 1.000032 1.000032 1.000032 1.000032 1.000032 1.000032 1.000032 1.000032 1.000032 1.000032 1.000032 1.000032 1.000032 1.000032 1.000032 1.000032 1.000032 1.000032 1.000032 1.000032 1.000032 1.000032 1.000032 1.000032 1.000032 1.000032 1.000032 1.000032 1.000032 1.000032 1.000032 1.000032 1.000032 1.000032 1.000032 1.000032 1.000032 1.000032 1.000032 1.000032 1.000032 1.000032 1.000032 1.000032 1.000032 1.000032 1.000032 1.000032 1.000032 1.000032 1.000032 1.000032 1.000032 1.000032 1.000032 1.000032 1.000032 1.000032 1.000032 1.000032 1.000032 1.000032 1.000032 1.000032 1.000032 1.000032 1.000032 1.000032 1.000032 1.000032 1.000032 1.000032 1.000032 1.000032 1.000032 1.000032 1.000032 1.000032 1.000032 1.000032 1.000032 1.000032 1.000032 1.000032 1.000032 1.000032 1.000032 1.000032 1.000032 1.000032 1.000032 1.000032 1.000032 1.000032 1.000032 1.000032 1.000032 1.000032 1.000032 1.000032 1.000032 1.000032 1.000032 1.000032 1.000032 1.000032 1.000032 1.000032 1.000032 1.000032 1.000032 1.000032 1.000032 1.000032 1.000032 1.000032 1.000032 1.000032 1.000032 1.000032 1.000032 1.000032 1.000032 1.000032 1.000032 1.000032 1.000032 1.000032 1.000032 1.000032 1.000032 1.000032 1.000032 1.000032 1.000032 1.000032 1.000032 1.000032 1.000032 1.000032 1.000032 1.000032 1.000032 1.000032 1.000032 1.000032 1.000032 1.000032 1.000032 1.000032 1.000032 1.000032 1.000032 1.000032 1.000032 1.000032 1.000032 1.000032 1.000032 1.000032 1.000032 1.000032 1.000032 1.000032 1.000032 1.000032 1.000032 1.000032 1.000032 1.000032 1.000032 1.000032 1.000000
1.000000 1.000032 1.000032 1.000032 1.000032 1.000032 1.000032 1.000032 1.000032 1.000032 1.000032 1.000032 1.000032 1.000032 1.000032 1.000032 1.000032 1.000032 1.000032 1.000032 1.000032 1.000032 1.000032 1.000032 1.000032 1.000032 1.000032 1.000032 1.000032 1.000032 1.000032 1.000032 1.000032 1.000032 1.000032 1.000032 1.000032 1.000032 1.000032 1.000032 1.000032 1.000032 1.000032 1.000032 1.000032 1.000032 1.000032 1.000032 1.000032 1.000032 1.000032 1.000032 1.000032 1.000032 1.000032 1.000032 1.000032 1.000032 1.000032 1.000032 1.000032 1.000032 1.000032 1.000032 1.000032 1.000032 1.000032 1.000032 1.000032 1.000032 1.000032 1.000032 1.000032 1.000032 1.000032 1.000032 1.000032 1.000032 1.000032 1.000032 1.000032 1.000032 1.000032 1.000032 1.000032 1.000032 1.000032 1.000032 1.000032 1.000032 1.000032 1.000032 1.000032 1.000032 1.000032 1.000032 1.000032 1.000032 1.000032 1.000032 1.000032 1.000032 1.000032 1.000032 1.000032 1.000032 1.000032 1.000032 1.000032 1.000032 1.000032 1.000032 1.000032 1.000032 1.000032 1.000032 1.000032 1.000032 1.000032 1.000032 1.000032 1.000032 1.000032 1.000032 1.000032 1.000032 1.000032 1.000032 1.000032 1.000032 1.000032 1.000032 1.000032 1.000032 1.000032 1.000032 1.000032 1.000032 1.000032 1.000032 1.000032 1.000032 1.000032 1.000032 1.000032 1.000032 1.000032 1.000032 1.000032 1.000032 1.000032 1.000032 1.000032 1.000032 1.000032 1.000032 1.000032 1.000032 1.000032 1.000032 1.000032 1.000032 1.000032 1.000032 1.000032 1.000032 1.000032 1.000032 1.000032 1.000032 1.000032 1.000032 1.000032 1.000032 1.000032 1.000032 1.000032 1.000032 1.000032 1.000032 1.000032 1.000032 1.000032 1.000032 1.000032 1.000032 1.000032 1.000032 1.000032 1.000032 1.000032 1.000032 1.000032 1.000032 1.000032 1.000032 1.000032 1.000032 1.000032 1.000032 1.000032 1.000000
1.000000 1.000032 1.000032 1.000032 1.000032 1.000032 1.000032 1.000032 1.000032 1.000032 1.000032 1.000032 1.000032 1.000032 1.000032 1.000032 1.000032 1.000032 1.000032 1.000032 1.000032 1.000032 1.000032 1.000032 1.000032 1.000032 1.000032 1.000032 1.000032 1.000032 1.000032 1.000032 1.000032 1.000032 1.000032 1.000032 1.000032 1.000032 1.000032 1.000032 1.000032 1.000032 1.000032 1.000032 1.000032 1.000032 1.000032 1.000032 1.000032 1.000032 1.000032 1.000032 1.000032 1.000032 1.000032 1.000032 1.000032 1.000032 1.000032 1.000032 1.000032 1.000032 1.000032 1.000032 1.000032 1.000032 1.000032 1.000032 1.000032 1.000032 1.000032 1.000032 1.000032 1.000032 1.000032 1.000032 1.000032 1.000032 1.000032 1.000032 1.000032 1.000032 1.000032 1.000032 1.000032 1.000032 1.000032 1.000032 1.000032 1.000032 1.000032 1.000032 1.000032 1.000032 1.000032 1.000032 1.000032 1.000032 1.000032 1.000032 1.000032 1.000032 1.000032 1.000032 1.000032 1.000032 1.000032 1.000032 1.000032 1.000032 1.000032 1.000032 1.000032 1.000032 1.000032 1.000032 1.000032 1.000032 1.000032 1.000032 1.000032 1.000032 1.000032 1.000032 1.000032 1.000032 1.000032 1.000032 1.000032 1.000032 1.000032 1.000032 1.000032 1.000032 1.000032 1.000032 1.000032 1.000032 1.000032 1.000032 1.000032 1.000032 1.000032 1.000032 1.000032 1.000032 1.000032 1.000032 1.000032 1.000032 1.000032 1.000032 1.000032 1.000032 1.000032 1.000032 1.000032 1.000032 1.000032 1.000032 1.000032 1.000032 1.000032 1.000032 1.000032 1.000032 1.000032 1.000032 1.000032 1.000032 1.000032 1.000032 1.000032 1.000032 1.000032 1.000032 1.000032 1.000032 1.000032 1.000032 1.000032 1.000032 1.000032 1.000032 1.000032 1.000032 1.000032 1.000032 1.000032 1.000032 1.000032 1.000032 1.000032 1.000032 1.000032 1.000032 1.000032 1.000032 1.000032 1.000032 1.000032 1.000000
1.000000 1.000032 1.000032 1.000032 1.000032 1.000032 1.000032 1.000032 1.000032 1.000032 1.000032 1.000032 1.000032 1.000032 1.000032 1.000032 1.000032 1.000032 1.000032 1.000032 1.000032 1.000032 1.000032 1.000032 1.000032 1.000032 1.000032 1.000032 1.000032 1.000032 1.000032 1.000032 1.000032 1.000032 1.000032 1.000032 1.000032 1.000032 1.000032 1.000032 1.000032 1.000032 1.000032 1.000032 1.000032 1.000032 1.000032 1.000032 1.000032 1.000032 1.000032 1.000032 1.000032 1.000032 1.000032 1.000032 1.000032 1.000032 1.000032 1.000032 1.000032 1.000032 1.000032 1.000032 1.000032 1.000032 1.000032 1.000032 1.000032 1.000032 1.000032 1.000032 1.000032 1.000032 1.000032 1.000032 1.000032 1.000032 1.000032 1.000032 1.000032 1.000032 1.000032 1.000032 1.000032 1.000032 1.000032 1.000032 1.000032 1.000032 1.000032 1.000032 1.000032 1.000032 1.000032 1.000032 1.000032 1.000032 1.000032 1.000032 1.000032 1.000032 1.000032 1.000032 1.000032 1.000032 1.000032 1.000032 1.000032 1.000032 1.000032 1.000032 1.000032 1.000032 1.000032 1.000032 1.000032 1.000032 1.000032 1.000032 1.000032 1.000032 1.000032 1.000032 1.000032 1.000032 1.000032 1.000032 1.000032 1.000032 1.000032 1.000032 1.000032 1.000032 1.000032 1.000032 1.000032 1.000032 1.000032 1.000032 1.000032 1.000032 1.000032 1.000032 1.000032 1.000032 1.000032 1.000032 1.000032 1.000032 1.000032 1.000032 1.000032 1.000032 1.000032 1.000032 1.000032 1.000032 1.000032 1.000032 1.000032 1.000032 1.000032 1.000032 1.000032 1.000032 1.000032 1.000032 1.000032 1.000032 1.000032 1.000032 1.000032 1.000032 1.000032 1.000032 1.000032 1.000032 1.000032 1.000032 1.000032 1.000032 1.000032 1.000032 1.000032 1.000032 1.000032 1.000032 1.000032 1.000032 1.000032 1.000032 1.000032 1.000032 1.000032 1.000032 1.000032 1.000032 1.000032 1.000032 1.000032 1.000000
1.000000 1.000032 1.000032 1.000032 1.000032 1.000032 1.000032 1.000032 1.000032 1.000032 1.000032 1.000032 1.000032 1.000032 1.000032 1.000032 1.000032 1.000032 1.000032 1.000032 1.000032 1.000032 1.000032 1.000032 1.000032 1.000032 1.000032 1.000032 1.000032 1.000032 1.000032 1.000032 1.000032 1.000032 1.000032 1.000032 1.000032 1.000032 1.000032 1.000032 1.000032 1.000032 1.000032 1.000032 1.000032 1.000032 1.000032 1.000032 1.000032 1.000032 1.000032 1.000032 1.000032 1.000032 1.000032 1.000032 1.000032 1.000032 1.000032 1.000032 1.000032 1.000032 1.000032 1.000032 1.000032 1.000032 1.000032 1.000032 1.000032 1.000032 1.000032 1.000032 1.000032 1.000032 1.000032 1.000032 1.000032 1.000032 1.000032 1.000032 1.000032 1.000032 1.000032 1.000032 1.000032 1.000032 1.000032 1.000032 1.000032 1.000032 1.000032 1.000032 1.000032 1.000032 1.000032 1.000032 1.000032 1.000032 1.000032 1.000032 1.000032 1.000032 1.000032 1.000032 1.000032 1.000032 1.000032 1.000032 1.000032 1.000032 1.000032 1.000032 1.000032 1.000032 1.000032 1.000032 1.000032 1.000032 1.000032 1.000032 1.000032 1.000032 1.000032 1.000032 1.000032 1.000032 1.000032 1.000032 1.000032 1.000032 1.000032 1.000032 1.000032 1.000032 1.000032 1.000032 1.000032 1.000032 1.000032 1.000032 1.000032 1.000032 1.000032 1.000032 1.000032 1.000032 1.000032 1.000032 1.000032 1.000032 1.000032 1.000032 1.000032 1.000032 1.000032 1.000032 1.000032 1.000032 1.000032 1.000032 1.000032 1.000032 1.000032 1.000032 1.000032 1.000032 1.000032 1.000032 1.000032 1.000032 1.000032 1.000032 1.000032 1.000032 1.000032 1.000032 1.000032 1.000032 1.000032 1.000032 1.000032 1.000032 1.000032 1.000032 1.000032 1.000032 1.000032 1.000032 1.000032 1.000032 1.000032 1.000032 1.000032 1.000032 1.000032 1.000032 1.000032 1.000032 1.000032 1.000032 1.000032 1.000000
1.000000 1.000032 1.000032 1.000032 1.000032 1.000032 1.000032 1.000032 1.000032 1.000032 1.000032 1.000032 1.000032 1.000032 1.000032 1.000032 1.000032 1.000032 1.000032 1.000032 1.000032 1.000032 1.000032 1.000032 1.000032 1.000032 1.000032 1.000032 1.000032 1.000032 1.000032 1.000032 1.000032 1.000032 1.000032 1.000032 1.000032 1.000032 1.000032 1.000032 1.000032 1.000032 1.000032 1.000032 1.000032 1.000032 1.000032 1.000032 1.000032 1.000032 1.000032 1.000032 1.000032 1.000032 1.000032 1.000032 1.000032 1.000032 1.000032 1.000032 1.000032 1.000032 1.000032 1.000032 1.000032 1.000032 1.000032 1.000032 1.000032 1.000032 1.000032 1.000032 1.000032 1.000032 1.000032 1.000032 1.000032 1.000032 1.000032 1.000032 1.000032 1.000032 1.000032 1.000032 1.000032 1.000032 1.000032 1.000032 1.000032 1.000032 1.000032 1.000032 1.000032 1.000032 1.000032 1.000032 1.000032 1.000032 1.000032 1.000032 1.000032 1.000032 1.000032 1.000032 1.000032 1.000032 1.000032 1.000032 1.000032 1.000032 1.000032 1.000032 1.000032 1.000032 1.000032 1.000032 1.000032 1.000032 1.000032 1.000032 1.000032 1.000032 1.000032 1.000032 1.000032 1.000032 1.000032 1.000032 1.000032 1.000032 1.000032 1.000032 1.000032 1.000032 1.000032 1.000032 1.000032 1.000032 1.000032 1.000032 1.000032 1.000032 1.000032 1.000032 1.000032 1.000032 1.000032 1.000032 1.000032 1.000032 1.000032 1.000032 1.000032 1.000032 1.000032 1.000032 1.000032 1.000032 1.000032 1.000032 1.000032 1.000032 1.000032 1.000032 1.000032 1.000032 1.000032 1.000032 1.000032 1.000032 1.000032 1.000032 1.000032 1.000032 1.000032 1.000032 1.000032 1.000032 1.000032 1.000032 1.000032 1.000032 1.000032 1.000032 1.000032 1.000032 1.000032 1.000032 1.000032 1.000032 1.000032 1.000032 1.000032 1.000032 1.000032 1.000032 1.000032 1.000032 1.000032 1.000032 1.000032 1.000000
1.000000 1.000032 1.000032 1.000032 1.000032 1.000032 1.000032 1.000032 1.000032 1.000032 1.000032 1.000032 1.000032 1.000032 1.000032 1.000032 1.000032 1.000032 1.000032 1.000032 1.000032 1.000032 1.000032 1.000032 1.000032 1.000032 1.000032 1.000032 1.000032 1.000032 1.000032 1.000032 1.000032 1.000032 1.000032 1.000032 1.000032 1.000032 1.000032 1.000032 1.000032 1.000032 1.000032 1.000032 1.000032 1.000032 1.000032 1.000032 1.000032 1.000032 1.000032 1.000032 1.000032 1.000032 1.000032 1.000032 1.000032 1.000032 1.000032 1.000032 1.000032 1.000032 1.000032 1.000032 1.000032 1.000032 1.000032 1.000032 1.000032 1.000032 1.000032 1.000032 1.000032 1.000032 1.000032 1.000032 1.000032 1.000032 1.000032 1.000032 1.000032 1.000032 1.000032 1.000032 1.000032 1.000032 1.000032 1.000032 1.000032 1.000032 1.000032 1.000032 1.000032 1.000032 1.000032 1.000032 1.000032 1.000032 1.000032 1.000032 1.000032 1.000032 1.000032 1.000032 1.000032 1.000032 1.000032 1.000032 1.000032 1.000032 1.000032 1.000032 1.000032 1.000032 1.000032 1.000032 1.000032 1.000032 1.000032 1.000032 1.000032 1.000032 1.000032 1.000032 1.000032 1.000032 1.000032 1.000032 1.000032 1.000032 1.000032 1.000032 1.000032 1.000032 1.000032 1.000032 1.000032 1.000032 1.000032 1.000032 1.000032 1.000032 1.000032 1.000032 1.000032 1.000032 1.000032 1.000032 1.000032 1.000032 1.000032 1.000032 1.000032 1.000032 1.000032 1.000032 1.000032 1.000032 1.000032 1.000032 1.000032 1.000032 1.000032 1.000032 1.000032 1.000032 1.000032 1.000032 1.000032 1.000032 1.000032 1.000032 1.000032 1.000032 1.000032 1.000032 1.000032 1.000032 1.000032 1.000032 1.000032 1.000032 1.000032 1.000032 1.000032 1.000032 1.000032 1.000032 1.000032 1.000032 1.000032 1.000032 1.000032 1.000032 1.000032 1.000032 1.000032 1.000032 1.000032 1.000032 1.000032 1.000000
1.000000 1.000032 1.000032 1.000032 1.000032 1.000032 1.000032 1.000032 1.000032 1.000032 1.000032 1.000032 1.000032 1.000032 1.000032 1.000032 1.000032 1.000032 1.000032 1.000032 1.000032 1.000032 1.000032 1.000032 1.000032 1.000032 1.000032 1.000032 1.000032 1.000032 1.000032 1.000032 1.000032 1.000032 1.000032 1.000032 1.000032 1.000032 1.000032 1.000032 1.000032 1.000032 1.000032 1.000032 1.000032 1.000032 1.000032 1.000032 1.000032 1.000032 1.000032 1.000032 1.000032 1.000032 1.000032 1.000032 1.000032 1.000032 1.000032 1.000032 1.000032 1.000032 1.000032 1.000032 1.000032 1.000032 1.000032 1.000032 1.000032 1.000032 1.000032 1.000032 1.000032 1.000032 1.000032 1.000032 1.000032 1.000032 1.000032 1.000032 1.000032 1.000032 1.000032 1.000032 1.000032 1.000032 1.000032 1.000032 1.000032 1.000032 1.000032 1.000032 1.000032 1.000032 1.000032 1.000032 1.000032 1.000032 1.000032 1.000032 1.000032 1.000032 1.000032 1.000032 1.000032 1.000032 1.000032 1.000032 1.000032 1.000032 1.000032 1.000032 1.000032 1.000032 1.000032 1.000032 1.000032 1.000032 1.000032 1.000032 1.000032 1.000032 1.000032 1.000032 1.000032 1.000032 1.000032 1.000032 1.000032 1.000032 1.000032 1.000032 1.000032 1.000032 1.000032 1.000032 1.000032 1.000032 1.000032 1.000032 1.000032 1.000032 1.000032 1.000032 1.000032 1.000032 1.000032 1.000032 1.000032 1.000032 1.000032 1.000032 1.000032 1.000032 1.000032 1.000032 1.000032 1.000032 1.000032 1.000032 1.000032 1.000032 1.000032 1.000032 1.000032 1.000032 1.000032 1.000032 1.000032 1.000032 1.000032 1.000032 1.000032 1.000032 1.000032 1.000032 1.000032 1.000032 1.000032 1.000032 1.000032 1.000032 1.000032 1.000032 1.000032 1.000032 1.000032 1.000032 1.000032 1.000032 1.000032 1.000032 1.000032 1.000032 1.000032 1.000032 1.000032 1.000032 1.000032 1.000032 1.000032 1.000000
1.000000 1.000032 1.000032 1.000032 1.000032 1.000032 1.000032 1.000032 1.000032 1.000032 1.000032 1.000032 1.000032 1.000032 1.000032 1.000032 1.000032 1.000032 1.000032 1.000032 1.000032 1.000032 1.000032 1.000032 1.000032 1.000032 1.000032 1.000032 1.000032 1.000032 1.000032 1.000032 1.000032 1.000032 1.000032 1.000032 1.000032 1.000032 1.000032 1.000032 1.000032 1.000032 1.000032 1.000032 1.000032 1.000032 1.000032 1.000032 1.000032 1.000032 1.000032 1.000032 1.000032 1.000032 1.000032 1.000032 1.000032 1.000032 1.000032 1.000032 1.000032 1.000032 1.000032 1.000032 1.000032 1.000032 1.000032 1.000032 1.000032 1.000032 1.000032 1.000032 1.000032 1.000032 1.000032 1.000032 1.000032 1.000032 1.000032 1.000032 1.000032 1.000032 1.000032 1.000032 1.000032 1.000032 1.000032 1.000032 1.000032 1.000032 1.000032 1.000032 1.000032 1.000032 1.000032 1.000032 1.000032 1.000032 1.000032 1.000032 1.000032 1.000032 1.000032 1.000032 1.000032 1.000032 1.000032 1.000032 1.000032 1.000032 1.000032 1.000032 1.000032 1.000032 1.000032 1.000032 1.000032 1.000032 1.000032 1.000032 1.000032 1.000032 1.000032 1.000032 1.000032 1.000032 1.000032 1.000032 1.000032 1.000032 1.000032 1.000032 1.000032 1.000032 1.000032 1.000032 1.000032 1.000032 1.000032 1.000032 1.000032 1.000032 1.000032 1.000032 1.000032 1.000032 1.000032 1.000032 1.000032 1.000032 1.000032 1.000032 1.000032 1.000032 1.000032 1.000032 1.000032 1.000032 1.000032 1.000032 1.000032 1.000032 1.000032 1.000032 1.000032 1.000032 1.000032 1.000032 1.000032 1.000032 1.000032 1.000032 1.000032 1.000032 1.000032 1.000032 1.000032 1.000032 1.000032 1.000032 1.000032 1.000032 1.000032 1.000032 1.000032 1.000032 1.000032 1.000032 1.000032 1.000032 1.000032 1.000032 1.000032 1.000032 1.000032 1.000032 1.000032 1.000032 1.000032 1.000032 1.000032 1.000000
1.000000 1.000032 1.000032 1.000032 1.000032 1.000032 1.000032 1.000032 1.000032 1.000032 1.000032 1.000032 1.000032 1.000032 1.000032 1.000032 1.000032 1.000032 1.000032 1.000032 1.000032 1.000032 1.000032 1.000032 1.000032 1.000032 1.000032 1.000032 1.000032 1.000032 1.000032 1.000032 1.000032 1.000032 1.000032 1.000032 1.000032 1.000032 1.000032 1.000032 1.000032 1.000032 1.000032 1.000032 1.000032 1.000032 1.000032 1.000032 1.000032 1.000032 1.000032 1.000032 1.000032 1.000032 1.000032 1.000032 1.000032 1.000032 1.000032 1.000032 1.000032 1.000032 1.000032 1.000032 1.000032 1.000032 1.000032 1.000032 1.000032 1.000032 1.000032 1.000032 1.000032 1.000032 1.000032 1.000032 1.000032 1.000032 1.000032 1.000032 1.000032 1.000032 1.000032 1.000032 1.000032 1.000032 1.000032 1.000032 1.000032 1.000032 1.000032 1.000032 1.000032 1.000032 1.000032 1.000032 1.000032 1.000032 1.000032 1.000032 1.000032 1.000032 1.000032 1.000032 1.000032 1.000032 1.000032 1.000032 1.000032 1.000032 1.000032 1.000032 1.000032 1.000032 1.000032 1.000032 1.000032 1.000032 1.000032 1.000032 1.000032 1.000032 1.000032 1.000032 1.000032 1.000032 1.000032 1.000032 1.000032 1.000032 1.000032 1.000032 1.000032 1.000032 1.000032 1.000032 1.000032 1.000032 1.000032 1.000032 1.000032 1.000032 1.000032 1.000032 1.000032 1.000032 1.000032 1.000032 1.000032 1.000032 1.000032 1.000032 1.000032 1.000032 1.000032 1.000032 1.000032 1.000032 1.000032 1.000032 1.000032 1.000032 1.000032 1.000032 1.000032 1.000032 1.000032 1.000032 1.000032 1.000032 1.000032 1.000032 1.000032 1.000032 1.000032 1.000032 1.000032 1.000032 1.000032 1.000032 1.000032 1.000032 1.000032 1.000032 1.000032 1.000032 1.000032 1.000032 1.000032 1.000032 1.000032 1.000032 1.000032 1.000032 1.000032 1.000032 1.000032 1.000032 1.000032 1.000032 1.000032 1.000000
1.000000 1.000032 1.000032 1.000032 1.000032 1.000032 1.000032 1.000032 1.000032 1.000032 1.000032 1.000032 1.000032 1.000032 1.000032 1.000032 1.000032 1.000032 1.000032 1.000032 1.000032 1.000032 1.000032 1.000032 1.000032 1.000032 1.000032 1.000032 1.000032 1.000032 1.000032 1.000032 1.000032 1.000032 1.000032 1.000032 1.000032 1.000032 1.000032 1.000032 1.000032 1.000032 1.000032 1.000032 1.000032 1.000032 1.000032 1.000032 1.000032 1.000032 1.000032 1.000032 1.000032 1.000032 1.000032 1.000032 1.000032 1.000032 1.000032 1.000032 1.000032 1.000032 1.000032 1.000032 1.000032 1.000032 1.000032 1.000032 1.000032 1.000032 1.000032 1.000032 1.000032 1.000032 1.000032 1.000032 1.000032 1.000032 1.000032 1.000032 1.000032 1.000032 1.000032 1.000032 1.000032 1.000032 1.000032 1.000032 1.000032 1.000032 1.000032 1.000032 1.000032 1.000032 1.000032 1.000032 1.000032 1.000032 1.000032 1.000032 1.000032 1.000032 1.000032 1.000032 1.000032 1.000032 1.000032 1.000032 1.000032 1.000032 1.000032 1.000032 1.000032 1.000032 1.000032 1.000032 1.000032 1.000032 1.000032 1.000032 1.000032 1.000032 1.000032 1.000032 1.000032 1.000032 1.000032 1.000032 1.000032 1.000032 1.000032 1.000032 1.000032 1.000032 1.000032 1.000032 1.000032 1.000032 1.000032 1.000032 1.000032 1.000032 1.000032 1.000032 1.000032 1.000032 1.000032 1.000032 1.000032 1.000032 1.000032 1.000032 1.000032 1.000032 1.000032 1.000032 1.000032 1.000032 1.000032 1.000032 1.000032 1.000032 1.000032 1.000032 1.000032 1.000032 1.000032 1.000032 1.000032 1.000032 1.000032 1.000032 1.000032 1.000032 1.000032 1.000032 1.000032 1.000032 1.000032 1.000032 1.000032 1.000032 1.000032 1.000032 1.000032 1.000032 1.000032 1.000032 1.000032 1.000032 1.000032 1.000032 1.000032 1.000032 1.000032 1.000032 1.000032 1.000032 1.000032 1.000032 1.000032 1.000000
1.000000 1.000032 1.000032 1.000032 1.000032 1.000032 1.000032 1.000032 1.000032 1.000032 1.000032 1.000032 1.000032 1.000032 1.000032 1.000032 1.000032 1.000032 1.000032 1.000032 1.000032 1.000032 1.000032 1.000032 1.000032 1.000032 1.000032 1.000032 1.000032 1.000032 1.000032 1.000032 1.000032 1.000032 1.000032 1.000032 1.000032 1.000032 1.000032 1.000032 1.000032 1.000032 1.000032 1.000032 1.000032 1.000032 1.000032 1.000032 1.000032 1.000032 1.000032 1.000032 1.000032 1.000032 1.000032 1.000032 1.000032 1.000032 1.000032 1.000032 1.000032 1.000032 1.000032 1.000032 1.000032 1.000032 1.000032 1.000032 1.000032 1.000032 1.000032 1.000032 1.000032 1.000032 1.000032 1.000032 1.000032 1.000032 1.000032 1.000032 1.000032 1.000032 1.000032 1.000032 1.000032 1.000032 1.000032 1.000032 1.000032 1.000032 1.000032 1.000032 1.000032 1.000032 1.000032 1.000032 1.000032 1.000032 1.000032 1.000032 1.000032 1.000032 1.000032 1.000032 1.000032 1.000032 1.000032 1.000032 1.000032 1.000032 1.000032 1.000032 1.000032 1.000032 1.000032 1.000032 1.000032 1.000032 1.000032 1.000032 1.000032 1.000032 1.000032 1.000032 1.000032 1.000032 1.000032 1.000032 1.000032 1.000032 1.000032 1.000032 1.000032 1.000032 1.000032 1.000032 1.000032 1.000032 1.000032 1.000032 1.000032 1.000032 1.000032 1.000032 1.000032 1.000032 1.000032 1.000032 1.000032 1.000032 1.000032 1.000032 1.000032 1.000032 1.000032 1.000032 1.000032 1.000032 1.000032 1.000032 1.000032 1.000032 1.000032 1.000032 1.000032 1.000032 1.000032 1.000032 1.000032 1.000032 1.000032 1.000032 1.000032 1.000032 1.000032 1.000032 1.000032 1.000032 1.000032 1.000032 1.000032 1.000032 1.000032 1.000032 1.000032 1.000032 1.000032 1.000032 1.000032 1.000032 1.000032 1.000032 1.000032 1.000032 1.000032 1.000032 1.000032 1.000032 1.000032 1.000032 1.000032 1.000000
1.000000 1.000032 1.000032 1.000032 1.000032 1.000032 1.000032 1.000032 1.000032 1.000032 1.000032 1.000032 1.000032 1.000032 1.000032 1.000032 1.000032 1.000032 1.000032 1.000032 1.000032 1.000032 1.000032 1.000032 1.000032 1.000032 1.000032 1.000032 1.000032 1.000032 1.000032 1.000032 1.000032 1.000032 1.000032 1.000032 1.000032 1.000032 1.000032 1.000032 1.000032 1.000032 1.000032 1.000032 1.000032 1.000032 1.000032 1.000032 1.000032 1.000032 1.000032 1.000032 1.000032 1.000032 1.000032 1.000032 1.000032 1.000032 1.000032 1.000032 1.000032 1.000032 1.000032 1.000032 1.000032 1.000032 1.000032 1.000032 1.000032 1.000032 1.000032 1.000032 1.000032 1.000032 1.000032 1.000032 1.000032 1.000032 1.000032 1.000032 1.000032 1.000032 1.000032 1.000032 1.000032 1.000032 1.000032 1.000032 1.000032 1.000032 1.000032 1.000032 1.000032 1.000032 1.000032 1.000032 1.000032 1.000032 1.000032 1.000032 1.000032 1.000032 1.000032 1.000032 1.000032 1.000032 1.000032 1.000032 1.000032 1.000032 1.000032 1.000032 1.000032 1.000032 1.000032 1.000032 1.000032 1.000032 1.000032 1.000032 1.000032 1.000032 1.000032 1.000032 1.000032 1.000032 1.000032 1.000032 1.000032 1.000032 1.000032 1.000032 1.000032 1.000032 1.000032 1.000032 1.000032 1.000032 1.000032 1.000032 1.000032 1.000032 1.000032 1.000032 1.000032 1.000032 1.000032 1.000032 1.000032 1.000032 1.000032 1.000032 1.000032 1.000032 1.000032 1.000032 1.000032 1.000032 1.000032 1.000032 1.000032 1.000032 1.000032 1.000032 1.000032 1.000032 1.000032 1.000032 1.000032 1.000032 1.000032 1.000032 1.000032 1.000032 1.000032 1.000032 1.000032 1.000032 1.000032 1.000032 1.000032 1.000032 1.000032 1.000032 1.000032 1.000032 1.000032 1.000032 1.000032 1.000032 1.000032 1.000032 1.000032 1.000032 1.000032 1.000032 1.000032 1.000032 1.000032 1.000032 1.000032 1.000000
1.000000 1.000032 1.000032 1.000032 1.000032 1.000032 1.000032 1.000032 1.000032 1.000032 1.000032 1.000032 1.000032 1.000032 1.000032 1.000032 1.000032 1.000032 1.000032 1.000032 1.000032 1.000032 1.000032 1.000032 1.000032 1.000032 1.000032 1.000032 1.000032 1.000032 1.000032 1.000032 1.000032 1.000032 1.000032 1.000032 1.000032 1.000032 1.000032 1.000032 1.000032 1.000032 1.000032 1.000032 1.000032 1.000032 1.000032 1.000032 1.000032 1.000032 1.000032 1.000032 1.000032 1.000032 1.000032 1.000032 1.000032 1.000032 1.000032 1.000032 1.000032 1.000032 1.000032 1.000032 1.000032 1.000032 1.000032 1.000032 1.000032 1.000032 1.000032 1.000032 1.000032 1.000032 1.000032 1.000032 1.000032 1.000032 1.000032 1.000032 1.000032 1.000032 1.000032 1.000032 1.000032 1.000032 1.000032 1.000032 1.000032 1.000032 1.000032 1.000032 1.000032 1.000032 1.000032 1.000032 1.000032 1.000032 1.000032 1.000032 1.000032 1.000032 1.000032 1.000032 1.000032 1.000032 1.000032 1.000032 1.000032 1.000032 1.000032 1.000032 1.000032 1.000032 1.000032 1.000032 1.000032 1.000032 1.000032 1.000032 1.000032 1.000032 1.000032 1.000032 1.000032 1.000032 1.000032 1.000032 1.000032 1.000032 1.000032 1.000032 1.000032 1.000032 1.000032 1.000032 1.000032 1.000032 1.000032 1.000032 1.000032 1.000032 1.000032 1.000032 1.000032 1.000032 1.000032 1.000032 1.000032 1.000032 1.000032 1.000032 1.000032 1.000032 1.000032 1.000032 1.000032 1.000032 1.000032 1.000032 1.000032 1.000032 1.000032 1.000032 1.000032 1.000032 1.000032 1.000032 1.000032 1.000032 1.000032 1.000032 1.000032 1.000032 1.000032 1.000032 1.000032 1.000032 1.000032 1.000032 1.000032 1.000032 1.000032 1.000032 1.000032 1.000032 1.000032 1.000032 1.000032 1.000032 1.000032 1.000032 1.000032 1.000032 1.000032 1.000032 1.000032 1.000032 1.000032 1.000032 1.000032 1.000000
1.000000 1.000032 1.000032 1.000032 1.000032 1.000032 1.000032 1.000032 1.000032 1.000032 1.000032 1.000032 1.000032 1.000032 1.000032 1.000032 1.000032 1.000032 1.000032 1.000032 1.000032 1.000032 1.000032 1.000032 1.000032 1.000032 1.000032 1.000032 1.000032 1.000032 1.000032 1.000032 1.000032 1.000032 1.000032 1.000032 1.000032 1.000032 1.000032 1.000032 1.000032 1.000032 1.000032 1.000032 1.000032 1.000032 1.000032 1.000032 1.000032 1.000032 1.000032 1.000032 1.000032 1.000032 1.000032 1.000032 1.000032 1.000032 1.000032 1.000032 1.000032 1.000032 1.000032 1.000032 1.000032 1.000032 1.000032 1.000032 1.000032 1.000032 1.000032 1.000032 1.000032 1.000032 1.000032 1.000032 1.000032 1.000032 1.000032 1.000032 1.000032 1.000032 1.000032 1.000032 1.000032 1.000032 1.000032 1.000032 1.000032 1.000032 1.000032 1.000032 1.000032 1.000032 1.000032 1.000032 1.000032 1.000032 1.000032 1.000032 1.000032 1.000032 1.000032 1.000032 1.000032 1.000032 1.000032 1.000032 1.000032 1.000032 1.000032 1.000032 1.000032 1.000032 1.000032 1.000032 1.000032 1.000032 1.000032 1.000032 1.000032 1.000032 1.000032 1.000032 1.000032 1.000032 1.000032 1.000032 1.000032 1.000032 1.000032 1.000032 1.000032 1.000032 1.000032 1.000032 1.000032 1.000032 1.000032 1.000032 1.000032 1.000032 1.000032 1.000032 1.000032 1.000032 1.000032 1.000032 1.000032 1.000032 1.000032 1.000032 1.000032 1.000032 1.000032 1.000032 1.000032 1.000032 1.000032 1.000032 1.000032 1.000032 1.000032 1.000032 1.000032 1.000032 1.000032 1.000032 1.000032 1.000032 1.000032 1.000032 1.000032 1.000032 1.000032 1.000032 1.000032 1.000032 1.000032 1.000032 1.000032 1.000032 1.000032 1.000032 1.000032 1.000032 1.000032 1.000032 1.000032 1.000032 1.000032 1.000032 1.000032 1.000032 1.000032 1.000032 1.000032 1.000032 1.000032 1.000032 1.000032 1.000000
1.000000 1.000032 1.000032 1.000032 1.000032 1.000032 1.000032 1.000032 1.000032 1.000032 1.000032 1.000032 1.000032 1.000032 1.000032 1.000032 1.000032 1.000032 1.000032 1.000032 1.000032 1.000032 1.000032 1.000032 1.000032 1.000032 1.000032 1.000032 1.000032 1.000032 1.000032 1.000032 1.000032 1.000032 1.000032 1.000032 1.000032 1.000032 1.000032 1.000032 1.000032 1.000032 1.000032 1.000032 1.000032 1.000032 1.000032 1.000032 1.000032 1.000032 1.000032 1.000032 1.000032 1.000032 1.000032 1.000032 1.000032 1.000032 1.000032 1.000032 1.000032 1.000032 1.000032 1.000032 1.000032 1.000032 1.000032 1.000032 1.000032 1.000032 1.000032 1.000032 1.000032 1.000032 1.000032 1.000032 1.000032 1.000032 1.000032 1.000032 1.000032 1.000032 1.000032 1.000032 1.000032 1.000032 1.000032 1.000032 1.000032 1.000032 1.000032 1.000032 1.000032 1.000032 1.000032 1.000032 1.000032 1.000032 1.000032 1.000032 1.000032 1.000032 1.000032 1.000032 1.000032 1.000032 1.000032 1.000032 1.000032 1.000032 1.000032 1.000032 1.000032 1.000032 1.000032 1.000032 1.000032 1.000032 1.000032 1.000032 1.000032 1.000032 1.000032 1.000032 1.000032 1.000032 1.000032 1.000032 1.000032 1.000032 1.000032 1.000032 1.000032 1.000032 1.000032 1.000032 1.000032 1.000032 1.000032 1.000032 1.000032 1.000032 1.000032 1.000032 1.000032 1.000032 1.000032 1.000032 1.000032 1.000032 1.000032 1.000032 1.000032 1.000032 1.000032 1.000032 1.000032 1.000032 1.000032 1.000032 1.000032 1.000032 1.000032 1.000032 1.000032 1.000032 1.000032 1.000032 1.000032 1.000032 1.000032 1.000032 1.000032 1.000032 1.000032 1.000032 1.000032 1.000032 1.000032 1.000032 1.000032 1.000032 1.000032 1.000032 1.000032 1.000032 1.000032 1.000032 1.000032 1.000032 1.000032 1.000032 1.000032 1.000032 1.000032 1.000032 1.000032 1.000032 1.000032 1.000032 1.000032 1.000000
1.000000 1.000032 1.000032 1.000032 1.000032 1.000032 1.000032 1.000032 1.000032 1.000032 1.000032 1.000032 1.000032 1.000032 1.000032 1.000032 1.000032 1.000032 1.000032 1.000032 1.000032 1.000032 1.000032 1.000032 1.000032 1.000032 1.000032 1.000032 1.000032 1.000032 1.000032 1.000032 1.000032 1.000032 1.000032 1.000032 1.000032 1.000032 1.000032 1.000032 1.000032 1.000032 1.000032 1.000032 1.000032 1.000032 1.000032 1.000032 1.000032 1.000032 1.000032 1.000032 1.000032 1.000032 1.000032 1.000032 1.000032 1.000032 1.000032 1.000032 1.000032 1.000032 1.000032 1.000032 1.000032 1.000032 1.000032 1.000032 1.000032 1.000032 1.000032 1.000032 1.000032 1.000032 1.000032 1.000032 1.000032 1.000032 1.000032 1.000032 1.000032 1.000032 1.000032 1.000032 1.000032 1.000032 1.000032 1.000032 1.000032 1.000032 1.000032 1.000032 1.000032 1.000032 1.000032 1.000032 1.000032 1.000032 1.000032 1.000032 1.000032 1.000032 1.000032 1.000032 1.000032 1.000032 1.000032 1.000032 1.000032 1.000032 1.000032 1.000032 1.000032 1.000032 1.000032 1.000032 1.000032 1.000032 1.000032 1.000032 1.000032 1.000032 1.000032 1.000032 1.000032 1.000032 1.000032 1.000032 1.000032 1.000032 1.000032 1.000032 1.000032 1.000032 1.000032 1.000032 1.000032 1.000032 1.000032 1.000032 1.000032 1.000032 1.000032 1.000032 1.000032 1.000032 1.000032 1.000032 1.000032 1.000032 1.000032 1.000032 1.000032 1.000032 1.000032 1.000032 1.000032 1.000032 1.000032 1.000032 1.000032 1.000032 1.000032 1.000032 1.000032 1.000032 1.000032 1.000032 1.000032 1.000032 1.000032 1.000032 1.000032 1.000032 1.000032 1.000032 1.000032 1.000032 1.000032 1.000032 1.000032 1.000032 1.000032 1.000032 1.000032 1.000032 1.000032 1.000032 1.000032 1.000032 1.000032 1.000032 1.000032 1.000032 1.000032 1.000032 1.000032 1.000032 1.000032 1.000032 1.000032 1.000000
1.000000 1.000032 1.000032 1.000032 1.000032 1.000032 1.000032 1.000032 1.000032 1.000032 1.000032 1.000032 1.000032 1.000032 1.000032 1.000032 1.000032 1.000032 1.000032 1.000032 1.000032 1.000032 1.000032 1.000032 1.000032 1.000032 1.000032 1.000032 1.000032 1.000032 1.000032 1.000032 1.000032 1.000032 1.000032 1.000032 1.000032 1.000032 1.000032 1.000032 1.000032 1.000032 1.000032 1.000032 1.000032 1.000032 1.000032 1.000032 1.000032 1.000032 1.000032 1.000032 1.000032 1.000032 1.000032 1.000032 1.000032 1.000032 1.000032 1.000032 1.000032 1.000032 1.000032 1.000032 1.000032 1.000032 1.000032 1.000032 1.000032 1.000032 1.000032 1.000032 1.000032 1.000032 1.000032 1.000032 1.000032 1.000032 1.000032 1.000032 1.000032 1.000032 1.000032 1.000032 1.000032 1.000032 1.000032 1.000032 1.000032 1.000032 1.000032 1.000032 1.000032 1.000032 1.000032 1.000032 1.000032 1.000032 1.000032 1.000032 1.000032 1.000032 1.000032 1.000032 1.000032 1.000032 1.000032 1.000032 1.000032 1.000032 1.000032 1.000032 1.000032 1.000032 1.000032 1.000032 1.000032 1.000032 1.000032 1.000032 1.000032 1.000032 1.000032 1.000032 1.000032 1.000032 1.000032 1.000032 1.000032 1.000032 1.000032 1.000032 1.000032 1.000032 1.000032 1.000032 1.000032 1.000032 1.000032 1.000032 1.000032 1.000032 1.000032 1.000032 1.000032 1.000032 1.000032 1.000032 1.000032 1.000032 1.000032 1.000032 1.000032 1.000032 1.000032 1.000032 1.000032 1.000032 1.000032 1.000032 1.000032 1.000032 1.000032 1.000032 1.000032 1.000032 1.000032 1.000032 1.000032 1.000032 1.000032 1.000032 1.000032 1.000032 1.000032 1.000032 1.000032 1.000032 1.000032 1.000032 1.000032 1.000032 1.000032 1.000032 1.000032 1.000032 1.000032 1.000032 1.000032 1.000032 1.000032 1.000032 1.000032 1.000032 1.000032 1.000032 1.000032 1.000032 1.000032 1.000032 1.000032 1.000000
1.000000 1.000032 1.000032 1.000032 1.000032 1.000032 1.000032 1.000032 1.000032 1.000032 1.000032 1.000032 1.000032 1.000032 1.000032 1.000032 1.000032 1.000032 1.000032 1.000032 1.000032 1.000032 1.000032 1.000032 1.000032 1.000032 1.000032 1.000032 1.000032 1.000032 1.000032 1.000032 1.000032 1.000032 1.000032 1.000032 1.000032 1.000032 1.000032 1.000032 1.000032 1.000032 1.000032 1.000032 1.000032 1.000032 1.000032 1.000032 1.000032 1.000032 1.000032 1.000032 1.000032 1.000032 1.000032 1.000032 1.000032 1.000032 1.000032 1.000032 1.000032 1.000032 1.000032 1.000032 1.000032 1.000032 1.000032 1.000032 1.000032 1.000032 1.000032 1.000032 1.000032 1.000032 1.000032 1.000032 1.000032 1.000032 1.000032 1.000032 1.000032 1.000032 1.000032 1.000032 1.000032 1.000032 1.000032 1.000032 1.000032 1.000032 1.000032 1.000032 1.000032 1.000032 1.000032 1.000032 1.000032 1.000032 1.000032 1.000032 1.000032 1.000032 1.000032 1.000032 1.000032 1.000032 1.000032 1.000032 1.000032 1.000032 1.000032 1.000032 1.000032 1.000032 1.000032 1.000032 1.000032 1.000032 1.000032 1.000032 1.000032 1.000032 1.000032 1.000032 1.000032 1.000032 1.000032 1.000032 1.000032 1.000032 1.000032 1.000032 1.000032 1.000032 1.000032 1.000032 1.000032 1.000032 1.000032 1.000032 1.000032 1.000032 1.000032 1.000032 1.000032 1.000032 1.000032 1.000032 1.000032 1.000032 1.000032 1.000032 1.000032 1.000032 1.000032 1.000032 1.000032 1.000032 1.000032 1.000032 1.000032 1.000032 1.000032 1.000032 1.000032 1.000032 1.000032 1.000032 1.000032 1.000032 1.000032 1.000032 1.000032 1.000032 1.000032 1.000032 1.000032 1.000032 1.000032 1.000032 1.000032 1.000032 1.000032 1.000032 1.000032 1.000032 1.000032 1.000032 1.000032 1.000032 1.000032 1.000032 1.000032 1.000032 1.000032 1.000032 1.000032 1.000032 1.000032 1.000032 1.000032 1.000000
1.000000 1.000032 1.000032 1.000032 1.000032 1.000032 1.000032 1.000032 1.000032 1.000032 1.000032 1.000032 1.000032 1.000032 1.000032 1.000032 1.000032 1.000032 1.000032 1.000032 1.000032 1.000032 1.000032 1.000032 1.000032 1.000032 1.000032 1.000032 1.000032 1.000032 1.000032 1.000032 1.000032 1.000032 1.000032 1.000032 1.000032 1.000032 1.000032 1.000032 1.000032 1.000032 1.000032 1.000032 1.000032 1.000032 1.000032 1.000032 1.000032 1.000032 1.000032 1.000032 1.000032 1.000032 1.000032 1.000032 1.000032 1.000032 1.000032 1.000032 1.000032 1.000032 1.000032 1.000032 1.000032 1.000032 1.000032 1.000032 1.000032 1.000032 1.000032 1.000032 1.000032 1.000032 1.000032 1.000032 1.000032 1.000032 1.000032 1.000032 1.000032 1.000032 1.000032 1.000032 1.000032 1.000032 1.000032 1.000032 1.000032 1.000032 1.000032 1.000032 1.000032 1.000032 1.000032 1.000032 1.000032 1.000032 1.000032 1.000032 1.000032 1.000032 1.000032 1.000032 1.000032 1.000032 1.000032 1.000032 1.000032 1.000032 1.000032 1.000032 1.000032 1.000032 1.000032 1.000032 1.000032 1.000032 1.000032 1.000032 1.000032 1.000032 1.000032 1.000032 1.000032 1.000032 1.000032 1.000032 1.000032 1.000032 1.000032 1.000032 1.000032 1.000032 1.000032 1.000032 1.000032 1.000032 1.000032 1.000032 1.000032 1.000032 1.000032 1.000032 1.000032 1.000032 1.000032 1.000032 1.000032 1.000032 1.000032 1.000032 1.000032 1.000032 1.000032 1.000032 1.000032 1.000032 1.000032 1.000032 1.000032 1.000032 1.000032 1.000032 1.000032 1.000032 1.000032 1.000032 1.000032 1.000032 1.000032 1.000032 1.000032 1.000032 1.000032 1.000032 1.000032 1.000032 1.000032 1.000032 1.000032 1.000032 1.000032 1.000032 1.000032 1.000032 1.000032 1.000032 1.000032 1.000032 1.000032 1.000032 1.000032 1.000032 1.000032 1.000032 1.000032 1.000032 1.000032 1.000032 1.000032 1.000000
1.000000 1.000032 1.000032 1.000032 1.000032 1.000032 1.000032 1.000032 1.000032 1.000032 1.000032 1.000032 1.000032 1.000032 1.000032 1.000032 1.000032 1.000032 1.000032 1.000032 1.000032 1.000032 1.000032 1.000032 1.000032 1.000032 1.000032 1.000032 1.000032 1.000032 1.000032 1.000032 1.000032 1.000032 1.000032 1.000032 1.000032 1.000032 1.000032 1.000032 1.000032 1.000032 1.000032 1.000032 1.000032 1.000032 1.000032 1.000032 1.000032 1.000032 1.000032 1.000032 1.000032 1.000032 1.000032 1.000032 1.000032 1.000032 1.000032 1.000032 1.000032 1.000032 1.000032 1.000032 1.000032 1.000032 1.000032 1.000032 1.000032 1.000032 1.000032 1.000032 1.000032 1.000032 1.000032 1.000032 1.000032 1.000032 1.000032 1.000032 1.000032 1.000032 1.000032 1.000032 1.000032 1.000032 1.000032 1.000032 1.000032 1.000032 1.000032 1.000032 1.000032 1.000032 1.000032 1.000032 1.000032 1.000032 1.000032 1.000032 1.000032 1.000032 1.000032 1.000032 1.000032 1.000032 1.000032 1.000032 1.000032 1.000032 1.000032 1.000032 1.000032 1.000032 1.000032 1.000032 1.000032 1.000032 1.000032 1.000032 1.000032 1.000032 1.000032 1.000032 1.000032 1.000032 1.000032 1.000032 1.000032 1.000032 1.000032 1.000032 1.000032 1.000032 1.000032 1.000032 1.000032 1.000032 1.000032 1.000032 1.000032 1.000032 1.000032 1.000032 1.000032 1.000032 1.000032 1.000032 1.000032 1.000032 1.000032 1.000032 1.000032 1.000032 1.000032 1.000032 1.000032 1.000032 1.000032 1.000032 1.000032 1.000032 1.000032 1.000032 1.000032 1.000032 1.000032 1.000032 1.000032 1.000032 1.000032 1.000032 1.000032 1.000032 1.000032 1.000032 1.000032 1.000032 1.000032 1.000032 1.000032 1.000032 1.000032 1.000032 1.000032 1.000032 1.000032 1.000032 1.000032 1.000032 1.000032 1.000032 1.000032 1.000032 1.000032 1.000032 1.000032 1.000032 1.000032 1.000032 1.000032 1.000000
1.000000 1.000032 1.000032 1.000032 1.000032 1.000032 1.000032 1.000032 1.000032 1.000032 1.000032 1.000032 1.000032 1.000032 1.000032 1.000032 1.000032 1.000032 1.000032 1.000032 1.000032 1.000032 1.000032 1.000032 1.000032 1.000032 1.000032 1.000032 1.000032 1.000032 1.000032 1.000032 1.000032 1.000032 1.000032 1.000032 1.000032 1.000032 1.000032 1.000032 1.000032 1.000032 1.000032 1.000032 1.000032 1.000032 1.000032 1.000032 1.000032 1.000032 1.000032 1.000032 1.000032 1.000032 1.000032 1.000032 1.000032 1.000032 1.000032 1.000032 1.000032 1.000032 1.000032 1.000032 1.000032 1.000032 1.000032 1.000032 1.000032 1.000032 1.000032 1.000032 1.000032 1.000032 1.000032 1.000032 1.000032 1.000032 1.000032 1.000032 1.000032 1.000032 1.000032 1.000032 1.000032 1.000032 1.000032 1.000032 1.000032 1.000032 1.000032 1.000032 1.000032 1.000032 1.000032 1.000032 1.000032 1.000032 1.000032 1.000032 1.000032 1.000032 1.000032 1.000032 1.000032 1.000032 1.000032 1.000032 1.000032 1.000032 1.000032 1.000032 1.000032 1.000032 1.000032 1.000032 1.000032 1.000032 1.000032 1.000032 1.000032 1.000032 1.000032 1.000032 1.000032 1.000032 1.000032 1.000032 1.000032 1.000032 1.000032 1.000032 1.000032 1.000032 1.000032 1.000032 1.000032 1.000032 1.000032 1.000032 1.000032 1.000032 1.000032 1.000032 1.000032 1.000032 1.000032 1.000032 1.000032 1.000032 1.000032 1.000032 1.000032 1.000032 1.000032 1.000032 1.000032 1.000032 1.000032 1.000032 1.000032 1.000032 1.000032 1.000032 1.000032 1.000032 1.000032 1.000032 1.000032 1.000032 1.000032 1.000032 1.000032 1.000032 1.000032 1.000032 1.000032 1.000032 1.000032 1.000032 1.000032 1.000032 1.000032 1.000032 1.000032 1.000032 1.000032 1.000032 1.000032 1.000032 1.000032 1.000032 1.000032 1.000032 1.000032 1.000032 1.000032 1.000032 1.000032 1.000032 1.000032 1.000000
1.000000 1.000032 1.000032 1.000032 1.000032 1.000032 1.000032 1.000032 1.000032 1.000032 1.000032 1.000032 1.000032 1.000032 1.000032 1.000032 1.000032 1.000032 1.000032 1.000032 1.000032 1.000032 1.000032 1.000032 1.000032 1.000032 1.000032 1.000032 1.000032 1.000032 1.000032 1.000032 1.000032 1.000032 1.000032 1.000032 1.000032 1.000032 1.000032 1.000032 1.000032 1.000032 1.000032 1.000032 1.000032 1.000032 1.000032 1.000032 1.000032 1.000032 1.000032 1.000032 1.000032 1.000032 1.000032 1.000032 1.000032 1.000032 1.000032 1.000032 1.000032 1.000032 1.000032 1.000032 1.000032 1.000032 1.000032 1.000032 1.000032 1.000032 1.000032 1.000032 1.000032 1.000032 1.000032 1.000032 1.000032 1.000032 1.000032 1.000032 1.000032 1.000032 1.000032 1.000032 1.000032 1.000032 1.000032 1.000032 1.000032 1.000032 1.000032 1.000032 1.000032 1.000032 1.000032 1.000032 1.000032 1.000032 1.000032 1.000032 1.000032 1.000032 1.000032 1.000032 1.000032 1.000032 1.000032 1.000032 1.000032 1.000032 1.000032 1.000032 1.000032 1.000032 1.000032 1.000032 1.000032 1.000032 1.000032 1.000032 1.000032 1.000032 1.000032 1.000032 1.000032 1.000032 1.000032 1.000032 1.000032 1.000032 1.000032 1.000032 1.000032 1.000032 1.000032 1.000032 1.000032 1.000032 1.000032 1.000032 1.000032 1.000032 1.000032 1.000032 1.000032 1.000032 1.000032 1.000032 1.000032 1.000032 1.000032 1.000032 1.000032 1.000032 1.000032 1.000032 1.000032 1.000032 1.000032 1.000032 1.000032 1.000032 1.000032 1.000032 1.000032 1.000032 1.000032 1.000032 1.000032 1.000032 1.000032 1.000032 1.000032 1.000032 1.000032 1.000032 1.000032 1.000032 1.000032 1.000032 1.000032 1.000032 1.000032 1.000032 1.000032 1.000032 1.000032 1.000032 1.000032 1.000032 1.000032 1.000032 1.000032 1.000032 1.000032 1.000032 1.000032 1.000032 1.000032 1.000032 1.000032 1.000000
1.000000 1.000032 1.000032 1.000032 1.000032 1.000032 1.000032 1.000032 1.000032 1.000032 1.000032 1.000032 1.000032 1.000032 1.000032 1.000032 1.000032 1.000032 1.000032 1.000032 1.000032 1.000032 1.000032 1.000032 1.000032 1.000032 1.000032 1.000032 1.000032 1.000032 1.000032 1.000032 1.000032 1.000032 1.000032 1.000032 1.000032 1.000032 1.000032 1.000032 1.000032 1.000032 1.000032 1.000032 1.000032 1.000032 1.000032 1.000032 1.000032 1.000032 1.000032 1.000032 1.000032 1.000032 1.000032 1.000032 1.000032 1.000032 1.000032 1.000032 1.000032 1.000032 1.000032 1.000032 1.000032 1.000032 1.000032 1.000032 1.000032 1.000032 1.000032 1.000032 1.000032 1.000032 1.000032 1.000032 1.000032 1.000032 1.000032 1.000032 1.000032 1.000032 1.000032 1.000032 1.000032 1.000032 1.000032 1.000032 1.000032 1.000032 1.000032 1.000032 1.000032 1.000032 1.000032 1.000032 1.000032 1.000032 1.000032 1.000032 1.000032 1.000032 1.000032 1.000032 1.000032 1.000032 1.000032 1.000032 1.000032 1.000032 1.000032 1.000032 1.000032 1.000032 1.000032 1.000032 1.000032 1.000032 1.000032 1.000032 1.000032 1.000032 1.000032 1.000032 1.000032 1.000032 1.000032 1.000032 1.000032 1.000032 1.000032 1.000032 1.000032 1.000032 1.000032 1.000032 1.000032 1.000032 1.000032 1.000032 1.000032 1.000032 1.000032 1.000032 1.000032 1.000032 1.000032 1.000032 1.000032 1.000032 1.000032 1.000032 1.000032 1.000032 1.000032 1.000032 1.000032 1.000032 1.000032 1.000032 1.000032 1.000032 1.000032 1.000032 1.000032 1.000032 1.000032 1.000032 1.000032 1.000032 1.000032 1.000032 1.000032 1.000032 1.000032 1.000032 1.000032 1.000032 1.000032 1.000032 1.000032 1.000032 1.000032 1.000032 1.000032 1.000032 1.000032 1.000032 1.000032 1.000032 1.000032 1.000032 1.000032 1.000032 1.000032 1.000032 1.000032 1.000032 1.000032 1.000032 1.000032 1.000000
1.000000 1.000032 1.000032 1.000032 1.000032 1.000032 1.000032 1.000032 1.000032 1.000032 1.000032 1.000032 1.000032 1.000032 1.000032 1.000032 1.000032 1.000032 1.000032 1.000032 1.000032 1.000032 1.000032 1.000032 1.000032 1.000032 1.000032 1.000032 1.000032 1.000032 1.000032 1.000032 1.000032 1.000032 1.000032 1.000032 1.000032 1.000032 1.000032 1.000032 1.000032 1.000032 1.000032 1.000032 1.000032 1.000032 1.000032 1.000032 1.000032 1.000032 1.000032 1.000032 1.000032 1.000032 1.000032 1.000032 1.000032 1.000032 1.000032 1.000032 1.000032 1.000032 1.000032 1.000032 1.000032 1.000032 1.000032 1.000032 1.000032 1.000032 1.000032 1.000032 1.000032 1.000032 1.000032 1.000032 1.000032 1.000032 1.000032 1.000032 1.000032 1.000032 1.000032 1.000032 1.000032 1.000032 1.000032 1.000032 1.000032 1.000032 1.000032 1.000032 1.000032 1.000032 1.000032 1.000032 1.000032 1.000032 1.000032 1.000032 1.000032 1.000032 1.000032 1.000032 1.000032 1.000032 1.000032 1.000032 1.000032 1.000032 1.000032 1.000032 1.000032 1.000032 1.000032 1.000032 1.000032 1.000032 1.000032 1.000032 1.000032 1.000032 1.000032 1.000032 1.000032 1.000032 1.000032 1.000032 1.000032 1.000032 1.000032 1.000032 1.000032 1.000032 1.000032 1.000032 1.000032 1.000032 1.000032 1.000032 1.000032 1.000032 1.000032 1.000032 1.000032 1.000032 1.000032 1.000032 1.000032 1.000032 1.000032 1.000032 1.000032 1.000032 1.000032 1.000032 1.000032 1.000032 1.000032 1.000032 1.000032 1.000032 1.000032 1.000032 1.000032 1.000032 1.000032 1.000032 1.000032 1.000032 1.000032 1.000032 1.000032 1.000032 1.000032 1.000032 1.000032 1.000032 1.000032 1.000032 1.000032 1.000032 1.000032 1.000032 1.000032 1.000032 1.000032 1.000032 1.000032 1.000032 1.000032 1.000032 1.000032 1.000032 1.000032 1.000032 1.000032 1.000032 1.000032 1.000032 1.000032 1.000000
1.000000 1.000032 1.000032 1.000032 1.000032 1.000032 1.000032 1.000032 1.000032 1.000032 1.000032 1.000032 1.000032 1.000032 1.000032 1.000032 1.000032 1.000032 1.000032 1.000032 1.000032 1.000032 1.000032 1.000032 1.000032 1.000032 1.000032 1.000032 1.000032 1.000032 1.000032 1.000032 1.000032 1.000032 1.000032 1.000032 1.000032 1.000032 1.000032 1.000032 1.000032 1.000032 1.000032 1.000032 1.000032 1.000032 1.000032 1.000032 1.000032 1.000032 1.000032 1.000032 1.000032 1.000032 1.000032 1.000032 1.000032 1.000032 1.000032 1.000032 1.000032 1.000032 1.000032 1.000032 1.000032 1.000032 1.000032 1.000032 1.000032 1.000032 1.000032 1.000032 1.000032 1.000032 1.000032 1.000032 1.000032 1.000032 1.000032 1.000032 1.000032 1.000032 1.000032 1.000032 1.000032 1.000032 1.000032 1.000032 1.000032 1.000032 1.000032 1.000032 1.000032 1.000032 1.000032 1.000032 1.000032 1.000032 1.000032 1.000032 1.000032 1.000032 1.000032 1.000032 1.000032 1.000032 1.000032 1.000032 1.000032 1.000032 1.000032 1.000032 1.000032 1.000032 1.000032 1.000032 1.000032 1.000032 1.000032 1.000032 1.000032 1.000032 1.000032 1.000032 1.000032 1.000032 1.000032 1.000032 1.000032 1.000032 1.000032 1.000032 1.000032 1.000032 1.000032 1.000032 1.000032 1.000032 1.000032 1.000032 1.000032 1.000032 1.000032 1.000032 1.000032 1.000032 1.000032 1.000032 1.000032 1.000032 1.000032 1.000032 1.000032 1.000032 1.000032 1.000032 1.000032 1.000032 1.000032 1.000032 1.000032 1.000032 1.000032 1.000032 1.000032 1.000032 1.000032 1.000032 1.000032 1.000032 1.000032 1.000032 1.000032 1.000032 1.000032 1.000032 1.000032 1.000032 1.000032 1.000032 1.000032 1.000032 1.000032 1.000032 1.000032 1.000032 1.000032 1.000032 1.000032 1.000032 1.000032 1.000032 1.000032 1.000032 1.000032 1.000032 1.000032 1.000032 1.000032 1.000032 1.000032 1.000000
1.000000 1.000032 1.000032 1.000032 1.000032 1.000032 1.000032 1.000032 1.000032 1.000032 1.000032 1.000032 1.000032 1.000032 1.000032 1.000032 1.000032 1.000032 1.000032 1.000032 1.000032 1.000032 1.000032 1.000032 1.000032 1.000032 1.000032 1.000032 1.000032 1.000032 1.000032 1.000032 1.000032 1.000032 1.000032 1.000032 1.000032 1.000032 1.000032 1.000032 1.000032 1.000032 1.000032 1.000032 1.000032 1.000032 1.000032 1.000032 1.000032 1.000032 1.000032 1.000032 1.000032 1.000032 1.000032 1.000032 1.000032 1.000032 1.000032 1.000032 1.000032 1.000032 1.000032 1.000032 1.000032 1.000032 1.000032 1.000032 1.000032 1.000032 1.000032 1.000032 1.000032 1.000032 1.000032 1.000032 1.000032 1.000032 1.000032 1.000032 1.000032 1.000032 1.000032 1.000032 1.000032 1.000032 1.000032 1.000032 1.000032 1.000032 1.000032 1.000032 1.000032 1.000032 1.000032 1.000032 1.000032 1.000032 1.000032 1.000032 1.000032 1.000032 1.000032 1.000032 1.000032 1.000032 1.000032 1.000032 1.000032 1.000032 1.000032 1.000032 1.000032 1.000032 1.000032 1.000032 1.000032 1.000032 1.000032 1.000032 1.000032 1.000032 1.000032 1.000032 1.000032 1.000032 1.000032 1.000032 1.000032 1.000032 1.000032 1.000032 1.000032 1.000032 1.000032 1.000032 1.000032 1.000032 1.000032 1.000032 1.000032 1.000032 1.000032 1.000032 1.000032 1.000032 1.000032 1.000032 1.000032 1.000032 1.000032 1.000032 1.000032 1.000032 1.000032 1.000032 1.000032 1.000032 1.000032 1.000032 1.000032 1.000032 1.000032 1.000032 1.000032 1.000032 1.000032 1.000032 1.000032 1.000032 1.000032 1.000032 1.000032 1.000032 1.000032 1.000032 1.000032 1.000032 1.000032 1.000032 1.000032 1.000032 1.000032 1.000032 1.000032 1.000032 1.000032 1.000032 1.000032 1.000032 1.000032 1.000032 1.000032 1.000032 1.000032 1.000032 1.000032 1.000032 1.000032 1.000032 1.000032 1.000000
1.000000 1.000032 1.000032 1.000032 1.000032 1.000032 1.000032 1.000032 1.000032 1.000032 1.000032 1.000032 1.000032 1.000032 1.000032 1.000032 1.000032 1.000032 1.000032 1.000032 1.000032 1.000032 1.000032 1.000032 1.000032 1.000032 1.000032 1.000032 1.000032 1.000032 1.000032 1.000032 1.000032 1.000032 1.000032 1.000032 1.000032 1.000032 1.000032 1.000032 1.000032 1.000032 1.000032 1.000032 1.000032 1.000032 1.000032 1.000032 1.000032 1.000032 1.000032 1.000032 1.000032 1.000032 1.000032 1.000032 1.000032 1.000032 1.000032 1.000032 1.000032 1.000032 1.000032 1.000032 1.000032 1.000032 1.000032 1.000032 1.000032 1.000032 1.000032 1.000032 1.000032 1.000032 1.000032 1.000032 1.000032 1.000032 1.000032 1.000032 1.000032 1.000032 1.000032 1.000032 1.000032 1.000032 1.000032 1.000032 1.000032 1.000032 1.000032 1.000032 1.000032 1.000032 1.000032 1.000032 1.000032 1.000032 1.000032 1.000032 1.000032 1.000032 1.000032 1.000032 1.000032 1.000032 1.000032 1.000032 1.000032 1.000032 1.000032 1.000032 1.000032 1.000032 1.000032 1.000032 1.000032 1.000032 1.000032 1.000032 1.000032 1.000032 1.000032 1.000032 1.000032 1.000032 1.000032 1.000032 1.000032 1.000032 1.000032 1.000032 1.000032 1.000032 1.000032 1.000032 1.000032 1.000032 1.000032 1.000032 1.000032 1.000032 1.000032 1.000032 1.000032 1.000032 1.000032 1.000032 1.000032 1.000032 1.000032 1.000032 1.000032 1.000032 1.000032 1.000032 1.000032 1.000032 1.000032 1.000032 1.000032 1.000032 1.000032 1.000032 1.000032 1.000032 1.000032 1.000032 1.000032 1.000032 1.000032 1.000032 1.000032 1.000032 1.000032 1.000032 1.000032 1.000032 1.000032 1.000032 1.000032 1.000032 1.000032 1.000032 1.000032 1.000032 1.000032 1.000032 1.000032 1.000032 1.000032 1.000032 1.000032 1.000032 1.000032 1.000032 1.000032 1.000032 1.000032 1.000032 1.000032 1.000000
1.000000 1.000032 1.000032 1.000032 1.000032 1.000032 1.000032 1.000032 1.000032 1.000032 1.000032 1.000032 1.000032 1.000032 1.000032 1.000032 1.000032 1.000032 1.000032 1.000032 1.000032 1.000032 1.000032 1.000032 1.000032 1.000032 1.000032 1.000032 1.000032 1.000032 1.000032 1.000032 1.000032 1.000032 1.000032 1.000032 1.000032 1.000032 1.000032 1.000032 1.000032 1.000032 1.000032 1.000032 1.000032 1.000032 1.000032 1.000032 1.000032 1.000032 1.000032 1.000032 1.000032 1.000032 1.000032 1.000032 1.000032 1.000032 1.000032 1.000032 1.000032 1.000032 1.000032 1.000032 1.000032 1.000032 1.000032 1.000032 1.000032 1.000032 1.000032 1.000032 1.000032 1.000032 1.000032 1.000032 1.000032 1.000032 1.000032 1.000032 1.000032 1.000032 1.000032 1.000032 1.000032 1.000032 1.000032 1.000032 1.000032 1.000032 1.000032 1.000032 1.000032 1.000032 1.000032 1.000032 1.000032 1.000032 1.000032 1.000032 1.000032 1.000032 1.000032 1.000032 1.000032 1.000032 1.000032 1.000032 1.000032 1.000032 1.000032 1.000032 1.000032 1.000032 1.000032 1.000032 1.000032 1.000032 1.000032 1.000032 1.000032 1.000032 1.000032 1.000032 1.000032 1.000032 1.000032 1.000032 1.000032 1.000032 1.000032 1.000032 1.000032 1.000032 1.000032 1.000032 1.000032 1.000032 1.000032 1.000032 1.000032 1.000032 1.000032 1.000032 1.000032 1.000032 1.000032 1.000032 1.000032 1.000032 1.000032 1.000032 1.000032 1.000032 1.000032 1.000032 1.000032 1.000032 1.000032 1.000032 1.000032 1.000032 1.000032 1.000032 1.000032 1.000032 1.000032 1.000032 1.000032 1.000032 1.000032 1.000032 1.000032 1.000032 1.000032 1.000032 1.000032 1.000032 1.000032 1.000032 1.000032 1.000032 1.000032 1.000032 1.000032 1.000032 1.000032 1.000032 1.000032 1.000032 1.000032 1.000032 1.000032 1.000032 1.000032 1.000032 1.000032 1.000032 1.000032 1.000032 1.000032 1.000000
1.000000 1.000032 1.000032 1.000032 1.000032 1.000032 1.000032 1.000032 1.000032 1.000032 1.000032 1.000032 1.000032 1.000032 1.000032 1.000032 1.000032 1.000032 1.000032 1.000032 1.000032 1.000032 1.000032 1.000032 1.000032 1.000032 1.000032 1.000032 1.000032 1.000032 1.000032 1.000032 1.000032 1.000032 1.000032 1.000032 1.000032 1.000032 1.000032 1.000032 1.000032 1.000032 1.000032 1.000032 1.000032 1.000032 1.000032 1.000032 1.000032 1.000032 1.000032 1.000032 1.000032 1.000032 1.000032 1.000032 1.000032 1.000032 1.000032 1.000032 1.000032 1.000032 1.000032 1.000032 1.000032 1.000032 1.000032 1.000032 1.000032 1.000032 1.000032 1.000032 1.000032 1.000032 1.000032 1.000032 1.000032 1.000032 1.000032 1.000032 1.000032 1.000032 1.000032 1.000032 1.000032 1.000032 1.000032 1.000032 1.000032 1.000032 1.000032 1.000032 1.000032 1.000032 1.000032 1.000032 1.000032 1.000032 1.000032 1.000032 1.000032 1.000032 1.000032 1.000032 1.000032 1.000032 1.000032 1.000032 1.000032 1.000032 1.000032 1.000032 1.000032 1.000032 1.000032 1.000032 1.000032 1.000032 1.000032 1.000032 1.000032 1.000032 1.000032 1.000032 1.000032 1.000032 1.000032 1.000032 1.000032 1.000032 1.000032 1.000032 1.000032 1.000032 1.000032 1.000032 1.000032 1.000032 1.000032 1.000032 1.000032 1.000032 1.000032 1.000032 1.000032 1.000032 1.000032 1.000032 1.000032 1.000032 1.000032 1.000032 1.000032 1.000032 1.000032 1.000032 1.000032 1.000032 1.000032 1.000032 1.000032 1.000032 1.000032 1.000032 1.000032 1.000032 1.000032 1.000032 1.000032 1.000032 1.000032 1.000032 1.000032 1.000032 1.000032 1.000032 1.000032 1.000032 1.000032 1.000032 1.000032 1.000032 1.000032 1.000032 1.000032 1.000032 1.000032 1.000032 1.000032 1.000032 1.000032 1.000032 1.000032 1.000032 1.000032 1.000032 1.000032 1.000032 1.000032 1.000032 1.000032 1.000000
1.000000 1.000032 1.000032 1.000032 1.000032 1.000032 1.000032 1.000032 1.000032 1.000032 1.000032 1.000032 1.000032 1.000032 1.000032 1.000032 1.000032 1.000032 1.000032 1.000032 1.000032 1.000032 1.000032 1.000032 1.000032 1.000032 1.000032 1.000032 1.000032 1.000032 1.000032 1.000032 1.000032 1.000032 1.000032 1.000032 1.000032 1.000032 1.000032 1.000032 1.000032 1.000032 1.000032 1.000032 1.000032 1.000032 1.000032 1.000032 1.000032 1.000032 1.000032 1.000032 1.000032 1.000032 1.000032 1.000032 1.000032 1.000032 1.000032 1.000032 1.000032 1.000032 1.000032 1.000032 1.000032 1.000032 1.000032 1.000032 1.000032 1.000032 1.000032 1.000032 1.000032 1.000032 1.000032 1.000032 1.000032 1.000032 1.000032 1.000032 1.000032 1.000032 1.000032 1.000032 1.000032 1.000032 1.000032 1.000032 1.000032 1.000032 1.000032 1.000032 1.000032 1.000032 1.000032 1.000032 1.000032 1.000032 1.000032 1.000032 1.000032 1.000032 1.000032 1.000032 1.000032 1.000032 1.000032 1.000032 1.000032 1.000032 1.000032 1.000032 1.000032 1.000032 1.000032 1.000032 1.000032 1.000032 1.000032 1.000032 1.000032 1.000032 1.000032 1.000032 1.000032 1.000032 1.000032 1.000032 1.000032 1.000032 1.000032 1.000032 1.000032 1.000032 1.000032 1.000032 1.000032 1.000032 1.000032 1.000032 1.000032 1.000032 1.000032 1.000032 1.000032 1.000032 1.000032 1.000032 1.000032 1.000032 1.000032 1.000032 1.000032 1.000032 1.000032 1.000032 1.000032 1.000032 1.000032 1.000032 1.000032 1.000032 1.000032 1.000032 1.000032 1.000032 1.000032 1.000032 1.000032 1.000032 1.000032 1.000032 1.000032 1.000032 1.000032 1.000032 1.000032 1.000032 1.000032 1.000032 1.000032 1.000032 1.000032 1.000032 1.000032 1.000032 1.000032 1.000032 1.000032 1.000032 1.000032 1.000032 1.000032 1.000032 1.000032 1.000032 1.000032 1.000032 1.000032 1.000032 1.000032 1.000000
1.000000 1.000032 1.000032 1.000032 1.000032 1.000032 1.000032 1.000032 1.000032 1.000032 1.000032 1.000032 1.000032 1.000032 1.000032 1.000032 1.000032 1.000032 1.000032 1.000032 1.000032 1.000032 1.000032 1.000032 1.000032 1.000032 1.000032 1.000032 1.000032 1.000032 1.000032 1.000032 1.000032 1.000032 1.000032 1.000032 1.000032 1.000032 1.000032 1.000032 1.000032 1.000032 1.000032 1.000032 1.000032 1.000032 1.000032 1.000032 1.000032 1.000032 1.000032 1.000032 1.000032 1.000032 1.000032 1.000032 1.000032 1.000032 1.000032 1.000032 1.000032 1.000032 1.000032 1.000032 1.000032 1.000032 1.000032 1.000032 1.000032 1.000032 1.000032 1.000032 1.000032 1.000032 1.000032 1.000032 1.000032 1.000032 1.000032 1.000032 1.000032 1.000032 1.000032 1.000032 1.000032 1.000032 1.000032 1.000032 1.000032 1.000032 1.000032 1.000032 1.000032 1.000032 1.000032 1.000032 1.000032 1.000032 1.000032 1.000032 1.000032 1.000032 1.000032 1.000032 1.000032 1.000032 1.000032 1.000032 1.000032 1.000032 1.000032 1.000032 1.000032 1.000032 1.000032 1.000032 1.000032 1.000032 1.000032 1.000032 1.000032 1.000032 1.000032 1.000032 1.000032 1.000032 1.000032 1.000032 1.000032 1.000032 1.000032 1.000032 1.000032 1.000032 1.000032 1.000032 1.000032 1.000032 1.000032 1.000032 1.000032 1.000032 1.000032 1.000032 1.000032 1.000032 1.000032 1.000032 1.000032 1.000032 1.000032 1.000032 1.000032 1.000032 1.000032 1.000032 1.000032 1.000032 1.000032 1.000032 1.000032 1.000032 1.000032 1.000032 1.000032 1.000032 1.000032 1.000032 1.000032 1.000032 1.000032 1.000032 1.000032 1.000032 1.000032 1.000032 1.000032 1.000032 1.000032 1.000032 1.000032 1.000032 1.000032 1.000032 1.000032 1.000032 1.000032 1.000032 1.000032 1.000032 1.000032 1.000032 1.000032 1.000032 1.000032 1.000032 1.000032 1.000032 1.000032 1.000032 1.000032 1.000000
1.000000 1.000032 1.000032 1.000032 1.000032 1.000032 1.000032 1.000032 1.000032 1.000032 1.000032 1.000032 1.000032 1.000032 1.000032 1.000032 1.000032 1.000032 1.000032 1.000032 1.000032 1.000032 1.000032 1.000032 1.000032 1.000032 1.000032 1.000032 1.000032 1.000032 1.000032 1.000032 1.000032 1.000032 1.000032 1.000032 1.000032 1.000032 1.000032 1.000032 1.000032 1.000032 1.000032 1.000032 1.000032 1.000032 1.000032 1.000032 1.000032 1.000032 1.000032 1.000032 1.000032 1.000032 1.000032 1.000032 1.000032 1.000032 1.000032 1.000032 1.000032 1.000032 1.000032 1.000032 1.000032 1.000032 1.000032 1.000032 1.000032 1.000032 1.000032 1.000032 1.000032 1.000032 1.000032 1.000032 1.000032 1.000032 1.000032 1.000032 1.000032 1.000032 1.000032 1.000032 1.000032 1.000032 1.000032 1.000032 1.000032 1.000032 1.000032 1.000032 1.000032 1.000032 1.000032 1.000032 1.000032 1.000032 1.000032 1.000032 1.000032 1.000032 1.000032 1.000032 1.000032 1.000032 1.000032 1.000032 1.000032 1.000032 1.000032 1.000032 1.000032 1.000032 1.000032 1.000032 1.000032 1.000032 1.000032 1.000032 1.000032 1.000032 1.000032 1.000032 1.000032 1.000032 1.000032 1.000032 1.000032 1.000032 1.000032 1.000032 1.000032 1.000032 1.000032 1.000032 1.000032 1.000032 1.000032 1.000032 1.000032 1.000032 1.000032 1.000032 1.000032 1.000032 1.000032 1.000032 1.000032 1.000032 1.000032 1.000032 1.000032 1.000032 1.000032 1.000032 1.000032 1.000032 1.000032 1.000032 1.000032 1.000032 1.000032 1.000032 1.000032 1.000032 1.000032 1.000032 1.000032 1.000032 1.000032 1.000032 1.000032 1.000032 1.000032 1.000032 1.000032 1.000032 1.000032 1.000032 1.000032 1.000032 1.000032 1.000032 1.000032 1.000032 1.000032 1.000032 1.000032 1.000032 1.000032 1.000032 1.000032 1.000032 1.000032 1.000032 1.000032 1.000032 1.000032 1.000032 1.000032 1.000000
1.000000 1.000032 1.000032 1.000032 1.000032 1.000032 1.000032 1.000032 1.000032 1.000032 1.000032 1.000032 1.000032 1.000032 1.000032 1.000032 1.000032 1.000032 1.000032 1.000032 1.000032 1.000032 1.000032 1.000032 1.000032 1.000032 1.000032 1.000032 1.000032 1.000032 1.000032 1.000032 1.000032 1.000032 1.000032 1.000032 1.000032 1.000032 1.000032 1.000032 1.000032 1.000032 1.000032 1.000032 1.000032 1.000032 1.000032 1.000032 1.000032 1.000032 1.000032 1.000032 1.000032 1.000032 1.000032 1.000032 1.000032 1.000032 1.000032 1.000032 1.000032 1.000032 1.000032 1.000032 1.000032 1.000032 1.000032 1.000032 1.000032 1.000032 1.000032 1.000032 1.000032 1.000032 1.000032 1.000032 1.000032 1.000032 1.000032 1.000032 1.000032 1.000032 1.000032 1.000032 1.000032 1.000032 1.000032 1.000032 1.000032 1.000032 1.000032 1.000032 1.000032 1.000032 1.000032 1.000032 1.000032 1.000032 1.000032 1.000032 1.000032 1.000032 1.000032 1.000032 1.000032 1.000032 1.000032 1.000032 1.000032 1.000032 1.000032 1.000032 1.000032 1.000032 1.000032 1.000032 1.000032 1.000032 1.000032 1.000032 1.000032 1.000032 1.000032 1.000032 1.000032 1.000032 1.000032 1.000032 1.000032 1.000032 1.000032 1.000032 1.000032 1.000032 1.000032 1.000032 1.000032 1.000032 1.000032 1.000032 1.000032 1.000032 1.000032 1.000032 1.000032 1.000032 1.000032 1.000032 1.000032 1.000032 1.000032 1.000032 1.000032 1.000032 1.000032 1.000032 1.000032 1.000032 1.000032 1.000032 1.000032 1.000032 1.000032 1.000032 1.000032 1.000032 1.000032 1.000032 1.000032 1.000032 1.000032 1.000032 1.000032 1.000032 1.000032 1.000032 1.000032 1.000032 1.000032 1.000032 1.000032 1.000032 1.000032 1.000032 1.000032 1.000032 1.000032 1.000032 1.000032 1.000032 1.000032 1.000032 1.000032 1.000032 1.000032 1.000032 1.000032 1.000032 1.000032 1.000032 1.000032 1.000000
1.000000 1.000032 1.000032 1.000032 1.000032 1.000032 1.000032 1.000032 1.000032 1.000032 1.000032 1.000032 1.000032 1.000032 1.000032 1.000032 1.000032 1.000032 1.000032 1.000032 1.000032 1.000032 1.000032 1.000032 1.000032 1.000032 1.000032 1.000032 1.000032 1.000032 1.000032 1.000032 1.000032 1.000032 1.000032 1.000032 1.000032 1.000032 1.000032 1.000032 1.000032 1.000032 1.000032 1.000032 1.000032 1.000032 1.000032 1.000032 1.000032 1.000032 1.000032 1.000032 1.000032 1.000032 1.000032 1.000032 1.000032 1.000032 1.000032 1.000032 1.000032 1.000032 1.000032 1.000032 1.000032 1.000032 1.000032 1.000032 1.000032 1.000032 1.000032 1.000032 1.000032 1.000032 1.000032 1.000032 1.000032 1.000032 1.000032 1.000032 1.000032 1.000032 1.000032 1.000032 1.000032 1.000032 1.000032 1.000032 1.000032 1.000032 1.000032 1.000032 1.000032 1.000032 1.000032 1.000032 1.000032 1.000032 1.000032 1.000032 1.000032 1.000032 1.000032 1.000032 1.000032 1.000032 1.000032 1.000032 1.000032 1.000032 1.000032 1.000032 1.000032 1.000032 1.000032 1.000032 1.000032 1.000032 1.000032 1.000032 1.000032 1.000032 1.000032 1.000032 1.000032 1.000032 1.000032 1.000032 1.000032 1.000032 1.000032 1.000032 1.000032 1.000032 1.000032 1.000032 1.000032 1.000032 1.000032 1.000032 1.000032 1.000032 1.000032 1.000032 1.000032 1.000032 1.000032 1.000032 1.000032 1.000032 1.000032 1.000032 1.000032 1.000032 1.000032 1.000032 1.000032 1.000032 1.000032 1.000032 1.000032 1.000032 1.000032 1.000032 1.000032 1.000032 1.000032 1.000032 1.000032 1.000032 1.000032 1.000032 1.000032 1.000032 1.000032 1.000032 1.000032 1.000032 1.000032 1.000032 1.000032 1.000032 1.000032 1.000032 1.000032 1.000032 1.000032 1.000032 1.000032 1.000032 1.000032 1.000032 1.000032 1.000032 1.000032 1.000032 1.000032 1.000032 1.000032 1.000032 1.000032 1.000000
1.000000 1.000032 1.000032 1.000032 1.000032 1.000032 1.000032 1.000032 1.000032 1.000032 1.000032 1.000032 1.000032 1.000032 1.000032 1.000032 1.000032 1.000032 1.000032 1.000032 1.000032 1.000032 1.000032 1.000032 1.000032 1.000032 1.000032 1.000032 1.000032 1.000032 1.000032 1.000032 1.000032 1.000032 1.000032 1.000032 1.000032 1.000032 1.000032 1.000032 1.000032 1.000032 1.000032 1.000032 1.000032 1.000032 1.000032 1.000032 1.000032 1.000032 1.000032 1.000032 1.000032 1.000032 1.000032 1.000032 1.000032 1.000032 1.000032 1.000032 1.000032 1.000032 1.000032 1.000032 1.000032 1.000032 1.000032 1.000032 1.000032 1.000032 1.000032 1.000032 1.000032 1.000032 1.000032 1.000032 1.000032 1.000032 1.000032 1.000032 1.000032 1.000032 1.000032 1.000032 1.000032 1.000032 1.000032 1.000032 1.000032 1.000032 1.000032 1.000032 1.000032 1.000032 1.000032 1.000032 1.000032 1.000032 1.000032 1.000032 1.000032 1.000032 1.000032 1.000032 1.000032 1.000032 1.000032 1.000032 1.000032 1.000032 1.000032 1.000032 1.000032 1.000032 1.000032 1.000032 1.000032 1.000032 1.000032 1.000032 1.000032 1.000032 1.000032 1.000032 1.000032 1.000032 1.000032 1.000032 1.000032 1.000032 1.000032 1.000032 1.000032 1.000032 1.000032 1.000032 1.000032 1.000032 1.000032 1.000032 1.000032 1.000032 1.000032 1.000032 1.000032 1.000032 1.000032 1.000032 1.000032 1.000032 1.000032 1.000032 1.000032 1.000032 1.000032 1.000032 1.000032 1.000032 1.000032 1.000032 1.000032 1.000032 1.000032 1.000032 1.000032 1.000032 1.000032 1.000032 1.000032 1.000032 1.000032 1.000032 1.000032 1.000032 1.000032 1.000032 1.000032 1.000032 1.000032 1.000032 1.000032 1.000032 1.000032 1.000032 1.000032 1.000032 1.000032 1.000032 1.000032 1.000032 1.000032 1.000032 1.000032 1.000032 1.000032 1.000032 1.000032 1.000032 1.000032 1.000032 1.000032 1.000000
1.000000 1.000032 1.000032 1.000032 1.000032 1.000032 1.000032 1.000032 1.000032 1.000032 1.000032 1.000032 1.000032 1.000032 1.000032 1.000032 1.000032 1.000032 1.000032 1.000032 1.000032 1.000032 1.000032 1.000032 1.000032 1.000032 1.000032 1.000032 1.000032 1.000032 1.000032 1.000032 1.000032 1.000032 1.000032 1.000032 1.000032 1.000032 1.000032 1.000032 1.000032 1.000032 1.000032 1.000032 1.000032 1.000032 1.000032 1.000032 1.000032 1.000032 1.000032 1.000032 1.000032 1.000032 1.000032 1.000032 1.000032 1.000032 1.000032 1.000032 1.000032 1.000032 1.000032 1.000032 1.000032 1.000032 1.000032 1.000032 1.000032 1.000032 1.000032 1.000032 1.000032 1.000032 1.000032 1.000032 1.000032 1.000032 1.000032 1.000032 1.000032 1.000032 1.000032 1.000032 1.000032 1.000032 1.000032 1.000032 1.000032 1.000032 1.000032 1.000032 1.000032 1.000032 1.000032 1.000032 1.000032 1.000032 1.000032 1.000032 1.000032 1.000032 1.000032 1.000032 1.000032 1.000032 1.000032 1.000032 1.000032 1.000032 1.000032 1.000032 1.000032 1.000032 1.000032 1.000032 1.000032 1.000032 1.000032 1.000032 1.000032 1.000032 1.000032 1.000032 1.000032 1.000032 1.000032 1.000032 1.000032 1.000032 1.000032 1.000032 1.000032 1.000032 1.000032 1.000032 1.000032 1.000032 1.000032 1.000032 1.000032 1.000032 1.000032 1.000032 1.000032 1.000032 1.000032 1.000032 1.000032 1.000032 1.000032 1.000032 1.000032 1.000032 1.000032 1.000032 1.000032 1.000032 1.000032 1.000032 1.000032 1.000032 1.000032 1.000032 1.000032 1.000032 1.000032 1.000032 1.000032 1.000032 1.000032 1.000032 1.000032 1.000032 1.000032 1.000032 1.000032 1.000032 1.000032 1.000032 1.000032 1.000032 1.000032 1.000032 1.000032 1.000032 1.000032 1.000032 1.000032 1.000032 1.000032 1.000032 1.000032 1.000032 1.000032 1.000032 1.000032 1.000032 1.000032 1.000032 1.000032 1.000000
1.000000 1.000032 1.000032 1.000032 1.000032 1.000032 1.000032 1.000032 1.000032 1.000032 1.000032 1.000032 1.000032 1.000032 1.000032 1.000032 1.000032 1.000032 1.000032 1.000032 1.000032 1.000032 1.000032 1.000032 1.000032 1.000032 1.000032 1.000032 1.000032 1.000032 1.000032 1.000032 1.000032 1.000032 1.000032 1.000032 1.000032 1.000032 1.000032 1.000032 1.000032 1.000032 1.000032 1.000032 1.000032 1.000032 1.000032 1.000032 1.000032 1.000032 1.000032 1.000032 1.000032 1.000032 1.000032 1.000032 1.000032 1.000032 1.000032 1.000032 1.000032 1.000032 1.000032 1.000032 1.000032 1.000032 1.000032 1.000032 1.000032 1.000032 1.000032 1.000032 1.000032 1.000032 1.000032 1.000032 1.000032 1.000032 1.000032 1.000032 1.000032 1.000032 1.000032 1.000032 1.000032 1.000032 1.000032 1.000032 1.000032 1.000032 1.000032 1.000032 1.000032 1.000032 1.000032 1.000032 1.000032 1.000032 1.000032 1.000032 1.000032 1.000032 1.000032 1.000032 1.000032 1.000032 1.000032 1.000032 1.000032 1.000032 1.000032 1.000032 1.000032 1.000032 1.000032 1.000032 1.000032 1.000032 1.000032 1.000032 1.000032 1.000032 1.000032 1.000032 1.000032 1.000032 1.000032 1.000032 1.000032 1.000032 1.000032 1.000032 1.000032 1.000032 1.000032 1.000032 1.000032 1.000032 1.000032 1.000032 1.000032 1.000032 1.000032 1.000032 1.000032 1.000032 1.000032 1.000032 1.000032 1.000032 1.000032 1.000032 1.000032 1.000032 1.000032 1.000032 1.000032 1.000032 1.000032 1.000032 1.000032 1.000032 1.000032 1.000032 1.000032 1.000032 1.000032 1.000032 1.000032 1.000032 1.000032 1.000032 1.000032 1.000032 1.000032 1.000032 1.000032 1.000032 1.000032 1.000032 1.000032 1.000032 1.000032 1.000032 1.000032 1.000032 1.000032 1.000032 1.000032 1.000032 1.000032 1.000032 1.000032 1.000032 1.000032 1.000032 1.000032 1.000032 1.000032 1.000032 1.000032 1.000000
1.000000 1.000032 1.000032 1.000032 1.000032 1.000032 1.000032 1.000032 1.000032 1.000032 1.000032 1.000032 1.000032 1.000032 1.000032 1.000032 1.000032 1.000032 1.000032 1.000032 1.000032 1.000032 1.000032 1.000032 1.000032 1.000032 1.000032 1.000032 1.000032 1.000032 1.000032 1.000032 1.000032 1.000032 1.000032 1.000032 1.000032 1.000032 1.000032 1.000032 1.000032 1.000032 1.000032 1.000032 1.000032 1.000032 1.000032 1.000032 1.000032 1.000032 1.000032 1.000032 1.000032 1.000032 1.000032 1.000032 1.000032 1.000032 1.000032 1.000032 1.000032 1.000032 1.000032 1.000032 1.000032 1.000032 1.000032 1.000032 1.000032 1.000032 1.000032 1.000032 1.000032 1.000032 1.000032 1.000032 1.000032 1.000032 1.000032 1.000032 1.000032 1.000032 1.000032 1.000032 1.000032 1.000032 1.000032 1.000032 1.000032 1.000032 1.000032 1.000032 1.000032 1.000032 1.000032 1.000032 1.000032 1.000032 1.000032 1.000032 1.000032 1.000032 1.000032 1.000032 1.000032 1.000032 1.000032 1.000032 1.000032 1.000032 1.000032 1.000032 1.000032 1.000032 1.000032 1.000032 1.000032 1.000032 1.000032 1.000032 1.000032 1.000032 1.000032 1.000032 1.000032 1.000032 1.000032 1.000032 1.000032 1.000032 1.000032 1.000032 1.000032 1.000032 1.000032 1.000032 1.000032 1.000032 1.000032 1.000032 1.000032 1.000032 1.000032 1.000032 1.000032 1.000032 1.000032 1.000032 1.000032 1.000032 1.000032 1.000032 1.000032 1.000032 1.000032 1.000032 1.000032 1.000032 1.000032 1.000032 1.000032 1.000032 1.000032 1.000032 1.000032 1.000032 1.000032 1.000032 1.000032 1.000032 1.000032 1.000032 1.000032 1.000032 1.000032 1.000032 1.000032 1.000032 1.000032 1.000032 1.000032 1.000032 1.000032 1.000032 1.000032 1.000032 1.000032 1.000032 1.000032 1.000032 1.000032 1.000032 1.000032 1.000032 1.000032 1.000032 1.000032 1.000032 1.000032 1.000032 1.000032 1.000000
1.000000 1.000032 1.000032 1.000032 1.000032 1.000032 1.000032 1.000032 1.000032 1.000032 1.000032 1.000032 1.000032 1.000032 1.000032 1.000032 1.000032 1.000032 1.000032 1.000032 1.000032 1.000032 1.000032 1.000032 1.000032 1.000032 1.000032 1.000032 1.000032 1.000032 1.000032 1.000032 1.000032 1.000032 1.000032 1.000032 1.000032 1.000032 1.000032 1.000032 1.000032 1.000032 1.000032 1.000032 1.000032 1.000032 1.000032 1.000032 1.000032 1.000032 1.000032 1.000032 1.000032 1.000032 1.000032 1.000032 1.000032 1.000032 1.000032 1.000032 1.000032 1.000032 1.000032 1.000032 1.000032 1.000032 1.000032 1.000032 1.000032 1.000032 1.000032 1.000032 1.000032 1.000032 1.000032 1.000032 1.000032 1.000032 1.000032 1.000032 1.000032 1.000032 1.000032 1.000032 1.000032 1.000032 1.000032 1.000032 1.000032 1.000032 1.000032 1.000032 1.000032 1.000032 1.000032 1.000032 1.000032 1.000032 1.000032 1.000032 1.000032 1.000032 1.000032 1.000032 1.000032 1.000032 1.000032 1.000032 1.000032 1.000032 1.000032 1.000032 1.000032 1.000032 1.000032 1.000032 1.000032 1.000032 1.000032 1.000032 1.000032 1.000032 1.000032 1.000032 1.000032 1.000032 1.000032 1.000032 1.000032 1.000032 1.000032 1.000032 1.000032 1.000032 1.000032 1.000032 1.000032 1.000032 1.000032 1.000032 1.000032 1.000032 1.000032 1.000032 1.000032 1.000032 1.000032 1.000032 1.000032 1.000032 1.000032 1.000032 1.000032 1.000032 1.000032 1.000032 1.000032 1.000032 1.000032 1.000032 1.000032 1.000032 1.000032 1.000032 1.000032 1.000032 1.000032 1.000032 1.000032 1.000032 1.000032 1.000032 1.000032 1.000032 1.000032 1.000032 1.000032 1.000032 1.000032 1.000032 1.000032 1.000032 1.000032 1.000032 1.000032 1.000032 1.000032 1.000032 1.000032 1.000032 1.000032 1.000032 1.000032 1.000032 1.000032 1.000032 1.000032 1.000032 1.000032 1.000032 1.000032 1.000000
1.000000 1.000032 1.000032 1.000032 1.000032 1.000032 1.000032 1.000032 1.000032 1.000032 1.000032 1.000032 1.000032 1.000032 1.000032 1.000032 1.000032 1.000032 1.000032 1.000032 1.000032 1.000032 1.000032 1.000032 1.000032 1.000032 1.000032 1.000032 1.000032 1.000032 1.000032 1.000032 1.000032 1.000032 1.000032 1.000032 1.000032 1.000032 1.000032 1.000032 1.000032 1.000032 1.000032 1.000032 1.000032 1.000032 1.000032 1.000032 1.000032 1.000032 1.000032 1.000032 1.000032 1.000032 1.000032 1.000032 1.000032 1.000032 1.000032 1.000032 1.000032 1.000032 1.000032 1.000032 1.000032 1.000032 1.000032 1.000032 1.000032 1.000032 1.000032 1.000032 1.000032 1.000032 1.000032 1.000032 1.000032 1.000032 1.000032 1.000032 1.000032 1.000032 1.000032 1.000032 1.000032 1.000032 1.000032 1.000032 1.000032 1.000032 1.000032 1.000032 1.000032 1.000032 1.000032 1.000032 1.000032 1.000032 1.000032 1.000032 1.000032 1.000032 1.000032 1.000032 1.000032 1.000032 1.000032 1.000032 1.000032 1.000032 1.000032 1.000032 1.000032 1.000032 1.000032 1.000032 1.000032 1.000032 1.000032 1.000032 1.000032 1.000032 1.000032 1.000032 1.000032 1.000032 1.000032 1.000032 1.000032 1.000032 1.000032 1.000032 1.000032 1.000032 1.000032 1.000032 1.000032 1.000032 1.000032 1.000032 1.000032 1.000032 1.000032 1.000032 1.000032 1.000032 1.000032 1.000032 1.000032 1.000032 1.000032 1.000032 1.000032 1.000032 1.000032 1.000032 1.000032 1.000032 1.000032 1.000032 1.000032 1.000032 1.000032 1.000032 1.000032 1.000032 1.000032 1.000032 1.000032 1.000032 1.000032 1.000032 1.000032 1.000032 1.000032 1.000032 1.000032 1.000032 1.000032 1.000032 1.000032 1.000032 1.000032 1.000032 1.000032 1.000032 1.000032 1.000032 1.000032 1.000032 1.000032 1.000032 1.000032 1.000032 1.000032 1.000032 1.000032 1.000032 1.000032 1.000032 1.000032 1.000000
1.000000 1.000032 1.000032 1.000032 1.000032 1.000032 1.000032 1.000032 1.000032 1.000032 1.000032 1.000032 1.000032 1.000032 1.000032 1.000032 1.000032 1.000032 1.000032 1.000032 1.000032 1.000032 1.000032 1.000032 1.000032 1.000032 1.000032 1.000032 1.000032 1.000032 1.000032 1.000032 1.000032 1.000032 1.000032 1.000032 1.000032 1.000032 1.000032 1.000032 1.000032 1.000032 1.000032 1.000032 1.000032 1.000032 1.000032 1.000032 1.000032 1.000032 1.000032 1.000032 1.000032 1.000032 1.000032 1.000032 1.000032 1.000032 1.000032 1.000032 1.000032 1.000032 1.000032 1.000032 1.000032 1.000032 1.000032 1.000032 1.000032 1.000032 1.000032 1.000032 1.000032 1.000032 1.000032 1.000032 1.000032 1.000032 1.000032 1.000032 1.000032 1.000032 1.000032 1.000032 1.000032 1.000032 1.000032 1.000032 1.000032 1.000032 1.000032 1.000032 1.000032 1.000032 1.000032 1.000032 1.000032 1.000032 1.000032 1.000032 1.000032 1.000032 1.000032 1.000032 1.000032 1.000032 1.000032 1.000032 1.000032 1.000032 1.000032 1.000032 1.000032 1.000032 1.000032 1.000032 1.000032 1.000032 1.000032 1.000032 1.000032 1.000032 1.000032 1.000032 1.000032 1.000032 1.000032 1.000032 1.000032 1.000032 1.000032 1.000032 1.000032 1.000032 1.000032 1.000032 1.000032 1.000032 1.000032 1.000032 1.000032 1.000032 1.000032 1.000032 1.000032 1.000032 1.000032 1.000032 1.000032 1.000032 1.000032 1.000032 1.000032 1.000032 1.000032 1.000032 1.000032 1.000032 1.000032 1.000032 1.000032 1.000032 1.000032 1.000032 1.000032 1.000032 1.000032 1.000032 1.000032 1.000032 1.000032 1.000032 1.000032 1.000032 1.000032 1.000032 1.000032 1.000032 1.000032 1.000032 1.000032 1.000032 1.000032 1.000032 1.000032 1.000032 1.000032 1.000032 1.000032 1.000032 1.000032 1.000032 1.000032 1.000032 1.000032 1.000032 1.000032 1.000032 1.000032 1.000032 1.000032 1.000000
1.000000 1.000032 1.000032 1.000032 1.000032 1.000032 1.000032 1.000032 1.000032 1.000032 1.000032 1.000032 1.000032 1.000032 1.000032 1.000032 1.000032 1.000032 1.000032 1.000032 1.000032 1.000032 1.000032 1.000032 1.000032 1.000032 1.000032 1.000032 1.000032 1.000032 1.000032 1.000032 1.000032 1.000032 1.000032 1.000032 1.000032 1.000032 1.000032 1.000032 1.000032 1.000032 1.000032 1.000032 1.000032 1.000032 1.000032 1.000032 1.000032 1.000032 1.000032 1.000032 1.000032 1.000032 1.000032 1.000032 1.000032 1.000032 1.000032 1.000032 1.000032 1.000032 1.000032 1.000032 1.000032 1.000032 1.000032 1.000032 1.000032 1.000032 1.000032 1.000032 1.000032 1.000032 1.000032 1.000032 1.000032 1.000032 1.000032 1.000032 1.000032 1.000032 1.000032 1.000032 1.000032 1.000032 1.000032 1.000032 1.000032 1.000032 1.000032 1.000032 1.000032 1.000032 1.000032 1.000032 1.000032 1.000032 1.000032 1.000032 1.000032 1.000032 1.000032 1.000032 1.000032 1.000032 1.000032 1.000032 1.000032 1.000032 1.000032 1.000032 1.000032 1.000032 1.000032 1.000032 1.000032 1.000032 1.000032 1.000032 1.000032 1.000032 1.000032 1.000032 1.000032 1.000032 1.000032 1.000032 1.000032 1.000032 1.000032 1.000032 1.000032 1.000032 1.000032 1.000032 1.000032 1.000032 1.000032 1.000032 1.000032 1.000032 1.000032 1.000032 1.000032 1.000032 1.000032 1.000032 1.000032 1.000032 1.000032 1.000032 1.000032 1.000032 1.000032 1.000032 1.000032 1.000032 1.000032 1.000032 1.000032 1.000032 1.000032 1.000032 1.000032 1.000032 1.000032 1.000032 1.000032 1.000032 1.000032 1.000032 1.000032 1.000032 1.000032 1.000032 1.000032 1.000032 1.000032 1.000032 1.000032 1.000032 1.000032 1.000032 1.000032 1.000032 1.000032 1.000032 1.000032 1.000032 1.000032 1.000032 1.000032 1.000032 1.000032 1.000032 1.000032 1.000032 1.000032 1.000032 1.000032 1.000000
1.000000 1.000032 1.000032 1.000032 1.000032 1.000032 1.000032 1.000032 1.000032 1.000032 1.000032 1.000032 1.000032 1.000032 1.000032 1.000032 1.000032 1.000032 1.000032 1.000032 1.000032 1.000032 1.000032 1.000032 1.000032 1.000032 1.000032 1.000032 1.000032 1.000032 1.000032 1.000032 1.000032 1.000032 1.000032 1.000032 1.000032 1.000032 1.000032 1.000032 1.000032 1.000032 1.000032 1.000032 1.000032 1.000032 1.000032 1.000032 1.000032 1.000032 1.000032 1.000032 1.000032 1.000032 1.000032 1.000032 1.000032 1.000032 1.000032 1.000032 1.000032 1.000032 1.000032 1.000032 1.000032 1.000032 1.000032 1.000032 1.000032 1.000032 1.000032 1.000032 1.000032 1.000032 1.000032 1.000032 1.000032 1.000032 1.000032 1.000032 1.000032 1.000032 1.000032 1.000032 1.000032 1.000032 1.000032 1.000032 1.000032 1.000032 1.000032 1.000032 1.000032 1.000032 1.000032 1.000032 1.000032 1.000032 1.000032 1.000032 1.000032 1.000032 1.000032 1.000032 1.000032 1.000032 1.000032 1.000032 1.000032 1.000032 1.000032 1.000032 1.000032 1.000032 1.000032 1.000032 1.000032 1.000032 1.000032 1.000032 1.000032 1.000032 1.000032 1.000032 1.000032 1.000032 1.000032 1.000032 1.000032 1.000032 1.000032 1.000032 1.000032 1.000032 1.000032 1.000032 1.000032 1.000032 1.000032 1.000032 1.000032 1.000032 1.000032 1.000032 1.000032 1.000032 1.000032 1.000032 1.000032 1.000032 1.000032 1.000032 1.000032 1.000032 1.000032 1.000032 1.000032 1.000032 1.000032 1.000032 1.000032 1.000032 1.000032 1.000032 1.000032 1.000032 1.000032 1.000032 1.000032 1.000032 1.000032 1.000032 1.000032 1.000032 1.000032 1.000032 1.000032 1.000032 1.000032 1.000032 1.000032 1.000032 1.000032 1.000032 1.000032 1.000032 1.000032 1.000032 1.000032 1.000032 1.000032 1.000032 1.000032 1.000032 1.000032 1.000032 1.000032 1.000032 1.000032 1.000032 1.000032 1.000000
1.000000 1.000032 1.000032 1.000032 1.000032 1.000032 1.000032 1.000032 1.000032 1.000032 1.000032 1.000032 1.000032 1.000032 1.000032 1.000032 1.000032 1.000032 1.000032 1.000032 1.000032 1.000032 1.000032 1.000032 1.000032 1.000032 1.000032 1.000032 1.000032 1.000032 1.000032 1.000032 1.000032 1.000032 1.000032 1.000032 1.000032 1.000032 1.000032 1.000032 1.000032 1.000032 1.000032 1.000032 1.000032 1.000032 1.000032 1.000032 1.000032 1.000032 1.000032 1.000032 1.000032 1.000032 1.000032 1.000032 1.000032 1.000032 1.000032 1.000032 1.000032 1.000032 1.000032 1.000032 1.000032 1.000032 1.000032 1.000032 1.000032 1.000032 1.000032 1.000032 1.000032 1.000032 1.000032 1.000032 1.000032 1.000032 1.000032 1.000032 1.000032 1.000032 1.000032 1.000032 1.000032 1.000032 1.000032 1.000032 1.000032 1.000032 1.000032 1.000032 1.000032 1.000032 1.000032 1.000032 1.000032 1.000032 1.000032 1.000032 1.000032 1.000032 1.000032 1.000032 1.000032 1.000032 1.000032 1.000032 1.000032 1.000032 1.000032 1.000032 1.000032 1.000032 1.000032 1.000032 1.000032 1.000032 1.000032 1.000032 1.000032 1.000032 1.000032 1.000032 1.000032 1.000032 1.000032 1.000032 1.000032 1.000032 1.000032 1.000032 1.000032 1.000032 1.000032 1.000032 1.000032 1.000032 1.000032 1.000032 1.000032 1.000032 1.000032 1.000032 1.000032 1.000032 1.000032 1.000032 1.000032 1.000032 1.000032 1.000032 1.000032 1.000032 1.000032 1.000032 1.000032 1.000032 1.000032 1.000032 1.000032 1.000032 1.000032 1.000032 1.000032 1.000032 1.000032 1.000032 1.000032 1.000032 1.000032 1.000032 1.000032 1.000032 1.000032 1.000032 1.000032 1.000032 1.000032 1.000032 1.000032 1.000032 1.000032 1.000032 1.000032 1.000032 1.000032 1.000032 1.000032 1.000032 1.000032 1.000032 1.000032 1.000032 1.000032 1.000032 1.000032 1.000032 1.000032 1.000032 1.000032 1.000000
1.000000 1.000032 1.000032 1.000032 1.000032 1.000032 1.000032 1.000032 1.000032 1.000032 1.000032 1.000032 1.000032 1.000032 1.000032 1.000032 1.000032 1.000032 1.000032 1.000032 1.000032 1.000032 1.000032 1.000032 1.000032 1.000032 1.000032 1.000032 1.000032 1.000032 1.000032 1.000032 1.000032 1.000032 1.000032 1.000032 1.000032 1.000032 1.000032 1.000032 1.000032 1.000032 1.000032 1.000032 1.000032 1.000032 1.000032 1.000032 1.000032 1.000032 1.000032 1.000032 1.000032 1.000032 1.000032 1.000032 1.000032 1.000032 1.000032 1.000032 1.000032 1.000032 1.000032 1.000032 1.000032 1.000032 1.000032 1.000032 1.000032 1.000032 1.000032 1.000032 1.000032 1.000032 1.000032 1.000032 1.000032 1.000032 1.000032 1.000032 1.000032 1.000032 1.000032 1.000032 1.000032 1.000032 1.000032 1.000032 1.000032 1.000032 1.000032 1.000032 1.000032 1.000032 1.000032 1.000032 1.000032 1.000032 1.000032 1.000032 1.000032 1.000032 1.000032 1.000032 1.000032 1.000032 1.000032 1.000032 1.000032 1.000032 1.000032 1.000032 1.000032 1.000032 1.000032 1.000032 1.000032 1.000032 1.000032 1.000032 1.000032 1.000032 1.000032 1.000032 1.000032 1.000032 1.000032 1.000032 1.000032 1.000032 1.000032 1.000032 1.000032 1.000032 1.000032 1.000032 1.000032 1.000032 1.000032 1.000032 1.000032 1.000032 1.000032 1.000032 1.000032 1.000032 1.000032 1.000032 1.000032 1.000032 1.000032 1.000032 1.000032 1.000032 1.000032 1.000032 1.000032 1.000032 1.000032 1.000032 1.000032 1.000032 1.000032 1.000032 1.000032 1.000032 1.000032 1.000032 1.000032 1.000032 1.000032 1.000032 1.000032 1.000032 1.000032 1.000032 1.000032 1.000032 1.000032 1.000032 1.000032 1.000032 1.000032 1.000032 1.000032 1.000032 1.000032 1.000032 1.000032 1.000032 1.000032 1.000032 1.000032 1.000032 1.000032 1.000032 1.000032 1.000032 1.000032 1.000032 1.000032 1.000000
1.000000 1.000032 1.000032 1.000032 1.000032 1.000032 1.000032 1.000032 1.000032 1.000032 1.000032 1.000032 1.000032 1.000032 1.000032 1.000032 1.000032 1.000032 1.000032 1.000032 1.000032 1.000032 1.000032 1.000032 1.000032 1.000032 1.000032 1.000032 1.000032 1.000032 1.000032 1.000032 1.000032 1.000032 1.000032 1.000032 1.000032 1.000032 1.000032 1.000032 1.000032 1.000032 1.000032 1.000032 1.000032 1.000032 1.000032 1.000032 1.000032 1.000032 1.000032 1.000032 1.000032 1.000032 1.000032 1.000032 1.000032 1.000032 1.000032 1.000032 1.000032 1.000032 1.000032 1.000032 1.000032 1.000032 1.000032 1.000032 1.000032 1.000032 1.000032 1.000032 1.000032 1.000032 1.000032 1.000032 1.000032 1.000032 1.000032 1.000032 1.000032 1.000032 1.000032 1.000032 1.000032 1.000032 1.000032 1.000032 1.000032 1.000032 1.000032 1.000032 1.000032 1.000032 1.000032 1.000032 1.000032 1.000032 1.000032 1.000032 1.000032 1.000032 1.000032 1.000032 1.000032 1.000032 1.000032 1.000032 1.000032 1.000032 1.000032 1.000032 1.000032 1.000032 1.000032 1.000032 1.000032 1.000032 1.000032 1.000032 1.000032 1.000032 1.000032 1.000032 1.000032 1.000032 1.000032 1.000032 1.000032 1.000032 1.000032 1.000032 1.000032 1.000032 1.000032 1.000032 1.000032 1.000032 1.000032 1.000032 1.000032 1.000032 1.000032 1.000032 1.000032 1.000032 1.000032 1.000032 1.000032 1.000032 1.000032 1.000032 1.000032 1.000032 1.000032 1.000032 1.000032 1.000032 1.000032 1.000032 1.000032 1.000032 1.000032 1.000032 1.000032 1.000032 1.000032 1.000032 1.000032 1.000032 1.000032 1.000032 1.000032 1.000032 1.000032 1.000032 1.000032 1.000032 1.000032 1.000032 1.000032 1.000032 1.000032 1.000032 1.000032 1.000032 1.000032 1.000032 1.000032 1.000032 1.000032 1.000032 1.000032 1.000032 1.000032 1.000032 1.000032 1.000032 1.000032 1.000032 1.000032 1.000000
1.000000 1.000032 1.000032 1.000032 1.000032 1.000032 1.000032 1.000032 1.000032 1.000032 1.000032 1.000032 1.000032 1.000032 1.000032 1.000032 1.000032 1.000032 1.000032 1.000032 1.000032 1.000032 1.000032 1.000032 1.000032 1.000032 1.000032 1.000032 1.000032 1.000032 1.000032 1.000032 1.000032 1.000032 1.000032 1.000032 1.000032 1.000032 1.000032 1.000032 1.000032 1.000032 1.000032 1.000032 1.000032 1.000032 1.000032 1.000032 1.000032 1.000032 1.000032 1.000032 1.000032 1.000032 1.000032 1.000032 1.000032 1.000032 1.000032 1.000032 1.000032 1.000032 1.000032 1.000032 1.000032 1.000032 1.000032 1.000032 1.000032 1.000032 1.000032 1.000032 1.000032 1.000032 1.000032 1.000032 1.000032 1.000032 1.000032 1.000032 1.000032 1.000032 1.000032 1.000032 1.000032 1.000032 1.000032 1.000032 1.000032 1.000032 1.000032 1.000032 1.000032 1.000032 1.000032 1.000032 1.000032 1.000032 1.000032 1.000032 1.000032 1.000032 1.000032 1.000032 1.000032 1.000032 1.000032 1.000032 1.000032 1.000032 1.000032 1.000032 1.000032 1.000032 1.000032 1.000032 1.000032 1.000032 1.000032 1.000032 1.000032 1.000032 1.000032 1.000032 1.000032 1.000032 1.000032 1.000032 1.000032 1.000032 1.000032 1.000032 1.000032 1.000032 1.000032 1.000032 1.000032 1.000032 1.000032 1.000032 1.000032 1.000032 1.000032 1.000032 1.000032 1.000032 1.000032 1.000032 1.000032 1.000032 1.000032 1.000032 1.000032 1.000032 1.000032 1.000032 1.000032 1.000032 1.000032 1.000032 1.000032 1.000032 1.000032 1.000032 1.000032 1.000032 1.000032 1.000032 1.000032 1.000032 1.000032 1.000032 1.000032 1.000032 1.000032 1.000032 1.000032 1.000032 1.000032 1.000032 1.000032 1.000032 1.000032 1.000032 1.000032 1.000032 1.000032 1.000032 1.000032 1.000032 1.000032 1.000032 1.000032 1.000032 1.000032 1.000032 1.000032 1.000032 1.000032 1.000032 1.000032 1.000000
1.000000 1.000032 1.000032 1.000032 1.000032 1.000032 1.000032 1.000032 1.000032 1.000032 1.000032 1.000032 1.000032 1.000032 1.000032 1.000032 1.000032 1.000032 1.000032 1.000032 1.000032 1.000032 1.000032 1.000032 1.000032 1.000032 1.000032 1.000032 1.000032 1.000032 1.000032 1.000032 1.000032 1.000032 1.000032 1.000032 1.000032 1.000032 1.000032 1.000032 1.000032 1.000032 1.000032 1.000032 1.000032 1.000032 1.000032 1.000032 1.000032 1.000032 1.000032 1.000032 1.000032 1.000032 1.000032 1.000032 1.000032 1.000032 1.000032 1.000032 1.000032 1.000032 1.000032 1.000032 1.000032 1.000032 1.000032 1.000032 1.000032 1.000032 1.000032 1.000032 1.000032 1.000032 1.000032 1.000032 1.000032 1.000032 1.000032 1.000032 1.000032 1.000032 1.000032 1.000032 1.000032 1.000032 1.000032 1.000032 1.000032 1.000032 1.000032 1.000032 1.000032 1.000032 1.000032 1.000032 1.000032 1.000032 1.000032 1.000032 1.000032 1.000032 1.000032 1.000032 1.000032 1.000032 1.000032 1.000032 1.000032 1.000032 1.000032 1.000032 1.000032 1.000032 1.000032 1.000032 1.000032 1.000032 1.000032 1.000032 1.000032 1.000032 1.000032 1.000032 1.000032 1.000032 1.000032 1.000032 1.000032 1.000032 1.000032 1.000032 1.000032 1.000032 1.000032 1.000032 1.000032 1.000032 1.000032 1.000032 1.000032 1.000032 1.000032 1.000032 1.000032 1.000032 1.000032 1.000032 1.000032 1.000032 1.000032 1.000032 1.000032 1.000032 1.000032 1.000032 1.000032 1.000032 1.000032 1.000032 1.000032 1.000032 1.000032 1.000032 1.000032 1.000032 1.000032 1.000032 1.000032 1.000032 1.000032 1.000032 1.000032 1.000032 1.000032 1.000032 1.000032 1.000032 1.000032 1.000032 1.000032 1.000032 1.000032 1.000032 1.000032 1.000032 1.000032 1.000032 1.000032 1.000032 1.000032 1.000032 1.000032 1.000032 1.000032 1.000032 1.000032 1.000032 1.000032 1.000032 1.000032 1.000000
1.000000 1.000032 1.000032 1.000032 1.000032 1.000032 1.000032 1.000032 1.000032 1.000032 1.000032 1.000032 1.000032 1.000032 1.000032 1.000032 1.000032 1.000032 1.000032 1.000032 1.000032 1.000032 1.000032 1.000032 1.000032 1.000032 1.000032 1.000032 1.000032 1.000032 1.000032 1.000032 1.000032 1.000032 1.000032 1.000032 1.000032 1.000032 1.000032 1.000032 1.000032 1.000032 1.000032 1.000032 1.000032 1.000032 1.000032 1.000032 1.000032 1.000032 1.000032 1.000032 1.000032 1.000032 1.000032 1.000032 1.000032 1.000032 1.000032 1.000032 1.000032 1.000032 1.000032 1.000032 1.000032 1.000032 1.000032 1.000032 1.000032 1.000032 1.000032 1.000032 1.000032 1.000032 1.000032 1.000032 1.000032 1.000032 1.000032 1.000032 1.000032 1.000032 1.000032 1.000032 1.000032 1.000032 1.000032 1.000032 1.000032 1.000032 1.000032 1.000032 1.000032 1.000032 1.000032 1.000032 1.000032 1.000032 1.000032 1.000032 1.000032 1.000032 1.000032 1.000032 1.000032 1.000032 1.000032 1.000032 1.000032 1.000032 1.000032 1.000032 1.000032 1.000032 1.000032 1.000032 1.000032 1.000032 1.000032 1.000032 1.000032 1.000032 1.000032 1.000032 1.000032 1.000032 1.000032 1.000032 1.000032 1.000032 1.000032 1.000032 1.000032 1.000032 1.000032 1.000032 1.000032 1.000032 1.000032 1.000032 1.000032 1.000032 1.000032 1.000032 1.000032 1.000032 1.000032 1.000032 1.000032 1.000032 1.000032 1.000032 1.000032 1.000032 1.000032 1.000032 1.000032 1.000032 1.000032 1.000032 1.000032 1.000032 1.000032 1.000032 1.000032 1.000032 1.000032 1.000032 1.000032 1.000032 1.000032 1.000032 1.000032 1.000032 1.000032 1.000032 1.000032 1.000032 1.000032 1.000032 1.000032 1.000032 1.000032 1.000032 1.000032 1.000032 1.000032 1.000032 1.000032 1.000032 1.000032 1.000032 1.000032 1.000032 1.000032 1.000032 1.000032 1.000032 1.000032 1.000032 1.000032 1.000000
1.000000 1.000032 1.000032 1.000032 1.000032 1.000032 1.000032 1.000032 1.000032 1.000032 1.000032 1.000032 1.000032 1.000032 1.000032 1.000032 1.000032 1.000032 1.000032 1.000032 1.000032 1.000032 1.000032 1.000032 1.000032 1.000032 1.000032 1.000032 1.000032 1.000032 1.000032 1.000032 1.000032 1.000032 1.000032 1.000032 1.000032 1.000032 1.000032 1.000032 1.000032 1.000032 1.000032 1.000032 1.000032 1.000032 1.000032 1.000032 1.000032 1.000032 1.000032 1.000032 1.000032 1.000032 1.000032 1.000032 1.000032 1.000032 1.000032 1.000032 1.000032 1.000032 1.000032 1.000032 1.000032 1.000032 1.000032 1.000032 1.000032 1.000032 1.000032 1.000032 1.000032 1.000032 1.000032 1.000032 1.000032 1.000032 1.000032 1.000032 1.000032 1.000032 1.000032 1.000032 1.000032 1.000032 1.000032 1.000032 1.000032 1.000032 1.000032 1.000032 1.000032 1.000032 1.000032 1.000032 1.000032 1.000032 1.000032 1.000032 1.000032 1.000032 1.000032 1.000032 1.000032 1.000032 1.000032 1.000032 1.000032 1.000032 1.000032 1.000032 1.000032 1.000032 1.000032 1.000032 1.000032 1.000032 1.000032 1.000032 1.000032 1.000032 1.000032 1.000032 1.000032 1.000032 1.000032 1.000032 1.000032 1.000032 1.000032 1.000032 1.000032 1.000032 1.000032 1.000032 1.000032 1.000032 1.000032 1.000032 1.000032 1.000032 1.000032 1.000032 1.000032 1.000032 1.000032 1.000032 1.000032 1.000032 1.000032 1.000032 1.000032 1.000032 1.000032 1.000032 1.000032 1.000032 1.000032 1.000032 1.000032 1.000032 1.000032 1.000032 1.000032 1.000032 1.000032 1.000032 1.000032 1.000032 1.000032 1.000032 1.000032 1.000032 1.000032 1.000032 1.000032 1.000032 1.000032 1.000032 1.000032 1.000032 1.000032 1.000032 1.000032 1.000032 1.000032 1.000032 1.000032 1.000032 1.000032 1.000032 1.000032 1.000032 1.000032 1.000032 1.000032 1.000032 1.000032 1.000032 1.000032 1.000000
1.000000 1.000032 1.000032 1.000032 1.000032 1.000032 1.000032 1.000032 1.000032 1.000032 1.000032 1.000032 1.000032 1.000032 1.000032 1.000032 1.000032 1.000032 1.000032 1.000032 1.000032 1.000032 1.000032 1.000032 1.000032 1.000032 1.000032 1.000032 1.000032 1.000032 1.000032 1.000032 1.000032 1.000032 1.000032 1.000032 1.000032 1.000032 1.000032 1.000032 1.000032 1.000032 1.000032 1.000032 1.000032 1.000032 1.000032 1.000032 1.000032 1.000032 1.000032 1.000032 1.000032 1.000032 1.000032 1.000032 1.000032 1.000032 1.000032 1.000032 1.000032 1.000032 1.000032 1.000032 1.000032 1.000032 1.000032 1.000032 1.000032 1.000032 1.000032 1.000032 1.000032 1.000032 1.000032 1.000032 1.000032 1.000032 1.000032 1.000032 1.000032 1.000032 1.000032 1.000032 1.000032 1.000032 1.000032 1.000032 1.000032 1.000032 1.000032 1.000032 1.000032 1.000032 1.000032 1.000032 1.000032 1.000032 1.000032 1.000032 1.000032 1.000032 1.000032 1.000032 1.000032 1.000032 1.000032 1.000032 1.000032 1.000032 1.000032 1.000032 1.000032 1.000032 1.000032 1.000032 1.000032 1.000032 1.000032 1.000032 1.000032 1.000032 1.000032 1.000032 1.000032 1.000032 1.000032 1.000032 1.000032 1.000032 1.000032 1.000032 1.000032 1.000032 1.000032 1.000032 1.000032 1.000032 1.000032 1.000032 1.000032 1.000032 1.000032 1.000032 1.000032 1.000032 1.000032 1.000032 1.000032 1.000032 1.000032 1.000032 1.000032 1.000032 1.000032 1.000032 1.000032 1.000032 1.000032 1.000032 1.000032 1.000032 1.000032 1.000032 1.000032 1.000032 1.000032 1.000032 1.000032 1.000032 1.000032 1.000032 1.000032 1.000032 1.000032 1.000032 1.000032 1.000032 1.000032 1.000032 1.000032 1.000032 1.000032 1.000032 1.000032 1.000032 1.000032 1.000032 1.000032 1.000032 1.000032 1.000032 1.000032 1.000032 1.000032 1.000032 1.000032 1.000032 1.000032 1.000032 1.000032 1.000000
1.000000 1.000032 1.000032 1.000032 1.000032 1.000032 1.000032 1.000032 1.000032 1.000032 1.000032 1.000032 1.000032 1.000032 1.000032 1.000032 1.000032 1.000032 1.000032 1.000032 1.000032 1.000032 1.000032 1.000032 1.000032 1.000032 1.000032 1.000032 1.000032 1.000032 1.000032 1.000032 1.000032 1.000032 1.000032 1.000032 1.000032 1.000032 1.000032 1.000032 1.000032 1.000032 1.000032 1.000032 1.000032 1.000032 1.000032 1.000032 1.000032 1.000032 1.000032 1.000032 1.000032 1.000032 1.000032 1.000032 1.000032 1.000032 1.000032 1.000032 1.000032 1.000032 1.000032 1.000032 1.000032 1.000032 1.000032 1.000032 1.000032 1.000032 1.000032 1.000032 1.000032 1.000032 1.000032 1.000032 1.000032 1.000032 1.000032 1.000032 1.000032 1.000032 1.000032 1.000032 1.000032 1.000032 1.000032 1.000032 1.000032 1.000032 1.000032 1.000032 1.000032 1.000032 1.000032 1.000032 1.000032 1.000032 1.000032 1.000032 1.000032 1.000032 1.000032 1.000032 1.000032 1.000032 1.000032 1.000032 1.000032 1.000032 1.000032 1.000032 1.000032 1.000032 1.000032 1.000032 1.000032 1.000032 1.000032 1.000032 1.000032 1.000032 1.000032 1.000032 1.000032 1.000032 1.000032 1.000032 1.000032 1.000032 1.000032 1.000032 1.000032 1.000032 1.000032 1.000032 1.000032 1.000032 1.000032 1.000032 1.000032 1.000032 1.000032 1.000032 1.000032 1.000032 1.000032 1.000032 1.000032 1.000032 1.000032 1.000032 1.000032 1.000032 1.000032 1.000032 1.000032 1.000032 1.000032 1.000032 1.000032 1.000032 1.000032 1.000032 1.000032 1.000032 1.000032 1.000032 1.000032 1.000032 1.000032 1.000032 1.000032 1.000032 1.000032 1.000032 1.000032 1.000032 1.000032 1.000032 1.000032 1.000032 1.000032 1.000032 1.000032 1.000032 1.000032 1.000032 1.000032 1.000032 1.000032 1.000032 1.000032 1.000032 1.000032 1.000032 1.000032 1.000032 1.000032 1.000032 1.000032 1.000000
1.000000 1.000032 1.000032 1.000032 1.000032 1.000032 1.000032 1.000032 1.000032 1.000032 1.000032 1.000032 1.000032 1.000032 1.000032 1.000032 1.000032 1.000032 1.000032 1.000032 1.000032 1.000032 1.000032 1.000032 1.000032 1.000032 1.000032 1.000032 1.000032 1.000032 1.000032 1.000032 1.000032 1.000032 1.000032 1.000032 1.000032 1.000032 1.000032 1.000032 1.000032 1.000032 1.000032 1.000032 1.000032 1.000032 1.000032 1.000032 1.000032 1.000032 1.000032 1.000032 1.000032 1.000032 1.000032 1.000032 1.000032 1.000032 1.000032 1.000032 1.000032 1.000032 1.000032 1.000032 1.000032 1.000032 1.000032 1.000032 1.000032 1.000032 1.000032 1.000032 1.000032 1.000032 1.000032 1.000032 1.000032 1.000032 1.000032 1.000032 1.000032 1.000032 1.000032 1.000032 1.000032 1.000032 1.000032 1.000032 1.000032 1.000032 1.000032 1.000032 1.000032 1.000032 1.000032 1.000032 1.000032 1.000032 1.000032 1.000032 1.000032 1.000032 1.000032 1.000032 1.000032 1.000032 1.000032 1.000032 1.000032 1.000032 1.000032 1.000032 1.000032 1.000032 1.000032 1.000032 1.000032 1.000032 1.000032 1.000032 1.000032 1.000032 1.000032 1.000032 1.000032 1.000032 1.000032 1.000032 1.000032 1.000032 1.000032 1.000032 1.000032 1.000032 1.000032 1.000032 1.000032 1.000032 1.000032 1.000032 1.000032 1.000032 1.000032 1.000032 1.000032 1.000032 1.000032 1.000032 1.000032 1.000032 1.000032 1.000032 1.000032 1.000032 1.000032 1.000032 1.000032 1.000032 1.000032 1.000032 1.000032 1.000032 1.000032 1.000032 1.000032 1.000032 1.000032 1.000032 1.000032 1.000032 1.000032 1.000032 1.000032 1.000032 1.000032 1.000032 1.000032 1.000032 1.000032 1.000032 1.000032 1.000032 1.000032 1.000032 1.000032 1.000032 1.000032 1.000032 1.000032 1.000032 1.000032 1.000032 1.000032 1.000032 1.000032 1.000032 1.000032 1.000032 1.000032 1.000032 1.000032 1.000000
1.000000 1.000032 1.000032 1.000032 1.000032 1.000032 1.000032 1.000032 1.000032 1.000032 1.000032 1.000032 1.000032 1.000032 1.000032 1.000032 1.000032 1.000032 1.000032 1.000032 1.000032 1.000032 1.000032 1.000032 1.000032 1.000032 1.000032 1.000032 1.000032 1.000032 1.000032 1.000032 1.000032 1.000032 1.000032 1.000032 1.000032 1.000032 1.000032 1.000032 1.000032 1.000032 1.000032 1.000032 1.000032 1.000032 1.000032 1.000032 1.000032 1.000032 1.000032 1.000032 1.000032 1.000032 1.000032 1.000032 1.000032 1.000032 1.000032 1.000032 1.000032 1.000032 1.000032 1.000032 1.000032 1.000032 1.000032 1.000032 1.000032 1.000032 1.000032 1.000032 1.000032 1.000032 1.000032 1.000032 1.000032 1.000032 1.000032 1.000032 1.000032 1.000032 1.000032 1.000032 1.000032 1.000032 1.000032 1.000032 1.000032 1.000032 1.000032 1.000032 1.000032 1.000032 1.000032 1.000032 1.000032 1.000032 1.000032 1.000032 1.000032 1.000032 1.000032 1.000032 1.000032 1.000032 1.000032 1.000032 1.000032 1.000032 1.000032 1.000032 1.000032 1.000032 1.000032 1.000032 1.000032 1.000032 1.000032 1.000032 1.000032 1.000032 1.000032 1.000032 1.000032 1.000032 1.000032 1.000032 1.000032 1.000032 1.000032 1.000032 1.000032 1.000032 1.000032 1.000032 1.000032 1.000032 1.000032 1.000032 1.000032 1.000032 1.000032 1.000032 1.000032 1.000032 1.000032 1.000032 1.000032 1.000032 1.000032 1.000032 1.000032 1.000032 1.000032 1.000032 1.000032 1.000032 1.000032 1.000032 1.000032 1.000032 1.000032 1.000032 1.000032 1.000032 1.000032 1.000032 1.000032 1.000032 1.000032 1.000032 1.000032 1.000032 1.000032 1.000032 1.000032 1.000032 1.000032 1.000032 1.000032 1.000032 1.000032 1.000032 1.000032 1.000032 1.000032 1.000032 1.000032 1.000032 1.000032 1.000032 1.000032 1.000032 1.000032 1.000032 1.000032 1.000032 1.000032 1.000032 1.000032 1.000000
1.000000 1.000032 1.000032 1.000032 1.000032 1.000032 1.000032 1.000032 1.000032 1.000032 1.000032 1.000032 1.000032 1.000032 1.000032 1.000032 1.000032 1.000032 1.000032 1.000032 1.000032 1.000032 1.000032 1.000032 1.000032 1.000032 1.000032 1.000032 1.000032 1.000032 1.000032 1.000032 1.000032 1.000032 1.000032 1.000032 1.000032 1.000032 1.000032 1.000032 1.000032 1.000032 1.000032 1.000032 1.000032 1.000032 1.000032 1.000032 1.000032 1.000032 1.000032 1.000032 1.000032 1.000032 1.000032 1.000032 1.000032 1.000032 1.000032 1.000032 1.000032 1.000032 1.000032 1.000032 1.000032 1.000032 1.000032 1.000032 1.000032 1.000032 1.000032 1.000032 1.000032 1.000032 1.000032 1.000032 1.000032 1.000032 1.000032 1.000032 1.000032 1.000032 1.000032 1.000032 1.000032 1.000032 1.000032 1.000032 1.000032 1.000032 1.000032 1.000032 1.000032 1.000032 1.000032 1.000032 1.000032 1.000032 1.000032 1.000032 1.000032 1.000032 1.000032 1.000032 1.000032 1.000032 1.000032 1.000032 1.000032 1.000032 1.000032 1.000032 1.000032 1.000032 1.000032 1.000032 1.000032 1.000032 1.000032 1.000032 1.000032 1.000032 1.000032 1.000032 1.000032 1.000032 1.000032 1.000032 1.000032 1.000032 1.000032 1.000032 1.000032 1.000032 1.000032 1.000032 1.000032 1.000032 1.000032 1.000032 1.000032 1.000032 1.000032 1.000032 1.000032 1.000032 1.000032 1.000032 1.000032 1.000032 1.000032 1.000032 1.000032 1.000032 1.000032 1.000032 1.000032 1.000032 1.000032 1.000032 1.000032 1.000032 1.000032 1.000032 1.000032 1.000032 1.000032 1.000032 1.000032 1.000032 1.000032 1.000032 1.000032 1.000032 1.000032 1.000032 1.000032 1.000032 1.000032 1.000032 1.000032 1.000032 1.000032 1.000032 1.000032 1.000032 1.000032 1.000032 1.000032 1.000032 1.000032 1.000032 1.000032 1.000032 1.000032 1.000032 1.000032 1.000032 1.000032 1.000032 1.000032 1.000000
1.000000 1.000032 1.000032 1.000032 1.000032 1.000032 1.000032 1.000032 1.000032 1.000032 1.000032 1.000032 1.000032 1.000032 1.000032 1.000032 1.000032 1.000032 1.000032 1.000032 1.000032 1.000032 1.000032 1.000032 1.000032 1.000032 1.000032 1.000032 1.000032 1.000032 1.000032 1.000032 1.000032 1.000032 1.000032 1.000032 1.000032 1.000032 1.000032 1.000032 1.000032 1.000032 1.000032 1.000032 1.000032 1.000032 1.000032 1.000032 1.000032 1.000032 1.000032 1.000032 1.000032 1.000032 1.000032 1.000032 1.000032 1.000032 1.000032 1.000032 1.000032 1.000032 1.000032 1.000032 1.000032 1.000032 1.000032 1.000032 1.000032 1.000032 1.000032 1.000032 1.000032 1.000032 1.000032 1.000032 1.000032 1.000032 1.000032 1.000032 1.000032 1.000032 1.000032 1.000032 1.000032 1.000032 1.000032 1.000032 1.000032 1.000032 1.000032 1.000032 1.000032 1.000032 1.000032 1.000032 1.000032 1.000032 1.000032 1.000032 1.000032 1.000032 1.000032 1.000032 1.000032 1.000032 1.000032 1.000032 1.000032 1.000032 1.000032 1.000032 1.000032 1.000032 1.000032 1.000032 1.000032 1.000032 1.000032 1.000032 1.000032 1.000032 1.000032 1.000032 1.000032 1.000032 1.000032 1.000032 1.000032 1.000032 1.000032 1.000032 1.000032 1.000032 1.000032 1.000032 1.000032 1.000032 1.000032 1.000032 1.000032 1.000032 1.000032 1.000032 1.000032 1.000032 1.000032 1.000032 1.000032 1.000032 1.000032 1.000032 1.000032 1.000032 1.000032 1.000032 1.000032 1.000032 1.000032 1.000032 1.000032 1.000032 1.000032 1.000032 1.000032 1.000032 1.000032 1.000032 1.000032 1.000032 1.000032 1.000032 1.000032 1.000032 1.000032 1.000032 1.000032 1.000032 1.000032 1.000032 1.000032 1.000032 1.000032 1.000032 1.000032 1.000032 1.000032 1.000032 1.000032 1.000032 1.000032 1.000032 1.000032 1.000032 1.000032 1.000032 1.000032 1.000032 1.000032 1.000032 1.000032 1.000000
1.000000 1.000032 1.000032 1.000032 1.000032 1.000032 1.000032 1.000032 1.000032 1.000032 1.000032 1.000032 1.000032 1.000032 1.000032 1.000032 1.000032 1.000032 1.000032 1.000032 1.000032 1.000032 1.000032 1.000032 1.000032 1.000032 1.000032 1.000032 1.000032 1.000032 1.000032 1.000032 1.000032 1.000032 1.000032 1.000032 1.000032 1.000032 1.000032 1.000032 1.000032 1.000032 1.000032 1.000032 1.000032 1.000032 1.000032 1.000032 1.000032 1.000032 1.000032 1.000032 1.000032 1.000032 1.000032 1.000032 1.000032 1.000032 1.000032 1.000032 1.000032 1.000032 1.000032 1.000032 1.000032 1.000032 1.000032 1.000032 1.000032 1.000032 1.000032 1.000032 1.000032 1.000032 1.000032 1.000032 1.000032 1.000032 1.000032 1.000032 1.000032 1.000032 1.000032 1.000032 1.000032 1.000032 1.000032 1.000032 1.000032 1.000032 1.000032 1.000032 1.000032 1.000032 1.000032 1.000032 1.000032 1.000032 1.000032 1.000032 1.000032 1.000032 1.000032 1.000032 1.000032 1.000032 1.000032 1.000032 1.000032 1.000032 1.000032 1.000032 1.000032 1.000032 1.000032 1.000032 1.000032 1.000032 1.000032 1.000032 1.000032 1.000032 1.000032 1.000032 1.000032 1.000032 1.000032 1.000032 1.000032 1.000032 1.000032 1.000032 1.000032 1.000032 1.000032 1.000032 1.000032 1.000032 1.000032 1.000032 1.000032 1.000032 1.000032 1.000032 1.000032 1.000032 1.000032 1.000032 1.000032 1.000032 1.000032 1.000032 1.000032 1.000032 1.000032 1.000032 1.000032 1.000032 1.000032 1.000032 1.000032 1.000032 1.000032 1.000032 1.000032 1.000032 1.000032 1.000032 1.000032 1.000032 1.000032 1.000032 1.000032 1.000032 1.000032 1.000032 1.000032 1.000032 1.000032 1.000032 1.000032 1.000032 1.000032 1.000032 1.000032 1.000032 1.000032 1.000032 1.000032 1.000032 1.000032 1.000032 1.000032 1.000032 1.000032 1.000032 1.000032 1.000032 1.000032 1.000032 1.000032 1.000000
1.000000 1.000032 1.000032 1.000032 1.000032 1.000032 1.000032 1.000032 1.000032 1.000032 1.000032 1.000032 1.000032 1.000032 1.000032 1.000032 1.000032 1.000032 1.000032 1.000032 1.000032 1.000032 1.000032 1.000032 1.000032 1.000032 1.000032 1.000032 1.000032 1.000032 1.000032 1.000032 1.000032 1.000032 1.000032 1.000032 1.000032 1.000032 1.000032 1.000032 1.000032 1.000032 1.000032 1.000032 1.000032 1.000032 1.000032 1.000032 1.000032 1.000032 1.000032 1.000032 1.000032 1.000032 1.000032 1.000032 1.000032 1.000032 1.000032 1.000032 1.000032 1.000032 1.000032 1.000032 1.000032 1.000032 1.000032 1.000032 1.000032 1.000032 1.000032 1.000032 1.000032 1.000032 1.000032 1.000032 1.000032 1.000032 1.000032 1.000032 1.000032 1.000032 1.000032 1.000032 1.000032 1.000032 1.000032 1.000032 1.000032 1.000032 1.000032 1.000032 1.000032 1.000032 1.000032 1.000032 1.000032 1.000032 1.000032 1.000032 1.000032 1.000032 1.000032 1.000032 1.000032 1.000032 1.000032 1.000032 1.000032 1.000032 1.000032 1.000032 1.000032 1.000032 1.000032 1.000032 1.000032 1.000032 1.000032 1.000032 1.000032 1.000032 1.000032 1.000032 1.000032 1.000032 1.000032 1.000032 1.000032 1.000032 1.000032 1.000032 1.000032 1.000032 1.000032 1.000032 1.000032 1.000032 1.000032 1.000032 1.000032 1.000032 1.000032 1.000032 1.000032 1.000032 1.000032 1.000032 1.000032 1.000032 1.000032 1.000032 1.000032 1.000032 1.000032 1.000032 1.000032 1.000032 1.000032 1.000032 1.000032 1.000032 1.000032 1.000032 1.000032 1.000032 1.000032 1.000032 1.000032 1.000032 1.000032 1.000032 1.000032 1.000032 1.000032 1.000032 1.000032 1.000032 1.000032 1.000032 1.000032 1.000032 1.000032 1.000032 1.000032 1.000032 1.000032 1.000032 1.000032 1.000032 1.000032 1.000032 1.000032 1.000032 1.000032 1.000032 1.000032 1.000032 1.000032 1.000032 1.000032 1.000000
1.000000 1.000032 1.000032 1.000032 1.000032 1.000032 1.000032 1.000032 1.000032 1.000032 1.000032 1.000032 1.000032 1.000032 1.000032 1.000032 1.000032 1.000032 1.000032 1.000032 1.000032 1.000032 1.000032 1.000032 1.000032 1.000032 1.000032 1.000032 1.000032 1.000032 1.000032 1.000032 1.000032 1.000032 1.000032 1.000032 1.000032 1.000032 1.000032 1.000032 1.000032 1.000032 1.000032 1.000032 1.000032 1.000032 1.000032 1.000032 1.000032 1.000032 1.000032 1.000032 1.000032 1.000032 1.000032 1.000032 1.000032 1.000032 1.000032 1.000032 1.000032 1.000032 1.000032 1.000032 1.000032 1.000032 1.000032 1.000032 1.000032 1.000032 1.000032 1.000032 1.000032 1.000032 1.000032 1.000032 1.000032 1.000032 1.000032 1.000032 1.000032 1.000032 1.000032 1.000032 1.000032 1.000032 1.000032 1.000032 1.000032 1.000032 1.000032 1.000032 1.000032 1.000032 1.000032 1.000032 1.000032 1.000032 1.000032 1.000032 1.000032 1.000032 1.000032 1.000032 1.000032 1.000032 1.000032 1.000032 1.000032 1.000032 1.000032 1.000032 1.000032 1.000032 1.000032 1.000032 1.000032 1.000032 1.000032 1.000032 1.000032 1.000032 1.000032 1.000032 1.000032 1.000032 1.000032 1.000032 1.000032 1.000032 1.000032 1.000032 1.000032 1.000032 1.000032 1.000032 1.000032 1.000032 1.000032 1.000032 1.000032 1.000032 1.000032 1.000032 1.000032 1.000032 1.000032 1.000032 1.000032 1.000032 1.000032 1.000032 1.000032 1.000032 1.000032 1.000032 1.000032 1.000032 1.000032 1.000032 1.000032 1.000032 1.000032 1.000032 1.000032 1.000032 1.000032 1.000032 1.000032 1.000032 1.000032 1.000032 1.000032 1.000032 1.000032 1.000032 1.000032 1.000032 1.000032 1.000032 1.000032 1.000032 1.000032 1.000032 1.000032 1.000032 1.000032 1.000032 1.000032 1.000032 1.000032 1.000032 1.000032 1.000032 1.000032 1.000032 1.000032 1.000032 1.000032 1.000032 1.000032 1.000000
1.000000 1.000032 1.000032 1.000032 1.000032 1.000032 1.000032 1.000032 1.000032 1.000032 1.000032 1.000032 1.000032 1.000032 1.000032 1.000032 1.000032 1.000032 1.000032 1.000032 1.000032 1.000032 1.000032 1.000032 1.000032 1.000032 1.000032 1.000032 1.000032 1.000032 1.000032 1.000032 1.000032 1.000032 1.000032 1.000032 1.000032 1.000032 1.000032 1.000032 1.000032 1.000032 1.000032 1.000032 1.000032 1.000032 1.000032 1.000032 1.000032 1.000032 1.000032 1.000032 1.000032 1.000032 1.000032 1.000032 1.000032 1.000032 1.000032 1.000032 1.000032 1.000032 1.000032 1.000032 1.000032 1.000032 1.000032 1.000032 1.000032 1.000032 1.000032 1.000032 1.000032 1.000032 1.000032 1.000032 1.000032 1.000032 1.000032 1.000032 1.000032 1.000032 1.000032 1.000032 1.000032 1.000032 1.000032 1.000032 1.000032 1.000032 1.000032 1.000032 1.000032 1.000032 1.000032 1.000032 1.000032 1.000032 1.000032 1.000032 1.000032 1.000032 1.000032 1.000032 1.000032 1.000032 1.000032 1.000032 1.000032 1.000032 1.000032 1.000032 1.000032 1.000032 1.000032 1.000032 1.000032 1.000032 1.000032 1.000032 1.000032 1.000032 1.000032 1.000032 1.000032 1.000032 1.000032 1.000032 1.000032 1.000032 1.000032 1.000032 1.000032 1.000032 1.000032 1.000032 1.000032 1.000032 1.000032 1.000032 1.000032 1.000032 1.000032 1.000032 1.000032 1.000032 1.000032 1.000032 1.000032 1.000032 1.000032 1.000032 1.000032 1.000032 1.000032 1.000032 1.000032 1.000032 1.000032 1.000032 1.000032 1.000032 1.000032 1.000032 1.000032 1.000032 1.000032 1.000032 1.000032 1.000032 1.000032 1.000032 1.000032 1.000032 1.000032 1.000032 1.000032 1.000032 1.000032 1.000032 1.000032 1.000032 1.000032 1.000032 1.000032 1.000032 1.000032 1.000032 1.000032 1.000032 1.000032 1.000032 1.000032 1.000032 1.000032 1.000032 1.000032 1.000032 1.000032 1.000032 1.000032 1.000000
1.000000 1.000032 1.000032 1.000032 1.000032 1.000032 1.000032 1.000032 1.000032 1.000032 1.000032 1.000032 1.000032 1.000032 1.000032 1.000032 1.000032 1.000032 1.000032 1.000032 1.000032 1.000032 1.000032 1.000032 1.000032 1.000032 1.000032 1.000032 1.000032 1.000032 1.000032 1.000032 1.000032 1.000032 1.000032 1.000032 1.000032 1.000032 1.000032 1.000032 1.000032 1.000032 1.000032 1.000032 1.000032 1.000032 1.000032 1.000032 1.000032 1.000032 1.000032 1.000032 1.000032 1.000032 1.000032 1.000032 1.000032 1.000032 1.000032 1.000032 1.000032 1.000032 1.000032 1.000032 1.000032 1.000032 1.000032 1.000032 1.000032 1.000032 1.000032 1.000032 1.000032 1.000032 1.000032 1.000032 1.000032 1.000032 1.000032 1.000032 1.000032 1.000032 1.000032 1.000032 1.000032 1.000032 1.000032 1.000032 1.000032 1.000032 1.000032 1.000032 1.000032 1.000032 1.000032 1.000032 1.000032 1.000032 1.000032 1.000032 1.000032 1.000032 1.000032 1.000032 1.000032 1.000032 1.000032 1.000032 1.000032 1.000032 1.000032 1.000032 1.000032 1.000032 1.000032 1.000032 1.000032 1.000032 1.000032 1.000032 1.000032 1.000032 1.000032 1.000032 1.000032 1.000032 1.000032 1.000032 1.000032 1.000032 1.000032 1.000032 1.000032 1.000032 1.000032 1.000032 1.000032 1.000032 1.000032 1.000032 1.000032 1.000032 1.000032 1.000032 1.000032 1.000032 1.000032 1.000032 1.000032 1.000032 1.000032 1.000032 1.000032 1.000032 1.000032 1.000032 1.000032 1.000032 1.000032 1.000032 1.000032 1.000032 1.000032 1.000032 1.000032 1.000032 1.000032 1.000032 1.000032 1.000032 1.000032 1.000032 1.000032 1.000032 1.000032 1.000032 1.000032 1.000032 1.000032 1.000032 1.000032 1.000032 1.000032 1.000032 1.000032 1.000032 1.000032 1.000032 1.000032 1.000032 1.000032 1.000032 1.000032 1.000032 1.000032 1.000032 1.000032 1.000032 1.000032 1.000032 1.000032 1.000000
1.000000 1.000032 1.000032 1.000032 1.000032 1.000032 1.000032 1.000032 1.000032 1.000032 1.000032 1.000032 1.000032 1.000032 1.000032 1.000032 1.000032 1.000032 1.000032 1.000032 1.000032 1.000032 1.000032 1.000032 1.000032 1.000032 1.000032 1.000032 1.000032 1.000032 1.000032 1.000032 1.000032 1.000032 1.000032 1.000032 1.000032 1.000032 1.000032 1.000032 1.000032 1.000032 1.000032 1.000032 1.000032 1.000032 1.000032 1.000032 1.000032 1.000032 1.000032 1.000032 1.000032 1.000032 1.000032 1.000032 1.000032 1.000032 1.000032 1.000032 1.000032 1.000032 1.000032 1.000032 1.000032 1.000032 1.000032 1.000032 1.000032 1.000032 1.000032 1.000032 1.000032 1.000032 1.000032 1.000032 1.000032 1.000032 1.000032 1.000032 1.000032 1.000032 1.000032 1.000032 1.000032 1.000032 1.000032 1.000032 1.000032 1.000032 1.000032 1.000032 1.000032 1.000032 1.000032 1.000032 1.000032 1.000032 1.000032 1.000032 1.000032 1.000032 1.000032 1.000032 1.000032 1.000032 1.000032 1.000032 1.000032 1.000032 1.000032 1.000032 1.000032 1.000032 1.000032 1.000032 1.000032 1.000032 1.000032 1.000032 1.000032 1.000032 1.000032 1.000032 1.000032 1.000032 1.000032 1.000032 1.000032 1.000032 1.000032 1.000032 1.000032 1.000032 1.000032 1.000032 1.000032 1.000032 1.000032 1.000032 1.000032 1.000032 1.000032 1.000032 1.000032 1.000032 1.000032 1.000032 1.000032 1.000032 1.000032 1.000032 1.000032 1.000032 1.000032 1.000032 1.000032 1.000032 1.000032 1.000032 1.000032 1.000032 1.000032 1.000032 1.000032 1.000032 1.000032 1.000032 1.000032 1.000032 1.000032 1.000032 1.000032 1.000032 1.000032 1.000032 1.000032 1.000032 1.000032 1.000032 1.000032 1.000032 1.000032 1.000032 1.000032 1.000032 1.000032 1.000032 1.000032 1.000032 1.000032 1.000032 1.000032 1.000032 1.000032 1.000032 1.000032 1.000032 1.000032 1.000032 1.000032 1.000000
1.000000 1.000032 1.000032 1.000032 1.000032 1.000032 1.000032 1.000032 1.000032 1.000032 1.000032 1.000032 1.000032 1.000032 1.000032 1.000032 1.000032 1.000032 1.000032 1.000032 1.000032 1.000032 1.000032 1.000032 1.000032 1.000032 1.000032 1.000032 1.000032 1.000032 1.000032 1.000032 1.000032 1.000032 1.000032 1.000032 1.000032 1.000032 1.000032 1.000032 1.000032 1.000032 1.000032 1.000032 1.000032 1.000032 1.000032 1.000032 1.000032 1.000032 1.000032 1.000032 1.000032 1.000032 1.000032 1.000032 1.000032 1.000032 1.000032 1.000032 1.000032 1.000032 1.000032 1.000032 1.000032 1.000032 1.000032 1.000032 1.000032 1.000032 1.000032 1.000032 1.000032 1.000032 1.000032 1.000032 1.000032 1.000032 1.000032 1.000032 1.000032 1.000032 1.000032 1.000032 1.000032 1.000032 1.000032 1.000032 1.000032 1.000032 1.000032 1.000032 1.000032 1.000032 1.000032 1.000032 1.000032 1.000032 1.000032 1.000032 1.000032 1.000032 1.000032 1.000032 1.000032 1.000032 1.000032 1.000032 1.000032 1.000032 1.000032 1.000032 1.000032 1.000032 1.000032 1.000032 1.000032 1.000032 1.000032 1.000032 1.000032 1.000032 1.000032 1.000032 1.000032 1.000032 1.000032 1.000032 1.000032 1.000032 1.000032 1.000032 1.000032 1.000032 1.000032 1.000032 1.000032 1.000032 1.000032 1.000032 1.000032 1.000032 1.000032 1.000032 1.000032 1.000032 1.000032 1.000032 1.000032 1.000032 1.000032 1.000032 1.000032 1.000032 1.000032 1.000032 1.000032 1.000032 1.000032 1.000032 1.000032 1.000032 1.000032 1.000032 1.000032 1.000032 1.000032 1.000032 1.000032 1.000032 1.000032 1.000032 1.000032 1.000032 1.000032 1.000032 1.000032 1.000032 1.000032 1.000032 1.000032 1.000032 1.000032 1.000032 1.000032 1.000032 1.000032 1.000032 1.000032 1.000032 1.000032 1.000032 1.000032 1.000032 1.000032 1.000032 1.000032 1.000032 1.000032 1.000032 1.000032 1.000000
1.000000 1.000032 1.000032 1.000032 1.000032 1.000032 1.000032 1.000032 1.000032 1.000032 1.000032 1.000032 1.000032 1.000032 1.000032 1.000032 1.000032 1.000032 1.000032 1.000032 1.000032 1.000032 1.000032 1.000032 1.000032 1.000032 1.000032 1.000032 1.000032 1.000032 1.000032 1.000032 1.000032 1.000032 1.000032 1.000032 1.000032 1.000032 1.000032 1.000032 1.000032 1.000032 1.000032 1.000032 1.000032 1.000032 1.000032 1.000032 1.000032 1.000032 1.000032 1.000032 1.000032 1.000032 1.000032 1.000032 1.000032 1.000032 1.000032 1.000032 1.000032 1.000032 1.000032 1.000032 1.000032 1.000032 1.000032 1.000032 1.000032 1.000032 1.000032 1.000032 1.000032 1.000032 1.000032 1.000032 1.000032 1.000032 1.000032 1.000032 1.000032 1.000032 1.000032 1.000032 1.000032 1.000032 1.000032 1.000032 1.000032 1.000032 1.000032 1.000032 1.000032 1.000032 1.000032 1.000032 1.000032 1.000032 1.000032 1.000032 1.000032 1.000032 1.000032 1.000032 1.000032 1.000032 1.000032 1.000032 1.000032 1.000032 1.000032 1.000032 1.000032 1.000032 1.000032 1.000032 1.000032 1.000032 1.000032 1.000032 1.000032 1.000032 1.000032 1.000032 1.000032 1.000032 1.000032 1.000032 1.000032 1.000032 1.000032 1.000032 1.000032 1.000032 1.000032 1.000032 1.000032 1.000032 1.000032 1.000032 1.000032 1.000032 1.000032 1.000032 1.000032 1.000032 1.000032 1.000032 1.000032 1.000032 1.000032 1.000032 1.000032 1.000032 1.000032 1.000032 1.000032 1.000032 1.000032 1.000032 1.000032 1.000032 1.000032 1.000032 1.000032 1.000032 1.000032 1.000032 1.000032 1.000032 1.000032 1.000032 1.000032 1.000032 1.000032 1.000032 1.000032 1.000032 1.000032 1.000032 1.000032 1.000032 1.000032 1.000032 1.000032 1.000032 1.000032 1.000032 1.000032 1.000032 1.000032 1.000032 1.000032 1.000032 1.000032 1.000032 1.000032 1.000032 1.000032 1.000032 1.000032 1.000000
1.000000 1.000032 1.000032 1.000032 1.000032 1.000032 1.000032 1.000032 1.000032 1.000032 1.000032 1.000032 1.000032 1.000032 1.000032 1.000032 1.000032 1.000032 1.000032 1.000032 1.000032 1.000032 1.000032 1.000032 1.000032 1.000032 1.000032 1.000032 1.000032 1.000032 1.000032 1.000032 1.000032 1.000032 1.000032 1.000032 1.000032 1.000032 1.000032 1.000032 1.000032 1.000032 1.000032 1.000032 1.000032 1.000032 1.000032 1.000032 1.000032 1.000032 1.000032 1.000032 1.000032 1.000032 1.000032 1.000032 1.000032 1.000032 1.000032 1.000032 1.000032 1.000032 1.000032 1.000032 1.000032 1.000032 1.000032 1.000032 1.000032 1.000032 1.000032 1.000032 1.000032 1.000032 1.000032 1.000032 1.000032 1.000032 1.000032 1.000032 1.000032 1.000032 1.000032 1.000032 1.000032 1.000032 1.000032 1.000032 1.000032 1.000032 1.000032 1.000032 1.000032 1.000032 1.000032 1.000032 1.000032 1.000032 1.000032 1.000032 1.000032 1.000032 1.000032 1.000032 1.000032 1.000032 1.000032 1.000032 1.000032 1.000032 1.000032 1.000032 1.000032 1.000032 1.000032 1.000032 1.000032 1.000032 1.000032 1.000032 1.000032 1.000032 1.000032 1.000032 1.000032 1.000032 1.000032 1.000032 1.000032 1.000032 1.000032 1.000032 1.000032 1.000032 1.000032 1.000032 1.000032 1.000032 1.000032 1.000032 1.000032 1.000032 1.000032 1.000032 1.000032 1.000032 1.000032 1.000032 1.000032 1.000032 1.000032 1.000032 1.000032 1.000032 1.000032 1.000032 1.000032 1.000032 1.000032 1.000032 1.000032 1.000032 1.000032 1.000032 1.000032 1.000032 1.000032 1.000032 1.000032 1.000032 1.000032 1.000032 1.000032 1.000032 1.000032 1.000032 1.000032 1.000032 1.000032 1.000032 1.000032 1.000032 1.000032 1.000032 1.000032 1.000032 1.000032 1.000032 1.000032 1.000032 1.000032 1.000032 1.000032 1.000032 1.000032 1.000032 1.000032 1.000032 1.000032 1.000032 1.000032 1.000000
1.000000 1.000032 1.000032 1.000032 1.000032 1.000032 1.000032 1.000032 1.000032 1.000032 1.000032 1.000032 1.000032 1.000032 1.000032 1.000032 1.000032 1.000032 1.000032 1.000032 1.000032 1.000032 1.000032 1.000032 1.000032 1.000032 1.000032 1.000032 1.000032 1.000032 1.000032 1.000032 1.000032 1.000032 1.000032 1.000032 1.000032 1.000032 1.000032 1.000032 1.000032 1.000032 1.000032 1.000032 1.000032 1.000032 1.000032 1.000032 1.000032 1.000032 1.000032 1.000032 1.000032 1.000032 1.000032 1.000032 1.000032 1.000032 1.000032 1.000032 1.000032 1.000032 1.000032 1.000032 1.000032 1.000032 1.000032 1.000032 1.000032 1.000032 1.000032 1.000032 1.000032 1.000032 1.000032 1.000032 1.000032 1.000032 1.000032 1.000032 1.000032 1.000032 1.000032 1.000032 1.000032 1.000032 1.000032 1.000032 1.000032 1.000032 1.000032 1.000032 1.000032 1.000032 1.000032 1.000032 1.000032 1.000032 1.000032 1.000032 1.000032 1.000032 1.000032 1.000032 1.000032 1.000032 1.000032 1.000032 1.000032 1.000032 1.000032 1.000032 1.000032 1.000032 1.000032 1.000032 1.000032 1.000032 1.000032 1.000032 1.000032 1.000032 1.000032 1.000032 1.000032 1.000032 1.000032 1.000032 1.000032 1.000032 1.000032 1.000032 1.000032 1.000032 1.000032 1.000032 1.000032 1.000032 1.000032 1.000032 1.000032 1.000032 1.000032 1.000032 1.000032 1.000032 1.000032 1.000032 1.000032 1.000032 1.000032 1.000032 1.000032 1.000032 1.000032 1.000032 1.000032 1.000032 1.000032 1.000032 1.000032 1.000032 1.000032 1.000032 1.000032 1.000032 1.000032 1.000032 1.000032 1.000032 1.000032 1.000032 1.000032 1.000032 1.000032 1.000032 1.000032 1.000032 1.000032 1.000032 1.000032 1.000032 1.000032 1.000032 1.000032 1.000032 1.000032 1.000032 1.000032 1.000032 1.000032 1.000032 1.000032 1.000032 1.000032 1.000032 1.000032 1.000032 1.000032 1.000032 1.000032 1.000000
1.000000 1.000032 1.000032 1.000032 1.000032 1.000032 1.000032 1.000032 1.000032 1.000032 1.000032 1.000032 1.000032 1.000032 1.000032 1.000032 1.000032 1.000032 1.000032 1.000032 1.000032 1.000032 1.000032 1.000032 1.000032 1.000032 1.000032 1.000032 1.000032 1.000032 1.000032 1.000032 1.000032 1.000032 1.000032 1.000032 1.000032 1.000032 1.000032 1.000032 1.000032 1.000032 1.000032 1.000032 1.000032 1.000032 1.000032 1.000032 1.000032 1.000032 1.000032 1.000032 1.000032 1.000032 1.000032 1.000032 1.000032 1.000032 1.000032 1.000032 1.000032 1.000032 1.000032 1.000032 1.000032 1.000032 1.000032 1.000032 1.000032 1.000032 1.000032 1.000032 1.000032 1.000032 1.000032 1.000032 1.000032 1.000032 1.000032 1.000032 1.000032 1.000032 1.000032 1.000032 1.000032 1.000032 1.000032 1.000032 1.000032 1.000032 1.000032 1.000032 1.000032 1.000032 1.000032 1.000032 1.000032 1.000032 1.000032 1.000032 1.000032 1.000032 1.000032 1.000032 1.000032 1.000032 1.000032 1.000032 1.000032 1.000032 1.000032 1.000032 1.000032 1.000032 1.000032 1.000032 1.000032 1.000032 1.000032 1.000032 1.000032 1.000032 1.000032 1.000032 1.000032 1.000032 1.000032 1.000032 1.000032 1.000032 1.000032 1.000032 1.000032 1.000032 1.000032 1.000032 1.000032 1.000032 1.000032 1.000032 1.000032 1.000032 1.000032 1.000032 1.000032 1.000032 1.000032 1.000032 1.000032 1.000032 1.000032 1.000032 1.000032 1.000032 1.000032 1.000032 1.000032 1.000032 1.000032 1.000032 1.000032 1.000032 1.000032 1.000032 1.000032 1.000032 1.000032 1.000032 1.000032 1.000032 1.000032 1.000032 1.000032 1.000032 1.000032 1.000032 1.000032 1.000032 1.000032 1.000032 1.000032 1.000032 1.000032 1.000032 1.000032 1.000032 1.000032 1.000032 1.000032 1.000032 1.000032 1.000032 1.000032 1.000032 1.000032 1.000032 1.000032 1.000032 1.000032 1.000032 1.000032 1.000000
1.000000 1.000032 1.000032 1.000032 1.000032 1.000032 1.000032 1.000032 1.000032 1.000032 1.000032 1.000032 1.000032 1.000032 1.000032 1.000032 1.000032 1.000032 1.000032 1.000032 1.000032 1.000032 1.000032 1.000032 1.000032 1.000032 1.000032 1.000032 1.000032 1.000032 1.000032 1.000032 1.000032 1.000032 1.000032 1.000032 1.000032 1.000032 1.000032 1.000032 1.000032 1.000032 1.000032 1.000032 1.000032 1.000032 1.000032 1.000032 1.000032 1.000032 1.000032 1.000032 1.000032 1.000032 1.000032 1.000032 1.000032 1.000032 1.000032 1.000032 1.000032 1.000032 1.000032 1.000032 1.000032 1.000032 1.000032 1.000032 1.000032 1.000032 1.000032 1.000032 1.000032 1.000032 1.000032 1.000032 1.000032 1.000032 1.000032 1.000032 1.000032 1.000032 1.000032 1.000032 1.000032 1.000032 1.000032 1.000032 1.000032 1.000032 1.000032 1.000032 1.000032 1.000032 1.000032 1.000032 1.000032 1.000032 1.000032 1.000032 1.000032 1.000032 1.000032 1.000032 1.000032 1.000032 1.000032 1.000032 1.000032 1.000032 1.000032 1.000032 1.000032 1.000032 1.000032 1.000032 1.000032 1.000032 1.000032 1.000032 1.000032 1.000032 1.000032 1.000032 1.000032 1.000032 1.000032 1.000032 1.000032 1.000032 1.000032 1.000032 1.000032 1.000032 1.000032 1.000032 1.000032 1.000032 1.000032 1.000032 1.000032 1.000032 1.000032 1.000032 1.000032 1.000032 1.000032 1.000032 1.000032 1.000032 1.000032 1.000032 1.000032 1.000032 1.000032 1.000032 1.000032 1.000032 1.000032 1.000032 1.000032 1.000032 1.000032 1.000032 1.000032 1.000032 1.000032 1.000032 1.000032 1.000032 1.000032 1.000032 1.000032 1.000032 1.000032 1.000032 1.000032 1.000032 1.000032 1.000032 1.000032 1.000032 1.000032 1.000032 1.000032 1.000032 1.000032 1.000032 1.000032 1.000032 1.000032 1.000032 1.000032 1.000032 1.000032 1.000032 1.000032 1.000032 1.000032 1.000032 1.000032 1.000000
1.000000 1.000032 1.000032 1.000032 1.000032 1.000032 1.000032 1.000032 1.000032 1.000032 1.000032 1.000032 1.000032 1.000032 1.000032 1.000032 1.000032 1.000032 1.000032 1.000032 1.000032 1.000032 1.000032 1.000032 1.000032 1.000032 1.000032 1.000032 1.000032 1.000032 1.000032 1.000032 1.000032 1.000032 1.000032 1.000032 1.000032 1.000032 1.000032 1.000032 1.000032 1.000032 1.000032 1.000032 1.000032 1.000032 1.000032 1.000032 1.000032 1.000032 1.000032 1.000032 1.000032 1.000032 1.000032 1.000032 1.000032 1.000032 1.000032 1.000032 1.000032 1.000032 1.000032 1.000032 1.000032 1.000032 1.000032 1.000032 1.000032 1.000032 1.000032 1.000032 1.000032 1.000032 1.000032 1.000032 1.000032 1.000032 1.000032 1.000032 1.000032 1.000032 1.000032 1.000032 1.000032 1.000032 1.000032 1.000032 1.000032 1.000032 1.000032 1.000032 1.000032 1.000032 1.000032 1.000032 1.000032 1.000032 1.000032 1.000032 1.000032 1.000032 1.000032 1.000032 1.000032 1.000032 1.000032 1.000032 1.000032 1.000032 1.000032 1.000032 1.000032 1.000032 1.000032 1.000032 1.000032 1.000032 1.000032 1.000032 1.000032 1.000032 1.000032 1.000032 1.000032 1.000032 1.000032 1.000032 1.000032 1.000032 1.000032 1.000032 1.000032 1.000032 1.000032 1.000032 1.000032 1.000032 1.000032 1.000032 1.000032 1.000032 1.000032 1.000032 1.000032 1.000032 1.000032 1.000032 1.000032 1.000032 1.000032 1.000032 1.000032 1.000032 1.000032 1.000032 1.000032 1.000032 1.000032 1.000032 1.000032 1.000032 1.000032 1.000032 1.000032 1.000032 1.000032 1.000032 1.000032 1.000032 1.000032 1.000032 1.000032 1.000032 1.000032 1.000032 1.000032 1.000032 1.000032 1.000032 1.000032 1.000032 1.000032 1.000032 1.000032 1.000032 1.000032 1.000032 1.000032 1.000032 1.000032 1.000032 1.000032 1.000032 1.000032 1.000032 1.000032 1.000032 1.000032 1.000032 1.000032 1.000000
1.000000 1.000032 1.000032 1.000032 1.000032 1.000032 1.000032 1.000032 1.000032 1.000032 1.000032 1.000032 1.000032 1.000032 1.000032 1.000032 1.000032 1.000032 1.000032 1.000032 1.000032 1.000032 1.000032 1.000032 1.000032 1.000032 1.000032 1.000032 1.000032 1.000032 1.000032 1.000032 1.000032 1.000032 1.000032 1.000032 1.000032 1.000032 1.000032 1.000032 1.000032 1.000032 1.000032 1.000032 1.000032 1.000032 1.000032 1.000032 1.000032 1.000032 1.000032 1.000032 1.000032 1.000032 1.000032 1.000032 1.000032 1.000032 1.000032 1.000032 1.000032 1.000032 1.000032 1.000032 1.000032 1.000032 1.000032 1.000032 1.000032 1.000032 1.000032 1.000032 1.000032 1.000032 1.000032 1.000032 1.000032 1.000032 1.000032 1.000032 1.000032 1.000032 1.000032 1.000032 1.000032 1.000032 1.000032 1.000032 1.000032 1.000032 1.000032 1.000032 1.000032 1.000032 1.000032 1.000032 1.000032 1.000032 1.000032 1.000032 1.000032 1.000032 1.000032 1.000032 1.000032 1.000032 1.000032 1.000032 1.000032 1.000032 1.000032 1.000032 1.000032 1.000032 1.000032 1.000032 1.000032 1.000032 1.000032 1.000032 1.000032 1.000032 1.000032 1.000032 1.000032 1.000032 1.000032 1.000032 1.000032 1.000032 1.000032 1.000032 1.000032 1.000032 1.000032 1.000032 1.000032 1.000032 1.000032 1.000032 1.000032 1.000032 1.000032 1.000032 1.000032 1.000032 1.000032 1.000032 1.000032 1.000032 1.000032 1.000032 1.000032 1.000032 1.000032 1.000032 1.000032 1.000032 1.000032 1.000032 1.000032 1.000032 1.000032 1.000032 1.000032 1.000032 1.000032 1.000032 1.000032 1.000032 1.000032 1.000032 1.000032 1.000032 1.000032 1.000032 1.000032 1.000032 1.000032 1.000032 1.000032 1.000032 1.000032 1.000032 1.000032 1.000032 1.000032 1.000032 1.000032 1.000032 1.000032 1.000032 1.000032 1.000032 1.000032 1.000032 1.000032 1.000032 1.000032 1.000032 1.000032 1.000000
1.000000 1.000032 1.000032 1.000032 1.000032 1.000032 1.000032 1.000032 1.000032 1.000032 1.000032 1.000032 1.000032 1.000032 1.000032 1.000032 1.000032 1.000032 1.000032 1.000032 1.000032 1.000032 1.000032 1.000032 1.000032 1.000032 1.000032 1.000032 1.000032 1.000032 1.000032 1.000032 1.000032 1.000032 1.000032 1.000032 1.000032 1.000032 1.000032 1.000032 1.000032 1.000032 1.000032 1.000032 1.000032 1.000032 1.000032 1.000032 1.000032 1.000032 1.000032 1.000032 1.000032 1.000032 1.000032 1.000032 1.000032 1.000032 1.000032 1.000032 1.000032 1.000032 1.000032 1.000032 1.000032 1.000032 1.000032 1.000032 1.000032 1.000032 1.000032 1.000032 1.000032 1.000032 1.000032 1.000032 1.000032 1.000032 1.000032 1.000032 1.000032 1.000032 1.000032 1.000032 1.000032 1.000032 1.000032 1.000032 1.000032 1.000032 1.000032 1.000032 1.000032 1.000032 1.000032 1.000032 1.000032 1.000032 1.000032 1.000032 1.000032 1.000032 1.000032 1.000032 1.000032 1.000032 1.000032 1.000032 1.000032 1.000032 1.000032 1.000032 1.000032 1.000032 1.000032 1.000032 1.000032 1.000032 1.000032 1.000032 1.000032 1.000032 1.000032 1.000032 1.000032 1.000032 1.000032 1.000032 1.000032 1.000032 1.000032 1.000032 1.000032 1.000032 1.000032 1.000032 1.000032 1.000032 1.000032 1.000032 1.000032 1.000032 1.000032 1.000032 1.000032 1.000032 1.000032 1.000032 1.000032 1.000032 1.000032 1.000032 1.000032 1.000032 1.000032 1.000032 1.000032 1.000032 1.000032 1.000032 1.000032 1.000032 1.000032 1.000032 1.000032 1.000032 1.000032 1.000032 1.000032 1.000032 1.000032 1.000032 1.000032 1.000032 1.000032 1.000032 1.000032 1.000032 1.000032 1.000032 1.000032 1.000032 1.000032 1.000032 1.000032 1.000032 1.000032 1.000032 1.000032 1.000032 1.000032 1.000032 1.000032 1.000032 1.000032 1.000032 1.000032 1.000032 1.000032 1.000032 1.000032 1.000000
1.000000 1.000032 1.000032 1.000032 1.000032 1.000032 1.000032 1.000032 1.000032 1.000032 1.000032 1.000032 1.000032 1.000032 1.000032 1.000032 1.000032 1.000032 1.000032 1.000032 1.000032 1.000032 1.000032 1.000032 1.000032 1.000032 1.000032 1.000032 1.000032 1.000032 1.000032 1.000032 1.000032 1.000032 1.000032 1.000032 1.000032 1.000032 1.000032 1.000032 1.000032 1.000032 1.000032 1.000032 1.000032 1.000032 1.000032 1.000032 1.000032 1.000032 1.000032 1.000032 1.000032 1.000032 1.000032 1.000032 1.000032 1.000032 1.000032 1.000032 1.000032 1.000032 1.000032 1.000032 1.000032 1.000032 1.000032 1.000032 1.000032 1.000032 1.000032 1.000032 1.000032 1.000032 1.000032 1.000032 1.000032 1.000032 1.000032 1.000032 1.000032 1.000032 1.000032 1.000032 1.000032 1.000032 1.000032 1.000032 1.000032 1.000032 1.000032 1.000032 1.000032 1.000032 1.000032 1.000032 1.000032 1.000032 1.000032 1.000032 1.000032 1.000032 1.000032 1.000032 1.000032 1.000032 1.000032 1.000032 1.000032 1.000032 1.000032 1.000032 1.000032 1.000032 1.000032 1.000032 1.000032 1.000032 1.000032 1.000032 1.000032 1.000032 1.000032 1.000032 1.000032 1.000032 1.000032 1.000032 1.000032 1.000032 1.000032 1.000032 1.000032 1.000032 1.000032 1.000032 1.000032 1.000032 1.000032 1.000032 1.000032 1.000032 1.000032 1.000032 1.000032 1.000032 1.000032 1.000032 1.000032 1.000032 1.000032 1.000032 1.000032 1.000032 1.000032 1.000032 1.000032 1.000032 1.000032 1.000032 1.000032 1.000032 1.000032 1.000032 1.000032 1.000032 1.000032 1.000032 1.000032 1.000032 1.000032 1.000032 1.000032 1.000032 1.000032 1.000032 1.000032 1.000032 1.000032 1.000032 1.000032 1.000032 1.000032 1.000032 1.000032 1.000032 1.000032 1.000032 1.000032 1.000032 1.000032 1.000032 1.000032 1.000032 1.000032 1.000032 1.000032 1.000032 1.000032 1.000032 1.000032 1.000000
1.000000 1.000032 1.000032 1.000032 1.000032 1.000032 1.000032 1.000032 1.000032 1.000032 1.000032 1.000032 1.000032 1.000032 1.000032 1.000032 1.000032 1.000032 1.000032 1.000032 1.000032 1.000032 1.000032 1.000032 1.000032 1.000032 1.000032 1.000032 1.000032 1.000032 1.000032 1.000032 1.000032 1.000032 1.000032 1.000032 1.000032 1.000032 1.000032 1.000032 1.000032 1.000032 1.000032 1.000032 1.000032 1.000032 1.000032 1.000032 1.000032 1.000032 1.000032 1.000032 1.000032 1.000032 1.000032 1.000032 1.000032 1.000032 1.000032 1.000032 1.000032 1.000032 1.000032 1.000032 1.000032 1.000032 1.000032 1.000032 1.000032 1.000032 1.000032 1.000032 1.000032 1.000032 1.000032 1.000032 1.000032 1.000032 1.000032 1.000032 1.000032 1.000032 1.000032 1.000032 1.000032 1.000032 1.000032 1.000032 1.000032 1.000032 1.000032 1.000032 1.000032 1.000032 1.000032 1.000032 1.000032 1.000032 1.000032 1.000032 1.000032 1.000032 1.000032 1.000032 1.000032 1.000032 1.000032 1.000032 1.000032 1.000032 1.000032 1.000032 1.000032 1.000032 1.000032 1.000032 1.000032 1.000032 1.000032 1.000032 1.000032 1.000032 1.000032 1.000032 1.000032 1.000032 1.000032 1.000032 1.000032 1.000032 1.000032 1.000032 1.000032 1.000032 1.000032 1.000032 1.000032 1.000032 1.000032 1.000032 1.000032 1.000032 1.000032 1.000032 1.000032 1.000032 1.000032 1.000032 1.000032 1.000032 1.000032 1.000032 1.000032 1.000032 1.000032 1.000032 1.000032 1.000032 1.000032 1.000032 1.000032 1.000032 1.000032 1.000032 1.000032 1.000032 1.000032 1.000032 1.000032 1.000032 1.000032 1.000032 1.000032 1.000032 1.000032 1.000032 1.000032 1.000032 1.000032 1.000032 1.000032 1.000032 1.000032 1.000032 1.000032 1.000032 1.000032 1.000032 1.000032 1.000032 1.000032 1.000032 1.000032 1.000032 1.000032 1.000032 1.000032 1.000032 1.000032 1.000032 1.000032 1.000000
1.000000 1.000032 1.000032 1.000032 1.000032 1.000032 1.000032 1.000032 1.000032 1.000032 1.000032 1.000032 1.000032 1.000032 1.000032 1.000032 1.000032 1.000032 1.000032 1.000032 1.000032 1.000032 1.000032 1.000032 1.000032 1.000032 1.000032 1.000032 1.000032 1.000032 1.000032 1.000032 1.000032 1.000032 1.000032 1.000032 1.000032 1.000032 1.000032 1.000032 1.000032 1.000032 1.000032 1.000032 1.000032 1.000032 1.000032 1.000032 1.000032 1.000032 1.000032 1.000032 1.000032 1.000032 1.000032 1.000032 1.000032 1.000032 1.000032 1.000032 1.000032 1.000032 1.000032 1.000032 1.000032 1.000032 1.000032 1.000032 1.000032 1.000032 1.000032 1.000032 1.000032 1.000032 1.000032 1.000032 1.000032 1.000032 1.000032 1.000032 1.000032 1.000032 1.000032 1.000032 1.000032 1.000032 1.000032 1.000032 1.000032 1.000032 1.000032 1.000032 1.000032 1.000032 1.000032 1.000032 1.000032 1.000032 1.000032 1.000032 1.000032 1.000032 1.000032 1.000032 1.000032 1.000032 1.000032 1.000032 1.000032 1.000032 1.000032 1.000032 1.000032 1.000032 1.000032 1.000032 1.000032 1.000032 1.000032 1.000032 1.000032 1.000032 1.000032 1.000032 1.000032 1.000032 1.000032 1.000032 1.000032 1.000032 1.000032 1.000032 1.000032 1.000032 1.000032 1.000032 1.000032 1.000032 1.000032 1.000032 1.000032 1.000032 1.000032 1.000032 1.000032 1.000032 1.000032 1.000032 1.000032 1.000032 1.000032 1.000032 1.000032 1.000032 1.000032 1.000032 1.000032 1.000032 1.000032 1.000032 1.000032 1.000032 1.000032 1.000032 1.000032 1.000032 1.000032 1.000032 1.000032 1.000032 1.000032 1.000032 1.000032 1.000032 1.000032 1.000032 1.000032 1.000032 1.000032 1.000032 1.000032 1.000032 1.000032 1.000032 1.000032 1.000032 1.000032 1.000032 1.000032 1.000032 1.000032 1.000032 1.000032 1.000032 1.000032 1.000032 1.000032 1.000032 1.000032 1.000032 1.000032 1.000000
1.000000 1.000032 1.000032 1.000032 1.000032 1.000032 1.000032 1.000032 1.000032 1.000032 1.000032 1.000032 1.000032 1.000032 1.000032 1.000032 1.000032 1.000032 1.000032 1.000032 1.000032 1.000032 1.000032 1.000032 1.000032 1.000032 1.000032 1.000032 1.000032 1.000032 1.000032 1.000032 1.000032 1.000032 1.000032 1.000032 1.000032 1.000032 1.000032 1.000032 1.000032 1.000032 1.000032 1.000032 1.000032 1.000032 1.000032 1.000032 1.000032 1.000032 1.000032 1.000032 1.000032 1.000032 1.000032 1.000032 1.000032 1.000032 1.000032 1.000032 1.000032 1.000032 1.000032 1.000032 1.000032 1.000032 1.000032 1.000032 1.000032 1.000032 1.000032 1.000032 1.000032 1.000032 1.000032 1.000032 1.000032 1.000032 1.000032 1.000032 1.000032 1.000032 1.000032 1.000032 1.000032 1.000032 1.000032 1.000032 1.000032 1.000032 1.000032 1.000032 1.000032 1.000032 1.000032 1.000032 1.000032 1.000032 1.000032 1.000032 1.000032 1.000032 1.000032 1.000032 1.000032 1.000032 1.000032 1.000032 1.000032 1.000032 1.000032 1.000032 1.000032 1.000032 1.000032 1.000032 1.000032 1.000032 1.000032 1.000032 1.000032 1.000032 1.000032 1.000032 1.000032 1.000032 1.000032 1.000032 1.000032 1.000032 1.000032 1.000032 1.000032 1.000032 1.000032 1.000032 1.000032 1.000032 1.000032 1.000032 1.000032 1.000032 1.000032 1.000032 1.000032 1.000032 1.000032 1.000032 1.000032 1.000032 1.000032 1.000032 1.000032 1.000032 1.000032 1.000032 1.000032 1.000032 1.000032 1.000032 1.000032 1.000032 1.000032 1.000032 1.000032 1.000032 1.000032 1.000032 1.000032 1.000032 1.000032 1.000032 1.000032 1.000032 1.000032 1.000032 1.000032 1.000032 1.000032 1.000032 1.000032 1.000032 1.000032 1.000032 1.000032 1.000032 1.000032 1.000032 1.000032 1.000032 1.000032 1.000032 1.000032 1.000032 1.000032 1.000032 1.000032 1.000032 1.000032 1.000032 1.000032 1.000000
1.000000 1.000032 1.000032 1.000032 1.000032 1.000032 1.000032 1.000032 1.000032 1.000032 1.000032 1.000032 1.000032 1.000032 1.000032 1.000032 1.000032 1.000032 1.000032 1.000032 1.000032 1.000032 1.000032 1.000032 1.000032 1.000032 1.000032 1.000032 1.000032 1.000032 1.000032 1.000032 1.000032 1.000032 1.000032 1.000032 1.000032 1.000032 1.000032 1.000032 1.000032 1.000032 1.000032 1.000032 1.000032 1.000032 1.000032 1.000032 1.000032 1.000032 1.000032 1.000032 1.000032 1.000032 1.000032 1.000032 1.000032 1.000032 1.000032 1.000032 1.000032 1.000032 1.000032 1.000032 1.000032 1.000032 1.000032 1.000032 1.000032 1.000032 1.000032 1.000032 1.000032 1.000032 1.000032 1.000032 1.000032 1.000032 1.000032 1.000032 1.000032 1.000032 1.000032 1.000032 1.000032 1.000032 1.000032 1.000032 1.000032 1.000032 1.000032 1.000032 1.000032 1.000032 1.000032 1.000032 1.000032 1.000032 1.000032 1.000032 1.000032 1.000032 1.000032 1.000032 1.000032 1.000032 1.000032 1.000032 1.000032 1.000032 1.000032 1.000032 1.000032 1.000032 1.000032 1.000032 1.000032 1.000032 1.000032 1.000032 1.000032 1.000032 1.000032 1.000032 1.000032 1.000032 1.000032 1.000032 1.000032 1.000032 1.000032 1.000032 1.000032 1.000032 1.000032 1.000032 1.000032 1.000032 1.000032 1.000032 1.000032 1.000032 1.000032 1.000032 1.000032 1.000032 1.000032 1.000032 1.000032 1.000032 1.000032 1.000032 1.000032 1.000032 1.000032 1.000032 1.000032 1.000032 1.000032 1.000032 1.000032 1.000032 1.000032 1.000032 1.000032 1.000032 1.000032 1.000032 1.000032 1.000032 1.000032 1.000032 1.000032 1.000032 1.000032 1.000032 1.000032 1.000032 1.000032 1.000032 1.000032 1.000032 1.000032 1.000032 1.000032 1.000032 1.000032 1.000032 1.000032 1.000032 1.000032 1.000032 1.000032 1.000032 1.000032 1.000032 1.000032 1.000032 1.000032 1.000032 1.000032 1.000000
1.000000 1.000032 1.000032 1.000032 1.000032 1.000032 1.000032 1.000032 1.000032 1.000032 1.000032 1.000032 1.000032 1.000032 1.000032 1.000032 1.000032 1.000032 1.000032 1.000032 1.000032 1.000032 1.000032 1.000032 1.000032 1.000032 1.000032 1.000032 1.000032 1.000032 1.000032 1.000032 1.000032 1.000032 1.000032 1.000032 1.000032 1.000032 1.000032 1.000032 1.000032 1.000032 1.000032 1.000032 1.000032 1.000032 1.000032 1.000032 1.000032 1.000032 1.000032 1.000032 1.000032 1.000032 1.000032 1.000032 1.000032 1.000032 1.000032 1.000032 1.000032 1.000032 1.000032 1.000032 1.000032 1.000032 1.000032 1.000032 1.000032 1.000032 1.000032 1.000032 1.000032 1.000032 1.000032 1.000032 1.000032 1.000032 1.000032 1.000032 1.000032 1.000032 1.000032 1.000032 1.000032 1.000032 1.000032 1.000032 1.000032 1.000032 1.000032 1.000032 1.000032 1.000032 1.000032 1.000032 1.000032 1.000032 1.000032 1.000032 1.000032 1.000032 1.000032 1.000032 1.000032 1.000032 1.000032 1.000032 1.000032 1.000032 1.000032 1.000032 1.000032 1.000032 1.000032 1.000032 1.000032 1.000032 1.000032 1.000032 1.000032 1.000032 1.000032 1.000032 1.000032 1.000032 1.000032 1.000032 1.000032 1.000032 1.000032 1.000032 1.000032 1.000032 1.000032 1.000032 1.000032 1.000032 1.000032 1.000032 1.000032 1.000032 1.000032 1.000032 1.000032 1.000032 1.000032 1.000032 1.000032 1.000032 1.000032 1.000032 1.000032 1.000032 1.000032 1.000032 1.000032 1.000032 1.000032 1.000032 1.000032 1.000032 1.000032 1.000032 1.000032 1.000032 1.000032 1.000032 1.000032 1.000032 1.000032 1.000032 1.000032 1.000032 1.000032 1.000032 1.000032 1.000032 1.000032 1.000032 1.000032 1.000032 1.000032 1.000032 1.000032 1.000032 1.000032 1.000032 1.000032 1.000032 1.000032 1.000032 1.000032 1.000032 1.000032 1.000032 1.000032 1.000032 1.000032 1.000032 1.000032 1.000000
1.000000 1.000032 1.000032 1.000032 1.000032 1.000032 1.000032 1.000032 1.000032 1.000032 1.000032 1.000032 1.000032 1.000032 1.000032 1.000032 1.000032 1.000032 1.000032 1.000032 1.000032 1.000032 1.000032 1.000032 1.000032 1.000032 1.000032 1.000032 1.000032 1.000032 1.000032 1.000032 1.000032 1.000032 1.000032 1.000032 1.000032 1.000032 1.000032 1.000032 1.000032 1.000032 1.000032 1.000032 1.000032 1.000032 1.000032 1.000032 1.000032 1.000032 1.000032 1.000032 1.000032 1.000032 1.000032 1.000032 1.000032 1.000032 1.000032 1.000032 1.000032 1.000032 1.000032 1.000032 1.000032 1.000032 1.000032 1.000032 1.000032 1.000032 1.000032 1.000032 1.000032 1.000032 1.000032 1.000032 1.000032 1.000032 1.000032 1.000032 1.000032 1.000032 1.000032 1.000032 1.000032 1.000032 1.000032 1.000032 1.000032 1.000032 1.000032 1.000032 1.000032 1.000032 1.000032 1.000032 1.000032 1.000032 1.000032 1.000032 1.000032 1.000032 1.000032 1.000032 1.000032 1.000032 1.000032 1.000032 1.000032 1.000032 1.000032 1.000032 1.000032 1.000032 1.000032 1.000032 1.000032 1.000032 1.000032 1.000032 1.000032 1.000032 1.000032 1.000032 1.000032 1.000032 1.000032 1.000032 1.000032 1.000032 1.000032 1.000032 1.000032 1.000032 1.000032 1.000032 1.000032 1.000032 1.000032 1.000032 1.000032 1.000032 1.000032 1.000032 1.000032 1.000032 1.000032 1.000032 1.000032 1.000032 1.000032 1.000032 1.000032 1.000032 1.000032 1.000032 1.000032 1.000032 1.000032 1.000032 1.000032 1.000032 1.000032 1.000032 1.000032 1.000032 1.000032 1.000032 1.000032 1.000032 1.000032 1.000032 1.000032 1.000032 1.000032 1.000032 1.000032 1.000032 1.000032 1.000032 1.000032 1.000032 1.000032 1.000032 1.000032 1.000032 1.000032 1.000032 1.000032 1.000032 1.000032 1.000032 1.000032 1.000032 1.000032 1.000032 1.000032 1.000032 1.000032 1.000032 1.000032 1.000000
1.000000 1.000032 1.000032 1.000032 1.000032 1.000032 1.000032 1.000032 1.000032 1.000032 1.000032 1.000032 1.000032 1.000032 1.000032 1.000032 1.000032 1.000032 1.000032 1.000032 1.000032 1.000032 1.000032 1.000032 1.000032 1.000032 1.000032 1.000032 1.000032 1.000032 1.000032 1.000032 1.000032 1.000032 1.000032 1.000032 1.000032 1.000032 1.000032 1.000032 1.000032 1.000032 1.000032 1.000032 1.000032 1.000032 1.000032 1.000032 1.000032 1.000032 1.000032 1.000032 1.000032 1.000032 1.000032 1.000032 1.000032 1.000032 1.000032 1.000032 1.000032 1.000032 1.000032 1.000032 1.000032 1.000032 1.000032 1.000032 1.000032 1.000032 1.000032 1.000032 1.000032 1.000032 1.000032 1.000032 1.000032 1.000032 1.000032 1.000032 1.000032 1.000032 1.000032 1.000032 1.000032 1.000032 1.000032 1.000032 1.000032 1.000032 1.000032 1.000032 1.000032 1.000032 1.000032 1.000032 1.000032 1.000032 1.000032 1.000032 1.000032 1.000032 1.000032 1.000032 1.000032 1.000032 1.000032 1.000032 1.000032 1.000032 1.000032 1.000032 1.000032 1.000032 1.000032 1.000032 1.000032 1.000032 1.000032 1.000032 1.000032 1.000032 1.000032 1.000032 1.000032 1.000032 1.000032 1.000032 1.000032 1.000032 1.000032 1.000032 1.000032 1.000032 1.000032 1.000032 1.000032 1.000032 1.000032 1.000032 1.000032 1.000032 1.000032 1.000032 1.000032 1.000032 1.000032 1.000032 1.000032 1.000032 1.000032 1.000032 1.000032 1.000032 1.000032 1.000032 1.000032 1.000032 1.000032 1.000032 1.000032 1.000032 1.000032 1.000032 1.000032 1.000032 1.000032 1.000032 1.000032 1.000032 1.000032 1.000032 1.000032 1.000032 1.000032 1.000032 1.000032 1.000032 1.000032 1.000032 1.000032 1.000032 1.000032 1.000032 1.000032 1.000032 1.000032 1.000032 1.000032 1.000032 1.000032 1.000032 1.000032 1.000032 1.000032 1.000032 1.000032 1.000032 1.000032 1.000032 1.000032 1.000000
1.000000 1.000032 1.000032 1.000032 1.000032 1.000032 1.000032 1.000032 1.000032 1.000032 1.000032 1.000032 1.000032 1.000032 1.000032 1.000032 1.000032 1.000032 1.000032 1.000032 1.000032 1.000032 1.000032 1.000032 1.000032 1.000032 1.000032 1.000032 1.000032 1.000032 1.000032 1.000032 1.000032 1.000032 1.000032 1.000032 1.000032 1.000032 1.000032 1.000032 1.000032 1.000032 1.000032 1.000032 1.000032 1.000032 1.000032 1.000032 1.000032 1.000032 1.000032 1.000032 1.000032 1.000032 1.000032 1.000032 1.000032 1.000032 1.000032 1.000032 1.000032 1.000032 1.000032 1.000032 1.000032 1.000032 1.000032 1.000032 1.000032 1.000032 1.000032 1.000032 1.000032 1.000032 1.000032 1.000032 1.000032 1.000032 1.000032 1.000032 1.000032 1.000032 1.000032 1.000032 1.000032 1.000032 1.000032 1.000032 1.000032 1.000032 1.000032 1.000032 1.000032 1.000032 1.000032 1.000032 1.000032 1.000032 1.000032 1.000032 1.000032 1.000032 1.000032 1.000032 1.000032 1.000032 1.000032 1.000032 1.000032 1.000032 1.000032 1.000032 1.000032 1.000032 1.000032 1.000032 1.000032 1.000032 1.000032 1.000032 1.000032 1.000032 1.000032 1.000032 1.000032 1.000032 1.000032 1.000032 1.000032 1.000032 1.000032 1.000032 1.000032 1.000032 1.000032 1.000032 1.000032 1.000032 1.000032 1.000032 1.000032 1.000032 1.000032 1.000032 1.000032 1.000032 1.000032 1.000032 1.000032 1.000032 1.000032 1.000032 1.000032 1.000032 1.000032 1.000032 1.000032 1.000032 1.000032 1.000032 1.000032 1.000032 1.000032 1.000032 1.000032 1.000032 1.000032 1.000032 1.000032 1.000032 1.000032 1.000032 1.000032 1.000032 1.000032 1.000032 1.000032 1.000032 1.000032 1.000032 1.000032 1.000032 1.000032 1.000032 1.000032 1.000032 1.000032 1.000032 1.000032 1.000032 1.000032 1.000032 1.000032 1.000032 1.000032 1.000032 1.000032 1.000032 1.000032 1.000032 1.000032 1.000000
1.000000 1.000032 1.000032 1.000032 1.000032 1.000032 1.000032 1.000032 1.000032 1.000032 1.000032 1.000032 1.000032 1.000032 1.000032 1.000032 1.000032 1.000032 1.000032 1.000032 1.000032 1.000032 1.000032 1.000032 1.000032 1.000032 1.000032 1.000032 1.000032 1.000032 1.000032 1.000032 1.000032 1.000032 1.000032 1.000032 1.000032 1.000032 1.000032 1.000032 1.000032 1.000032 1.000032 1.000032 1.000032 1.000032 1.000032 1.000032 1.000032 1.000032 1.000032 1.000032 1.000032 1.000032 1.000032 1.000032 1.000032 1.000032 1.000032 1.000032 1.000032 1.000032 1.000032 1.000032 1.000032 1.000032 1.000032 1.000032 1.000032 1.000032 1.000032 1.000032 1.000032 1.000032 1.000032 1.000032 1.000032 1.000032 1.000032 1.000032 1.000032 1.000032 1.000032 1.000032 1.000032 1.000032 1.000032 1.000032 1.000032 1.000032 1.000032 1.000032 1.000032 1.000032 1.000032 1.000032 1.000032 1.000032 1.000032 1.000032 1.000032 1.000032 1.000032 1.000032 1.000032 1.000032 1.000032 1.000032 1.000032 1.000032 1.000032 1.000032 1.000032 1.000032 1.000032 1.000032 1.000032 1.000032 1.000032 1.000032 1.000032 1.000032 1.000032 1.000032 1.000032 1.000032 1.000032 1.000032 1.000032 1.000032 1.000032 1.000032 1.000032 1.000032 1.000032 1.000032 1.000032 1.000032 1.000032 1.000032 1.000032 1.000032 1.000032 1.000032 1.000032 1.000032 1.000032 1.000032 1.000032 1.000032 1.000032 1.000032 1.000032 1.000032 1.000032 1.000032 1.000032 1.000032 1.000032 1.000032 1.000032 1.000032 1.000032 1.000032 1.000032 1.000032 1.000032 1.000032 1.000032 1.000032 1.000032 1.000032 1.000032 1.000032 1.000032 1.000032 1.000032 1.000032 1.000032 1.000032 1.000032 1.000032 1.000032 1.000032 1.000032 1.000032 1.000032 1.000032 1.000032 1.000032 1.000032 1.000032 1.000032 1.000032 1.000032 1.000032 1.000032 1.000032 1.000032 1.000032 1.000032 1.000000
1.000000 1.000032 1.000032 1.000032 1.000032 1.000032 1.000032 1.000032 1.000032 1.000032 1.000032 1.000032 1.000032 1.000032 1.000032 1.000032 1.000032 1.000032 1.000032 1.000032 1.000032 1.000032 1.000032 1.000032 1.000032 1.000032 1.000032 1.000032 1.000032 1.000032 1.000032 1.000032 1.000032 1.000032 1.000032 1.000032 1.000032 1.000032 1.000032 1.000032 1.000032 1.000032 1.000032 1.000032 1.000032 1.000032 1.000032 1.000032 1.000032 1.000032 1.000032 1.000032 1.000032 1.000032 1.000032 1.000032 1.000032 1.000032 1.000032 1.000032 1.000032 1.000032 1.000032 1.000032 1.000032 1.000032 1.000032 1.000032 1.000032 1.000032 1.000032 1.000032 1.000032 1.000032 1.000032 1.000032 1.000032 1.000032 1.000032 1.000032 1.000032 1.000032 1.000032 1.000032 1.000032 1.000032 1.000032 1.000032 1.000032 1.000032 1.000032 1.000032 1.000032 1.000032 1.000032 1.000032 1.000032 1.000032 1.000032 1.000032 1.000032 1.000032 1.000032 1.000032 1.000032 1.000032 1.000032 1.000032 1.000032 1.000032 1.000032 1.000032 1.000032 1.000032 1.000032 1.000032 1.000032 1.000032 1.000032 1.000032 1.000032 1.000032 1.000032 1.000032 1.000032 1.000032 1.000032 1.000032 1.000032 1.000032 1.000032 1.000032 1.000032 1.000032 1.000032 1.000032 1.000032 1.000032 1.000032 1.000032 1.000032 1.000032 1.000032 1.000032 1.000032 1.000032 1.000032 1.000032 1.000032 1.000032 1.000032 1.000032 1.000032 1.000032 1.000032 1.000032 1.000032 1.000032 1.000032 1.000032 1.000032 1.000032 1.000032 1.000032 1.000032 1.000032 1.000032 1.000032 1.000032 1.000032 1.000032 1.000032 1.000032 1.000032 1.000032 1.000032 1.000032 1.000032 1.000032 1.000032 1.000032 1.000032 1.000032 1.000032 1.000032 1.000032 1.000032 1.000032 1.000032 1.000032 1.000032 1.000032 1.000032 1.000032 1.000032 1.000032 1.000032 1.000032 1.000032 1.000032 1.000032 1.000000
1.000000 1.000032 1.000032 1.000032 1.000032 1.000032 1.000032 1.000032 1.000032 1.000032 1.000032 1.000032 1.000032 1.000032 1.000032 1.000032 1.000032 1.000032 1.000032 1.000032 1.000032 1.000032 1.000032 1.000032 1.000032 1.000032 1.000032 1.000032 1.000032 1.000032 1.000032 1.000032 1.000032 1.000032 1.000032 1.000032 1.000032 1.000032 1.000032 1.000032 1.000032 1.000032 1.000032 1.000032 1.000032 1.000032 1.000032 1.000032 1.000032 1.000032 1.000032 1.000032 1.000032 1.000032 1.000032 1.000032 1.000032 1.000032 1.000032 1.000032 1.000032 1.000032 1.000032 1.000032 1.000032 1.000032 1.000032 1.000032 1.000032 1.000032 1.000032 1.000032 1.000032 1.000032 1.000032 1.000032 1.000032 1.000032 1.000032 1.000032 1.000032 1.000032 1.000032 1.000032 1.000032 1.000032 1.000032 1.000032 1.000032 1.000032 1.000032 1.000032 1.000032 1.000032 1.000032 1.000032 1.000032 1.000032 1.000032 1.000032 1.000032 1.000032 1.000032 1.000032 1.000032 1.000032 1.000032 1.000032 1.000032 1.000032 1.000032 1.000032 1.000032 1.000032 1.000032 1.000032 1.000032 1.000032 1.000032 1.000032 1.000032 1.000032 1.000032 1.000032 1.000032 1.000032 1.000032 1.000032 1.000032 1.000032 1.000032 1.000032 1.000032 1.000032 1.000032 1.000032 1.000032 1.000032 1.000032 1.000032 1.000032 1.000032 1.000032 1.000032 1.000032 1.000032 1.000032 1.000032 1.000032 1.000032 1.000032 1.000032 1.000032 1.000032 1.000032 1.000032 1.000032 1.000032 1.000032 1.000032 1.000032 1.000032 1.000032 1.000032 1.000032 1.000032 1.000032 1.000032 1.000032 1.000032 1.000032 1.000032 1.000032 1.000032 1.000032 1.000032 1.000032 1.000032 1.000032 1.000032 1.000032 1.000032 1.000032 1.000032 1.000032 1.000032 1.000032 1.000032 1.000032 1.000032 1.000032 1.000032 1.000032 1.000032 1.000032 1.000032 1.000032 1.000032 1.000032 1.000032 1.000032 1.000000
1.000000 1.000032 1.000032 1.000032 1.000032 1.000032 1.000032 1.000032 1.000032 1.000032 1.000032 1.000032 1.000032 1.000032 1.000032 1.000032 1.000032 1.000032 1.000032 1.000032 1.000032 1.000032 1.000032 1.000032 1.000032 1.000032 1.000032 1.000032 1.000032 1.000032 1.000032 1.000032 1.000032 1.000032 1.000032 1.000032 1.000032 1.000032 1.000032 1.000032 1.000032 1.000032 1.000032 1.000032 1.000032 1.000032 1.000032 1.000032 1.000032 1.000032 1.000032 1.000032 1.000032 1.000032 1.000032 1.000032 1.000032 1.000032 1.000032 1.000032 1.000032 1.000032 1.000032 1.000032 1.000032 1.000032 1.000032 1.000032 1.000032 1.000032 1.000032 1.000032 1.000032 1.000032 1.000032 1.000032 1.000032 1.000032 1.000032 1.000032 1.000032 1.000032 1.000032 1.000032 1.000032 1.000032 1.000032 1.000032 1.000032 1.000032 1.000032 1.000032 1.000032 1.000032 1.000032 1.000032 1.000032 1.000032 1.000032 1.000032 1.000032 1.000032 1.000032 1.000032 1.000032 1.000032 1.000032 1.000032 1.000032 1.000032 1.000032 1.000032 1.000032 1.000032 1.000032 1.000032 1.000032 1.000032 1.000032 1.000032 1.000032 1.000032 1.000032 1.000032 1.000032 1.000032 1.000032 1.000032 1.000032 1.000032 1.000032 1.000032 1.000032 1.000032 1.000032 1.000032 1.000032 1.000032 1.000032 1.000032 1.000032 1.000032 1.000032 1.000032 1.000032 1.000032 1.000032 1.000032 1.000032 1.000032 1.000032 1.000032 1.000032 1.000032 1.000032 1.000032 1.000032 1.000032 1.000032 1.000032 1.000032 1.000032 1.000032 1.000032 1.000032 1.000032 1.000032 1.000032 1.000032 1.000032 1.000032 1.000032 1.000032 1.000032 1.000032 1.000032 1.000032 1.000032 1.000032 1.000032 1.000032 1.000032 1.000032 1.000032 1.000032 1.000032 1.000032 1.000032 1.000032 1.000032 1.000032 1.000032 1.000032 1.000032 1.000032 1.000032 1.000032 1.000032 1.000032 1.000032 1.000032 1.000000
1.000000 1.000000 1.000000 1.000000 1.000000 1.000000 1.000000 1.000000 1.000000 1.000000 1.000000 1.000000 1.000000 1.000000 1.000000 1.000000 1.000000 1.000000 1.000000 1.000000 1.000000 1.000000 1.000000 1.000000 1.000000 1.000000 1.000000 1.000000 1.000000 1.000000 1.000000 1.000000 1.000000 1.000000 1.000000 1.000000 1.000000 1.000000 1.000000 1.000000 1.000000 1.000000 1.000000 1.000000 1.000000 1.000000 1.000000 1.000000 1.000000 1.000000 1.000000 1.000000 1.000000 1.000000 1.000000 1.000000 1.000000 1.000000 1.000000 1.000000 1.000000 1.000000 1.000000 1.000000 1.000000 1.000000 1.000000 1.000000 1.000000 1.000000 1.000000 1.000000 1.000000 1.000000 1.000000 1.000000 1.000000 1.000000 1.000000 1.000000 1.000000 1.000000 1.000000 1.000000 1.000000 1.000000 1.000000 1.000000 1.000000 1.000000 1.000000 1.000000 1.000000 1.000000 1.000000 1.000000 1.000000 1.000000 1.000000 1.000000 1.000000 1.000000 1.000000 1.000000 1.000000 1.000000 1.000000 1.000000 1.000000 1.000000 1.000000 1.000000 1.000000 1.000000 1.000000 1.000000 1.000000 1.000000 1.000000 1.000000 1.000000 1.000000 1.000000 1.000000 1.000000 1.000000 1.000000 1.000000 1.000000 1.000000 1.000000 1.000000 1.000000 1.000000 1.000000 1.000000 1.000000 1.000000 1.000000 1.000000 1.000000 1.000000 1.000000 1.000000 1.000000 1.000000 1.000000 1.000000 1.000000 1.000000 1.000000 1.000000 1.000000 1.000000 1.000000 1.000000 1.000000 1.000000 1.000000 1.000000 1.000000 1.000000 1.000000 1.000000 1.000000 1.000000 1.000000 1.000000 1.000000 1.000000 1.000000 1.000000 1.000000 1.000000 1.000000 1.000000 1.000000 1.000000 1.000000 1.000000 1.000000 1.000000 1.000000 1.000000 1.000000 1.000000 1.000000 1.000000 1.000000 1.000000 1.000000 1.000000 1.000000 1.000000 1.000000 1.000000 1.000000 1.000000 1.000000 1.000000 1.000000 1.000000
