0.015 0.092
0.000000 0.000000 0.000000 0.000000 0.000000 0.000000 0.000000 0.000000 0.000000 0.000000 0.000000 0.000000 0.000000 0.000000 0.000000 0.000000 0.000000 0.000000 0.000000 0.000000 0.000000 0.000000 0.000000 0.000000 0.000000 0.000000 0.000000 0.000000 0.000000 0.000000 0.000000 0.000000 0.000000 0.000000 0.000000 0.000000 0.000000 0.000000 0.000000 0.000000 0.000000 0.000000 0.000000 0.000000 0.000000 0.000000 0.000000 0.000000 0.000000 0.000000 0.000000 0.000000 0.000000 0.000000 0.000000 0.000000 0.000000 0.000000 0.000000 0.000000 0.000000 0.000000 0.000000 0.000000 0.000000 0.000000 0.000000 0.000000 0.000000 0.000000 0.000000 0.000000 0.000000 0.000000 0.000000 0.000000 0.000000 0.000000 0.000000 0.000000 0.000000 0.000000 0.000000 0.000000 0.000000 0.000000 0.000000 0.000000 0.000000 0.000000 0.000000 0.000000 0.000000 0.000000 0.000000 0.000000 0.000000 0.000000 0.000000 0.000000 0.000000 0.000000 0.000000 0.000000 0.000000 0.000000 0.000000 0.000000 0.000000 0.000000 0.000000 0.000000 0.000000 0.000000 0.000000 0.000000 0.000000 0.000000 0.000000 0.000000 0.000000 0.000000 0.000000 0.000000 0.000000 0.000000 0.000000 0.000000 0.000000 0.000000 0.000000 0.000000 0.000000 0.000000 0.000000 0.000000 0.000000 0.000000 0.000000 0.000000 0.000000 0.000000 0.000000 0.000000 0.000000 0.000000 0.000000 0.000000 0.000000 0.000000 0.000000 0.000000 0.000000 0.000000 0.000000 0.000000 0.000000 0.000000 0.000000 0.000000 0.000000 0.000000 0.000000 0.000000 0.000000 0.000000 0.000000 0.000000 0.000000 0.000000 0.000000 0.000000 0.000000 0.000000 0.000000 0.000000 0.000000 0.000000 0.000000 0.000000 0.000000 0.000000 0.000000 0.000000 0.000000 0.000000 0.000000 0.000000 0.000000 0.000000 0.000000 0.000000 0.000000 0.000000 0.000000 0.000000 0.000000 0.000000 0.000000 0.000000 0.000000 0.000000
0.000000 0.069179 0.090770 0.079431 0.072685 0.070485 0.072840 0.079349 0.088373 0.097267 0.103211 0.104411 0.101015 0.095068 0.089397 0.086262 0.086651 0.090232 0.095606 0.100774 0.103893 0.104055 0.101533 0.097363 0.092709 0.088448 0.085076 0.082772 0.081477 0.080952 0.080837 0.080741 0.080345 0.079483 0.078168 0.076550 0.074839 0.073222 0.071821 0.070677 0.069761 0.069004 0.068326 0.067658 0.066955 0.066204 0.065414 0.064612 0.063827 0.063084 0.062399 0.061776 0.061213 0.060702 0.060233 0.059801 0.059401 0.059031 0.058693 0.058390 0.058123 0.057894 0.057704 0.057551 0.057435 0.057353 0.057304 0.057286 0.057298 0.057337 0.057402 0.057491 0.057604 0.057738 0.057892 0.058063 0.058251 0.058451 0.058664 0.058885 0.059115 0.059350 0.059588 0.059828 0.060067 0.060304 0.060536 0.060763 0.060981 0.061190 0.061387 0.061572 0.061742 0.061897 0.062035 0.062155 0.062257 0.062340 0.062402 0.062444 0.062465 0.062465 0.062444 0.062402 0.062340 0.062257 0.062155 0.062035 0.061897 0.061742 0.061572 0.061387 0.061190 0.060981 0.060763 0.060536 0.060304 0.060067 0.059828 0.059588 0.059350 0.059115 0.058885 0.058664 0.058451 0.058251 0.058064 0.057892 0.057739 0.057604 0.057492 0.057402 0.057337 0.057298 0.057286 0.057304 0.057353 0.057435 0.057551 0.057704 0.057894 0.058123 0.058390 0.058694 0.059031 0.059401 0.059801 0.060233 0.060702 0.061213 0.061776 0.062399 0.063085 0.063827 0.064612 0.065414 0.066204 0.066955 0.067658 0.068326 0.069004 0.069761 0.070677 0.071821 0.073222 0.074839 0.076551 0.078168 0.079483 0.080345 0.080741 0.080837 0.080952 0.081477 0.082772 0.085076 0.088449 0.092710 0.097364 0.101533 0.104056 0.103894 0.100774 0.095606 0.090232 0.086652 0.086263 0.089397 0.095068 0.101015 0.104412 0.103211 0.097267 0.088374 0.079349 0.072841 0.070485 0.072686 0.079432 0.090771 0.069179 0.000000
0.000000 0.247553 0.187287 0.179039 0.187970 0.211456 0.243996 0.278704 0.308649 0.328461 0.334733 0.326361 0.305599 0.278748 0.254685 0.241337 0.242606 0.257432 0.280567 0.304681 0.323344 0.333242 0.334394 0.328940 0.319761 0.309593 0.300603 0.294201 0.290948 0.290577 0.292184 0.294563 0.296588 0.297515 0.297089 0.295490 0.293157 0.290595 0.288223 0.286294 0.284881 0.283913 0.283235 0.282675 0.282092 0.281404 0.280592 0.279684 0.278737 0.277810 0.276951 0.276186 0.275525 0.274959 0.274474 0.274056 0.273693 0.273380 0.273116 0.272904 0.272750 0.272656 0.272626 0.272659 0.272755 0.272910 0.273121 0.273384 0.273696 0.274055 0.274456 0.274896 0.275373 0.275883 0.276422 0.276987 0.277574 0.278179 0.278797 0.279425 0.280058 0.280693 0.281326 0.281951 0.282567 0.283168 0.283752 0.284314 0.284852 0.285362 0.285840 0.286285 0.286693 0.287062 0.287390 0.287675 0.287915 0.288108 0.288255 0.288353 0.288402 0.288402 0.288353 0.288255 0.288108 0.287915 0.287675 0.287390 0.287062 0.286693 0.286285 0.285840 0.285362 0.284852 0.284315 0.283752 0.283169 0.282567 0.281952 0.281326 0.280694 0.280059 0.279425 0.278797 0.278179 0.277575 0.276988 0.276423 0.275883 0.275373 0.274896 0.274456 0.274055 0.273697 0.273384 0.273121 0.272910 0.272755 0.272660 0.272626 0.272657 0.272750 0.272905 0.273116 0.273380 0.273694 0.274056 0.274475 0.274959 0.275525 0.276187 0.276952 0.277811 0.278738 0.279685 0.280592 0.281405 0.282092 0.282675 0.283235 0.283913 0.284882 0.286295 0.288224 0.290596 0.293158 0.295491 0.297090 0.297516 0.296589 0.294564 0.292185 0.290578 0.290949 0.294202 0.300604 0.309594 0.319762 0.328941 0.334395 0.333243 0.323345 0.304682 0.280568 0.257433 0.242607 0.241338 0.254686 0.278749 0.305600 0.326362 0.334734 0.328462 0.308650 0.278705 0.243997 0.211457 0.187971 0.179040 0.187288 0.247554 0.000000
1.000000 0.304707 0.275831 0.283923 0.329666 0.394491 0.462224 0.519072 0.558000 0.577138 0.576388 0.556264 0.519552 0.474024 0.432759 0.409556 0.412092 0.438264 0.477828 0.517952 0.549059 0.567237 0.573080 0.569476 0.560036 0.548339 0.537530 0.529944 0.526747 0.527801 0.531903 0.537333 0.542461 0.546183 0.548058 0.548228 0.547197 0.545602 0.544019 0.542842 0.542242 0.542191 0.542532 0.543057 0.543578 0.543971 0.544185 0.544235 0.544174 0.544069 0.543980 0.543947 0.543988 0.544102 0.544275 0.544493 0.544742 0.545012 0.545302 0.545614 0.545952 0.546320 0.546723 0.547161 0.547635 0.548143 0.548683 0.549251 0.549844 0.550460 0.551097 0.551752 0.552423 0.553107 0.553801 0.554503 0.555210 0.555919 0.556626 0.557329 0.558024 0.558709 0.559380 0.560035 0.560671 0.561285 0.561874 0.562436 0.562969 0.563470 0.563938 0.564369 0.564763 0.565117 0.565430 0.565701 0.565929 0.566112 0.566250 0.566343 0.566389 0.566389 0.566343 0.566250 0.566112 0.565929 0.565701 0.565430 0.565117 0.564763 0.564369 0.563938 0.563471 0.562970 0.562437 0.561874 0.561285 0.560671 0.560035 0.559380 0.558709 0.558024 0.557329 0.556626 0.555919 0.555211 0.554504 0.553802 0.553107 0.552423 0.551753 0.551098 0.550461 0.549845 0.549251 0.548683 0.548144 0.547636 0.547162 0.546723 0.546321 0.545952 0.545615 0.545303 0.545013 0.544742 0.544494 0.544276 0.544102 0.543989 0.543948 0.543981 0.544069 0.544174 0.544236 0.544186 0.543972 0.543579 0.543058 0.542533 0.542192 0.542243 0.542843 0.544020 0.545603 0.547198 0.548229 0.548059 0.546183 0.542462 0.537334 0.531904 0.527802 0.526748 0.529945 0.537531 0.548340 0.560037 0.569477 0.573081 0.567238 0.549060 0.517953 0.477829 0.438265 0.412094 0.409558 0.432760 0.474025 0.519553 0.556265 0.576388 0.577138 0.558000 0.519073 0.462225 0.394493 0.329669 0.283925 0.275833 0.304708 1.000000
0.000000 0.295476 0.282403 0.335967 0.417070 0.510088 0.593036 0.652635 0.686356 0.696637 0.685829 0.655252 0.607715 0.551432 0.501308 0.473800 0.478024 0.510674 0.558428 0.605673 0.641739 0.662946 0.670490 0.667731 0.658625 0.647101 0.636685 0.630036 0.628464 0.631744 0.638424 0.646499 0.654134 0.660118 0.663993 0.665922 0.666456 0.666284 0.666036 0.666150 0.666829 0.668062 0.669692 0.671504 0.673296 0.674932 0.676348 0.677549 0.678583 0.679515 0.680404 0.681293 0.682201 0.683130 0.684069 0.685005 0.685922 0.686812 0.687671 0.688501 0.689304 0.690086 0.690850 0.691601 0.692338 0.693062 0.693772 0.694469 0.695149 0.695814 0.696462 0.697093 0.697707 0.698305 0.698885 0.699447 0.699992 0.700518 0.701025 0.701513 0.701981 0.702429 0.702856 0.703263 0.703648 0.704012 0.704355 0.704675 0.704973 0.705249 0.705503 0.705733 0.705941 0.706126 0.706289 0.706428 0.706544 0.706636 0.706706 0.706752 0.706776 0.706776 0.706753 0.706706 0.706636 0.706544 0.706428 0.706289 0.706127 0.705941 0.705734 0.705503 0.705249 0.704973 0.704675 0.704355 0.704012 0.703648 0.703263 0.702856 0.702429 0.701981 0.701513 0.701025 0.700518 0.699992 0.699447 0.698885 0.698305 0.697708 0.697093 0.696462 0.695814 0.695150 0.694469 0.693773 0.693062 0.692338 0.691601 0.690851 0.690086 0.689304 0.688501 0.687672 0.686812 0.685922 0.685005 0.684070 0.683130 0.682201 0.681293 0.680405 0.679516 0.678584 0.677549 0.676348 0.674932 0.673297 0.671504 0.669693 0.668063 0.666830 0.666150 0.666036 0.666285 0.666456 0.665922 0.663993 0.660119 0.654134 0.646499 0.638424 0.631745 0.628465 0.630037 0.636685 0.647101 0.658626 0.667731 0.670490 0.662946 0.641739 0.605674 0.558429 0.510676 0.478025 0.473802 0.501309 0.551433 0.607715 0.655252 0.685828 0.696636 0.686356 0.652635 0.593037 0.510089 0.417072 0.335969 0.282405 0.295477 0.000000
0.010503 0.131780 0.229393 0.304413 0.398112 0.495902 0.577804 0.631804 0.656577 0.655512 0.631916 0.588530 0.530290 0.467627 0.416055 0.390137 0.396405 0.430651 0.480043 0.529125 0.566563 0.587928 0.594219 0.589232 0.577724 0.564441 0.553466 0.547611 0.547992 0.553985 0.563683 0.574680 0.584851 0.592848 0.598218 0.601242 0.602641 0.603273 0.603895 0.605013 0.606839 0.609327 0.612266 0.615383 0.618434 0.621256 0.623776 0.626005 0.628003 0.629846 0.631605 0.633327 0.635035 0.636727 0.638391 0.640005 0.641553 0.643024 0.644411 0.645717 0.646945 0.648102 0.649193 0.650222 0.651192 0.652105 0.652960 0.653760 0.654505 0.655195 0.655833 0.656421 0.656959 0.657452 0.657900 0.658306 0.658672 0.659001 0.659294 0.659554 0.659783 0.659982 0.660155 0.660303 0.660428 0.660534 0.660620 0.660691 0.660747 0.660791 0.660825 0.660849 0.660866 0.660878 0.660885 0.660888 0.660890 0.660890 0.660889 0.660889 0.660888 0.660888 0.660889 0.660889 0.660890 0.660890 0.660888 0.660885 0.660878 0.660866 0.660849 0.660825 0.660791 0.660747 0.660691 0.660620 0.660534 0.660429 0.660303 0.660155 0.659983 0.659783 0.659554 0.659295 0.659001 0.658673 0.658306 0.657900 0.657452 0.656959 0.656421 0.655833 0.655196 0.654505 0.653761 0.652961 0.652105 0.651192 0.650222 0.649193 0.648102 0.646946 0.645717 0.644412 0.643024 0.641554 0.640005 0.638391 0.636728 0.635035 0.633327 0.631605 0.629846 0.628003 0.626006 0.623776 0.621256 0.618434 0.615383 0.612266 0.609327 0.606839 0.605013 0.603895 0.603273 0.602641 0.601242 0.598218 0.592848 0.584851 0.574680 0.563683 0.553985 0.547992 0.547611 0.553466 0.564441 0.577723 0.589232 0.594219 0.587927 0.566563 0.529125 0.480043 0.430652 0.396406 0.390138 0.416056 0.467627 0.530290 0.588529 0.631915 0.655510 0.656576 0.631803 0.577804 0.495903 0.398114 0.304416 0.229396 0.131781 0.010503
0.033646 0.094853 0.155544 0.221239 0.293118 0.367672 0.430243 0.469065 0.480472 0.466558 0.431764 0.382002 0.325654 0.273642 0.236537 0.220812 0.227677 0.253662 0.290925 0.328803 0.357717 0.372698 0.373946 0.365157 0.351443 0.337720 0.327716 0.323517 0.325529 0.332730 0.343135 0.354421 0.364567 0.372308 0.377282 0.379884 0.380955 0.381444 0.382141 0.383535 0.385783 0.388774 0.392239 0.395861 0.399372 0.402600 0.405480 0.408037 0.410345 0.412495 0.414563 0.416600 0.418622 0.420623 0.422581 0.424470 0.426268 0.427960 0.429541 0.431012 0.432377 0.433643 0.434817 0.435902 0.436903 0.437821 0.438657 0.439412 0.440087 0.440685 0.441209 0.441661 0.442045 0.442365 0.442626 0.442830 0.442981 0.443085 0.443143 0.443162 0.443143 0.443093 0.443013 0.442910 0.442786 0.442646 0.442494 0.442332 0.442166 0.441997 0.441831 0.441669 0.441514 0.441370 0.441238 0.441122 0.441021 0.440939 0.440876 0.440834 0.440813 0.440813 0.440834 0.440876 0.440939 0.441021 0.441122 0.441239 0.441370 0.441514 0.441669 0.441831 0.441997 0.442166 0.442332 0.442494 0.442646 0.442786 0.442910 0.443013 0.443093 0.443143 0.443162 0.443143 0.443085 0.442981 0.442830 0.442626 0.442366 0.442045 0.441661 0.441209 0.440685 0.440087 0.439412 0.438657 0.437821 0.436903 0.435902 0.434817 0.433643 0.432377 0.431011 0.429541 0.427960 0.426268 0.424470 0.422581 0.420623 0.418622 0.416600 0.414563 0.412494 0.410345 0.408037 0.405480 0.402599 0.399372 0.395861 0.392238 0.388774 0.385782 0.383535 0.382141 0.381444 0.380955 0.379883 0.377282 0.372308 0.364566 0.354420 0.343134 0.332729 0.325528 0.323516 0.327716 0.337719 0.351442 0.365156 0.373945 0.372697 0.357716 0.328802 0.290925 0.253662 0.227677 0.220812 0.236537 0.273641 0.325653 0.382001 0.431762 0.466556 0.480470 0.469063 0.430242 0.367673 0.293120 0.221241 0.155545 0.094854 0.033646
0.052886 0.082227 0.111479 0.142618 0.175676 0.207664 0.232735 0.244188 0.239008 0.219021 0.189377 0.156585 0.126799 0.104394 0.091343 0.087728 0.092575 0.104107 0.119375 0.134177 0.144186 0.146870 0.142551 0.133825 0.124018 0.115847 0.110873 0.109547 0.111546 0.116019 0.121808 0.127683 0.132610 0.135991 0.137751 0.138243 0.138046 0.137749 0.137795 0.138413 0.139631 0.141323 0.143288 0.145317 0.147244 0.148975 0.150486 0.151805 0.152991 0.154106 0.155199 0.156295 0.157401 0.158504 0.159587 0.160627 0.161610 0.162525 0.163368 0.164140 0.164845 0.165488 0.166071 0.166598 0.167069 0.167485 0.167847 0.168155 0.168410 0.168613 0.168766 0.168872 0.168933 0.168952 0.168933 0.168878 0.168789 0.168671 0.168526 0.168358 0.168169 0.167963 0.167743 0.167512 0.167273 0.167030 0.166786 0.166543 0.166305 0.166073 0.165852 0.165642 0.165447 0.165268 0.165107 0.164966 0.164846 0.164749 0.164675 0.164625 0.164600 0.164600 0.164625 0.164675 0.164749 0.164846 0.164966 0.165107 0.165268 0.165447 0.165642 0.165852 0.166073 0.166305 0.166543 0.166786 0.167030 0.167273 0.167512 0.167743 0.167963 0.168169 0.168358 0.168526 0.168671 0.168789 0.168878 0.168933 0.168952 0.168933 0.168872 0.168766 0.168613 0.168410 0.168155 0.167847 0.167485 0.167069 0.166598 0.166071 0.165488 0.164845 0.164140 0.163368 0.162525 0.161610 0.160627 0.159586 0.158504 0.157401 0.156295 0.155199 0.154106 0.152991 0.151805 0.150486 0.148975 0.147244 0.145316 0.143287 0.141323 0.139631 0.138413 0.137794 0.137749 0.138046 0.138243 0.137751 0.135991 0.132609 0.127682 0.121808 0.116018 0.111546 0.109547 0.110872 0.115847 0.124018 0.133825 0.142550 0.146869 0.144186 0.134176 0.119375 0.104106 0.092574 0.087728 0.091343 0.104393 0.126798 0.156584 0.189376 0.219019 0.239006 0.244186 0.232734 0.207665 0.175677 0.142619 0.111480 0.082228 0.052886
0.071719 0.081490 0.090563 0.098052 0.102913 0.104318 0.101338 0.093512 0.081490 0.067352 0.053770 0.042847 0.035562 0.031881 0.031163 0.032553 0.035197 0.038260 0.040821 0.041893 0.040718 0.037223 0.032177 0.026835 0.022346 0.019377 0.018039 0.018064 0.019041 0.020525 0.022059 0.023272 0.023964 0.024119 0.023848 0.023331 0.022766 0.022313 0.022070 0.022065 0.022263 0.022598 0.022993 0.023382 0.023718 0.023985 0.024184 0.024333 0.024456 0.024573 0.024697 0.024833 0.024980 0.025130 0.025278 0.025415 0.025536 0.025640 0.025726 0.025795 0.025848 0.025886 0.025912 0.025925 0.025925 0.025913 0.025889 0.025853 0.025804 0.025743 0.025672 0.025590 0.025499 0.025400 0.025292 0.025178 0.025058 0.024933 0.024804 0.024671 0.024537 0.024401 0.024265 0.024130 0.023996 0.023865 0.023738 0.023614 0.023496 0.023383 0.023278 0.023179 0.023088 0.023006 0.022933 0.022870 0.022817 0.022773 0.022741 0.022719 0.022708 0.022708 0.022719 0.022741 0.022773 0.022817 0.022870 0.022933 0.023006 0.023088 0.023179 0.023278 0.023383 0.023496 0.023614 0.023738 0.023865 0.023996 0.024130 0.024265 0.024401 0.024537 0.024671 0.024804 0.024933 0.025058 0.025178 0.025292 0.025399 0.025499 0.025590 0.025672 0.025743 0.025804 0.025853 0.025889 0.025913 0.025925 0.025925 0.025912 0.025886 0.025847 0.025795 0.025726 0.025640 0.025536 0.025414 0.025277 0.025130 0.024979 0.024833 0.024697 0.024573 0.024456 0.024333 0.024184 0.023984 0.023718 0.023381 0.022993 0.022598 0.022263 0.022064 0.022070 0.022313 0.022765 0.023331 0.023848 0.024118 0.023964 0.023272 0.022059 0.020524 0.019041 0.018064 0.018039 0.019377 0.022346 0.026835 0.032177 0.037222 0.040717 0.041892 0.040821 0.038260 0.035197 0.032553 0.031163 0.031881 0.035562 0.042846 0.053769 0.067352 0.081489 0.093512 0.101337 0.104318 0.102914 0.098053 0.090564 0.081491 0.071720
0.091871 0.086989 0.084700 0.081049 0.074474 0.065087 0.053920 0.042349 0.031797 0.023403 0.017817 0.015099 0.014803 0.016163 0.018294 0.020366 0.021714 0.021899 0.020718 0.018207 0.014648 0.010554 0.006562 0.003240 0.000921 -0.000007 -0.000007 -0.000007 -0.000007 -0.000007 -0.000000 -0.000007 -0.000007 -0.000007 -0.000007 -0.000007 -0.000007 -0.000007 -0.000007 -0.000007 -0.000007 -0.000007 -0.000007 -0.000007 -0.000007 -0.000007 -0.000007 -0.000007 -0.000007 -0.000007 -0.000007 -0.000007 -0.000007 -0.000007 -0.000007 -0.000007 -0.000007 -0.000007 -0.000007 -0.000007 -0.000007 -0.000007 -0.000007 -0.000007 -0.000007 -0.000007 -0.000007 -0.000007 -0.000007 -0.000007 -0.000007 -0.000007 -0.000007 -0.000007 -0.000007 -0.000007 -0.000007 -0.000007 -0.000007 -0.000007 -0.000007 -0.000007 -0.000007 -0.000007 -0.000007 -0.000007 -0.000007 -0.000007 -0.000007 -0.000007 -0.000007 -0.000007 -0.000007 -0.000007 -0.000007 -0.000007 -0.000007 -0.000007 -0.000007 -0.000007 -0.000007 -0.000007 -0.000007 -0.000007 -0.000007 -0.000007 -0.000007 -0.000007 -0.000007 -0.000007 -0.000007 -0.000007 -0.000007 -0.000007 -0.000007 -0.000007 -0.000007 -0.000007 -0.000007 -0.000007 -0.000007 -0.000007 -0.000007 -0.000007 -0.000007 -0.000007 -0.000007 -0.000007 -0.000007 -0.000007 -0.000007 -0.000007 -0.000007 -0.000007 -0.000007 -0.000007 -0.000007 -0.000007 -0.000007 -0.000007 -0.000007 -0.000007 -0.000007 -0.000007 -0.000007 -0.000007 -0.000007 -0.000007 -0.000007 -0.000007 -0.000007 -0.000007 -0.000007 -0.000007 -0.000007 -0.000007 -0.000007 -0.000007 -0.000007 -0.000007 -0.000007 -0.000007 -0.000007 -0.000007 -0.000007 -0.000007 -0.000007 -0.000007 -0.000007 -0.000007 -0.000007 -0.000000 -0.000007 -0.000007 -0.000007 -0.000007 -0.000007 0.000920 0.003240 0.006562 0.010554 0.014648 0.018207 0.020718 0.021899 0.021714 0.020366 0.018294 0.016163 0.014803 0.015099 0.017817 0.023403 0.031797 0.042349 0.053920 0.065087 0.074475 0.081050 0.084701 0.086990 0.091871
0.108362 0.093940 0.086210 0.078608 0.069223 0.058273 0.046928 0.036517 0.028065 0.022145 0.018852 0.017889 0.018681 0.020490 0.022538 0.024120 0.024715 0.024057 0.022158 0.019274 0.015830 0.012320 0.009193 0.006757 0.005125 0.004241 0.003898 0.003817 0.003772 0.003614 0.003242 0.002639 0.001893 0.001134 0.000463 -0.000007 -0.000007 -0.000007 -0.000007 -0.000007 -0.000007 -0.000007 -0.000007 -0.000007 -0.000007 -0.000007 -0.000007 -0.000007 -0.000007 -0.000007 -0.000007 -0.000007 -0.000007 -0.000007 -0.000007 -0.000007 -0.000007 -0.000007 -0.000007 -0.000007 -0.000007 -0.000007 -0.000007 -0.000007 -0.000007 -0.000007 -0.000007 -0.000007 -0.000007 -0.000007 -0.000007 -0.000007 -0.000007 -0.000007 -0.000007 -0.000007 -0.000007 -0.000007 -0.000007 -0.000007 -0.000007 -0.000007 -0.000007 -0.000007 -0.000007 -0.000007 -0.000007 -0.000007 -0.000007 -0.000007 -0.000007 -0.000007 -0.000007 -0.000007 -0.000007 -0.000007 -0.000007 -0.000007 -0.000007 -0.000007 -0.000007 -0.000007 -0.000007 -0.000007 -0.000007 -0.000007 -0.000007 -0.000007 -0.000007 -0.000007 -0.000007 -0.000007 -0.000007 -0.000007 -0.000007 -0.000007 -0.000007 -0.000007 -0.000007 -0.000007 -0.000007 -0.000007 -0.000007 -0.000007 -0.000007 -0.000007 -0.000007 -0.000007 -0.000007 -0.000007 -0.000007 -0.000007 -0.000007 -0.000007 -0.000007 -0.000007 -0.000007 -0.000007 -0.000007 -0.000007 -0.000007 -0.000007 -0.000007 -0.000007 -0.000007 -0.000007 -0.000007 -0.000007 -0.000007 -0.000007 -0.000007 -0.000007 -0.000007 -0.000007 -0.000007 -0.000007 -0.000007 -0.000007 -0.000007 -0.000007 -0.000007 -0.000007 -0.000007 -0.000007 -0.000007 -0.000007 -0.000007 0.000463 0.001134 0.001893 0.002639 0.003242 0.003614 0.003772 0.003817 0.003898 0.004241 0.005125 0.006757 0.009193 0.012320 0.015830 0.019274 0.022158 0.024057 0.024716 0.024121 0.022538 0.020490 0.018681 0.017889 0.018852 0.022145 0.028065 0.036517 0.046928 0.058274 0.069224 0.078609 0.086212 0.093941 0.108363
0.113786 0.098955 0.089882 0.081786 0.072791 0.062948 0.053146 0.044383 0.037398 0.032544 0.029823 0.028953 0.029448 0.030704 0.032090 0.033040 0.033150 0.032241 0.030369 0.027788 0.024865 0.021989 0.019479 0.017530 0.016193 0.015388 0.014964 0.014725 0.014507 0.014186 0.013698 0.013040 0.012263 0.011450 0.010683 0.010025 0.009509 0.009123 0.008833 0.008605 0.008414 0.008245 0.008088 0.007940 0.007803 0.007678 0.007567 0.007473 0.007396 0.007334 0.007286 0.007250 0.007225 0.007208 0.007198 0.007195 0.007199 0.007208 0.007223 0.007243 0.007268 0.007297 0.007331 0.007369 0.007410 0.007454 0.007501 0.007550 0.007602 0.007656 0.007711 0.007768 0.007827 0.007886 0.007946 0.008007 0.008068 0.008130 0.008191 0.008252 0.008312 0.008372 0.008430 0.008487 0.008543 0.008596 0.008648 0.008698 0.008745 0.008789 0.008831 0.008869 0.008904 0.008936 0.008964 0.008988 0.009009 0.009025 0.009038 0.009046 0.009050 0.009050 0.009046 0.009038 0.009025 0.009009 0.008988 0.008964 0.008936 0.008904 0.008869 0.008831 0.008789 0.008745 0.008698 0.008648 0.008597 0.008543 0.008487 0.008430 0.008372 0.008312 0.008252 0.008191 0.008130 0.008068 0.008007 0.007946 0.007886 0.007827 0.007768 0.007711 0.007656 0.007602 0.007550 0.007501 0.007454 0.007410 0.007369 0.007331 0.007298 0.007268 0.007243 0.007223 0.007208 0.007199 0.007196 0.007198 0.007208 0.007225 0.007250 0.007286 0.007334 0.007396 0.007474 0.007568 0.007678 0.007803 0.007940 0.008088 0.008245 0.008415 0.008605 0.008833 0.009123 0.009509 0.010025 0.010683 0.011450 0.012263 0.013040 0.013698 0.014186 0.014507 0.014725 0.014964 0.015388 0.016193 0.017530 0.019479 0.021989 0.024866 0.027788 0.030369 0.032241 0.033150 0.033040 0.032090 0.030704 0.029448 0.028953 0.029824 0.032544 0.037399 0.044384 0.053146 0.062949 0.072792 0.081788 0.089884 0.098957 0.113787
0.112833 0.100964 0.093030 0.085998 0.078437 0.070301 0.062223 0.054960 0.049082 0.044873 0.042341 0.041271 0.041286 0.041914 0.042660 0.043085 0.042880 0.041914 0.040244 0.038070 0.035678 0.033355 0.031331 0.029741 0.028608 0.027871 0.027412 0.027088 0.026778 0.026396 0.025900 0.025292 0.024608 0.023904 0.023237 0.022647 0.022159 0.021770 0.021466 0.021225 0.021026 0.020851 0.020693 0.020547 0.020414 0.020296 0.020196 0.020118 0.020060 0.020024 0.020006 0.020005 0.020018 0.020043 0.020079 0.020125 0.020179 0.020241 0.020311 0.020387 0.020470 0.020559 0.020653 0.020752 0.020855 0.020962 0.021071 0.021184 0.021298 0.021415 0.021533 0.021652 0.021772 0.021892 0.022012 0.022132 0.022251 0.022369 0.022486 0.022601 0.022714 0.022824 0.022932 0.023037 0.023138 0.023235 0.023328 0.023417 0.023500 0.023579 0.023652 0.023720 0.023781 0.023837 0.023886 0.023928 0.023964 0.023992 0.024014 0.024028 0.024035 0.024035 0.024028 0.024014 0.023992 0.023964 0.023928 0.023886 0.023837 0.023781 0.023720 0.023652 0.023579 0.023500 0.023417 0.023328 0.023235 0.023138 0.023037 0.022932 0.022824 0.022714 0.022601 0.022486 0.022369 0.022251 0.022132 0.022012 0.021892 0.021772 0.021652 0.021533 0.021415 0.021299 0.021184 0.021072 0.020962 0.020855 0.020752 0.020653 0.020559 0.020470 0.020387 0.020311 0.020241 0.020179 0.020125 0.020080 0.020043 0.020018 0.020005 0.020006 0.020024 0.020061 0.020118 0.020197 0.020296 0.020414 0.020547 0.020693 0.020852 0.021026 0.021225 0.021467 0.021770 0.022159 0.022648 0.023237 0.023904 0.024608 0.025292 0.025901 0.026397 0.026779 0.027088 0.027412 0.027872 0.028609 0.029741 0.031332 0.033355 0.035678 0.038071 0.040244 0.041915 0.042880 0.043085 0.042661 0.041915 0.041286 0.041271 0.042341 0.044874 0.049082 0.054961 0.062224 0.070302 0.078438 0.085999 0.093032 0.100965 0.112834
0.109907 0.100909 0.094795 0.089331 0.083427 0.077011 0.070545 0.064618 0.059698 0.056038 0.053670 0.052444 0.052079 0.052216 0.052477 0.052528 0.052139 0.051211 0.049788 0.048018 0.046109 0.044270 0.042665 0.041385 0.040446 0.039799 0.039355 0.039013 0.038684 0.038307 0.037857 0.037337 0.036774 0.036210 0.035682 0.035219 0.034836 0.034533 0.034300 0.034121 0.033981 0.033866 0.033769 0.033686 0.033618 0.033566 0.033532 0.033520 0.033528 0.033557 0.033605 0.033669 0.033748 0.033839 0.033941 0.034053 0.034173 0.034302 0.034437 0.034578 0.034726 0.034879 0.035036 0.035197 0.035362 0.035529 0.035698 0.035869 0.036040 0.036213 0.036385 0.036558 0.036729 0.036900 0.037069 0.037237 0.037402 0.037564 0.037724 0.037880 0.038033 0.038181 0.038325 0.038464 0.038597 0.038726 0.038848 0.038963 0.039073 0.039175 0.039269 0.039357 0.039436 0.039507 0.039570 0.039624 0.039670 0.039706 0.039734 0.039752 0.039761 0.039761 0.039752 0.039734 0.039706 0.039670 0.039624 0.039570 0.039507 0.039436 0.039357 0.039270 0.039175 0.039073 0.038964 0.038848 0.038726 0.038598 0.038464 0.038325 0.038181 0.038033 0.037880 0.037724 0.037565 0.037402 0.037237 0.037069 0.036900 0.036730 0.036558 0.036386 0.036213 0.036041 0.035869 0.035698 0.035529 0.035362 0.035198 0.035036 0.034879 0.034726 0.034579 0.034437 0.034302 0.034174 0.034053 0.033942 0.033839 0.033748 0.033669 0.033605 0.033557 0.033528 0.033520 0.033533 0.033566 0.033618 0.033686 0.033769 0.033866 0.033981 0.034121 0.034300 0.034533 0.034836 0.035219 0.035682 0.036210 0.036775 0.037337 0.037857 0.038308 0.038684 0.039013 0.039356 0.039800 0.040447 0.041385 0.042665 0.044270 0.046110 0.048018 0.049788 0.051212 0.052139 0.052529 0.052477 0.052216 0.052080 0.052444 0.053670 0.056038 0.059699 0.064618 0.070545 0.077012 0.083428 0.089332 0.094797 0.100910 0.109908
0.106673 0.099795 0.095283 0.091289 0.086895 0.082001 0.076946 0.072198 0.068146 0.065018 0.062866 0.061593 0.060996 0.060808 0.060748 0.060570 0.060101 0.059270 0.058105 0.056711 0.055234 0.053820 0.052584 0.051588 0.050840 0.050304 0.049915 0.049601 0.049300 0.048971 0.048596 0.048181 0.047747 0.047322 0.046934 0.046602 0.046334 0.046131 0.045984 0.045882 0.045814 0.045770 0.045745 0.045735 0.045740 0.045762 0.045802 0.045861 0.045939 0.046035 0.046149 0.046277 0.046418 0.046570 0.046732 0.046902 0.047080 0.047264 0.047454 0.047649 0.047848 0.048052 0.048258 0.048467 0.048678 0.048890 0.049102 0.049315 0.049527 0.049738 0.049949 0.050157 0.050364 0.050568 0.050769 0.050967 0.051161 0.051351 0.051537 0.051719 0.051895 0.052066 0.052231 0.052390 0.052543 0.052688 0.052827 0.052958 0.053081 0.053196 0.053302 0.053400 0.053489 0.053569 0.053639 0.053699 0.053750 0.053791 0.053821 0.053842 0.053852 0.053852 0.053842 0.053821 0.053791 0.053750 0.053699 0.053639 0.053569 0.053489 0.053400 0.053302 0.053196 0.053081 0.052958 0.052827 0.052688 0.052543 0.052390 0.052231 0.052066 0.051895 0.051719 0.051538 0.051352 0.051161 0.050967 0.050769 0.050568 0.050364 0.050157 0.049949 0.049739 0.049527 0.049315 0.049102 0.048890 0.048678 0.048467 0.048259 0.048052 0.047849 0.047649 0.047454 0.047264 0.047080 0.046902 0.046732 0.046570 0.046418 0.046277 0.046149 0.046036 0.045939 0.045861 0.045802 0.045762 0.045741 0.045735 0.045745 0.045771 0.045815 0.045883 0.045984 0.046131 0.046334 0.046602 0.046935 0.047323 0.047748 0.048181 0.048596 0.048971 0.049301 0.049601 0.049915 0.050304 0.050840 0.051588 0.052584 0.053821 0.055235 0.056712 0.058105 0.059271 0.060101 0.060570 0.060749 0.060809 0.060997 0.061594 0.062866 0.065018 0.068147 0.072198 0.076947 0.082002 0.086897 0.091290 0.095284 0.099797 0.106673
0.103735 0.098255 0.094896 0.092039 0.088847 0.085183 0.081292 0.077543 0.074258 0.071639 0.069746 0.068523 0.067825 0.067458 0.067217 0.066924 0.066454 0.065753 0.064839 0.063781 0.062678 0.061629 0.060712 0.059968 0.059400 0.058982 0.058669 0.058410 0.058163 0.057901 0.057613 0.057305 0.056992 0.056695 0.056432 0.056215 0.056050 0.055936 0.055866 0.055833 0.055828 0.055845 0.055879 0.055929 0.055993 0.056074 0.056171 0.056284 0.056414 0.056560 0.056719 0.056892 0.057075 0.057267 0.057467 0.057674 0.057887 0.058105 0.058327 0.058553 0.058782 0.059013 0.059246 0.059480 0.059714 0.059948 0.060182 0.060415 0.060646 0.060875 0.061102 0.061327 0.061548 0.061766 0.061980 0.062190 0.062396 0.062596 0.062792 0.062983 0.063167 0.063346 0.063518 0.063683 0.063841 0.063992 0.064135 0.064270 0.064397 0.064515 0.064625 0.064725 0.064816 0.064898 0.064969 0.065031 0.065083 0.065125 0.065156 0.065177 0.065187 0.065187 0.065177 0.065156 0.065125 0.065083 0.065031 0.064970 0.064898 0.064816 0.064725 0.064625 0.064515 0.064397 0.064270 0.064135 0.063992 0.063841 0.063683 0.063518 0.063346 0.063167 0.062983 0.062792 0.062597 0.062396 0.062190 0.061980 0.061766 0.061548 0.061327 0.061103 0.060876 0.060646 0.060415 0.060182 0.059949 0.059714 0.059480 0.059246 0.059013 0.058782 0.058553 0.058327 0.058105 0.057887 0.057674 0.057467 0.057267 0.057075 0.056892 0.056720 0.056560 0.056415 0.056285 0.056171 0.056074 0.055994 0.055929 0.055879 0.055845 0.055828 0.055833 0.055866 0.055936 0.056050 0.056215 0.056432 0.056696 0.056993 0.057306 0.057614 0.057901 0.058164 0.058410 0.058669 0.058983 0.059401 0.059968 0.060713 0.061630 0.062678 0.063781 0.064839 0.065754 0.066455 0.066925 0.067218 0.067458 0.067825 0.068523 0.069746 0.071639 0.074258 0.077543 0.081293 0.085184 0.088848 0.092040 0.094898 0.098257 0.103736
0.101313 0.096675 0.094054 0.091974 0.089649 0.086906 0.083914 0.080965 0.078323 0.076161 0.074540 0.073428 0.072723 0.072286 0.071969 0.071645 0.071223 0.070663 0.069974 0.069201 0.068408 0.067660 0.067007 0.066475 0.066064 0.065757 0.065522 0.065326 0.065140 0.064948 0.064743 0.064530 0.064321 0.064130 0.063967 0.063842 0.063757 0.063711 0.063700 0.063717 0.063756 0.063815 0.063888 0.063976 0.064078 0.064193 0.064323 0.064467 0.064624 0.064794 0.064976 0.065167 0.065367 0.065575 0.065788 0.066007 0.066230 0.066458 0.066688 0.066921 0.067155 0.067391 0.067627 0.067864 0.068100 0.068336 0.068570 0.068803 0.069033 0.069261 0.069486 0.069708 0.069927 0.070142 0.070353 0.070560 0.070761 0.070958 0.071150 0.071336 0.071516 0.071690 0.071858 0.072019 0.072172 0.072319 0.072458 0.072589 0.072712 0.072826 0.072932 0.073029 0.073117 0.073195 0.073265 0.073324 0.073374 0.073414 0.073444 0.073465 0.073475 0.073475 0.073465 0.073444 0.073414 0.073374 0.073324 0.073265 0.073196 0.073117 0.073029 0.072932 0.072826 0.072712 0.072589 0.072458 0.072319 0.072172 0.072019 0.071858 0.071690 0.071516 0.071336 0.071150 0.070958 0.070762 0.070560 0.070353 0.070142 0.069927 0.069709 0.069487 0.069261 0.069033 0.068803 0.068570 0.068336 0.068101 0.067864 0.067628 0.067391 0.067155 0.066921 0.066688 0.066458 0.066231 0.066007 0.065788 0.065575 0.065368 0.065167 0.064976 0.064795 0.064625 0.064467 0.064324 0.064194 0.064078 0.063977 0.063889 0.063815 0.063757 0.063717 0.063700 0.063711 0.063757 0.063842 0.063967 0.064130 0.064322 0.064531 0.064743 0.064948 0.065141 0.065326 0.065523 0.065758 0.066065 0.066475 0.067007 0.067661 0.068409 0.069201 0.069974 0.070663 0.071223 0.071645 0.071970 0.072286 0.072723 0.073428 0.074540 0.076161 0.078324 0.080966 0.083915 0.086906 0.089650 0.091976 0.094055 0.096677 0.101313
0.099455 0.095283 0.093088 0.091493 0.089744 0.087644 0.085308 0.082965 0.080831 0.079052 0.077684 0.076709 0.076054 0.075617 0.075292 0.074987 0.074636 0.074209 0.073710 0.073166 0.072616 0.072102 0.071654 0.071288 0.071005 0.070791 0.070625 0.070485 0.070355 0.070223 0.070087 0.069950 0.069821 0.069708 0.069619 0.069558 0.069528 0.069527 0.069552 0.069598 0.069663 0.069742 0.069835 0.069939 0.070056 0.070184 0.070324 0.070476 0.070638 0.070811 0.070992 0.071182 0.071378 0.071580 0.071786 0.071997 0.072212 0.072429 0.072648 0.072870 0.073092 0.073315 0.073539 0.073762 0.073984 0.074206 0.074426 0.074644 0.074861 0.075074 0.075286 0.075494 0.075699 0.075900 0.076097 0.076290 0.076479 0.076663 0.076842 0.077016 0.077185 0.077347 0.077504 0.077654 0.077798 0.077935 0.078064 0.078186 0.078301 0.078408 0.078507 0.078597 0.078679 0.078752 0.078817 0.078872 0.078919 0.078956 0.078984 0.079003 0.079012 0.079012 0.079003 0.078984 0.078956 0.078919 0.078872 0.078817 0.078752 0.078679 0.078597 0.078507 0.078408 0.078301 0.078186 0.078064 0.077935 0.077798 0.077654 0.077504 0.077348 0.077185 0.077017 0.076843 0.076663 0.076479 0.076291 0.076097 0.075900 0.075699 0.075494 0.075286 0.075075 0.074861 0.074645 0.074426 0.074206 0.073985 0.073762 0.073539 0.073316 0.073092 0.072870 0.072649 0.072429 0.072212 0.071998 0.071787 0.071580 0.071378 0.071182 0.070993 0.070811 0.070639 0.070476 0.070325 0.070184 0.070056 0.069940 0.069835 0.069742 0.069663 0.069599 0.069552 0.069528 0.069529 0.069559 0.069619 0.069708 0.069821 0.069951 0.070087 0.070224 0.070355 0.070486 0.070625 0.070791 0.071005 0.071289 0.071654 0.072102 0.072616 0.073166 0.073711 0.074210 0.074636 0.074987 0.075292 0.075617 0.076054 0.076709 0.077684 0.079052 0.080831 0.082965 0.085309 0.087645 0.089745 0.091495 0.093090 0.095285 0.099456
0.098132 0.094191 0.092216 0.090899 0.089509 0.087835 0.085952 0.084044 0.082292 0.080815 0.079663 0.078824 0.078244 0.077845 0.077548 0.077286 0.077011 0.076699 0.076349 0.075977 0.075607 0.075263 0.074966 0.074722 0.074533 0.074388 0.074275 0.074180 0.074093 0.074006 0.073920 0.073838 0.073763 0.073702 0.073660 0.073640 0.073642 0.073665 0.073707 0.073765 0.073837 0.073920 0.074015 0.074120 0.074235 0.074360 0.074494 0.074638 0.074790 0.074951 0.075118 0.075292 0.075471 0.075655 0.075843 0.076034 0.076229 0.076425 0.076624 0.076824 0.077025 0.077227 0.077429 0.077631 0.077832 0.078033 0.078233 0.078431 0.078627 0.078821 0.079013 0.079202 0.079389 0.079572 0.079753 0.079929 0.080102 0.080270 0.080434 0.080594 0.080748 0.080898 0.081041 0.081179 0.081311 0.081437 0.081556 0.081669 0.081775 0.081873 0.081964 0.082047 0.082123 0.082190 0.082250 0.082301 0.082344 0.082378 0.082404 0.082422 0.082430 0.082430 0.082422 0.082404 0.082378 0.082344 0.082301 0.082250 0.082190 0.082123 0.082047 0.081964 0.081873 0.081775 0.081669 0.081557 0.081437 0.081311 0.081179 0.081041 0.080898 0.080748 0.080594 0.080435 0.080270 0.080102 0.079929 0.079753 0.079573 0.079389 0.079203 0.079013 0.078821 0.078627 0.078431 0.078233 0.078033 0.077833 0.077631 0.077429 0.077227 0.077026 0.076824 0.076624 0.076426 0.076229 0.076035 0.075843 0.075655 0.075471 0.075292 0.075118 0.074951 0.074791 0.074638 0.074495 0.074360 0.074235 0.074121 0.074016 0.073921 0.073837 0.073765 0.073707 0.073665 0.073642 0.073640 0.073661 0.073703 0.073763 0.073838 0.073921 0.074007 0.074093 0.074180 0.074275 0.074388 0.074533 0.074723 0.074966 0.075264 0.075607 0.075977 0.076349 0.076699 0.077011 0.077287 0.077549 0.077845 0.078244 0.078825 0.079663 0.080815 0.082292 0.084045 0.085952 0.087835 0.089510 0.090900 0.092218 0.094192 0.098132
0.097273 0.093427 0.091550 0.090378 0.089201 0.087798 0.086217 0.084612 0.083133 0.081883 0.080904 0.080185 0.079683 0.079336 0.079082 0.078870 0.078662 0.078440 0.078200 0.077951 0.077706 0.077481 0.077285 0.077125 0.076999 0.076902 0.076825 0.076760 0.076701 0.076645 0.076591 0.076542 0.076501 0.076471 0.076455 0.076455 0.076471 0.076503 0.076548 0.076605 0.076674 0.076752 0.076839 0.076934 0.077038 0.077150 0.077271 0.077398 0.077534 0.077675 0.077823 0.077976 0.078133 0.078295 0.078461 0.078629 0.078801 0.078974 0.079150 0.079327 0.079506 0.079685 0.079865 0.080045 0.080225 0.080404 0.080583 0.080761 0.080938 0.081114 0.081287 0.081459 0.081629 0.081796 0.081960 0.082121 0.082279 0.082434 0.082584 0.082731 0.082873 0.083010 0.083143 0.083271 0.083393 0.083509 0.083620 0.083724 0.083822 0.083913 0.083998 0.084075 0.084146 0.084209 0.084264 0.084312 0.084352 0.084384 0.084408 0.084424 0.084432 0.084432 0.084424 0.084408 0.084384 0.084352 0.084312 0.084264 0.084209 0.084146 0.084076 0.083998 0.083914 0.083822 0.083724 0.083620 0.083509 0.083393 0.083271 0.083143 0.083011 0.082873 0.082731 0.082584 0.082434 0.082279 0.082121 0.081960 0.081796 0.081629 0.081459 0.081287 0.081114 0.080938 0.080762 0.080583 0.080405 0.080225 0.080045 0.079865 0.079685 0.079506 0.079327 0.079150 0.078975 0.078801 0.078630 0.078461 0.078295 0.078134 0.077976 0.077823 0.077675 0.077534 0.077399 0.077271 0.077151 0.077038 0.076934 0.076839 0.076752 0.076674 0.076606 0.076548 0.076503 0.076472 0.076455 0.076455 0.076471 0.076501 0.076542 0.076592 0.076645 0.076701 0.076760 0.076825 0.076902 0.076999 0.077125 0.077285 0.077481 0.077706 0.077951 0.078201 0.078441 0.078663 0.078870 0.079083 0.079336 0.079683 0.080185 0.080904 0.081883 0.083133 0.084612 0.086218 0.087798 0.089202 0.090380 0.091551 0.093429 0.097274
0.096796 0.092971 0.091123 0.090020 0.088965 0.087730 0.086347 0.084946 0.083659 0.082574 0.081725 0.081104 0.080671 0.080376 0.080166 0.080000 0.079847 0.079691 0.079528 0.079361 0.079198 0.079049 0.078918 0.078811 0.078724 0.078655 0.078600 0.078553 0.078511 0.078472 0.078436 0.078405 0.078381 0.078366 0.078361 0.078369 0.078388 0.078419 0.078460 0.078510 0.078569 0.078637 0.078712 0.078795 0.078885 0.078982 0.079086 0.079197 0.079314 0.079437 0.079565 0.079698 0.079836 0.079978 0.080123 0.080271 0.080422 0.080576 0.080732 0.080889 0.081049 0.081209 0.081371 0.081533 0.081695 0.081858 0.082021 0.082183 0.082345 0.082505 0.082665 0.082823 0.082980 0.083134 0.083287 0.083437 0.083584 0.083728 0.083869 0.084006 0.084140 0.084269 0.084394 0.084514 0.084629 0.084739 0.084844 0.084943 0.085035 0.085122 0.085202 0.085276 0.085343 0.085402 0.085455 0.085500 0.085538 0.085569 0.085592 0.085607 0.085615 0.085615 0.085607 0.085592 0.085569 0.085538 0.085500 0.085455 0.085402 0.085343 0.085276 0.085202 0.085122 0.085035 0.084943 0.084844 0.084739 0.084629 0.084514 0.084394 0.084269 0.084140 0.084006 0.083869 0.083728 0.083584 0.083437 0.083287 0.083134 0.082980 0.082823 0.082665 0.082505 0.082345 0.082183 0.082021 0.081858 0.081696 0.081533 0.081371 0.081209 0.081049 0.080890 0.080732 0.080576 0.080422 0.080271 0.080123 0.079978 0.079836 0.079699 0.079566 0.079437 0.079314 0.079197 0.079086 0.078982 0.078885 0.078795 0.078712 0.078637 0.078570 0.078511 0.078460 0.078419 0.078388 0.078369 0.078362 0.078366 0.078381 0.078405 0.078436 0.078472 0.078511 0.078553 0.078600 0.078656 0.078724 0.078811 0.078919 0.079049 0.079199 0.079361 0.079528 0.079691 0.079847 0.080000 0.080167 0.080376 0.080672 0.081105 0.081726 0.082574 0.083659 0.084947 0.086348 0.087731 0.088966 0.090022 0.091125 0.092972 0.096797
0.096615 0.092773 0.090920 0.089845 0.088858 0.087729 0.086475 0.085211 0.084056 0.083087 0.082335 0.081789 0.081413 0.081161 0.080989 0.080859 0.080747 0.080637 0.080524 0.080409 0.080298 0.080194 0.080102 0.080024 0.079960 0.079907 0.079862 0.079823 0.079789 0.079757 0.079729 0.079706 0.079689 0.079679 0.079678 0.079685 0.079702 0.079727 0.079761 0.079803 0.079852 0.079909 0.079973 0.080043 0.080121 0.080205 0.080295 0.080391 0.080494 0.080602 0.080715 0.080832 0.080955 0.081081 0.081211 0.081344 0.081480 0.081620 0.081761 0.081905 0.082051 0.082198 0.082347 0.082497 0.082648 0.082799 0.082951 0.083102 0.083254 0.083405 0.083556 0.083705 0.083854 0.084000 0.084146 0.084289 0.084429 0.084567 0.084702 0.084834 0.084963 0.085087 0.085208 0.085324 0.085435 0.085542 0.085643 0.085739 0.085829 0.085913 0.085991 0.086063 0.086128 0.086186 0.086237 0.086281 0.086319 0.086348 0.086371 0.086386 0.086393 0.086393 0.086386 0.086371 0.086348 0.086319 0.086282 0.086237 0.086186 0.086128 0.086063 0.085991 0.085913 0.085829 0.085739 0.085643 0.085542 0.085435 0.085324 0.085208 0.085087 0.084963 0.084834 0.084702 0.084567 0.084429 0.084289 0.084146 0.084001 0.083854 0.083705 0.083556 0.083405 0.083254 0.083103 0.082951 0.082799 0.082648 0.082497 0.082347 0.082198 0.082051 0.081905 0.081761 0.081620 0.081481 0.081344 0.081211 0.081081 0.080955 0.080833 0.080715 0.080602 0.080494 0.080392 0.080295 0.080205 0.080121 0.080044 0.079973 0.079909 0.079853 0.079803 0.079762 0.079728 0.079702 0.079686 0.079678 0.079680 0.079689 0.079707 0.079730 0.079758 0.079789 0.079824 0.079862 0.079907 0.079960 0.080025 0.080103 0.080194 0.080298 0.080410 0.080524 0.080637 0.080747 0.080860 0.080989 0.081161 0.081413 0.081789 0.082335 0.083088 0.084056 0.085212 0.086476 0.087730 0.088859 0.089847 0.090922 0.092774 0.096615
0.096649 0.092772 0.090899 0.089832 0.088885 0.087823 0.086656 0.085485 0.084420 0.083533 0.082849 0.082358 0.082024 0.081807 0.081663 0.081561 0.081476 0.081396 0.081314 0.081230 0.081148 0.081070 0.080999 0.080937 0.080882 0.080836 0.080795 0.080758 0.080725 0.080696 0.080670 0.080649 0.080633 0.080623 0.080620 0.080625 0.080637 0.080657 0.080684 0.080718 0.080759 0.080807 0.080862 0.080923 0.080991 0.081065 0.081146 0.081233 0.081325 0.081423 0.081526 0.081634 0.081746 0.081862 0.081983 0.082107 0.082234 0.082364 0.082498 0.082633 0.082771 0.082911 0.083052 0.083195 0.083339 0.083484 0.083630 0.083776 0.083922 0.084068 0.084214 0.084359 0.084503 0.084646 0.084788 0.084928 0.085065 0.085201 0.085333 0.085463 0.085589 0.085712 0.085831 0.085945 0.086055 0.086161 0.086261 0.086356 0.086445 0.086528 0.086606 0.086677 0.086741 0.086799 0.086850 0.086894 0.086930 0.086960 0.086982 0.086997 0.087005 0.087005 0.086997 0.086982 0.086960 0.086930 0.086894 0.086850 0.086799 0.086741 0.086677 0.086606 0.086528 0.086445 0.086356 0.086261 0.086161 0.086055 0.085945 0.085831 0.085712 0.085589 0.085463 0.085333 0.085201 0.085065 0.084928 0.084788 0.084647 0.084504 0.084359 0.084214 0.084068 0.083922 0.083776 0.083630 0.083484 0.083339 0.083195 0.083052 0.082911 0.082771 0.082633 0.082498 0.082365 0.082234 0.082107 0.081983 0.081863 0.081746 0.081634 0.081526 0.081423 0.081325 0.081233 0.081146 0.081066 0.080991 0.080923 0.080862 0.080807 0.080759 0.080718 0.080684 0.080657 0.080637 0.080625 0.080621 0.080623 0.080633 0.080649 0.080670 0.080696 0.080726 0.080759 0.080795 0.080836 0.080883 0.080937 0.080999 0.081070 0.081148 0.081231 0.081314 0.081396 0.081477 0.081561 0.081664 0.081807 0.082025 0.082358 0.082849 0.083533 0.084420 0.085485 0.086656 0.087824 0.088886 0.089833 0.090901 0.092774 0.096650
0.096829 0.092909 0.091009 0.089941 0.089020 0.088005 0.086896 0.085790 0.084787 0.083956 0.083321 0.082868 0.082565 0.082372 0.082249 0.082164 0.082097 0.082034 0.081969 0.081903 0.081835 0.081770 0.081709 0.081652 0.081601 0.081556 0.081514 0.081477 0.081443 0.081412 0.081386 0.081363 0.081346 0.081334 0.081329 0.081330 0.081338 0.081353 0.081375 0.081403 0.081439 0.081481 0.081531 0.081586 0.081649 0.081718 0.081793 0.081874 0.081961 0.082053 0.082151 0.082253 0.082361 0.082472 0.082588 0.082707 0.082830 0.082957 0.083086 0.083218 0.083352 0.083488 0.083626 0.083766 0.083908 0.084050 0.084193 0.084337 0.084481 0.084626 0.084770 0.084914 0.085057 0.085199 0.085339 0.085478 0.085615 0.085750 0.085882 0.086012 0.086138 0.086261 0.086379 0.086494 0.086604 0.086710 0.086811 0.086906 0.086995 0.087079 0.087157 0.087228 0.087293 0.087351 0.087402 0.087446 0.087483 0.087513 0.087535 0.087550 0.087558 0.087558 0.087550 0.087535 0.087513 0.087483 0.087446 0.087402 0.087351 0.087293 0.087228 0.087157 0.087079 0.086995 0.086906 0.086811 0.086710 0.086605 0.086494 0.086379 0.086261 0.086138 0.086012 0.085882 0.085750 0.085615 0.085478 0.085339 0.085199 0.085057 0.084914 0.084770 0.084626 0.084482 0.084337 0.084193 0.084050 0.083908 0.083766 0.083627 0.083488 0.083352 0.083218 0.083086 0.082957 0.082831 0.082708 0.082588 0.082473 0.082361 0.082254 0.082151 0.082053 0.081961 0.081874 0.081793 0.081718 0.081649 0.081587 0.081531 0.081482 0.081439 0.081404 0.081375 0.081353 0.081338 0.081330 0.081329 0.081334 0.081346 0.081363 0.081386 0.081413 0.081443 0.081477 0.081515 0.081556 0.081602 0.081653 0.081709 0.081770 0.081836 0.081903 0.081970 0.082034 0.082097 0.082165 0.082249 0.082372 0.082566 0.082868 0.083321 0.083957 0.084788 0.085790 0.086897 0.088006 0.089021 0.089942 0.091011 0.092910 0.096830
0.097092 0.093126 0.091199 0.090129 0.089227 0.088247 0.087181 0.086120 0.085161 0.084369 0.083765 0.083339 0.083057 0.082879 0.082768 0.082694 0.082636 0.082582 0.082526 0.082467 0.082406 0.082345 0.082286 0.082231 0.082180 0.082132 0.082088 0.082048 0.082012 0.081979 0.081950 0.081925 0.081906 0.081892 0.081884 0.081883 0.081888 0.081900 0.081919 0.081944 0.081977 0.082017 0.082063 0.082117 0.082177 0.082244 0.082317 0.082396 0.082481 0.082572 0.082668 0.082769 0.082874 0.082985 0.083099 0.083217 0.083339 0.083464 0.083593 0.083724 0.083857 0.083993 0.084131 0.084270 0.084411 0.084554 0.084697 0.084841 0.084985 0.085130 0.085274 0.085418 0.085562 0.085704 0.085846 0.085985 0.086123 0.086259 0.086392 0.086522 0.086650 0.086774 0.086894 0.087009 0.087121 0.087228 0.087329 0.087425 0.087516 0.087601 0.087679 0.087751 0.087817 0.087876 0.087927 0.087972 0.088009 0.088040 0.088062 0.088077 0.088085 0.088085 0.088077 0.088062 0.088040 0.088010 0.087972 0.087927 0.087876 0.087817 0.087751 0.087679 0.087601 0.087516 0.087425 0.087329 0.087228 0.087121 0.087009 0.086894 0.086774 0.086650 0.086523 0.086392 0.086259 0.086123 0.085985 0.085846 0.085704 0.085562 0.085418 0.085274 0.085130 0.084985 0.084841 0.084697 0.084554 0.084412 0.084271 0.084131 0.083993 0.083857 0.083724 0.083593 0.083465 0.083339 0.083218 0.083099 0.082985 0.082875 0.082769 0.082668 0.082572 0.082481 0.082396 0.082317 0.082244 0.082177 0.082117 0.082064 0.082017 0.081977 0.081945 0.081919 0.081900 0.081888 0.081883 0.081884 0.081892 0.081906 0.081926 0.081950 0.081979 0.082012 0.082049 0.082089 0.082132 0.082180 0.082231 0.082287 0.082345 0.082406 0.082467 0.082526 0.082582 0.082637 0.082695 0.082768 0.082879 0.083057 0.083339 0.083766 0.084369 0.085161 0.086120 0.087182 0.088247 0.089228 0.090130 0.091201 0.093127 0.097092
0.097386 0.093375 0.091424 0.090353 0.089468 0.088516 0.087484 0.086456 0.085528 0.084762 0.084181 0.083770 0.083500 0.083331 0.083227 0.083158 0.083103 0.083052 0.082998 0.082941 0.082881 0.082820 0.082761 0.082704 0.082650 0.082599 0.082552 0.082509 0.082469 0.082433 0.082402 0.082376 0.082354 0.082339 0.082329 0.082326 0.082330 0.082340 0.082358 0.082383 0.082415 0.082454 0.082501 0.082554 0.082614 0.082681 0.082755 0.082835 0.082920 0.083012 0.083108 0.083210 0.083317 0.083428 0.083543 0.083663 0.083786 0.083912 0.084041 0.084173 0.084308 0.084444 0.084583 0.084724 0.084866 0.085009 0.085154 0.085299 0.085445 0.085591 0.085736 0.085882 0.086027 0.086171 0.086314 0.086455 0.086594 0.086732 0.086867 0.086999 0.087128 0.087253 0.087375 0.087492 0.087605 0.087714 0.087817 0.087914 0.088006 0.088092 0.088172 0.088245 0.088312 0.088371 0.088424 0.088469 0.088507 0.088538 0.088561 0.088576 0.088584 0.088584 0.088576 0.088561 0.088538 0.088507 0.088469 0.088424 0.088371 0.088312 0.088245 0.088172 0.088092 0.088006 0.087914 0.087817 0.087714 0.087605 0.087492 0.087375 0.087253 0.087128 0.086999 0.086867 0.086732 0.086595 0.086455 0.086314 0.086171 0.086027 0.085882 0.085737 0.085591 0.085445 0.085299 0.085154 0.085010 0.084866 0.084724 0.084583 0.084445 0.084308 0.084173 0.084041 0.083912 0.083786 0.083663 0.083544 0.083428 0.083317 0.083210 0.083109 0.083012 0.082921 0.082835 0.082755 0.082682 0.082615 0.082554 0.082501 0.082455 0.082415 0.082383 0.082358 0.082341 0.082330 0.082326 0.082329 0.082339 0.082354 0.082376 0.082402 0.082434 0.082469 0.082509 0.082552 0.082599 0.082650 0.082704 0.082761 0.082821 0.082881 0.082941 0.082999 0.083052 0.083104 0.083158 0.083227 0.083332 0.083501 0.083771 0.084181 0.084763 0.085528 0.086457 0.087485 0.088517 0.089470 0.090355 0.091426 0.093377 0.097387
0.097669 0.093617 0.091647 0.090579 0.089712 0.088785 0.087780 0.086778 0.085872 0.085124 0.084555 0.084155 0.083891 0.083725 0.083623 0.083554 0.083499 0.083447 0.083392 0.083333 0.083271 0.083208 0.083146 0.083086 0.083028 0.082974 0.082924 0.082877 0.082834 0.082796 0.082763 0.082734 0.082712 0.082695 0.082684 0.082681 0.082684 0.082695 0.082713 0.082739 0.082772 0.082812 0.082860 0.082915 0.082977 0.083046 0.083122 0.083203 0.083291 0.083385 0.083484 0.083588 0.083697 0.083810 0.083927 0.084049 0.084174 0.084302 0.084433 0.084567 0.084704 0.084843 0.084983 0.085126 0.085270 0.085415 0.085561 0.085708 0.085856 0.086004 0.086152 0.086299 0.086446 0.086592 0.086737 0.086880 0.087022 0.087161 0.087298 0.087432 0.087563 0.087690 0.087814 0.087934 0.088049 0.088159 0.088263 0.088363 0.088456 0.088544 0.088625 0.088699 0.088767 0.088828 0.088881 0.088927 0.088966 0.088997 0.089020 0.089036 0.089044 0.089044 0.089036 0.089020 0.088997 0.088966 0.088927 0.088881 0.088828 0.088767 0.088700 0.088625 0.088544 0.088456 0.088363 0.088264 0.088159 0.088049 0.087934 0.087814 0.087691 0.087563 0.087432 0.087298 0.087161 0.087022 0.086880 0.086737 0.086592 0.086446 0.086299 0.086152 0.086004 0.085856 0.085709 0.085562 0.085415 0.085270 0.085126 0.084984 0.084843 0.084704 0.084568 0.084434 0.084302 0.084174 0.084049 0.083928 0.083810 0.083697 0.083588 0.083484 0.083385 0.083291 0.083204 0.083122 0.083046 0.082977 0.082915 0.082860 0.082812 0.082772 0.082739 0.082713 0.082695 0.082685 0.082681 0.082685 0.082695 0.082712 0.082735 0.082763 0.082797 0.082835 0.082877 0.082924 0.082974 0.083028 0.083086 0.083146 0.083209 0.083272 0.083333 0.083392 0.083447 0.083499 0.083554 0.083623 0.083726 0.083891 0.084155 0.084556 0.085124 0.085872 0.086778 0.087780 0.088786 0.089713 0.090580 0.091649 0.093619 0.097670
0.097910 0.093822 0.091838 0.090777 0.089930 0.089028 0.088047 0.087065 0.086176 0.085440 0.084879 0.084483 0.084221 0.084056 0.083951 0.083880 0.083823 0.083767 0.083709 0.083647 0.083582 0.083516 0.083450 0.083386 0.083325 0.083267 0.083214 0.083164 0.083119 0.083078 0.083043 0.083013 0.082990 0.082972 0.082962 0.082958 0.082962 0.082974 0.082993 0.083021 0.083056 0.083099 0.083149 0.083207 0.083272 0.083343 0.083422 0.083507 0.083598 0.083694 0.083796 0.083903 0.084015 0.084131 0.084252 0.084376 0.084504 0.084634 0.084768 0.084905 0.085044 0.085185 0.085328 0.085473 0.085619 0.085766 0.085915 0.086064 0.086214 0.086364 0.086514 0.086664 0.086813 0.086961 0.087108 0.087254 0.087398 0.087540 0.087679 0.087816 0.087949 0.088079 0.088205 0.088326 0.088444 0.088556 0.088663 0.088764 0.088859 0.088949 0.089031 0.089107 0.089176 0.089238 0.089292 0.089339 0.089378 0.089410 0.089434 0.089450 0.089458 0.089458 0.089450 0.089434 0.089410 0.089378 0.089339 0.089292 0.089238 0.089176 0.089107 0.089031 0.088949 0.088859 0.088764 0.088663 0.088556 0.088444 0.088326 0.088205 0.088079 0.087949 0.087816 0.087679 0.087540 0.087398 0.087254 0.087109 0.086961 0.086813 0.086664 0.086514 0.086364 0.086214 0.086064 0.085915 0.085766 0.085619 0.085473 0.085328 0.085185 0.085044 0.084905 0.084768 0.084635 0.084504 0.084376 0.084252 0.084132 0.084015 0.083904 0.083797 0.083695 0.083598 0.083507 0.083422 0.083344 0.083272 0.083207 0.083149 0.083099 0.083056 0.083021 0.082994 0.082974 0.082963 0.082959 0.082962 0.082973 0.082990 0.083014 0.083043 0.083079 0.083119 0.083164 0.083214 0.083268 0.083325 0.083386 0.083450 0.083516 0.083582 0.083647 0.083710 0.083768 0.083823 0.083880 0.083952 0.084056 0.084222 0.084484 0.084880 0.085440 0.086176 0.087066 0.088047 0.089029 0.089931 0.090779 0.091840 0.093824 0.097911
0.098086 0.093968 0.091977 0.090928 0.090104 0.089227 0.088269 0.087306 0.086429 0.085701 0.085145 0.084751 0.084488 0.084320 0.084212 0.084137 0.084075 0.084016 0.083954 0.083888 0.083819 0.083749 0.083679 0.083612 0.083548 0.083487 0.083431 0.083378 0.083331 0.083289 0.083252 0.083221 0.083197 0.083179 0.083169 0.083167 0.083172 0.083185 0.083207 0.083237 0.083274 0.083320 0.083374 0.083435 0.083503 0.083579 0.083661 0.083749 0.083844 0.083944 0.084050 0.084160 0.084275 0.084395 0.084519 0.084646 0.084777 0.084910 0.085047 0.085186 0.085328 0.085472 0.085617 0.085765 0.085913 0.086064 0.086215 0.086366 0.086519 0.086671 0.086824 0.086976 0.087128 0.087279 0.087429 0.087577 0.087724 0.087869 0.088011 0.088150 0.088286 0.088418 0.088547 0.088671 0.088791 0.088906 0.089015 0.089119 0.089216 0.089307 0.089392 0.089469 0.089540 0.089603 0.089658 0.089706 0.089746 0.089778 0.089803 0.089819 0.089827 0.089827 0.089819 0.089803 0.089778 0.089746 0.089706 0.089658 0.089603 0.089540 0.089469 0.089392 0.089307 0.089216 0.089119 0.089015 0.088906 0.088791 0.088671 0.088547 0.088418 0.088286 0.088150 0.088011 0.087869 0.087724 0.087578 0.087429 0.087279 0.087128 0.086977 0.086824 0.086672 0.086519 0.086367 0.086215 0.086064 0.085914 0.085765 0.085618 0.085472 0.085328 0.085187 0.085047 0.084911 0.084777 0.084646 0.084519 0.084395 0.084276 0.084160 0.084050 0.083944 0.083844 0.083750 0.083661 0.083579 0.083503 0.083435 0.083374 0.083320 0.083275 0.083237 0.083207 0.083186 0.083172 0.083167 0.083169 0.083180 0.083197 0.083221 0.083252 0.083289 0.083331 0.083379 0.083431 0.083487 0.083548 0.083612 0.083680 0.083749 0.083819 0.083888 0.083954 0.084016 0.084075 0.084137 0.084212 0.084320 0.084488 0.084751 0.085145 0.085701 0.086429 0.087306 0.088270 0.089228 0.090105 0.090929 0.091979 0.093969 0.098087
0.098184 0.094041 0.092049 0.091018 0.090220 0.089371 0.088436 0.087490 0.086624 0.085903 0.085349 0.084954 0.084689 0.084518 0.084406 0.084327 0.084261 0.084197 0.084131 0.084061 0.083989 0.083916 0.083843 0.083773 0.083706 0.083643 0.083584 0.083529 0.083480 0.083436 0.083398 0.083367 0.083342 0.083325 0.083316 0.083314 0.083322 0.083337 0.083361 0.083394 0.083435 0.083485 0.083542 0.083607 0.083680 0.083759 0.083845 0.083938 0.084037 0.084141 0.084251 0.084365 0.084484 0.084608 0.084735 0.084866 0.085000 0.085137 0.085277 0.085419 0.085564 0.085710 0.085859 0.086009 0.086160 0.086313 0.086467 0.086622 0.086777 0.086933 0.087088 0.087244 0.087399 0.087553 0.087705 0.087857 0.088007 0.088154 0.088299 0.088442 0.088581 0.088717 0.088848 0.088976 0.089098 0.089216 0.089328 0.089434 0.089534 0.089627 0.089714 0.089793 0.089866 0.089930 0.089987 0.090036 0.090077 0.090110 0.090134 0.090151 0.090159 0.090159 0.090151 0.090134 0.090110 0.090077 0.090036 0.089987 0.089930 0.089866 0.089793 0.089714 0.089628 0.089534 0.089434 0.089328 0.089216 0.089099 0.088976 0.088848 0.088717 0.088581 0.088442 0.088299 0.088154 0.088007 0.087857 0.087706 0.087553 0.087399 0.087244 0.087088 0.086933 0.086777 0.086622 0.086467 0.086313 0.086161 0.086009 0.085859 0.085710 0.085564 0.085419 0.085277 0.085137 0.085000 0.084866 0.084735 0.084608 0.084484 0.084365 0.084251 0.084141 0.084037 0.083938 0.083846 0.083759 0.083680 0.083607 0.083542 0.083485 0.083435 0.083394 0.083362 0.083337 0.083322 0.083315 0.083316 0.083325 0.083343 0.083367 0.083398 0.083436 0.083480 0.083529 0.083584 0.083643 0.083706 0.083773 0.083844 0.083916 0.083989 0.084062 0.084131 0.084197 0.084261 0.084327 0.084406 0.084518 0.084690 0.084955 0.085350 0.085903 0.086624 0.087490 0.088437 0.089372 0.090222 0.091019 0.092051 0.094043 0.098185
0.098200 0.094037 0.092049 0.091040 0.090273 0.089454 0.088543 0.087614 0.086759 0.086044 0.085492 0.085097 0.084829 0.084655 0.084539 0.084456 0.084386 0.084319 0.084250 0.084177 0.084102 0.084026 0.083951 0.083879 0.083809 0.083744 0.083683 0.083627 0.083576 0.083531 0.083492 0.083460 0.083436 0.083420 0.083411 0.083412 0.083421 0.083440 0.083467 0.083503 0.083549 0.083602 0.083664 0.083734 0.083811 0.083895 0.083986 0.084083 0.084187 0.084296 0.084410 0.084529 0.084652 0.084780 0.084911 0.085046 0.085184 0.085324 0.085468 0.085613 0.085761 0.085911 0.086063 0.086216 0.086371 0.086527 0.086684 0.086842 0.087000 0.087159 0.087318 0.087477 0.087635 0.087792 0.087949 0.088104 0.088257 0.088408 0.088557 0.088703 0.088845 0.088985 0.089120 0.089251 0.089377 0.089498 0.089613 0.089722 0.089825 0.089921 0.090010 0.090091 0.090165 0.090231 0.090289 0.090340 0.090382 0.090415 0.090441 0.090458 0.090466 0.090466 0.090458 0.090441 0.090415 0.090382 0.090340 0.090289 0.090231 0.090165 0.090091 0.090010 0.089921 0.089825 0.089722 0.089613 0.089498 0.089377 0.089251 0.089120 0.088985 0.088846 0.088703 0.088557 0.088408 0.088257 0.088104 0.087949 0.087793 0.087635 0.087477 0.087318 0.087159 0.087000 0.086842 0.086684 0.086527 0.086371 0.086216 0.086063 0.085911 0.085761 0.085614 0.085468 0.085324 0.085184 0.085046 0.084911 0.084780 0.084652 0.084529 0.084410 0.084296 0.084187 0.084084 0.083986 0.083895 0.083811 0.083734 0.083664 0.083602 0.083549 0.083504 0.083467 0.083440 0.083422 0.083412 0.083412 0.083420 0.083436 0.083461 0.083493 0.083531 0.083576 0.083627 0.083683 0.083744 0.083810 0.083879 0.083952 0.084026 0.084102 0.084177 0.084250 0.084319 0.084386 0.084456 0.084539 0.084655 0.084830 0.085097 0.085493 0.086044 0.086760 0.087615 0.088544 0.089455 0.090275 0.091042 0.092051 0.094039 0.098201
0.098135 0.093954 0.091975 0.090993 0.090261 0.089475 0.088590 0.087679 0.086836 0.086127 0.085578 0.085183 0.084914 0.084737 0.084618 0.084532 0.084460 0.084391 0.084319 0.084245 0.084168 0.084091 0.084014 0.083940 0.083869 0.083802 0.083740 0.083682 0.083630 0.083584 0.083545 0.083513 0.083489 0.083474 0.083467 0.083470 0.083482 0.083504 0.083535 0.083576 0.083626 0.083684 0.083751 0.083826 0.083909 0.083998 0.084095 0.084198 0.084306 0.084421 0.084540 0.084664 0.084792 0.084924 0.085060 0.085199 0.085341 0.085486 0.085633 0.085783 0.085934 0.086087 0.086243 0.086399 0.086557 0.086717 0.086877 0.087039 0.087201 0.087363 0.087526 0.087688 0.087850 0.088011 0.088171 0.088330 0.088487 0.088642 0.088795 0.088945 0.089091 0.089235 0.089374 0.089509 0.089638 0.089763 0.089881 0.089994 0.090099 0.090198 0.090289 0.090373 0.090449 0.090517 0.090577 0.090628 0.090671 0.090706 0.090732 0.090749 0.090757 0.090757 0.090749 0.090732 0.090706 0.090671 0.090628 0.090577 0.090517 0.090449 0.090373 0.090289 0.090198 0.090099 0.089994 0.089881 0.089763 0.089638 0.089509 0.089374 0.089235 0.089091 0.088945 0.088795 0.088642 0.088487 0.088330 0.088172 0.088011 0.087850 0.087688 0.087526 0.087363 0.087201 0.087039 0.086877 0.086717 0.086558 0.086399 0.086243 0.086088 0.085934 0.085783 0.085633 0.085486 0.085341 0.085199 0.085060 0.084924 0.084792 0.084664 0.084540 0.084421 0.084307 0.084198 0.084095 0.083999 0.083909 0.083826 0.083751 0.083685 0.083626 0.083576 0.083536 0.083504 0.083483 0.083470 0.083467 0.083474 0.083489 0.083513 0.083545 0.083584 0.083630 0.083682 0.083740 0.083802 0.083869 0.083940 0.084015 0.084091 0.084169 0.084245 0.084320 0.084391 0.084460 0.084533 0.084619 0.084737 0.084914 0.085183 0.085578 0.086127 0.086837 0.087680 0.088590 0.089476 0.090263 0.090995 0.091977 0.093956 0.098136
0.097996 0.093796 0.091829 0.090880 0.090186 0.089435 0.088579 0.087689 0.086859 0.086158 0.085613 0.085219 0.084950 0.084772 0.084653 0.084566 0.084493 0.084423 0.084351 0.084276 0.084199 0.084121 0.084044 0.083969 0.083897 0.083829 0.083765 0.083706 0.083653 0.083607 0.083567 0.083535 0.083512 0.083498 0.083494 0.083500 0.083515 0.083541 0.083577 0.083623 0.083678 0.083743 0.083816 0.083897 0.083986 0.084082 0.084184 0.084293 0.084408 0.084528 0.084653 0.084782 0.084916 0.085053 0.085194 0.085338 0.085485 0.085634 0.085786 0.085939 0.086094 0.086251 0.086410 0.086570 0.086732 0.086895 0.087059 0.087224 0.087390 0.087556 0.087722 0.087889 0.088054 0.088219 0.088383 0.088546 0.088707 0.088866 0.089023 0.089177 0.089327 0.089475 0.089618 0.089757 0.089891 0.090019 0.090141 0.090257 0.090365 0.090467 0.090561 0.090647 0.090725 0.090794 0.090855 0.090908 0.090952 0.090987 0.091014 0.091031 0.091040 0.091040 0.091031 0.091014 0.090987 0.090952 0.090908 0.090855 0.090794 0.090725 0.090647 0.090561 0.090467 0.090366 0.090257 0.090141 0.090019 0.089891 0.089757 0.089618 0.089475 0.089328 0.089177 0.089023 0.088866 0.088707 0.088546 0.088383 0.088220 0.088055 0.087889 0.087722 0.087556 0.087390 0.087224 0.087059 0.086895 0.086732 0.086570 0.086410 0.086251 0.086094 0.085939 0.085786 0.085634 0.085485 0.085338 0.085194 0.085054 0.084916 0.084783 0.084653 0.084528 0.084408 0.084293 0.084185 0.084082 0.083986 0.083897 0.083816 0.083743 0.083679 0.083623 0.083578 0.083542 0.083516 0.083500 0.083494 0.083499 0.083513 0.083536 0.083567 0.083607 0.083654 0.083707 0.083765 0.083829 0.083897 0.083969 0.084044 0.084121 0.084199 0.084276 0.084351 0.084423 0.084493 0.084566 0.084653 0.084773 0.084951 0.085219 0.085613 0.086158 0.086860 0.087689 0.088580 0.089436 0.090187 0.090881 0.091831 0.093798 0.097997
0.097792 0.093571 0.091618 0.090704 0.090053 0.089341 0.088516 0.087649 0.086834 0.086143 0.085604 0.085214 0.084948 0.084771 0.084653 0.084567 0.084495 0.084426 0.084355 0.084281 0.084205 0.084127 0.084050 0.083975 0.083902 0.083833 0.083769 0.083709 0.083655 0.083608 0.083568 0.083537 0.083515 0.083503 0.083501 0.083511 0.083531 0.083562 0.083603 0.083655 0.083717 0.083788 0.083868 0.083956 0.084052 0.084155 0.084265 0.084380 0.084502 0.084628 0.084760 0.084895 0.085035 0.085178 0.085324 0.085473 0.085624 0.085778 0.085934 0.086091 0.086250 0.086410 0.086572 0.086736 0.086901 0.087067 0.087235 0.087404 0.087573 0.087743 0.087913 0.088084 0.088253 0.088422 0.088590 0.088756 0.088921 0.089083 0.089244 0.089402 0.089557 0.089708 0.089856 0.089999 0.090136 0.090268 0.090394 0.090513 0.090624 0.090728 0.090824 0.090912 0.090992 0.091063 0.091125 0.091179 0.091224 0.091259 0.091286 0.091304 0.091313 0.091313 0.091304 0.091286 0.091259 0.091224 0.091179 0.091125 0.091063 0.090992 0.090912 0.090824 0.090728 0.090624 0.090513 0.090394 0.090268 0.090136 0.089999 0.089856 0.089709 0.089557 0.089402 0.089244 0.089084 0.088921 0.088756 0.088590 0.088422 0.088253 0.088084 0.087914 0.087743 0.087573 0.087404 0.087235 0.087068 0.086901 0.086736 0.086573 0.086411 0.086250 0.086091 0.085934 0.085778 0.085624 0.085473 0.085324 0.085178 0.085035 0.084895 0.084760 0.084629 0.084502 0.084381 0.084265 0.084155 0.084052 0.083956 0.083868 0.083788 0.083717 0.083655 0.083603 0.083562 0.083531 0.083511 0.083502 0.083503 0.083515 0.083537 0.083569 0.083608 0.083656 0.083709 0.083769 0.083834 0.083902 0.083975 0.084050 0.084127 0.084205 0.084281 0.084355 0.084426 0.084495 0.084567 0.084653 0.084772 0.084948 0.085215 0.085605 0.086143 0.086835 0.087649 0.088517 0.089342 0.090054 0.090706 0.091621 0.093573 0.097792
0.097533 0.093288 0.091350 0.090474 0.089869 0.089199 0.088408 0.087566 0.086770 0.086091 0.085561 0.085177 0.084915 0.084743 0.084628 0.084545 0.084476 0.084410 0.084342 0.084270 0.084195 0.084119 0.084042 0.083967 0.083894 0.083825 0.083759 0.083699 0.083644 0.083596 0.083556 0.083525 0.083505 0.083495 0.083497 0.083510 0.083535 0.083572 0.083621 0.083680 0.083749 0.083828 0.083915 0.084012 0.084115 0.084226 0.084343 0.084466 0.084595 0.084728 0.084866 0.085008 0.085153 0.085302 0.085453 0.085607 0.085763 0.085921 0.086081 0.086242 0.086404 0.086567 0.086732 0.086898 0.087066 0.087236 0.087406 0.087578 0.087751 0.087925 0.088098 0.088272 0.088444 0.088616 0.088787 0.088957 0.089125 0.089291 0.089455 0.089616 0.089775 0.089930 0.090081 0.090228 0.090369 0.090504 0.090633 0.090754 0.090868 0.090975 0.091072 0.091162 0.091243 0.091314 0.091378 0.091432 0.091477 0.091513 0.091540 0.091558 0.091567 0.091567 0.091558 0.091540 0.091513 0.091477 0.091432 0.091378 0.091314 0.091243 0.091162 0.091072 0.090975 0.090869 0.090754 0.090633 0.090504 0.090369 0.090228 0.090081 0.089930 0.089775 0.089617 0.089455 0.089291 0.089125 0.088957 0.088787 0.088617 0.088445 0.088272 0.088098 0.087925 0.087751 0.087578 0.087406 0.087236 0.087066 0.086898 0.086732 0.086567 0.086404 0.086242 0.086081 0.085921 0.085764 0.085607 0.085453 0.085302 0.085153 0.085008 0.084866 0.084728 0.084595 0.084467 0.084344 0.084226 0.084116 0.084012 0.083916 0.083828 0.083749 0.083680 0.083621 0.083573 0.083536 0.083510 0.083497 0.083495 0.083505 0.083526 0.083556 0.083596 0.083644 0.083699 0.083759 0.083825 0.083895 0.083967 0.084043 0.084119 0.084195 0.084270 0.084342 0.084410 0.084476 0.084545 0.084628 0.084743 0.084915 0.085177 0.085561 0.086091 0.086770 0.087567 0.088409 0.089200 0.089870 0.090476 0.091352 0.093290 0.097534
0.097233 0.092955 0.091033 0.090198 0.089642 0.089017 0.088263 0.087449 0.086673 0.086010 0.085491 0.085116 0.084861 0.084695 0.084587 0.084509 0.084445 0.084384 0.084319 0.084251 0.084178 0.084103 0.084028 0.083953 0.083880 0.083809 0.083742 0.083680 0.083625 0.083576 0.083536 0.083506 0.083487 0.083480 0.083485 0.083504 0.083535 0.083578 0.083634 0.083701 0.083779 0.083866 0.083962 0.084067 0.084179 0.084298 0.084423 0.084553 0.084689 0.084829 0.084972 0.085120 0.085271 0.085425 0.085581 0.085739 0.085899 0.086061 0.086223 0.086386 0.086550 0.086715 0.086882 0.087050 0.087220 0.087391 0.087564 0.087739 0.087914 0.088090 0.088266 0.088442 0.088618 0.088792 0.088965 0.089137 0.089307 0.089475 0.089642 0.089806 0.089968 0.090126 0.090280 0.090429 0.090573 0.090711 0.090842 0.090965 0.091081 0.091188 0.091287 0.091377 0.091458 0.091530 0.091593 0.091647 0.091692 0.091728 0.091755 0.091773 0.091782 0.091782 0.091773 0.091755 0.091728 0.091692 0.091647 0.091593 0.091530 0.091458 0.091377 0.091287 0.091188 0.091081 0.090965 0.090842 0.090711 0.090573 0.090429 0.090280 0.090126 0.089968 0.089806 0.089642 0.089476 0.089307 0.089137 0.088965 0.088792 0.088618 0.088442 0.088267 0.088090 0.087914 0.087739 0.087564 0.087391 0.087220 0.087050 0.086882 0.086716 0.086550 0.086386 0.086223 0.086061 0.085900 0.085740 0.085581 0.085425 0.085271 0.085120 0.084973 0.084829 0.084689 0.084554 0.084423 0.084298 0.084179 0.084067 0.083963 0.083866 0.083779 0.083701 0.083634 0.083579 0.083535 0.083504 0.083485 0.083480 0.083487 0.083506 0.083536 0.083576 0.083625 0.083681 0.083743 0.083809 0.083880 0.083953 0.084028 0.084104 0.084178 0.084251 0.084319 0.084384 0.084445 0.084509 0.084587 0.084696 0.084862 0.085116 0.085491 0.086010 0.086674 0.087450 0.088264 0.089018 0.089643 0.090200 0.091035 0.092957 0.097233
0.096901 0.092583 0.090675 0.089884 0.089380 0.088804 0.088089 0.087305 0.086553 0.085907 0.085403 0.085039 0.084795 0.084638 0.084537 0.084467 0.084410 0.084354 0.084294 0.084230 0.084160 0.084087 0.084012 0.083937 0.083863 0.083791 0.083722 0.083658 0.083600 0.083550 0.083510 0.083480 0.083462 0.083458 0.083468 0.083492 0.083530 0.083581 0.083645 0.083721 0.083807 0.083903 0.084009 0.084122 0.084242 0.084369 0.084501 0.084638 0.084779 0.084925 0.085073 0.085226 0.085381 0.085538 0.085698 0.085859 0.086021 0.086184 0.086348 0.086511 0.086676 0.086841 0.087007 0.087175 0.087345 0.087517 0.087691 0.087867 0.088044 0.088221 0.088399 0.088576 0.088753 0.088928 0.089102 0.089274 0.089445 0.089614 0.089782 0.089948 0.090111 0.090271 0.090427 0.090578 0.090723 0.090862 0.090994 0.091118 0.091234 0.091341 0.091439 0.091528 0.091608 0.091679 0.091741 0.091794 0.091838 0.091873 0.091899 0.091917 0.091926 0.091926 0.091917 0.091899 0.091873 0.091838 0.091794 0.091741 0.091679 0.091608 0.091528 0.091439 0.091341 0.091234 0.091118 0.090994 0.090862 0.090723 0.090578 0.090427 0.090271 0.090111 0.089948 0.089782 0.089615 0.089445 0.089274 0.089102 0.088928 0.088753 0.088576 0.088399 0.088221 0.088044 0.087867 0.087691 0.087517 0.087345 0.087175 0.087007 0.086841 0.086676 0.086512 0.086348 0.086185 0.086022 0.085859 0.085698 0.085538 0.085381 0.085226 0.085074 0.084925 0.084780 0.084638 0.084501 0.084369 0.084242 0.084122 0.084009 0.083904 0.083807 0.083721 0.083645 0.083581 0.083530 0.083492 0.083468 0.083459 0.083463 0.083480 0.083510 0.083551 0.083601 0.083658 0.083722 0.083791 0.083863 0.083937 0.084012 0.084087 0.084160 0.084230 0.084295 0.084354 0.084410 0.084467 0.084537 0.084638 0.084795 0.085040 0.085403 0.085907 0.086553 0.087306 0.088090 0.088805 0.089381 0.089886 0.090677 0.092585 0.096901
0.096548 0.092180 0.090285 0.089541 0.089091 0.088566 0.087893 0.087143 0.086416 0.085791 0.085303 0.084954 0.084723 0.084577 0.084486 0.084425 0.084376 0.084327 0.084273 0.084211 0.084144 0.084072 0.083997 0.083921 0.083845 0.083771 0.083699 0.083632 0.083572 0.083519 0.083477 0.083447 0.083431 0.083430 0.083445 0.083474 0.083519 0.083579 0.083651 0.083736 0.083831 0.083936 0.084049 0.084170 0.084298 0.084431 0.084569 0.084711 0.084856 0.085004 0.085156 0.085310 0.085467 0.085626 0.085787 0.085948 0.086111 0.086273 0.086434 0.086596 0.086757 0.086919 0.087082 0.087247 0.087415 0.087585 0.087759 0.087934 0.088111 0.088289 0.088467 0.088644 0.088819 0.088993 0.089166 0.089337 0.089506 0.089675 0.089841 0.090007 0.090169 0.090329 0.090485 0.090636 0.090782 0.090920 0.091051 0.091173 0.091287 0.091391 0.091486 0.091572 0.091649 0.091717 0.091777 0.091827 0.091869 0.091903 0.091928 0.091944 0.091953 0.091953 0.091944 0.091928 0.091903 0.091869 0.091827 0.091777 0.091717 0.091649 0.091572 0.091486 0.091391 0.091287 0.091173 0.091051 0.090920 0.090782 0.090637 0.090485 0.090329 0.090170 0.090007 0.089842 0.089675 0.089506 0.089337 0.089166 0.088993 0.088819 0.088644 0.088467 0.088289 0.088111 0.087934 0.087759 0.087586 0.087415 0.087247 0.087082 0.086919 0.086757 0.086596 0.086435 0.086273 0.086111 0.085949 0.085787 0.085626 0.085467 0.085310 0.085156 0.085005 0.084856 0.084711 0.084569 0.084431 0.084298 0.084171 0.084050 0.083936 0.083831 0.083736 0.083651 0.083579 0.083520 0.083475 0.083445 0.083430 0.083432 0.083448 0.083477 0.083519 0.083572 0.083632 0.083699 0.083771 0.083845 0.083921 0.083998 0.084073 0.084145 0.084212 0.084273 0.084327 0.084376 0.084426 0.084487 0.084577 0.084723 0.084955 0.085304 0.085791 0.086417 0.087143 0.087894 0.088567 0.089093 0.089543 0.090288 0.092182 0.096549
0.096184 0.091754 0.089872 0.089175 0.088784 0.088312 0.087684 0.086969 0.086270 0.085667 0.085199 0.084867 0.084650 0.084518 0.084439 0.084389 0.084348 0.084306 0.084256 0.084199 0.084133 0.084061 0.083985 0.083906 0.083827 0.083748 0.083672 0.083601 0.083536 0.083480 0.083436 0.083405 0.083390 0.083392 0.083411 0.083447 0.083499 0.083566 0.083647 0.083739 0.083843 0.083955 0.084076 0.084203 0.084336 0.084473 0.084613 0.084756 0.084902 0.085050 0.085200 0.085353 0.085507 0.085664 0.085823 0.085982 0.086140 0.086298 0.086453 0.086608 0.086762 0.086916 0.087072 0.087231 0.087394 0.087560 0.087731 0.087904 0.088079 0.088255 0.088431 0.088605 0.088777 0.088948 0.089116 0.089282 0.089447 0.089611 0.089774 0.089936 0.090096 0.090253 0.090407 0.090555 0.090697 0.090831 0.090957 0.091075 0.091183 0.091281 0.091370 0.091450 0.091521 0.091583 0.091637 0.091683 0.091721 0.091751 0.091774 0.091789 0.091797 0.091797 0.091789 0.091774 0.091751 0.091721 0.091683 0.091637 0.091583 0.091521 0.091450 0.091370 0.091281 0.091183 0.091075 0.090958 0.090831 0.090697 0.090555 0.090407 0.090254 0.090096 0.089936 0.089775 0.089611 0.089447 0.089282 0.089116 0.088948 0.088778 0.088605 0.088431 0.088255 0.088079 0.087904 0.087731 0.087560 0.087394 0.087231 0.087072 0.086916 0.086762 0.086608 0.086454 0.086298 0.086140 0.085982 0.085823 0.085665 0.085508 0.085353 0.085200 0.085050 0.084902 0.084757 0.084613 0.084473 0.084336 0.084203 0.084076 0.083955 0.083843 0.083740 0.083647 0.083566 0.083499 0.083447 0.083411 0.083392 0.083391 0.083406 0.083436 0.083481 0.083536 0.083601 0.083673 0.083749 0.083827 0.083906 0.083985 0.084061 0.084133 0.084199 0.084257 0.084306 0.084348 0.084389 0.084440 0.084518 0.084651 0.084867 0.085199 0.085668 0.086270 0.086969 0.087685 0.088313 0.088785 0.089177 0.089874 0.091756 0.096185
0.095819 0.091314 0.089441 0.088795 0.088465 0.088049 0.087467 0.086789 0.086120 0.085542 0.085096 0.084783 0.084583 0.084466 0.084400 0.084360 0.084328 0.084292 0.084247 0.084192 0.084126 0.084052 0.083973 0.083890 0.083805 0.083721 0.083639 0.083561 0.083490 0.083430 0.083382 0.083349 0.083334 0.083338 0.083361 0.083402 0.083461 0.083535 0.083623 0.083723 0.083832 0.083950 0.084075 0.084206 0.084340 0.084477 0.084616 0.084755 0.084896 0.085037 0.085180 0.085326 0.085473 0.085623 0.085775 0.085926 0.086076 0.086223 0.086367 0.086509 0.086649 0.086790 0.086933 0.087081 0.087235 0.087394 0.087559 0.087727 0.087898 0.088070 0.088241 0.088409 0.088574 0.088737 0.088896 0.089053 0.089209 0.089365 0.089519 0.089674 0.089826 0.089976 0.090122 0.090263 0.090396 0.090521 0.090637 0.090744 0.090840 0.090926 0.091003 0.091072 0.091131 0.091184 0.091229 0.091267 0.091298 0.091324 0.091343 0.091355 0.091362 0.091362 0.091355 0.091343 0.091324 0.091298 0.091267 0.091229 0.091184 0.091131 0.091072 0.091003 0.090926 0.090840 0.090744 0.090637 0.090521 0.090396 0.090263 0.090122 0.089976 0.089826 0.089674 0.089520 0.089365 0.089209 0.089053 0.088896 0.088737 0.088575 0.088409 0.088241 0.088070 0.087899 0.087727 0.087559 0.087394 0.087235 0.087081 0.086934 0.086790 0.086649 0.086509 0.086367 0.086223 0.086076 0.085926 0.085775 0.085624 0.085474 0.085326 0.085180 0.085037 0.084896 0.084755 0.084616 0.084477 0.084340 0.084206 0.084076 0.083951 0.083833 0.083723 0.083623 0.083536 0.083461 0.083402 0.083361 0.083338 0.083334 0.083349 0.083382 0.083430 0.083491 0.083561 0.083639 0.083721 0.083806 0.083890 0.083973 0.084052 0.084126 0.084192 0.084248 0.084293 0.084329 0.084361 0.084400 0.084466 0.084583 0.084783 0.085096 0.085543 0.086120 0.086789 0.087468 0.088051 0.088466 0.088797 0.089443 0.091316 0.095820
0.095461 0.090867 0.089001 0.088407 0.088140 0.087784 0.087249 0.086609 0.085971 0.085420 0.084997 0.084705 0.084524 0.084423 0.084371 0.084342 0.084318 0.084287 0.084245 0.084189 0.084121 0.084043 0.083958 0.083869 0.083777 0.083684 0.083594 0.083508 0.083429 0.083361 0.083308 0.083272 0.083256 0.083261 0.083287 0.083334 0.083398 0.083478 0.083571 0.083675 0.083788 0.083908 0.084034 0.084163 0.084294 0.084425 0.084555 0.084684 0.084811 0.084938 0.085066 0.085196 0.085330 0.085466 0.085604 0.085740 0.085874 0.086004 0.086128 0.086248 0.086366 0.086485 0.086608 0.086739 0.086878 0.087025 0.087181 0.087342 0.087506 0.087670 0.087831 0.087988 0.088141 0.088288 0.088431 0.088572 0.088712 0.088851 0.088991 0.089130 0.089269 0.089404 0.089535 0.089660 0.089776 0.089883 0.089980 0.090065 0.090140 0.090205 0.090261 0.090310 0.090351 0.090386 0.090416 0.090442 0.090463 0.090480 0.090493 0.090502 0.090506 0.090506 0.090502 0.090493 0.090480 0.090463 0.090442 0.090416 0.090386 0.090351 0.090310 0.090261 0.090205 0.090140 0.090065 0.089980 0.089883 0.089776 0.089660 0.089535 0.089404 0.089269 0.089130 0.088991 0.088851 0.088712 0.088572 0.088432 0.088288 0.088141 0.087988 0.087831 0.087670 0.087506 0.087342 0.087181 0.087025 0.086878 0.086739 0.086609 0.086485 0.086366 0.086248 0.086128 0.086004 0.085874 0.085741 0.085604 0.085466 0.085330 0.085196 0.085066 0.084938 0.084811 0.084684 0.084556 0.084426 0.084294 0.084163 0.084034 0.083908 0.083788 0.083675 0.083571 0.083478 0.083398 0.083334 0.083287 0.083261 0.083256 0.083272 0.083308 0.083361 0.083429 0.083508 0.083594 0.083685 0.083777 0.083869 0.083958 0.084043 0.084121 0.084189 0.084245 0.084288 0.084318 0.084342 0.084371 0.084423 0.084524 0.084705 0.084997 0.085421 0.085972 0.086610 0.087250 0.087785 0.088142 0.088409 0.089003 0.090869 0.095462
0.095119 0.090419 0.088557 0.088017 0.087817 0.087520 0.087035 0.086434 0.085828 0.085304 0.084906 0.084636 0.084474 0.084390 0.084352 0.084333 0.084316 0.084289 0.084246 0.084187 0.084114 0.084029 0.083936 0.083837 0.083736 0.083633 0.083532 0.083435 0.083346 0.083269 0.083208 0.083167 0.083148 0.083154 0.083182 0.083232 0.083301 0.083384 0.083480 0.083585 0.083697 0.083815 0.083936 0.084059 0.084180 0.084297 0.084408 0.084515 0.084617 0.084717 0.084819 0.084924 0.085033 0.085147 0.085262 0.085375 0.085483 0.085583 0.085675 0.085761 0.085843 0.085928 0.086021 0.086125 0.086243 0.086374 0.086515 0.086664 0.086816 0.086967 0.087112 0.087250 0.087380 0.087502 0.087618 0.087731 0.087843 0.087955 0.088068 0.088182 0.088295 0.088404 0.088508 0.088604 0.088690 0.088764 0.088826 0.088876 0.088915 0.088944 0.088966 0.088982 0.088993 0.089002 0.089009 0.089015 0.089021 0.089026 0.089029 0.089032 0.089034 0.089034 0.089032 0.089029 0.089026 0.089021 0.089015 0.089009 0.089002 0.088993 0.088982 0.088966 0.088944 0.088915 0.088876 0.088826 0.088764 0.088690 0.088604 0.088508 0.088404 0.088295 0.088182 0.088068 0.087955 0.087843 0.087731 0.087619 0.087502 0.087380 0.087251 0.087113 0.086967 0.086817 0.086665 0.086516 0.086374 0.086243 0.086125 0.086021 0.085929 0.085843 0.085761 0.085675 0.085583 0.085483 0.085375 0.085262 0.085147 0.085033 0.084924 0.084819 0.084717 0.084617 0.084515 0.084409 0.084297 0.084180 0.084059 0.083936 0.083815 0.083697 0.083585 0.083480 0.083384 0.083301 0.083233 0.083183 0.083154 0.083148 0.083167 0.083208 0.083269 0.083346 0.083436 0.083533 0.083634 0.083736 0.083838 0.083936 0.084029 0.084114 0.084187 0.084246 0.084289 0.084316 0.084334 0.084352 0.084390 0.084474 0.084636 0.084906 0.085305 0.085828 0.086434 0.087036 0.087522 0.087819 0.088019 0.088559 0.090421 0.095120
0.094803 0.089978 0.088116 0.087632 0.087500 0.087265 0.086828 0.086266 0.085692 0.085197 0.084823 0.084576 0.084435 0.084367 0.084342 0.084333 0.084320 0.084293 0.084247 0.084181 0.084099 0.084004 0.083901 0.083791 0.083678 0.083563 0.083448 0.083338 0.083235 0.083146 0.083075 0.083027 0.083005 0.083010 0.083040 0.083092 0.083162 0.083245 0.083339 0.083440 0.083547 0.083657 0.083768 0.083876 0.083977 0.084069 0.084149 0.084217 0.084277 0.084334 0.084393 0.084458 0.084530 0.084608 0.084688 0.084764 0.084831 0.084885 0.084926 0.084957 0.084986 0.085020 0.085067 0.085134 0.085222 0.085330 0.085452 0.085584 0.085717 0.085846 0.085964 0.086070 0.086161 0.086241 0.086312 0.086379 0.086445 0.086513 0.086584 0.086656 0.086726 0.086793 0.086852 0.086900 0.086935 0.086956 0.086962 0.086955 0.086937 0.086911 0.086879 0.086846 0.086812 0.086782 0.086756 0.086734 0.086716 0.086704 0.086695 0.086689 0.086687 0.086687 0.086689 0.086695 0.086704 0.086716 0.086734 0.086756 0.086782 0.086813 0.086846 0.086879 0.086911 0.086937 0.086955 0.086962 0.086956 0.086935 0.086900 0.086852 0.086793 0.086726 0.086656 0.086584 0.086513 0.086446 0.086379 0.086312 0.086241 0.086161 0.086070 0.085964 0.085846 0.085718 0.085584 0.085453 0.085330 0.085222 0.085134 0.085068 0.085020 0.084986 0.084957 0.084926 0.084885 0.084831 0.084764 0.084688 0.084608 0.084530 0.084458 0.084393 0.084334 0.084278 0.084217 0.084149 0.084069 0.083977 0.083876 0.083768 0.083657 0.083547 0.083440 0.083339 0.083245 0.083162 0.083092 0.083040 0.083010 0.083005 0.083027 0.083075 0.083146 0.083236 0.083338 0.083449 0.083563 0.083678 0.083791 0.083901 0.084005 0.084099 0.084181 0.084247 0.084293 0.084320 0.084333 0.084343 0.084368 0.084435 0.084577 0.084824 0.085197 0.085692 0.086266 0.086829 0.087266 0.087502 0.087634 0.088118 0.089980 0.094804
0.094522 0.089550 0.087684 0.087257 0.087195 0.087021 0.086632 0.086107 0.085565 0.085097 0.084749 0.084525 0.084404 0.084353 0.084339 0.084336 0.084325 0.084295 0.084241 0.084165 0.084071 0.083964 0.083847 0.083724 0.083598 0.083468 0.083338 0.083211 0.083092 0.082988 0.082905 0.082848 0.082821 0.082824 0.082854 0.082906 0.082974 0.083054 0.083141 0.083232 0.083327 0.083422 0.083514 0.083598 0.083667 0.083716 0.083743 0.083750 0.083744 0.083733 0.083726 0.083730 0.083747 0.083772 0.083799 0.083818 0.083820 0.083802 0.083763 0.083711 0.083658 0.083618 0.083603 0.083620 0.083669 0.083747 0.083846 0.083953 0.084058 0.084151 0.084226 0.084277 0.084307 0.084318 0.084318 0.084313 0.084310 0.084311 0.084317 0.084326 0.084334 0.084336 0.084328 0.084304 0.084263 0.084204 0.084127 0.084036 0.083934 0.083826 0.083718 0.083615 0.083519 0.083435 0.083362 0.083303 0.083256 0.083220 0.083195 0.083179 0.083171 0.083171 0.083179 0.083195 0.083220 0.083256 0.083303 0.083362 0.083435 0.083519 0.083615 0.083718 0.083826 0.083934 0.084036 0.084127 0.084204 0.084263 0.084304 0.084328 0.084336 0.084334 0.084326 0.084317 0.084311 0.084310 0.084313 0.084318 0.084318 0.084307 0.084277 0.084226 0.084152 0.084058 0.083953 0.083846 0.083747 0.083669 0.083620 0.083603 0.083618 0.083658 0.083712 0.083764 0.083802 0.083821 0.083818 0.083799 0.083772 0.083747 0.083731 0.083727 0.083733 0.083744 0.083750 0.083743 0.083716 0.083667 0.083598 0.083515 0.083423 0.083327 0.083233 0.083141 0.083054 0.082974 0.082906 0.082854 0.082824 0.082821 0.082848 0.082905 0.082988 0.083093 0.083212 0.083339 0.083469 0.083598 0.083725 0.083847 0.083964 0.084071 0.084165 0.084241 0.084295 0.084325 0.084337 0.084339 0.084353 0.084404 0.084525 0.084750 0.085097 0.085565 0.086108 0.086633 0.087022 0.087197 0.087259 0.087686 0.089552 0.094523
0.094287 0.089144 0.087267 0.086897 0.086906 0.086792 0.086449 0.085959 0.085446 0.085004 0.084681 0.084480 0.084378 0.084342 0.084338 0.084339 0.084326 0.084288 0.084223 0.084133 0.084024 0.083902 0.083772 0.083636 0.083495 0.083350 0.083201 0.083054 0.082914 0.082791 0.082692 0.082625 0.082592 0.082593 0.082622 0.082672 0.082735 0.082804 0.082878 0.082952 0.083027 0.083098 0.083160 0.083203 0.083219 0.083199 0.083142 0.083054 0.082946 0.082833 0.082731 0.082648 0.082584 0.082533 0.082480 0.082412 0.082316 0.082185 0.082024 0.081846 0.081674 0.081531 0.081433 0.081388 0.081393 0.081439 0.081510 0.081587 0.081652 0.081692 0.081696 0.081663 0.081595 0.081501 0.081392 0.081282 0.081178 0.081085 0.081003 0.080927 0.080851 0.080767 0.080667 0.080546 0.080402 0.080233 0.080043 0.079837 0.079622 0.079406 0.079197 0.079002 0.078826 0.078673 0.078544 0.078438 0.078356 0.078294 0.078250 0.078222 0.078209 0.078209 0.078222 0.078250 0.078294 0.078356 0.078439 0.078544 0.078673 0.078826 0.079002 0.079197 0.079406 0.079622 0.079837 0.080043 0.080233 0.080402 0.080547 0.080667 0.080767 0.080851 0.080927 0.081003 0.081085 0.081178 0.081282 0.081392 0.081501 0.081595 0.081663 0.081696 0.081692 0.081652 0.081587 0.081510 0.081439 0.081394 0.081388 0.081433 0.081531 0.081674 0.081846 0.082024 0.082185 0.082316 0.082412 0.082481 0.082533 0.082585 0.082648 0.082732 0.082834 0.082946 0.083054 0.083143 0.083199 0.083219 0.083204 0.083160 0.083098 0.083027 0.082952 0.082878 0.082805 0.082735 0.082672 0.082622 0.082593 0.082592 0.082625 0.082692 0.082791 0.082915 0.083054 0.083202 0.083350 0.083496 0.083636 0.083773 0.083903 0.084024 0.084133 0.084223 0.084288 0.084326 0.084340 0.084338 0.084342 0.084378 0.084480 0.084682 0.085005 0.085446 0.085959 0.086450 0.086793 0.086908 0.086900 0.087269 0.089146 0.094288
0.094110 0.088767 0.086872 0.086560 0.086638 0.086581 0.086280 0.085821 0.085334 0.084917 0.084617 0.084437 0.084353 0.084331 0.084334 0.084336 0.084316 0.084267 0.084186 0.084081 0.083957 0.083822 0.083681 0.083533 0.083378 0.083215 0.083044 0.082871 0.082704 0.082555 0.082437 0.082357 0.082319 0.082318 0.082346 0.082390 0.082442 0.082494 0.082543 0.082589 0.082632 0.082665 0.082678 0.082656 0.082585 0.082456 0.082267 0.082033 0.081775 0.081518 0.081283 0.081081 0.080909 0.080750 0.080583 0.080384 0.080137 0.079834 0.079488 0.079125 0.078785 0.078506 0.078309 0.078199 0.078166 0.078188 0.078236 0.078280 0.078292 0.078253 0.078152 0.077989 0.077774 0.077524 0.077261 0.077004 0.076767 0.076555 0.076365 0.076189 0.076015 0.075830 0.075623 0.075386 0.075115 0.074812 0.074482 0.074134 0.073778 0.073429 0.073097 0.072792 0.072522 0.072291 0.072098 0.071944 0.071824 0.071735 0.071673 0.071634 0.071615 0.071615 0.071634 0.071673 0.071735 0.071824 0.071944 0.072098 0.072291 0.072522 0.072792 0.073097 0.073429 0.073778 0.074134 0.074482 0.074812 0.075115 0.075386 0.075623 0.075830 0.076015 0.076189 0.076365 0.076555 0.076767 0.077004 0.077261 0.077524 0.077774 0.077990 0.078153 0.078254 0.078293 0.078280 0.078236 0.078188 0.078167 0.078200 0.078309 0.078506 0.078786 0.079125 0.079488 0.079834 0.080137 0.080385 0.080583 0.080750 0.080909 0.081082 0.081283 0.081518 0.081775 0.082033 0.082268 0.082456 0.082586 0.082657 0.082678 0.082665 0.082632 0.082590 0.082543 0.082494 0.082442 0.082390 0.082346 0.082318 0.082319 0.082358 0.082437 0.082555 0.082704 0.082871 0.083044 0.083215 0.083379 0.083533 0.083681 0.083823 0.083957 0.084081 0.084187 0.084267 0.084316 0.084336 0.084334 0.084331 0.084354 0.084438 0.084618 0.084918 0.085334 0.085822 0.086281 0.086582 0.086639 0.086562 0.086875 0.088770 0.094111
0.094002 0.088429 0.086508 0.086251 0.086397 0.086393 0.086129 0.085696 0.085231 0.084836 0.084557 0.084397 0.084330 0.084318 0.084325 0.084323 0.084294 0.084230 0.084134 0.084014 0.083880 0.083738 0.083592 0.083438 0.083271 0.083087 0.082886 0.082676 0.082471 0.082289 0.082146 0.082052 0.082008 0.082006 0.082031 0.082066 0.082097 0.082118 0.082127 0.082127 0.082117 0.082087 0.082018 0.081888 0.081675 0.081371 0.080981 0.080533 0.080065 0.079616 0.079213 0.078864 0.078554 0.078255 0.077927 0.077538 0.077064 0.076505 0.075884 0.075256 0.074690 0.074244 0.073946 0.073790 0.073746 0.073771 0.073819 0.073838 0.073787 0.073639 0.073385 0.073032 0.072603 0.072132 0.071657 0.071211 0.070813 0.070468 0.070167 0.069895 0.069630 0.069350 0.069038 0.068684 0.068281 0.067832 0.067347 0.066838 0.066325 0.065825 0.065356 0.064932 0.064561 0.064249 0.063995 0.063795 0.063644 0.063534 0.063458 0.063411 0.063389 0.063389 0.063411 0.063458 0.063534 0.063644 0.063795 0.063995 0.064249 0.064561 0.064932 0.065356 0.065825 0.066325 0.066838 0.067347 0.067832 0.068281 0.068684 0.069039 0.069350 0.069630 0.069895 0.070168 0.070468 0.070814 0.071211 0.071657 0.072132 0.072603 0.073032 0.073385 0.073639 0.073787 0.073838 0.073819 0.073772 0.073746 0.073790 0.073946 0.074245 0.074690 0.075256 0.075884 0.076505 0.077065 0.077538 0.077927 0.078255 0.078555 0.078864 0.079214 0.079616 0.080065 0.080533 0.080981 0.081371 0.081676 0.081888 0.082019 0.082087 0.082117 0.082127 0.082127 0.082118 0.082097 0.082066 0.082032 0.082006 0.082008 0.082052 0.082146 0.082289 0.082472 0.082677 0.082886 0.083087 0.083271 0.083438 0.083592 0.083738 0.083880 0.084014 0.084134 0.084230 0.084294 0.084323 0.084325 0.084318 0.084330 0.084397 0.084558 0.084836 0.085232 0.085697 0.086130 0.086394 0.086399 0.086253 0.086511 0.088432 0.094003
0.093979 0.088142 0.086186 0.085983 0.086193 0.086237 0.086003 0.085592 0.085145 0.084768 0.084509 0.084367 0.084313 0.084309 0.084316 0.084307 0.084265 0.084187 0.084080 0.083954 0.083822 0.083688 0.083550 0.083398 0.083220 0.083009 0.082766 0.082503 0.082243 0.082012 0.081835 0.081723 0.081675 0.081674 0.081694 0.081710 0.081704 0.081670 0.081611 0.081533 0.081433 0.081293 0.081082 0.080768 0.080324 0.079746 0.079058 0.078313 0.077575 0.076898 0.076311 0.075805 0.075343 0.074872 0.074331 0.073671 0.072869 0.071932 0.070913 0.069913 0.069055 0.068426 0.068052 0.067903 0.067916 0.068011 0.068110 0.068131 0.068011 0.067718 0.067248 0.066624 0.065894 0.065121 0.064370 0.063698 0.063128 0.062661 0.062277 0.061947 0.061634 0.061302 0.060923 0.060480 0.059965 0.059383 0.058747 0.058077 0.057400 0.056745 0.056136 0.055593 0.055128 0.054744 0.054440 0.054208 0.054039 0.053920 0.053842 0.053796 0.053774 0.053774 0.053796 0.053842 0.053920 0.054039 0.054208 0.054440 0.054744 0.055128 0.055593 0.056136 0.056745 0.057400 0.058077 0.058747 0.059383 0.059966 0.060480 0.060923 0.061302 0.061634 0.061947 0.062277 0.062661 0.063128 0.063698 0.064371 0.065121 0.065894 0.066625 0.067248 0.067718 0.068011 0.068131 0.068110 0.068011 0.067916 0.067903 0.068052 0.068426 0.069055 0.069914 0.070913 0.071932 0.072869 0.073672 0.074331 0.074872 0.075344 0.075805 0.076311 0.076898 0.077575 0.078313 0.079058 0.079746 0.080324 0.080768 0.081083 0.081293 0.081433 0.081533 0.081611 0.081670 0.081704 0.081710 0.081694 0.081674 0.081676 0.081724 0.081835 0.082013 0.082243 0.082504 0.082767 0.083010 0.083220 0.083398 0.083550 0.083688 0.083822 0.083955 0.084080 0.084188 0.084266 0.084308 0.084317 0.084309 0.084313 0.084367 0.084509 0.084769 0.085145 0.085592 0.086005 0.086239 0.086195 0.085985 0.086189 0.088145 0.093980
0.094057 0.087921 0.085922 0.085770 0.086043 0.086130 0.085921 0.085525 0.085094 0.084734 0.084493 0.084368 0.084326 0.084326 0.084330 0.084311 0.084257 0.084170 0.084064 0.083952 0.083845 0.083743 0.083633 0.083494 0.083306 0.083057 0.082750 0.082407 0.082065 0.081765 0.081541 0.081408 0.081356 0.081353 0.081359 0.081337 0.081265 0.081136 0.080961 0.080748 0.080488 0.080151 0.079691 0.079064 0.078249 0.077258 0.076149 0.075019 0.073970 0.073072 0.072338 0.071719 0.071130 0.070473 0.069661 0.068630 0.067359 0.065876 0.064288 0.062777 0.061556 0.060752 0.060373 0.060343 0.060535 0.060818 0.061065 0.061144 0.060964 0.060484 0.059717 0.058715 0.057568 0.056389 0.055291 0.054364 0.053638 0.053099 0.052705 0.052407 0.052145 0.051856 0.051497 0.051041 0.050476 0.049806 0.049050 0.048239 0.047412 0.046611 0.045872 0.045223 0.044679 0.044244 0.043912 0.043672 0.043509 0.043404 0.043342 0.043309 0.043295 0.043295 0.043309 0.043342 0.043404 0.043509 0.043673 0.043912 0.044244 0.044679 0.045223 0.045872 0.046611 0.047412 0.048239 0.049050 0.049806 0.050476 0.051041 0.051497 0.051856 0.052145 0.052407 0.052705 0.053099 0.053639 0.054364 0.055291 0.056389 0.057568 0.058715 0.059718 0.060485 0.060964 0.061145 0.061065 0.060818 0.060536 0.060343 0.060373 0.060752 0.061556 0.062778 0.064288 0.065876 0.067359 0.068630 0.069661 0.070473 0.071131 0.071719 0.072338 0.073073 0.073971 0.075020 0.076149 0.077258 0.078249 0.079064 0.079691 0.080152 0.080488 0.080748 0.080961 0.081137 0.081265 0.081337 0.081359 0.081353 0.081356 0.081409 0.081541 0.081765 0.082065 0.082407 0.082750 0.083057 0.083307 0.083494 0.083633 0.083744 0.083846 0.083952 0.084064 0.084171 0.084257 0.084311 0.084331 0.084327 0.084326 0.084368 0.084493 0.084734 0.085094 0.085526 0.085922 0.086132 0.086045 0.085773 0.085925 0.087923 0.094058
0.094255 0.087786 0.085738 0.085639 0.085972 0.086099 0.085911 0.085530 0.085113 0.084773 0.084553 0.084446 0.084415 0.084418 0.084415 0.084385 0.084323 0.084242 0.084160 0.084094 0.084049 0.084011 0.083953 0.083838 0.083635 0.083328 0.082926 0.082467 0.082009 0.081615 0.081332 0.081172 0.081112 0.081097 0.081067 0.080970 0.080780 0.080494 0.080124 0.079676 0.079133 0.078444 0.077546 0.076401 0.075008 0.073419 0.071751 0.070170 0.068827 0.067798 0.067054 0.066465 0.065857 0.065049 0.063910 0.062383 0.060454 0.058191 0.055794 0.053585 0.051931 0.051002 0.050754 0.051021 0.051583 0.052232 0.052783 0.053026 0.052818 0.052110 0.050936 0.049407 0.047685 0.045966 0.044435 0.043241 0.042412 0.041897 0.041623 0.041514 0.041472 0.041393 0.041212 0.040887 0.040399 0.039745 0.038950 0.038056 0.037121 0.036205 0.035360 0.034628 0.034030 0.033573 0.033247 0.033037 0.032917 0.032861 0.032846 0.032848 0.032854 0.032854 0.032848 0.032846 0.032861 0.032917 0.033037 0.033247 0.033573 0.034030 0.034628 0.035361 0.036205 0.037121 0.038056 0.038950 0.039745 0.040399 0.040887 0.041212 0.041394 0.041472 0.041514 0.041624 0.041897 0.042412 0.043242 0.044436 0.045966 0.047685 0.049407 0.050936 0.052110 0.052818 0.053026 0.052783 0.052232 0.051584 0.051021 0.050754 0.051002 0.051932 0.053586 0.055794 0.058191 0.060454 0.062383 0.063911 0.065050 0.065858 0.066466 0.067054 0.067799 0.068827 0.070171 0.071752 0.073419 0.075009 0.076402 0.077546 0.078444 0.079133 0.079676 0.080124 0.080494 0.080780 0.080970 0.081067 0.081097 0.081112 0.081173 0.081332 0.081616 0.082010 0.082468 0.082926 0.083328 0.083635 0.083839 0.083953 0.084012 0.084049 0.084094 0.084160 0.084242 0.084324 0.084385 0.084416 0.084418 0.084416 0.084446 0.084553 0.084773 0.085114 0.085530 0.085912 0.086100 0.085974 0.085642 0.085741 0.087789 0.094256
0.094598 0.087768 0.085667 0.085623 0.086018 0.086183 0.086017 0.085653 0.085258 0.084945 0.084753 0.084671 0.084656 0.084661 0.084653 0.084616 0.084558 0.084504 0.084480 0.084501 0.084558 0.084618 0.084630 0.084541 0.084310 0.083921 0.083393 0.082784 0.082181 0.081673 0.081318 0.081124 0.081040 0.080982 0.080864 0.080625 0.080235 0.079696 0.079014 0.078178 0.077142 0.075835 0.074197 0.072224 0.069973 0.067563 0.065209 0.063168 0.061648 0.060710 0.060244 0.059985 0.059608 0.058790 0.057317 0.055134 0.052295 0.048919 0.045360 0.042200 0.040059 0.039122 0.039218 0.040024 0.041190 0.042431 0.043515 0.044100 0.043956 0.042998 0.041289 0.039020 0.036497 0.034049 0.031988 0.030535 0.029685 0.029336 0.029367 0.029670 0.030113 0.030525 0.030809 0.030905 0.030765 0.030376 0.029754 0.028947 0.028027 0.027079 0.026183 0.025406 0.024789 0.024349 0.024080 0.023958 0.023948 0.024009 0.024099 0.024182 0.024231 0.024231 0.024182 0.024099 0.024009 0.023948 0.023958 0.024080 0.024349 0.024789 0.025406 0.026183 0.027079 0.028027 0.028947 0.029754 0.030376 0.030765 0.030905 0.030810 0.030525 0.030114 0.029670 0.029368 0.029336 0.029685 0.030536 0.031988 0.034049 0.036498 0.039020 0.041289 0.042999 0.043956 0.044100 0.043515 0.042432 0.041190 0.040024 0.039219 0.039122 0.040060 0.042200 0.045361 0.048919 0.052295 0.055134 0.057317 0.058790 0.059608 0.059985 0.060244 0.060711 0.061648 0.063169 0.065209 0.067563 0.069974 0.072224 0.074197 0.075835 0.077142 0.078178 0.079014 0.079696 0.080235 0.080625 0.080865 0.080982 0.081040 0.081124 0.081319 0.081673 0.082181 0.082785 0.083394 0.083922 0.084311 0.084542 0.084630 0.084618 0.084559 0.084501 0.084480 0.084504 0.084558 0.084616 0.084653 0.084662 0.084656 0.084671 0.084754 0.084945 0.085259 0.085654 0.086018 0.086185 0.086020 0.085626 0.085670 0.087770 0.094599
0.095120 0.087903 0.085752 0.085769 0.086227 0.086433 0.086291 0.085951 0.085590 0.085318 0.085170 0.085127 0.085140 0.085160 0.085155 0.085123 0.085089 0.085091 0.085161 0.085304 0.085487 0.085651 0.085724 0.085645 0.085369 0.084884 0.084219 0.083453 0.082701 0.082079 0.081651 0.081405 0.081255 0.081082 0.080779 0.080283 0.079574 0.078655 0.077510 0.076073 0.074228 0.071883 0.069043 0.065813 0.062361 0.058900 0.055780 0.053374 0.051935 0.051476 0.051754 0.052317 0.052631 0.052151 0.050506 0.047586 0.043470 0.038482 0.033227 0.028750 0.026142 0.025430 0.026140 0.027717 0.029675 0.031736 0.033665 0.034917 0.035083 0.033974 0.031636 0.028358 0.024667 0.021205 0.018473 0.016822 0.016085 0.016041 0.016553 0.017543 0.018894 0.020330 0.021713 0.022928 0.023887 0.024512 0.024749 0.024597 0.024112 0.023402 0.022610 0.021871 0.021294 0.020941 0.020827 0.020927 0.021186 0.021530 0.021880 0.022162 0.022318 0.022318 0.022162 0.021880 0.021530 0.021186 0.020927 0.020827 0.020941 0.021294 0.021871 0.022610 0.023402 0.024112 0.024597 0.024749 0.024512 0.023887 0.022928 0.021713 0.020330 0.018894 0.017543 0.016554 0.016041 0.016085 0.016822 0.018473 0.021206 0.024667 0.028358 0.031636 0.033974 0.035083 0.034917 0.033665 0.031737 0.029676 0.027717 0.026140 0.025430 0.026142 0.028750 0.033227 0.038482 0.043471 0.047586 0.050506 0.052151 0.052632 0.052317 0.051755 0.051476 0.051935 0.053375 0.055780 0.058900 0.062361 0.065813 0.069043 0.071883 0.074229 0.076073 0.077511 0.078655 0.079575 0.080283 0.080780 0.081082 0.081255 0.081406 0.081652 0.082079 0.082702 0.083453 0.084220 0.084884 0.085369 0.085645 0.085725 0.085651 0.085488 0.085304 0.085162 0.085092 0.085089 0.085124 0.085156 0.085160 0.085140 0.085127 0.085171 0.085318 0.085590 0.085952 0.086292 0.086434 0.086229 0.085772 0.085755 0.087906 0.095121
0.095861 0.088242 0.086044 0.086127 0.086648 0.086891 0.086773 0.086463 0.086146 0.085933 0.085853 0.085876 0.085946 0.086009 0.086038 0.086040 0.086057 0.086141 0.086320 0.086576 0.086848 0.087054 0.087123 0.087007 0.086678 0.086125 0.085376 0.084514 0.083671 0.082973 0.082476 0.082132 0.081818 0.081388 0.080738 0.079823 0.078646 0.077207 0.075436 0.073152 0.070104 0.066144 0.061449 0.056429 0.051410 0.046712 0.042860 0.040335 0.039398 0.039951 0.041575 0.043606 0.045331 0.045937 0.044790 0.041492 0.035850 0.028309 0.020428 0.014161 0.011268 0.011170 0.012671 0.014989 0.017687 0.020659 0.023891 0.026493 0.027722 0.027053 0.024295 0.019770 0.014341 0.009205 0.005623 0.003981 0.003689 0.003932 0.004797 0.006709 0.009799 0.013632 0.017877 0.022393 0.026945 0.031182 0.034715 0.037247 0.038683 0.039167 0.039011 0.038589 0.038230 0.038160 0.038483 0.039193 0.040193 0.041326 0.042407 0.043251 0.043714 0.043714 0.043251 0.042407 0.041326 0.040193 0.039193 0.038483 0.038160 0.038230 0.038589 0.039011 0.039167 0.038683 0.037247 0.034715 0.031182 0.026945 0.022393 0.017877 0.013632 0.009800 0.006709 0.004798 0.003932 0.003689 0.003981 0.005623 0.009205 0.014341 0.019770 0.024295 0.027053 0.027722 0.026493 0.023891 0.020659 0.017687 0.014989 0.012671 0.011170 0.011269 0.014161 0.020428 0.028309 0.035851 0.041492 0.044791 0.045937 0.045332 0.043607 0.041576 0.039952 0.039399 0.040336 0.042860 0.046713 0.051411 0.056429 0.061450 0.066144 0.070104 0.073152 0.075436 0.077207 0.078646 0.079823 0.080738 0.081388 0.081818 0.082133 0.082476 0.082973 0.083671 0.084515 0.085376 0.086125 0.086678 0.087007 0.087124 0.087055 0.086849 0.086577 0.086320 0.086141 0.086057 0.086040 0.086038 0.086010 0.085947 0.085877 0.085853 0.085933 0.086146 0.086464 0.086775 0.086893 0.086651 0.086130 0.086047 0.088245 0.095863
0.096876 0.088841 0.086598 0.086743 0.087314 0.087572 0.087458 0.087163 0.086886 0.086742 0.086755 0.086886 0.087067 0.087236 0.087360 0.087452 0.087557 0.087725 0.087966 0.088228 0.088425 0.088488 0.088398 0.088173 0.087820 0.087318 0.086653 0.085868 0.085073 0.084374 0.083788 0.083230 0.082556 0.081639 0.080418 0.078901 0.077124 0.075071 0.072571 0.069246 0.064616 0.058458 0.051195 0.043760 0.036875 0.030881 0.026570 0.024403 0.024501 0.026563 0.030012 0.034129 0.038299 0.041593 0.043050 0.041369 0.034899 0.023517 0.010562 0.001538 -0.000007 -0.000007 0.001692 0.004009 0.006589 0.010255 0.015659 0.021514 0.026318 0.028547 0.026968 0.021355 0.013001 0.004372 -0.000007 -0.000007 -0.000007 -0.000007 -0.000007 0.002092 0.009861 0.020316 0.033274 0.048417 0.064826 0.080997 0.095274 0.106428 0.114024 0.118417 0.120480 0.121262 0.121708 0.122500 0.124001 0.126273 0.129132 0.132222 0.135098 0.137318 0.138526 0.138526 0.137318 0.135098 0.132222 0.129132 0.126273 0.124000 0.122500 0.121708 0.121261 0.120479 0.118416 0.114023 0.106428 0.095274 0.080997 0.064826 0.048417 0.033274 0.020316 0.009862 0.002093 -0.000007 -0.000007 -0.000007 -0.000007 -0.000007 0.004372 0.013001 0.021354 0.026967 0.028547 0.026317 0.021514 0.015659 0.010255 0.006589 0.004009 0.001692 -0.000007 -0.000007 0.001538 0.010562 0.023518 0.034899 0.041370 0.043051 0.041594 0.038300 0.034130 0.030013 0.026564 0.024501 0.024403 0.026571 0.030882 0.036875 0.043760 0.051195 0.058458 0.064617 0.069246 0.072572 0.075071 0.077124 0.078901 0.080418 0.081639 0.082556 0.083230 0.083788 0.084374 0.085073 0.085868 0.086653 0.087319 0.087820 0.088173 0.088398 0.088488 0.088425 0.088228 0.087966 0.087726 0.087557 0.087452 0.087361 0.087237 0.087067 0.086886 0.086756 0.086743 0.086887 0.087164 0.087460 0.087574 0.087316 0.086746 0.086602 0.088844 0.096878
0.098226 0.089761 0.087463 0.087642 0.088212 0.088422 0.088243 0.087901 0.087618 0.087523 0.087641 0.087930 0.088310 0.088698 0.089037 0.089313 0.089547 0.089751 0.089889 0.089874 0.089636 0.089199 0.088700 0.088294 0.088035 0.087839 0.087567 0.087150 0.086604 0.085958 0.085169 0.084140 0.082785 0.081082 0.079073 0.076842 0.074458 0.071864 0.068733 0.064408 0.058101 0.049527 0.039468 0.029275 0.020153 0.013174 0.009228 0.008299 0.009635 0.012912 0.017905 0.024402 0.032646 0.042297 0.052527 0.059710 0.056963 0.040377 0.016052 -0.000007 -0.000007 -0.000007 -0.000007 -0.000007 -0.000007 0.003089 0.013792 0.029098 0.045891 0.059856 0.065695 0.060262 0.045291 0.026591 0.010584 0.000904 -0.000007 -0.000007 0.007649 0.022210 0.044565 0.075233 0.113616 0.157234 0.201701 0.242282 0.275604 0.300352 0.316981 0.327029 0.332486 0.335324 0.337200 0.339291 0.342241 0.346198 0.350901 0.355821 0.360303 0.363711 0.365551 0.365551 0.363711 0.360303 0.355821 0.350901 0.346198 0.342241 0.339290 0.337200 0.335324 0.332485 0.327028 0.316980 0.300352 0.275603 0.242282 0.201702 0.157235 0.113617 0.075233 0.044566 0.022211 0.007649 -0.000007 -0.000007 0.000904 0.010583 0.026589 0.045289 0.060260 0.065693 0.059854 0.045890 0.029097 0.013792 0.003089 -0.000007 -0.000007 -0.000007 -0.000007 -0.000007 -0.000007 0.016052 0.040378 0.056964 0.059711 0.052527 0.042298 0.032647 0.024403 0.017906 0.012913 0.009636 0.008300 0.009229 0.013174 0.020154 0.029276 0.039468 0.049527 0.058102 0.064408 0.068733 0.071864 0.074458 0.076842 0.079073 0.081082 0.082786 0.084140 0.085169 0.085958 0.086604 0.087150 0.087567 0.087839 0.088035 0.088294 0.088700 0.089199 0.089636 0.089875 0.089889 0.089752 0.089548 0.089314 0.089037 0.088698 0.088310 0.087930 0.087641 0.087523 0.087619 0.087902 0.088244 0.088424 0.088215 0.087646 0.087467 0.089765 0.098228
0.099980 0.091059 0.088667 0.088807 0.089261 0.089278 0.088877 0.088337 0.087924 0.087794 0.087996 0.088493 0.089194 0.089979 0.090727 0.091339 0.091740 0.091845 0.091542 0.090734 0.089465 0.088007 0.086797 0.086201 0.086283 0.086785 0.087323 0.087600 0.087452 0.086763 0.085441 0.083490 0.081041 0.078294 0.075438 0.072624 0.069925 0.067217 0.063988 0.059280 0.052057 0.042170 0.030885 0.019270 0.007582 -0.000007 -0.000007 -0.000007 0.000029 0.002042 0.006953 0.015570 0.031021 0.056062 0.091645 0.128255 0.143483 0.120545 0.068098 0.016513 -0.000007 -0.000007 -0.000007 -0.000007 -0.000007 0.006783 0.035708 0.079371 0.131217 0.177171 0.202171 0.199756 0.174005 0.136137 0.099285 0.073584 0.063226 0.069030 0.091303 0.130704 0.186675 0.255381 0.329296 0.399700 0.460163 0.507880 0.542961 0.567132 0.582728 0.592117 0.597423 0.600417 0.602465 0.604502 0.607039 0.610201 0.613811 0.617494 0.620793 0.623274 0.624605 0.624605 0.623275 0.620793 0.617494 0.613811 0.610201 0.607039 0.604502 0.602464 0.600416 0.597422 0.592116 0.582728 0.567131 0.542961 0.507880 0.460164 0.399701 0.329297 0.255382 0.186675 0.130704 0.091303 0.069029 0.063225 0.073582 0.099282 0.136132 0.173999 0.199750 0.202166 0.177166 0.131213 0.079368 0.035707 0.006783 -0.000007 -0.000007 -0.000007 -0.000007 -0.000007 0.016512 0.068098 0.120545 0.143484 0.128257 0.091647 0.056064 0.031023 0.015571 0.006953 0.002042 0.000029 -0.000007 -0.000007 -0.000007 0.007582 0.019271 0.030885 0.042171 0.052057 0.059280 0.063988 0.067217 0.069925 0.072624 0.075438 0.078294 0.081041 0.083490 0.085442 0.086763 0.087452 0.087600 0.087323 0.086785 0.086283 0.086201 0.086797 0.088006 0.089464 0.090734 0.091542 0.091845 0.091740 0.091339 0.090727 0.089979 0.089195 0.088494 0.087997 0.087795 0.087924 0.088338 0.088878 0.089280 0.089264 0.088810 0.088671 0.091062 0.099981
0.102203 0.092775 0.090206 0.090156 0.090280 0.089842 0.088936 0.087922 0.087138 0.086801 0.087006 0.087743 0.088914 0.090337 0.091767 0.092920 0.093512 0.093271 0.091987 0.089636 0.086554 0.083485 0.081329 0.080679 0.081487 0.083137 0.084848 0.085998 0.086143 0.084986 0.082489 0.079001 0.075112 0.071334 0.067961 0.065123 0.062868 0.060998 0.058886 0.055495 0.050060 0.043518 0.037824 0.030883 0.016946 -0.000007 -0.000007 -0.000007 -0.000007 -0.000007 0.000027 0.009738 0.040522 0.102334 0.197344 0.293080 0.338032 0.309730 0.220317 0.108858 0.024667 -0.000007 -0.000007 -0.000007 0.010004 0.056235 0.135238 0.238948 0.340343 0.413791 0.449523 0.449684 0.422063 0.377858 0.330853 0.294940 0.280635 0.292831 0.331214 0.390528 0.461690 0.534163 0.599362 0.652560 0.692754 0.721343 0.740706 0.753265 0.761068 0.765713 0.768393 0.769984 0.771108 0.772169 0.773384 0.774808 0.776372 0.777929 0.779303 0.780326 0.780871 0.780871 0.780326 0.779303 0.777929 0.776372 0.774808 0.773384 0.772169 0.771107 0.769984 0.768392 0.765712 0.761068 0.753264 0.740706 0.721343 0.692754 0.652560 0.599362 0.534164 0.461691 0.390528 0.331213 0.292829 0.280631 0.294935 0.330846 0.377851 0.422056 0.449676 0.449515 0.413784 0.340336 0.238942 0.135233 0.056232 0.010002 -0.000007 -0.000007 -0.000007 0.024665 0.108855 0.220315 0.309729 0.338034 0.293083 0.197346 0.102336 0.040523 0.009739 0.000028 -0.000007 -0.000007 -0.000007 -0.000007 -0.000007 0.016945 0.030883 0.037824 0.043518 0.050060 0.055495 0.058886 0.060998 0.062868 0.065124 0.067961 0.071334 0.075112 0.079001 0.082489 0.084986 0.086143 0.085997 0.084848 0.083136 0.081486 0.080678 0.081328 0.083485 0.086554 0.089636 0.091987 0.093272 0.093512 0.092920 0.091767 0.090337 0.088914 0.087743 0.087006 0.086801 0.087138 0.087923 0.088937 0.089844 0.090283 0.090160 0.090210 0.092779 0.102205
0.104955 0.094932 0.092032 0.091542 0.090991 0.089690 0.087846 0.085940 0.084419 0.083601 0.083658 0.084629 0.086421 0.088767 0.091209 0.093141 0.093911 0.092956 0.089982 0.085200 0.079506 0.074374 0.071278 0.070934 0.072919 0.076029 0.078985 0.080792 0.080678 0.078184 0.073609 0.068046 0.062759 0.058527 0.055505 0.053677 0.053030 0.053420 0.054385 0.055622 0.058561 0.068431 0.088916 0.106197 0.094070 0.049205 0.001211 -0.000007 -0.000007 -0.000007 -0.000007 0.012868 0.081746 0.218974 0.392823 0.522567 0.572511 0.546219 0.455101 0.320702 0.184832 0.092503 0.058936 0.074567 0.135002 0.240660 0.374254 0.500130 0.593967 0.650274 0.674338 0.674038 0.656642 0.629260 0.600145 0.578594 0.572666 0.586139 0.617024 0.658581 0.702504 0.742092 0.773798 0.796954 0.812651 0.822653 0.828710 0.832235 0.834236 0.835368 0.836034 0.836469 0.836808 0.837126 0.837455 0.837803 0.838153 0.838480 0.838756 0.838954 0.839058 0.839058 0.838954 0.838756 0.838480 0.838153 0.837803 0.837455 0.837126 0.836808 0.836469 0.836034 0.835368 0.834236 0.832235 0.828710 0.822653 0.812651 0.796954 0.773798 0.742093 0.702504 0.658581 0.617023 0.586138 0.572663 0.578590 0.600140 0.629256 0.656637 0.674034 0.674333 0.650269 0.593962 0.500123 0.374247 0.240653 0.134996 0.074561 0.058931 0.092497 0.184825 0.320696 0.455098 0.546218 0.572511 0.522569 0.392826 0.218976 0.081748 0.012868 -0.000007 -0.000007 -0.000007 -0.000007 0.001209 0.049202 0.094067 0.106195 0.088915 0.068431 0.058561 0.055622 0.054385 0.053420 0.053030 0.053678 0.055505 0.058527 0.062759 0.068047 0.073609 0.078184 0.080678 0.080791 0.078984 0.076028 0.072918 0.070933 0.071277 0.074372 0.079505 0.085199 0.089982 0.092955 0.093911 0.093141 0.091209 0.088766 0.086420 0.084629 0.083658 0.083601 0.084419 0.085940 0.087847 0.089692 0.090994 0.091546 0.092036 0.094935 0.104957
0.108277 0.097523 0.094055 0.092754 0.091042 0.088325 0.084977 0.081646 0.078934 0.077289 0.076988 0.078142 0.080678 0.084221 0.088003 0.090922 0.091781 0.089643 0.084219 0.076199 0.067368 0.060161 0.056594 0.057161 0.060650 0.065093 0.068823 0.070551 0.069129 0.064158 0.056711 0.049134 0.043340 0.039902 0.038486 0.038720 0.040706 0.044604 0.050772 0.061404 0.084813 0.137644 0.221954 0.288989 0.285003 0.205479 0.092015 0.003999 -0.000007 -0.000007 -0.000007 0.058101 0.211307 0.425795 0.604512 0.704096 0.735599 0.716907 0.657572 0.565106 0.458171 0.369337 0.329820 0.352350 0.428592 0.533510 0.635509 0.713526 0.762412 0.787182 0.795384 0.793339 0.785519 0.775327 0.766044 0.761041 0.762949 0.772417 0.787635 0.805146 0.821458 0.834252 0.842738 0.847294 0.848902 0.848666 0.847534 0.846179 0.844987 0.844111 0.843550 0.843224 0.843030 0.842882 0.842722 0.842524 0.842289 0.842038 0.841804 0.841622 0.841523 0.841523 0.841622 0.841804 0.842038 0.842289 0.842524 0.842722 0.842882 0.843030 0.843224 0.843550 0.844111 0.844987 0.846179 0.847534 0.848666 0.848902 0.847294 0.842738 0.834252 0.821458 0.805146 0.787634 0.772416 0.762948 0.761040 0.766043 0.775325 0.785517 0.793337 0.795382 0.787179 0.762409 0.713522 0.635504 0.533503 0.428583 0.352340 0.329810 0.369328 0.458163 0.565101 0.657569 0.716906 0.735599 0.704097 0.604513 0.425796 0.211306 0.058100 -0.000007 -0.000007 -0.000007 0.003994 0.092007 0.205471 0.284997 0.288985 0.221953 0.137644 0.084813 0.061404 0.050772 0.044605 0.040706 0.038720 0.038486 0.039902 0.043340 0.049134 0.056711 0.064157 0.069129 0.070550 0.068822 0.065091 0.060648 0.057160 0.056593 0.060160 0.067367 0.076198 0.084218 0.089642 0.091781 0.090921 0.088002 0.084220 0.080677 0.078142 0.076987 0.077289 0.078933 0.081646 0.084978 0.088327 0.091045 0.092758 0.094060 0.097527 0.108279
0.112184 0.100517 0.096154 0.093551 0.090070 0.085284 0.079795 0.074471 0.070102 0.067291 0.066420 0.067678 0.071028 0.075971 0.081313 0.085288 0.086017 0.082187 0.073694 0.062040 0.050235 0.041802 0.038928 0.041137 0.045915 0.050773 0.054160 0.054687 0.050792 0.042423 0.032471 0.024342 0.020109 0.019017 0.019782 0.022168 0.026640 0.034051 0.046347 0.071426 0.132281 0.261012 0.423857 0.524071 0.526989 0.443462 0.302196 0.158391 0.067322 0.049854 0.107589 0.250607 0.453657 0.634890 0.747558 0.798109 0.808888 0.796607 0.768801 0.728844 0.683242 0.645811 0.632793 0.651893 0.695932 0.747745 0.791680 0.820659 0.835313 0.839836 0.838811 0.835744 0.832811 0.831162 0.831352 0.833553 0.837517 0.842465 0.847189 0.850380 0.851079 0.848901 0.844083 0.837327 0.829562 0.821729 0.814599 0.808672 0.804144 0.800939 0.798806 0.797420 0.796469 0.795708 0.794981 0.794218 0.793417 0.792627 0.791927 0.791401 0.791117 0.791117 0.791401 0.791927 0.792627 0.793417 0.794218 0.794981 0.795708 0.796469 0.797420 0.798806 0.800939 0.804144 0.808672 0.814599 0.821729 0.829562 0.837327 0.844083 0.848901 0.851079 0.850380 0.847189 0.842465 0.837517 0.833553 0.831351 0.831162 0.832810 0.835744 0.838810 0.839836 0.835312 0.820657 0.791678 0.747741 0.695926 0.651886 0.632787 0.645805 0.683237 0.728841 0.768799 0.796606 0.808888 0.798110 0.747558 0.634889 0.453654 0.250601 0.107581 0.049845 0.067311 0.158378 0.302182 0.443452 0.526982 0.524068 0.423857 0.261014 0.132283 0.071427 0.046347 0.034051 0.026640 0.022168 0.019782 0.019018 0.020110 0.024342 0.032471 0.042423 0.050791 0.054686 0.054159 0.050772 0.045914 0.041136 0.038927 0.041801 0.050233 0.062038 0.073692 0.082186 0.086016 0.085287 0.081312 0.075970 0.071027 0.067676 0.066418 0.067290 0.070101 0.074471 0.079796 0.085286 0.090073 0.093554 0.096159 0.100521 0.112186
0.116665 0.103865 0.098196 0.093706 0.087781 0.080254 0.072024 0.064218 0.057845 0.053657 0.052107 0.053428 0.057615 0.064005 0.070873 0.075677 0.075857 0.069868 0.058102 0.043272 0.029997 0.022715 0.022661 0.026825 0.031342 0.034526 0.035984 0.034281 0.027657 0.016829 0.006609 0.002867 0.002196 0.002902 0.004637 0.007498 0.012435 0.021141 0.038509 0.082851 0.200950 0.416842 0.612536 0.704885 0.709171 0.650821 0.548970 0.432736 0.348109 0.336034 0.409688 0.542514 0.677167 0.771219 0.818248 0.831929 0.828545 0.819417 0.809938 0.801463 0.794578 0.791405 0.794753 0.805365 0.820280 0.834488 0.844065 0.847905 0.847335 0.844660 0.841919 0.840335 0.840328 0.841690 0.843723 0.845393 0.845508 0.842950 0.836902 0.826926 0.813073 0.795789 0.775957 0.754817 0.733808 0.714332 0.697491 0.683922 0.673726 0.666539 0.661715 0.658515 0.656271 0.654472 0.652802 0.651118 0.649414 0.647777 0.646350 0.645286 0.644717 0.644717 0.645286 0.646350 0.647777 0.649414 0.651118 0.652803 0.654473 0.656271 0.658516 0.661715 0.666540 0.673727 0.683923 0.697491 0.714332 0.733809 0.754817 0.775957 0.795789 0.813074 0.826926 0.836902 0.842950 0.845508 0.845393 0.843723 0.841690 0.840328 0.840335 0.841919 0.844660 0.847336 0.847906 0.844065 0.834487 0.820278 0.805363 0.794751 0.791403 0.794577 0.801461 0.809937 0.819416 0.828545 0.831929 0.818248 0.771218 0.677163 0.542506 0.409676 0.336018 0.348093 0.432721 0.548958 0.650814 0.709166 0.704884 0.612537 0.416845 0.200952 0.082852 0.038510 0.021142 0.012435 0.007498 0.004637 0.002902 0.002196 0.002867 0.006609 0.016829 0.027656 0.034280 0.035982 0.034525 0.031341 0.026824 0.022660 0.022713 0.029995 0.043270 0.058101 0.069867 0.075856 0.075676 0.070872 0.064004 0.057613 0.053426 0.052105 0.053655 0.057844 0.064218 0.072024 0.080255 0.087784 0.093710 0.098201 0.103870 0.116668
0.121678 0.107508 0.100065 0.093056 0.084025 0.073175 0.061764 0.051215 0.042774 0.037335 0.035323 0.036860 0.041874 0.049455 0.057293 0.062177 0.061120 0.052675 0.038192 0.022235 0.011505 0.010609 0.016310 0.020732 0.020793 0.018820 0.016904 0.013281 0.005359 -0.000007 -0.000007 -0.000007 -0.000007 -0.000007 -0.000007 0.000010 0.001540 0.007238 0.027203 0.099267 0.295462 0.564861 0.737463 0.801052 0.801377 0.768937 0.718942 0.666266 0.633170 0.639660 0.686485 0.751084 0.805882 0.836814 0.845062 0.839126 0.828479 0.820284 0.817971 0.821121 0.826804 0.831569 0.833076 0.830741 0.825231 0.817809 0.810123 0.804025 0.801271 0.802592 0.807162 0.813070 0.818199 0.820727 0.819096 0.811857 0.797869 0.776656 0.748544 0.714465 0.675882 0.634401 0.591923 0.550540 0.512348 0.479112 0.451887 0.430936 0.415787 0.405426 0.398610 0.394121 0.390945 0.388361 0.385950 0.383543 0.381149 0.378887 0.376937 0.375494 0.374725 0.374725 0.375494 0.376937 0.378887 0.381149 0.383543 0.385950 0.388362 0.390946 0.394122 0.398611 0.405427 0.415788 0.430937 0.451888 0.479113 0.512349 0.550540 0.591923 0.634401 0.675883 0.714465 0.748545 0.776656 0.797870 0.811858 0.819096 0.820728 0.818200 0.813072 0.807165 0.802594 0.801274 0.804029 0.810126 0.817811 0.825233 0.830742 0.833076 0.831569 0.826803 0.821121 0.817970 0.820284 0.828478 0.839126 0.845062 0.836814 0.805880 0.751080 0.686477 0.639650 0.633160 0.666258 0.718936 0.768934 0.801375 0.801052 0.737464 0.564864 0.295467 0.099269 0.027204 0.007238 0.001540 0.000010 -0.000007 -0.000007 -0.000007 -0.000007 -0.000007 -0.000007 0.005359 0.013280 0.016902 0.018819 0.020793 0.020733 0.016311 0.010610 0.011504 0.022233 0.038189 0.052673 0.061118 0.062175 0.057291 0.049454 0.041872 0.036859 0.035321 0.037333 0.042773 0.051213 0.061764 0.073176 0.084028 0.093060 0.100070 0.107513 0.121680
0.127140 0.111385 0.101681 0.091541 0.078847 0.064298 0.049565 0.036417 0.026432 0.020664 0.019261 0.021702 0.027399 0.035121 0.042327 0.045748 0.042444 0.031814 0.016418 0.004247 0.005001 0.020077 0.032995 0.030850 0.018090 0.006834 0.001592 -0.000007 -0.000007 -0.000007 0.006759 0.008123 -0.000007 -0.000007 -0.000007 -0.000007 -0.000007 -0.000007 0.019755 0.142879 0.428557 0.684183 0.806769 0.839708 0.833581 0.815599 0.797642 0.785776 0.784917 0.796993 0.817555 0.837796 0.850309 0.852597 0.846648 0.836424 0.826170 0.819248 0.817085 0.817745 0.815783 0.804858 0.781261 0.747454 0.710487 0.678166 0.656123 0.647546 0.653752 0.672791 0.698911 0.724235 0.741564 0.745827 0.734020 0.704947 0.659490 0.601314 0.536117 0.469203 0.404854 0.345309 0.291989 0.245871 0.207630 0.177379 0.154714 0.138698 0.128024 0.121163 0.116816 0.113987 0.111934 0.110190 0.108529 0.106890 0.105307 0.103853 0.102626 0.101729 0.101253 0.101253 0.101729 0.102626 0.103853 0.105307 0.106891 0.108529 0.110190 0.111934 0.113987 0.116817 0.121164 0.128025 0.138699 0.154715 0.177380 0.207631 0.245872 0.291990 0.345309 0.404854 0.469203 0.536117 0.601315 0.659491 0.704948 0.734023 0.745830 0.741567 0.724241 0.698917 0.672798 0.653760 0.647554 0.656130 0.678173 0.710492 0.747458 0.781263 0.804859 0.815784 0.817746 0.817085 0.819248 0.826169 0.836423 0.846648 0.852597 0.850309 0.837795 0.817552 0.796990 0.784913 0.785772 0.797640 0.815598 0.833580 0.839708 0.806769 0.684185 0.428561 0.142883 0.019756 -0.000007 -0.000007 -0.000007 -0.000007 -0.000007 -0.000007 0.008124 0.006760 -0.000007 -0.000007 -0.000007 0.001591 0.006833 0.018091 0.030853 0.032999 0.020081 0.005003 0.004246 0.016416 0.031812 0.042442 0.045746 0.042326 0.035120 0.027399 0.021701 0.019260 0.020663 0.026430 0.036416 0.049564 0.064298 0.078849 0.091545 0.101686 0.111390 0.127143
0.132931 0.115440 0.103017 0.089214 0.072492 0.054183 0.036457 0.021614 0.011907 0.008767 0.011298 0.016439 0.021681 0.026214 0.029115 0.028409 0.022354 0.010449 0.000153 -0.000007 0.029664 0.071160 0.084965 0.061314 0.023968 -0.000003 -0.000007 -0.000007 0.015624 0.062503 0.114551 0.115827 0.058280 -0.000007 -0.000007 -0.000007 -0.000007 -0.000007 0.035565 0.277576 0.585089 0.773595 0.843439 0.851662 0.839075 0.826461 0.821572 0.824381 0.831107 0.836515 0.835997 0.828619 0.818947 0.813599 0.815131 0.820015 0.823249 0.822426 0.816966 0.803314 0.772240 0.713131 0.625581 0.526651 0.441839 0.385231 0.357874 0.356355 0.379454 0.424308 0.481982 0.537621 0.575271 0.582832 0.554440 0.491791 0.405450 0.312193 0.228272 0.161501 0.112240 0.076418 0.049918 0.030397 0.016334 0.006481 -0.000007 -0.000007 -0.000007 -0.000007 -0.000007 -0.000007 -0.000007 -0.000007 -0.000007 -0.000007 -0.000007 -0.000007 -0.000007 -0.000007 -0.000007 -0.000007 -0.000007 -0.000007 -0.000007 -0.000007 -0.000007 -0.000007 -0.000007 -0.000007 -0.000007 -0.000007 -0.000007 -0.000007 -0.000007 -0.000007 0.006481 0.016334 0.030397 0.049918 0.076418 0.112241 0.161502 0.228272 0.312193 0.405452 0.491794 0.554444 0.582838 0.575279 0.537630 0.481993 0.424319 0.379466 0.356366 0.357885 0.385241 0.441847 0.526657 0.625585 0.713134 0.772241 0.803314 0.816966 0.822426 0.823249 0.820016 0.815132 0.813602 0.818950 0.828620 0.835998 0.836515 0.831106 0.824380 0.821571 0.826460 0.839074 0.851662 0.843439 0.773596 0.585091 0.277579 0.035567 -0.000007 -0.000007 -0.000007 -0.000007 -0.000007 0.058280 0.115829 0.114554 0.062505 0.015625 -0.000007 -0.000007 -0.000003 0.023970 0.061321 0.084975 0.071171 0.029671 -0.000007 0.000153 0.010448 0.022352 0.028407 0.029114 0.026215 0.021683 0.016442 0.011299 0.008767 0.011906 0.021613 0.036456 0.054183 0.072494 0.089218 0.103022 0.115445 0.132934
0.138883 0.119620 0.104098 0.086245 0.065398 0.043703 0.024072 0.009970 0.005547 0.013273 0.028450 0.038906 0.038068 0.030318 0.021528 0.013661 0.004788 -0.000007 -0.000007 0.027932 0.108728 0.173761 0.169102 0.104401 0.032576 -0.000007 -0.000007 0.022381 0.097153 0.226717 0.322823 0.318031 0.213331 0.068995 -0.000007 -0.000007 -0.000007 -0.000007 0.192098 0.491297 0.724280 0.834646 0.863296 0.855381 0.838594 0.826841 0.823569 0.824351 0.820090 0.800935 0.761487 0.709541 0.669580 0.669991 0.713139 0.770254 0.811862 0.827616 0.818932 0.781283 0.697486 0.552871 0.367149 0.209110 0.119671 0.086519 0.079630 0.088728 0.115538 0.162902 0.228345 0.298974 0.351465 0.362201 0.320593 0.236840 0.140166 0.063479 0.018687 -0.000007 -0.000007 -0.000007 -0.000007 -0.000007 -0.000007 -0.000007 -0.000007 0.001469 0.007366 0.015024 0.022366 0.027848 0.030586 0.030472 0.028046 0.024192 0.019831 0.015728 0.012397 0.010115 0.008973 0.008973 0.010114 0.012397 0.015728 0.019831 0.024191 0.028046 0.030472 0.030586 0.027848 0.022366 0.015024 0.007366 0.001469 -0.000007 -0.000007 -0.000007 -0.000007 -0.000007 -0.000007 -0.000007 -0.000007 0.018687 0.063479 0.140166 0.236841 0.320597 0.362208 0.351474 0.298983 0.228354 0.162911 0.115545 0.088734 0.079636 0.086525 0.119677 0.209116 0.367153 0.552873 0.697486 0.781283 0.818931 0.827616 0.811863 0.770257 0.713145 0.669998 0.669587 0.709546 0.761490 0.800937 0.820091 0.824352 0.823570 0.826841 0.838594 0.855381 0.863296 0.834646 0.724281 0.491298 0.192099 -0.000007 -0.000007 -0.000007 -0.000007 0.068993 0.213330 0.318033 0.322827 0.226722 0.097156 0.022382 -0.000007 -0.000007 0.032579 0.104409 0.169115 0.173778 0.108742 0.027939 -0.000007 -0.000007 0.004786 0.013660 0.021528 0.030321 0.038074 0.038915 0.028458 0.013278 0.005549 0.009970 0.024071 0.043703 0.065400 0.086249 0.104104 0.119626 0.138887
0.144790 0.123876 0.104998 0.082906 0.058181 0.034094 0.014980 0.007391 0.020672 0.059082 0.101778 0.114708 0.091275 0.053017 0.021523 0.003287 -0.000007 -0.000007 0.013581 0.113398 0.244868 0.306312 0.258378 0.140345 0.036127 -0.000007 0.013372 0.083866 0.249832 0.443786 0.548608 0.537450 0.425391 0.252828 0.100488 0.033043 0.064371 0.213306 0.456014 0.683560 0.816332 0.866453 0.870172 0.855635 0.839472 0.828575 0.821330 0.808320 0.773172 0.697932 0.578082 0.444158 0.359635 0.379082 0.509012 0.670877 0.784418 0.830798 0.822632 0.757756 0.608387 0.365727 0.119651 -0.000007 -0.000007 -0.000007 -0.000007 0.002432 0.021466 0.056064 0.106598 0.168072 0.219997 0.232210 0.190308 0.112368 0.038424 -0.000007 -0.000007 -0.000007 0.000243 0.005342 0.013495 0.023752 0.036780 0.053646 0.075029 0.100824 0.129590 0.158332 0.183235 0.201114 0.210423 0.211349 0.205364 0.194646 0.181577 0.168387 0.156921 0.148545 0.144144 0.144144 0.148545 0.156921 0.168387 0.181576 0.194645 0.205364 0.211349 0.210423 0.201114 0.183235 0.158332 0.129591 0.100824 0.075029 0.053647 0.036780 0.023752 0.013495 0.005342 0.000243 -0.000007 -0.000007 -0.000007 0.038422 0.112366 0.190309 0.232213 0.220001 0.168076 0.106602 0.056067 0.021467 0.002433 -0.000007 -0.000007 -0.000007 -0.000007 0.119652 0.365726 0.608385 0.757755 0.822631 0.830798 0.784420 0.670884 0.509022 0.379094 0.359646 0.444168 0.578088 0.697935 0.773173 0.808321 0.821330 0.828575 0.839472 0.855635 0.870172 0.866454 0.816332 0.683561 0.456014 0.213304 0.064368 0.033040 0.100484 0.252824 0.425389 0.537450 0.548611 0.443792 0.249839 0.083869 0.013373 -0.000007 0.036129 0.140351 0.258391 0.306331 0.244888 0.113412 0.013586 -0.000007 -0.000007 0.003286 0.021525 0.053024 0.091288 0.114727 0.101798 0.059096 0.020679 0.007393 0.014981 0.034095 0.058183 0.082909 0.105004 0.123882 0.144794
0.150409 0.128153 0.105831 0.079561 0.051667 0.027153 0.013542 0.025020 0.082443 0.178882 0.251023 0.248618 0.178586 0.089222 0.025516 -0.000007 -0.000007 -0.000007 0.086257 0.259074 0.401488 0.422282 0.315058 0.147652 0.029925 0.004847 0.048609 0.189067 0.433145 0.630031 0.711209 0.698009 0.614787 0.486535 0.362896 0.309634 0.365399 0.510424 0.675078 0.791603 0.845351 0.855643 0.847960 0.839509 0.835545 0.832439 0.822025 0.788865 0.705096 0.542775 0.319831 0.129966 0.056755 0.102297 0.271693 0.536068 0.739870 0.828414 0.828017 0.744390 0.542208 0.235383 -0.000007 -0.000007 -0.000007 -0.000007 -0.000007 0.008153 0.038028 0.088693 0.159513 0.238139 0.297957 0.312786 0.275909 0.205702 0.136541 0.096617 0.088140 0.097753 0.114144 0.133447 0.155351 0.181205 0.213182 0.253109 0.300753 0.352895 0.404212 0.449250 0.484274 0.507714 0.519808 0.521896 0.515868 0.503864 0.488196 0.471319 0.455724 0.443740 0.437228 0.437228 0.443740 0.455723 0.471319 0.488195 0.503863 0.515867 0.521896 0.519807 0.507714 0.484274 0.449251 0.404213 0.352896 0.300754 0.253110 0.213182 0.181205 0.155351 0.133446 0.114143 0.097752 0.088137 0.096613 0.136536 0.205697 0.275905 0.312785 0.297957 0.238139 0.159513 0.088692 0.038027 0.008152 -0.000007 -0.000007 -0.000007 -0.000007 -0.000007 0.235379 0.542203 0.744387 0.828016 0.828415 0.739875 0.536076 0.271703 0.102304 0.056762 0.129973 0.319837 0.542778 0.705097 0.788865 0.822025 0.832439 0.835546 0.839510 0.847961 0.855644 0.845352 0.791603 0.675078 0.510422 0.365396 0.309629 0.362892 0.486531 0.614785 0.698009 0.711211 0.630036 0.433152 0.189073 0.048611 0.004848 0.029924 0.147655 0.315067 0.422297 0.401509 0.259095 0.086270 -0.000007 -0.000007 -0.000007 0.025518 0.089230 0.178603 0.248645 0.251055 0.178910 0.082460 0.025027 0.013544 0.027154 0.051669 0.079564 0.105836 0.128160 0.150414
0.155487 0.132392 0.106747 0.076701 0.047015 0.025749 0.027530 0.082662 0.216054 0.364952 0.436381 0.395962 0.266661 0.120129 0.027011 -0.000007 -0.000007 0.053325 0.224908 0.426506 0.526924 0.481803 0.312788 0.118067 0.018444 0.021036 0.107040 0.326745 0.593327 0.750302 0.799370 0.785342 0.735550 0.667877 0.609738 0.595889 0.638013 0.711116 0.773807 0.797864 0.782295 0.752594 0.745359 0.772059 0.810294 0.833132 0.827633 0.777741 0.645121 0.397979 0.119011 -0.000007 -0.000007 0.021861 0.146078 0.410227 0.681665 0.816409 0.833498 0.750029 0.532480 0.202720 -0.000007 -0.000007 -0.000007 -0.000007 0.007559 0.044162 0.116139 0.229824 0.361484 0.468029 0.527869 0.541881 0.518267 0.470784 0.419123 0.382216 0.369605 0.377819 0.398699 0.425109 0.453882 0.485095 0.520143 0.559556 0.601676 0.642925 0.679403 0.708442 0.729218 0.742279 0.748899 0.750419 0.747983 0.742530 0.734988 0.726438 0.718164 0.711566 0.707892 0.707892 0.711566 0.718164 0.726438 0.734988 0.742530 0.747983 0.750419 0.748899 0.742280 0.729218 0.708442 0.679403 0.642925 0.601677 0.559557 0.520144 0.485094 0.453881 0.425108 0.398696 0.377816 0.369600 0.382211 0.419116 0.470778 0.518262 0.541877 0.527866 0.468026 0.361482 0.229822 0.116138 0.044161 0.007559 -0.000007 -0.000007 -0.000007 -0.000007 0.202713 0.532474 0.750026 0.833498 0.816411 0.681671 0.410236 0.146083 0.021863 -0.000007 -0.000007 0.119012 0.397979 0.645121 0.777741 0.827633 0.833132 0.810296 0.772063 0.745364 0.752598 0.782297 0.797865 0.773808 0.711115 0.638011 0.595886 0.609736 0.667875 0.735549 0.785341 0.799371 0.750306 0.593334 0.326754 0.107044 0.021038 0.018444 0.118065 0.312789 0.481810 0.526938 0.426527 0.224927 0.053335 -0.000007 -0.000007 0.027012 0.120135 0.266676 0.395987 0.436413 0.364987 0.216083 0.082677 0.027535 0.025751 0.047017 0.076704 0.106753 0.132399 0.155493
0.159782 0.136524 0.107928 0.074954 0.045880 0.034475 0.069543 0.199683 0.399553 0.550142 0.585384 0.496063 0.311817 0.124297 0.022553 -0.000007 0.032910 0.170006 0.397177 0.564097 0.590023 0.468418 0.248347 0.065645 0.012638 0.048517 0.192219 0.472466 0.710805 0.817856 0.839914 0.824540 0.796125 0.767739 0.751012 0.753769 0.770063 0.779017 0.755246 0.682129 0.571189 0.481875 0.495170 0.618087 0.749180 0.824390 0.836831 0.783588 0.627057 0.337357 0.047301 -0.000007 -0.000007 0.013044 0.104314 0.320497 0.608930 0.787810 0.833923 0.772761 0.583410 0.271625 0.011082 -0.000007 -0.000007 -0.000007 0.024226 0.103672 0.255600 0.449216 0.603129 0.690032 0.727742 0.735462 0.725009 0.704196 0.680745 0.663170 0.657387 0.663717 0.678301 0.696307 0.714634 0.732591 0.750707 0.769182 0.786944 0.801965 0.812407 0.817716 0.818971 0.818134 0.817187 0.817244 0.818438 0.820277 0.822127 0.823551 0.824385 0.824717 0.824786 0.824786 0.824717 0.824385 0.823551 0.822127 0.820277 0.818438 0.817244 0.817187 0.818134 0.818971 0.817716 0.812408 0.801965 0.786945 0.769182 0.750707 0.732591 0.714633 0.696306 0.678300 0.663715 0.657384 0.663166 0.680742 0.704193 0.725007 0.735460 0.727740 0.690030 0.603126 0.449214 0.255599 0.103672 0.024226 -0.000007 -0.000007 -0.000007 0.011077 0.271615 0.583402 0.772758 0.833923 0.787813 0.608937 0.320505 0.104317 0.013045 -0.000007 -0.000007 0.047299 0.337354 0.627055 0.783587 0.836831 0.824391 0.749185 0.618095 0.495180 0.481883 0.571193 0.682131 0.755247 0.779017 0.770063 0.753768 0.751011 0.767738 0.796125 0.824540 0.839915 0.817858 0.710810 0.472475 0.192226 0.048519 0.012638 0.065641 0.248342 0.468418 0.590031 0.564112 0.397198 0.170023 0.032917 -0.000007 0.022552 0.124297 0.311823 0.496077 0.585407 0.550171 0.399586 0.199708 0.069554 0.034479 0.045883 0.074958 0.107934 0.136531 0.159788
0.163083 0.140459 0.109555 0.075050 0.050412 0.059583 0.152692 0.360004 0.570379 0.678224 0.661065 0.518878 0.289885 0.094351 0.015617 0.022600 0.113961 0.328032 0.550086 0.645832 0.585621 0.385953 0.145962 0.018914 0.016326 0.090816 0.303369 0.604890 0.792125 0.856680 0.860397 0.843599 0.825188 0.813301 0.810168 0.811576 0.802610 0.755656 0.638315 0.443145 0.238216 0.142036 0.205569 0.408161 0.651768 0.798672 0.843256 0.804590 0.661469 0.383929 0.082324 -0.000007 -0.000007 0.006469 0.074192 0.237057 0.506689 0.727381 0.817432 0.797779 0.668325 0.416778 0.130436 -0.000007 -0.000007 -0.000007 0.052268 0.203756 0.440257 0.644976 0.759341 0.807974 0.822742 0.822396 0.814524 0.801658 0.786702 0.775122 0.772024 0.778481 0.791472 0.806429 0.819996 0.830925 0.839136 0.844328 0.845029 0.838746 0.823700 0.801002 0.775631 0.754206 0.741821 0.739756 0.746273 0.758358 0.773064 0.787947 0.800910 0.810350 0.815286 0.815286 0.810350 0.800910 0.787948 0.773065 0.758359 0.746274 0.739756 0.741821 0.754206 0.775631 0.801002 0.823700 0.838746 0.845029 0.844328 0.839136 0.830925 0.819997 0.806429 0.791472 0.778481 0.772024 0.775122 0.786702 0.801658 0.814523 0.822396 0.822741 0.807973 0.759340 0.644975 0.440256 0.203757 0.052268 -0.000007 -0.000007 -0.000007 0.130427 0.416768 0.668319 0.797777 0.817434 0.727386 0.506698 0.237064 0.074194 0.006469 -0.000007 -0.000007 0.082319 0.383924 0.661465 0.804589 0.843256 0.798675 0.651775 0.408172 0.205577 0.142041 0.238219 0.443147 0.638316 0.755657 0.802610 0.811576 0.810168 0.813301 0.825188 0.843599 0.860397 0.856681 0.792129 0.604898 0.303377 0.090819 0.016326 0.018911 0.145953 0.385946 0.585622 0.645841 0.550102 0.328051 0.113972 0.022604 0.015616 0.094345 0.289880 0.518879 0.661075 0.678242 0.570406 0.360033 0.152711 0.059590 0.050415 0.075054 0.109561 0.140466 0.163089
0.165242 0.144082 0.111778 0.077742 0.063005 0.107284 0.273243 0.516517 0.690468 0.741531 0.666886 0.466158 0.208706 0.044353 0.012963 0.061656 0.221468 0.477297 0.655980 0.673424 0.525843 0.262317 0.045991 0.001512 0.027684 0.148352 0.429806 0.712366 0.848298 0.883380 0.877276 0.860487 0.845933 0.837841 0.834568 0.827426 0.794849 0.694669 0.479279 0.191198 0.007013 0.011241 0.072807 0.242780 0.521268 0.740817 0.832467 0.825879 0.725144 0.506156 0.211913 0.006667 -0.000007 -0.000007 0.036576 0.144526 0.358787 0.610518 0.763125 0.803373 0.746671 0.588732 0.348289 0.125711 0.020085 0.035109 0.152640 0.379968 0.616017 0.762717 0.827665 0.846963 0.846405 0.836438 0.817194 0.786362 0.747875 0.715460 0.702678 0.712181 0.736402 0.765574 0.792976 0.815463 0.830990 0.836633 0.827458 0.797152 0.741906 0.667704 0.592566 0.535886 0.507043 0.503695 0.518945 0.546400 0.581036 0.618131 0.652297 0.678293 0.692265 0.692265 0.678294 0.652299 0.618133 0.581037 0.546401 0.518946 0.503696 0.507043 0.535886 0.592564 0.667702 0.741905 0.797151 0.827458 0.836634 0.830990 0.815464 0.792977 0.765576 0.736404 0.712184 0.702681 0.715462 0.747876 0.786362 0.817194 0.836438 0.846405 0.846963 0.827665 0.762717 0.616016 0.379967 0.152639 0.035106 0.020081 0.125702 0.348278 0.588724 0.746667 0.803373 0.763128 0.610525 0.358796 0.144531 0.036578 -0.000007 -0.000007 0.006664 0.211907 0.506151 0.725141 0.825878 0.832468 0.740822 0.521276 0.242787 0.072810 0.011242 0.007014 0.191199 0.479279 0.694668 0.794849 0.827426 0.834569 0.837841 0.845933 0.860487 0.877276 0.883381 0.848301 0.712371 0.429814 0.148356 0.027685 0.001511 0.045983 0.262307 0.525838 0.673428 0.655990 0.477312 0.221480 0.061660 0.012962 0.044345 0.208694 0.466149 0.666886 0.741539 0.690485 0.516542 0.273267 0.107295 0.063009 0.077746 0.111784 0.144089 0.165248
0.166198 0.147267 0.114702 0.083709 0.085696 0.178905 0.404703 0.637986 0.760330 0.757615 0.622139 0.360191 0.105079 0.005066 0.013722 0.101261 0.321528 0.588407 0.716376 0.664935 0.439100 0.142121 -0.000007 -0.000007 0.041910 0.217706 0.547493 0.789187 0.883871 0.900914 0.891047 0.876576 0.865578 0.858854 0.852666 0.837573 0.789492 0.657719 0.391016 0.078523 -0.000007 -0.000007 0.023551 0.135689 0.364116 0.625819 0.779293 0.822271 0.777894 0.639993 0.407403 0.160286 0.014243 -0.000007 0.003740 0.058357 0.190524 0.420783 0.645052 0.767626 0.789981 0.726247 0.588699 0.417079 0.291156 0.282317 0.407000 0.593037 0.741064 0.820436 0.848848 0.851311 0.841162 0.817456 0.768263 0.682932 0.573513 0.482602 0.446214 0.462595 0.509932 0.570021 0.633224 0.693550 0.742401 0.767749 0.754990 0.689232 0.566766 0.413606 0.283129 0.206401 0.177591 0.177939 0.196260 0.228532 0.272642 0.325543 0.379683 0.424292 0.449421 0.449421 0.424293 0.379684 0.325544 0.272643 0.228534 0.196261 0.177940 0.177591 0.206400 0.283127 0.413603 0.566763 0.689230 0.754990 0.767750 0.742403 0.693553 0.633227 0.570026 0.509937 0.462600 0.446219 0.482606 0.573516 0.682933 0.768263 0.817456 0.841162 0.851311 0.848848 0.820436 0.741063 0.593035 0.406996 0.282309 0.291146 0.417069 0.588691 0.726242 0.789980 0.767628 0.645058 0.420792 0.190531 0.058360 0.003740 -0.000007 0.014241 0.160281 0.407398 0.639989 0.777893 0.822271 0.779296 0.625824 0.364123 0.135693 0.023553 -0.000007 -0.000007 0.078521 0.391014 0.657718 0.789492 0.837573 0.852666 0.858854 0.865579 0.876576 0.891047 0.900914 0.883872 0.789190 0.547500 0.217711 0.041910 -0.000007 -0.000007 0.142112 0.439093 0.664935 0.716381 0.588417 0.321536 0.101264 0.013721 0.005062 0.105066 0.360177 0.622133 0.757617 0.760339 0.638004 0.404726 0.178920 0.085703 0.083714 0.114707 0.147274 0.166205
0.165991 0.149899 0.118369 0.093385 0.119142 0.266328 0.520973 0.720612 0.796035 0.748371 0.554786 0.245152 0.017128 -0.000007 0.011642 0.124290 0.397865 0.661502 0.747463 0.645956 0.366205 0.060686 -0.000007 -0.000007 0.048595 0.298436 0.633709 0.827776 0.888681 0.889610 0.875401 0.867271 0.868804 0.872677 0.870691 0.855068 0.806767 0.683246 0.439824 0.143689 -0.000007 -0.000007 -0.000007 0.052843 0.199324 0.434303 0.645557 0.756304 0.778554 0.723821 0.589558 0.387824 0.179262 0.038085 -0.000007 0.003743 0.058683 0.203300 0.453569 0.677873 0.788911 0.802216 0.753006 0.674680 0.610341 0.604968 0.665362 0.748872 0.812000 0.842603 0.849947 0.845054 0.829624 0.789648 0.694391 0.519390 0.305107 0.156104 0.115696 0.137761 0.186679 0.254993 0.343222 0.450912 0.560771 0.635460 0.635859 0.534530 0.340847 0.140439 0.025555 -0.000007 -0.000007 -0.000007 -0.000007 0.014359 0.037816 0.073799 0.119174 0.162219 0.188605 0.188606 0.162220 0.119175 0.073801 0.037817 0.014360 -0.000007 -0.000007 -0.000007 -0.000007 0.025553 0.140435 0.340842 0.534528 0.635859 0.635462 0.560775 0.450917 0.343227 0.254998 0.186684 0.137765 0.115700 0.156108 0.305108 0.519390 0.694391 0.789648 0.829624 0.845054 0.849948 0.842603 0.812000 0.748871 0.665358 0.604963 0.610335 0.674674 0.753002 0.802214 0.788912 0.677877 0.453577 0.203307 0.058686 0.003743 -0.000007 0.038083 0.179258 0.387819 0.589555 0.723819 0.778554 0.756307 0.645562 0.434310 0.199329 0.052845 -0.000007 -0.000007 -0.000007 0.143687 0.439822 0.683245 0.806766 0.855068 0.870691 0.872678 0.868804 0.867271 0.875399 0.889608 0.888681 0.827777 0.633715 0.298443 0.048595 -0.000007 -0.000007 0.060681 0.366201 0.645956 0.747466 0.661508 0.397871 0.124290 0.011640 -0.000007 0.017118 0.245140 0.554780 0.748371 0.796041 0.720624 0.520992 0.266345 0.119151 0.093390 0.118374 0.149906 0.165997
0.164735 0.151874 0.122730 0.106743 0.161639 0.355831 0.611656 0.773443 0.813755 0.735365 0.503035 0.167361 -0.000007 -0.000007 0.004304 0.136389 0.463247 0.711608 0.766788 0.641834 0.347038 0.036056 -0.000007 -0.000007 0.078745 0.383615 0.677313 0.812472 0.827661 0.789671 0.756289 0.766467 0.811926 0.854553 0.875858 0.872959 0.839743 0.753632 0.585100 0.346134 0.133493 0.022985 -0.000007 0.009231 0.077583 0.215587 0.408738 0.580562 0.683228 0.717500 0.685969 0.585529 0.418944 0.220781 0.060757 -0.000007 -0.000007 0.049507 0.248274 0.554745 0.756227 0.826799 0.828214 0.805412 0.785266 0.783317 0.799240 0.819593 0.831916 0.834150 0.831427 0.827111 0.813741 0.765354 0.632899 0.378740 0.097940 -0.000007 -0.000007 -0.000007 -0.000007 0.027545 0.075756 0.173789 0.329094 0.473894 0.517218 0.413846 0.199086 0.019309 -0.000007 -0.000007 -0.000007 -0.000007 0.001749 0.005208 0.011275 0.026986 0.051842 0.079116 0.097440 0.097440 0.079117 0.051843 0.026986 0.011275 0.005208 0.001749 -0.000007 -0.000007 -0.000007 -0.000007 0.019307 0.199081 0.413842 0.517218 0.473898 0.329100 0.173794 0.075759 0.027547 -0.000007 -0.000007 -0.000007 -0.000007 0.097939 0.378737 0.632898 0.765354 0.813741 0.827112 0.831428 0.834151 0.831917 0.819593 0.799239 0.783314 0.785263 0.805409 0.828213 0.826798 0.756228 0.554748 0.248280 0.049510 -0.000007 -0.000007 0.060755 0.220777 0.418939 0.585525 0.685967 0.717501 0.683231 0.580566 0.408745 0.215593 0.077586 0.009232 -0.000007 0.022984 0.133491 0.346131 0.585098 0.753631 0.839743 0.872959 0.875858 0.854553 0.811926 0.766465 0.756285 0.789666 0.827657 0.812471 0.677318 0.383625 0.078751 -0.000007 -0.000007 0.036057 0.347040 0.641835 0.766790 0.711612 0.463254 0.136391 0.004303 -0.000007 -0.000007 0.167357 0.503034 0.735366 0.813758 0.773451 0.611672 0.355849 0.161649 0.106749 0.122736 0.151881 0.164741
0.162539 0.153066 0.127577 0.123106 0.209137 0.436345 0.677765 0.806763 0.824856 0.735576 0.499854 0.162175 -0.000007 -0.000007 -0.000007 0.194871 0.540385 0.752994 0.785649 0.666100 0.402186 0.103666 -0.000007 -0.000007 0.187040 0.471907 0.678075 0.726972 0.651128 0.519473 0.437988 0.496879 0.634638 0.759946 0.835103 0.865007 0.858594 0.814680 0.721507 0.575191 0.402276 0.249090 0.138016 0.071886 0.050062 0.078025 0.162563 0.298447 0.456299 0.590903 0.673452 0.687096 0.619118 0.467956 0.264742 0.085054 -0.000007 0.004234 0.152388 0.477188 0.724372 0.824554 0.848143 0.846770 0.841744 0.837485 0.830158 0.814487 0.790764 0.768454 0.760022 0.767518 0.773421 0.740954 0.614361 0.353603 0.068216 -0.000007 -0.000007 -0.000007 -0.000007 -0.000007 -0.000007 0.042362 0.190055 0.387247 0.487141 0.426526 0.246476 0.083892 0.031375 0.039827 0.062763 0.087412 0.109669 0.128357 0.146155 0.167208 0.192747 0.217844 0.233863 0.233864 0.217845 0.192747 0.167208 0.146155 0.128357 0.109669 0.087412 0.062763 0.039828 0.031375 0.083889 0.246471 0.426523 0.487142 0.387251 0.190060 0.042364 -0.000007 -0.000007 -0.000007 -0.000007 -0.000007 -0.000007 0.068212 0.353597 0.614358 0.740954 0.773423 0.767521 0.760025 0.768458 0.790767 0.814488 0.830159 0.837485 0.841744 0.846769 0.848143 0.824555 0.724372 0.477188 0.152388 0.004234 -0.000007 0.085050 0.264738 0.467952 0.619116 0.687094 0.673452 0.590906 0.456304 0.298453 0.162568 0.078028 0.050063 0.071887 0.138015 0.249088 0.402273 0.575189 0.721505 0.814679 0.858594 0.865006 0.835104 0.759946 0.634638 0.496876 0.437979 0.519462 0.651119 0.726968 0.678079 0.471919 0.187055 -0.000007 -0.000007 0.103678 0.402194 0.666104 0.785650 0.752998 0.540395 0.194882 -0.000007 -0.000007 -0.000007 0.162185 0.499861 0.735580 0.824858 0.806768 0.677776 0.436361 0.209149 0.123112 0.127583 0.153073 0.162545
0.159328 0.153256 0.132483 0.141128 0.256707 0.502847 0.724368 0.828144 0.835172 0.754715 0.555558 0.253225 0.007931 -0.000007 0.059139 0.337773 0.635448 0.791045 0.807410 0.714094 0.519434 0.283274 0.148500 0.187973 0.362514 0.562027 0.656891 0.595101 0.389523 0.168040 0.113587 0.192102 0.346944 0.537716 0.692283 0.780372 0.814910 0.809933 0.771836 0.703424 0.612243 0.509251 0.399766 0.282412 0.163411 0.071146 0.038530 0.070588 0.167776 0.349735 0.557853 0.696829 0.730127 0.665759 0.520540 0.331377 0.173815 0.128072 0.258523 0.518233 0.724017 0.817008 0.844731 0.849161 0.845415 0.830823 0.795355 0.732374 0.651936 0.586197 0.570549 0.610408 0.669552 0.693367 0.628936 0.442442 0.190139 0.024411 -0.000007 -0.000007 -0.000007 0.000522 0.016903 0.082286 0.245769 0.457994 0.579400 0.569922 0.464230 0.333970 0.256415 0.249149 0.280948 0.325524 0.369152 0.406590 0.438278 0.466874 0.493104 0.514511 0.526810 0.526810 0.514511 0.493104 0.466874 0.438278 0.406590 0.369153 0.325524 0.280948 0.249149 0.256414 0.333966 0.464226 0.569920 0.579401 0.457998 0.245772 0.082287 0.016903 0.000522 -0.000007 -0.000007 -0.000007 0.024408 0.190131 0.442436 0.628934 0.693369 0.669557 0.610416 0.570558 0.586206 0.651943 0.732378 0.795358 0.830824 0.845416 0.849161 0.844731 0.817008 0.724016 0.518229 0.258517 0.128066 0.173809 0.331371 0.520536 0.665757 0.730125 0.696829 0.557855 0.349738 0.167780 0.070591 0.038532 0.071148 0.163412 0.282412 0.399765 0.509250 0.612242 0.703423 0.771835 0.809932 0.814910 0.780372 0.692284 0.537716 0.346943 0.192099 0.113583 0.168030 0.389512 0.595096 0.656893 0.562038 0.362534 0.187997 0.148524 0.283294 0.519446 0.714099 0.807412 0.791049 0.635460 0.337795 0.059161 -0.000007 0.007956 0.253251 0.555573 0.754720 0.835174 0.828148 0.724376 0.502861 0.256719 0.141135 0.132488 0.153262 0.159334
0.154730 0.152122 0.136797 0.158987 0.300070 0.554768 0.756678 0.842182 0.845652 0.785877 0.647688 0.430697 0.227315 0.171612 0.293824 0.528274 0.730208 0.825584 0.831081 0.769322 0.650091 0.507802 0.423943 0.448967 0.552010 0.647606 0.650522 0.504036 0.222200 -0.000007 0.000978 0.031609 0.113114 0.247982 0.415824 0.557615 0.641274 0.675706 0.680674 0.673880 0.664354 0.648838 0.611353 0.530583 0.393328 0.216449 0.062059 -0.000007 0.006214 0.117378 0.399000 0.657129 0.771622 0.775453 0.708029 0.594890 0.479251 0.431703 0.498660 0.636369 0.754100 0.814787 0.836211 0.840088 0.830416 0.793436 0.706494 0.560686 0.391976 0.274095 0.254642 0.335105 0.472707 0.594224 0.636731 0.571794 0.409502 0.218882 0.093090 0.048866 0.047054 0.074656 0.140550 0.270260 0.457266 0.623910 0.714995 0.728989 0.690275 0.631310 0.586515 0.576185 0.595815 0.628335 0.660914 0.688290 0.710097 0.727629 0.741693 0.751969 0.757497 0.757497 0.751969 0.741693 0.727629 0.710097 0.688291 0.660914 0.628335 0.595815 0.576185 0.586514 0.631308 0.690273 0.728988 0.714996 0.623912 0.457267 0.270261 0.140549 0.074655 0.047053 0.048864 0.093086 0.218875 0.409494 0.571790 0.636731 0.594228 0.472715 0.335115 0.254653 0.274107 0.391987 0.560695 0.706499 0.793438 0.830417 0.840088 0.836212 0.814787 0.754099 0.636365 0.498652 0.431695 0.479244 0.594886 0.708026 0.775451 0.771621 0.657129 0.399001 0.117380 0.006214 -0.000007 0.062059 0.216450 0.393329 0.530583 0.611353 0.648837 0.664353 0.673879 0.680673 0.675705 0.641273 0.557615 0.415824 0.247982 0.113114 0.031608 0.000978 -0.000007 0.222194 0.504033 0.650524 0.647615 0.552027 0.448991 0.423968 0.507822 0.650103 0.769327 0.831083 0.825587 0.730218 0.528299 0.293861 0.171655 0.227358 0.430730 0.647705 0.785883 0.845654 0.842185 0.756685 0.554780 0.300082 0.158995 0.136803 0.152127 0.154735
0.148338 0.149342 0.139763 0.174758 0.336336 0.593561 0.778757 0.851192 0.854186 0.815056 0.734411 0.615286 0.504488 0.480248 0.562398 0.697550 0.806512 0.857194 0.857965 0.822142 0.759727 0.690169 0.648797 0.657228 0.698161 0.725830 0.686078 0.530662 0.268803 0.042025 -0.000007 -0.000007 0.009727 0.076564 0.166935 0.261453 0.336191 0.382106 0.412789 0.458904 0.542668 0.639450 0.702316 0.697412 0.614147 0.452709 0.244390 0.067613 -0.000007 0.059908 0.336800 0.631736 0.780574 0.818872 0.800633 0.754005 0.702616 0.676437 0.693781 0.741456 0.788525 0.817312 0.829962 0.831061 0.811340 0.740685 0.579489 0.334188 0.114340 0.019651 0.016963 0.078191 0.227836 0.437483 0.604056 0.665742 0.621988 0.503812 0.365078 0.268329 0.246668 0.295765 0.402154 0.540215 0.669175 0.760432 0.808050 0.821405 0.814228 0.799117 0.786859 0.784294 0.791649 0.804059 0.816539 0.826657 0.834064 0.839251 0.842753 0.844925 0.845972 0.845972 0.844925 0.842753 0.839251 0.834064 0.826658 0.816539 0.804060 0.791649 0.784294 0.786858 0.799116 0.814227 0.821405 0.808050 0.760433 0.669175 0.540215 0.402152 0.295763 0.246664 0.268323 0.365071 0.503806 0.621983 0.665740 0.604059 0.437490 0.227844 0.078197 0.016968 0.019657 0.114349 0.334198 0.579496 0.740688 0.811341 0.831061 0.829962 0.817311 0.788524 0.741453 0.693777 0.676432 0.702612 0.754002 0.800632 0.818871 0.780574 0.631735 0.336797 0.059905 -0.000007 0.067612 0.244389 0.452709 0.614147 0.697412 0.702316 0.639450 0.542668 0.458903 0.412788 0.382105 0.336192 0.261454 0.166937 0.076565 0.009728 -0.000007 -0.000007 0.042027 0.268804 0.530663 0.686081 0.725836 0.698172 0.657243 0.648814 0.690183 0.759736 0.822147 0.857967 0.857197 0.806520 0.697568 0.562431 0.480289 0.504526 0.615312 0.734423 0.815060 0.854187 0.851193 0.778762 0.593571 0.336348 0.174766 0.139768 0.149347 0.148342
0.140179 0.144748 0.140700 0.186811 0.364052 0.621329 0.793688 0.856820 0.859566 0.834762 0.793124 0.741339 0.700307 0.698964 0.741924 0.805603 0.858673 0.886001 0.888016 0.870455 0.840435 0.807709 0.786012 0.783524 0.793201 0.793650 0.754850 0.646745 0.465226 0.268717 0.141281 0.088617 0.080584 0.091932 0.105660 0.110711 0.107879 0.106760 0.115580 0.156490 0.294918 0.525279 0.704359 0.773103 0.751827 0.657276 0.499431 0.319928 0.204038 0.242728 0.443617 0.661032 0.784445 0.826736 0.828740 0.814473 0.796851 0.785423 0.785605 0.795672 0.808810 0.819700 0.826935 0.825985 0.797081 0.694235 0.463875 0.161862 -0.000007 -0.000007 -0.000007 -0.000007 0.059579 0.264417 0.528687 0.699816 0.749911 0.717810 0.647100 0.581638 0.559261 0.591557 0.659675 0.733380 0.791235 0.826795 0.843644 0.848604 0.847988 0.846060 0.845182 0.846347 0.849255 0.852511 0.854607 0.854698 0.852642 0.848821 0.844083 0.839703 0.837070 0.837070 0.839703 0.844083 0.848821 0.852642 0.854698 0.854607 0.852511 0.849255 0.846347 0.845182 0.846060 0.847988 0.848604 0.843644 0.826795 0.791235 0.733380 0.659674 0.591554 0.559257 0.581633 0.647095 0.717807 0.749909 0.699817 0.528691 0.264423 0.059583 -0.000007 -0.000007 -0.000007 -0.000007 0.161869 0.463881 0.694238 0.797082 0.825985 0.826935 0.819699 0.808810 0.795671 0.785603 0.785421 0.796850 0.814473 0.828740 0.826736 0.784445 0.661030 0.443613 0.242723 0.204033 0.319926 0.499430 0.657276 0.751827 0.773103 0.704359 0.525279 0.294918 0.156489 0.115579 0.106760 0.107880 0.110715 0.105665 0.091938 0.080590 0.088623 0.141287 0.268723 0.465230 0.646747 0.754852 0.793653 0.793207 0.783532 0.786021 0.807717 0.840441 0.870459 0.888018 0.886003 0.858677 0.805613 0.741941 0.698986 0.700328 0.741353 0.793131 0.834764 0.859566 0.856820 0.793692 0.621338 0.364063 0.186818 0.140705 0.144752 0.140182
0.130678 0.138391 0.139190 0.194090 0.382864 0.640085 0.803701 0.860427 0.862422 0.845313 0.824249 0.805506 0.795903 0.802817 0.825400 0.855101 0.881969 0.900461 0.908114 0.905104 0.894108 0.878597 0.864169 0.856079 0.853256 0.846634 0.820932 0.759703 0.656018 0.529699 0.423098 0.358988 0.325207 0.295638 0.246407 0.170468 0.082334 0.013853 -0.000007 0.004477 0.111763 0.418047 0.680296 0.796260 0.814724 0.776046 0.695099 0.591887 0.515807 0.523708 0.614909 0.722542 0.791780 0.819774 0.825117 0.822065 0.817189 0.813045 0.810820 0.811152 0.814120 0.819457 0.825693 0.825130 0.793754 0.678826 0.422041 0.108787 -0.000007 -0.000007 -0.000007 -0.000007 0.002084 0.141789 0.441524 0.690651 0.798977 0.816644 0.796415 0.770781 0.759997 0.770520 0.794550 0.819018 0.835144 0.840791 0.837928 0.830222 0.821922 0.816512 0.815572 0.818463 0.822921 0.826048 0.825361 0.819294 0.807395 0.790582 0.771561 0.754709 0.744779 0.744779 0.754709 0.771560 0.790582 0.807395 0.819294 0.825361 0.826048 0.822921 0.818464 0.815573 0.816513 0.821922 0.830222 0.837928 0.840791 0.835144 0.819018 0.794549 0.770519 0.759995 0.770779 0.796414 0.816643 0.798977 0.690652 0.441527 0.141792 0.002085 -0.000007 -0.000007 -0.000007 -0.000007 0.108789 0.422044 0.678827 0.793754 0.825130 0.825692 0.819456 0.814119 0.811151 0.810819 0.813044 0.817189 0.822066 0.825118 0.819774 0.791780 0.722541 0.614906 0.523704 0.515803 0.591884 0.695098 0.776045 0.814724 0.796260 0.680295 0.418046 0.111762 0.004477 -0.000007 0.013855 0.082339 0.170475 0.246415 0.295647 0.325215 0.358996 0.423104 0.529703 0.656020 0.759704 0.820933 0.846635 0.853258 0.856083 0.864173 0.878601 0.894111 0.905106 0.908114 0.900460 0.881969 0.855104 0.825407 0.802826 0.795911 0.805512 0.824252 0.845313 0.862421 0.860427 0.803704 0.640093 0.382874 0.194097 0.139194 0.138394 0.130680
0.120315 0.130520 0.135189 0.196291 0.393217 0.651559 0.810355 0.863185 0.864337 0.850613 0.838308 0.832234 0.832984 0.839921 0.849307 0.855470 0.856675 0.859784 0.871989 0.890551 0.906000 0.909479 0.903208 0.894164 0.885086 0.872144 0.846355 0.799069 0.732204 0.663706 0.617706 0.597887 0.584761 0.555558 0.493838 0.391107 0.256096 0.125065 0.040106 0.031380 0.162837 0.441126 0.684027 0.801092 0.833543 0.824555 0.793163 0.751469 0.718246 0.713071 0.737655 0.772447 0.797493 0.808040 0.809900 0.809260 0.808722 0.808346 0.807859 0.807989 0.810283 0.815918 0.823723 0.826101 0.801206 0.702602 0.474980 0.172020 -0.000007 -0.000007 -0.000007 -0.000007 -0.000007 0.095920 0.394227 0.674682 0.806499 0.842548 0.841779 0.833164 0.828408 0.830045 0.835025 0.838063 0.834298 0.820290 0.794793 0.760682 0.726285 0.702095 0.694432 0.701873 0.716788 0.729447 0.731932 0.719465 0.690768 0.648893 0.601753 0.560840 0.537279 0.537279 0.560840 0.601753 0.648893 0.690768 0.719465 0.731932 0.729448 0.716789 0.701874 0.694433 0.702095 0.726286 0.760682 0.794794 0.820290 0.834298 0.838063 0.835024 0.830045 0.828407 0.833163 0.841778 0.842548 0.806499 0.674683 0.394228 0.095920 -0.000007 -0.000007 -0.000007 -0.000007 -0.000007 0.172018 0.474979 0.702602 0.801205 0.826100 0.823722 0.815917 0.810282 0.807988 0.807859 0.808346 0.808722 0.809261 0.809900 0.808040 0.797493 0.772446 0.737653 0.713069 0.718244 0.751468 0.793163 0.824555 0.833543 0.801092 0.684026 0.441125 0.162836 0.031380 0.040108 0.125069 0.256102 0.391114 0.493845 0.555565 0.584767 0.597891 0.617708 0.663704 0.732200 0.799066 0.846353 0.872142 0.885085 0.894165 0.903208 0.909478 0.905996 0.890543 0.871978 0.859773 0.856668 0.855467 0.849308 0.839924 0.832987 0.832236 0.838309 0.850612 0.864336 0.863186 0.810357 0.651567 0.393227 0.196297 0.135192 0.130522 0.120317
0.109473 0.121490 0.129018 0.193829 0.396098 0.657173 0.814742 0.866019 0.866963 0.854887 0.846114 0.844255 0.846835 0.848952 0.841916 0.811689 0.749151 0.680739 0.670241 0.739522 0.822301 0.870943 0.888420 0.886550 0.870889 0.838906 0.783495 0.705503 0.631672 0.608530 0.646001 0.702944 0.735364 0.732275 0.695071 0.622480 0.516173 0.394609 0.300786 0.288236 0.392283 0.571310 0.723818 0.804260 0.831377 0.832712 0.823144 0.809464 0.796955 0.790325 0.790654 0.794144 0.795986 0.794843 0.792776 0.792092 0.793187 0.794831 0.795800 0.796389 0.798647 0.804862 0.814844 0.822478 0.811044 0.747457 0.588685 0.335131 0.105099 0.010487 -0.000007 -0.000007 0.005539 0.136536 0.429253 0.683407 0.803451 0.838554 0.841302 0.836878 0.833735 0.832752 0.831337 0.824538 0.805024 0.764131 0.696407 0.608355 0.522394 0.464815 0.448132 0.467013 0.504361 0.538784 0.552429 0.534790 0.484746 0.411823 0.334522 0.272661 0.239681 0.239681 0.272661 0.334521 0.411822 0.484745 0.534790 0.552429 0.538785 0.504362 0.467015 0.448133 0.464817 0.522395 0.608356 0.696408 0.764131 0.805025 0.824538 0.831337 0.832752 0.833735 0.836878 0.841302 0.838554 0.803451 0.683407 0.429251 0.136533 0.005537 -0.000007 -0.000007 0.010485 0.105094 0.335126 0.588681 0.747455 0.811042 0.822477 0.814843 0.804861 0.798645 0.796388 0.795799 0.794830 0.793187 0.792092 0.792776 0.794843 0.795986 0.794144 0.790654 0.790325 0.796954 0.809464 0.823144 0.832712 0.831377 0.804259 0.723818 0.571310 0.392283 0.288237 0.300789 0.394613 0.516177 0.622485 0.695075 0.732279 0.735367 0.702945 0.645998 0.608522 0.631660 0.705492 0.783486 0.838899 0.870884 0.886546 0.888414 0.870933 0.822283 0.739494 0.670204 0.680708 0.749133 0.811681 0.841914 0.848953 0.846836 0.844257 0.846114 0.854887 0.866963 0.866019 0.814744 0.657181 0.396108 0.193835 0.129021 0.121491 0.109474
0.098435 0.111689 0.121230 0.187594 0.392704 0.657971 0.817480 0.869418 0.871242 0.860899 0.854656 0.855106 0.857501 0.853587 0.828215 0.750439 0.582754 0.359863 0.264544 0.386474 0.560844 0.695451 0.770964 0.794739 0.772227 0.700442 0.577866 0.429869 0.333397 0.376910 0.548896 0.708476 0.790190 0.811885 0.799458 0.763980 0.708766 0.642594 0.588948 0.578339 0.623723 0.701021 0.768904 0.807094 0.820784 0.822258 0.819562 0.815624 0.810985 0.805774 0.800136 0.793981 0.787380 0.781346 0.777593 0.777137 0.779157 0.781104 0.780151 0.775561 0.770708 0.771981 0.783331 0.800314 0.808420 0.784664 0.701014 0.541199 0.335606 0.167519 0.084794 0.068346 0.122637 0.299375 0.541782 0.720897 0.804042 0.827175 0.826401 0.820226 0.815054 0.811134 0.804695 0.787176 0.744112 0.658301 0.523824 0.365328 0.233945 0.162443 0.148566 0.177824 0.233348 0.289930 0.319924 0.305925 0.249205 0.169780 0.095450 0.045872 0.024109 0.024109 0.045872 0.095449 0.169779 0.249205 0.305925 0.319924 0.289932 0.233349 0.177826 0.148567 0.162445 0.233947 0.365329 0.523825 0.658302 0.744113 0.787177 0.804695 0.811135 0.815055 0.820226 0.826402 0.827175 0.804041 0.720895 0.541778 0.299368 0.122631 0.068341 0.084789 0.167512 0.335597 0.541193 0.701010 0.784662 0.808420 0.800315 0.783332 0.771982 0.770708 0.775560 0.780150 0.781103 0.779157 0.777137 0.777593 0.781346 0.787380 0.793981 0.800136 0.805774 0.810985 0.815624 0.819562 0.822258 0.820783 0.807094 0.768904 0.701021 0.623723 0.578340 0.588950 0.642596 0.708768 0.763982 0.799459 0.811886 0.790191 0.708475 0.548892 0.376899 0.333380 0.429850 0.577850 0.700430 0.772217 0.794729 0.770949 0.695426 0.560808 0.386432 0.264500 0.359828 0.582736 0.750434 0.828214 0.853588 0.857504 0.855108 0.854657 0.860900 0.871242 0.869418 0.817483 0.657979 0.392715 0.187600 0.121232 0.111689 0.098436
0.087412 0.101463 0.112402 0.178556 0.384040 0.654438 0.818596 0.873114 0.876769 0.868413 0.864863 0.868248 0.871869 0.864982 0.828741 0.720965 0.482860 0.161905 0.018551 0.079588 0.205134 0.376911 0.530222 0.605362 0.585349 0.472883 0.296810 0.137213 0.074626 0.176856 0.450794 0.686864 0.800232 0.835347 0.835961 0.821814 0.799504 0.773519 0.752038 0.744741 0.755259 0.776439 0.795635 0.805527 0.807206 0.805386 0.803432 0.801969 0.799957 0.796214 0.790326 0.782794 0.774898 0.768520 0.765476 0.766291 0.769072 0.769183 0.760337 0.738407 0.708540 0.688759 0.697821 0.734369 0.775262 0.794050 0.772699 0.701604 0.585439 0.454310 0.356253 0.330891 0.395918 0.531151 0.671730 0.766318 0.807831 0.814626 0.805059 0.790138 0.775481 0.762767 0.747482 0.715262 0.641589 0.503014 0.309184 0.127594 0.023035 -0.000007 -0.000007 0.013307 0.063541 0.123822 0.165097 0.165119 0.125338 0.069799 0.024359 0.000199 -0.000007 -0.000007 0.000199 0.024358 0.069798 0.125338 0.165119 0.165097 0.123823 0.063542 0.013308 -0.000007 -0.000007 0.023035 0.127595 0.309185 0.503015 0.641590 0.715264 0.747484 0.762769 0.775482 0.790139 0.805059 0.814626 0.807831 0.766316 0.671726 0.531144 0.395908 0.330881 0.356243 0.454301 0.585432 0.701599 0.772696 0.794049 0.775265 0.734376 0.697831 0.688768 0.708545 0.738408 0.760336 0.769181 0.769071 0.766291 0.765476 0.768520 0.774899 0.782794 0.790327 0.796214 0.799957 0.801969 0.803432 0.805386 0.807206 0.805527 0.795634 0.776439 0.755259 0.744741 0.752038 0.773520 0.799505 0.821814 0.835961 0.835347 0.800232 0.686865 0.450794 0.176854 0.074618 0.137202 0.296797 0.472873 0.585340 0.605351 0.530204 0.376884 0.205103 0.079566 0.018538 0.161899 0.482859 0.720967 0.828743 0.864985 0.871872 0.868251 0.864865 0.868414 0.876769 0.873115 0.818600 0.654447 0.384051 0.178561 0.112404 0.101463 0.087413
0.076556 0.091064 0.102967 0.167384 0.370500 0.646331 0.817461 0.875977 0.881293 0.872984 0.869451 0.875184 0.882936 0.879893 0.847407 0.747692 0.528378 0.217877 -0.000007 -0.000007 0.039430 0.181802 0.345763 0.448212 0.443060 0.337620 0.186587 0.072850 0.060732 0.203602 0.469780 0.691266 0.799581 0.834452 0.838478 0.832617 0.824304 0.815748 0.808431 0.803838 0.802428 0.802637 0.801656 0.798028 0.792751 0.787960 0.784972 0.783470 0.782032 0.779212 0.774375 0.767992 0.761523 0.757014 0.756217 0.759199 0.762825 0.759524 0.737045 0.682770 0.599806 0.527405 0.522622 0.596049 0.696039 0.769140 0.797682 0.786156 0.744027 0.685852 0.635742 0.620718 0.650816 0.708392 0.763809 0.798200 0.808123 0.797425 0.770633 0.732960 0.693340 0.661357 0.635801 0.595805 0.506793 0.347789 0.157278 0.025450 -0.000007 -0.000007 0.001151 0.023384 0.072916 0.136239 0.187780 0.203772 0.182922 0.145103 0.112099 0.093358 0.086353 0.086353 0.093358 0.112098 0.145102 0.182921 0.203772 0.187780 0.136240 0.072916 0.023384 0.001151 -0.000007 -0.000007 0.025449 0.157278 0.347789 0.506796 0.595809 0.635805 0.661362 0.693344 0.732963 0.770634 0.797425 0.808123 0.798199 0.763806 0.708388 0.650810 0.620711 0.635735 0.685846 0.744023 0.786153 0.797681 0.769143 0.696050 0.596069 0.522649 0.527429 0.599820 0.682774 0.737044 0.759522 0.762823 0.759198 0.756217 0.757014 0.761523 0.767992 0.774375 0.779212 0.782033 0.783470 0.784972 0.787960 0.792751 0.798028 0.801655 0.802636 0.802428 0.803838 0.808431 0.815748 0.824304 0.832617 0.838478 0.834452 0.799580 0.691267 0.469786 0.203610 0.060738 0.072854 0.186591 0.337624 0.443064 0.448216 0.345764 0.181801 0.039429 -0.000007 -0.000007 0.217901 0.528395 0.747701 0.847411 0.879895 0.882937 0.875183 0.869449 0.872983 0.881292 0.875977 0.817465 0.646341 0.370513 0.167391 0.102968 0.091064 0.076557
0.065966 0.080626 0.093137 0.154280 0.351636 0.632575 0.812960 0.876435 0.881334 0.865988 0.850214 0.848727 0.863142 0.877142 0.868099 0.807431 0.664218 0.441041 0.230988 0.136330 0.158913 0.262325 0.387171 0.468929 0.473741 0.408883 0.314604 0.250323 0.271834 0.400654 0.583584 0.728300 0.801661 0.825438 0.827164 0.822799 0.818591 0.815658 0.813279 0.810500 0.806679 0.801437 0.794595 0.786637 0.778837 0.772605 0.768609 0.766386 0.764670 0.762164 0.758251 0.753354 0.748898 0.746873 0.748847 0.754418 0.759305 0.753086 0.716784 0.625466 0.473583 0.323360 0.286179 0.400053 0.578330 0.717359 0.788751 0.811648 0.807974 0.792456 0.776837 0.770923 0.777846 0.792201 0.804957 0.809075 0.799199 0.768830 0.711241 0.628614 0.542367 0.483626 0.461363 0.445893 0.391168 0.277704 0.146711 0.066904 0.049634 0.068960 0.107283 0.164039 0.239582 0.320116 0.381460 0.408127 0.401449 0.375708 0.347900 0.328314 0.319216 0.319216 0.328314 0.347900 0.375708 0.401449 0.408127 0.381460 0.320117 0.239582 0.164039 0.107283 0.068959 0.049633 0.066903 0.146709 0.277704 0.391170 0.445898 0.461370 0.483635 0.542375 0.628620 0.711244 0.768831 0.799200 0.809075 0.804956 0.792199 0.777843 0.770920 0.776834 0.792453 0.807971 0.811646 0.788751 0.717365 0.578349 0.400087 0.286222 0.323396 0.473604 0.625473 0.716784 0.753084 0.759303 0.754416 0.748847 0.746873 0.748898 0.753354 0.758251 0.762164 0.764670 0.766386 0.768609 0.772605 0.778836 0.786637 0.794594 0.801437 0.806679 0.810500 0.813279 0.815658 0.818590 0.822798 0.827163 0.825438 0.801661 0.728302 0.583590 0.400666 0.271848 0.250338 0.314619 0.408898 0.473756 0.468946 0.387192 0.262351 0.158944 0.136367 0.231031 0.441078 0.664240 0.807440 0.868101 0.877137 0.863130 0.848712 0.850203 0.865982 0.881332 0.876435 0.812965 0.632587 0.351650 0.154286 0.093137 0.080625 0.065966
0.055708 0.070178 0.082961 0.139132 0.326257 0.611289 0.803815 0.873603 0.875167 0.840568 0.782564 0.734389 0.747321 0.808891 0.857421 0.854994 0.792220 0.677551 0.549694 0.466817 0.452394 0.494484 0.554827 0.597833 0.605712 0.581546 0.543827 0.521937 0.544149 0.614268 0.702669 0.771294 0.806011 0.815144 0.812201 0.806615 0.802599 0.800696 0.799691 0.798051 0.794741 0.789440 0.782413 0.774471 0.766787 0.760451 0.755960 0.752992 0.750633 0.747906 0.744366 0.740471 0.737612 0.737692 0.742093 0.750091 0.756812 0.750449 0.708456 0.598114 0.405846 0.205550 0.134989 0.251740 0.475890 0.663139 0.764027 0.804608 0.816161 0.816386 0.813590 0.811502 0.811065 0.811230 0.809614 0.801988 0.779409 0.725925 0.624335 0.479260 0.340019 0.269954 0.282631 0.333880 0.363100 0.340942 0.288310 0.249182 0.250170 0.289347 0.354586 0.433434 0.512845 0.579662 0.624879 0.646093 0.647414 0.636867 0.622984 0.611866 0.606136 0.606136 0.611866 0.622984 0.636867 0.647414 0.646093 0.624879 0.579662 0.512845 0.433433 0.354585 0.289345 0.250168 0.249180 0.288307 0.340940 0.363101 0.333885 0.282639 0.269964 0.340030 0.479269 0.624340 0.725928 0.779410 0.801989 0.809614 0.811230 0.811065 0.811501 0.813589 0.816385 0.816160 0.804607 0.764027 0.663146 0.475911 0.251776 0.135027 0.205583 0.405866 0.598119 0.708455 0.750446 0.756809 0.750089 0.742092 0.737692 0.737613 0.740471 0.744366 0.747906 0.750633 0.752992 0.755960 0.760451 0.766787 0.774471 0.782413 0.789439 0.794741 0.798051 0.799691 0.800695 0.802598 0.806614 0.812200 0.815143 0.806010 0.771296 0.702674 0.614277 0.544163 0.521952 0.543842 0.581559 0.605725 0.597848 0.554847 0.494513 0.452432 0.466860 0.549734 0.677579 0.792235 0.854998 0.857413 0.808866 0.747277 0.734343 0.782534 0.840554 0.875162 0.873603 0.803820 0.611302 0.326272 0.139137 0.082962 0.070176 0.055708
0.045847 0.059676 0.072437 0.121948 0.292998 0.579689 0.788513 0.868068 0.866449 0.805188 0.673744 0.504886 0.456988 0.606832 0.769345 0.849894 0.859220 0.823312 0.769040 0.720221 0.688026 0.673698 0.674417 0.686614 0.702922 0.714672 0.717744 0.718409 0.728200 0.751142 0.779258 0.800233 0.808245 0.805718 0.798385 0.791061 0.786144 0.783810 0.782901 0.781903 0.779681 0.775769 0.770312 0.763926 0.757484 0.751788 0.747243 0.743699 0.740581 0.737260 0.733518 0.729906 0.727812 0.729066 0.734945 0.744665 0.753523 0.750458 0.714821 0.617082 0.443711 0.254719 0.171771 0.257876 0.456767 0.637544 0.740772 0.784767 0.799559 0.803127 0.803128 0.802032 0.800387 0.798116 0.793919 0.782713 0.751370 0.676100 0.533130 0.339658 0.182394 0.137842 0.203789 0.330059 0.443198 0.502616 0.518945 0.523597 0.541258 0.578280 0.627345 0.677683 0.720911 0.752677 0.772279 0.781488 0.783310 0.781027 0.777448 0.774437 0.772842 0.772842 0.774437 0.777448 0.781027 0.783310 0.781488 0.772279 0.752677 0.720911 0.677682 0.627344 0.578278 0.541256 0.523595 0.518942 0.502614 0.443197 0.330062 0.203795 0.137850 0.182404 0.339668 0.533136 0.676103 0.751371 0.782713 0.793919 0.798116 0.800388 0.802032 0.803128 0.803127 0.799558 0.784765 0.740772 0.637548 0.456782 0.257900 0.171795 0.254739 0.443722 0.617084 0.714819 0.750455 0.753521 0.744664 0.734945 0.729066 0.727812 0.729906 0.733519 0.737260 0.740581 0.743699 0.747243 0.751788 0.757483 0.763925 0.770312 0.775769 0.779681 0.781903 0.782901 0.783810 0.786143 0.791060 0.798384 0.805717 0.808245 0.800234 0.779260 0.751147 0.728207 0.718417 0.717751 0.714676 0.702922 0.686614 0.674420 0.673709 0.688045 0.720242 0.769058 0.823323 0.859222 0.849884 0.769318 0.606777 0.456907 0.504812 0.673702 0.805170 0.866443 0.868067 0.788520 0.579704 0.293012 0.121953 0.072436 0.059674 0.045847
0.036451 0.049035 0.061577 0.103299 0.251456 0.533858 0.764101 0.859998 0.861362 0.783659 0.594378 0.312719 0.158721 0.290632 0.549189 0.743637 0.832770 0.855775 0.843194 0.809770 0.758105 0.692777 0.638805 0.637817 0.691143 0.755659 0.796111 0.810740 0.813218 0.813604 0.814098 0.812380 0.806618 0.797574 0.787646 0.779177 0.773438 0.770418 0.769172 0.768414 0.767066 0.764551 0.760800 0.756145 0.751134 0.746301 0.741946 0.738022 0.734205 0.730143 0.725816 0.721863 0.719664 0.721000 0.727136 0.737497 0.748193 0.750473 0.729278 0.665272 0.550785 0.420990 0.353510 0.399793 0.526299 0.651269 0.728747 0.763330 0.774398 0.775943 0.774635 0.772846 0.771266 0.769872 0.766883 0.755768 0.721084 0.637082 0.483102 0.291582 0.162731 0.159916 0.271570 0.437750 0.578387 0.661548 0.700806 0.720022 0.735823 0.754319 0.774194 0.791760 0.804455 0.811802 0.814934 0.815616 0.815416 0.815268 0.815453 0.815830 0.816123 0.816123 0.815830 0.815453 0.815268 0.815416 0.815616 0.814934 0.811802 0.804455 0.791760 0.774193 0.754319 0.735822 0.720020 0.700804 0.661546 0.578385 0.437749 0.271571 0.159920 0.162737 0.291589 0.483108 0.637085 0.721085 0.755768 0.766883 0.769873 0.771267 0.772847 0.774635 0.775942 0.774397 0.763328 0.728745 0.651269 0.526303 0.399802 0.353519 0.420996 0.550786 0.665270 0.729274 0.750470 0.748192 0.737496 0.727136 0.721000 0.719665 0.721863 0.725817 0.730143 0.734205 0.738022 0.741945 0.746301 0.751134 0.756145 0.760800 0.764551 0.767066 0.768413 0.769171 0.770418 0.773438 0.779176 0.787645 0.797573 0.806618 0.812381 0.814099 0.813606 0.813221 0.810742 0.796110 0.755650 0.691124 0.637791 0.638781 0.692761 0.758096 0.809765 0.843188 0.855763 0.832749 0.743601 0.549134 0.290574 0.158669 0.312669 0.594345 0.783645 0.861357 0.859999 0.764108 0.533873 0.251468 0.103302 0.061576 0.049032 0.036450
0.027464 0.038134 0.050392 0.084419 0.204023 0.469968 0.725490 0.846923 0.861614 0.790381 0.602608 0.301918 0.066600 0.068310 0.246304 0.482054 0.658980 0.745011 0.763859 0.730908 0.647758 0.524272 0.414111 0.417604 0.560490 0.718596 0.809487 0.840409 0.842130 0.834097 0.824022 0.813508 0.802436 0.791113 0.780537 0.771837 0.765701 0.762099 0.760360 0.759495 0.758575 0.756985 0.754492 0.751185 0.747347 0.743291 0.739213 0.735103 0.730782 0.726070 0.721069 0.716440 0.713512 0.713997 0.719216 0.728987 0.740556 0.747880 0.741656 0.711817 0.655851 0.590933 0.552865 0.567726 0.623934 0.685392 0.726566 0.744555 0.747672 0.744229 0.739235 0.735128 0.733011 0.732904 0.732507 0.724779 0.695491 0.624781 0.503379 0.366449 0.290752 0.323324 0.443269 0.584098 0.691241 0.752837 0.782307 0.795474 0.802212 0.806544 0.808995 0.808939 0.806154 0.801379 0.796079 0.791789 0.789451 0.789116 0.790109 0.791471 0.792379 0.792379 0.791471 0.790109 0.789117 0.789451 0.791789 0.796079 0.801379 0.806154 0.808939 0.808995 0.806544 0.802212 0.795474 0.782306 0.752836 0.691240 0.584096 0.443268 0.323324 0.290753 0.366452 0.503382 0.624783 0.695492 0.724779 0.732508 0.732905 0.733012 0.735129 0.739236 0.744229 0.747671 0.744553 0.726563 0.685389 0.623931 0.567724 0.552863 0.590931 0.655848 0.711814 0.741653 0.747878 0.740555 0.728987 0.719216 0.713997 0.713512 0.716441 0.721069 0.726070 0.730782 0.735103 0.739213 0.743291 0.747347 0.751185 0.754492 0.756985 0.758574 0.759495 0.760360 0.762098 0.765700 0.771836 0.780536 0.791113 0.802435 0.813508 0.824022 0.834098 0.842131 0.840409 0.809481 0.718577 0.560451 0.417554 0.414064 0.524229 0.647717 0.730869 0.763819 0.744964 0.658923 0.481989 0.246254 0.068285 0.066593 0.301911 0.602598 0.790374 0.861612 0.846924 0.725497 0.469981 0.204032 0.084420 0.050390 0.038131 0.027463
0.018308 0.026748 0.038675 0.066350 0.156114 0.387583 0.666104 0.823825 0.863771 0.819319 0.681059 0.437348 0.173677 0.040152 0.067417 0.192578 0.345709 0.461063 0.504429 0.473435 0.378702 0.251765 0.151835 0.164817 0.386668 0.649842 0.794505 0.842543 0.846702 0.836292 0.822930 0.810028 0.798056 0.786983 0.777060 0.768781 0.762565 0.758473 0.756132 0.754861 0.753916 0.752713 0.750917 0.748450 0.745403 0.741932 0.738143 0.734029 0.729478 0.724393 0.718905 0.713619 0.709724 0.708804 0.712228 0.720256 0.731265 0.741475 0.745553 0.738589 0.719793 0.695909 0.679501 0.680059 0.695514 0.714521 0.726578 0.728345 0.722192 0.712176 0.701848 0.693910 0.690231 0.691242 0.694633 0.694028 0.678940 0.638653 0.573929 0.510620 0.489739 0.530921 0.612306 0.693976 0.751343 0.782093 0.794609 0.797443 0.795659 0.791223 0.784476 0.775396 0.764396 0.752641 0.741856 0.733708 0.729103 0.727829 0.728763 0.730438 0.731618 0.731618 0.730439 0.728763 0.727830 0.729103 0.733708 0.741856 0.752641 0.764397 0.775396 0.784476 0.791223 0.795659 0.797443 0.794609 0.782093 0.751342 0.693974 0.612304 0.530918 0.489738 0.510620 0.573930 0.638654 0.678940 0.694028 0.694634 0.691243 0.690232 0.693912 0.701849 0.712176 0.722191 0.728342 0.726575 0.714517 0.695509 0.680054 0.679495 0.695904 0.719789 0.738585 0.745551 0.741474 0.731264 0.720256 0.712228 0.708804 0.709724 0.713619 0.718905 0.724392 0.729478 0.734029 0.738143 0.741931 0.745403 0.748450 0.750917 0.752712 0.753916 0.754860 0.756132 0.758473 0.762564 0.768781 0.777060 0.786982 0.798056 0.810028 0.822930 0.836292 0.846702 0.842541 0.794496 0.649818 0.386626 0.164777 0.151801 0.251721 0.378643 0.473367 0.504357 0.460991 0.345644 0.192536 0.067405 0.040169 0.173709 0.437370 0.681066 0.819319 0.863770 0.823826 0.666109 0.387591 0.156118 0.066349 0.038672 0.026744 0.018307
0.007658 0.014873 0.025893 0.048871 0.113037 0.293590 0.578132 0.781919 0.859807 0.851827 0.773947 0.619019 0.405871 0.208731 0.099446 0.084754 0.126072 0.176691 0.198946 0.176758 0.121067 0.056835 0.014968 0.048208 0.303559 0.608321 0.778570 0.835791 0.842304 0.832147 0.818801 0.806406 0.795523 0.785787 0.776985 0.769273 0.762987 0.758345 0.755259 0.753333 0.752011 0.750762 0.749204 0.747146 0.744556 0.741484 0.737976 0.734015 0.729519 0.724414 0.718802 0.713153 0.708439 0.706021 0.707226 0.712665 0.721634 0.731961 0.740562 0.744683 0.743411 0.738388 0.732877 0.729568 0.728584 0.727446 0.723002 0.713610 0.699784 0.683537 0.667710 0.655540 0.649926 0.652074 0.660136 0.668901 0.671435 0.663090 0.647033 0.635988 0.643972 0.673470 0.712707 0.746404 0.766497 0.773322 0.771142 0.764053 0.754324 0.742579 0.728661 0.712479 0.694598 0.676492 0.660297 0.648076 0.640928 0.638518 0.639315 0.641316 0.642796 0.642796 0.641316 0.639316 0.638519 0.640928 0.648077 0.660297 0.676492 0.694598 0.712479 0.728662 0.742580 0.754325 0.764054 0.771142 0.773322 0.766496 0.746403 0.712705 0.673467 0.643970 0.635987 0.647032 0.663090 0.671435 0.668902 0.660137 0.652076 0.649927 0.655542 0.667711 0.683538 0.699783 0.713608 0.722999 0.727442 0.728580 0.729563 0.732873 0.738384 0.743408 0.744681 0.740560 0.731960 0.721634 0.712665 0.707226 0.706021 0.708439 0.713153 0.718801 0.724414 0.729519 0.734015 0.737975 0.741484 0.744556 0.747146 0.749204 0.750762 0.752011 0.753332 0.755258 0.758344 0.762987 0.769273 0.776985 0.785787 0.795522 0.806406 0.818801 0.832147 0.842304 0.835789 0.778562 0.608303 0.303534 0.048190 0.014956 0.056811 0.121027 0.176710 0.198898 0.176654 0.126054 0.084762 0.099481 0.208783 0.405920 0.619048 0.773959 0.851830 0.859807 0.781918 0.578131 0.293592 0.113037 0.048869 0.025889 0.014870 0.007657
0.000000 0.003358 0.012160 0.031536 0.076240 0.202125 0.456406 0.706066 0.835429 0.869068 0.841857 0.763224 0.634135 0.471343 0.313359 0.197205 0.130692 0.094960 0.066201 0.032401 0.002902 -0.000007 -0.000007 0.088692 0.356289 0.627168 0.777371 0.829696 0.836444 0.827781 0.816150 0.805493 0.796271 0.787914 0.779973 0.772488 0.765837 0.760424 0.756415 0.753649 0.751721 0.750151 0.748530 0.746595 0.744231 0.741421 0.738179 0.734485 0.730272 0.725470 0.720120 0.714529 0.709398 0.705786 0.704849 0.707366 0.713265 0.721457 0.730138 0.737474 0.742262 0.744109 0.743169 0.739794 0.734195 0.726167 0.715110 0.700529 0.682654 0.662828 0.643698 0.628967 0.622326 0.625678 0.637748 0.654316 0.670340 0.682885 0.692900 0.703932 0.718288 0.734390 0.747743 0.754185 0.752223 0.743021 0.728977 0.712239 0.693941 0.674219 0.652742 0.629401 0.604904 0.581019 0.560236 0.544859 0.535990 0.533044 0.534063 0.536562 0.538408 0.538408 0.536562 0.534063 0.533044 0.535990 0.544859 0.560237 0.581019 0.604904 0.629402 0.652743 0.674220 0.693942 0.712240 0.728978 0.743022 0.752223 0.754185 0.747742 0.734388 0.718287 0.703930 0.692899 0.682884 0.670340 0.654316 0.637749 0.625680 0.622327 0.628969 0.643699 0.662829 0.682653 0.700528 0.715108 0.726165 0.734192 0.739791 0.743167 0.744107 0.742260 0.737473 0.730137 0.721457 0.713265 0.707366 0.704849 0.705786 0.709398 0.714529 0.720119 0.725470 0.730271 0.734484 0.738178 0.741421 0.744230 0.746594 0.748530 0.750151 0.751720 0.753648 0.756414 0.760423 0.765837 0.772488 0.779973 0.787913 0.796271 0.805492 0.816150 0.827780 0.836443 0.829694 0.777366 0.627161 0.356286 0.088697 -0.000007 -0.000007 0.002895 0.032399 0.066208 0.094981 0.130729 0.197258 0.313419 0.471397 0.634173 0.763244 0.841864 0.869067 0.835423 0.706057 0.456397 0.202121 0.076238 0.031534 0.012157 0.003355 0.000000
0.000000 0.001435 0.008932 0.014764 0.044505 0.125256 0.313452 0.575481 0.764943 0.848567 0.863595 0.835548 0.772321 0.676575 0.558107 0.436299 0.327634 0.236780 0.160673 0.098586 0.058762 0.054867 0.113182 0.269112 0.496187 0.687609 0.791384 0.828813 0.833915 0.827263 0.817931 0.809069 0.801100 0.793440 0.785616 0.777696 0.770189 0.763694 0.758579 0.754849 0.752198 0.750172 0.748333 0.746363 0.744090 0.741454 0.738454 0.735079 0.731282 0.726993 0.722197 0.717047 0.711969 0.707689 0.705092 0.704931 0.707484 0.712365 0.718603 0.724970 0.730294 0.733608 0.734181 0.731621 0.725898 0.717131 0.705336 0.690464 0.672799 0.653504 0.635040 0.621017 0.615106 0.619318 0.632780 0.652095 0.673156 0.693043 0.710631 0.725583 0.737024 0.743357 0.743035 0.735357 0.720748 0.700567 0.676664 0.650802 0.624170 0.597200 0.569830 0.542097 0.514755 0.489503 0.468590 0.453899 0.446061 0.444127 0.445954 0.448997 0.451116 0.451116 0.448997 0.445954 0.444128 0.446061 0.453900 0.468591 0.489504 0.514756 0.542099 0.569831 0.597201 0.624172 0.650804 0.676665 0.700568 0.720748 0.735357 0.743035 0.743356 0.737023 0.725582 0.710630 0.693043 0.673155 0.652095 0.632780 0.619319 0.615108 0.621019 0.635041 0.653505 0.672800 0.690464 0.705335 0.717130 0.725896 0.731620 0.734179 0.733607 0.730293 0.724969 0.718603 0.712365 0.707485 0.704931 0.705092 0.707689 0.711969 0.717046 0.722197 0.726993 0.731281 0.735078 0.738453 0.741454 0.744089 0.746363 0.748333 0.750171 0.752197 0.754848 0.758578 0.763693 0.770188 0.777695 0.785615 0.793439 0.801099 0.809069 0.817931 0.827262 0.833913 0.828811 0.791381 0.687609 0.496198 0.269139 0.113219 0.054906 0.058807 0.098639 0.160735 0.236846 0.327701 0.436359 0.558153 0.676603 0.772334 0.835549 0.863589 0.848554 0.764924 0.575458 0.313437 0.125251 0.044502 0.014761 0.008929 0.001432 0.000000
0.000000 0.127881 0.027533 0.007338 0.018665 0.066291 0.183430 0.391770 0.612509 0.750490 0.806581 0.813727 0.794223 0.756766 0.704207 0.639442 0.565592 0.486919 0.409885 0.343576 0.302668 0.308396 0.375777 0.501487 0.644219 0.753205 0.812161 0.834462 0.837727 0.832926 0.825366 0.817489 0.809855 0.801963 0.793366 0.784262 0.775371 0.767484 0.761115 0.756361 0.752955 0.750438 0.748329 0.746259 0.744007 0.741488 0.738693 0.735629 0.732274 0.728570 0.724465 0.719990 0.715345 0.710945 0.707370 0.705213 0.704867 0.706351 0.709273 0.712928 0.716448 0.718919 0.719514 0.717674 0.713203 0.706149 0.696597 0.684633 0.670594 0.655487 0.641309 0.630898 0.627059 0.631297 0.642975 0.659612 0.678079 0.695759 0.710878 0.722065 0.727929 0.727200 0.719114 0.703638 0.681482 0.654060 0.623368 0.591630 0.560717 0.531681 0.504773 0.479956 0.457532 0.438423 0.423868 0.414755 0.411043 0.411619 0.414626 0.418035 0.420194 0.420194 0.418035 0.414626 0.411619 0.411043 0.414755 0.423868 0.438424 0.457533 0.479957 0.504775 0.531683 0.560719 0.591632 0.623370 0.654061 0.681483 0.703638 0.719115 0.727200 0.727929 0.722064 0.710878 0.695759 0.678079 0.659612 0.642975 0.631297 0.627060 0.630899 0.641310 0.655487 0.670595 0.684633 0.696597 0.706149 0.713203 0.717674 0.719513 0.718918 0.716448 0.712928 0.709273 0.706351 0.704867 0.705213 0.707370 0.710945 0.715345 0.719989 0.724464 0.728569 0.732273 0.735628 0.738692 0.741487 0.744006 0.746258 0.748329 0.750437 0.752955 0.756360 0.761114 0.767483 0.775370 0.784261 0.793365 0.801962 0.809854 0.817488 0.825365 0.832924 0.837726 0.834460 0.812160 0.753207 0.644233 0.501518 0.375829 0.308461 0.302742 0.343654 0.409961 0.486986 0.565646 0.639477 0.704221 0.756760 0.794202 0.813697 0.806547 0.750451 0.612467 0.391737 0.183414 0.066286 0.018662 0.007335 0.027529 0.127876 0.000000
1.000000 0.217280 0.102200 0.031396 0.007257 0.024938 0.088939 0.215168 0.386532 0.536101 0.617732 0.645929 0.663759 0.693360 0.724213 0.737520 0.724143 0.689809 0.645731 0.603087 0.575878 0.578739 0.617385 0.682398 0.751507 0.803766 0.833287 0.845321 0.846997 0.842851 0.835912 0.828405 0.820829 0.812326 0.802397 0.791563 0.780888 0.771389 0.763687 0.757912 0.753785 0.750805 0.748437 0.746255 0.743995 0.741551 0.738913 0.736106 0.733137 0.729970 0.726540 0.722802 0.718795 0.714690 0.710796 0.707496 0.705139 0.703920 0.703805 0.704516 0.705576 0.706372 0.706278 0.704816 0.701757 0.697078 0.690836 0.683138 0.674279 0.664978 0.656538 0.650694 0.649067 0.652450 0.660378 0.671311 0.683253 0.694350 0.703070 0.708060 0.708024 0.701870 0.688971 0.669346 0.643790 0.613973 0.582368 0.551773 0.524511 0.501773 0.483572 0.469286 0.458334 0.450525 0.445947 0.444583 0.445999 0.449274 0.453203 0.456594 0.458533 0.458533 0.456594 0.453203 0.449274 0.445999 0.444584 0.445947 0.450526 0.458335 0.469287 0.483573 0.501775 0.524513 0.551775 0.582370 0.613975 0.643791 0.669348 0.688972 0.701871 0.708024 0.708061 0.703070 0.694349 0.683253 0.671311 0.660378 0.652450 0.649067 0.650694 0.656539 0.664979 0.674279 0.683138 0.690836 0.697078 0.701757 0.704816 0.706278 0.706372 0.705576 0.704516 0.703805 0.703920 0.705139 0.707496 0.710795 0.714689 0.718794 0.722801 0.726539 0.729969 0.733136 0.736105 0.738912 0.741550 0.743995 0.746254 0.748436 0.750804 0.753784 0.757911 0.763686 0.771388 0.780887 0.791562 0.802396 0.812325 0.820827 0.828404 0.835911 0.842850 0.846996 0.845320 0.833286 0.803768 0.751516 0.682420 0.617423 0.578790 0.575935 0.603144 0.645782 0.689851 0.724172 0.737531 0.724198 0.693314 0.663688 0.645849 0.617656 0.536033 0.386481 0.215140 0.088928 0.024934 0.007255 0.031394 0.102196 0.217275 1.000000
0.034487 0.300970 0.206947 0.119178 0.036230 0.005233 0.027841 0.092375 0.186926 0.278942 0.331425 0.340712 0.364301 0.481071 0.638965 0.751309 0.796794 0.799710 0.783976 0.763242 0.747589 0.745513 0.759633 0.785677 0.814752 0.838097 0.851328 0.854973 0.851979 0.845746 0.839572 0.834991 0.830148 0.822440 0.811552 0.798918 0.786322 0.775146 0.766129 0.759401 0.754636 0.751263 0.748682 0.746406 0.744133 0.741734 0.739200 0.736574 0.733889 0.731137 0.728260 0.725179 0.721840 0.718253 0.714525 0.710847 0.707456 0.704571 0.702323 0.700720 0.699618 0.698742 0.697752 0.696357 0.694395 0.691825 0.688671 0.684990 0.680933 0.676854 0.673354 0.671185 0.670992 0.673011 0.676909 0.681876 0.686872 0.690846 0.692799 0.691736 0.686662 0.676744 0.661567 0.641371 0.617252 0.591230 0.565998 0.544256 0.527861 0.517320 0.511930 0.510382 0.511406 0.514098 0.517902 0.522411 0.527202 0.531788 0.535682 0.538489 0.539952 0.539952 0.538489 0.535682 0.531788 0.527202 0.522412 0.517902 0.514099 0.511406 0.510382 0.511930 0.517322 0.527862 0.544258 0.566000 0.591232 0.617254 0.641372 0.661568 0.676745 0.686663 0.691737 0.692799 0.690846 0.686872 0.681876 0.676908 0.673011 0.670992 0.671185 0.673354 0.676855 0.680934 0.684990 0.688671 0.691826 0.694395 0.696357 0.697752 0.698742 0.699618 0.700720 0.702323 0.704570 0.707456 0.710846 0.714524 0.718252 0.721839 0.725178 0.728259 0.731136 0.733888 0.736573 0.739199 0.741733 0.744132 0.746405 0.748681 0.751262 0.754635 0.759400 0.766128 0.775145 0.786321 0.798916 0.811551 0.822439 0.830147 0.834991 0.839571 0.845746 0.851978 0.854972 0.851327 0.838098 0.814756 0.785688 0.759652 0.745539 0.747618 0.763270 0.784001 0.799729 0.796805 0.751307 0.638934 0.480996 0.364202 0.340620 0.331346 0.278884 0.186890 0.092358 0.027834 0.005231 0.036229 0.119177 0.206944 0.300966 0.034486
0.073795 0.219417 0.304836 0.260558 0.145762 0.033678 0.000693 0.017689 0.059274 0.100025 0.115253 0.099716 0.093274 0.226549 0.512994 0.727890 0.820187 0.843804 0.840457 0.829173 0.819908 0.818235 0.824532 0.836400 0.850240 0.860337 0.859933 0.845933 0.825271 0.811739 0.813611 0.824718 0.832058 0.829730 0.819565 0.805637 0.791288 0.778546 0.768341 0.760797 0.755519 0.751852 0.749122 0.746786 0.744505 0.742134 0.739662 0.737142 0.734633 0.732151 0.729661 0.727080 0.724314 0.721289 0.717987 0.714462 0.710835 0.707273 0.703948 0.701000 0.698498 0.696420 0.694680 0.693179 0.691854 0.690684 0.689655 0.688745 0.687935 0.687254 0.686788 0.686651 0.686901 0.687460 0.688085 0.688402 0.687979 0.686360 0.683062 0.677549 0.669277 0.657864 0.643327 0.626309 0.608180 0.590931 0.576744 0.567343 0.563425 0.564530 0.569376 0.576423 0.584335 0.592176 0.599385 0.605652 0.610813 0.614803 0.617646 0.619435 0.620289 0.620289 0.619435 0.617646 0.614803 0.610813 0.605652 0.599385 0.592176 0.584335 0.576424 0.569376 0.564530 0.563426 0.567344 0.576746 0.590932 0.608181 0.626310 0.643329 0.657865 0.669278 0.677550 0.683063 0.686360 0.687979 0.688402 0.688085 0.687460 0.686901 0.686651 0.686788 0.687254 0.687935 0.688745 0.689655 0.690684 0.691854 0.693179 0.694680 0.696420 0.698498 0.701000 0.703947 0.707272 0.710834 0.714461 0.717986 0.721288 0.724313 0.727079 0.729660 0.732150 0.734632 0.737141 0.739661 0.742133 0.744504 0.746784 0.749121 0.751851 0.755517 0.760796 0.768339 0.778545 0.791286 0.805635 0.819563 0.829729 0.832057 0.824719 0.813613 0.811742 0.825273 0.845934 0.859933 0.860337 0.850242 0.836404 0.824540 0.818244 0.819917 0.829182 0.840464 0.843810 0.820192 0.727889 0.512973 0.226500 0.093220 0.099667 0.115209 0.099992 0.059254 0.017680 0.000691 0.033682 0.145768 0.260561 0.304835 0.219415 0.073793
0.026699 0.195628 0.344004 0.396699 0.321631 0.167957 0.030191 -0.000007 0.000305 0.007486 0.009186 0.001426 -0.000007 0.118216 0.456352 0.714949 0.822095 0.844666 0.836630 0.826320 0.826667 0.837119 0.850031 0.862044 0.871425 0.870891 0.845823 0.784801 0.710416 0.681897 0.722393 0.783435 0.821989 0.832545 0.825579 0.811191 0.795460 0.781409 0.770240 0.762082 0.756453 0.752611 0.749807 0.747452 0.745180 0.742830 0.740392 0.737925 0.735504 0.733169 0.730905 0.728648 0.726301 0.723761 0.720953 0.717849 0.714487 0.710964 0.707426 0.704040 0.700960 0.698301 0.696131 0.694485 0.693383 0.692823 0.692772 0.693139 0.693787 0.694548 0.695233 0.695647 0.695587 0.694848 0.693242 0.690617 0.686862 0.681892 0.675628 0.667976 0.658885 0.648475 0.637194 0.625920 0.615909 0.608549 0.604957 0.605595 0.610107 0.617476 0.626398 0.635656 0.644351 0.651941 0.658178 0.663008 0.666507 0.668843 0.670250 0.670990 0.671292 0.671292 0.670990 0.670250 0.668843 0.666507 0.663008 0.658178 0.651941 0.644351 0.635656 0.626398 0.617477 0.610107 0.605595 0.604958 0.608550 0.615911 0.625921 0.637195 0.648476 0.658886 0.667977 0.675628 0.681893 0.686862 0.690617 0.693242 0.694848 0.695586 0.695647 0.695233 0.694547 0.693787 0.693139 0.692772 0.692823 0.693382 0.694485 0.696131 0.698301 0.700960 0.704039 0.707425 0.710963 0.714486 0.717848 0.720952 0.723760 0.726300 0.728647 0.730904 0.733167 0.735503 0.737924 0.740390 0.742829 0.745178 0.747451 0.749806 0.752610 0.756452 0.762080 0.770239 0.781408 0.795458 0.811190 0.825578 0.832544 0.821989 0.783438 0.722400 0.681907 0.710424 0.784805 0.845824 0.870891 0.871425 0.862045 0.850031 0.837116 0.826660 0.826311 0.836623 0.844664 0.822099 0.714959 0.456367 0.118224 -0.000007 0.001420 0.009172 0.007476 0.000304 -0.000007 0.030200 0.167973 0.321642 0.396701 0.344002 0.195627 0.026700
0.000000 0.123134 0.341421 0.479432 0.491794 0.381176 0.204638 0.050507 -0.000007 -0.000007 -0.000007 -0.000007 -0.000007 0.208525 0.522900 0.737426 0.812082 0.798611 0.757519 0.744748 0.778331 0.825076 0.858205 0.876663 0.881980 0.862549 0.789634 0.636791 0.450663 0.414651 0.554654 0.712169 0.802241 0.831715 0.829563 0.815305 0.798577 0.783562 0.771743 0.763231 0.757450 0.753564 0.750765 0.748432 0.746187 0.743864 0.741451 0.739011 0.736627 0.734352 0.732195 0.730113 0.728027 0.725841 0.723465 0.720840 0.717955 0.714851 0.711626 0.708416 0.705377 0.702655 0.700373 0.698624 0.697464 0.696908 0.696913 0.697367 0.698093 0.698856 0.699388 0.699406 0.698644 0.696888 0.693997 0.689929 0.684736 0.678549 0.671559 0.664004 0.656196 0.648578 0.641759 0.636494 0.633539 0.633437 0.636307 0.641757 0.648982 0.656994 0.664886 0.671992 0.677941 0.682603 0.686011 0.688291 0.689626 0.690240 0.690385 0.690306 0.690209 0.690209 0.690306 0.690385 0.690241 0.689626 0.688291 0.686011 0.682603 0.677941 0.671992 0.664886 0.656994 0.648982 0.641757 0.636307 0.633438 0.633540 0.636495 0.641760 0.648579 0.656197 0.664004 0.671559 0.678550 0.684736 0.689929 0.693997 0.696888 0.698644 0.699405 0.699388 0.698856 0.698092 0.697367 0.696912 0.696908 0.697463 0.698623 0.700372 0.702654 0.705376 0.708416 0.711625 0.714850 0.717953 0.720839 0.723464 0.725839 0.728026 0.730112 0.732194 0.734351 0.736625 0.739010 0.741449 0.743863 0.746186 0.748431 0.750763 0.753562 0.757448 0.763229 0.771741 0.783561 0.798576 0.815304 0.829561 0.831715 0.802242 0.712174 0.554665 0.414666 0.450676 0.636798 0.789637 0.862550 0.881980 0.876663 0.858201 0.825064 0.778305 0.744711 0.757488 0.798599 0.812087 0.737446 0.522942 0.208579 -0.000007 -0.000007 -0.000007 -0.000007 -0.000007 0.050530 0.204667 0.381198 0.491801 0.479424 0.341407 0.123127 0.000000
0.000000 0.198475 0.332501 0.514780 0.606248 0.580154 0.457710 0.290432 0.146062 0.064585 0.043167 0.082255 0.213075 0.438389 0.661341 0.782855 0.788061 0.693210 0.567779 0.565998 0.685792 0.798231 0.859772 0.883376 0.875518 0.817156 0.667276 0.403975 0.170868 0.155926 0.384797 0.641666 0.783057 0.829837 0.831781 0.817698 0.800348 0.784820 0.772763 0.764221 0.758511 0.754719 0.752000 0.749727 0.747526 0.745240 0.742857 0.740442 0.738077 0.735823 0.733701 0.731692 0.729740 0.727771 0.725707 0.723487 0.721081 0.718495 0.715781 0.713027 0.710346 0.707856 0.705670 0.703874 0.702528 0.701646 0.701190 0.701064 0.701111 0.701123 0.700862 0.700080 0.698554 0.696116 0.692687 0.688291 0.683063 0.677242 0.671149 0.665175 0.659760 0.655384 0.652523 0.651574 0.652734 0.655912 0.660693 0.666418 0.672344 0.677817 0.682388 0.685850 0.688200 0.689560 0.690112 0.690050 0.689568 0.688858 0.688108 0.687492 0.687146 0.687146 0.687492 0.688109 0.688858 0.689568 0.690050 0.690112 0.689560 0.688200 0.685850 0.682388 0.677817 0.672344 0.666418 0.660693 0.655912 0.652735 0.651574 0.652524 0.655384 0.659761 0.665175 0.671150 0.677242 0.683064 0.688291 0.692687 0.696116 0.698554 0.700080 0.700862 0.701123 0.701111 0.701064 0.701190 0.701645 0.702527 0.703874 0.705669 0.707856 0.710345 0.713026 0.715780 0.718494 0.721080 0.723486 0.725706 0.727769 0.729739 0.731691 0.733700 0.735821 0.738075 0.740441 0.742855 0.745238 0.747524 0.749725 0.751998 0.754717 0.758509 0.764219 0.772761 0.784818 0.800346 0.817697 0.831780 0.829837 0.783058 0.641671 0.384808 0.155938 0.170876 0.403982 0.667280 0.817157 0.875518 0.883375 0.859767 0.798213 0.685747 0.565927 0.567720 0.693190 0.788066 0.782877 0.661386 0.438457 0.213147 0.082311 0.043210 0.064625 0.146105 0.290476 0.457744 0.580170 0.606243 0.514751 0.332457 0.198444 0.000000
0.990909 0.454644 0.410787 0.545750 0.670065 0.707784 0.664861 0.567269 0.453189 0.368480 0.347196 0.404645 0.527211 0.673815 0.784154 0.816479 0.740279 0.538300 0.327436 0.374540 0.600436 0.777772 0.860766 0.880205 0.839960 0.708131 0.455272 0.176264 0.029534 0.050042 0.309559 0.609890 0.774713 0.828721 0.832075 0.817960 0.800485 0.785049 0.773267 0.765064 0.759655 0.756083 0.753502 0.751312 0.749166 0.746925 0.744585 0.742207 0.739868 0.737628 0.735515 0.733524 0.731621 0.729758 0.727879 0.725935 0.723894 0.721748 0.719513 0.717234 0.714971 0.712797 0.710779 0.708975 0.707422 0.706127 0.705065 0.704166 0.703326 0.702402 0.701234 0.699659 0.697535 0.694771 0.691347 0.687333 0.682897 0.678293 0.673846 0.669916 0.666870 0.665023 0.664592 0.665631 0.667983 0.671284 0.675020 0.678630 0.681635 0.683720 0.684774 0.684864 0.684170 0.682924 0.681349 0.679641 0.677956 0.676426 0.675163 0.674260 0.673789 0.673790 0.674260 0.675163 0.676426 0.677956 0.679641 0.681350 0.682924 0.684170 0.684864 0.684774 0.683720 0.681635 0.678630 0.675020 0.671284 0.667983 0.665631 0.664593 0.665023 0.666870 0.669917 0.673846 0.678294 0.682898 0.687334 0.691347 0.694771 0.697535 0.699659 0.701234 0.702402 0.703325 0.704166 0.705064 0.706127 0.707421 0.708974 0.710778 0.712796 0.714970 0.717232 0.719512 0.721746 0.723893 0.725933 0.727877 0.729756 0.731620 0.733522 0.735513 0.737626 0.739866 0.742205 0.744584 0.746924 0.749164 0.751310 0.753500 0.756081 0.759653 0.765062 0.773266 0.785048 0.800483 0.817959 0.832074 0.828721 0.774714 0.609894 0.309566 0.050048 0.029538 0.176269 0.455275 0.708131 0.839958 0.880203 0.860761 0.777754 0.600391 0.374472 0.327383 0.538278 0.740281 0.816493 0.784184 0.673863 0.527276 0.404716 0.347264 0.368542 0.453241 0.567308 0.664884 0.707790 0.670048 0.545700 0.410713 0.454598 0.990910
0.975291 0.724304 0.565823 0.607789 0.711209 0.772569 0.779640 0.748128 0.699070 0.657826 0.648400 0.681418 0.744339 0.807688 0.837827 0.798187 0.641281 0.366269 0.182335 0.299251 0.576793 0.777834 0.863184 0.867259 0.775370 0.530303 0.206991 0.029976 -0.000007 0.057756 0.345171 0.630700 0.780949 0.828851 0.830314 0.815986 0.799001 0.784338 0.773362 0.765842 0.760928 0.757664 0.755252 0.753148 0.751056 0.748864 0.746576 0.744250 0.741954 0.739740 0.737636 0.735643 0.733745 0.731913 0.730113 0.728314 0.726491 0.724629 0.722729 0.720801 0.718865 0.716948 0.715078 0.713275 0.711552 0.709908 0.708326 0.706768 0.705181 0.703492 0.701623 0.699497 0.697058 0.694284 0.691204 0.687909 0.684551 0.681335 0.678494 0.676263 0.674834 0.674322 0.674723 0.675898 0.677573 0.679377 0.680914 0.681836 0.681918 0.681093 0.679438 0.677146 0.674460 0.671624 0.668846 0.666279 0.664030 0.662165 0.660731 0.659757 0.659265 0.659265 0.659757 0.660731 0.662165 0.664030 0.666279 0.668846 0.671625 0.674461 0.677147 0.679439 0.681093 0.681919 0.681836 0.680914 0.679378 0.677573 0.675898 0.674723 0.674322 0.674835 0.676263 0.678494 0.681335 0.684551 0.687909 0.691204 0.694284 0.697058 0.699497 0.701622 0.703492 0.705180 0.706768 0.708325 0.709907 0.711551 0.713274 0.715077 0.716947 0.718864 0.720799 0.722728 0.724628 0.726489 0.728312 0.730112 0.731912 0.733744 0.735642 0.737634 0.739738 0.741952 0.744248 0.746574 0.748862 0.751054 0.753146 0.755250 0.757662 0.760926 0.765840 0.773360 0.784336 0.799000 0.815984 0.830313 0.828850 0.780949 0.630702 0.345174 0.057758 -0.000007 0.029979 0.206991 0.530294 0.775362 0.867255 0.863180 0.777820 0.576764 0.299212 0.182306 0.366247 0.641270 0.798187 0.837836 0.807708 0.744371 0.681459 0.648444 0.657867 0.699102 0.748150 0.779652 0.772568 0.711188 0.607740 0.565763 0.724273 0.975293
0.975772 0.788791 0.671014 0.681261 0.746368 0.802149 0.827867 0.830009 0.819645 0.806641 0.798051 0.798920 0.807976 0.811393 0.781190 0.674816 0.454942 0.208743 0.142120 0.336104 0.615144 0.795991 0.866186 0.851578 0.714938 0.385668 0.044132 -0.000007 -0.000007 0.165176 0.455724 0.685580 0.796624 0.829273 0.826613 0.812143 0.796288 0.783016 0.773282 0.766697 0.762391 0.759467 0.757217 0.755184 0.753131 0.750981 0.748748 0.746485 0.744247 0.742074 0.739990 0.737997 0.736086 0.734243 0.732451 0.730694 0.728956 0.727226 0.725493 0.723753 0.721999 0.720230 0.718442 0.716631 0.714793 0.712920 0.711003 0.709028 0.706979 0.704840 0.702593 0.700230 0.697755 0.695194 0.692599 0.690051 0.687658 0.685540 0.683815 0.682572 0.681848 0.681612 0.681751 0.682073 0.682335 0.682274 0.681661 0.680346 0.678286 0.675554 0.672316 0.668792 0.665215 0.661789 0.658669 0.655953 0.653691 0.651898 0.650568 0.649692 0.649257 0.649257 0.649692 0.650569 0.651898 0.653691 0.655954 0.658669 0.661789 0.665215 0.668793 0.672317 0.675555 0.678286 0.680346 0.681661 0.682274 0.682335 0.682074 0.681751 0.681613 0.681848 0.682572 0.683815 0.685540 0.687658 0.690051 0.692599 0.695194 0.697755 0.700230 0.702593 0.704839 0.706979 0.709027 0.711002 0.712919 0.714792 0.716630 0.718440 0.720228 0.721998 0.723751 0.725492 0.727224 0.728955 0.730692 0.732450 0.734242 0.736084 0.737995 0.739988 0.742073 0.744245 0.746483 0.748746 0.750979 0.753129 0.755182 0.757215 0.759465 0.762389 0.766695 0.773280 0.783014 0.796287 0.812142 0.826612 0.829272 0.796624 0.685580 0.455723 0.165174 -0.000007 -0.000007 0.044128 0.385640 0.714921 0.851571 0.866183 0.795985 0.615131 0.336087 0.142104 0.208719 0.454909 0.674786 0.781169 0.811382 0.807975 0.798930 0.798067 0.806658 0.819659 0.830019 0.827871 0.802147 0.746354 0.681233 0.670985 0.788777 0.975774
0.998412 0.687589 0.715798 0.735003 0.776362 0.816719 0.843696 0.857545 0.861485 0.854345 0.828109 0.776121 0.710670 0.641470 0.553523 0.406287 0.217965 0.102215 0.180570 0.433371 0.680325 0.819794 0.868137 0.842860 0.705569 0.410248 0.112606 0.034119 0.140326 0.360444 0.594421 0.746142 0.812889 0.828525 0.821425 0.807198 0.793010 0.781555 0.773313 0.767769 0.764085 0.761475 0.759351 0.757356 0.755320 0.753199 0.751016 0.748816 0.746641 0.744520 0.742465 0.740477 0.738551 0.736680 0.734858 0.733078 0.731335 0.729620 0.727923 0.726231 0.724530 0.722804 0.721033 0.719204 0.717303 0.715320 0.713252 0.711100 0.708873 0.706586 0.704258 0.701918 0.699600 0.697348 0.695212 0.693245 0.691500 0.690018 0.688818 0.687886 0.687171 0.686575 0.685965 0.685184 0.684070 0.682489 0.680354 0.677653 0.674450 0.670881 0.667125 0.663380 0.659823 0.656594 0.653783 0.651429 0.649536 0.648080 0.647030 0.646351 0.646018 0.646018 0.646351 0.647030 0.648081 0.649536 0.651430 0.653783 0.656594 0.659823 0.663380 0.667126 0.670881 0.674451 0.677653 0.680354 0.682489 0.684070 0.685184 0.685965 0.686575 0.687171 0.687886 0.688818 0.690018 0.691500 0.693245 0.695212 0.697348 0.699600 0.701918 0.704258 0.706585 0.708873 0.711099 0.713251 0.715319 0.717302 0.719203 0.721032 0.722802 0.724529 0.726230 0.727921 0.729618 0.731333 0.733077 0.734856 0.736678 0.738549 0.740475 0.742463 0.744518 0.746639 0.748814 0.751014 0.753197 0.755318 0.757354 0.759349 0.761473 0.764083 0.767766 0.773311 0.781552 0.793008 0.807196 0.821423 0.828524 0.812888 0.746141 0.594418 0.360437 0.140314 0.034101 0.112572 0.410208 0.705547 0.842852 0.868135 0.819792 0.680323 0.433369 0.180565 0.102198 0.217926 0.406231 0.553462 0.641418 0.710637 0.776109 0.828110 0.854351 0.861490 0.857549 0.843698 0.816718 0.776356 0.734994 0.715790 0.687587 0.998413
0.000000 0.698288 0.739006 0.771257 0.798684 0.825587 0.847704 0.863462 0.870275 0.857245 0.796701 0.652382 0.444775 0.298376 0.215812 0.128601 0.054642 0.088133 0.286709 0.550086 0.742771 0.838563 0.867838 0.844458 0.747719 0.563556 0.376483 0.324492 0.416507 0.575344 0.712450 0.792585 0.823372 0.825605 0.815402 0.802039 0.789867 0.780401 0.773690 0.769142 0.766008 0.763641 0.761588 0.759594 0.757550 0.755443 0.753298 0.751153 0.749038 0.746966 0.744943 0.742965 0.741026 0.739124 0.737257 0.735426 0.733629 0.731865 0.730124 0.728397 0.726666 0.724913 0.723119 0.721266 0.719341 0.717337 0.715254 0.713101 0.710898 0.708671 0.706454 0.704283 0.702199 0.700240 0.698438 0.696814 0.695375 0.694108 0.692976 0.691917 0.690850 0.689676 0.688291 0.686600 0.684531 0.682046 0.679158 0.675930 0.672472 0.668927 0.665446 0.662172 0.659213 0.656642 0.654486 0.652741 0.651379 0.650358 0.649637 0.649179 0.648958 0.648958 0.649180 0.649637 0.650358 0.651379 0.652742 0.654486 0.656642 0.659214 0.662172 0.665447 0.668927 0.672473 0.675930 0.679158 0.682046 0.684531 0.686601 0.688291 0.689676 0.690850 0.691917 0.692976 0.694108 0.695375 0.696814 0.698438 0.700240 0.702199 0.704283 0.706453 0.708671 0.710898 0.713101 0.715253 0.717336 0.719340 0.721265 0.723117 0.724911 0.726664 0.728395 0.730123 0.731863 0.733628 0.735424 0.737255 0.739122 0.741024 0.742963 0.744941 0.746964 0.749035 0.751151 0.753296 0.755440 0.757548 0.759591 0.761586 0.763639 0.766006 0.769140 0.773688 0.780399 0.789865 0.802037 0.815400 0.825604 0.823371 0.792583 0.712446 0.575334 0.416489 0.324461 0.376443 0.563520 0.747700 0.844451 0.867836 0.838564 0.742774 0.550094 0.286718 0.088131 0.054621 0.128560 0.215752 0.298308 0.444723 0.652366 0.796700 0.857248 0.870277 0.863464 0.847705 0.825588 0.798685 0.771258 0.739009 0.698293 0.000000
0.979703 0.726363 0.779728 0.796385 0.814432 0.831600 0.848127 0.862291 0.868180 0.847719 0.756408 0.525998 0.199967 0.045361 0.017585 0.002124 0.026931 0.186937 0.437049 0.657652 0.789468 0.848694 0.865088 0.850619 0.800049 0.714756 0.634585 0.612924 0.656301 0.727651 0.787079 0.818525 0.826492 0.820654 0.809305 0.797443 0.787413 0.779858 0.774528 0.770821 0.768108 0.765893 0.763854 0.761827 0.759757 0.757648 0.755529 0.753427 0.751358 0.749327 0.747330 0.745361 0.743412 0.741482 0.739572 0.737684 0.735823 0.733987 0.732174 0.730376 0.728580 0.726774 0.724941 0.723069 0.721149 0.719176 0.717154 0.715095 0.713018 0.710947 0.708913 0.706948 0.705079 0.703328 0.701707 0.700211 0.698821 0.697498 0.696187 0.694822 0.693331 0.691646 0.689708 0.687483 0.684964 0.682179 0.679188 0.676083 0.672974 0.669976 0.667192 0.664701 0.662551 0.660757 0.659306 0.658168 0.657302 0.656668 0.656227 0.655951 0.655818 0.655818 0.655951 0.656227 0.656668 0.657303 0.658168 0.659307 0.660757 0.662552 0.664701 0.667192 0.669976 0.672974 0.676083 0.679188 0.682179 0.684965 0.687484 0.689708 0.691646 0.693331 0.694822 0.696187 0.697497 0.698821 0.700211 0.701706 0.703328 0.705078 0.706947 0.708913 0.710946 0.713017 0.715094 0.717153 0.719175 0.721148 0.723068 0.724940 0.726773 0.728579 0.730374 0.732172 0.733985 0.735821 0.737682 0.739570 0.741480 0.743410 0.745358 0.747328 0.749325 0.751356 0.753425 0.755527 0.757646 0.759755 0.761825 0.763852 0.765890 0.768106 0.770818 0.774526 0.779856 0.787411 0.797441 0.809303 0.820653 0.826490 0.818524 0.787076 0.727644 0.656287 0.612902 0.634560 0.714735 0.800037 0.850614 0.865087 0.848695 0.789472 0.657663 0.437068 0.186958 0.026937 0.002118 0.017566 0.045334 0.199961 0.526006 0.756414 0.847721 0.868181 0.862291 0.848127 0.831602 0.814435 0.796389 0.779734 0.726369 0.979703
0.971925 0.857319 0.802466 0.815748 0.825895 0.836103 0.847406 0.858662 0.863013 0.840819 0.746918 0.520233 0.207959 0.018760 -0.000007 0.027772 0.160576 0.375119 0.591467 0.741201 0.819689 0.852266 0.860848 0.854707 0.834439 0.803674 0.777119 0.770329 0.783581 0.805219 0.821957 0.827833 0.824006 0.814735 0.803874 0.793917 0.785935 0.780034 0.775817 0.772736 0.770297 0.768147 0.766077 0.763997 0.761888 0.759769 0.757663 0.755588 0.753551 0.751546 0.749566 0.747599 0.745641 0.743688 0.741743 0.739810 0.737892 0.735994 0.734113 0.732247 0.730390 0.728533 0.726668 0.724788 0.722888 0.720968 0.719034 0.717093 0.715160 0.713253 0.711391 0.709591 0.707867 0.706223 0.704655 0.703145 0.701664 0.700171 0.698619 0.696959 0.695148 0.693151 0.690955 0.688568 0.686022 0.683372 0.680693 0.678068 0.675583 0.673309 0.671301 0.669585 0.668164 0.667020 0.666122 0.665432 0.664914 0.664536 0.664274 0.664109 0.664030 0.664030 0.664109 0.664274 0.664536 0.664914 0.665432 0.666122 0.667021 0.668165 0.669585 0.671301 0.673310 0.675583 0.678069 0.680693 0.683372 0.686022 0.688568 0.690956 0.693151 0.695148 0.696959 0.698619 0.700171 0.701663 0.703144 0.704654 0.706223 0.707866 0.709591 0.711391 0.713253 0.715159 0.717092 0.719033 0.720967 0.722887 0.724786 0.726666 0.728531 0.730388 0.732246 0.734111 0.735992 0.737890 0.739808 0.741741 0.743686 0.745639 0.747597 0.749563 0.751544 0.753548 0.755586 0.757660 0.759766 0.761886 0.763994 0.766074 0.768144 0.770295 0.772733 0.775814 0.780031 0.785932 0.793915 0.803872 0.814733 0.824004 0.827832 0.821954 0.805214 0.783574 0.770318 0.777107 0.803664 0.834433 0.854705 0.860848 0.852267 0.819692 0.741211 0.591489 0.375155 0.160615 0.027802 -0.000007 0.018791 0.208007 0.520269 0.746933 0.840823 0.863013 0.858662 0.847406 0.836105 0.825898 0.815752 0.802472 0.857322 0.971925
0.996827 0.758608 0.816825 0.828452 0.835733 0.840856 0.847263 0.854747 0.857674 0.840445 0.772213 0.618231 0.400658 0.232053 0.188209 0.258418 0.407257 0.578913 0.716315 0.799648 0.839579 0.854452 0.857791 0.855702 0.849422 0.840316 0.832638 0.829869 0.831077 0.832940 0.832073 0.827080 0.818798 0.809051 0.799646 0.791661 0.785455 0.780857 0.777446 0.774773 0.772477 0.770324 0.768196 0.766054 0.763905 0.761771 0.759670 0.757610 0.755589 0.753596 0.751621 0.749651 0.747682 0.745712 0.743742 0.741778 0.739824 0.737883 0.735957 0.734046 0.732147 0.730258 0.728377 0.726500 0.724629 0.722763 0.720907 0.719068 0.717252 0.715467 0.713721 0.712020 0.710362 0.708742 0.707149 0.705560 0.703951 0.702290 0.700550 0.698704 0.696737 0.694646 0.692445 0.690165 0.687853 0.685565 0.683365 0.681312 0.679457 0.677833 0.676453 0.675313 0.674393 0.673662 0.673088 0.672642 0.672298 0.672039 0.671852 0.671731 0.671672 0.671672 0.671731 0.671852 0.672039 0.672298 0.672642 0.673088 0.673662 0.674393 0.675313 0.676453 0.677833 0.679457 0.681313 0.683365 0.685566 0.687853 0.690166 0.692445 0.694646 0.696737 0.698704 0.700550 0.702290 0.703950 0.705560 0.707148 0.708742 0.710361 0.712019 0.713721 0.715466 0.717251 0.719067 0.720906 0.722762 0.724627 0.726499 0.728375 0.730257 0.732145 0.734044 0.735955 0.737881 0.739822 0.741776 0.743740 0.745709 0.747680 0.749649 0.751618 0.753594 0.755586 0.757607 0.759667 0.761768 0.763903 0.766052 0.768193 0.770322 0.772474 0.774771 0.777443 0.780854 0.785452 0.791658 0.799644 0.809049 0.818796 0.827078 0.832071 0.832937 0.831073 0.829865 0.832634 0.840313 0.849420 0.855701 0.857790 0.854453 0.839581 0.799655 0.716333 0.578947 0.407308 0.258479 0.188275 0.232124 0.400723 0.618270 0.772227 0.840448 0.857673 0.854745 0.847262 0.840856 0.835735 0.828456 0.816829 0.758611 0.996827
0.000000 0.761538 0.817708 0.840493 0.846067 0.848087 0.850102 0.853153 0.854194 0.843977 0.806390 0.726591 0.615297 0.522243 0.496719 0.545753 0.638625 0.732993 0.801815 0.840577 0.856904 0.860564 0.859268 0.857004 0.854371 0.851166 0.847953 0.845056 0.841685 0.836961 0.830378 0.822181 0.813220 0.804516 0.796850 0.790621 0.785812 0.782149 0.779262 0.776813 0.774560 0.772363 0.770168 0.767969 0.765785 0.763637 0.761535 0.759480 0.757463 0.755471 0.753490 0.751512 0.749532 0.747549 0.745565 0.743585 0.741613 0.739652 0.737705 0.735774 0.733859 0.731960 0.730078 0.728215 0.726370 0.724548 0.722749 0.720976 0.719231 0.717514 0.715824 0.714159 0.712510 0.710869 0.709221 0.707550 0.705840 0.704075 0.702242 0.700339 0.698369 0.696348 0.694302 0.692269 0.690290 0.688410 0.686671 0.685104 0.683730 0.682555 0.681570 0.680757 0.680089 0.679542 0.679090 0.678717 0.678411 0.678167 0.677983 0.677859 0.677797 0.677797 0.677859 0.677983 0.678167 0.678411 0.678717 0.679090 0.679542 0.680090 0.680757 0.681571 0.682555 0.683731 0.685104 0.686671 0.688411 0.690290 0.692269 0.694302 0.696348 0.698369 0.700339 0.702242 0.704074 0.705840 0.707550 0.709221 0.710868 0.712510 0.714158 0.715824 0.717513 0.719230 0.720975 0.722748 0.724547 0.726369 0.728213 0.730077 0.731958 0.733857 0.735772 0.737703 0.739650 0.741611 0.743583 0.745563 0.747546 0.749530 0.751510 0.753488 0.755468 0.757461 0.759478 0.761532 0.763634 0.765782 0.767966 0.770165 0.772361 0.774557 0.776811 0.779259 0.782146 0.785809 0.790618 0.796847 0.804514 0.813218 0.822179 0.830377 0.836960 0.841683 0.845055 0.847952 0.851164 0.854370 0.857004 0.859269 0.860565 0.856906 0.840582 0.801826 0.733016 0.638663 0.545807 0.496782 0.522304 0.615343 0.726616 0.806399 0.843978 0.854193 0.853152 0.850101 0.848087 0.846069 0.840495 0.817711 0.761540 0.000000
0.992309 0.776662 0.835667 0.847465 0.854103 0.856191 0.856214 0.855675 0.854227 0.848177 0.830913 0.797653 0.754528 0.720886 0.715333 0.740906 0.784114 0.826333 0.855914 0.870834 0.874161 0.870626 0.865169 0.860666 0.857094 0.853530 0.849593 0.845057 0.839506 0.832763 0.825001 0.816751 0.808712 0.801488 0.795424 0.790568 0.786754 0.783697 0.781109 0.778753 0.776482 0.774225 0.771967 0.769724 0.767515 0.765357 0.763253 0.761197 0.759176 0.757176 0.755185 0.753195 0.751204 0.749211 0.747221 0.745236 0.743261 0.741298 0.739350 0.737419 0.735506 0.733613 0.731742 0.729895 0.728074 0.726280 0.724513 0.722774 0.721059 0.719365 0.717688 0.716020 0.714353 0.712677 0.710983 0.709261 0.707505 0.705710 0.703879 0.702021 0.700149 0.698286 0.696459 0.694699 0.693035 0.691496 0.690099 0.688858 0.687773 0.686835 0.686029 0.685335 0.684733 0.684208 0.683747 0.683345 0.683001 0.682717 0.682499 0.682351 0.682275 0.682275 0.682351 0.682499 0.682717 0.683001 0.683345 0.683747 0.684208 0.684733 0.685335 0.686029 0.686835 0.687773 0.688858 0.690100 0.691496 0.693036 0.694699 0.696459 0.698286 0.700149 0.702021 0.703879 0.705710 0.707505 0.709261 0.710983 0.712677 0.714352 0.716019 0.717687 0.719364 0.721058 0.722772 0.724512 0.726279 0.728073 0.729894 0.731741 0.733611 0.735504 0.737417 0.739348 0.741296 0.743258 0.745234 0.747218 0.749209 0.751201 0.753193 0.755182 0.757173 0.759173 0.761194 0.763250 0.765354 0.767512 0.769721 0.771965 0.774222 0.776479 0.778750 0.781106 0.783695 0.786751 0.790565 0.795421 0.801486 0.808710 0.816749 0.825000 0.832761 0.839505 0.845056 0.849592 0.853529 0.857094 0.860666 0.865170 0.870627 0.874162 0.870837 0.855920 0.826346 0.784135 0.740934 0.715366 0.720917 0.754550 0.797665 0.830917 0.848177 0.854226 0.855674 0.856213 0.856191 0.854103 0.847465 0.835668 0.776663 0.992309
0.991485 0.880924 0.824829 0.832931 0.842682 0.852570 0.858588 0.859788 0.857389 0.852320 0.843970 0.832062 0.819791 0.813665 0.818636 0.834421 0.855341 0.873252 0.882480 0.883006 0.877996 0.871364 0.866252 0.862983 0.859477 0.854581 0.848591 0.842001 0.834936 0.827489 0.819882 0.812492 0.805729 0.799892 0.795076 0.791188 0.788014 0.785309 0.782861 0.780520 0.778204 0.775890 0.773586 0.771313 0.769091 0.766929 0.764823 0.762763 0.760734 0.758722 0.756718 0.754716 0.752715 0.750716 0.748724 0.746742 0.744772 0.742818 0.740880 0.738961 0.737061 0.735182 0.733327 0.731497 0.729692 0.727913 0.726160 0.724431 0.722720 0.721025 0.719339 0.717656 0.715968 0.714269 0.712556 0.710824 0.709075 0.707314 0.705548 0.703792 0.702062 0.700377 0.698760 0.697230 0.695802 0.694490 0.693299 0.692226 0.691265 0.690404 0.689630 0.688928 0.688289 0.687706 0.687179 0.686710 0.686304 0.685968 0.685709 0.685533 0.685444 0.685444 0.685533 0.685709 0.685968 0.686304 0.686710 0.687179 0.687707 0.688289 0.688928 0.689630 0.690405 0.691266 0.692227 0.693299 0.694491 0.695803 0.697230 0.698760 0.700377 0.702062 0.703792 0.705548 0.707314 0.709075 0.710824 0.712555 0.714269 0.715967 0.717655 0.719338 0.721024 0.722719 0.724429 0.726159 0.727912 0.729690 0.731495 0.733325 0.735180 0.737059 0.738958 0.740878 0.742816 0.744770 0.746739 0.748722 0.750714 0.752712 0.754713 0.756715 0.758720 0.760731 0.762760 0.764820 0.766926 0.769088 0.771310 0.773583 0.775887 0.778201 0.780517 0.782858 0.785307 0.788011 0.791185 0.795073 0.799889 0.805727 0.812489 0.819879 0.827487 0.834935 0.841999 0.848590 0.854580 0.859477 0.862983 0.866252 0.871363 0.877996 0.883006 0.882482 0.873257 0.855349 0.834433 0.818649 0.813677 0.819799 0.832066 0.843970 0.852319 0.857388 0.859787 0.858587 0.852569 0.842678 0.832927 0.824826 0.880923 0.991485
1.000000 0.745989 0.762602 0.749352 0.766436 0.803126 0.837079 0.855370 0.859721 0.856463 0.850865 0.846243 0.845067 0.848945 0.857381 0.867667 0.875317 0.873871 0.858788 0.836552 0.822559 0.825773 0.840763 0.854366 0.858896 0.855490 0.848219 0.839847 0.831523 0.823639 0.816359 0.809822 0.804146 0.799371 0.795431 0.792164 0.789365 0.786839 0.784438 0.782074 0.779712 0.777355 0.775023 0.772738 0.770514 0.768352 0.766246 0.764182 0.762143 0.760120 0.758103 0.756089 0.754081 0.752079 0.750089 0.748113 0.746153 0.744211 0.742287 0.740383 0.738500 0.736637 0.734797 0.732980 0.731186 0.729415 0.727666 0.725935 0.724220 0.722517 0.720820 0.719125 0.717430 0.715731 0.714028 0.712322 0.710620 0.708928 0.707257 0.705619 0.704029 0.702500 0.701045 0.699673 0.698391 0.697202 0.696101 0.695085 0.694144 0.693270 0.692455 0.691694 0.690985 0.690330 0.689733 0.689202 0.688745 0.688369 0.688080 0.687885 0.687787 0.687787 0.687885 0.688080 0.688369 0.688745 0.689202 0.689734 0.690330 0.690986 0.691695 0.692456 0.693270 0.694144 0.695085 0.696102 0.697202 0.698392 0.699673 0.701045 0.702500 0.704029 0.705619 0.707257 0.708928 0.710620 0.712322 0.714027 0.715730 0.717429 0.719125 0.720819 0.722516 0.724219 0.725934 0.727664 0.729414 0.731184 0.732978 0.734795 0.736635 0.738498 0.740381 0.742285 0.744208 0.746150 0.748110 0.750086 0.752076 0.754078 0.756086 0.758100 0.760117 0.762140 0.764179 0.766243 0.768349 0.770511 0.772735 0.775020 0.777352 0.779709 0.782070 0.784435 0.786836 0.789362 0.792161 0.795428 0.799368 0.804143 0.809819 0.816356 0.823636 0.831521 0.839845 0.848218 0.855489 0.858896 0.854366 0.840762 0.825768 0.822549 0.836540 0.858778 0.873866 0.875316 0.867669 0.857385 0.848949 0.845070 0.846244 0.850865 0.856463 0.859721 0.855370 0.837076 0.803120 0.766424 0.749338 0.762592 0.745984 1.000000
0.000000 0.684299 0.617469 0.538273 0.547781 0.648840 0.756816 0.824751 0.853675 0.859284 0.856172 0.853543 0.855313 0.860916 0.865338 0.860634 0.838940 0.793123 0.719770 0.640340 0.615931 0.673901 0.763574 0.827248 0.853096 0.855711 0.848709 0.839147 0.829796 0.821507 0.814425 0.808486 0.803566 0.799510 0.796135 0.793242 0.790645 0.788195 0.785796 0.783402 0.781007 0.778627 0.776286 0.774003 0.771785 0.769629 0.767525 0.765456 0.763410 0.761375 0.759348 0.757326 0.755313 0.753311 0.751324 0.749355 0.747405 0.745476 0.743566 0.741677 0.739808 0.737960 0.736132 0.734325 0.732539 0.730772 0.729024 0.727293 0.725574 0.723868 0.722170 0.720478 0.718793 0.717115 0.715446 0.713790 0.712153 0.710542 0.708967 0.707437 0.705960 0.704544 0.703195 0.701915 0.700706 0.699564 0.698486 0.697466 0.696500 0.695583 0.694714 0.693895 0.693128 0.692421 0.691780 0.691214 0.690730 0.690335 0.690035 0.689833 0.689731 0.689731 0.689833 0.690035 0.690335 0.690730 0.691214 0.691780 0.692421 0.693128 0.693895 0.694714 0.695583 0.696500 0.697467 0.698486 0.699565 0.700706 0.701916 0.703195 0.704544 0.705960 0.707437 0.708967 0.710542 0.712152 0.713789 0.715445 0.717115 0.718793 0.720478 0.722169 0.723867 0.725573 0.727291 0.729023 0.730771 0.732537 0.734323 0.736130 0.737958 0.739806 0.741675 0.743564 0.745473 0.747403 0.749352 0.751321 0.753308 0.755310 0.757323 0.759345 0.761372 0.763406 0.765453 0.767521 0.769626 0.771782 0.774000 0.776283 0.778624 0.781004 0.783399 0.785793 0.788192 0.790642 0.793239 0.796132 0.799507 0.803563 0.808483 0.814422 0.821504 0.829794 0.839145 0.848707 0.855710 0.853096 0.827248 0.763573 0.673891 0.615906 0.640303 0.719734 0.793097 0.838925 0.860628 0.865337 0.860917 0.855314 0.853544 0.856173 0.859285 0.853674 0.824747 0.756809 0.648824 0.547757 0.538247 0.617453 0.684292 0.000000
1.000000 0.653794 0.481989 0.237582 0.194434 0.362883 0.584813 0.749796 0.831928 0.858541 0.861445 0.860173 0.861983 0.864523 0.855553 0.812932 0.718021 0.574374 0.409723 0.275484 0.247134 0.418252 0.647620 0.789824 0.844900 0.855535 0.849569 0.839270 0.829145 0.820517 0.813535 0.807981 0.803552 0.799954 0.796925 0.794248 0.791756 0.789335 0.786926 0.784511 0.782101 0.779718 0.777384 0.775114 0.772909 0.770762 0.768660 0.766589 0.764536 0.762494 0.760459 0.758433 0.756418 0.754418 0.752436 0.750474 0.748534 0.746615 0.744717 0.742840 0.740982 0.739145 0.737328 0.735530 0.733750 0.731990 0.730246 0.728518 0.726805 0.725105 0.723419 0.721746 0.720087 0.718445 0.716822 0.715224 0.713655 0.712120 0.710627 0.709179 0.707783 0.706439 0.705151 0.703916 0.702735 0.701603 0.700518 0.699478 0.698482 0.697530 0.696626 0.695775 0.694983 0.694257 0.693605 0.693033 0.692549 0.692157 0.691861 0.691662 0.691562 0.691562 0.691662 0.691861 0.692157 0.692549 0.693034 0.693605 0.694257 0.694983 0.695775 0.696627 0.697530 0.698482 0.699478 0.700518 0.701603 0.702735 0.703916 0.705151 0.706439 0.707783 0.709179 0.710627 0.712120 0.713654 0.715223 0.716822 0.718444 0.720086 0.721745 0.723418 0.725104 0.726804 0.728517 0.730244 0.731988 0.733749 0.735528 0.737326 0.739143 0.740980 0.742837 0.744714 0.746612 0.748531 0.750471 0.752433 0.754415 0.756415 0.758430 0.760456 0.762491 0.764533 0.766585 0.768657 0.770758 0.772905 0.775110 0.777381 0.779715 0.782098 0.784508 0.786923 0.789332 0.791752 0.794245 0.796922 0.799951 0.803549 0.807978 0.813533 0.820514 0.829142 0.839267 0.849568 0.855534 0.844901 0.789827 0.647623 0.418247 0.247110 0.275439 0.409662 0.574317 0.717985 0.812917 0.855549 0.864523 0.861984 0.860175 0.861447 0.858540 0.831922 0.749782 0.584792 0.362860 0.194414 0.237563 0.481979 0.653791 1.000000
1.000000 0.774045 0.436407 0.100643 0.000324 0.072354 0.349415 0.634322 0.796175 0.853714 0.865989 0.866868 0.868044 0.865475 0.837311 0.737132 0.517058 0.250901 0.101582 0.031909 0.017370 0.239606 0.566197 0.765016 0.839608 0.855254 0.849885 0.839154 0.828625 0.819885 0.813060 0.807818 0.803740 0.800448 0.797640 0.795092 0.792656 0.790249 0.787837 0.785418 0.783011 0.780641 0.778327 0.776076 0.773888 0.771751 0.769654 0.767582 0.765525 0.763479 0.761440 0.759413 0.757399 0.755403 0.753427 0.751473 0.749541 0.747631 0.745743 0.743875 0.742028 0.740200 0.738392 0.736603 0.734833 0.733081 0.731347 0.729631 0.727932 0.726250 0.724587 0.722942 0.721319 0.719720 0.718147 0.716605 0.715096 0.713624 0.712193 0.710804 0.709459 0.708158 0.706902 0.705688 0.704516 0.703384 0.702292 0.701241 0.700233 0.699272 0.698363 0.697512 0.696727 0.696013 0.695377 0.694824 0.694359 0.693984 0.693702 0.693513 0.693419 0.693419 0.693513 0.693702 0.693984 0.694359 0.694824 0.695377 0.696013 0.696727 0.697512 0.698363 0.699272 0.700233 0.701241 0.702292 0.703384 0.704516 0.705688 0.706902 0.708158 0.709459 0.710803 0.712192 0.713624 0.715095 0.716604 0.718147 0.719719 0.721318 0.722941 0.724586 0.726249 0.727930 0.729629 0.731346 0.733079 0.734831 0.736601 0.738390 0.740198 0.742025 0.743873 0.745740 0.747629 0.749539 0.751470 0.753424 0.755400 0.757396 0.759410 0.761437 0.763475 0.765522 0.767579 0.769651 0.771748 0.773884 0.776073 0.778323 0.780638 0.783008 0.785414 0.787833 0.790246 0.792653 0.795089 0.797636 0.800445 0.803737 0.807815 0.813057 0.819882 0.828623 0.839151 0.849883 0.855253 0.839609 0.765020 0.566206 0.239614 0.017365 0.031894 0.101547 0.250842 0.517007 0.737110 0.837305 0.865475 0.868046 0.866871 0.865991 0.853710 0.796156 0.634280 0.349369 0.072341 0.000325 0.100652 0.436413 0.774048 1.000000
1.000000 0.692093 0.518520 0.190771 -0.000007 -0.000007 0.178262 0.541888 0.764733 0.847682 0.868464 0.871708 0.872430 0.865778 0.823770 0.682543 0.378218 0.063040 -0.000007 -0.000007 0.008416 0.266104 0.579621 0.768396 0.839674 0.854333 0.848653 0.837873 0.827480 0.819015 0.812543 0.807663 0.803902 0.800851 0.798200 0.795740 0.793344 0.790952 0.788547 0.786140 0.783753 0.781409 0.779121 0.776895 0.774725 0.772601 0.770509 0.768438 0.766381 0.764333 0.762295 0.760270 0.758261 0.756271 0.754302 0.752356 0.750432 0.748531 0.746651 0.744792 0.742954 0.741136 0.739338 0.737561 0.735803 0.734065 0.732346 0.730648 0.728971 0.727315 0.725681 0.724071 0.722487 0.720930 0.719404 0.717910 0.716450 0.715027 0.713640 0.712291 0.710980 0.709707 0.708471 0.707272 0.706109 0.704984 0.703899 0.702856 0.701860 0.700915 0.700028 0.699204 0.698449 0.697768 0.697165 0.696645 0.696208 0.695858 0.695595 0.695420 0.695332 0.695332 0.695420 0.695595 0.695858 0.696209 0.696645 0.697165 0.697768 0.698449 0.699204 0.700028 0.700916 0.701860 0.702857 0.703899 0.704985 0.706109 0.707272 0.708471 0.709707 0.710980 0.712291 0.713640 0.715026 0.716450 0.717910 0.719403 0.720930 0.722486 0.724070 0.725680 0.727313 0.728969 0.730647 0.732345 0.734063 0.735801 0.737559 0.739336 0.741134 0.742952 0.744790 0.746649 0.748528 0.750430 0.752353 0.754299 0.756268 0.758257 0.760267 0.762292 0.764329 0.766377 0.768435 0.770506 0.772598 0.774722 0.776892 0.779118 0.781405 0.783750 0.786136 0.788544 0.790949 0.793341 0.795736 0.798197 0.800848 0.803899 0.807660 0.812540 0.819012 0.827477 0.837871 0.848651 0.854332 0.839675 0.768400 0.579631 0.266118 0.008423 -0.000007 -0.000007 0.063017 0.378186 0.682525 0.823765 0.865778 0.872433 0.871711 0.868465 0.847673 0.764699 0.541807 0.178170 -0.000007 -0.000007 0.190789 0.518534 0.692100 1.000000
0.000000 0.732501 0.644357 0.421360 0.169555 0.071549 0.250694 0.554181 0.761535 0.844961 0.868314 0.872899 0.873487 0.865835 0.824316 0.694877 0.434702 0.155280 0.032119 0.052467 0.191103 0.434362 0.663099 0.793724 0.843347 0.852107 0.845487 0.835132 0.825452 0.817679 0.811794 0.807372 0.803941 0.801107 0.798586 0.796196 0.793835 0.791464 0.789079 0.786697 0.784341 0.782030 0.779774 0.777575 0.775425 0.773314 0.771229 0.769161 0.767106 0.765060 0.763026 0.761007 0.759005 0.757024 0.755064 0.753127 0.751213 0.749321 0.747451 0.745602 0.743774 0.741967 0.740182 0.738419 0.736677 0.734956 0.733259 0.731584 0.729932 0.728305 0.726703 0.725129 0.723582 0.722065 0.720579 0.719126 0.717705 0.716318 0.714965 0.713646 0.712361 0.711111 0.709895 0.708714 0.707571 0.706466 0.705404 0.704388 0.703423 0.702514 0.701666 0.700884 0.700171 0.699532 0.698970 0.698485 0.698081 0.697756 0.697513 0.697351 0.697270 0.697270 0.697351 0.697513 0.697757 0.698081 0.698485 0.698970 0.699532 0.700171 0.700884 0.701666 0.702514 0.703423 0.704388 0.705404 0.706466 0.707571 0.708714 0.709895 0.711111 0.712361 0.713646 0.714965 0.716318 0.717704 0.719125 0.720579 0.722064 0.723581 0.725127 0.726702 0.728304 0.729931 0.731582 0.733257 0.734955 0.736675 0.738416 0.740180 0.741965 0.743771 0.745599 0.747448 0.749318 0.751210 0.753124 0.755061 0.757020 0.759002 0.761003 0.763023 0.765057 0.767102 0.769158 0.771225 0.773310 0.775422 0.777572 0.779771 0.782026 0.784337 0.786693 0.789075 0.791461 0.793832 0.796192 0.798583 0.801104 0.803938 0.807369 0.811791 0.817676 0.825449 0.835129 0.845485 0.852105 0.843347 0.793727 0.663106 0.434375 0.191117 0.052478 0.032129 0.155285 0.434697 0.694871 0.824314 0.865836 0.873489 0.872901 0.868314 0.844951 0.761495 0.554085 0.250570 0.071481 0.169542 0.421367 0.644367 0.732506 0.000000
1.000000 0.784733 0.776544 0.657037 0.501956 0.420734 0.497404 0.662978 0.789253 0.847806 0.866208 0.870332 0.870947 0.865282 0.836518 0.754529 0.600774 0.423147 0.324016 0.347609 0.469071 0.627377 0.753072 0.821972 0.846772 0.848299 0.840747 0.831261 0.822739 0.815968 0.810837 0.806939 0.803847 0.801217 0.798809 0.796478 0.794151 0.791807 0.789451 0.787103 0.784786 0.782514 0.780293 0.778122 0.775992 0.773894 0.771818 0.769756 0.767705 0.765666 0.763639 0.761629 0.759638 0.757667 0.755719 0.753793 0.751890 0.750009 0.748150 0.746313 0.744499 0.742706 0.740937 0.739190 0.737467 0.735768 0.734094 0.732444 0.730820 0.729223 0.727654 0.726112 0.724600 0.723118 0.721667 0.720246 0.718858 0.717501 0.716177 0.714885 0.713626 0.712400 0.711210 0.710056 0.708942 0.707870 0.706844 0.705868 0.704946 0.704082 0.703281 0.702545 0.701878 0.701281 0.700758 0.700307 0.699932 0.699631 0.699405 0.699254 0.699179 0.699179 0.699254 0.699405 0.699631 0.699932 0.700308 0.700758 0.701282 0.701878 0.702545 0.703281 0.704082 0.704946 0.705868 0.706844 0.707870 0.708942 0.710056 0.711210 0.712400 0.713626 0.714885 0.716177 0.717501 0.718857 0.720246 0.721666 0.723117 0.724599 0.726111 0.727652 0.729222 0.730819 0.732442 0.734092 0.735766 0.737465 0.739188 0.740934 0.742704 0.744496 0.746311 0.748147 0.750006 0.751887 0.753790 0.755715 0.757664 0.759634 0.761626 0.763636 0.765662 0.767702 0.769752 0.771814 0.773891 0.775989 0.778118 0.780289 0.782510 0.784782 0.787100 0.789447 0.791803 0.794148 0.796474 0.798805 0.801213 0.803844 0.806936 0.810834 0.815965 0.822736 0.831259 0.840745 0.848297 0.846771 0.821973 0.753076 0.627385 0.469083 0.347625 0.324034 0.423160 0.600780 0.754530 0.836518 0.865284 0.870949 0.870334 0.866209 0.847797 0.789221 0.662907 0.497307 0.420660 0.501926 0.657034 0.776547 0.784736 1.000000
1.000000 0.912416 0.850908 0.809597 0.747719 0.706551 0.720146 0.774428 0.825871 0.853491 0.862985 0.865135 0.865696 0.863290 0.849425 0.811342 0.743718 0.667331 0.623111 0.634794 0.691063 0.760202 0.812840 0.839868 0.846943 0.843103 0.835187 0.826893 0.819750 0.814111 0.809788 0.806418 0.803646 0.801196 0.798883 0.796604 0.794311 0.791998 0.789678 0.787372 0.785098 0.782867 0.780682 0.778539 0.776430 0.774347 0.772281 0.770228 0.768186 0.766156 0.764141 0.762143 0.760164 0.758207 0.756272 0.754360 0.752471 0.750603 0.748759 0.746936 0.745138 0.743362 0.741611 0.739884 0.738183 0.736507 0.734857 0.733234 0.731639 0.730071 0.728531 0.727020 0.725539 0.724088 0.722667 0.721277 0.719917 0.718589 0.717293 0.716029 0.714799 0.713603 0.712445 0.711326 0.710249 0.709217 0.708234 0.707303 0.706428 0.705611 0.704856 0.704164 0.703538 0.702980 0.702490 0.702068 0.701717 0.701435 0.701223 0.701082 0.701011 0.701011 0.701082 0.701223 0.701435 0.701717 0.702069 0.702490 0.702980 0.703539 0.704164 0.704856 0.705611 0.706428 0.707303 0.708234 0.709217 0.710249 0.711326 0.712445 0.713603 0.714798 0.716029 0.717292 0.718589 0.719917 0.721276 0.722666 0.724087 0.725538 0.727019 0.728530 0.730069 0.731637 0.733233 0.734856 0.736505 0.738181 0.739882 0.741609 0.743360 0.745135 0.746934 0.748756 0.750600 0.752467 0.754357 0.756269 0.758204 0.760161 0.762139 0.764137 0.766153 0.768183 0.770225 0.772278 0.774343 0.776427 0.778535 0.780678 0.782863 0.785094 0.787369 0.789675 0.791995 0.794308 0.796600 0.798880 0.801193 0.803643 0.806415 0.809785 0.814108 0.819748 0.826891 0.835184 0.843100 0.846941 0.839867 0.812841 0.760205 0.691069 0.634803 0.623122 0.667340 0.743723 0.811344 0.849426 0.863291 0.865697 0.865138 0.862986 0.853487 0.825854 0.774393 0.720100 0.706513 0.747700 0.809592 0.850907 0.912415 1.000000
1.000000 0.819816 0.874223 0.869735 0.854088 0.837544 0.832621 0.840527 0.851513 0.857796 0.859066 0.858682 0.858902 0.859034 0.855301 0.842795 0.820651 0.796700 0.783326 0.786891 0.803949 0.824879 0.840028 0.845650 0.843448 0.837092 0.829592 0.822643 0.816878 0.812328 0.808756 0.805858 0.803360 0.801057 0.798822 0.796586 0.794327 0.792051 0.789773 0.787512 0.785284 0.783095 0.780946 0.778832 0.776746 0.774679 0.772626 0.770585 0.768555 0.766538 0.764537 0.762554 0.760592 0.758651 0.756732 0.754836 0.752962 0.751111 0.749283 0.747479 0.745699 0.743943 0.742212 0.740508 0.738829 0.737178 0.735554 0.733957 0.732389 0.730849 0.729337 0.727856 0.726403 0.724981 0.723588 0.722227 0.720896 0.719597 0.718330 0.717097 0.715900 0.714739 0.713617 0.712537 0.711502 0.710513 0.709574 0.708688 0.707857 0.707083 0.706369 0.705716 0.705126 0.704598 0.704135 0.703737 0.703404 0.703137 0.702937 0.702803 0.702736 0.702736 0.702803 0.702937 0.703137 0.703404 0.703737 0.704135 0.704599 0.705126 0.705716 0.706370 0.707084 0.707857 0.708688 0.709574 0.710513 0.711502 0.712537 0.713617 0.714739 0.715899 0.717097 0.718330 0.719596 0.720895 0.722226 0.723588 0.724980 0.726402 0.727854 0.729336 0.730847 0.732387 0.733955 0.735552 0.737176 0.738827 0.740505 0.742210 0.743940 0.745696 0.747476 0.749280 0.751108 0.752959 0.754832 0.756728 0.758647 0.760588 0.762550 0.764533 0.766534 0.768551 0.770581 0.772622 0.774675 0.776742 0.778829 0.780943 0.783091 0.785280 0.787508 0.789769 0.792047 0.794324 0.796582 0.798818 0.801054 0.803357 0.805855 0.808753 0.812325 0.816875 0.822640 0.829589 0.837089 0.843446 0.845649 0.840027 0.824879 0.803950 0.786894 0.783330 0.796704 0.820653 0.842796 0.855302 0.859034 0.858904 0.858684 0.859068 0.857795 0.851507 0.840516 0.832607 0.837532 0.854080 0.869731 0.874220 0.819814 1.000000
0.000000 0.773305 0.822617 0.861485 0.873841 0.875539 0.872110 0.867706 0.863411 0.858961 0.854819 0.852109 0.851551 0.852614 0.853476 0.852036 0.847795 0.842881 0.840172 0.840619 0.843207 0.845848 0.846155 0.843193 0.837648 0.830991 0.824517 0.818921 0.814375 0.810749 0.807799 0.805280 0.802994 0.800804 0.798628 0.796431 0.794209 0.791974 0.789742 0.787531 0.785351 0.783205 0.781093 0.779008 0.776944 0.774896 0.772859 0.770833 0.768819 0.766819 0.764836 0.762871 0.760927 0.759005 0.757104 0.755227 0.753372 0.751540 0.749731 0.747947 0.746187 0.744453 0.742745 0.741064 0.739410 0.737783 0.736185 0.734615 0.733073 0.731560 0.730076 0.728622 0.727198 0.725803 0.724440 0.723107 0.721806 0.720538 0.719304 0.718105 0.716942 0.715819 0.714736 0.713696 0.712702 0.711755 0.710858 0.710012 0.709221 0.708485 0.707805 0.707184 0.706622 0.706120 0.705678 0.705298 0.704980 0.704725 0.704533 0.704405 0.704341 0.704341 0.704405 0.704533 0.704725 0.704980 0.705298 0.705678 0.706120 0.706622 0.707184 0.707806 0.708485 0.709221 0.710012 0.710858 0.711755 0.712702 0.713696 0.714736 0.715819 0.716942 0.718104 0.719303 0.720538 0.721806 0.723106 0.724439 0.725802 0.727197 0.728621 0.730075 0.731558 0.733071 0.734613 0.736183 0.737781 0.739408 0.741062 0.742743 0.744451 0.746184 0.747944 0.749728 0.751536 0.753368 0.755223 0.757101 0.759001 0.760923 0.762867 0.764832 0.766815 0.768815 0.770830 0.772855 0.774892 0.776940 0.779004 0.781089 0.783201 0.785347 0.787527 0.789739 0.791970 0.794206 0.796428 0.798624 0.800800 0.802991 0.805277 0.807796 0.810746 0.814372 0.818918 0.824514 0.830988 0.837646 0.843191 0.846154 0.845847 0.843206 0.840619 0.840172 0.842881 0.847794 0.852035 0.853476 0.852614 0.851552 0.852111 0.854821 0.858963 0.863411 0.867705 0.872107 0.875537 0.873838 0.861480 0.822610 0.773298 0.000000
1.000000 0.537902 0.697523 0.765477 0.826200 0.862441 0.875892 0.874657 0.867018 0.858240 0.850965 0.846333 0.844585 0.845216 0.847110 0.848998 0.850155 0.850684 0.850821 0.850317 0.848845 0.846219 0.842244 0.837071 0.831249 0.825465 0.820261 0.815889 0.812328 0.809408 0.806919 0.804675 0.802540 0.800431 0.798303 0.796145 0.793965 0.791776 0.789596 0.787436 0.785305 0.783203 0.781127 0.779072 0.777033 0.775005 0.772988 0.770981 0.768986 0.767006 0.765043 0.763100 0.761177 0.759276 0.757396 0.755539 0.753705 0.751894 0.750108 0.748345 0.746609 0.744898 0.743214 0.741557 0.739928 0.738327 0.736755 0.735211 0.733695 0.732210 0.730753 0.729327 0.727931 0.726565 0.725231 0.723929 0.722659 0.721424 0.720223 0.719059 0.717933 0.716847 0.715803 0.714802 0.713846 0.712938 0.712078 0.711269 0.710511 0.709806 0.709156 0.708561 0.708022 0.707540 0.707116 0.706751 0.706445 0.706199 0.706015 0.705891 0.705830 0.705830 0.705891 0.706015 0.706199 0.706445 0.706751 0.707116 0.707540 0.708022 0.708561 0.709156 0.709806 0.710511 0.711269 0.712078 0.712938 0.713846 0.714802 0.715803 0.716847 0.717933 0.719059 0.720223 0.721423 0.722659 0.723928 0.725230 0.726564 0.727929 0.729326 0.730752 0.732208 0.733694 0.735209 0.736753 0.738325 0.739926 0.741555 0.743211 0.744895 0.746606 0.748342 0.750104 0.751891 0.753702 0.755536 0.757393 0.759272 0.761173 0.763096 0.765039 0.767002 0.768982 0.770977 0.772984 0.775001 0.777029 0.779068 0.781123 0.783199 0.785301 0.787433 0.789592 0.791772 0.793961 0.796142 0.798300 0.800427 0.802537 0.804672 0.806916 0.809405 0.812325 0.815886 0.820258 0.825462 0.831247 0.837069 0.842242 0.846217 0.848843 0.850315 0.850820 0.850683 0.850153 0.848997 0.847109 0.845215 0.844585 0.846334 0.850966 0.858242 0.867020 0.874659 0.875893 0.862440 0.826193 0.765464 0.697505 0.537886 1.000000
0.000000 0.482012 0.403701 0.532931 0.687838 0.802605 0.857618 0.871917 0.867284 0.857368 0.848240 0.841946 0.838774 0.838240 0.839470 0.841473 0.843460 0.844954 0.845564 0.844883 0.842780 0.839446 0.835172 0.830362 0.825471 0.820901 0.816894 0.813514 0.810686 0.808260 0.806080 0.804017 0.801983 0.799933 0.797850 0.795735 0.793602 0.791466 0.789341 0.787235 0.785154 0.783095 0.781056 0.779031 0.777018 0.775014 0.773020 0.771035 0.769063 0.767106 0.765167 0.763247 0.761348 0.759470 0.757614 0.755780 0.753968 0.752181 0.750418 0.748679 0.746967 0.745281 0.743622 0.741991 0.740388 0.738813 0.737267 0.735749 0.734261 0.732803 0.731375 0.729977 0.728609 0.727274 0.725970 0.724699 0.723462 0.722260 0.721094 0.719966 0.718876 0.717826 0.716818 0.715853 0.714933 0.714059 0.713232 0.712453 0.711725 0.711047 0.710421 0.709848 0.709329 0.708864 0.708456 0.708103 0.707809 0.707572 0.707394 0.707275 0.707215 0.707215 0.707275 0.707394 0.707572 0.707809 0.708104 0.708456 0.708865 0.709329 0.709848 0.710421 0.711047 0.711725 0.712453 0.713232 0.714059 0.714933 0.715853 0.716818 0.717826 0.718875 0.719965 0.721094 0.722260 0.723462 0.724699 0.725969 0.727273 0.728608 0.729975 0.731373 0.732801 0.734260 0.735747 0.737265 0.738811 0.740385 0.741989 0.743620 0.745278 0.746964 0.748676 0.750414 0.752177 0.753965 0.755776 0.757610 0.759466 0.761344 0.763243 0.765163 0.767102 0.769059 0.771031 0.773015 0.775010 0.777014 0.779027 0.781052 0.783091 0.785150 0.787231 0.789337 0.791462 0.793598 0.795731 0.797846 0.799930 0.801980 0.804013 0.806077 0.808257 0.810683 0.813511 0.816891 0.820898 0.825468 0.830359 0.835170 0.839444 0.842778 0.844881 0.845562 0.844952 0.843458 0.841471 0.839469 0.838239 0.838774 0.841947 0.848242 0.857370 0.867287 0.871919 0.857617 0.802598 0.687822 0.532905 0.403670 0.481992 0.000000
1.000000 0.152660 0.103637 0.192362 0.458938 0.696817 0.823428 0.864125 0.866402 0.857005 0.846738 0.839019 0.834421 0.832519 0.832546 0.833662 0.835118 0.836333 0.836822 0.836222 0.834450 0.831701 0.828279 0.824538 0.820814 0.817360 0.814304 0.811649 0.809322 0.807217 0.805230 0.803278 0.801313 0.799312 0.797274 0.795209 0.793130 0.791052 0.788985 0.786935 0.784903 0.782887 0.780885 0.778892 0.776908 0.774930 0.772961 0.771003 0.769057 0.767126 0.765213 0.763320 0.761446 0.759593 0.757762 0.755953 0.754166 0.752404 0.750666 0.748953 0.747267 0.745607 0.743974 0.742369 0.740793 0.739245 0.737726 0.736236 0.734776 0.733346 0.731946 0.730578 0.729240 0.727935 0.726663 0.725425 0.724221 0.723052 0.721920 0.720826 0.719770 0.718755 0.717780 0.716849 0.715960 0.715117 0.714319 0.713568 0.712866 0.712212 0.711607 0.711054 0.710553 0.710105 0.709710 0.709370 0.709086 0.708857 0.708685 0.708570 0.708513 0.708513 0.708570 0.708685 0.708857 0.709086 0.709370 0.709710 0.710105 0.710553 0.711054 0.711608 0.712212 0.712866 0.713568 0.714319 0.715117 0.715960 0.716848 0.717780 0.718754 0.719770 0.720825 0.721919 0.723051 0.724220 0.725424 0.726662 0.727934 0.729239 0.730576 0.731945 0.733344 0.734774 0.736234 0.737724 0.739243 0.740790 0.742367 0.743971 0.745604 0.747264 0.748950 0.750662 0.752400 0.754163 0.755949 0.757758 0.759589 0.761442 0.763316 0.765209 0.767122 0.769053 0.770998 0.772957 0.774926 0.776903 0.778888 0.780881 0.782883 0.784899 0.786931 0.788981 0.791048 0.793126 0.795205 0.797270 0.799309 0.801309 0.803275 0.805226 0.807214 0.809319 0.811646 0.814301 0.817358 0.820812 0.824535 0.828277 0.831699 0.834448 0.836219 0.836820 0.836331 0.835116 0.833660 0.832545 0.832517 0.834420 0.839020 0.846739 0.857007 0.866404 0.864125 0.823422 0.696801 0.458911 0.192336 0.103618 0.152647 1.000000
0.000000 0.217499 -0.000007 0.000933 0.239867 0.589945 0.788339 0.855142 0.864685 0.856530 0.845735 0.836998 0.831240 0.828142 0.827032 0.827174 0.827896 0.828633 0.828931 0.828479 0.827196 0.825206 0.822727 0.820004 0.817263 0.814661 0.812274 0.810102 0.808096 0.806189 0.804317 0.802438 0.800525 0.798573 0.796586 0.794578 0.792560 0.790544 0.788537 0.786542 0.784559 0.782586 0.780621 0.778662 0.776708 0.774760 0.772820 0.770890 0.768973 0.767072 0.765188 0.763322 0.761476 0.759650 0.757846 0.756063 0.754304 0.752568 0.750857 0.749171 0.747512 0.745879 0.744274 0.742697 0.741148 0.739628 0.738137 0.736676 0.735244 0.733843 0.732474 0.731135 0.729829 0.728555 0.727315 0.726108 0.724937 0.723801 0.722702 0.721640 0.720618 0.719634 0.718691 0.717790 0.716931 0.716116 0.715345 0.714619 0.713940 0.713308 0.712724 0.712190 0.711706 0.711273 0.710892 0.710564 0.710290 0.710069 0.709904 0.709793 0.709738 0.709738 0.709793 0.709904 0.710070 0.710290 0.710564 0.710892 0.711273 0.711706 0.712190 0.712724 0.713308 0.713940 0.714619 0.715345 0.716116 0.716931 0.717790 0.718691 0.719634 0.720617 0.721640 0.722701 0.723800 0.724936 0.726107 0.727314 0.728554 0.729827 0.731134 0.732472 0.733842 0.735242 0.736673 0.738135 0.739625 0.741145 0.742694 0.744271 0.745876 0.747509 0.749168 0.750853 0.752565 0.754300 0.756060 0.757842 0.759646 0.761472 0.763318 0.765183 0.767068 0.768969 0.770886 0.772816 0.774756 0.776704 0.778658 0.780617 0.782582 0.784555 0.786538 0.788533 0.790540 0.792556 0.794574 0.796583 0.798569 0.800521 0.802434 0.804314 0.806186 0.808093 0.810099 0.812271 0.814658 0.817260 0.820002 0.822724 0.825204 0.827194 0.828477 0.828929 0.828631 0.827893 0.827172 0.827030 0.828140 0.831239 0.836998 0.845736 0.856532 0.864687 0.855140 0.788327 0.589913 0.239830 0.000931 -0.000007 0.217495 0.000000
1.000000 0.128394 0.010901 -0.000007 0.215478 0.564411 0.775007 0.849127 0.861885 0.854840 0.844138 0.834992 0.828567 0.824682 0.822771 0.822195 0.822350 0.822721 0.822893 0.822591 0.821721 0.820340 0.818582 0.816605 0.814551 0.812523 0.810571 0.808702 0.806891 0.805105 0.803311 0.801487 0.799625 0.797727 0.795800 0.793855 0.791903 0.789951 0.788004 0.786063 0.784128 0.782198 0.780271 0.778347 0.776426 0.774510 0.772602 0.770704 0.768819 0.766949 0.765095 0.763260 0.761443 0.759646 0.757871 0.756117 0.754386 0.752678 0.750995 0.749338 0.747707 0.746103 0.744526 0.742978 0.741457 0.739966 0.738504 0.737073 0.735671 0.734300 0.732961 0.731653 0.730378 0.729136 0.727927 0.726752 0.725613 0.724509 0.723442 0.722412 0.721420 0.720466 0.719553 0.718680 0.717849 0.717060 0.716314 0.715612 0.714956 0.714345 0.713781 0.713265 0.712798 0.712381 0.712014 0.711698 0.711433 0.711221 0.711062 0.710955 0.710902 0.710902 0.710955 0.711062 0.711221 0.711434 0.711698 0.712014 0.712381 0.712798 0.713266 0.713781 0.714345 0.714956 0.715612 0.716314 0.717060 0.717849 0.718680 0.719553 0.720466 0.721419 0.722411 0.723441 0.724508 0.725612 0.726751 0.727926 0.729134 0.730377 0.731652 0.732959 0.734298 0.735669 0.737070 0.738502 0.739964 0.741455 0.742975 0.744523 0.746100 0.747704 0.749335 0.750992 0.752674 0.754382 0.756113 0.757867 0.759642 0.761439 0.763255 0.765091 0.766944 0.768815 0.770700 0.772598 0.774506 0.776422 0.778342 0.780267 0.782194 0.784124 0.786059 0.788000 0.789947 0.791899 0.793851 0.795796 0.797723 0.799622 0.801483 0.803307 0.805102 0.806888 0.808699 0.810568 0.812520 0.814549 0.816602 0.818579 0.820337 0.821719 0.822589 0.822890 0.822718 0.822348 0.822193 0.822769 0.824680 0.828566 0.834991 0.844138 0.854841 0.861886 0.849123 0.774991 0.564370 0.215428 -0.000007 0.010896 0.128389 1.000000
0.000000 0.410816 0.214806 0.233628 0.414658 0.645561 0.792669 0.848776 0.858375 0.851517 0.841296 0.832324 0.825772 0.821572 0.819269 0.818311 0.818159 0.818339 0.818474 0.818310 0.817740 0.816773 0.815489 0.813988 0.812364 0.810689 0.809002 0.807318 0.805631 0.803929 0.802197 0.800430 0.798626 0.796789 0.794929 0.793053 0.791168 0.789280 0.787392 0.785504 0.783617 0.781729 0.779841 0.777954 0.776068 0.774188 0.772314 0.770450 0.768599 0.766762 0.764941 0.763138 0.761352 0.759586 0.757841 0.756117 0.754416 0.752738 0.751085 0.749458 0.747856 0.746282 0.744735 0.743216 0.741726 0.740264 0.738833 0.737431 0.736060 0.734720 0.733411 0.732135 0.730891 0.729680 0.728502 0.727359 0.726251 0.725178 0.724141 0.723141 0.722179 0.721254 0.720369 0.719524 0.718718 0.717955 0.717233 0.716555 0.715920 0.715331 0.714787 0.714289 0.713839 0.713437 0.713083 0.712779 0.712525 0.712321 0.712168 0.712065 0.712014 0.712014 0.712065 0.712168 0.712321 0.712525 0.712779 0.713083 0.713437 0.713839 0.714289 0.714787 0.715331 0.715920 0.716555 0.717233 0.717955 0.718718 0.719523 0.720369 0.721254 0.722178 0.723141 0.724141 0.725177 0.726250 0.727358 0.728501 0.729679 0.730889 0.732133 0.733410 0.734718 0.736058 0.737429 0.738830 0.740262 0.741723 0.743213 0.744732 0.746279 0.747853 0.749454 0.751082 0.752735 0.754412 0.756113 0.757837 0.759582 0.761348 0.763133 0.764937 0.766758 0.768595 0.770446 0.772310 0.774183 0.776064 0.777949 0.779837 0.781725 0.783613 0.785500 0.787388 0.789276 0.791164 0.793049 0.794925 0.796786 0.798622 0.800426 0.802194 0.803925 0.805628 0.807315 0.808999 0.810686 0.812361 0.813985 0.815486 0.816771 0.817737 0.818308 0.818472 0.818337 0.818157 0.818309 0.819267 0.821570 0.825771 0.832324 0.841296 0.851518 0.858375 0.848773 0.792654 0.645526 0.414609 0.233587 0.214781 0.410803 0.000000
1.000000 0.462217 0.541297 0.567981 0.656402 0.757939 0.825879 0.852904 0.854997 0.847151 0.837364 0.828857 0.822547 0.818405 0.816056 0.815015 0.814793 0.814947 0.815126 0.815092 0.814731 0.814029 0.813032 0.811811 0.810439 0.808971 0.807445 0.805880 0.804282 0.802651 0.800984 0.799280 0.797543 0.795776 0.793987 0.792181 0.790364 0.788539 0.786708 0.784872 0.783031 0.781186 0.779338 0.777490 0.775642 0.773798 0.771962 0.770135 0.768319 0.766517 0.764731 0.762960 0.761208 0.759474 0.757761 0.756069 0.754399 0.752753 0.751131 0.749534 0.747964 0.746420 0.744904 0.743416 0.741956 0.740526 0.739125 0.737754 0.736414 0.735105 0.733828 0.732583 0.731370 0.730190 0.729043 0.727931 0.726853 0.725810 0.724803 0.723832 0.722898 0.722002 0.721144 0.720325 0.719545 0.718807 0.718109 0.717453 0.716841 0.716272 0.715747 0.715268 0.714834 0.714447 0.714107 0.713814 0.713570 0.713374 0.713227 0.713129 0.713079 0.713079 0.713129 0.713227 0.713374 0.713570 0.713814 0.714107 0.714447 0.714834 0.715268 0.715747 0.716272 0.716841 0.717453 0.718109 0.718806 0.719545 0.720325 0.721144 0.722002 0.722898 0.723832 0.724802 0.725809 0.726852 0.727930 0.729042 0.730188 0.731368 0.732581 0.733826 0.735103 0.736412 0.737752 0.739123 0.740523 0.741954 0.743413 0.744901 0.746417 0.747960 0.749531 0.751127 0.752749 0.754395 0.756065 0.757757 0.759470 0.761204 0.762956 0.764726 0.766513 0.768315 0.770130 0.771957 0.773794 0.775637 0.777485 0.779334 0.781182 0.783027 0.784868 0.786704 0.788535 0.790360 0.792177 0.793983 0.795773 0.797539 0.799277 0.800980 0.802648 0.804279 0.805877 0.807442 0.808968 0.810436 0.811809 0.813029 0.814026 0.814729 0.815090 0.815123 0.814944 0.814790 0.815013 0.816054 0.818403 0.822546 0.828856 0.837364 0.847152 0.854997 0.852902 0.825869 0.757919 0.656370 0.567946 0.541269 0.462201 1.000000
0.000000 0.708992 0.723284 0.772491 0.805234 0.835209 0.853892 0.858194 0.852573 0.842920 0.833117 0.824957 0.818966 0.815054 0.812866 0.811945 0.811821 0.812072 0.812358 0.812454 0.812247 0.811713 0.810887 0.809829 0.808603 0.807260 0.805839 0.804363 0.802843 0.801284 0.799688 0.798057 0.796394 0.794702 0.792986 0.791250 0.789498 0.787733 0.785957 0.784171 0.782376 0.780575 0.778769 0.776961 0.775153 0.773349 0.771551 0.769762 0.767984 0.766219 0.764468 0.762733 0.761014 0.759315 0.757635 0.755976 0.754339 0.752725 0.751136 0.749571 0.748033 0.746521 0.745037 0.743580 0.742153 0.740754 0.739384 0.738045 0.736736 0.735459 0.734213 0.732998 0.731816 0.730667 0.729551 0.728469 0.727421 0.726408 0.725430 0.724487 0.723582 0.722713 0.721881 0.721088 0.720334 0.719619 0.718945 0.718312 0.717721 0.717172 0.716667 0.716205 0.715787 0.715415 0.715088 0.714807 0.714572 0.714384 0.714242 0.714148 0.714101 0.714101 0.714148 0.714242 0.714384 0.714572 0.714807 0.715088 0.715415 0.715787 0.716205 0.716667 0.717172 0.717721 0.718312 0.718945 0.719619 0.720334 0.721088 0.721881 0.722712 0.723581 0.724487 0.725429 0.726407 0.727420 0.728468 0.729550 0.730666 0.731815 0.732997 0.734211 0.735457 0.736734 0.738043 0.739382 0.740751 0.742150 0.743578 0.745034 0.746518 0.748030 0.749568 0.751132 0.752721 0.754335 0.755972 0.757631 0.759311 0.761010 0.762728 0.764463 0.766214 0.767979 0.769757 0.771546 0.773344 0.775148 0.776956 0.778764 0.780570 0.782372 0.784166 0.785953 0.787729 0.789494 0.791246 0.792982 0.794698 0.796390 0.798054 0.799685 0.801280 0.802839 0.804360 0.805836 0.807257 0.808600 0.809827 0.810885 0.811711 0.812244 0.812452 0.812355 0.812069 0.811819 0.811942 0.812863 0.815052 0.818964 0.824955 0.833116 0.842920 0.852573 0.858193 0.853888 0.835200 0.805220 0.772473 0.723268 0.708981 0.000000
1.000000 0.626906 0.792187 0.833172 0.856863 0.867312 0.868446 0.862162 0.851556 0.839938 0.829512 0.821261 0.815378 0.811646 0.809660 0.808942 0.809005 0.809421 0.809853 0.810081 0.809996 0.809578 0.808860 0.807902 0.806767 0.805511 0.804171 0.802773 0.801330 0.799849 0.798331 0.796779 0.795193 0.793576 0.791932 0.790264 0.788575 0.786867 0.785144 0.783407 0.781659 0.779902 0.778139 0.776373 0.774607 0.772844 0.771087 0.769338 0.767598 0.765871 0.764157 0.762458 0.760776 0.759112 0.757467 0.755842 0.754239 0.752659 0.751104 0.749573 0.748067 0.746588 0.745137 0.743713 0.742317 0.740950 0.739613 0.738306 0.737029 0.735783 0.734568 0.733384 0.732233 0.731115 0.730029 0.728977 0.727958 0.726974 0.726024 0.725110 0.724232 0.723390 0.722585 0.721817 0.721088 0.720397 0.719746 0.719135 0.718565 0.718036 0.717548 0.717104 0.716702 0.716343 0.716029 0.715759 0.715533 0.715352 0.715216 0.715125 0.715080 0.715080 0.715125 0.715216 0.715352 0.715533 0.715759 0.716029 0.716344 0.716702 0.717104 0.717549 0.718036 0.718565 0.719135 0.719746 0.720397 0.721088 0.721817 0.722584 0.723389 0.724231 0.725110 0.726024 0.726973 0.727957 0.728976 0.730028 0.731113 0.732232 0.733383 0.734566 0.735781 0.737027 0.738303 0.739611 0.740948 0.742314 0.743710 0.745134 0.746585 0.748064 0.749569 0.751100 0.752656 0.754235 0.755838 0.757462 0.759107 0.760772 0.762454 0.764153 0.765866 0.767594 0.769333 0.771082 0.772839 0.774602 0.776368 0.778134 0.779897 0.781654 0.783402 0.785139 0.786863 0.788571 0.790260 0.791928 0.793573 0.795189 0.796775 0.798327 0.799845 0.801327 0.802769 0.804168 0.805507 0.806764 0.807899 0.808857 0.809575 0.809993 0.810078 0.809850 0.809418 0.809002 0.808939 0.809657 0.811643 0.815375 0.821259 0.829511 0.839938 0.851556 0.862162 0.868445 0.867309 0.856858 0.833165 0.792178 0.626899 1.000000
0.000000 0.687598 0.710287 0.785907 0.833858 0.861235 0.869135 0.863762 0.851967 0.838872 0.827331 0.818424 0.812246 0.808463 0.806574 0.806024 0.806278 0.806873 0.807458 0.807812 0.807831 0.807500 0.806858 0.805971 0.804906 0.803719 0.802453 0.801131 0.799768 0.798368 0.796932 0.795460 0.793952 0.792409 0.790834 0.789229 0.787599 0.785946 0.784274 0.782585 0.780884 0.779172 0.777454 0.775732 0.774010 0.772290 0.770574 0.768866 0.767167 0.765479 0.763803 0.762142 0.760497 0.758869 0.757260 0.755671 0.754104 0.752559 0.751037 0.749541 0.748069 0.746624 0.745206 0.743815 0.742452 0.741118 0.739813 0.738538 0.737293 0.736079 0.734895 0.733743 0.732622 0.731534 0.730479 0.729456 0.728466 0.727511 0.726590 0.725703 0.724852 0.724036 0.723257 0.722515 0.721810 0.721142 0.720514 0.719924 0.719374 0.718864 0.718394 0.717966 0.717579 0.717234 0.716932 0.716672 0.716454 0.716280 0.716150 0.716062 0.716019 0.716019 0.716062 0.716150 0.716280 0.716454 0.716672 0.716932 0.717234 0.717579 0.717966 0.718395 0.718864 0.719374 0.719924 0.720514 0.721142 0.721809 0.722514 0.723257 0.724036 0.724851 0.725703 0.726589 0.727510 0.728466 0.729455 0.730477 0.731533 0.732621 0.733741 0.734893 0.736077 0.737291 0.738536 0.739811 0.741116 0.742449 0.743812 0.745203 0.746621 0.748066 0.749537 0.751034 0.752555 0.754099 0.755667 0.757255 0.758864 0.760492 0.762137 0.763798 0.765474 0.767162 0.768861 0.770569 0.772285 0.774005 0.775728 0.777450 0.779168 0.780879 0.782581 0.784269 0.785942 0.787595 0.789225 0.790830 0.792405 0.793948 0.795456 0.796928 0.798365 0.799765 0.801128 0.802450 0.803716 0.804903 0.805968 0.806855 0.807497 0.807829 0.807810 0.807455 0.806870 0.806275 0.806021 0.806570 0.808460 0.812243 0.818422 0.827330 0.838872 0.851967 0.863763 0.869136 0.861236 0.833858 0.785905 0.710283 0.687594 0.000000
1.000000 0.399659 0.504872 0.599720 0.725212 0.813125 0.853981 0.861809 0.853274 0.839738 0.826904 0.816863 0.809951 0.805800 0.803803 0.803304 0.803682 0.804420 0.805136 0.805599 0.805703 0.805441 0.804859 0.804029 0.803024 0.801903 0.800708 0.799463 0.798180 0.796862 0.795506 0.794112 0.792678 0.791204 0.789693 0.788149 0.786575 0.784974 0.783352 0.781713 0.780058 0.778394 0.776721 0.775045 0.773367 0.771690 0.770018 0.768352 0.766693 0.765045 0.763409 0.761787 0.760180 0.758590 0.757018 0.755466 0.753935 0.752426 0.750940 0.749479 0.748042 0.746631 0.745247 0.743890 0.742560 0.741259 0.739987 0.738744 0.737532 0.736349 0.735197 0.734075 0.732986 0.731928 0.730902 0.729909 0.728948 0.728021 0.727128 0.726268 0.725444 0.724654 0.723900 0.723183 0.722501 0.721857 0.721250 0.720681 0.720150 0.719659 0.719206 0.718794 0.718421 0.718089 0.717797 0.717547 0.717338 0.717171 0.717045 0.716961 0.716919 0.716919 0.716961 0.717045 0.717171 0.717338 0.717547 0.717798 0.718089 0.718421 0.718794 0.719206 0.719659 0.720150 0.720681 0.721250 0.721857 0.722501 0.723182 0.723900 0.724654 0.725443 0.726268 0.727127 0.728020 0.728947 0.729907 0.730901 0.731926 0.732984 0.734074 0.735195 0.736347 0.737529 0.738742 0.739985 0.741257 0.742558 0.743887 0.745244 0.746628 0.748039 0.749475 0.750936 0.752422 0.753931 0.755462 0.757014 0.758585 0.760175 0.761782 0.763405 0.765041 0.766689 0.768347 0.770013 0.771686 0.773362 0.775040 0.776717 0.778389 0.780054 0.781708 0.783348 0.784970 0.786570 0.788145 0.789689 0.791200 0.792674 0.794108 0.795502 0.796858 0.798176 0.799460 0.800704 0.801899 0.803021 0.804026 0.804856 0.805438 0.805700 0.805596 0.805133 0.804417 0.803679 0.803301 0.803800 0.805796 0.809948 0.816861 0.826902 0.839737 0.853274 0.861809 0.853982 0.813126 0.725214 0.599723 0.504872 0.399658 1.000000
0.000000 0.339741 0.157118 0.284247 0.514860 0.713392 0.819806 0.854901 0.854424 0.841826 0.827897 0.816530 0.808595 0.803807 0.801492 0.800891 0.801291 0.802103 0.802905 0.803445 0.803612 0.803402 0.802869 0.802089 0.801139 0.800081 0.798956 0.797787 0.796582 0.795341 0.794062 0.792741 0.791375 0.789966 0.788515 0.787027 0.785506 0.783957 0.782385 0.780794 0.779188 0.777571 0.775946 0.774315 0.772683 0.771051 0.769422 0.767799 0.766183 0.764576 0.762980 0.761397 0.759830 0.758278 0.756744 0.755230 0.753736 0.752264 0.750815 0.749389 0.747988 0.746612 0.745262 0.743939 0.742644 0.741376 0.740137 0.738927 0.737746 0.736595 0.735474 0.734384 0.733325 0.732297 0.731301 0.730337 0.729405 0.728506 0.727640 0.726808 0.726010 0.725246 0.724517 0.723823 0.723164 0.722542 0.721956 0.721407 0.720895 0.720421 0.719985 0.719588 0.719229 0.718909 0.718628 0.718387 0.718186 0.718025 0.717904 0.717823 0.717783 0.717783 0.717823 0.717904 0.718025 0.718186 0.718387 0.718628 0.718909 0.719229 0.719588 0.719985 0.720421 0.720895 0.721407 0.721956 0.722542 0.723164 0.723822 0.724516 0.725245 0.726009 0.726807 0.727640 0.728505 0.729404 0.730336 0.731300 0.732296 0.733324 0.734383 0.735472 0.736593 0.737744 0.738924 0.740134 0.741373 0.742641 0.743936 0.745259 0.746608 0.747984 0.749385 0.750811 0.752260 0.753732 0.755226 0.756740 0.758274 0.759825 0.761393 0.762975 0.764571 0.766178 0.767794 0.769417 0.771046 0.772678 0.774310 0.775941 0.777566 0.779183 0.780789 0.782380 0.783953 0.785501 0.787022 0.788511 0.789962 0.791371 0.792737 0.794059 0.795338 0.796578 0.797783 0.798952 0.800078 0.801136 0.802086 0.802866 0.803399 0.803609 0.803442 0.802902 0.802100 0.801287 0.800888 0.801489 0.803803 0.808592 0.816527 0.827896 0.841826 0.854424 0.854901 0.819804 0.713390 0.514862 0.284253 0.157124 0.339744 0.000000
1.000000 0.079835 0.000126 0.023929 0.267202 0.577712 0.772394 0.843795 0.854301 0.843807 0.829325 0.816841 0.807898 0.802388 0.799638 0.798821 0.799146 0.799958 0.800792 0.801369 0.801574 0.801399 0.800903 0.800166 0.799268 0.798270 0.797212 0.796114 0.794982 0.793814 0.792605 0.791350 0.790047 0.788697 0.787302 0.785867 0.784398 0.782900 0.781377 0.779836 0.778279 0.776710 0.775132 0.773549 0.771963 0.770376 0.768791 0.767211 0.765638 0.764073 0.762518 0.760976 0.759449 0.757937 0.756442 0.754966 0.753510 0.752076 0.750663 0.749274 0.747908 0.746568 0.745253 0.743965 0.742704 0.741470 0.740264 0.739087 0.737938 0.736819 0.735730 0.734671 0.733642 0.732644 0.731678 0.730742 0.729839 0.728968 0.728129 0.727323 0.726551 0.725812 0.725107 0.724436 0.723800 0.723199 0.722634 0.722104 0.721611 0.721154 0.720733 0.720350 0.720004 0.719696 0.719426 0.719194 0.719000 0.718845 0.718729 0.718651 0.718612 0.718612 0.718651 0.718729 0.718845 0.719000 0.719194 0.719426 0.719696 0.720004 0.720350 0.720733 0.721154 0.721611 0.722104 0.722634 0.723199 0.723800 0.724436 0.725107 0.725812 0.726550 0.727323 0.728129 0.728967 0.729838 0.730741 0.731676 0.732643 0.733641 0.734669 0.735728 0.736817 0.737936 0.739084 0.740261 0.741467 0.742701 0.743962 0.745250 0.746565 0.747905 0.749270 0.750659 0.752072 0.753506 0.754962 0.756438 0.757932 0.759444 0.760972 0.762514 0.764068 0.765633 0.767206 0.768787 0.770371 0.771958 0.773544 0.775127 0.776705 0.778274 0.779831 0.781373 0.782895 0.784393 0.785862 0.787297 0.788692 0.790043 0.791346 0.792601 0.793811 0.794978 0.796110 0.797208 0.798267 0.799265 0.800163 0.800900 0.801396 0.801571 0.801366 0.800788 0.799955 0.799142 0.798817 0.799635 0.802385 0.807895 0.816839 0.829324 0.843807 0.854301 0.843792 0.772382 0.577692 0.267191 0.023937 0.000127 0.079842 1.000000
0.000000 0.260073 -0.000007 -0.000007 0.119697 0.480412 0.734764 0.832970 0.852345 0.844222 0.829906 0.816894 0.807300 0.801234 0.798090 0.797032 0.797230 0.797988 0.798805 0.799383 0.799598 0.799441 0.798971 0.798271 0.797420 0.796478 0.795482 0.794450 0.793385 0.792283 0.791137 0.789942 0.788695 0.787399 0.786057 0.784674 0.783255 0.781807 0.780335 0.778843 0.777335 0.775815 0.774286 0.772750 0.771210 0.769669 0.768129 0.766593 0.765063 0.763540 0.762028 0.760528 0.759041 0.757569 0.756114 0.754677 0.753260 0.751863 0.750488 0.749136 0.747807 0.746502 0.745223 0.743970 0.742743 0.741543 0.740370 0.739226 0.738110 0.737023 0.735965 0.734937 0.733939 0.732971 0.732033 0.731127 0.730251 0.729408 0.728596 0.727816 0.727069 0.726354 0.725673 0.725025 0.724411 0.723831 0.723285 0.722774 0.722298 0.721857 0.721452 0.721083 0.720750 0.720453 0.720193 0.719969 0.719783 0.719633 0.719521 0.719447 0.719409 0.719409 0.719447 0.719521 0.719633 0.719783 0.719969 0.720193 0.720453 0.720750 0.721083 0.721452 0.721857 0.722298 0.722774 0.723285 0.723830 0.724410 0.725025 0.725672 0.726354 0.727068 0.727815 0.728595 0.729407 0.730250 0.731125 0.732032 0.732969 0.733937 0.734935 0.735963 0.737021 0.738108 0.739223 0.740368 0.741540 0.742740 0.743966 0.745220 0.746499 0.747803 0.749132 0.750484 0.751859 0.753256 0.754673 0.756109 0.757564 0.759036 0.760523 0.762023 0.763536 0.765058 0.766588 0.768124 0.769664 0.771205 0.772745 0.774281 0.775810 0.777331 0.778838 0.780330 0.781803 0.783251 0.784669 0.786053 0.787395 0.788691 0.789937 0.791133 0.792279 0.793381 0.794446 0.795478 0.796474 0.797417 0.798268 0.798968 0.799438 0.799595 0.799380 0.798801 0.797985 0.797227 0.797028 0.798086 0.801231 0.807297 0.816893 0.829906 0.844222 0.852345 0.832963 0.734737 0.480354 0.119646 -0.000007 -0.000007 0.260070 0.000000
1.000000 0.434146 0.156537 0.026770 0.185984 0.499203 0.732077 0.827657 0.848723 0.842154 0.828655 0.815892 0.806229 0.799971 0.796623 0.795400 0.795482 0.796163 0.796931 0.797481 0.797683 0.797528 0.797075 0.796405 0.795596 0.794705 0.793766 0.792794 0.791790 0.790746 0.789657 0.788516 0.787322 0.786077 0.784785 0.783452 0.782084 0.780686 0.779264 0.777822 0.776363 0.774892 0.773411 0.771922 0.770429 0.768934 0.767440 0.765948 0.764461 0.762982 0.761512 0.760054 0.758608 0.757177 0.755763 0.754365 0.752987 0.751629 0.750292 0.748977 0.747685 0.746416 0.745173 0.743955 0.742762 0.741596 0.740458 0.739346 0.738263 0.737208 0.736181 0.735184 0.734216 0.733277 0.732369 0.731491 0.730643 0.729826 0.729041 0.728287 0.727564 0.726874 0.726215 0.725589 0.724997 0.724437 0.723910 0.723417 0.722958 0.722533 0.722143 0.721787 0.721466 0.721180 0.720930 0.720715 0.720535 0.720392 0.720284 0.720212 0.720176 0.720176 0.720212 0.720284 0.720392 0.720536 0.720715 0.720930 0.721181 0.721466 0.721787 0.722143 0.722533 0.722958 0.723417 0.723910 0.724437 0.724996 0.725589 0.726215 0.726873 0.727564 0.728286 0.729040 0.729826 0.730642 0.731490 0.732368 0.733276 0.734214 0.735182 0.736179 0.737205 0.738260 0.739344 0.740455 0.741594 0.742759 0.743951 0.745169 0.746413 0.747681 0.748973 0.750288 0.751625 0.752983 0.754361 0.755758 0.757173 0.758603 0.760049 0.761507 0.762977 0.764456 0.765943 0.767435 0.768929 0.770424 0.771917 0.773406 0.774887 0.776359 0.777817 0.779259 0.780681 0.782079 0.783448 0.784781 0.786073 0.787318 0.788512 0.789653 0.790742 0.791786 0.792791 0.793763 0.794701 0.795593 0.796402 0.797071 0.797525 0.797680 0.797478 0.796928 0.796160 0.795478 0.795396 0.796619 0.799967 0.806226 0.815890 0.828655 0.842155 0.848722 0.827647 0.732040 0.499115 0.185866 0.026692 0.156488 0.434127 1.000000
1.000000 0.726329 0.451092 0.346587 0.429812 0.618320 0.763912 0.829492 0.844214 0.837719 0.825356 0.813503 0.804363 0.798338 0.795051 0.793803 0.793823 0.794436 0.795142 0.795644 0.795817 0.795652 0.795207 0.794563 0.793792 0.792949 0.792063 0.791146 0.790196 0.789205 0.788167 0.787076 0.785931 0.784735 0.783492 0.782207 0.780889 0.779541 0.778169 0.776776 0.775367 0.773945 0.772512 0.771071 0.769624 0.768175 0.766726 0.765279 0.763837 0.762401 0.760974 0.759558 0.758154 0.756765 0.755391 0.754034 0.752695 0.751375 0.750076 0.748799 0.747544 0.746312 0.745105 0.743922 0.742764 0.741633 0.740527 0.739449 0.738398 0.737375 0.736380 0.735413 0.734475 0.733566 0.732686 0.731836 0.731016 0.730226 0.729466 0.728737 0.728039 0.727372 0.726736 0.726132 0.725559 0.725019 0.724511 0.724036 0.723594 0.723184 0.722808 0.722465 0.722156 0.721881 0.721640 0.721433 0.721260 0.721122 0.721018 0.720949 0.720914 0.720914 0.720949 0.721018 0.721122 0.721260 0.721433 0.721640 0.721881 0.722156 0.722465 0.722808 0.723184 0.723594 0.724036 0.724511 0.725019 0.725559 0.726131 0.726735 0.727371 0.728038 0.728736 0.729465 0.730225 0.731015 0.731835 0.732685 0.733564 0.734473 0.735411 0.736378 0.737373 0.738396 0.739447 0.740525 0.741630 0.742761 0.743919 0.745101 0.746309 0.747540 0.748795 0.750072 0.751371 0.752690 0.754029 0.755386 0.756760 0.758150 0.759553 0.760969 0.762396 0.763832 0.765274 0.766721 0.768170 0.769619 0.771066 0.772507 0.773940 0.775362 0.776771 0.778164 0.779536 0.780884 0.782203 0.783487 0.784730 0.785927 0.787072 0.788163 0.789201 0.790192 0.791142 0.792059 0.792945 0.793789 0.794559 0.795204 0.795648 0.795813 0.795641 0.795139 0.794432 0.793820 0.793799 0.795047 0.798335 0.804360 0.813501 0.825355 0.837720 0.844213 0.829483 0.763878 0.618240 0.429689 0.346470 0.451022 0.726306 1.000000
1.000000 0.713792 0.685869 0.641982 0.668232 0.739688 0.803057 0.833813 0.838925 0.831495 0.820352 0.809837 0.801675 0.796251 0.793280 0.792158 0.792192 0.792761 0.793405 0.793851 0.793983 0.793800 0.793360 0.792738 0.792003 0.791205 0.790368 0.789501 0.788601 0.787659 0.786668 0.785624 0.784525 0.783376 0.782180 0.780945 0.779675 0.778377 0.777054 0.775711 0.774351 0.772977 0.771592 0.770198 0.768799 0.767396 0.765992 0.764590 0.763192 0.761801 0.760417 0.759044 0.757682 0.756334 0.755001 0.753684 0.752385 0.751105 0.749844 0.748605 0.747387 0.746192 0.745020 0.743873 0.742750 0.741653 0.740581 0.739536 0.738517 0.737526 0.736562 0.735625 0.734717 0.733837 0.732986 0.732164 0.731371 0.730607 0.729872 0.729168 0.728493 0.727849 0.727236 0.726653 0.726100 0.725580 0.725090 0.724632 0.724205 0.723811 0.723449 0.723119 0.722821 0.722557 0.722324 0.722125 0.721959 0.721826 0.721726 0.721660 0.721626 0.721626 0.721660 0.721726 0.721826 0.721959 0.722125 0.722325 0.722557 0.722821 0.723119 0.723449 0.723811 0.724206 0.724632 0.725090 0.725579 0.726100 0.726652 0.727235 0.727849 0.728493 0.729167 0.729872 0.730606 0.731370 0.732163 0.732985 0.733836 0.734716 0.735624 0.736560 0.737524 0.738515 0.739533 0.740579 0.741650 0.742747 0.743870 0.745017 0.746188 0.747383 0.748601 0.749840 0.751100 0.752380 0.753680 0.754996 0.756329 0.757677 0.759039 0.760412 0.761795 0.763187 0.764585 0.765987 0.767391 0.768794 0.770193 0.771587 0.772972 0.774346 0.775706 0.777049 0.778372 0.779670 0.780940 0.782176 0.783371 0.784521 0.785620 0.786664 0.787655 0.788597 0.789498 0.790364 0.791201 0.791999 0.792734 0.793356 0.793797 0.793980 0.793847 0.793402 0.792758 0.792188 0.792154 0.793276 0.796247 0.801671 0.809834 0.820351 0.831496 0.838925 0.833808 0.803037 0.739642 0.668163 0.641913 0.685825 0.713775 1.000000
0.000000 0.754574 0.783623 0.786631 0.791782 0.809441 0.827063 0.834791 0.832292 0.824045 0.814191 0.805237 0.798334 0.793769 0.791308 0.790437 0.790552 0.791106 0.791694 0.792079 0.792167 0.791962 0.791524 0.790924 0.790225 0.789470 0.788680 0.787861 0.787007 0.786110 0.785163 0.784163 0.783109 0.782005 0.780856 0.779668 0.778447 0.777198 0.775924 0.774631 0.773319 0.771993 0.770656 0.769309 0.767956 0.766599 0.765241 0.763884 0.762531 0.761183 0.759843 0.758513 0.757194 0.755887 0.754595 0.753319 0.752060 0.750819 0.749597 0.748396 0.747215 0.746057 0.744922 0.743810 0.742722 0.741659 0.740621 0.739608 0.738622 0.737662 0.736729 0.735823 0.734944 0.734093 0.733270 0.732475 0.731708 0.730970 0.730261 0.729581 0.728930 0.728308 0.727716 0.727154 0.726621 0.726119 0.725647 0.725206 0.724795 0.724415 0.724067 0.723749 0.723463 0.723208 0.722985 0.722793 0.722633 0.722505 0.722409 0.722345 0.722313 0.722313 0.722345 0.722409 0.722505 0.722633 0.722793 0.722985 0.723208 0.723463 0.723749 0.724067 0.724415 0.724795 0.725206 0.725647 0.726119 0.726621 0.727153 0.727716 0.728308 0.728929 0.729580 0.730260 0.730969 0.731707 0.732474 0.733269 0.734092 0.734942 0.735821 0.736727 0.737660 0.738620 0.739606 0.740618 0.741656 0.742719 0.743806 0.744918 0.746053 0.747212 0.748392 0.749593 0.750814 0.752055 0.753315 0.754591 0.755883 0.757189 0.758508 0.759838 0.761178 0.762526 0.763879 0.765236 0.766594 0.767951 0.769304 0.770651 0.771988 0.773314 0.774625 0.775919 0.777193 0.778442 0.779663 0.780851 0.782000 0.783104 0.784158 0.785159 0.786106 0.787003 0.787857 0.788676 0.789466 0.790221 0.790920 0.791520 0.791959 0.792164 0.792076 0.791691 0.791103 0.790548 0.790433 0.791303 0.793764 0.798329 0.805234 0.814190 0.824045 0.832293 0.834790 0.827057 0.809425 0.791759 0.786608 0.783608 0.754570 0.000000
0.992364 0.772267 0.828334 0.831960 0.831714 0.832256 0.832572 0.829971 0.823899 0.815765 0.807397 0.800113 0.794605 0.791037 0.789200 0.788655 0.788894 0.789451 0.789989 0.790314 0.790356 0.790130 0.789695 0.789117 0.788454 0.787742 0.786998 0.786224 0.785414 0.784560 0.783655 0.782697 0.781686 0.780626 0.779524 0.778383 0.777210 0.776009 0.774784 0.773538 0.772275 0.770996 0.769706 0.768406 0.767099 0.765788 0.764476 0.763164 0.761856 0.760552 0.759256 0.757969 0.756692 0.755427 0.754177 0.752941 0.751722 0.750520 0.749337 0.748174 0.747031 0.745909 0.744810 0.743734 0.742680 0.741651 0.740647 0.739667 0.738713 0.737784 0.736882 0.736006 0.735156 0.734334 0.733538 0.732770 0.732030 0.731317 0.730633 0.729976 0.729348 0.728749 0.728178 0.727636 0.727123 0.726639 0.726184 0.725759 0.725364 0.724998 0.724663 0.724357 0.724082 0.723837 0.723622 0.723438 0.723284 0.723161 0.723069 0.723007 0.722977 0.722977 0.723007 0.723069 0.723161 0.723284 0.723438 0.723622 0.723837 0.724082 0.724357 0.724663 0.724998 0.725364 0.725759 0.726184 0.726639 0.727122 0.727635 0.728177 0.728748 0.729348 0.729976 0.730632 0.731317 0.732029 0.732769 0.733537 0.734332 0.735155 0.736004 0.736880 0.737782 0.738711 0.739665 0.740644 0.741649 0.742677 0.743730 0.744807 0.745906 0.747027 0.748170 0.749333 0.750516 0.751717 0.752936 0.754172 0.755423 0.756687 0.757964 0.759251 0.760547 0.761851 0.763159 0.764471 0.765783 0.767094 0.768401 0.769701 0.770991 0.772269 0.773533 0.774779 0.776004 0.777205 0.778378 0.779519 0.780622 0.781681 0.782692 0.783651 0.784556 0.785410 0.786220 0.786994 0.787738 0.788450 0.789113 0.789691 0.790127 0.790353 0.790311 0.789986 0.789447 0.788889 0.788650 0.789193 0.791031 0.794599 0.800109 0.807395 0.815766 0.823902 0.829976 0.832576 0.832258 0.831714 0.831961 0.828336 0.772271 0.992365
0.960845 0.882511 0.839592 0.835200 0.832815 0.829776 0.825802 0.820559 0.814107 0.807114 0.800465 0.794889 0.790791 0.788243 0.787052 0.786852 0.787222 0.787787 0.788276 0.788543 0.788541 0.788298 0.787869 0.787318 0.786692 0.786024 0.785324 0.784594 0.783825 0.783011 0.782147 0.781229 0.780260 0.779244 0.778187 0.777092 0.775966 0.774813 0.773635 0.772437 0.771221 0.769990 0.768746 0.767493 0.766232 0.764967 0.763700 0.762434 0.761170 0.759910 0.758658 0.757413 0.756179 0.754956 0.753747 0.752552 0.751373 0.750210 0.749066 0.747941 0.746835 0.745750 0.744687 0.743646 0.742628 0.741633 0.740661 0.739714 0.738792 0.737894 0.737022 0.736176 0.735355 0.734561 0.733793 0.733052 0.732337 0.731649 0.730989 0.730356 0.729750 0.729172 0.728622 0.728100 0.727606 0.727140 0.726702 0.726293 0.725913 0.725561 0.725238 0.724945 0.724680 0.724444 0.724238 0.724061 0.723913 0.723795 0.723706 0.723647 0.723617 0.723617 0.723647 0.723706 0.723795 0.723913 0.724061 0.724238 0.724444 0.724680 0.724945 0.725238 0.725561 0.725913 0.726293 0.726702 0.727140 0.727606 0.728100 0.728622 0.729172 0.729750 0.730355 0.730988 0.731649 0.732336 0.733051 0.733792 0.734560 0.735354 0.736174 0.737020 0.737892 0.738789 0.739712 0.740659 0.741630 0.742625 0.743643 0.744684 0.745747 0.746831 0.747937 0.749062 0.750206 0.751368 0.752547 0.753742 0.754951 0.756174 0.757408 0.758652 0.759905 0.761164 0.762428 0.763695 0.764962 0.766227 0.767487 0.768741 0.769985 0.771216 0.772432 0.773630 0.774808 0.775961 0.777087 0.778182 0.779240 0.780256 0.781224 0.782142 0.783007 0.783821 0.784590 0.785320 0.786020 0.786688 0.787314 0.787866 0.788295 0.788539 0.788540 0.788273 0.787783 0.787217 0.786845 0.787044 0.788235 0.790784 0.794885 0.800464 0.807117 0.814114 0.820568 0.825813 0.829788 0.832828 0.835212 0.839604 0.882519 0.960846
0.956004 0.869432 0.821955 0.818716 0.818216 0.816393 0.813132 0.808818 0.803823 0.798654 0.793876 0.789961 0.787182 0.785572 0.784966 0.785069 0.785548 0.786109 0.786547 0.786758 0.786719 0.786464 0.786048 0.785526 0.784941 0.784316 0.783660 0.782971 0.782243 0.781467 0.780641 0.779763 0.778835 0.777862 0.776849 0.775800 0.774720 0.773613 0.772482 0.771331 0.770162 0.768977 0.767780 0.766572 0.765358 0.764138 0.762917 0.761695 0.760475 0.759260 0.758051 0.756849 0.755657 0.754477 0.753308 0.752154 0.751014 0.749891 0.748786 0.747698 0.746630 0.745582 0.744555 0.743549 0.742565 0.741603 0.740665 0.739750 0.738859 0.737993 0.737151 0.736334 0.735542 0.734775 0.734035 0.733319 0.732630 0.731967 0.731331 0.730721 0.730137 0.729580 0.729051 0.728548 0.728072 0.727624 0.727203 0.726809 0.726443 0.726105 0.725795 0.725512 0.725258 0.725031 0.724833 0.724663 0.724521 0.724407 0.724322 0.724265 0.724237 0.724237 0.724265 0.724322 0.724407 0.724521 0.724663 0.724833 0.725031 0.725258 0.725512 0.725795 0.726105 0.726443 0.726809 0.727203 0.727624 0.728072 0.728548 0.729050 0.729580 0.730137 0.730720 0.731330 0.731967 0.732629 0.733318 0.734033 0.734774 0.735540 0.736332 0.737149 0.737991 0.738857 0.739748 0.740662 0.741601 0.742562 0.743545 0.744551 0.745578 0.746626 0.747694 0.748782 0.749887 0.751010 0.752149 0.753303 0.754472 0.755652 0.756844 0.758046 0.759255 0.760470 0.761690 0.762911 0.764133 0.765352 0.766567 0.767774 0.768972 0.770156 0.771326 0.772477 0.773608 0.774715 0.775795 0.776844 0.777857 0.778831 0.779758 0.780637 0.781463 0.782238 0.782967 0.783656 0.784312 0.784937 0.785523 0.786045 0.786461 0.786716 0.786755 0.786543 0.786104 0.785542 0.785062 0.784957 0.785564 0.787175 0.789958 0.793877 0.798660 0.803834 0.808831 0.813148 0.816410 0.818234 0.818736 0.821974 0.869445 0.956006
0.982941 0.728641 0.782865 0.793088 0.797977 0.799248 0.798601 0.796707 0.794012 0.790972 0.788056 0.785656 0.784009 0.783168 0.783018 0.783338 0.783875 0.784410 0.784792 0.784953 0.784887 0.784630 0.784234 0.783746 0.783203 0.782622 0.782008 0.781359 0.780669 0.779930 0.779141 0.778302 0.777414 0.776483 0.775513 0.774509 0.773474 0.772413 0.771329 0.770223 0.769100 0.767961 0.766810 0.765648 0.764479 0.763305 0.762128 0.760951 0.759776 0.758604 0.757438 0.756279 0.755129 0.753990 0.752863 0.751749 0.750649 0.749565 0.748498 0.747448 0.746417 0.745405 0.744414 0.743443 0.742493 0.741565 0.740660 0.739777 0.738917 0.738081 0.737269 0.736481 0.735717 0.734978 0.734264 0.733575 0.732911 0.732272 0.731659 0.731071 0.730509 0.729973 0.729463 0.728980 0.728522 0.728091 0.727686 0.727307 0.726956 0.726631 0.726332 0.726061 0.725816 0.725599 0.725408 0.725245 0.725109 0.725000 0.724918 0.724864 0.724836 0.724836 0.724864 0.724918 0.725000 0.725109 0.725245 0.725409 0.725599 0.725817 0.726061 0.726332 0.726631 0.726956 0.727307 0.727686 0.728091 0.728522 0.728979 0.729463 0.729973 0.730509 0.731071 0.731658 0.732271 0.732910 0.733574 0.734263 0.734977 0.735716 0.736479 0.737267 0.738079 0.738915 0.739775 0.740657 0.741562 0.742490 0.743439 0.744410 0.745402 0.746413 0.747444 0.748494 0.749561 0.750645 0.751744 0.752858 0.753985 0.755125 0.756274 0.757433 0.758599 0.759770 0.760946 0.762123 0.763299 0.764473 0.765643 0.766804 0.767956 0.769095 0.770218 0.771323 0.772408 0.773469 0.774504 0.775508 0.776478 0.777410 0.778297 0.779137 0.779926 0.780664 0.781355 0.782004 0.782617 0.783199 0.783743 0.784230 0.784627 0.784884 0.784950 0.784788 0.784404 0.783868 0.783330 0.783009 0.783160 0.784004 0.785655 0.788060 0.790983 0.794027 0.796724 0.798619 0.799266 0.797995 0.793109 0.782887 0.728660 0.982944
0.000000 0.703083 0.746079 0.769251 0.777504 0.782117 0.784624 0.785622 0.785454 0.784532 0.783302 0.782166 0.781397 0.781102 0.781239 0.781664 0.782198 0.782681 0.783005 0.783124 0.783043 0.782797 0.782429 0.781981 0.781481 0.780944 0.780371 0.779760 0.779106 0.778403 0.777650 0.776848 0.776000 0.775110 0.774183 0.773222 0.772232 0.771216 0.770177 0.769117 0.768039 0.766945 0.765839 0.764723 0.763599 0.762469 0.761337 0.760204 0.759073 0.757945 0.756822 0.755705 0.754597 0.753499 0.752413 0.751339 0.750279 0.749234 0.748204 0.747192 0.746198 0.745222 0.744266 0.743330 0.742414 0.741519 0.740646 0.739795 0.738967 0.738161 0.737378 0.736618 0.735883 0.735171 0.734483 0.733819 0.733179 0.732564 0.731974 0.731409 0.730868 0.730352 0.729862 0.729397 0.728957 0.728542 0.728153 0.727789 0.727451 0.727139 0.726853 0.726592 0.726357 0.726148 0.725966 0.725809 0.725678 0.725573 0.725495 0.725443 0.725416 0.725416 0.725443 0.725495 0.725574 0.725678 0.725809 0.725966 0.726149 0.726357 0.726592 0.726853 0.727139 0.727452 0.727789 0.728153 0.728542 0.728957 0.729397 0.729862 0.730352 0.730868 0.731408 0.731974 0.732564 0.733178 0.733818 0.734481 0.735169 0.735881 0.736617 0.737376 0.738159 0.738964 0.739793 0.740644 0.741516 0.742411 0.743326 0.744263 0.745219 0.746194 0.747188 0.748200 0.749229 0.750274 0.751334 0.752408 0.753495 0.754592 0.755700 0.756816 0.757939 0.759068 0.760199 0.761332 0.762464 0.763593 0.764717 0.765834 0.766940 0.768033 0.769111 0.770172 0.771211 0.772227 0.773217 0.774178 0.775105 0.775995 0.776844 0.777646 0.778399 0.779101 0.779756 0.780367 0.780939 0.781477 0.781977 0.782426 0.782793 0.783040 0.783121 0.783000 0.782675 0.782190 0.781655 0.781229 0.781094 0.781393 0.782169 0.783311 0.784546 0.785472 0.785638 0.784638 0.782125 0.777510 0.769260 0.746094 0.703101 0.000000
0.981905 0.705748 0.744948 0.750909 0.759894 0.767025 0.772558 0.776363 0.778576 0.779533 0.779694 0.779512 0.779334 0.779351 0.779604 0.780027 0.780501 0.780912 0.781181 0.781272 0.781192 0.780968 0.780638 0.780235 0.779780 0.779285 0.778751 0.778176 0.777556 0.776888 0.776170 0.775405 0.774595 0.773746 0.772861 0.771943 0.770997 0.770025 0.769030 0.768014 0.766981 0.765932 0.764871 0.763799 0.762720 0.761635 0.760547 0.759458 0.758370 0.757284 0.756204 0.755129 0.754063 0.753006 0.751960 0.750926 0.749905 0.748898 0.747907 0.746932 0.745974 0.745034 0.744113 0.743211 0.742329 0.741467 0.740626 0.739806 0.739008 0.738232 0.737478 0.736747 0.736039 0.735353 0.734691 0.734052 0.733437 0.732845 0.732278 0.731734 0.731214 0.730718 0.730247 0.729800 0.729377 0.728979 0.728605 0.728256 0.727931 0.727632 0.727357 0.727106 0.726881 0.726681 0.726505 0.726355 0.726229 0.726129 0.726054 0.726004 0.725978 0.725978 0.726004 0.726054 0.726129 0.726229 0.726355 0.726505 0.726681 0.726881 0.727107 0.727357 0.727632 0.727931 0.728256 0.728605 0.728979 0.729377 0.729800 0.730247 0.730718 0.731214 0.731733 0.732277 0.732845 0.733436 0.734051 0.734690 0.735352 0.736037 0.736745 0.737476 0.738230 0.739006 0.739804 0.740623 0.741464 0.742326 0.743208 0.744109 0.745031 0.745970 0.746928 0.747903 0.748894 0.749900 0.750921 0.751955 0.753001 0.754058 0.755124 0.756199 0.757279 0.758364 0.759452 0.760541 0.761629 0.762714 0.763794 0.764865 0.765927 0.766976 0.768009 0.769025 0.770020 0.770992 0.771938 0.772856 0.773741 0.774591 0.775400 0.776165 0.776883 0.777552 0.778172 0.778747 0.779280 0.779776 0.780231 0.780635 0.780965 0.781188 0.781268 0.781175 0.780905 0.780492 0.780017 0.779595 0.779345 0.779333 0.779519 0.779708 0.779552 0.778593 0.776373 0.772555 0.767009 0.759869 0.750886 0.744938 0.705752 0.981909
0.970566 0.821622 0.736341 0.738663 0.746032 0.755072 0.763050 0.769227 0.773422 0.775880 0.777076 0.777533 0.777685 0.777816 0.778049 0.778388 0.778765 0.779098 0.779321 0.779401 0.779338 0.779150 0.778866 0.778510 0.778101 0.777647 0.777150 0.776609 0.776022 0.775386 0.774703 0.773974 0.773203 0.772394 0.771550 0.770674 0.769771 0.768842 0.767891 0.766919 0.765930 0.764925 0.763908 0.762880 0.761844 0.760803 0.759759 0.758713 0.757668 0.756625 0.755587 0.754554 0.753529 0.752512 0.751506 0.750511 0.749529 0.748560 0.747607 0.746668 0.745747 0.744842 0.743955 0.743087 0.742238 0.741409 0.740600 0.739811 0.739043 0.738296 0.737571 0.736868 0.736186 0.735527 0.734890 0.734276 0.733685 0.733116 0.732570 0.732048 0.731548 0.731072 0.730619 0.730190 0.729784 0.729402 0.729043 0.728708 0.728396 0.728109 0.727845 0.727605 0.727389 0.727197 0.727028 0.726884 0.726764 0.726668 0.726595 0.726547 0.726523 0.726523 0.726547 0.726596 0.726668 0.726764 0.726884 0.727028 0.727197 0.727389 0.727605 0.727845 0.728109 0.728396 0.728708 0.729043 0.729402 0.729784 0.730190 0.730619 0.731072 0.731548 0.732047 0.732570 0.733115 0.733684 0.734275 0.734889 0.735526 0.736185 0.736866 0.737569 0.738294 0.739041 0.739808 0.740597 0.741406 0.742235 0.743084 0.743952 0.744839 0.745743 0.746664 0.747603 0.748556 0.749525 0.750507 0.751501 0.752507 0.753524 0.754549 0.755582 0.756620 0.757663 0.758708 0.759753 0.760798 0.761839 0.762874 0.763902 0.764920 0.765924 0.766914 0.767886 0.768837 0.769766 0.770669 0.771545 0.772389 0.773198 0.773969 0.774698 0.775382 0.776017 0.776605 0.777145 0.777642 0.778097 0.778507 0.778863 0.779147 0.779334 0.779397 0.779314 0.779089 0.778755 0.778377 0.778041 0.777812 0.777689 0.777545 0.777096 0.775900 0.773435 0.769223 0.763020 0.755014 0.745956 0.738587 0.736288 0.821604 0.970571
0.988713 0.693910 0.724299 0.726872 0.736560 0.746750 0.756346 0.764156 0.769744 0.773241 0.775117 0.775947 0.776239 0.776355 0.776490 0.776707 0.776978 0.777240 0.777435 0.777523 0.777492 0.777352 0.777119 0.776812 0.776447 0.776032 0.775570 0.775061 0.774505 0.773902 0.773252 0.772559 0.771826 0.771056 0.770253 0.769419 0.768557 0.767671 0.766763 0.765834 0.764888 0.763926 0.762952 0.761968 0.760975 0.759977 0.758976 0.757973 0.756970 0.755969 0.754972 0.753981 0.752996 0.752020 0.751053 0.750097 0.749153 0.748222 0.747305 0.746403 0.745517 0.744648 0.743795 0.742960 0.742144 0.741347 0.740569 0.739810 0.739072 0.738354 0.737657 0.736981 0.736326 0.735693 0.735081 0.734491 0.733923 0.733377 0.732853 0.732351 0.731871 0.731414 0.730980 0.730568 0.730178 0.729811 0.729467 0.729146 0.728847 0.728571 0.728318 0.728088 0.727881 0.727697 0.727536 0.727398 0.727282 0.727190 0.727121 0.727075 0.727052 0.727052 0.727075 0.727121 0.727190 0.727282 0.727398 0.727536 0.727697 0.727881 0.728088 0.728319 0.728571 0.728847 0.729146 0.729467 0.729811 0.730178 0.730567 0.730979 0.731414 0.731871 0.732350 0.732852 0.733376 0.733922 0.734490 0.735080 0.735692 0.736325 0.736980 0.737655 0.738352 0.739070 0.739808 0.740566 0.741344 0.742141 0.742957 0.743792 0.744644 0.745514 0.746399 0.747301 0.748218 0.749149 0.750092 0.751048 0.752015 0.752991 0.753976 0.754967 0.755964 0.756965 0.757967 0.758971 0.759972 0.760970 0.761962 0.762946 0.763921 0.764882 0.765828 0.766757 0.767666 0.768552 0.769414 0.770247 0.771051 0.771821 0.772554 0.773247 0.773897 0.774500 0.775056 0.775565 0.776027 0.776443 0.776809 0.777115 0.777348 0.777489 0.777517 0.777427 0.777231 0.776967 0.776696 0.776484 0.776355 0.776249 0.775966 0.775141 0.773261 0.769749 0.764130 0.756279 0.746641 0.736421 0.726734 0.724195 0.693860 0.988718
0.000000 0.677026 0.706071 0.724228 0.733353 0.743136 0.752776 0.761055 0.767218 0.771213 0.773435 0.774443 0.774771 0.774826 0.774853 0.774956 0.775140 0.775355 0.775542 0.775654 0.775668 0.775581 0.775401 0.775143 0.774820 0.774442 0.774012 0.773533 0.773008 0.772436 0.771820 0.771163 0.770467 0.769736 0.768972 0.768179 0.767359 0.766514 0.765647 0.764761 0.763857 0.762938 0.762006 0.761065 0.760115 0.759160 0.758200 0.757239 0.756278 0.755319 0.754363 0.753412 0.752467 0.751530 0.750602 0.749684 0.748778 0.747885 0.747004 0.746138 0.745287 0.744452 0.743633 0.742831 0.742047 0.741281 0.740534 0.739806 0.739097 0.738407 0.737738 0.737089 0.736460 0.735852 0.735264 0.734698 0.734153 0.733628 0.733126 0.732644 0.732184 0.731746 0.731329 0.730934 0.730560 0.730209 0.729879 0.729571 0.729285 0.729020 0.728778 0.728558 0.728359 0.728183 0.728028 0.727896 0.727786 0.727697 0.727631 0.727587 0.727565 0.727565 0.727587 0.727631 0.727697 0.727786 0.727896 0.728028 0.728183 0.728359 0.728558 0.728778 0.729020 0.729285 0.729571 0.729879 0.730209 0.730560 0.730934 0.731329 0.731746 0.732184 0.732644 0.733125 0.733628 0.734152 0.734697 0.735263 0.735850 0.736458 0.737087 0.737736 0.738405 0.739094 0.739803 0.740531 0.741279 0.742044 0.742828 0.743630 0.744448 0.745283 0.746134 0.747000 0.747880 0.748774 0.749680 0.750597 0.751525 0.752462 0.753407 0.754358 0.755313 0.756273 0.757234 0.758195 0.759154 0.760110 0.761059 0.762001 0.762932 0.763851 0.764755 0.765642 0.766509 0.767354 0.768174 0.768967 0.769731 0.770462 0.771158 0.771815 0.772431 0.773003 0.773529 0.774007 0.774437 0.774817 0.775140 0.775398 0.775577 0.775664 0.775648 0.775533 0.775344 0.775128 0.774947 0.774848 0.774830 0.774787 0.774468 0.773462 0.771231 0.767211 0.761005 0.752670 0.742973 0.733156 0.724035 0.705922 0.676950 0.000000
0.974309 0.693278 0.730772 0.732392 0.737202 0.744162 0.752186 0.759623 0.765461 0.769409 0.771688 0.772755 0.773099 0.773122 0.773089 0.773130 0.773268 0.773467 0.773667 0.773816 0.773880 0.773846 0.773718 0.773506 0.773223 0.772877 0.772478 0.772029 0.771533 0.770992 0.770410 0.769788 0.769129 0.768436 0.767711 0.766958 0.766178 0.765374 0.764548 0.763703 0.762840 0.761963 0.761073 0.760173 0.759266 0.758352 0.757434 0.756514 0.755594 0.754675 0.753759 0.752848 0.751943 0.751045 0.750155 0.749275 0.748406 0.747549 0.746705 0.745874 0.745057 0.744256 0.743470 0.742701 0.741949 0.741214 0.740497 0.739798 0.739117 0.738456 0.737814 0.737191 0.736588 0.736004 0.735441 0.734898 0.734375 0.733872 0.733390 0.732928 0.732488 0.732067 0.731668 0.731289 0.730932 0.730595 0.730279 0.729984 0.729710 0.729457 0.729224 0.729013 0.728824 0.728655 0.728507 0.728380 0.728275 0.728190 0.728127 0.728085 0.728063 0.728063 0.728085 0.728127 0.728190 0.728275 0.728380 0.728507 0.728655 0.728824 0.729014 0.729225 0.729457 0.729710 0.729984 0.730279 0.730595 0.730931 0.731289 0.731668 0.732067 0.732487 0.732928 0.733389 0.733871 0.734374 0.734897 0.735440 0.736003 0.736586 0.737189 0.737812 0.738454 0.739115 0.739795 0.740494 0.741211 0.741946 0.742698 0.743467 0.744253 0.745054 0.745870 0.746701 0.747545 0.748402 0.749271 0.750151 0.751040 0.751938 0.752843 0.753754 0.754670 0.755589 0.756509 0.757429 0.758346 0.759260 0.760168 0.761068 0.761957 0.762835 0.763697 0.764543 0.765369 0.766173 0.766953 0.767706 0.768430 0.769124 0.769783 0.770405 0.770987 0.771528 0.772024 0.772473 0.772873 0.773219 0.773503 0.773715 0.773843 0.773875 0.773809 0.773657 0.773455 0.773256 0.773121 0.773088 0.773132 0.773121 0.772785 0.771718 0.769422 0.765438 0.759545 0.752040 0.743954 0.736960 0.732164 0.730605 0.693196 0.974317
0.950130 0.835231 0.763206 0.747712 0.745360 0.748493 0.753778 0.759362 0.764115 0.767547 0.769656 0.770722 0.771119 0.771192 0.771188 0.771241 0.771389 0.771605 0.771836 0.772027 0.772140 0.772157 0.772075 0.771904 0.771655 0.771341 0.770970 0.770549 0.770083 0.769573 0.769024 0.768436 0.767814 0.767158 0.766472 0.765757 0.765017 0.764253 0.763467 0.762662 0.761840 0.761003 0.760155 0.759296 0.758429 0.757556 0.756679 0.755799 0.754920 0.754041 0.753164 0.752292 0.751426 0.750566 0.749714 0.748871 0.748039 0.747217 0.746408 0.745612 0.744829 0.744061 0.743308 0.742571 0.741849 0.741145 0.740457 0.739787 0.739135 0.738501 0.737886 0.737289 0.736710 0.736151 0.735611 0.735091 0.734590 0.734108 0.733646 0.733204 0.732782 0.732380 0.731997 0.731635 0.731292 0.730970 0.730667 0.730385 0.730123 0.729881 0.729659 0.729457 0.729275 0.729114 0.728972 0.728851 0.728750 0.728669 0.728609 0.728568 0.728548 0.728548 0.728568 0.728609 0.728669 0.728750 0.728851 0.728972 0.729114 0.729275 0.729457 0.729659 0.729881 0.730123 0.730385 0.730667 0.730970 0.731292 0.731635 0.731997 0.732379 0.732782 0.733204 0.733646 0.734108 0.734589 0.735090 0.735610 0.736150 0.736709 0.737287 0.737884 0.738499 0.739133 0.739785 0.740455 0.741142 0.741847 0.742568 0.743305 0.744058 0.744826 0.745608 0.746404 0.747213 0.748034 0.748867 0.749709 0.750561 0.751421 0.752287 0.753159 0.754036 0.754914 0.755794 0.756673 0.757550 0.758423 0.759290 0.760149 0.760998 0.761834 0.762656 0.763461 0.764247 0.765012 0.765752 0.766467 0.767153 0.767809 0.768431 0.769019 0.769568 0.770078 0.770544 0.770965 0.771336 0.771651 0.771900 0.772072 0.772153 0.772135 0.772019 0.771825 0.771593 0.771377 0.771234 0.771191 0.771208 0.771148 0.770758 0.769686 0.767552 0.764073 0.759254 0.753595 0.748247 0.745085 0.747461 0.763030 0.835157 0.950142
0.953305 0.842698 0.773834 0.758143 0.753715 0.753976 0.756445 0.759747 0.762952 0.765524 0.767287 0.768318 0.768826 0.769046 0.769172 0.769320 0.769534 0.769799 0.770072 0.770304 0.770459 0.770516 0.770472 0.770336 0.770118 0.769833 0.769490 0.769097 0.768660 0.768182 0.767665 0.767112 0.766525 0.765906 0.765257 0.764580 0.763878 0.763152 0.762406 0.761640 0.760858 0.760061 0.759252 0.758434 0.757607 0.756774 0.755937 0.755097 0.754256 0.753417 0.752579 0.751745 0.750917 0.750094 0.749279 0.748473 0.747676 0.746890 0.746115 0.745353 0.744604 0.743868 0.743147 0.742441 0.741750 0.741076 0.740417 0.739776 0.739151 0.738544 0.737954 0.737383 0.736829 0.736294 0.735777 0.735278 0.734799 0.734338 0.733896 0.733473 0.733069 0.732684 0.732318 0.731971 0.731643 0.731335 0.731046 0.730776 0.730525 0.730293 0.730081 0.729888 0.729715 0.729560 0.729425 0.729309 0.729213 0.729136 0.729078 0.729039 0.729020 0.729020 0.729039 0.729078 0.729136 0.729213 0.729310 0.729425 0.729560 0.729715 0.729888 0.730081 0.730294 0.730525 0.730776 0.731046 0.731335 0.731643 0.731971 0.732317 0.732683 0.733068 0.733472 0.733895 0.734337 0.734798 0.735277 0.735776 0.736292 0.736828 0.737381 0.737953 0.738542 0.739149 0.739773 0.740415 0.741073 0.741748 0.742438 0.743144 0.743865 0.744600 0.745349 0.746112 0.746886 0.747672 0.748468 0.749275 0.750089 0.750912 0.751740 0.752574 0.753412 0.754251 0.755092 0.755931 0.756768 0.757601 0.758428 0.759247 0.760056 0.760852 0.761635 0.762400 0.763147 0.763873 0.764575 0.765252 0.765901 0.766520 0.767107 0.767660 0.768177 0.768655 0.769092 0.769485 0.769829 0.770115 0.770333 0.770469 0.770512 0.770453 0.770295 0.770060 0.769786 0.769523 0.769316 0.769180 0.769069 0.768861 0.768356 0.767313 0.765515 0.762885 0.759605 0.756224 0.753695 0.753410 0.757865 0.773631 0.842605 0.953314
0.983567 0.717702 0.761135 0.761326 0.760134 0.759266 0.759515 0.760567 0.762002 0.763461 0.764709 0.765651 0.766303 0.766749 0.767091 0.767406 0.767732 0.768069 0.768388 0.768654 0.768839 0.768926 0.768912 0.768804 0.768614 0.768356 0.768040 0.767675 0.767268 0.766820 0.766336 0.765817 0.765265 0.764681 0.764068 0.763428 0.762763 0.762075 0.761367 0.760640 0.759896 0.759138 0.758369 0.757589 0.756801 0.756007 0.755209 0.754408 0.753606 0.752805 0.752005 0.751209 0.750417 0.749631 0.748853 0.748082 0.747320 0.746569 0.745828 0.745099 0.744382 0.743679 0.742989 0.742314 0.741653 0.741007 0.740377 0.739763 0.739166 0.738585 0.738021 0.737474 0.736944 0.736432 0.735938 0.735461 0.735002 0.734561 0.734139 0.733734 0.733348 0.732980 0.732630 0.732298 0.731985 0.731691 0.731414 0.731156 0.730917 0.730696 0.730493 0.730309 0.730143 0.729995 0.729866 0.729756 0.729664 0.729590 0.729535 0.729498 0.729480 0.729480 0.729498 0.729535 0.729590 0.729664 0.729756 0.729867 0.729996 0.730143 0.730309 0.730493 0.730696 0.730917 0.731156 0.731414 0.731691 0.731985 0.732298 0.732630 0.732979 0.733347 0.733734 0.734138 0.734561 0.735001 0.735460 0.735937 0.736431 0.736943 0.737472 0.738019 0.738583 0.739164 0.739761 0.740375 0.741005 0.741650 0.742311 0.742986 0.743676 0.744379 0.745095 0.745824 0.746565 0.747316 0.748078 0.748848 0.749627 0.750412 0.751204 0.752000 0.752800 0.753601 0.754403 0.755204 0.756002 0.756796 0.757583 0.758363 0.759133 0.759890 0.760634 0.761361 0.762070 0.762758 0.763423 0.764063 0.764676 0.765259 0.765812 0.766331 0.766815 0.767263 0.767670 0.768035 0.768352 0.768611 0.768801 0.768909 0.768922 0.768833 0.768645 0.768375 0.768055 0.767722 0.767405 0.767104 0.766779 0.766344 0.765690 0.764727 0.763432 0.761904 0.760387 0.759257 0.758955 0.759807 0.761023 0.760890 0.717549 0.983564
0.000000 0.711516 0.747903 0.762731 0.764141 0.763700 0.762719 0.761860 0.761465 0.761611 0.762166 0.762921 0.763698 0.764401 0.765009 0.765535 0.766004 0.766423 0.766787 0.767079 0.767282 0.767387 0.767394 0.767309 0.767144 0.766912 0.766623 0.766287 0.765909 0.765492 0.765040 0.764553 0.764035 0.763486 0.762908 0.762304 0.761675 0.761024 0.760352 0.759662 0.758956 0.758237 0.757505 0.756763 0.756014 0.755258 0.754498 0.753735 0.752970 0.752206 0.751444 0.750684 0.749929 0.749179 0.748435 0.747699 0.746972 0.746254 0.745547 0.744850 0.744166 0.743493 0.742834 0.742189 0.741557 0.740940 0.740338 0.739751 0.739180 0.738625 0.738085 0.737563 0.737057 0.736567 0.736095 0.735639 0.735201 0.734780 0.734376 0.733989 0.733620 0.733269 0.732935 0.732618 0.732319 0.732038 0.731774 0.731528 0.731299 0.731088 0.730895 0.730719 0.730561 0.730420 0.730297 0.730191 0.730103 0.730033 0.729980 0.729945 0.729928 0.729928 0.729945 0.729981 0.730033 0.730104 0.730192 0.730297 0.730420 0.730561 0.730719 0.730895 0.731088 0.731299 0.731528 0.731774 0.732038 0.732319 0.732618 0.732935 0.733269 0.733620 0.733989 0.734375 0.734779 0.735200 0.735638 0.736094 0.736566 0.737055 0.737561 0.738084 0.738623 0.739178 0.739749 0.740336 0.740938 0.741554 0.742186 0.742831 0.743490 0.744162 0.744847 0.745543 0.746250 0.746968 0.747695 0.748431 0.749174 0.749924 0.750679 0.751439 0.752201 0.752965 0.753730 0.754493 0.755253 0.756008 0.756758 0.757499 0.758231 0.758951 0.759657 0.760347 0.761018 0.761670 0.762299 0.762903 0.763481 0.764030 0.764548 0.765034 0.765487 0.765904 0.766282 0.766619 0.766908 0.767140 0.767306 0.767391 0.767383 0.767275 0.767068 0.766774 0.766410 0.765995 0.765538 0.765027 0.764436 0.763742 0.762958 0.762172 0.761559 0.761334 0.761644 0.762433 0.763379 0.763825 0.762448 0.747663 0.711345 0.000000
0.995793 0.723530 0.756742 0.757996 0.763421 0.765988 0.765536 0.763498 0.761431 0.760175 0.759887 0.760333 0.761168 0.762108 0.762986 0.763738 0.764357 0.764861 0.765264 0.765571 0.765783 0.765897 0.765918 0.765852 0.765710 0.765504 0.765243 0.764935 0.764586 0.764199 0.763778 0.763324 0.762838 0.762322 0.761778 0.761209 0.760615 0.759999 0.759363 0.758710 0.758040 0.757357 0.756663 0.755959 0.755246 0.754528 0.753804 0.753078 0.752350 0.751623 0.750896 0.750172 0.749452 0.748737 0.748028 0.747327 0.746633 0.745948 0.745273 0.744608 0.743955 0.743313 0.742684 0.742067 0.741464 0.740875 0.740300 0.739740 0.739195 0.738664 0.738149 0.737650 0.737167 0.736700 0.736249 0.735814 0.735395 0.734993 0.734608 0.734239 0.733887 0.733551 0.733233 0.732931 0.732645 0.732377 0.732125 0.731891 0.731673 0.731471 0.731287 0.731119 0.730968 0.730834 0.730717 0.730617 0.730533 0.730466 0.730416 0.730382 0.730365 0.730365 0.730382 0.730416 0.730466 0.730533 0.730617 0.730717 0.730835 0.730969 0.731119 0.731287 0.731472 0.731673 0.731891 0.732126 0.732377 0.732646 0.732931 0.733233 0.733551 0.733887 0.734239 0.734607 0.734993 0.735395 0.735813 0.736248 0.736699 0.737166 0.737649 0.738148 0.738663 0.739193 0.739738 0.740298 0.740873 0.741462 0.742064 0.742681 0.743310 0.743951 0.744605 0.745269 0.745944 0.746629 0.747322 0.748024 0.748733 0.749448 0.750168 0.750891 0.751618 0.752345 0.753073 0.753799 0.754522 0.755241 0.755953 0.756657 0.757352 0.758035 0.758704 0.759358 0.759993 0.760609 0.761203 0.761773 0.762317 0.762833 0.763318 0.763773 0.764194 0.764581 0.764930 0.765238 0.765500 0.765707 0.765849 0.765915 0.765892 0.765775 0.765560 0.765250 0.764848 0.764350 0.763743 0.763009 0.762147 0.761214 0.760366 0.759879 0.760099 0.761268 0.763254 0.765241 0.765698 0.763195 0.757859 0.756659 0.723454 0.995766
0.990358 0.820854 0.726411 0.735344 0.753612 0.764703 0.767216 0.765061 0.761732 0.759167 0.757986 0.758030 0.758840 0.759958 0.761073 0.762031 0.762792 0.763373 0.763808 0.764123 0.764336 0.764454 0.764485 0.764436 0.764317 0.764135 0.763901 0.763621 0.763301 0.762945 0.762553 0.762130 0.761675 0.761192 0.760681 0.760144 0.759584 0.759003 0.758402 0.757784 0.757150 0.756503 0.755844 0.755176 0.754500 0.753817 0.753130 0.752439 0.751747 0.751055 0.750364 0.749675 0.748989 0.748308 0.747633 0.746964 0.746303 0.745650 0.745007 0.744373 0.743750 0.743138 0.742538 0.741950 0.741375 0.740813 0.740265 0.739730 0.739210 0.738704 0.738213 0.737737 0.737276 0.736830 0.736400 0.735985 0.735586 0.735203 0.734836 0.734484 0.734148 0.733828 0.733524 0.733237 0.732965 0.732709 0.732469 0.732246 0.732038 0.731846 0.731670 0.731511 0.731367 0.731239 0.731128 0.731032 0.730952 0.730888 0.730841 0.730809 0.730793 0.730793 0.730809 0.730841 0.730889 0.730952 0.731032 0.731128 0.731240 0.731367 0.731511 0.731671 0.731846 0.732038 0.732246 0.732469 0.732709 0.732965 0.733237 0.733524 0.733828 0.734148 0.734484 0.734835 0.735203 0.735586 0.735985 0.736399 0.736829 0.737275 0.737736 0.738212 0.738703 0.739208 0.739728 0.740263 0.740811 0.741373 0.741947 0.742535 0.743135 0.743747 0.744370 0.745003 0.745647 0.746299 0.746960 0.747629 0.748304 0.748985 0.749670 0.750359 0.751050 0.751742 0.752434 0.753125 0.753812 0.754494 0.755170 0.755839 0.756497 0.757144 0.757778 0.758396 0.758997 0.759579 0.760139 0.760675 0.761186 0.761670 0.762124 0.762548 0.762939 0.763296 0.763616 0.763896 0.764131 0.764313 0.764434 0.764482 0.764449 0.764328 0.764112 0.763794 0.763360 0.762786 0.762039 0.761099 0.760001 0.758886 0.758058 0.757965 0.759069 0.761545 0.764801 0.766936 0.764497 0.753598 0.735585 0.726781 0.821073 0.990320
1.000000 0.618479 0.627899 0.685392 0.734879 0.759932 0.767388 0.766057 0.762009 0.758416 0.756436 0.756063 0.756782 0.758007 0.759300 0.760424 0.761302 0.761947 0.762406 0.762726 0.762937 0.763058 0.763098 0.763065 0.762966 0.762810 0.762602 0.762350 0.762058 0.761729 0.761367 0.760973 0.760549 0.760096 0.759616 0.759112 0.758585 0.758037 0.757469 0.756885 0.756286 0.755673 0.755050 0.754416 0.753775 0.753128 0.752475 0.751820 0.751163 0.750505 0.749848 0.749192 0.748540 0.747893 0.747250 0.746614 0.745984 0.745363 0.744750 0.744146 0.743553 0.742970 0.742398 0.741838 0.741290 0.740755 0.740232 0.739723 0.739227 0.738745 0.738277 0.737824 0.737384 0.736960 0.736550 0.736155 0.735774 0.735409 0.735059 0.734724 0.734404 0.734100 0.733810 0.733536 0.733278 0.733034 0.732806 0.732593 0.732395 0.732213 0.732046 0.731894 0.731757 0.731635 0.731529 0.731438 0.731362 0.731302 0.731256 0.731226 0.731211 0.731211 0.731226 0.731256 0.731302 0.731362 0.731438 0.731529 0.731636 0.731757 0.731894 0.732046 0.732213 0.732395 0.732593 0.732806 0.733034 0.733278 0.733536 0.733810 0.734100 0.734404 0.734724 0.735059 0.735409 0.735774 0.736154 0.736549 0.736959 0.737383 0.737822 0.738276 0.738744 0.739225 0.739721 0.740230 0.740753 0.741288 0.741836 0.742395 0.742967 0.743550 0.744143 0.744746 0.745359 0.745980 0.746609 0.747246 0.747888 0.748536 0.749188 0.749843 0.750500 0.751157 0.751815 0.752470 0.753122 0.753770 0.754411 0.755044 0.755668 0.756280 0.756880 0.757464 0.758031 0.758579 0.759107 0.759611 0.760091 0.760544 0.760968 0.761362 0.761724 0.762053 0.762345 0.762597 0.762806 0.762963 0.763062 0.763095 0.763053 0.762929 0.762714 0.762392 0.761933 0.761296 0.760433 0.759328 0.758051 0.756828 0.756086 0.756405 0.758304 0.761808 0.765795 0.767141 0.759849 0.735183 0.686288 0.629237 0.619459 1.000000
0.000000 0.328420 0.503887 0.638061 0.718169 0.755271 0.766812 0.766357 0.761961 0.757694 0.755130 0.754410 0.755015 0.756281 0.757683 0.758918 0.759878 0.760570 0.761049 0.761373 0.761584 0.761709 0.761759 0.761742 0.761664 0.761531 0.761348 0.761122 0.760857 0.760556 0.760221 0.759855 0.759460 0.759036 0.758587 0.758114 0.757618 0.757102 0.756567 0.756016 0.755450 0.754871 0.754281 0.753681 0.753074 0.752460 0.751842 0.751220 0.750596 0.749972 0.749348 0.748726 0.748106 0.747491 0.746880 0.746275 0.745676 0.745085 0.744502 0.743928 0.743363 0.742809 0.742265 0.741732 0.741210 0.740700 0.740203 0.739718 0.739246 0.738787 0.738342 0.737910 0.737492 0.737088 0.736697 0.736321 0.735959 0.735612 0.735279 0.734960 0.734656 0.734366 0.734091 0.733830 0.733584 0.733352 0.733135 0.732933 0.732745 0.732571 0.732412 0.732268 0.732138 0.732022 0.731921 0.731835 0.731763 0.731705 0.731662 0.731633 0.731619 0.731619 0.731633 0.731662 0.731705 0.731763 0.731835 0.731922 0.732023 0.732138 0.732268 0.732413 0.732571 0.732745 0.732933 0.733135 0.733352 0.733584 0.733830 0.734091 0.734366 0.734656 0.734960 0.735278 0.735611 0.735959 0.736321 0.736697 0.737087 0.737491 0.737909 0.738340 0.738786 0.739244 0.739716 0.740201 0.740698 0.741208 0.741729 0.742262 0.742806 0.743360 0.743925 0.744499 0.745081 0.745672 0.746271 0.746876 0.747486 0.748102 0.748721 0.749343 0.749967 0.750591 0.751215 0.751837 0.752455 0.753069 0.753676 0.754275 0.754865 0.755444 0.756010 0.756562 0.757096 0.757613 0.758108 0.758582 0.759031 0.759455 0.759850 0.760216 0.760551 0.760852 0.761117 0.761344 0.761526 0.761660 0.761739 0.761756 0.761704 0.761576 0.761361 0.761034 0.760556 0.759872 0.758927 0.757711 0.756325 0.755061 0.754432 0.755095 0.757578 0.761758 0.766103 0.766602 0.755295 0.718753 0.639592 0.506360 0.330666 0.000000
0.000000 0.321517 0.497115 0.633270 0.715422 0.753875 0.766090 0.765814 0.761292 0.756760 0.753925 0.753011 0.753523 0.754782 0.756223 0.757511 0.758515 0.759236 0.759729 0.760060 0.760277 0.760409 0.760471 0.760470 0.760412 0.760301 0.760142 0.759941 0.759700 0.759425 0.759116 0.758777 0.758409 0.758014 0.757594 0.757150 0.756685 0.756199 0.755696 0.755176 0.754642 0.754096 0.753538 0.752971 0.752397 0.751816 0.751230 0.750641 0.750050 0.749458 0.748866 0.748275 0.747687 0.747103 0.746523 0.745948 0.745380 0.744818 0.744264 0.743718 0.743182 0.742654 0.742137 0.741630 0.741134 0.740650 0.740177 0.739716 0.739267 0.738830 0.738407 0.737996 0.737599 0.737214 0.736843 0.736485 0.736141 0.735811 0.735494 0.735191 0.734902 0.734627 0.734365 0.734117 0.733884 0.733664 0.733457 0.733265 0.733086 0.732922 0.732771 0.732634 0.732510 0.732401 0.732305 0.732222 0.732154 0.732099 0.732058 0.732031 0.732017 0.732017 0.732031 0.732058 0.732099 0.732154 0.732223 0.732305 0.732401 0.732510 0.732634 0.732771 0.732922 0.733087 0.733265 0.733457 0.733664 0.733884 0.734118 0.734365 0.734627 0.734902 0.735191 0.735494 0.735811 0.736141 0.736485 0.736842 0.737213 0.737598 0.737995 0.738406 0.738829 0.739265 0.739714 0.740175 0.740648 0.741132 0.741628 0.742134 0.742651 0.743179 0.743715 0.744261 0.744814 0.745376 0.745944 0.746519 0.747099 0.747683 0.748271 0.748861 0.749453 0.750045 0.750636 0.751225 0.751811 0.752391 0.752966 0.753533 0.754090 0.754637 0.755171 0.755690 0.756194 0.756679 0.757145 0.757589 0.758009 0.758404 0.758772 0.759111 0.759419 0.759695 0.759935 0.760137 0.760297 0.760408 0.760467 0.760468 0.760405 0.760270 0.760049 0.759715 0.759222 0.758508 0.757518 0.756249 0.754824 0.753569 0.753033 0.753893 0.756650 0.761100 0.765575 0.765902 0.753934 0.716062 0.634891 0.499704 0.323863 0.000000
1.000000 0.608979 0.614854 0.674732 0.728208 0.756289 0.765311 0.764341 0.759865 0.755487 0.752730 0.751813 0.752285 0.753501 0.754918 0.756200 0.757210 0.757942 0.758448 0.758790 0.759018 0.759163 0.759238 0.759253 0.759213 0.759122 0.758985 0.758806 0.758589 0.758337 0.758053 0.757740 0.757398 0.757030 0.756637 0.756222 0.755785 0.755329 0.754856 0.754367 0.753864 0.753348 0.752822 0.752287 0.751744 0.751194 0.750640 0.750083 0.749523 0.748962 0.748401 0.747841 0.747284 0.746730 0.746179 0.745634 0.745095 0.744562 0.744036 0.743518 0.743008 0.742507 0.742016 0.741534 0.741063 0.740603 0.740154 0.739716 0.739289 0.738875 0.738472 0.738082 0.737704 0.737339 0.736987 0.736647 0.736320 0.736007 0.735706 0.735418 0.735144 0.734882 0.734634 0.734399 0.734177 0.733968 0.733772 0.733590 0.733420 0.733264 0.733121 0.732991 0.732874 0.732770 0.732679 0.732601 0.732536 0.732484 0.732445 0.732419 0.732406 0.732406 0.732419 0.732445 0.732484 0.732536 0.732601 0.732679 0.732770 0.732874 0.732991 0.733121 0.733264 0.733420 0.733590 0.733772 0.733968 0.734177 0.734399 0.734634 0.734882 0.735144 0.735418 0.735706 0.736006 0.736320 0.736647 0.736986 0.737338 0.737703 0.738081 0.738471 0.738873 0.739288 0.739714 0.740152 0.740601 0.741061 0.741532 0.742013 0.742504 0.743005 0.743514 0.744032 0.744558 0.745091 0.745630 0.746175 0.746725 0.747280 0.747837 0.748396 0.748957 0.749518 0.750078 0.750635 0.751189 0.751738 0.752281 0.752817 0.753343 0.753858 0.754362 0.754851 0.755324 0.755780 0.756216 0.756632 0.757025 0.757393 0.757735 0.758048 0.758332 0.758583 0.758800 0.758980 0.759118 0.759210 0.759251 0.759235 0.759158 0.759011 0.758779 0.758433 0.757928 0.757202 0.756206 0.754942 0.753542 0.752329 0.751839 0.752707 0.755392 0.759692 0.764120 0.765124 0.756294 0.728646 0.675820 0.616406 0.610092 1.000000
0.990646 0.815588 0.715843 0.724814 0.745903 0.759808 0.763864 0.761869 0.757715 0.753900 0.751548 0.750806 0.751285 0.752430 0.753763 0.754984 0.755964 0.756690 0.757206 0.757565 0.757811 0.757972 0.758063 0.758094 0.758069 0.757996 0.757877 0.757718 0.757522 0.757293 0.757033 0.756743 0.756427 0.756084 0.755718 0.755329 0.754920 0.754493 0.754048 0.753588 0.753115 0.752629 0.752133 0.751628 0.751115 0.750596 0.750072 0.749545 0.749016 0.748485 0.747954 0.747424 0.746896 0.746371 0.745850 0.745333 0.744821 0.744316 0.743817 0.743326 0.742842 0.742367 0.741901 0.741444 0.740997 0.740560 0.740134 0.739718 0.739314 0.738920 0.738539 0.738168 0.737810 0.737463 0.737129 0.736807 0.736497 0.736199 0.735914 0.735641 0.735381 0.735133 0.734897 0.734674 0.734464 0.734266 0.734080 0.733907 0.733747 0.733599 0.733463 0.733340 0.733229 0.733131 0.733044 0.732971 0.732909 0.732860 0.732823 0.732799 0.732786 0.732786 0.732799 0.732823 0.732860 0.732909 0.732971 0.733045 0.733131 0.733229 0.733340 0.733463 0.733599 0.733747 0.733908 0.734081 0.734266 0.734464 0.734674 0.734897 0.735133 0.735380 0.735641 0.735914 0.736199 0.736496 0.736806 0.737128 0.737463 0.737809 0.738167 0.738537 0.738919 0.739312 0.739717 0.740132 0.740558 0.740995 0.741442 0.741899 0.742364 0.742839 0.743323 0.743814 0.744312 0.744818 0.745329 0.745846 0.746367 0.746892 0.747420 0.747950 0.748480 0.749011 0.749540 0.750067 0.750591 0.751110 0.751622 0.752128 0.752624 0.753109 0.753583 0.754043 0.754487 0.754915 0.755324 0.755712 0.756079 0.756421 0.756738 0.757028 0.757288 0.757517 0.757713 0.757872 0.757991 0.758066 0.758091 0.758060 0.757968 0.757804 0.757555 0.757192 0.756676 0.755954 0.754986 0.753782 0.752466 0.751328 0.750836 0.751538 0.753826 0.757568 0.761667 0.763664 0.759711 0.746032 0.725227 0.716372 0.815891 0.990610
1.000000 0.720349 0.749351 0.749085 0.755656 0.760014 0.760543 0.758240 0.754954 0.752119 0.750443 0.750007 0.750517 0.751554 0.752747 0.753859 0.754778 0.755486 0.756010 0.756390 0.756659 0.756839 0.756947 0.756992 0.756981 0.756922 0.756819 0.756678 0.756502 0.756294 0.756055 0.755789 0.755495 0.755177 0.754836 0.754473 0.754090 0.753690 0.753273 0.752841 0.752395 0.751938 0.751471 0.750995 0.750511 0.750022 0.749527 0.749029 0.748529 0.748027 0.747525 0.747024 0.746525 0.746028 0.745534 0.745045 0.744560 0.744082 0.743609 0.743144 0.742685 0.742235 0.741794 0.741361 0.740937 0.740523 0.740119 0.739725 0.739341 0.738968 0.738606 0.738255 0.737916 0.737587 0.737271 0.736965 0.736672 0.736390 0.736119 0.735861 0.735614 0.735379 0.735157 0.734945 0.734746 0.734559 0.734383 0.734220 0.734068 0.733928 0.733799 0.733683 0.733578 0.733485 0.733403 0.733333 0.733275 0.733229 0.733194 0.733171 0.733159 0.733159 0.733171 0.733194 0.733229 0.733275 0.733334 0.733403 0.733485 0.733578 0.733683 0.733800 0.733928 0.734068 0.734220 0.734384 0.734559 0.734746 0.734946 0.735157 0.735380 0.735614 0.735861 0.736119 0.736389 0.736671 0.736965 0.737270 0.737587 0.737915 0.738254 0.738605 0.738967 0.739340 0.739723 0.740117 0.740521 0.740935 0.741358 0.741791 0.742233 0.742683 0.743141 0.743606 0.744078 0.744557 0.745041 0.745530 0.746024 0.746520 0.747020 0.747521 0.748023 0.748524 0.749025 0.749523 0.750017 0.750506 0.750990 0.751466 0.751933 0.752390 0.752835 0.753267 0.753685 0.754085 0.754468 0.754830 0.755172 0.755490 0.755783 0.756050 0.756289 0.756497 0.756673 0.756814 0.756917 0.756977 0.756989 0.756944 0.756836 0.756653 0.756381 0.755997 0.755471 0.754766 0.753857 0.752761 0.751584 0.750557 0.750040 0.750446 0.752068 0.754836 0.758061 0.760333 0.759825 0.755543 0.749059 0.749354 0.720321 1.000000
0.000000 0.709133 0.739975 0.752587 0.754547 0.755523 0.755161 0.753736 0.751918 0.750387 0.749541 0.749455 0.749976 0.750854 0.751856 0.752817 0.753652 0.754333 0.754866 0.755270 0.755565 0.755767 0.755891 0.755948 0.755948 0.755900 0.755812 0.755686 0.755528 0.755339 0.755121 0.754876 0.754605 0.754310 0.753992 0.753654 0.753296 0.752921 0.752530 0.752125 0.751707 0.751277 0.750837 0.750389 0.749934 0.749472 0.749006 0.748536 0.748064 0.747590 0.747116 0.746643 0.746170 0.745701 0.745234 0.744771 0.744313 0.743860 0.743413 0.742973 0.742539 0.742113 0.741695 0.741285 0.740884 0.740492 0.740109 0.739737 0.739373 0.739021 0.738678 0.738346 0.738024 0.737714 0.737414 0.737125 0.736847 0.736580 0.736325 0.736080 0.735847 0.735625 0.735414 0.735215 0.735027 0.734849 0.734684 0.734529 0.734385 0.734253 0.734132 0.734022 0.733923 0.733835 0.733758 0.733692 0.733637 0.733593 0.733560 0.733538 0.733527 0.733527 0.733538 0.733560 0.733593 0.733637 0.733692 0.733758 0.733835 0.733923 0.734022 0.734132 0.734253 0.734386 0.734529 0.734684 0.734850 0.735027 0.735215 0.735414 0.735625 0.735847 0.736080 0.736325 0.736580 0.736847 0.737124 0.737413 0.737713 0.738024 0.738345 0.738677 0.739019 0.739372 0.739735 0.740108 0.740490 0.740882 0.741283 0.741692 0.742110 0.742536 0.742970 0.743410 0.743857 0.744310 0.744768 0.745230 0.745697 0.746166 0.746638 0.747112 0.747586 0.748059 0.748532 0.749001 0.749467 0.749929 0.750384 0.750832 0.751272 0.751702 0.752120 0.752525 0.752916 0.753291 0.753648 0.753987 0.754304 0.754600 0.754871 0.755116 0.755334 0.755523 0.755681 0.755806 0.755896 0.755944 0.755945 0.755888 0.755764 0.755560 0.755262 0.754854 0.754318 0.753639 0.752811 0.751863 0.750877 0.750010 0.749490 0.749557 0.750361 0.751832 0.753586 0.754956 0.755289 0.754309 0.752363 0.739768 0.708974 0.000000
0.988500 0.712287 0.746186 0.744230 0.745894 0.747218 0.748331 0.748906 0.749033 0.748967 0.748963 0.749177 0.749642 0.750302 0.751067 0.751850 0.752587 0.753237 0.753780 0.754211 0.754534 0.754757 0.754895 0.754962 0.754971 0.754932 0.754855 0.754744 0.754602 0.754431 0.754232 0.754007 0.753757 0.753483 0.753188 0.752873 0.752539 0.752188 0.751823 0.751443 0.751050 0.750647 0.750234 0.749812 0.749384 0.748950 0.748510 0.748068 0.747623 0.747176 0.746729 0.746282 0.745836 0.745393 0.744952 0.744515 0.744082 0.743654 0.743232 0.742815 0.742406 0.742003 0.741608 0.741220 0.740841 0.740471 0.740109 0.739757 0.739413 0.739080 0.738756 0.738442 0.738138 0.737845 0.737562 0.737289 0.737026 0.736774 0.736533 0.736302 0.736082 0.735873 0.735674 0.735485 0.735308 0.735141 0.734984 0.734838 0.734703 0.734578 0.734464 0.734360 0.734267 0.734184 0.734112 0.734049 0.733998 0.733956 0.733925 0.733905 0.733894 0.733894 0.733905 0.733926 0.733957 0.733998 0.734050 0.734112 0.734184 0.734267 0.734361 0.734464 0.734579 0.734703 0.734839 0.734985 0.735141 0.735308 0.735486 0.735674 0.735873 0.736082 0.736302 0.736533 0.736774 0.737026 0.737288 0.737561 0.737844 0.738138 0.738441 0.738755 0.739079 0.739412 0.739755 0.740107 0.740469 0.740839 0.741218 0.741605 0.742000 0.742403 0.742813 0.743229 0.743651 0.744079 0.744511 0.744948 0.745389 0.745832 0.746278 0.746724 0.747171 0.747618 0.748063 0.748506 0.748945 0.749379 0.749808 0.750229 0.750642 0.751045 0.751438 0.751817 0.752183 0.752534 0.752867 0.753183 0.753478 0.753751 0.754002 0.754227 0.754425 0.754596 0.754738 0.754849 0.754927 0.754966 0.754958 0.754892 0.754754 0.754529 0.754204 0.753769 0.753223 0.752573 0.751841 0.751068 0.750317 0.749670 0.749211 0.748987 0.748962 0.748981 0.748792 0.748154 0.746987 0.745627 0.743955 0.745943 0.712122 0.988493
0.972337 0.823250 0.734805 0.731685 0.733241 0.737171 0.741139 0.744421 0.746700 0.748056 0.748771 0.749161 0.749477 0.749860 0.750357 0.750948 0.751583 0.752203 0.752758 0.753218 0.753567 0.753811 0.753961 0.754034 0.754049 0.754018 0.753950 0.753851 0.753724 0.753570 0.753389 0.753183 0.752952 0.752699 0.752425 0.752132 0.751821 0.751494 0.751152 0.750796 0.750429 0.750051 0.749663 0.749267 0.748865 0.748456 0.748043 0.747627 0.747207 0.746787 0.746365 0.745944 0.745524 0.745106 0.744691 0.744278 0.743870 0.743466 0.743068 0.742675 0.742288 0.741908 0.741535 0.741169 0.740812 0.740462 0.740121 0.739788 0.739464 0.739149 0.738844 0.738548 0.738261 0.737984 0.737717 0.737459 0.737212 0.736974 0.736747 0.736529 0.736322 0.736125 0.735937 0.735760 0.735593 0.735435 0.735288 0.735151 0.735023 0.734906 0.734798 0.734701 0.734613 0.734535 0.734467 0.734408 0.734360 0.734321 0.734291 0.734272 0.734262 0.734262 0.734272 0.734292 0.734321 0.734360 0.734408 0.734467 0.734535 0.734613 0.734701 0.734799 0.734906 0.735024 0.735151 0.735288 0.735436 0.735593 0.735760 0.735937 0.736125 0.736322 0.736529 0.736747 0.736974 0.737212 0.737459 0.737716 0.737983 0.738260 0.738547 0.738843 0.739148 0.739463 0.739786 0.740119 0.740460 0.740810 0.741167 0.741533 0.741906 0.742286 0.742672 0.743065 0.743463 0.743867 0.744275 0.744687 0.745102 0.745520 0.745940 0.746361 0.746782 0.747203 0.747622 0.748038 0.748451 0.748860 0.749262 0.749658 0.750046 0.750424 0.750791 0.751147 0.751489 0.751816 0.752127 0.752420 0.752694 0.752947 0.753178 0.753384 0.753564 0.753719 0.753846 0.753945 0.754012 0.754044 0.754031 0.753958 0.753808 0.753563 0.753211 0.752749 0.752191 0.751569 0.750937 0.750352 0.749867 0.749497 0.749190 0.748799 0.748068 0.746677 0.744349 0.741008 0.736981 0.733008 0.731440 0.734596 0.823143 0.972338
0.986766 0.689215 0.715443 0.714191 0.720393 0.727598 0.734857 0.740914 0.745201 0.747744 0.748950 0.749353 0.749424 0.749485 0.749701 0.750103 0.750643 0.751238 0.751808 0.752294 0.752669 0.752929 0.753088 0.753166 0.753184 0.753158 0.753099 0.753011 0.752897 0.752759 0.752594 0.752406 0.752194 0.751960 0.751706 0.751434 0.751144 0.750839 0.750520 0.750188 0.749844 0.749490 0.749127 0.748756 0.748378 0.747995 0.747607 0.747215 0.746821 0.746425 0.746029 0.745633 0.745237 0.744843 0.744452 0.744064 0.743679 0.743299 0.742923 0.742553 0.742188 0.741830 0.741478 0.741134 0.740796 0.740467 0.740145 0.739831 0.739526 0.739229 0.738941 0.738662 0.738392 0.738131 0.737880 0.737637 0.737404 0.737181 0.736966 0.736762 0.736566 0.736381 0.736204 0.736037 0.735880 0.735732 0.735594 0.735465 0.735345 0.735234 0.735133 0.735042 0.734959 0.734886 0.734822 0.734767 0.734721 0.734685 0.734657 0.734639 0.734630 0.734630 0.734639 0.734657 0.734685 0.734721 0.734767 0.734822 0.734886 0.734959 0.735042 0.735134 0.735235 0.735345 0.735465 0.735594 0.735733 0.735880 0.736038 0.736205 0.736381 0.736567 0.736762 0.736966 0.737181 0.737404 0.737637 0.737879 0.738131 0.738392 0.738662 0.738940 0.739228 0.739525 0.739830 0.740143 0.740465 0.740795 0.741132 0.741476 0.741828 0.742186 0.742550 0.742920 0.743296 0.743676 0.744060 0.744449 0.744840 0.745233 0.745629 0.746025 0.746421 0.746817 0.747211 0.747602 0.747990 0.748373 0.748751 0.749122 0.749485 0.749839 0.750183 0.750515 0.750834 0.751139 0.751429 0.751701 0.751955 0.752189 0.752401 0.752589 0.752753 0.752892 0.753006 0.753093 0.753153 0.753179 0.753162 0.753084 0.752926 0.752665 0.752289 0.751800 0.751227 0.750630 0.750090 0.749692 0.749485 0.749435 0.749375 0.748977 0.747765 0.745204 0.740882 0.734779 0.727470 0.720227 0.714013 0.715295 0.689132 0.986769
0.000000 0.665487 0.689087 0.704514 0.712106 0.721305 0.730806 0.738939 0.744695 0.748012 0.749426 0.749672 0.749420 0.749141 0.749084 0.749313 0.749771 0.750348 0.750933 0.751444 0.751839 0.752112 0.752276 0.752357 0.752377 0.752355 0.752303 0.752225 0.752124 0.751999 0.751850 0.751678 0.751484 0.751268 0.751033 0.750780 0.750511 0.750227 0.749929 0.749619 0.749298 0.748967 0.748627 0.748279 0.747925 0.747565 0.747201 0.746834 0.746464 0.746092 0.745719 0.745347 0.744975 0.744604 0.744236 0.743870 0.743508 0.743150 0.742796 0.742448 0.742104 0.741767 0.741436 0.741111 0.740793 0.740483 0.740180 0.739884 0.739597 0.739317 0.739046 0.738783 0.738529 0.738283 0.738046 0.737818 0.737599 0.737388 0.737187 0.736994 0.736811 0.736636 0.736470 0.736313 0.736165 0.736026 0.735896 0.735775 0.735662 0.735558 0.735464 0.735377 0.735300 0.735231 0.735171 0.735119 0.735076 0.735042 0.735016 0.734999 0.734991 0.734991 0.734999 0.735017 0.735042 0.735077 0.735120 0.735171 0.735231 0.735300 0.735378 0.735464 0.735559 0.735663 0.735775 0.735896 0.736027 0.736166 0.736313 0.736470 0.736636 0.736811 0.736994 0.737187 0.737388 0.737599 0.737818 0.738046 0.738283 0.738528 0.738783 0.739045 0.739316 0.739595 0.739883 0.740178 0.740481 0.740791 0.741109 0.741434 0.741765 0.742102 0.742445 0.742794 0.743147 0.743505 0.743867 0.744233 0.744601 0.744971 0.745343 0.745715 0.746088 0.746459 0.746829 0.747197 0.747561 0.747920 0.748275 0.748622 0.748962 0.749293 0.749614 0.749924 0.750222 0.750506 0.750775 0.751028 0.751263 0.751479 0.751673 0.751845 0.751994 0.752119 0.752220 0.752297 0.752350 0.752372 0.752352 0.752273 0.752109 0.751836 0.751440 0.750927 0.750339 0.749759 0.749300 0.749073 0.749135 0.749424 0.749686 0.749447 0.748037 0.744713 0.738940 0.730778 0.721244 0.712017 0.704416 0.689003 0.665442 0.000000
0.970697 0.676843 0.708649 0.706798 0.710765 0.718959 0.729193 0.738433 0.745012 0.748678 0.750048 0.750018 0.749409 0.748800 0.748498 0.748580 0.748974 0.749540 0.750138 0.750669 0.751079 0.751359 0.751526 0.751606 0.751627 0.751608 0.751562 0.751493 0.751403 0.751291 0.751156 0.750999 0.750820 0.750621 0.750403 0.750169 0.749919 0.749655 0.749377 0.749088 0.748788 0.748478 0.748160 0.747835 0.747503 0.747166 0.746824 0.746479 0.746132 0.745783 0.745432 0.745082 0.744732 0.744384 0.744037 0.743693 0.743352 0.743015 0.742682 0.742354 0.742030 0.741712 0.741400 0.741094 0.740795 0.740503 0.740217 0.739939 0.739668 0.739405 0.739149 0.738902 0.738662 0.738431 0.738208 0.737993 0.737786 0.737588 0.737399 0.737217 0.737044 0.736880 0.736724 0.736577 0.736437 0.736307 0.736184 0.736070 0.735964 0.735867 0.735778 0.735697 0.735624 0.735559 0.735503 0.735454 0.735414 0.735382 0.735358 0.735342 0.735334 0.735334 0.735342 0.735358 0.735382 0.735414 0.735455 0.735503 0.735560 0.735624 0.735697 0.735778 0.735867 0.735965 0.736071 0.736185 0.736307 0.736438 0.736577 0.736724 0.736880 0.737045 0.737217 0.737399 0.737588 0.737786 0.737993 0.738207 0.738430 0.738662 0.738901 0.739148 0.739404 0.739667 0.739937 0.740216 0.740501 0.740793 0.741093 0.741398 0.741710 0.742028 0.742351 0.742679 0.743012 0.743349 0.743690 0.744034 0.744380 0.744729 0.745078 0.745429 0.745779 0.746128 0.746475 0.746820 0.747161 0.747499 0.747830 0.748156 0.748474 0.748783 0.749083 0.749372 0.749650 0.749914 0.750164 0.750398 0.750616 0.750815 0.750994 0.751151 0.751286 0.751398 0.751488 0.751557 0.751603 0.751622 0.751601 0.751522 0.751356 0.751076 0.750665 0.750133 0.749532 0.748963 0.748568 0.748485 0.748790 0.749405 0.750023 0.750061 0.748699 0.745035 0.738453 0.729202 0.718952 0.710742 0.706767 0.708623 0.676832 0.970701
0.936892 0.818479 0.739713 0.717979 0.712679 0.718606 0.728839 0.738665 0.745670 0.749434 0.750631 0.750289 0.749343 0.748448 0.747945 0.747912 0.748257 0.748814 0.749423 0.749966 0.750385 0.750667 0.750833 0.750911 0.750931 0.750915 0.750874 0.750812 0.750732 0.750630 0.750508 0.750364 0.750199 0.750015 0.749813 0.749596 0.749363 0.749117 0.748858 0.748589 0.748308 0.748019 0.747721 0.747416 0.747105 0.746789 0.746468 0.746144 0.745818 0.745489 0.745160 0.744831 0.744501 0.744173 0.743847 0.743523 0.743202 0.742884 0.742570 0.742261 0.741956 0.741656 0.741362 0.741074 0.740792 0.740516 0.740247 0.739984 0.739729 0.739481 0.739240 0.739007 0.738781 0.738563 0.738353 0.738150 0.737956 0.737769 0.737590 0.737420 0.737257 0.737102 0.736956 0.736817 0.736686 0.736563 0.736448 0.736340 0.736241 0.736149 0.736065 0.735989 0.735921 0.735860 0.735807 0.735761 0.735724 0.735693 0.735671 0.735656 0.735648 0.735648 0.735656 0.735671 0.735693 0.735724 0.735762 0.735807 0.735860 0.735921 0.735990 0.736066 0.736150 0.736241 0.736341 0.736448 0.736563 0.736686 0.736817 0.736956 0.737103 0.737257 0.737420 0.737591 0.737769 0.737956 0.738150 0.738352 0.738563 0.738780 0.739006 0.739239 0.739480 0.739728 0.739983 0.740245 0.740514 0.740790 0.741072 0.741360 0.741654 0.741954 0.742259 0.742568 0.742882 0.743199 0.743520 0.743844 0.744170 0.744498 0.744827 0.745156 0.745486 0.745814 0.746140 0.746464 0.746784 0.747101 0.747412 0.747717 0.748014 0.748304 0.748584 0.748854 0.749112 0.749358 0.749591 0.749809 0.750010 0.750194 0.750359 0.750503 0.750626 0.750727 0.750807 0.750869 0.750910 0.750926 0.750906 0.750828 0.750664 0.750381 0.749963 0.749419 0.748808 0.748248 0.747901 0.747932 0.748436 0.749335 0.750287 0.750637 0.749447 0.745691 0.738690 0.728865 0.718629 0.712697 0.717990 0.739720 0.818485 0.936896
0.924827 0.831121 0.758676 0.719939 0.711249 0.716811 0.727948 0.738635 0.746118 0.749978 0.751025 0.750422 0.749206 0.748089 0.747434 0.747316 0.747624 0.748173 0.748785 0.749332 0.749750 0.750030 0.750191 0.750266 0.750284 0.750269 0.750232 0.750176 0.750103 0.750011 0.749899 0.749766 0.749614 0.749443 0.749256 0.749053 0.748836 0.748607 0.748365 0.748113 0.747851 0.747580 0.747301 0.747015 0.746723 0.746426 0.746125 0.745820 0.745513 0.745204 0.744894 0.744584 0.744274 0.743965 0.743657 0.743352 0.743049 0.742750 0.742454 0.742162 0.741875 0.741592 0.741314 0.741043 0.740776 0.740516 0.740262 0.740015 0.739774 0.739540 0.739313 0.739093 0.738881 0.738675 0.738477 0.738287 0.738104 0.737928 0.737760 0.737599 0.737446 0.737301 0.737163 0.737032 0.736909 0.736794 0.736685 0.736585 0.736491 0.736405 0.736327 0.736255 0.736191 0.736134 0.736084 0.736041 0.736006 0.735978 0.735956 0.735942 0.735935 0.735935 0.735942 0.735956 0.735978 0.736006 0.736042 0.736084 0.736134 0.736191 0.736255 0.736327 0.736406 0.736492 0.736585 0.736686 0.736794 0.736910 0.737033 0.737163 0.737301 0.737447 0.737600 0.737760 0.737928 0.738104 0.738287 0.738477 0.738675 0.738880 0.739093 0.739313 0.739539 0.739773 0.740014 0.740261 0.740515 0.740775 0.741041 0.741313 0.741590 0.741872 0.742160 0.742451 0.742747 0.743047 0.743349 0.743654 0.743962 0.744271 0.744580 0.744891 0.745200 0.745509 0.745816 0.746121 0.746422 0.746718 0.747010 0.747296 0.747575 0.747846 0.748108 0.748361 0.748602 0.748831 0.749048 0.749251 0.749438 0.749609 0.749761 0.749894 0.750006 0.750098 0.750171 0.750227 0.750264 0.750279 0.750261 0.750186 0.750026 0.749747 0.749328 0.748781 0.748168 0.747617 0.747307 0.747423 0.748077 0.749195 0.750415 0.751023 0.749982 0.746131 0.738656 0.727975 0.716843 0.711280 0.719965 0.758693 0.831130 0.924829
0.937977 0.813474 0.729490 0.706260 0.702710 0.712054 0.725670 0.737880 0.746103 0.750193 0.751190 0.750420 0.749019 0.747747 0.746985 0.746804 0.747081 0.747616 0.748220 0.748760 0.749170 0.749442 0.749595 0.749665 0.749681 0.749666 0.749631 0.749580 0.749513 0.749428 0.749324 0.749201 0.749059 0.748900 0.748726 0.748536 0.748334 0.748119 0.747894 0.747657 0.747412 0.747158 0.746896 0.746628 0.746354 0.746075 0.745792 0.745506 0.745218 0.744927 0.744635 0.744343 0.744052 0.743761 0.743471 0.743184 0.742899 0.742617 0.742338 0.742063 0.741793 0.741527 0.741266 0.741010 0.740759 0.740515 0.740276 0.740043 0.739817 0.739597 0.739384 0.739178 0.738978 0.738786 0.738600 0.738421 0.738250 0.738085 0.737928 0.737778 0.737634 0.737498 0.737369 0.737248 0.737133 0.737025 0.736924 0.736830 0.736743 0.736663 0.736589 0.736523 0.736463 0.736410 0.736364 0.736324 0.736291 0.736265 0.736245 0.736232 0.736225 0.736225 0.736232 0.736245 0.736265 0.736291 0.736324 0.736364 0.736410 0.736463 0.736523 0.736590 0.736663 0.736743 0.736830 0.736924 0.737025 0.737133 0.737248 0.737370 0.737499 0.737635 0.737778 0.737928 0.738085 0.738250 0.738421 0.738600 0.738785 0.738978 0.739177 0.739384 0.739597 0.739816 0.740042 0.740275 0.740514 0.740758 0.741008 0.741264 0.741525 0.741791 0.742061 0.742336 0.742614 0.742896 0.743181 0.743469 0.743758 0.744049 0.744340 0.744632 0.744923 0.745214 0.745502 0.745789 0.746071 0.746350 0.746624 0.746892 0.747154 0.747408 0.747653 0.747889 0.748115 0.748329 0.748532 0.748721 0.748896 0.749055 0.749196 0.749319 0.749423 0.749508 0.749575 0.749626 0.749661 0.749676 0.749660 0.749590 0.749437 0.749166 0.748756 0.748216 0.747612 0.747075 0.746797 0.746976 0.747736 0.749007 0.750410 0.751182 0.750190 0.746107 0.737891 0.725688 0.712077 0.702735 0.706282 0.729505 0.813481 0.937977
0.972134 0.662220 0.685661 0.682662 0.690959 0.706004 0.722843 0.736776 0.745820 0.750201 0.751218 0.750356 0.748837 0.747463 0.746627 0.746395 0.746638 0.747149 0.747732 0.748254 0.748648 0.748906 0.749049 0.749111 0.749124 0.749108 0.749074 0.749027 0.748965 0.748886 0.748790 0.748675 0.748543 0.748395 0.748232 0.748056 0.747867 0.747666 0.747456 0.747235 0.747006 0.746769 0.746524 0.746274 0.746017 0.745757 0.745492 0.745224 0.744954 0.744682 0.744409 0.744135 0.743862 0.743590 0.743319 0.743050 0.742783 0.742519 0.742259 0.742002 0.741749 0.741500 0.741257 0.741018 0.740784 0.740556 0.740333 0.740117 0.739906 0.739702 0.739504 0.739312 0.739127 0.738948 0.738776 0.738611 0.738452 0.738300 0.738155 0.738016 0.737884 0.737759 0.737640 0.737528 0.737423 0.737324 0.737231 0.737145 0.737065 0.736992 0.736924 0.736864 0.736809 0.736760 0.736718 0.736682 0.736652 0.736628 0.736610 0.736598 0.736592 0.736592 0.736598 0.736610 0.736628 0.736652 0.736682 0.736718 0.736761 0.736809 0.736864 0.736925 0.736992 0.737065 0.737145 0.737231 0.737324 0.737423 0.737529 0.737641 0.737759 0.737885 0.738017 0.738155 0.738300 0.738452 0.738611 0.738776 0.738948 0.739127 0.739312 0.739503 0.739701 0.739906 0.740116 0.740332 0.740555 0.740783 0.741016 0.741255 0.741499 0.741747 0.742000 0.742257 0.742517 0.742781 0.743047 0.743316 0.743587 0.743859 0.744132 0.744405 0.744678 0.744950 0.745220 0.745488 0.745753 0.746013 0.746269 0.746520 0.746764 0.747002 0.747231 0.747451 0.747662 0.747862 0.748051 0.748228 0.748391 0.748539 0.748671 0.748785 0.748881 0.748960 0.749022 0.749070 0.749103 0.749119 0.749106 0.749044 0.748901 0.748644 0.748250 0.747729 0.747145 0.746634 0.746390 0.746620 0.747455 0.748827 0.750345 0.751208 0.750193 0.745816 0.736776 0.722848 0.706014 0.690970 0.682672 0.685667 0.662222 0.972134
0.000000 0.639677 0.654921 0.670767 0.684230 0.702546 0.721233 0.736189 0.745715 0.750255 0.751266 0.750334 0.748734 0.747291 0.746397 0.746119 0.746321 0.746796 0.747346 0.747838 0.748207 0.748445 0.748574 0.748628 0.748635 0.748618 0.748585 0.748541 0.748484 0.748413 0.748324 0.748219 0.748098 0.747961 0.747811 0.747648 0.747473 0.747288 0.747093 0.746889 0.746677 0.746458 0.746232 0.746000 0.745764 0.745523 0.745278 0.745030 0.744780 0.744529 0.744276 0.744024 0.743771 0.743520 0.743269 0.743021 0.742775 0.742532 0.742292 0.742055 0.741823 0.741594 0.741370 0.741151 0.740937 0.740728 0.740525 0.740327 0.740135 0.739948 0.739768 0.739594 0.739426 0.739264 0.739108 0.738958 0.738815 0.738678 0.738547 0.738423 0.738304 0.738192 0.738085 0.737985 0.737891 0.737802 0.737720 0.737643 0.737572 0.737507 0.737448 0.737394 0.737345 0.737302 0.737265 0.737233 0.737206 0.737185 0.737169 0.737158 0.737153 0.737153 0.737159 0.737169 0.737185 0.737206 0.737233 0.737265 0.737303 0.737346 0.737394 0.737448 0.737508 0.737573 0.737644 0.737720 0.737803 0.737891 0.737986 0.738086 0.738192 0.738304 0.738423 0.738547 0.738678 0.738815 0.738958 0.739108 0.739264 0.739425 0.739593 0.739768 0.739948 0.740134 0.740326 0.740524 0.740727 0.740936 0.741150 0.741369 0.741593 0.741821 0.742053 0.742290 0.742530 0.742773 0.743019 0.743267 0.743517 0.743768 0.744021 0.744273 0.744526 0.744777 0.745027 0.745274 0.745519 0.745760 0.745997 0.746228 0.746454 0.746673 0.746885 0.747089 0.747284 0.747469 0.747644 0.747807 0.747957 0.748094 0.748215 0.748320 0.748408 0.748480 0.748537 0.748581 0.748613 0.748631 0.748623 0.748570 0.748441 0.748203 0.747833 0.747342 0.746792 0.746318 0.746114 0.746391 0.747284 0.748726 0.750325 0.751256 0.750245 0.745706 0.736182 0.721227 0.702542 0.684228 0.670764 0.654917 0.639674 0.000000
0.969877 0.659555 0.681865 0.678356 0.687263 0.703617 0.721776 0.736608 0.746070 0.750529 0.751452 0.750442 0.748779 0.747284 0.746345 0.746021 0.746177 0.746604 0.747109 0.747561 0.747898 0.748111 0.748223 0.748265 0.748267 0.748249 0.748218 0.748179 0.748130 0.748067 0.747990 0.747898 0.747790 0.747668 0.747533 0.747386 0.747229 0.747062 0.746886 0.746702 0.746510 0.746312 0.746108 0.745898 0.745684 0.745466 0.745245 0.745022 0.744796 0.744569 0.744341 0.744112 0.743884 0.743657 0.743432 0.743208 0.742987 0.742768 0.742552 0.742340 0.742131 0.741927 0.741727 0.741531 0.741341 0.741155 0.740974 0.740799 0.740629 0.740464 0.740305 0.740152 0.740004 0.739862 0.739726 0.739596 0.739471 0.739352 0.739238 0.739130 0.739028 0.738931 0.738840 0.738754 0.738673 0.738598 0.738527 0.738462 0.738402 0.738346 0.738296 0.738250 0.738209 0.738173 0.738141 0.738114 0.738092 0.738074 0.738061 0.738052 0.738047 0.738047 0.738052 0.738061 0.738074 0.738092 0.738115 0.738142 0.738173 0.738209 0.738250 0.738296 0.738347 0.738402 0.738462 0.738528 0.738598 0.738674 0.738754 0.738840 0.738932 0.739028 0.739131 0.739239 0.739352 0.739471 0.739596 0.739726 0.739862 0.740004 0.740152 0.740305 0.740464 0.740628 0.740798 0.740973 0.741154 0.741339 0.741530 0.741726 0.741926 0.742130 0.742338 0.742550 0.742766 0.742984 0.743206 0.743429 0.743655 0.743882 0.744109 0.744337 0.744565 0.744792 0.745018 0.745242 0.745463 0.745681 0.745894 0.746104 0.746308 0.746506 0.746698 0.746882 0.747058 0.747225 0.747382 0.747529 0.747664 0.747786 0.747893 0.747986 0.748063 0.748125 0.748175 0.748214 0.748244 0.748263 0.748261 0.748218 0.748106 0.747893 0.747556 0.747105 0.746600 0.746174 0.746018 0.746341 0.747279 0.748772 0.750434 0.751444 0.750520 0.746060 0.736598 0.721765 0.703605 0.687252 0.678345 0.681856 0.659550 0.969877
0.937263 0.809961 0.722850 0.698231 0.695668 0.707564 0.723803 0.737788 0.746816 0.751029 0.751810 0.750722 0.749019 0.747497 0.746528 0.746166 0.746273 0.746645 0.747097 0.747502 0.747800 0.747984 0.748076 0.748106 0.748103 0.748084 0.748058 0.748027 0.747989 0.747940 0.747879 0.747804 0.747715 0.747613 0.747499 0.747373 0.747238 0.747094 0.746941 0.746781 0.746614 0.746441 0.746263 0.746080 0.745894 0.745703 0.745510 0.745315 0.745118 0.744919 0.744720 0.744520 0.744321 0.744123 0.743926 0.743731 0.743538 0.743347 0.743160 0.742976 0.742795 0.742619 0.742446 0.742277 0.742113 0.741954 0.741799 0.741649 0.741504 0.741364 0.741229 0.741100 0.740975 0.740856 0.740741 0.740632 0.740528 0.740429 0.740335 0.740246 0.740161 0.740081 0.740006 0.739936 0.739870 0.739809 0.739751 0.739699 0.739650 0.739605 0.739564 0.739528 0.739495 0.739466 0.739441 0.739419 0.739401 0.739387 0.739376 0.739369 0.739366 0.739366 0.739369 0.739376 0.739387 0.739401 0.739419 0.739441 0.739466 0.739495 0.739528 0.739565 0.739606 0.739650 0.739699 0.739752 0.739809 0.739871 0.739936 0.740007 0.740082 0.740162 0.740246 0.740335 0.740429 0.740528 0.740632 0.740741 0.740856 0.740975 0.741099 0.741229 0.741364 0.741503 0.741648 0.741798 0.741953 0.742112 0.742276 0.742444 0.742617 0.742794 0.742974 0.743158 0.743346 0.743536 0.743728 0.743923 0.744120 0.744318 0.744517 0.744717 0.744916 0.745114 0.745312 0.745507 0.745700 0.745890 0.746077 0.746259 0.746437 0.746610 0.746777 0.746937 0.747089 0.747234 0.747369 0.747495 0.747609 0.747711 0.747800 0.747875 0.747936 0.747984 0.748023 0.748054 0.748080 0.748098 0.748102 0.748071 0.747979 0.747795 0.747497 0.747093 0.746641 0.746269 0.746162 0.746525 0.747493 0.749014 0.750717 0.751803 0.751021 0.746807 0.737778 0.723792 0.707552 0.695655 0.698219 0.722842 0.809957 0.937263
0.925442 0.826276 0.748718 0.707657 0.700737 0.710415 0.725629 0.738999 0.747648 0.751637 0.752308 0.751186 0.749485 0.747971 0.746998 0.746610 0.746674 0.746992 0.747388 0.747743 0.748000 0.748153 0.748223 0.748241 0.748233 0.748215 0.748196 0.748176 0.748153 0.748122 0.748082 0.748030 0.747966 0.747889 0.747801 0.747702 0.747593 0.747476 0.747350 0.747218 0.747079 0.746935 0.746787 0.746634 0.746477 0.746317 0.746155 0.745991 0.745824 0.745657 0.745488 0.745320 0.745151 0.744983 0.744817 0.744651 0.744488 0.744327 0.744169 0.744014 0.743862 0.743713 0.743568 0.743427 0.743290 0.743157 0.743028 0.742903 0.742783 0.742667 0.742556 0.742449 0.742347 0.742249 0.742156 0.742067 0.741983 0.741903 0.741827 0.741755 0.741687 0.741623 0.741563 0.741507 0.741455 0.741406 0.741361 0.741319 0.741281 0.741246 0.741214 0.741185 0.741160 0.741137 0.741117 0.741101 0.741087 0.741076 0.741067 0.741062 0.741059 0.741059 0.741062 0.741068 0.741076 0.741087 0.741101 0.741118 0.741137 0.741160 0.741186 0.741214 0.741246 0.741281 0.741320 0.741361 0.741407 0.741455 0.741508 0.741564 0.741624 0.741687 0.741755 0.741827 0.741903 0.741983 0.742067 0.742156 0.742249 0.742347 0.742449 0.742556 0.742667 0.742783 0.742903 0.743027 0.743156 0.743289 0.743426 0.743567 0.743712 0.743860 0.744012 0.744168 0.744326 0.744486 0.744649 0.744814 0.744981 0.745149 0.745317 0.745485 0.745654 0.745821 0.745987 0.746152 0.746314 0.746474 0.746630 0.746783 0.746932 0.747076 0.747214 0.747346 0.747472 0.747589 0.747698 0.747797 0.747885 0.747962 0.748026 0.748078 0.748118 0.748149 0.748172 0.748192 0.748211 0.748229 0.748237 0.748219 0.748149 0.747995 0.747739 0.747384 0.746988 0.746670 0.746607 0.746995 0.747968 0.749481 0.751182 0.752304 0.751632 0.747642 0.738992 0.725620 0.710405 0.700726 0.707647 0.748712 0.826274 0.925442
0.937461 0.809622 0.722726 0.699222 0.697818 0.710238 0.726330 0.739839 0.748388 0.752279 0.752920 0.751826 0.750178 0.748713 0.747763 0.747367 0.747398 0.747669 0.748013 0.748320 0.748538 0.748662 0.748713 0.748719 0.748706 0.748689 0.748675 0.748666 0.748657 0.748646 0.748628 0.748600 0.748562 0.748513 0.748452 0.748381 0.748300 0.748211 0.748113 0.748008 0.747897 0.747781 0.747659 0.747534 0.747405 0.747273 0.747139 0.747002 0.746864 0.746724 0.746582 0.746441 0.746299 0.746157 0.746016 0.745876 0.745738 0.745602 0.745467 0.745335 0.745206 0.745080 0.744957 0.744837 0.744721 0.744608 0.744498 0.744393 0.744291 0.744193 0.744099 0.744008 0.743922 0.743839 0.743761 0.743686 0.743614 0.743547 0.743483 0.743422 0.743365 0.743312 0.743261 0.743214 0.743170 0.743129 0.743091 0.743056 0.743024 0.742994 0.742968 0.742943 0.742922 0.742903 0.742886 0.742872 0.742860 0.742851 0.742844 0.742840 0.742837 0.742837 0.742840 0.742844 0.742851 0.742861 0.742872 0.742887 0.742903 0.742922 0.742944 0.742968 0.742995 0.743024 0.743056 0.743092 0.743130 0.743171 0.743215 0.743262 0.743312 0.743366 0.743423 0.743483 0.743547 0.743615 0.743686 0.743761 0.743839 0.743922 0.744008 0.744098 0.744192 0.744290 0.744392 0.744498 0.744607 0.744720 0.744836 0.744956 0.745079 0.745205 0.745334 0.745466 0.745600 0.745736 0.745874 0.746014 0.746155 0.746296 0.746438 0.746580 0.746721 0.746861 0.746999 0.747136 0.747270 0.747402 0.747531 0.747656 0.747777 0.747894 0.748005 0.748109 0.748207 0.748297 0.748377 0.748448 0.748509 0.748558 0.748596 0.748624 0.748642 0.748653 0.748662 0.748671 0.748685 0.748702 0.748715 0.748709 0.748658 0.748534 0.748316 0.748009 0.747665 0.747394 0.747363 0.747759 0.748710 0.750175 0.751823 0.752917 0.752276 0.748384 0.739834 0.726324 0.710231 0.697811 0.699216 0.722722 0.809620 0.937462
0.970582 0.657626 0.680571 0.679690 0.691137 0.708657 0.726619 0.740579 0.749135 0.752978 0.753627 0.752596 0.751030 0.749634 0.748723 0.748332 0.748340 0.748572 0.748874 0.749143 0.749330 0.749431 0.749466 0.749461 0.749440 0.749419 0.749404 0.749397 0.749394 0.749392 0.749388 0.749377 0.749357 0.749328 0.749289 0.749239 0.749180 0.749111 0.749033 0.748947 0.748854 0.748755 0.748651 0.748542 0.748429 0.748313 0.748195 0.748073 0.747950 0.747825 0.747698 0.747570 0.747442 0.747313 0.747184 0.747056 0.746928 0.746802 0.746678 0.746555 0.746435 0.746316 0.746201 0.746088 0.745978 0.745871 0.745767 0.745666 0.745569 0.745475 0.745384 0.745296 0.745212 0.745132 0.745054 0.744981 0.744910 0.744843 0.744779 0.744718 0.744661 0.744606 0.744555 0.744507 0.744461 0.744419 0.744379 0.744343 0.744309 0.744278 0.744250 0.744224 0.744201 0.744181 0.744163 0.744148 0.744135 0.744125 0.744117 0.744112 0.744110 0.744110 0.744113 0.744118 0.744125 0.744135 0.744148 0.744163 0.744181 0.744201 0.744224 0.744250 0.744278 0.744309 0.744343 0.744380 0.744419 0.744462 0.744507 0.744555 0.744607 0.744661 0.744718 0.744779 0.744843 0.744910 0.744981 0.745055 0.745132 0.745212 0.745296 0.745384 0.745474 0.745568 0.745666 0.745766 0.745870 0.745977 0.746087 0.746200 0.746315 0.746433 0.746554 0.746676 0.746800 0.746926 0.747054 0.747182 0.747310 0.747439 0.747568 0.747695 0.747822 0.747947 0.748070 0.748192 0.748310 0.748426 0.748539 0.748648 0.748752 0.748851 0.748944 0.749029 0.749107 0.749176 0.749236 0.749285 0.749324 0.749353 0.749373 0.749384 0.749389 0.749390 0.749393 0.749400 0.749415 0.749437 0.749458 0.749462 0.749427 0.749326 0.749139 0.748870 0.748568 0.748336 0.748328 0.748719 0.749631 0.751027 0.752593 0.753624 0.752975 0.749132 0.740576 0.726616 0.708654 0.691133 0.679686 0.680568 0.657625 0.970583
0.000000 0.634504 0.651479 0.671857 0.689328 0.709503 0.728028 0.741809 0.750073 0.753734 0.754330 0.753328 0.751825 0.750485 0.749602 0.749211 0.749196 0.749396 0.749665 0.749907 0.750075 0.750163 0.750187 0.750170 0.750135 0.750097 0.750063 0.750037 0.750018 0.750002 0.749988 0.749970 0.749948 0.749919 0.749882 0.749835 0.749778 0.749711 0.749634 0.749547 0.749452 0.749350 0.749241 0.749126 0.749008 0.748885 0.748759 0.748630 0.748499 0.748366 0.748231 0.748094 0.747956 0.747817 0.747677 0.747538 0.747399 0.747260 0.747123 0.746987 0.746853 0.746721 0.746591 0.746464 0.746339 0.746217 0.746097 0.745981 0.745867 0.745757 0.745650 0.745546 0.745446 0.745349 0.745255 0.745165 0.745078 0.744995 0.744915 0.744839 0.744766 0.744696 0.744630 0.744568 0.744509 0.744454 0.744402 0.744353 0.744308 0.744266 0.744228 0.744194 0.744162 0.744135 0.744110 0.744090 0.744072 0.744059 0.744048 0.744041 0.744038 0.744038 0.744041 0.744048 0.744059 0.744073 0.744090 0.744111 0.744135 0.744163 0.744194 0.744229 0.744267 0.744309 0.744354 0.744402 0.744454 0.744510 0.744568 0.744631 0.744697 0.744766 0.744839 0.744915 0.744995 0.745078 0.745165 0.745255 0.745349 0.745446 0.745546 0.745650 0.745757 0.745867 0.745980 0.746097 0.746216 0.746338 0.746463 0.746591 0.746720 0.746852 0.746986 0.747122 0.747259 0.747397 0.747536 0.747676 0.747815 0.747954 0.748092 0.748228 0.748363 0.748496 0.748627 0.748756 0.748882 0.749005 0.749123 0.749238 0.749347 0.749449 0.749544 0.749630 0.749707 0.749774 0.749831 0.749878 0.749916 0.749945 0.749967 0.749984 0.749999 0.750014 0.750034 0.750060 0.750093 0.750132 0.750167 0.750183 0.750159 0.750071 0.749903 0.749661 0.749392 0.749192 0.749207 0.749599 0.750481 0.751822 0.753325 0.754327 0.753731 0.750070 0.741807 0.728026 0.709501 0.689325 0.671855 0.651477 0.634503 0.000000
0.966609 0.653883 0.680953 0.683878 0.697157 0.714460 0.731086 0.743584 0.751064 0.754305 0.754714 0.753652 0.752142 0.750801 0.749906 0.749485 0.749431 0.749591 0.749829 0.750050 0.750206 0.750287 0.750302 0.750270 0.750209 0.750134 0.750055 0.749978 0.749905 0.749837 0.749774 0.749713 0.749652 0.749588 0.749519 0.749443 0.749358 0.749262 0.749156 0.749040 0.748914 0.748779 0.748636 0.748486 0.748331 0.748172 0.748008 0.747842 0.747674 0.747503 0.747331 0.747157 0.746981 0.746805 0.746628 0.746450 0.746273 0.746096 0.745920 0.745746 0.745573 0.745403 0.745235 0.745069 0.744907 0.744747 0.744590 0.744436 0.744286 0.744139 0.743996 0.743857 0.743722 0.743591 0.743463 0.743340 0.743221 0.743107 0.742996 0.742891 0.742789 0.742692 0.742600 0.742512 0.742428 0.742350 0.742276 0.742207 0.742142 0.742083 0.742028 0.741978 0.741933 0.741893 0.741858 0.741828 0.741802 0.741782 0.741767 0.741757 0.741752 0.741752 0.741757 0.741767 0.741782 0.741803 0.741828 0.741858 0.741893 0.741933 0.741978 0.742028 0.742083 0.742143 0.742207 0.742276 0.742350 0.742429 0.742512 0.742600 0.742693 0.742790 0.742891 0.742997 0.743107 0.743222 0.743341 0.743464 0.743591 0.743722 0.743857 0.743996 0.744139 0.744286 0.744436 0.744589 0.744746 0.744906 0.745069 0.745234 0.745402 0.745572 0.745745 0.745919 0.746095 0.746271 0.746449 0.746626 0.746803 0.746979 0.747155 0.747329 0.747501 0.747672 0.747840 0.748006 0.748169 0.748328 0.748483 0.748633 0.748776 0.748911 0.749037 0.749153 0.749259 0.749354 0.749440 0.749516 0.749585 0.749649 0.749710 0.749771 0.749834 0.749901 0.749974 0.750051 0.750130 0.750205 0.750266 0.750299 0.750284 0.750203 0.750046 0.749826 0.749588 0.749428 0.749482 0.749903 0.750798 0.752138 0.753649 0.754711 0.754302 0.751061 0.743582 0.731084 0.714458 0.697155 0.683876 0.680951 0.653882 0.966609
0.927184 0.804413 0.725843 0.709183 0.710354 0.721477 0.734581 0.745102 0.751481 0.754124 0.754218 0.752989 0.751376 0.749955 0.748982 0.748481 0.748349 0.748440 0.748624 0.748808 0.748942 0.749007 0.749006 0.748947 0.748845 0.748713 0.748560 0.748398 0.748234 0.748072 0.747917 0.747767 0.747624 0.747483 0.747341 0.747197 0.747047 0.746890 0.746723 0.746546 0.746360 0.746164 0.745960 0.745748 0.745530 0.745307 0.745081 0.744852 0.744621 0.744388 0.744155 0.743921 0.743686 0.743451 0.743216 0.742981 0.742747 0.742514 0.742282 0.742053 0.741826 0.741602 0.741381 0.741164 0.740950 0.740740 0.740535 0.740333 0.740136 0.739944 0.739756 0.739574 0.739396 0.739223 0.739056 0.738894 0.738738 0.738588 0.738443 0.738303 0.738170 0.738042 0.737921 0.737805 0.737696 0.737592 0.737495 0.737404 0.737319 0.737241 0.737169 0.737103 0.737044 0.736992 0.736946 0.736906 0.736873 0.736847 0.736827 0.736814 0.736807 0.736807 0.736814 0.736827 0.736847 0.736873 0.736906 0.736946 0.736992 0.737045 0.737104 0.737169 0.737242 0.737320 0.737405 0.737496 0.737593 0.737696 0.737806 0.737921 0.738043 0.738170 0.738304 0.738443 0.738588 0.738739 0.738895 0.739057 0.739224 0.739396 0.739574 0.739756 0.739944 0.740136 0.740333 0.740535 0.740740 0.740950 0.741163 0.741381 0.741601 0.741825 0.742052 0.742281 0.742513 0.742745 0.742980 0.743214 0.743449 0.743684 0.743919 0.744153 0.744386 0.744619 0.744850 0.745079 0.745305 0.745528 0.745746 0.745957 0.746161 0.746357 0.746543 0.746720 0.746887 0.747044 0.747194 0.747338 0.747479 0.747620 0.747764 0.747913 0.748069 0.748231 0.748395 0.748557 0.748709 0.748842 0.748944 0.749003 0.749004 0.748939 0.748805 0.748621 0.748437 0.748345 0.748478 0.748979 0.749952 0.751373 0.752986 0.754215 0.754122 0.751479 0.745100 0.734579 0.721475 0.710352 0.709181 0.725842 0.804412 0.927184
0.902078 0.822805 0.760506 0.727193 0.719923 0.725972 0.736181 0.745011 0.750400 0.752455 0.752185 0.750714 0.748925 0.747360 0.746250 0.745613 0.745344 0.745303 0.745369 0.745456 0.745515 0.745526 0.745480 0.745380 0.745230 0.745034 0.744803 0.744546 0.744275 0.744000 0.743727 0.743462 0.743205 0.742955 0.742711 0.742470 0.742230 0.741987 0.741741 0.741490 0.741233 0.740969 0.740698 0.740420 0.740135 0.739846 0.739553 0.739258 0.738962 0.738667 0.738372 0.738079 0.737788 0.737498 0.737209 0.736923 0.736639 0.736357 0.736079 0.735804 0.735533 0.735266 0.735004 0.734748 0.734496 0.734250 0.734010 0.733776 0.733547 0.733325 0.733109 0.732900 0.732697 0.732500 0.732311 0.732128 0.731952 0.731782 0.731620 0.731465 0.731316 0.731175 0.731041 0.730913 0.730793 0.730680 0.730574 0.730475 0.730383 0.730298 0.730220 0.730149 0.730086 0.730029 0.729980 0.729937 0.729902 0.729874 0.729852 0.729838 0.729831 0.729831 0.729838 0.729853 0.729874 0.729902 0.729938 0.729980 0.730030 0.730086 0.730150 0.730221 0.730299 0.730384 0.730476 0.730575 0.730681 0.730794 0.730914 0.731042 0.731176 0.731317 0.731466 0.731621 0.731783 0.731952 0.732128 0.732311 0.732501 0.732697 0.732900 0.733110 0.733325 0.733548 0.733776 0.734010 0.734250 0.734496 0.734747 0.735004 0.735266 0.735532 0.735803 0.736078 0.736356 0.736638 0.736922 0.737208 0.737496 0.737786 0.738078 0.738371 0.738665 0.738961 0.739256 0.739551 0.739844 0.740133 0.740417 0.740696 0.740967 0.741231 0.741488 0.741739 0.741985 0.742227 0.742468 0.742709 0.742952 0.743202 0.743459 0.743724 0.743997 0.744272 0.744543 0.744800 0.745031 0.745227 0.745377 0.745477 0.745523 0.745512 0.745453 0.745366 0.745300 0.745341 0.745610 0.746247 0.747357 0.748922 0.750711 0.752182 0.752452 0.750397 0.745009 0.736179 0.725969 0.719921 0.727191 0.760505 0.822804 0.902078
0.902406 0.823066 0.760804 0.727314 0.719514 0.724806 0.734231 0.742370 0.747204 0.748831 0.748240 0.746538 0.744582 0.742884 0.741643 0.740846 0.740379 0.740109 0.739933 0.739792 0.739659 0.739524 0.739382 0.739224 0.739041 0.738824 0.738566 0.738272 0.737947 0.737603 0.737248 0.736891 0.736538 0.736190 0.735850 0.735519 0.735196 0.734883 0.734577 0.734277 0.733981 0.733685 0.733386 0.733083 0.732775 0.732461 0.732145 0.731826 0.731508 0.731193 0.730881 0.730573 0.730271 0.729973 0.729679 0.729391 0.729107 0.728827 0.728552 0.728283 0.728020 0.727763 0.727513 0.727269 0.727033 0.726803 0.726582 0.726367 0.726160 0.725961 0.725768 0.725584 0.725407 0.725237 0.725074 0.724919 0.724771 0.724631 0.724497 0.724370 0.724250 0.724137 0.724031 0.723930 0.723837 0.723749 0.723668 0.723592 0.723523 0.723459 0.723401 0.723349 0.723302 0.723260 0.723224 0.723194 0.723168 0.723148 0.723132 0.723122 0.723117 0.723117 0.723122 0.723132 0.723148 0.723168 0.723194 0.723225 0.723261 0.723303 0.723349 0.723402 0.723460 0.723524 0.723593 0.723669 0.723750 0.723838 0.723931 0.724031 0.724138 0.724251 0.724371 0.724498 0.724631 0.724772 0.724920 0.725075 0.725237 0.725407 0.725584 0.725769 0.725961 0.726161 0.726368 0.726582 0.726804 0.727033 0.727269 0.727512 0.727763 0.728020 0.728283 0.728552 0.728826 0.729106 0.729390 0.729679 0.729972 0.730270 0.730572 0.730880 0.731191 0.731507 0.731825 0.732143 0.732460 0.732773 0.733081 0.733384 0.733682 0.733978 0.734275 0.734574 0.734880 0.735194 0.735516 0.735847 0.736187 0.736535 0.736889 0.737245 0.737600 0.737945 0.738269 0.738564 0.738821 0.739039 0.739222 0.739379 0.739521 0.739656 0.739789 0.739931 0.740106 0.740376 0.740844 0.741640 0.742882 0.744580 0.746535 0.748238 0.748828 0.747201 0.742368 0.734229 0.724804 0.719512 0.727312 0.760802 0.823065 0.902406
0.928188 0.805437 0.727105 0.709835 0.709389 0.718300 0.729088 0.737545 0.742254 0.743634 0.742837 0.741034 0.739077 0.737420 0.736184 0.735293 0.734600 0.733984 0.733387 0.732811 0.732290 0.731862 0.731544 0.731325 0.731175 0.731053 0.730921 0.730754 0.730540 0.730278 0.729976 0.729642 0.729287 0.728923 0.728558 0.728202 0.727864 0.727549 0.727259 0.726993 0.726746 0.726513 0.726285 0.726057 0.725826 0.725588 0.725346 0.725101 0.724856 0.724614 0.724379 0.724151 0.723931 0.723719 0.723515 0.723319 0.723128 0.722945 0.722767 0.722597 0.722433 0.722277 0.722128 0.721987 0.721854 0.721729 0.721612 0.721503 0.721401 0.721306 0.721219 0.721138 0.721064 0.720997 0.720936 0.720880 0.720831 0.720786 0.720746 0.720712 0.720681 0.720654 0.720631 0.720612 0.720595 0.720581 0.720570 0.720560 0.720553 0.720547 0.720543 0.720539 0.720537 0.720535 0.720534 0.720534 0.720533 0.720533 0.720533 0.720533 0.720533 0.720534 0.720534 0.720534 0.720534 0.720534 0.720534 0.720535 0.720536 0.720537 0.720540 0.720543 0.720548 0.720554 0.720561 0.720571 0.720582 0.720596 0.720613 0.720632 0.720655 0.720682 0.720712 0.720747 0.720787 0.720831 0.720881 0.720936 0.720998 0.721065 0.721139 0.721219 0.721307 0.721401 0.721503 0.721613 0.721730 0.721855 0.721987 0.722128 0.722277 0.722433 0.722596 0.722767 0.722944 0.723128 0.723318 0.723515 0.723718 0.723930 0.724150 0.724377 0.724613 0.724854 0.725099 0.725344 0.725587 0.725824 0.726055 0.726283 0.726510 0.726744 0.726990 0.727256 0.727547 0.727862 0.728200 0.728555 0.728920 0.729285 0.729639 0.729973 0.730276 0.730537 0.730752 0.730919 0.731051 0.731173 0.731323 0.731541 0.731859 0.732287 0.732808 0.733385 0.733981 0.734597 0.735290 0.736182 0.737417 0.739075 0.741032 0.742835 0.743631 0.742251 0.737542 0.729086 0.718298 0.709387 0.709833 0.727103 0.805436 0.928188
0.968065 0.656556 0.684058 0.685775 0.696662 0.710684 0.723666 0.732733 0.737391 0.738586 0.737743 0.736121 0.734530 0.733297 0.732387 0.731600 0.730733 0.729684 0.728475 0.727221 0.726077 0.725177 0.724597 0.724341 0.724348 0.724524 0.724771 0.725006 0.725177 0.725255 0.725235 0.725127 0.724947 0.724718 0.724464 0.724208 0.723974 0.723775 0.723622 0.723515 0.723447 0.723409 0.723387 0.723369 0.723347 0.723317 0.723276 0.723228 0.723178 0.723129 0.723086 0.723052 0.723028 0.723014 0.723008 0.723011 0.723021 0.723038 0.723060 0.723088 0.723123 0.723163 0.723210 0.723264 0.723324 0.723391 0.723464 0.723542 0.723626 0.723715 0.723808 0.723904 0.724005 0.724108 0.724214 0.724321 0.724430 0.724540 0.724650 0.724760 0.724869 0.724977 0.725083 0.725186 0.725287 0.725385 0.725478 0.725568 0.725653 0.725733 0.725807 0.725876 0.725939 0.725995 0.726046 0.726089 0.726125 0.726155 0.726177 0.726192 0.726199 0.726199 0.726192 0.726177 0.726155 0.726126 0.726089 0.726046 0.725996 0.725939 0.725876 0.725808 0.725733 0.725653 0.725568 0.725479 0.725385 0.725288 0.725187 0.725083 0.724977 0.724870 0.724761 0.724651 0.724540 0.724431 0.724322 0.724214 0.724108 0.724005 0.723905 0.723808 0.723715 0.723626 0.723542 0.723464 0.723391 0.723324 0.723264 0.723210 0.723163 0.723122 0.723088 0.723059 0.723037 0.723021 0.723010 0.723007 0.723012 0.723027 0.723051 0.723085 0.723128 0.723176 0.723227 0.723274 0.723315 0.723345 0.723367 0.723385 0.723407 0.723445 0.723512 0.723619 0.723773 0.723971 0.724206 0.724461 0.724715 0.724945 0.725124 0.725233 0.725252 0.725174 0.725004 0.724768 0.724522 0.724345 0.724338 0.724595 0.725174 0.726074 0.727218 0.728472 0.729682 0.730731 0.731598 0.732385 0.733294 0.734528 0.736119 0.737740 0.738584 0.737389 0.732731 0.723664 0.710683 0.696661 0.685773 0.684057 0.656555 0.968065
0.000000 0.640341 0.656336 0.675653 0.691682 0.708785 0.722724 0.731659 0.735854 0.736765 0.736056 0.735016 0.734315 0.734041 0.733911 0.733539 0.732649 0.731171 0.729240 0.727136 0.725189 0.723685 0.722797 0.722558 0.722874 0.723578 0.724480 0.725413 0.726259 0.726949 0.727457 0.727790 0.727972 0.728042 0.728044 0.728021 0.728012 0.728047 0.728142 0.728303 0.728523 0.728785 0.729072 0.729365 0.729651 0.729922 0.730175 0.730413 0.730641 0.730866 0.731093 0.731326 0.731568 0.731818 0.732076 0.732341 0.732610 0.732883 0.733159 0.733438 0.733719 0.734003 0.734290 0.734580 0.734872 0.735167 0.735464 0.735762 0.736061 0.736360 0.736659 0.736957 0.737253 0.737546 0.737837 0.738123 0.738405 0.738682 0.738954 0.739219 0.739476 0.739726 0.739968 0.740200 0.740423 0.740636 0.740838 0.741029 0.741209 0.741376 0.741531 0.741673 0.741801 0.741916 0.742018 0.742105 0.742179 0.742238 0.742282 0.742311 0.742326 0.742326 0.742311 0.742282 0.742238 0.742179 0.742106 0.742018 0.741917 0.741801 0.741673 0.741531 0.741376 0.741209 0.741030 0.740839 0.740636 0.740424 0.740201 0.739968 0.739727 0.739477 0.739219 0.738954 0.738683 0.738405 0.738123 0.737836 0.737546 0.737253 0.736957 0.736659 0.736360 0.736061 0.735761 0.735463 0.735166 0.734871 0.734579 0.734289 0.734002 0.733718 0.733437 0.733158 0.732882 0.732609 0.732339 0.732075 0.731817 0.731566 0.731324 0.731091 0.730864 0.730639 0.730411 0.730173 0.729920 0.729649 0.729363 0.729069 0.728783 0.728520 0.728301 0.728140 0.728044 0.728009 0.728018 0.728041 0.728039 0.727969 0.727787 0.727454 0.726946 0.726256 0.725411 0.724477 0.723576 0.722872 0.722555 0.722795 0.723682 0.725186 0.727133 0.729237 0.731168 0.732647 0.733537 0.733908 0.734039 0.734313 0.735014 0.736054 0.736763 0.735852 0.731657 0.722722 0.708784 0.691681 0.675652 0.656335 0.640340 0.000000
0.983120 0.664674 0.683445 0.685526 0.701315 0.717709 0.730480 0.738047 0.741203 0.741701 0.741314 0.741244 0.741910 0.743062 0.744104 0.744447 0.743741 0.741964 0.739381 0.736455 0.733712 0.731613 0.730450 0.730297 0.731028 0.732392 0.734093 0.735871 0.737531 0.738959 0.740107 0.740979 0.741612 0.742060 0.742387 0.742656 0.742923 0.743232 0.743607 0.744057 0.744576 0.745146 0.745743 0.746345 0.746935 0.747501 0.748040 0.748555 0.749052 0.749538 0.750020 0.750503 0.750990 0.751482 0.751979 0.752477 0.752977 0.753476 0.753973 0.754468 0.754961 0.755451 0.755940 0.756427 0.756911 0.757393 0.757872 0.758347 0.758818 0.759284 0.759745 0.760199 0.760646 0.761085 0.761516 0.761937 0.762349 0.762750 0.763140 0.763519 0.763884 0.764237 0.764575 0.764900 0.765209 0.765503 0.765781 0.766042 0.766287 0.766515 0.766724 0.766916 0.767090 0.767245 0.767381 0.767499 0.767597 0.767675 0.767735 0.767774 0.767794 0.767794 0.767774 0.767735 0.767675 0.767597 0.767499 0.767381 0.767245 0.767090 0.766916 0.766724 0.766515 0.766287 0.766042 0.765781 0.765503 0.765209 0.764899 0.764575 0.764236 0.763884 0.763518 0.763140 0.762750 0.762349 0.761937 0.761515 0.761084 0.760645 0.760198 0.759744 0.759284 0.758817 0.758346 0.757871 0.757392 0.756910 0.756425 0.755938 0.755450 0.754959 0.754466 0.753971 0.753474 0.752975 0.752475 0.751976 0.751480 0.750988 0.750501 0.750017 0.749535 0.749049 0.748553 0.748038 0.747498 0.746932 0.746342 0.745740 0.745143 0.744573 0.744054 0.743604 0.743228 0.742920 0.742653 0.742384 0.742057 0.741608 0.740976 0.740103 0.738955 0.737528 0.735868 0.734090 0.732389 0.731025 0.730294 0.730448 0.731611 0.733709 0.736453 0.739379 0.741961 0.743739 0.744444 0.744102 0.743060 0.741909 0.741243 0.741313 0.741700 0.741202 0.738046 0.730479 0.717708 0.701315 0.685526 0.683444 0.664673 0.983120
0.967520 0.805228 0.709487 0.711936 0.724182 0.738099 0.748264 0.753761 0.755631 0.755734 0.755810 0.756878 0.759046 0.761713 0.764002 0.765164 0.764812 0.762975 0.760026 0.756571 0.753292 0.750797 0.749481 0.749457 0.750576 0.752519 0.754905 0.757392 0.759727 0.761760 0.763430 0.764742 0.765743 0.766501 0.767095 0.767600 0.768085 0.768600 0.769176 0.769825 0.770542 0.771308 0.772099 0.772893 0.773669 0.774417 0.775131 0.775814 0.776471 0.777112 0.777743 0.778370 0.778995 0.779621 0.780247 0.780871 0.781491 0.782107 0.782717 0.783321 0.783919 0.784510 0.785094 0.785673 0.786245 0.786811 0.787370 0.787921 0.788464 0.788999 0.789524 0.790038 0.790543 0.791036 0.791517 0.791986 0.792442 0.792884 0.793312 0.793725 0.794123 0.794506 0.794872 0.795221 0.795554 0.795869 0.796165 0.796444 0.796704 0.796945 0.797167 0.797370 0.797553 0.797716 0.797860 0.797983 0.798086 0.798169 0.798231 0.798272 0.798293 0.798293 0.798272 0.798231 0.798169 0.798086 0.797983 0.797860 0.797716 0.797553 0.797370 0.797167 0.796945 0.796704 0.796444 0.796165 0.795868 0.795553 0.795221 0.794871 0.794505 0.794123 0.793725 0.793311 0.792883 0.792441 0.791985 0.791516 0.791035 0.790542 0.790037 0.789522 0.788997 0.788463 0.787920 0.787368 0.786809 0.786244 0.785671 0.785092 0.784508 0.783917 0.783319 0.782715 0.782105 0.781489 0.780868 0.780244 0.779619 0.778993 0.778367 0.777740 0.777109 0.776469 0.775811 0.775128 0.774414 0.773666 0.772890 0.772096 0.771304 0.770538 0.769822 0.769172 0.768596 0.768082 0.767597 0.767091 0.766497 0.765739 0.764738 0.763426 0.761756 0.759724 0.757389 0.754902 0.752516 0.750573 0.749454 0.749478 0.750794 0.753289 0.756568 0.760024 0.762973 0.764810 0.765161 0.764000 0.761711 0.759044 0.756876 0.755808 0.755733 0.755629 0.753760 0.748263 0.738098 0.724181 0.711935 0.709486 0.805228 0.967520
0.983056 0.696374 0.732466 0.740133 0.753978 0.765681 0.773586 0.777416 0.778423 0.778420 0.779000 0.780963 0.784170 0.787816 0.790910 0.792677 0.792752 0.791187 0.788378 0.784955 0.781647 0.779121 0.777826 0.777910 0.779224 0.781425 0.784099 0.786869 0.789462 0.791718 0.793577 0.795050 0.796188 0.797067 0.797766 0.798362 0.798921 0.799493 0.800109 0.800783 0.801511 0.802278 0.803064 0.803849 0.804615 0.805353 0.806057 0.806729 0.807374 0.807998 0.808608 0.809210 0.809805 0.810397 0.810984 0.811566 0.812142 0.812710 0.813269 0.813820 0.814361 0.814894 0.815417 0.815932 0.816438 0.816935 0.817423 0.817901 0.818369 0.818827 0.819274 0.819710 0.820135 0.820547 0.820947 0.821335 0.821709 0.822070 0.822418 0.822752 0.823072 0.823378 0.823669 0.823945 0.824207 0.824453 0.824685 0.824901 0.825102 0.825288 0.825459 0.825614 0.825754 0.825878 0.825987 0.826080 0.826158 0.826221 0.826267 0.826299 0.826314 0.826314 0.826299 0.826267 0.826221 0.826158 0.826080 0.825987 0.825878 0.825754 0.825614 0.825459 0.825288 0.825102 0.824901 0.824685 0.824453 0.824206 0.823945 0.823668 0.823377 0.823071 0.822751 0.822417 0.822070 0.821708 0.821334 0.820946 0.820546 0.820134 0.819709 0.819273 0.818826 0.818368 0.817900 0.817421 0.816933 0.816436 0.815930 0.815415 0.814892 0.814359 0.813818 0.813267 0.812708 0.812140 0.811564 0.810982 0.810394 0.809803 0.809207 0.808606 0.807995 0.807371 0.806726 0.806054 0.805350 0.804612 0.803846 0.803061 0.802275 0.801508 0.800780 0.800106 0.799489 0.798917 0.798358 0.797762 0.797063 0.796185 0.795046 0.793574 0.791715 0.789459 0.786866 0.784096 0.781422 0.779221 0.777907 0.777823 0.779118 0.781644 0.784952 0.788375 0.791185 0.792750 0.792675 0.790908 0.787815 0.784168 0.780961 0.778998 0.778419 0.778422 0.777415 0.773585 0.765680 0.753977 0.740132 0.732465 0.696373 0.983056
0.000000 0.702156 0.744128 0.770218 0.783872 0.794035 0.800569 0.803922 0.805170 0.805707 0.806716 0.808756 0.811661 0.814799 0.817477 0.819197 0.819722 0.819025 0.817281 0.814883 0.812388 0.810385 0.809325 0.809395 0.810505 0.812368 0.814623 0.816942 0.819091 0.820942 0.822455 0.823649 0.824575 0.825293 0.825865 0.826345 0.826777 0.827193 0.827616 0.828055 0.828511 0.828981 0.829454 0.829922 0.830376 0.830810 0.831221 0.831607 0.831970 0.832312 0.832636 0.832946 0.833244 0.833530 0.833807 0.834074 0.834331 0.834578 0.834815 0.835042 0.835258 0.835463 0.835657 0.835841 0.836014 0.836178 0.836331 0.836474 0.836608 0.836732 0.836846 0.836951 0.837047 0.837133 0.837211 0.837281 0.837342 0.837395 0.837441 0.837480 0.837512 0.837539 0.837559 0.837575 0.837585 0.837592 0.837595 0.837595 0.837593 0.837589 0.837583 0.837576 0.837568 0.837560 0.837552 0.837545 0.837538 0.837533 0.837528 0.837525 0.837524 0.837524 0.837525 0.837528 0.837533 0.837538 0.837545 0.837553 0.837560 0.837568 0.837576 0.837583 0.837589 0.837593 0.837596 0.837596 0.837592 0.837586 0.837575 0.837559 0.837539 0.837512 0.837480 0.837441 0.837395 0.837342 0.837281 0.837211 0.837133 0.837047 0.836951 0.836846 0.836731 0.836607 0.836474 0.836330 0.836177 0.836013 0.835840 0.835656 0.835462 0.835256 0.835041 0.834814 0.834577 0.834330 0.834072 0.833805 0.833529 0.833242 0.832945 0.832635 0.832310 0.831968 0.831605 0.831219 0.830808 0.830374 0.829920 0.829452 0.828978 0.828509 0.828052 0.827613 0.827191 0.826775 0.826343 0.825863 0.825291 0.824572 0.823646 0.822452 0.820939 0.819089 0.816939 0.814620 0.812365 0.810502 0.809392 0.809322 0.810383 0.812386 0.814881 0.817279 0.819022 0.819720 0.819195 0.817475 0.814797 0.811659 0.808754 0.806714 0.805705 0.805169 0.803921 0.800568 0.794034 0.783871 0.770217 0.744127 0.702155 0.000000
0.989017 0.732559 0.782767 0.794754 0.804959 0.811925 0.817584 0.822375 0.826190 0.828779 0.830141 0.830474 0.830008 0.829130 0.828462 0.828610 0.829744 0.831417 0.832900 0.833682 0.833694 0.833241 0.832734 0.832470 0.832545 0.832890 0.833363 0.833832 0.834224 0.834514 0.834718 0.834869 0.834991 0.835096 0.835178 0.835220 0.835201 0.835103 0.834915 0.834640 0.834290 0.833884 0.833445 0.832993 0.832541 0.832098 0.831660 0.831223 0.830776 0.830311 0.829822 0.829306 0.828761 0.828192 0.827600 0.826991 0.826366 0.825729 0.825079 0.824418 0.823745 0.823060 0.822363 0.821654 0.820934 0.820203 0.819464 0.818716 0.817963 0.817204 0.816442 0.815677 0.814912 0.814149 0.813387 0.812631 0.811880 0.811138 0.810406 0.809686 0.808981 0.808292 0.807621 0.806971 0.806343 0.805740 0.805164 0.804616 0.804098 0.803613 0.803162 0.802746 0.802367 0.802026 0.801725 0.801464 0.801245 0.801069 0.800936 0.800847 0.800802 0.800802 0.800847 0.800936 0.801069 0.801246 0.801465 0.801726 0.802027 0.802368 0.802747 0.803163 0.803615 0.804100 0.804618 0.805165 0.805742 0.806345 0.806973 0.807623 0.808294 0.808983 0.809689 0.810408 0.811140 0.811883 0.812633 0.813390 0.814151 0.814915 0.815680 0.816444 0.817206 0.817965 0.818719 0.819466 0.820205 0.820936 0.821656 0.822365 0.823062 0.823747 0.824420 0.825081 0.825730 0.826367 0.826992 0.827601 0.828193 0.828762 0.829306 0.829823 0.830312 0.830777 0.831223 0.831661 0.832098 0.832542 0.832993 0.833445 0.833884 0.834289 0.834640 0.834915 0.835102 0.835201 0.835220 0.835177 0.835095 0.834990 0.834868 0.834717 0.834512 0.834223 0.833831 0.833361 0.832888 0.832543 0.832468 0.832732 0.833239 0.833692 0.833680 0.832898 0.831416 0.829743 0.828609 0.828460 0.829129 0.830006 0.830472 0.830139 0.828777 0.826189 0.822373 0.817583 0.811924 0.804958 0.794753 0.782766 0.732558 0.989017
0.978261 0.863639 0.802196 0.803591 0.799237 0.796216 0.799515 0.809530 0.821632 0.830197 0.832080 0.826805 0.815851 0.802498 0.791333 0.786338 0.788782 0.796727 0.806690 0.815641 0.821939 0.825223 0.825860 0.824452 0.821589 0.817778 0.813469 0.809067 0.804919 0.801259 0.798219 0.795827 0.794024 0.792681 0.791624 0.790659 0.789604 0.788315 0.786710 0.784772 0.782542 0.780102 0.777548 0.774974 0.772448 0.770004 0.767646 0.765351 0.763086 0.760814 0.758507 0.756149 0.753734 0.751269 0.748762 0.746227 0.743674 0.741110 0.738540 0.735964 0.733383 0.730795 0.728200 0.725599 0.722992 0.720384 0.717778 0.715177 0.712585 0.710006 0.707445 0.704904 0.702389 0.699904 0.697452 0.695038 0.692666 0.690342 0.688069 0.685853 0.683699 0.681610 0.679593 0.677650 0.675788 0.674010 0.672320 0.670722 0.669222 0.667821 0.666524 0.665333 0.664252 0.663283 0.662430 0.661694 0.661078 0.660583 0.660211 0.659963 0.659838 0.659839 0.659963 0.660212 0.660584 0.661079 0.661696 0.662432 0.663286 0.664255 0.665336 0.666528 0.667825 0.669226 0.670727 0.672324 0.674015 0.675793 0.677656 0.679599 0.681617 0.683705 0.685860 0.688076 0.690349 0.692673 0.695045 0.697459 0.699911 0.702397 0.704912 0.707452 0.710014 0.712592 0.715184 0.717786 0.720392 0.723000 0.725606 0.728208 0.730803 0.733390 0.735972 0.738547 0.741117 0.743681 0.746234 0.748769 0.751275 0.753741 0.756155 0.758513 0.760820 0.763091 0.765357 0.767651 0.770009 0.772453 0.774979 0.777553 0.780106 0.782546 0.784776 0.786714 0.788319 0.789607 0.790663 0.791627 0.792684 0.794027 0.795830 0.798221 0.801261 0.804921 0.809069 0.813470 0.817778 0.821589 0.824452 0.825860 0.825223 0.821939 0.815642 0.806691 0.796728 0.788783 0.786338 0.791333 0.802498 0.815850 0.826804 0.832079 0.830196 0.821631 0.809530 0.799515 0.796216 0.799237 0.803590 0.802195 0.863638 0.978261
0.999427 0.762515 0.799741 0.773777 0.733643 0.699919 0.694739 0.718767 0.752790 0.776376 0.779447 0.760760 0.724883 0.682329 0.647315 0.631257 0.636818 0.658106 0.685733 0.711666 0.730994 0.741882 0.744552 0.740261 0.730721 0.717791 0.703299 0.688878 0.675754 0.664592 0.655604 0.648697 0.643567 0.639796 0.636880 0.634295 0.631563 0.628322 0.624370 0.619669 0.614327 0.608548 0.602569 0.596610 0.590828 0.585300 0.580026 0.574954 0.570003 0.565091 0.560156 0.555161 0.550098 0.544978 0.539824 0.534662 0.529514 0.524395 0.519312 0.514268 0.509261 0.504288 0.499348 0.494441 0.489571 0.484741 0.479957 0.475227 0.470555 0.465949 0.461413 0.456954 0.452576 0.448286 0.444088 0.439989 0.435994 0.432108 0.428338 0.424689 0.421166 0.417775 0.414520 0.411407 0.408440 0.405624 0.402963 0.400461 0.398122 0.395948 0.393944 0.392111 0.390456 0.388980 0.387687 0.386578 0.385654 0.384915 0.384360 0.383990 0.383805 0.383806 0.383991 0.384361 0.384916 0.385656 0.386581 0.387690 0.388984 0.390460 0.392116 0.393949 0.395954 0.398128 0.400468 0.402971 0.405632 0.408449 0.411416 0.414529 0.417784 0.421176 0.424699 0.428349 0.432119 0.436005 0.440001 0.444100 0.448298 0.452589 0.456967 0.461427 0.465963 0.470570 0.475241 0.479972 0.484756 0.489585 0.494456 0.499363 0.504303 0.509276 0.514284 0.519328 0.524410 0.529529 0.534677 0.539839 0.544993 0.550113 0.555176 0.560170 0.565105 0.570017 0.574968 0.580040 0.585313 0.590841 0.596623 0.602582 0.608560 0.614339 0.619681 0.624381 0.628333 0.631573 0.634305 0.636891 0.639806 0.643577 0.648706 0.655613 0.664600 0.675762 0.688885 0.703305 0.717797 0.730726 0.740266 0.744557 0.741887 0.730999 0.711672 0.685739 0.658112 0.636823 0.631261 0.647317 0.682330 0.724884 0.760761 0.779448 0.776377 0.752792 0.718769 0.694741 0.699921 0.733644 0.773778 0.799741 0.762514 0.999427
0.000000 0.756596 0.763333 0.691596 0.569527 0.467558 0.444448 0.495536 0.569491 0.619676 0.624925 0.583283 0.508090 0.425416 0.364047 0.338795 0.348486 0.382454 0.427917 0.472902 0.508049 0.528458 0.533230 0.524368 0.505434 0.480600 0.453958 0.428830 0.407340 0.390046 0.376745 0.366849 0.359717 0.354626 0.350798 0.347464 0.343949 0.339763 0.334652 0.328599 0.321788 0.314520 0.307125 0.299890 0.293003 0.286543 0.280490 0.274762 0.269250 0.263852 0.258493 0.253134 0.247768 0.242411 0.237092 0.231837 0.226671 0.221605 0.216646 0.211792 0.207038 0.202380 0.197813 0.193337 0.188951 0.184659 0.180463 0.176368 0.172375 0.168488 0.164709 0.161040 0.157482 0.154037 0.150707 0.147493 0.144396 0.141418 0.138560 0.135823 0.133208 0.130716 0.128348 0.126103 0.123983 0.121988 0.120118 0.118373 0.116753 0.115257 0.113886 0.112648 0.111555 0.110606 0.109789 0.109097 0.108526 0.108072 0.107734 0.107509 0.107397 0.107397 0.107509 0.107735 0.108073 0.108527 0.109099 0.109791 0.110608 0.111558 0.112652 0.113889 0.115261 0.116757 0.118378 0.120123 0.121994 0.123989 0.126109 0.128354 0.130723 0.133216 0.135831 0.138568 0.141427 0.144405 0.147502 0.150717 0.154047 0.157492 0.161051 0.164720 0.168500 0.172387 0.176380 0.180476 0.184672 0.188964 0.193350 0.197827 0.202394 0.207053 0.211807 0.216661 0.221620 0.226686 0.231853 0.237107 0.242427 0.247784 0.253150 0.258509 0.263868 0.269266 0.274778 0.280506 0.286559 0.293019 0.299906 0.307141 0.314535 0.321804 0.328615 0.334667 0.339779 0.343965 0.347479 0.350813 0.354640 0.359731 0.366863 0.376758 0.390059 0.407353 0.428843 0.453971 0.480613 0.505446 0.524380 0.533242 0.528470 0.508061 0.472913 0.427928 0.382464 0.348494 0.338801 0.364051 0.425420 0.508093 0.583287 0.624929 0.619681 0.569497 0.495541 0.444453 0.467563 0.569531 0.691599 0.763334 0.756596 0.000000
1.000000 0.761944 0.734589 0.562269 0.324779 0.156490 0.130456 0.195740 0.290327 0.359587 0.366053 0.308277 0.215467 0.133828 0.087869 0.074242 0.081490 0.103879 0.137194 0.174884 0.207627 0.227394 0.231434 0.221442 0.201859 0.177937 0.154306 0.134466 0.119657 0.109092 0.101438 0.096030 0.092322 0.089812 0.088016 0.086489 0.084854 0.082853 0.080369 0.077422 0.074138 0.070693 0.067268 0.064003 0.060979 0.058217 0.055693 0.053355 0.051144 0.049010 0.046917 0.044849 0.042804 0.040789 0.038816 0.036895 0.035034 0.033235 0.031500 0.029823 0.028202 0.026634 0.025114 0.023641 0.022215 0.020834 0.019499 0.018210 0.016966 0.015767 0.014613 0.013503 0.012438 0.011415 0.010435 0.009498 0.008602 0.007748 0.006934 0.006161 0.005427 0.004733 0.004078 0.003461 0.002881 0.002339 0.001834 0.001365 0.000932 0.000535 0.000176 -0.000007 -0.000007 -0.000007 -0.000007 -0.000007 -0.000007 -0.000007 -0.000007 -0.000007 -0.000007 -0.000007 -0.000007 -0.000007 -0.000007 -0.000007 -0.000007 -0.000007 -0.000007 -0.000007 -0.000007 0.000177 0.000536 0.000933 0.001366 0.001835 0.002341 0.002883 0.003462 0.004079 0.004735 0.005429 0.006163 0.006936 0.007750 0.008605 0.009501 0.010438 0.011418 0.012441 0.013507 0.014616 0.015770 0.016969 0.018213 0.019503 0.020838 0.022219 0.023646 0.025119 0.026638 0.028207 0.029828 0.031505 0.033241 0.035039 0.036900 0.038821 0.040795 0.042810 0.044855 0.046923 0.049016 0.051151 0.053361 0.055700 0.058224 0.060985 0.064010 0.067275 0.070700 0.074145 0.077430 0.080376 0.082860 0.084861 0.086496 0.088024 0.089819 0.092330 0.096038 0.101445 0.109100 0.119665 0.134475 0.154317 0.177948 0.201871 0.221454 0.231447 0.227407 0.207639 0.174895 0.137202 0.103885 0.081494 0.074245 0.087871 0.133830 0.215471 0.308284 0.366061 0.359597 0.290335 0.195746 0.130461 0.156495 0.324785 0.562273 0.734591 0.761944 1.000000
0.992112 0.875457 0.712133 0.441301 0.122165 -0.000007 -0.000007 0.017499 0.076932 0.129546 0.135131 0.090175 0.033595 -0.000007 -0.000007 -0.000007 -0.000007 -0.000007 0.002014 0.013649 0.025169 0.032421 0.033524 0.029087 0.021310 0.012620 0.004873 -0.000007 -0.000007 -0.000007 -0.000007 -0.000007 -0.000007 -0.000007 -0.000007 -0.000007 -0.000007 -0.000007 -0.000007 -0.000007 -0.000007 -0.000007 -0.000007 -0.000007 -0.000007 -0.000007 -0.000007 -0.000007 -0.000007 -0.000007 -0.000007 -0.000007 -0.000007 -0.000007 -0.000007 -0.000007 -0.000007 -0.000007 -0.000007 -0.000007 -0.000007 -0.000007 -0.000007 -0.000007 -0.000007 -0.000007 -0.000007 -0.000007 -0.000007 -0.000007 -0.000007 -0.000007 -0.000007 -0.000007 -0.000007 -0.000007 -0.000007 -0.000007 -0.000007 -0.000007 -0.000007 -0.000007 -0.000007 -0.000007 -0.000007 -0.000007 -0.000007 -0.000007 -0.000007 -0.000007 -0.000007 -0.000007 -0.000007 -0.000007 -0.000007 -0.000007 -0.000007 -0.000007 -0.000007 -0.000007 -0.000007 -0.000007 -0.000007 -0.000007 -0.000007 -0.000007 -0.000007 -0.000007 -0.000007 -0.000007 -0.000007 -0.000007 -0.000007 -0.000007 -0.000007 -0.000007 -0.000007 -0.000007 -0.000007 -0.000007 -0.000007 -0.000007 -0.000007 -0.000007 -0.000007 -0.000007 -0.000007 -0.000007 -0.000007 -0.000007 -0.000007 -0.000007 -0.000007 -0.000007 -0.000007 -0.000007 -0.000007 -0.000007 -0.000007 -0.000007 -0.000007 -0.000007 -0.000007 -0.000007 -0.000007 -0.000007 -0.000007 -0.000007 -0.000007 -0.000007 -0.000007 -0.000007 -0.000007 -0.000007 -0.000007 -0.000007 -0.000007 -0.000007 -0.000007 -0.000007 -0.000007 -0.000007 -0.000007 -0.000007 -0.000007 -0.000007 -0.000007 -0.000007 -0.000007 -0.000007 -0.000007 -0.000007 -0.000007 -0.000007 -0.000007 0.004875 0.012623 0.021314 0.029091 0.033529 0.032425 0.025173 0.013652 0.002016 -0.000007 -0.000007 -0.000007 -0.000007 -0.000007 0.033596 0.090179 0.135138 0.129554 0.076938 0.017501 -0.000007 -0.000007 0.122170 0.441306 0.712135 0.875457 0.992112
0.986092 0.882287 0.712827 0.401157 0.066689 -0.000007 -0.000007 -0.000007 0.018442 0.055428 0.061255 0.032464 -0.000007 -0.000007 -0.000007 -0.000007 -0.000007 -0.000007 -0.000007 -0.000007 -0.000007 -0.000007 -0.000007 -0.000007 -0.000007 -0.000007 -0.000007 -0.000007 -0.000007 -0.000007 -0.000007 -0.000007 -0.000007 -0.000007 -0.000007 -0.000007 -0.000007 -0.000007 -0.000007 -0.000007 -0.000007 -0.000007 -0.000007 -0.000007 -0.000007 -0.000007 -0.000007 -0.000007 -0.000007 -0.000007 -0.000007 -0.000007 -0.000007 -0.000007 -0.000007 -0.000007 -0.000007 -0.000007 -0.000007 -0.000007 -0.000007 -0.000007 -0.000007 -0.000007 -0.000007 -0.000007 -0.000007 -0.000007 -0.000007 -0.000007 -0.000007 -0.000007 -0.000007 -0.000007 -0.000007 -0.000007 -0.000007 -0.000007 -0.000007 -0.000007 -0.000007 -0.000007 -0.000007 -0.000007 -0.000007 -0.000007 -0.000007 -0.000007 -0.000007 -0.000007 -0.000007 -0.000007 -0.000007 -0.000007 -0.000007 -0.000007 -0.000007 -0.000007 -0.000007 -0.000007 -0.000007 -0.000007 -0.000007 -0.000007 -0.000007 -0.000007 -0.000007 -0.000007 -0.000007 -0.000007 -0.000007 -0.000007 -0.000007 -0.000007 -0.000007 -0.000007 -0.000007 -0.000007 -0.000007 -0.000007 -0.000007 -0.000007 -0.000007 -0.000007 -0.000007 -0.000007 -0.000007 -0.000007 -0.000007 -0.000007 -0.000007 -0.000007 -0.000007 -0.000007 -0.000007 -0.000007 -0.000007 -0.000007 -0.000007 -0.000007 -0.000007 -0.000007 -0.000007 -0.000007 -0.000007 -0.000007 -0.000007 -0.000007 -0.000007 -0.000007 -0.000007 -0.000007 -0.000007 -0.000007 -0.000007 -0.000007 -0.000007 -0.000007 -0.000007 -0.000007 -0.000007 -0.000007 -0.000007 -0.000007 -0.000007 -0.000007 -0.000007 -0.000007 -0.000007 -0.000007 -0.000007 -0.000007 -0.000007 -0.000007 -0.000007 -0.000007 -0.000007 -0.000007 -0.000007 -0.000007 -0.000007 -0.000007 -0.000007 -0.000007 -0.000007 -0.000007 -0.000007 -0.000007 -0.000007 -0.000007 0.032466 0.061260 0.055434 0.018445 -0.000007 -0.000007 -0.000007 0.066693 0.401162 0.712829 0.882287 0.986092
0.987310 0.873946 0.720696 0.474544 0.169737 0.009113 -0.000007 0.031800 0.088943 0.139949 0.152607 0.122738 0.080209 0.051786 0.041338 0.040991 0.047229 0.056526 0.066294 0.074887 0.080867 0.083729 0.083546 0.081154 0.077800 0.074596 0.072157 0.070586 0.069885 0.069706 0.069950 0.070469 0.071164 0.071948 0.072734 0.073443 0.074015 0.074420 0.074663 0.074779 0.074818 0.074833 0.074865 0.074941 0.075066 0.075232 0.075423 0.075621 0.075812 0.075986 0.076143 0.076282 0.076409 0.076529 0.076646 0.076762 0.076879 0.076997 0.077113 0.077228 0.077340 0.077448 0.077552 0.077653 0.077751 0.077845 0.077937 0.078025 0.078111 0.078194 0.078274 0.078351 0.078426 0.078497 0.078565 0.078631 0.078693 0.078753 0.078810 0.078864 0.078915 0.078963 0.079009 0.079052 0.079092 0.079130 0.079165 0.079198 0.079228 0.079256 0.079281 0.079303 0.079323 0.079341 0.079356 0.079369 0.079380 0.079388 0.079395 0.079399 0.079401 0.079401 0.079399 0.079395 0.079389 0.079380 0.079369 0.079357 0.079341 0.079324 0.079304 0.079281 0.079256 0.079228 0.079198 0.079166 0.079131 0.079093 0.079053 0.079010 0.078964 0.078916 0.078865 0.078811 0.078754 0.078694 0.078632 0.078566 0.078498 0.078426 0.078352 0.078275 0.078195 0.078112 0.078026 0.077938 0.077846 0.077752 0.077654 0.077553 0.077449 0.077340 0.077229 0.077114 0.076997 0.076880 0.076763 0.076647 0.076530 0.076410 0.076283 0.076143 0.075987 0.075812 0.075621 0.075423 0.075232 0.075066 0.074941 0.074866 0.074833 0.074818 0.074779 0.074663 0.074420 0.074015 0.073443 0.072734 0.071948 0.071164 0.070469 0.069950 0.069705 0.069884 0.070586 0.072157 0.074596 0.077801 0.081155 0.083548 0.083730 0.080869 0.074887 0.066294 0.056526 0.047229 0.040990 0.041337 0.051785 0.080209 0.122741 0.152613 0.139956 0.088948 0.031802 -0.000007 0.009114 0.169740 0.474547 0.720697 0.873946 0.987310
1.000000 0.760828 0.752015 0.618361 0.424386 0.267742 0.223368 0.266749 0.339402 0.396654 0.412855 0.388269 0.342291 0.300732 0.277779 0.274636 0.285249 0.302809 0.321624 0.337925 0.349418 0.355218 0.355654 0.352040 0.346287 0.340242 0.335134 0.331500 0.329360 0.328409 0.328346 0.328932 0.329942 0.331182 0.332469 0.333641 0.334577 0.335215 0.335554 0.335651 0.335593 0.335475 0.335376 0.335347 0.335405 0.335541 0.335727 0.335935 0.336137 0.336316 0.336465 0.336586 0.336684 0.336769 0.336848 0.336925 0.337004 0.337085 0.337165 0.337243 0.337319 0.337389 0.337455 0.337515 0.337571 0.337623 0.337671 0.337716 0.337758 0.337798 0.337834 0.337868 0.337899 0.337927 0.337953 0.337977 0.337998 0.338018 0.338036 0.338051 0.338066 0.338078 0.338090 0.338100 0.338109 0.338117 0.338124 0.338130 0.338135 0.338140 0.338144 0.338147 0.338150 0.338152 0.338154 0.338156 0.338157 0.338158 0.338158 0.338159 0.338159 0.338159 0.338159 0.338158 0.338158 0.338157 0.338156 0.338155 0.338153 0.338151 0.338148 0.338145 0.338141 0.338136 0.338131 0.338125 0.338118 0.338110 0.338102 0.338091 0.338080 0.338067 0.338053 0.338037 0.338020 0.338000 0.337979 0.337955 0.337929 0.337901 0.337870 0.337836 0.337800 0.337760 0.337718 0.337673 0.337625 0.337573 0.337517 0.337457 0.337391 0.337321 0.337245 0.337167 0.337086 0.337006 0.336927 0.336849 0.336771 0.336686 0.336587 0.336467 0.336318 0.336139 0.335936 0.335728 0.335542 0.335406 0.335348 0.335377 0.335476 0.335593 0.335651 0.335554 0.335215 0.334578 0.333642 0.332469 0.331182 0.329942 0.328932 0.328346 0.328408 0.329359 0.331499 0.335133 0.340242 0.346288 0.352042 0.355656 0.355220 0.349420 0.337926 0.321625 0.302809 0.285247 0.274635 0.277777 0.300730 0.342291 0.388271 0.412860 0.396660 0.339407 0.266752 0.223369 0.267744 0.424388 0.618363 0.752016 0.760828 1.000000
0.000000 0.767669 0.797940 0.762659 0.687901 0.618869 0.592047 0.611289 0.650412 0.681599 0.691615 0.680509 0.657100 0.633371 0.618462 0.615357 0.621812 0.633320 0.645861 0.656717 0.664407 0.668433 0.669043 0.667044 0.663552 0.659673 0.656229 0.653642 0.651999 0.651170 0.650975 0.651243 0.651826 0.652581 0.653382 0.654116 0.654703 0.655097 0.655296 0.655333 0.655263 0.655147 0.655036 0.654964 0.654946 0.654976 0.655041 0.655121 0.655199 0.655262 0.655307 0.655332 0.655343 0.655342 0.655337 0.655329 0.655321 0.655313 0.655305 0.655295 0.655283 0.655268 0.655249 0.655227 0.655202 0.655175 0.655146 0.655115 0.655083 0.655049 0.655015 0.654980 0.654944 0.654908 0.654871 0.654835 0.654798 0.654762 0.654727 0.654692 0.654657 0.654624 0.654592 0.654561 0.654531 0.654502 0.654475 0.654450 0.654426 0.654404 0.654383 0.654364 0.654348 0.654333 0.654319 0.654308 0.654299 0.654291 0.654286 0.654282 0.654280 0.654280 0.654282 0.654286 0.654292 0.654299 0.654309 0.654320 0.654333 0.654348 0.654365 0.654384 0.654405 0.654427 0.654451 0.654476 0.654503 0.654532 0.654562 0.654593 0.654625 0.654659 0.654693 0.654728 0.654764 0.654800 0.654837 0.654873 0.654910 0.654946 0.654982 0.655017 0.655051 0.655085 0.655117 0.655148 0.655177 0.655204 0.655229 0.655251 0.655269 0.655284 0.655297 0.655306 0.655315 0.655322 0.655330 0.655338 0.655343 0.655343 0.655333 0.655308 0.655263 0.655199 0.655121 0.655042 0.654977 0.654946 0.654964 0.655036 0.655147 0.655263 0.655333 0.655296 0.655097 0.654703 0.654116 0.653381 0.652581 0.651825 0.651243 0.650975 0.651169 0.651998 0.653642 0.656229 0.659673 0.663552 0.667044 0.669044 0.668434 0.664407 0.656717 0.645861 0.633319 0.621811 0.615356 0.618460 0.633369 0.657099 0.680510 0.691617 0.681601 0.650414 0.611290 0.592048 0.618869 0.687902 0.762659 0.797940 0.767669 0.000000
1.000000 0.813025 0.879247 0.879800 0.865984 0.852019 0.846499 0.851236 0.861275 0.869732 0.872715 0.870161 0.864303 0.858181 0.854157 0.853263 0.855111 0.858527 0.862296 0.865587 0.867943 0.869221 0.869491 0.868980 0.868000 0.866863 0.865815 0.864994 0.864446 0.864144 0.864041 0.864087 0.864235 0.864442 0.864667 0.864875 0.865039 0.865147 0.865195 0.865193 0.865156 0.865104 0.865050 0.865006 0.864977 0.864961 0.864955 0.864953 0.864951 0.864943 0.864930 0.864911 0.864886 0.864857 0.864825 0.864792 0.864758 0.864724 0.864689 0.864653 0.864616 0.864578 0.864539 0.864498 0.864457 0.864415 0.864373 0.864330 0.864287 0.864244 0.864201 0.864158 0.864116 0.864074 0.864033 0.863993 0.863954 0.863916 0.863878 0.863842 0.863808 0.863774 0.863742 0.863712 0.863683 0.863656 0.863630 0.863606 0.863584 0.863563 0.863544 0.863527 0.863511 0.863498 0.863486 0.863476 0.863467 0.863461 0.863456 0.863453 0.863451 0.863451 0.863453 0.863456 0.863461 0.863468 0.863476 0.863486 0.863498 0.863512 0.863527 0.863544 0.863563 0.863584 0.863606 0.863631 0.863656 0.863684 0.863713 0.863743 0.863775 0.863808 0.863843 0.863879 0.863916 0.863955 0.863994 0.864034 0.864075 0.864117 0.864159 0.864201 0.864244 0.864287 0.864330 0.864373 0.864416 0.864458 0.864499 0.864539 0.864579 0.864617 0.864654 0.864690 0.864724 0.864759 0.864792 0.864825 0.864857 0.864886 0.864911 0.864930 0.864944 0.864951 0.864953 0.864955 0.864961 0.864977 0.865006 0.865050 0.865103 0.865156 0.865192 0.865194 0.865146 0.865039 0.864874 0.864667 0.864442 0.864235 0.864087 0.864041 0.864143 0.864445 0.864994 0.865814 0.866863 0.867999 0.868980 0.869491 0.869221 0.867943 0.865586 0.862295 0.858527 0.855110 0.853262 0.854156 0.858180 0.864302 0.870161 0.872715 0.869732 0.861276 0.851236 0.846499 0.852019 0.865984 0.879800 0.879247 0.813025 1.000000
1.000000 1.000000 1.000000 1.000000 1.000000 1.000000 1.000000 1.000000 1.000000 1.000000 1.000000 1.000000 1.000000 1.000000 1.000000 1.000000 1.000000 1.000000 1.000000 1.000000 1.000000 1.000000 1.000000 1.000000 1.000000 1.000000 1.000000 1.000000 1.000000 1.000000 1.000000 1.000000 1.000000 1.000000 1.000000 1.000000 1.000000 1.000000 1.000000 1.000000 1.000000 1.000000 1.000000 1.000000 1.000000 1.000000 1.000000 1.000000 1.000000 1.000000 1.000000 1.000000 1.000000 1.000000 1.000000 1.000000 1.000000 1.000000 1.000000 1.000000 1.000000 1.000000 1.000000 1.000000 1.000000 1.000000 1.000000 1.000000 1.000000 1.000000 1.000000 1.000000 1.000000 1.000000 1.000000 1.000000 1.000000 1.000000 1.000000 1.000000 1.000000 1.000000 1.000000 1.000000 1.000000 1.000000 1.000000 1.000000 1.000000 1.000000 1.000000 1.000000 1.000000 1.000000 1.000000 1.000000 1.000000 1.000000 1.000000 1.000000 1.000000 1.000000 1.000000 1.000000 1.000000 1.000000 1.000000 1.000000 1.000000 1.000000 1.000000 1.000000 1.000000 1.000000 1.000000 1.000000 1.000000 1.000000 1.000000 1.000000 1.000000 1.000000 1.000000 1.000000 1.000000 1.000000 1.000000 1.000000 1.000000 1.000000 1.000000 1.000000 1.000000 1.000000 1.000000 1.000000 1.000000 1.000000 1.000000 1.000000 1.000000 1.000000 1.000000 1.000000 1.000000 1.000000 1.000000 1.000000 1.000000 1.000000 1.000000 1.000000 1.000000 1.000000 1.000000 1.000000 1.000000 1.000000 1.000000 1.000000 1.000000 1.000000 1.000000 1.000000 1.000000 1.000000 1.000000 1.000000 1.000000 1.000000 1.000000 1.000000 1.000000 1.000000 1.000000 1.000000 1.000000 1.000000 1.000000 1.000000 1.000000 1.000000 1.000000 1.000000 1.000000 1.000000 1.000000 1.000000 1.000000 1.000000 1.000000 1.000000 1.000000 1.000000 1.000000 1.000000 1.000000 1.000000 1.000000 1.000000 1.000000 1.000000
