0.015 0.092
0.000000 0.000000 0.000000 0.000000 0.000000 0.000000 0.000000 0.000000 0.000000 0.000000 0.000000 0.000000 0.000000 0.000000 0.000000 0.000000 0.000000 0.000000 0.000000 0.000000 0.000000 0.000000 0.000000 0.000000 0.000000 0.000000 0.000000 0.000000 0.000000 0.000000 0.000000 0.000000 0.000000 0.000000 0.000000 0.000000 0.000000 0.000000 0.000000 0.000000 0.000000 0.000000 0.000000 0.000000 0.000000 0.000000 0.000000 0.000000 0.000000 0.000000 0.000000 0.000000 0.000000 0.000000 0.000000 0.000000 0.000000 0.000000 0.000000 0.000000 0.000000 0.000000 0.000000 0.000000 0.000000 0.000000 0.000000 0.000000 0.000000 0.000000 0.000000 0.000000 0.000000 0.000000 0.000000 0.000000 0.000000 0.000000 0.000000 0.000000 0.000000 0.000000 0.000000 0.000000 0.000000 0.000000 0.000000 0.000000 0.000000 0.000000 0.000000 0.000000 0.000000 0.000000 0.000000 0.000000 0.000000 0.000000 0.000000 0.000000 0.000000 0.000000 0.000000 0.000000 0.000000 0.000000 0.000000 0.000000 0.000000 0.000000 0.000000 0.000000 0.000000 0.000000 0.000000 0.000000 0.000000 0.000000 0.000000 0.000000 0.000000 0.000000 0.000000 0.000000 0.000000 0.000000 0.000000 0.000000 0.000000 0.000000 0.000000 0.000000 0.000000 0.000000 0.000000 0.000000 0.000000 0.000000 0.000000 0.000000 0.000000 0.000000 0.000000 0.000000 0.000000 0.000000 0.000000 0.000000 0.000000 0.000000 0.000000 0.000000 0.000000 0.000000 0.000000 0.000000 0.000000 0.000000 0.000000 0.000000 0.000000 0.000000 0.000000 0.000000 0.000000 0.000000 0.000000 0.000000 0.000000 0.000000 0.000000 0.000000 0.000000 0.000000 0.000000 0.000000 0.000000 0.000000 0.000000 0.000000 0.000000 0.000000 0.000000 0.000000 0.000000 0.000000 0.000000 0.000000 0.000000 0.000000 0.000000 0.000000 0.000000 0.000000 0.000000 0.000000 0.000000 0.000000 0.000000 0.000000 0.000000 0.000000
0.000000 0.088186 0.134413 0.146024 0.160542 0.175453 0.188931 0.200647 0.210996 0.220330 0.228640 0.235682 0.241244 0.245309 0.248075 0.249875 0.251057 0.251891 0.252535 0.253056 0.253480 0.253824 0.254119 0.254404 0.254719 0.255087 0.255517 0.256002 0.256527 0.257077 0.257640 0.258209 0.258780 0.259353 0.259925 0.260495 0.261060 0.261617 0.262163 0.262697 0.263216 0.263719 0.264205 0.264674 0.265125 0.265559 0.265975 0.266372 0.266753 0.267115 0.267461 0.267789 0.268102 0.268399 0.268680 0.268947 0.269199 0.269438 0.269664 0.269878 0.270080 0.270271 0.270451 0.270621 0.270782 0.270934 0.271077 0.271212 0.271339 0.271459 0.271572 0.271679 0.271780 0.271875 0.271965 0.272049 0.272129 0.272204 0.272274 0.272341 0.272403 0.272462 0.272516 0.272568 0.272616 0.272660 0.272701 0.272740 0.272775 0.272807 0.272837 0.272863 0.272887 0.272908 0.272926 0.272942 0.272955 0.272965 0.272973 0.272978 0.272981 0.272981 0.272978 0.272973 0.272965 0.272955 0.272942 0.272926 0.272908 0.272887 0.272863 0.272837 0.272807 0.272775 0.272740 0.272701 0.272660 0.272616 0.272568 0.272516 0.272462 0.272403 0.272341 0.272274 0.272204 0.272129 0.272049 0.271965 0.271875 0.271780 0.271679 0.271572 0.271459 0.271339 0.271212 0.271077 0.270934 0.270782 0.270621 0.270451 0.270271 0.270080 0.269878 0.269664 0.269438 0.269199 0.268947 0.268680 0.268399 0.268102 0.267789 0.267461 0.267115 0.266753 0.266372 0.265975 0.265559 0.265125 0.264674 0.264205 0.263719 0.263216 0.262697 0.262163 0.261617 0.261060 0.260495 0.259925 0.259353 0.258780 0.258209 0.257640 0.257077 0.256527 0.256002 0.255517 0.255087 0.254719 0.254404 0.254119 0.253824 0.253480 0.253056 0.252535 0.251891 0.251057 0.249875 0.248075 0.245309 0.241244 0.235682 0.228640 0.220330 0.210996 0.200647 0.188931 0.175453 0.160542 0.146024 0.134413 0.088186 0.000000
0.000000 0.297527 0.283532 0.318084 0.357567 0.393772 0.421291 0.440181 0.453081 0.462771 0.471043 0.478590 0.485403 0.491243 0.495962 0.499607 0.502363 0.504449 0.506048 0.507281 0.508232 0.508973 0.509580 0.510127 0.510677 0.511270 0.511918 0.512615 0.513344 0.514084 0.514824 0.515557 0.516280 0.516997 0.517706 0.518408 0.519101 0.519782 0.520448 0.521097 0.521728 0.522338 0.522927 0.523496 0.524044 0.524570 0.525076 0.525560 0.526024 0.526468 0.526892 0.527297 0.527683 0.528051 0.528401 0.528734 0.529052 0.529354 0.529641 0.529913 0.530172 0.530419 0.530653 0.530875 0.531086 0.531286 0.531476 0.531657 0.531829 0.531992 0.532146 0.532293 0.532432 0.532564 0.532689 0.532808 0.532921 0.533027 0.533128 0.533223 0.533313 0.533398 0.533477 0.533552 0.533622 0.533687 0.533748 0.533805 0.533857 0.533905 0.533948 0.533988 0.534023 0.534055 0.534082 0.534106 0.534125 0.534141 0.534152 0.534160 0.534164 0.534164 0.534160 0.534152 0.534141 0.534125 0.534106 0.534082 0.534055 0.534023 0.533988 0.533948 0.533905 0.533857 0.533805 0.533748 0.533687 0.533622 0.533552 0.533477 0.533398 0.533313 0.533223 0.533128 0.533027 0.532921 0.532808 0.532689 0.532564 0.532432 0.532293 0.532146 0.531992 0.531829 0.531657 0.531476 0.531286 0.531086 0.530875 0.530653 0.530419 0.530172 0.529913 0.529641 0.529354 0.529052 0.528734 0.528401 0.528051 0.527683 0.527297 0.526892 0.526468 0.526024 0.525560 0.525076 0.524570 0.524044 0.523496 0.522927 0.522338 0.521728 0.521097 0.520448 0.519782 0.519101 0.518408 0.517706 0.516997 0.516280 0.515557 0.514824 0.514084 0.513344 0.512615 0.511918 0.511270 0.510677 0.510127 0.509580 0.508973 0.508232 0.507281 0.506048 0.504449 0.502363 0.499607 0.495962 0.491243 0.485403 0.478590 0.471043 0.462771 0.453081 0.440181 0.421291 0.393772 0.357567 0.318084 0.283532 0.297527 0.000000
1.000000 0.361651 0.387870 0.435022 0.492332 0.537622 0.565637 0.578816 0.582719 0.582806 0.582852 0.584565 0.588024 0.592487 0.597101 0.601276 0.604747 0.607483 0.609569 0.611121 0.612262 0.613105 0.613756 0.614307 0.614825 0.615350 0.615891 0.616441 0.616983 0.617504 0.617997 0.618462 0.618904 0.619328 0.619742 0.620146 0.620543 0.620930 0.621308 0.621674 0.622029 0.622372 0.622703 0.623023 0.623332 0.623631 0.623919 0.624197 0.624465 0.624723 0.624971 0.625211 0.625441 0.625663 0.625876 0.626082 0.626280 0.626470 0.626653 0.626829 0.626998 0.627161 0.627318 0.627469 0.627614 0.627753 0.627887 0.628016 0.628140 0.628259 0.628373 0.628482 0.628587 0.628688 0.628785 0.628877 0.628965 0.629049 0.629129 0.629206 0.629278 0.629347 0.629412 0.629474 0.629532 0.629586 0.629637 0.629684 0.629728 0.629769 0.629806 0.629839 0.629869 0.629896 0.629920 0.629940 0.629956 0.629970 0.629980 0.629986 0.629990 0.629990 0.629986 0.629980 0.629970 0.629956 0.629940 0.629920 0.629896 0.629869 0.629839 0.629806 0.629769 0.629728 0.629684 0.629637 0.629586 0.629532 0.629474 0.629412 0.629347 0.629278 0.629206 0.629129 0.629049 0.628965 0.628877 0.628785 0.628688 0.628588 0.628482 0.628373 0.628259 0.628140 0.628016 0.627887 0.627753 0.627614 0.627469 0.627318 0.627161 0.626998 0.626829 0.626653 0.626470 0.626280 0.626082 0.625876 0.625663 0.625441 0.625211 0.624971 0.624723 0.624465 0.624197 0.623919 0.623631 0.623332 0.623023 0.622703 0.622372 0.622029 0.621674 0.621308 0.620930 0.620543 0.620146 0.619742 0.619328 0.618904 0.618462 0.617997 0.617504 0.616983 0.616441 0.615891 0.615350 0.614825 0.614307 0.613756 0.613105 0.612262 0.611121 0.609569 0.607483 0.604747 0.601276 0.597101 0.592487 0.588024 0.584565 0.582852 0.582806 0.582719 0.578816 0.565637 0.537622 0.492332 0.435022 0.387870 0.361652 1.000000
0.000000 0.332156 0.356771 0.428333 0.491040 0.532922 0.550707 0.549480 0.537589 0.523092 0.511545 0.505252 0.503921 0.505962 0.509632 0.513630 0.517218 0.520102 0.522255 0.523779 0.524816 0.525513 0.525998 0.526371 0.526696 0.527001 0.527287 0.527539 0.527742 0.527886 0.527972 0.528008 0.528009 0.527987 0.527952 0.527911 0.527866 0.527818 0.527769 0.527718 0.527667 0.527616 0.527568 0.527522 0.527480 0.527442 0.527409 0.527381 0.527357 0.527338 0.527324 0.527314 0.527309 0.527309 0.527313 0.527321 0.527333 0.527349 0.527368 0.527391 0.527416 0.527444 0.527474 0.527506 0.527541 0.527577 0.527614 0.527652 0.527691 0.527731 0.527772 0.527812 0.527853 0.527894 0.527934 0.527974 0.528013 0.528052 0.528090 0.528126 0.528162 0.528197 0.528230 0.528262 0.528292 0.528321 0.528349 0.528375 0.528399 0.528421 0.528442 0.528461 0.528478 0.528493 0.528507 0.528518 0.528528 0.528536 0.528542 0.528545 0.528547 0.528547 0.528545 0.528542 0.528536 0.528528 0.528518 0.528507 0.528493 0.528478 0.528461 0.528442 0.528421 0.528399 0.528375 0.528349 0.528321 0.528292 0.528262 0.528230 0.528197 0.528162 0.528126 0.528090 0.528052 0.528013 0.527974 0.527934 0.527894 0.527853 0.527812 0.527772 0.527731 0.527691 0.527652 0.527614 0.527577 0.527541 0.527506 0.527474 0.527444 0.527416 0.527391 0.527368 0.527349 0.527333 0.527321 0.527313 0.527309 0.527309 0.527314 0.527324 0.527338 0.527357 0.527381 0.527409 0.527442 0.527480 0.527522 0.527568 0.527616 0.527667 0.527718 0.527769 0.527818 0.527866 0.527911 0.527952 0.527987 0.528009 0.528008 0.527972 0.527886 0.527742 0.527539 0.527287 0.527001 0.526696 0.526371 0.525998 0.525513 0.524816 0.523779 0.522255 0.520102 0.517218 0.513630 0.509632 0.505962 0.503921 0.505252 0.511545 0.523092 0.537589 0.549480 0.550707 0.532922 0.491040 0.428333 0.356771 0.332156 0.000000
0.000000 0.133695 0.245015 0.313711 0.366573 0.393623 0.394359 0.375815 0.348617 0.322433 0.302976 0.291656 0.287113 0.286985 0.289091 0.291892 0.294513 0.296585 0.298043 0.298968 0.299494 0.299759 0.299875 0.299922 0.299940 0.299937 0.299899 0.299806 0.299644 0.299407 0.299103 0.298748 0.298358 0.297949 0.297532 0.297114 0.296699 0.296289 0.295885 0.295489 0.295102 0.294727 0.294365 0.294016 0.293683 0.293366 0.293064 0.292778 0.292508 0.292254 0.292015 0.291791 0.291582 0.291387 0.291206 0.291037 0.290881 0.290738 0.290605 0.290483 0.290372 0.290269 0.290176 0.290091 0.290014 0.289945 0.289882 0.289825 0.289774 0.289728 0.289687 0.289650 0.289618 0.289589 0.289564 0.289541 0.289522 0.289505 0.289490 0.289477 0.289465 0.289456 0.289447 0.289440 0.289434 0.289429 0.289425 0.289421 0.289418 0.289416 0.289414 0.289412 0.289411 0.289410 0.289409 0.289408 0.289408 0.289408 0.289407 0.289407 0.289407 0.289407 0.289407 0.289407 0.289408 0.289408 0.289408 0.289409 0.289410 0.289411 0.289412 0.289414 0.289416 0.289418 0.289421 0.289425 0.289429 0.289434 0.289440 0.289447 0.289456 0.289465 0.289477 0.289490 0.289505 0.289522 0.289541 0.289564 0.289589 0.289618 0.289650 0.289687 0.289728 0.289774 0.289825 0.289882 0.289945 0.290014 0.290091 0.290176 0.290270 0.290372 0.290483 0.290605 0.290738 0.290881 0.291037 0.291206 0.291387 0.291582 0.291791 0.292015 0.292254 0.292508 0.292778 0.293064 0.293366 0.293683 0.294016 0.294365 0.294727 0.295102 0.295489 0.295885 0.296289 0.296699 0.297114 0.297532 0.297949 0.298358 0.298748 0.299103 0.299407 0.299644 0.299806 0.299899 0.299937 0.299940 0.299922 0.299875 0.299759 0.299494 0.298968 0.298043 0.296585 0.294513 0.291892 0.289091 0.286985 0.287113 0.291656 0.302976 0.322433 0.348617 0.375815 0.394359 0.393623 0.366573 0.313711 0.245015 0.133695 0.000000
0.018378 0.076368 0.131257 0.176985 0.203555 0.209339 0.195716 0.170367 0.142979 0.120468 0.105329 0.096877 0.093214 0.092378 0.092898 0.093835 0.094701 0.095308 0.095633 0.095732 0.095678 0.095543 0.095376 0.095207 0.095042 0.094873 0.094682 0.094456 0.094186 0.093871 0.093518 0.093140 0.092747 0.092348 0.091950 0.091555 0.091166 0.090783 0.090408 0.090041 0.089685 0.089339 0.089006 0.088685 0.088377 0.088082 0.087801 0.087533 0.087278 0.087036 0.086807 0.086590 0.086385 0.086191 0.086008 0.085837 0.085675 0.085523 0.085380 0.085246 0.085121 0.085004 0.084894 0.084791 0.084694 0.084604 0.084520 0.084442 0.084368 0.084300 0.084236 0.084176 0.084121 0.084069 0.084020 0.083975 0.083933 0.083893 0.083857 0.083823 0.083791 0.083762 0.083734 0.083709 0.083685 0.083663 0.083643 0.083625 0.083608 0.083593 0.083579 0.083567 0.083555 0.083546 0.083537 0.083530 0.083524 0.083519 0.083516 0.083513 0.083512 0.083512 0.083513 0.083516 0.083519 0.083524 0.083530 0.083537 0.083546 0.083555 0.083567 0.083579 0.083593 0.083608 0.083625 0.083643 0.083663 0.083685 0.083709 0.083734 0.083762 0.083791 0.083823 0.083857 0.083893 0.083933 0.083975 0.084020 0.084069 0.084121 0.084176 0.084236 0.084300 0.084368 0.084442 0.084520 0.084604 0.084694 0.084791 0.084894 0.085004 0.085121 0.085246 0.085380 0.085523 0.085675 0.085837 0.086008 0.086191 0.086385 0.086590 0.086807 0.087036 0.087278 0.087533 0.087801 0.088082 0.088377 0.088685 0.089006 0.089339 0.089685 0.090041 0.090408 0.090783 0.091166 0.091555 0.091950 0.092348 0.092747 0.093140 0.093518 0.093871 0.094186 0.094456 0.094682 0.094873 0.095042 0.095207 0.095376 0.095543 0.095678 0.095732 0.095633 0.095308 0.094701 0.093835 0.092898 0.092378 0.093214 0.096877 0.105329 0.120468 0.142979 0.170367 0.195716 0.209339 0.203555 0.176985 0.131257 0.076368 0.018378
0.033138 0.055369 0.075737 0.090789 0.095889 0.089245 0.074060 0.055815 0.039462 0.027445 0.019881 0.015804 0.014025 0.013474 0.013416 0.013488 0.013532 0.013501 0.013402 0.013260 0.013099 0.012940 0.012795 0.012665 0.012547 0.012432 0.012313 0.012181 0.012036 0.011876 0.011706 0.011529 0.011350 0.011172 0.010995 0.010821 0.010651 0.010484 0.010321 0.010162 0.010007 0.009857 0.009713 0.009573 0.009439 0.009311 0.009188 0.009071 0.008958 0.008851 0.008749 0.008652 0.008560 0.008472 0.008389 0.008309 0.008234 0.008163 0.008096 0.008032 0.007972 0.007915 0.007861 0.007809 0.007761 0.007715 0.007672 0.007631 0.007593 0.007556 0.007521 0.007489 0.007458 0.007429 0.007401 0.007375 0.007351 0.007328 0.007306 0.007286 0.007266 0.007248 0.007231 0.007216 0.007201 0.007187 0.007174 0.007162 0.007151 0.007141 0.007132 0.007124 0.007117 0.007110 0.007105 0.007100 0.007096 0.007093 0.007090 0.007089 0.007088 0.007088 0.007089 0.007090 0.007093 0.007096 0.007100 0.007105 0.007110 0.007117 0.007124 0.007132 0.007141 0.007151 0.007162 0.007174 0.007187 0.007201 0.007216 0.007231 0.007248 0.007266 0.007286 0.007306 0.007328 0.007351 0.007375 0.007401 0.007429 0.007458 0.007489 0.007521 0.007556 0.007593 0.007631 0.007672 0.007715 0.007761 0.007809 0.007861 0.007915 0.007972 0.008032 0.008096 0.008163 0.008234 0.008309 0.008389 0.008472 0.008560 0.008652 0.008749 0.008851 0.008958 0.009071 0.009188 0.009311 0.009439 0.009573 0.009713 0.009857 0.010007 0.010162 0.010321 0.010484 0.010651 0.010821 0.010995 0.011172 0.011350 0.011529 0.011706 0.011876 0.012036 0.012181 0.012313 0.012432 0.012547 0.012665 0.012795 0.012940 0.013099 0.013260 0.013402 0.013501 0.013532 0.013488 0.013416 0.013474 0.014025 0.015804 0.019881 0.027445 0.039462 0.055815 0.074060 0.089245 0.095889 0.090789 0.075737 0.055369 0.033138
0.047062 0.051724 0.056194 0.057492 0.053714 0.045059 0.033617 0.022240 0.012888 0.006237 0.002049 -0.000006 -0.000006 -0.000006 -0.000006 -0.000006 -0.000006 -0.000006 -0.000006 -0.000006 -0.000006 -0.000006 -0.000006 -0.000006 -0.000006 -0.000006 -0.000006 -0.000006 -0.000006 -0.000006 -0.000006 -0.000006 -0.000006 -0.000006 -0.000006 -0.000006 -0.000006 -0.000006 -0.000006 -0.000006 -0.000006 -0.000006 -0.000006 -0.000006 -0.000006 -0.000006 -0.000006 -0.000006 -0.000006 -0.000006 -0.000006 -0.000006 -0.000006 -0.000006 -0.000006 -0.000006 -0.000006 -0.000006 -0.000006 -0.000006 -0.000006 -0.000006 -0.000006 -0.000006 -0.000006 -0.000006 -0.000006 -0.000006 -0.000006 -0.000006 -0.000006 -0.000006 -0.000006 -0.000006 -0.000006 -0.000006 -0.000006 -0.000006 -0.000006 -0.000006 -0.000006 -0.000006 -0.000006 -0.000006 -0.000006 -0.000006 -0.000006 -0.000006 -0.000006 -0.000006 -0.000006 -0.000006 -0.000006 -0.000006 -0.000006 -0.000006 -0.000006 -0.000006 -0.000006 -0.000006 -0.000006 -0.000006 -0.000006 -0.000006 -0.000006 -0.000006 -0.000006 -0.000006 -0.000006 -0.000006 -0.000006 -0.000006 -0.000006 -0.000006 -0.000006 -0.000006 -0.000006 -0.000006 -0.000006 -0.000006 -0.000006 -0.000006 -0.000006 -0.000006 -0.000006 -0.000006 -0.000006 -0.000006 -0.000006 -0.000006 -0.000006 -0.000006 -0.000006 -0.000006 -0.000006 -0.000006 -0.000006 -0.000006 -0.000006 -0.000006 -0.000006 -0.000006 -0.000006 -0.000006 -0.000006 -0.000006 -0.000006 -0.000006 -0.000006 -0.000006 -0.000006 -0.000006 -0.000006 -0.000006 -0.000006 -0.000006 -0.000006 -0.000006 -0.000006 -0.000006 -0.000006 -0.000006 -0.000006 -0.000006 -0.000006 -0.000006 -0.000006 -0.000006 -0.000006 -0.000006 -0.000006 -0.000006 -0.000006 -0.000006 -0.000006 -0.000006 -0.000006 -0.000006 -0.000006 -0.000006 -0.000006 -0.000006 -0.000006 -0.000006 -0.000006 -0.000006 -0.000006 -0.000006 -0.000006 -0.000006 -0.000006 0.002049 0.006237 0.012888 0.022240 0.033617 0.045059 0.053714 0.057492 0.056194 0.051724 0.047062
0.061935 0.056870 0.054312 0.050809 0.045015 0.037229 0.028697 0.020766 0.014340 0.009661 0.006529 0.004617 0.003570 0.002998 0.002621 0.002329 0.002079 0.001852 0.001644 0.001454 0.001283 0.001131 0.000996 0.000877 0.000772 0.000678 0.000593 0.000515 0.000445 0.000380 0.000321 0.000267 0.000218 0.000174 0.000134 0.000098 0.000064 0.000034 0.000006 -0.000006 -0.000006 -0.000006 -0.000006 -0.000006 -0.000006 -0.000006 -0.000006 -0.000006 -0.000006 -0.000006 -0.000006 -0.000006 -0.000006 -0.000006 -0.000006 -0.000006 -0.000006 -0.000006 -0.000006 -0.000006 -0.000006 -0.000006 -0.000006 -0.000006 -0.000006 -0.000006 -0.000006 -0.000006 -0.000006 -0.000006 -0.000006 -0.000006 -0.000006 -0.000006 -0.000006 -0.000006 -0.000006 -0.000006 -0.000006 -0.000006 -0.000006 -0.000006 -0.000006 -0.000006 -0.000006 -0.000006 -0.000006 -0.000006 -0.000006 -0.000006 -0.000006 -0.000006 -0.000006 -0.000006 -0.000006 -0.000006 -0.000006 -0.000006 -0.000006 -0.000006 -0.000006 -0.000006 -0.000006 -0.000006 -0.000006 -0.000006 -0.000006 -0.000006 -0.000006 -0.000006 -0.000006 -0.000006 -0.000006 -0.000006 -0.000006 -0.000006 -0.000006 -0.000006 -0.000006 -0.000006 -0.000006 -0.000006 -0.000006 -0.000006 -0.000006 -0.000006 -0.000006 -0.000006 -0.000006 -0.000006 -0.000006 -0.000006 -0.000006 -0.000006 -0.000006 -0.000006 -0.000006 -0.000006 -0.000006 -0.000006 -0.000006 -0.000006 -0.000006 -0.000006 -0.000006 -0.000006 -0.000006 -0.000006 -0.000006 -0.000006 -0.000006 -0.000006 -0.000006 -0.000006 -0.000006 -0.000006 -0.000006 -0.000006 -0.000006 -0.000006 -0.000006 -0.000006 -0.000006 0.000006 0.000034 0.000064 0.000098 0.000134 0.000174 0.000218 0.000267 0.000321 0.000380 0.000445 0.000515 0.000593 0.000678 0.000772 0.000877 0.000996 0.001131 0.001283 0.001454 0.001644 0.001852 0.002079 0.002329 0.002621 0.002998 0.003570 0.004617 0.006529 0.009661 0.014340 0.020766 0.028697 0.037229 0.045015 0.050809 0.054312 0.056870 0.061935
0.077298 0.065769 0.059758 0.054654 0.048804 0.042157 0.035365 0.029177 0.024075 0.020209 0.017470 0.015615 0.014412 0.013618 0.013068 0.012649 0.012298 0.011984 0.011694 0.011424 0.011176 0.010950 0.010747 0.010564 0.010400 0.010253 0.010120 0.009998 0.009887 0.009786 0.009694 0.009611 0.009535 0.009467 0.009405 0.009349 0.009298 0.009251 0.009208 0.009169 0.009134 0.009101 0.009070 0.009042 0.009016 0.008991 0.008968 0.008946 0.008925 0.008905 0.008886 0.008868 0.008850 0.008833 0.008816 0.008799 0.008783 0.008767 0.008752 0.008737 0.008722 0.008707 0.008692 0.008678 0.008664 0.008650 0.008637 0.008623 0.008610 0.008597 0.008584 0.008572 0.008560 0.008548 0.008537 0.008526 0.008515 0.008504 0.008494 0.008484 0.008475 0.008466 0.008458 0.008449 0.008442 0.008434 0.008427 0.008421 0.008415 0.008409 0.008404 0.008399 0.008395 0.008391 0.008388 0.008385 0.008383 0.008381 0.008380 0.008379 0.008378 0.008378 0.008379 0.008380 0.008381 0.008383 0.008385 0.008388 0.008391 0.008395 0.008399 0.008404 0.008409 0.008415 0.008421 0.008427 0.008434 0.008442 0.008449 0.008458 0.008466 0.008475 0.008484 0.008494 0.008504 0.008515 0.008526 0.008537 0.008548 0.008560 0.008572 0.008584 0.008597 0.008610 0.008623 0.008637 0.008650 0.008664 0.008678 0.008692 0.008707 0.008722 0.008737 0.008752 0.008767 0.008783 0.008799 0.008816 0.008833 0.008850 0.008868 0.008886 0.008905 0.008925 0.008946 0.008968 0.008991 0.009016 0.009042 0.009070 0.009101 0.009134 0.009169 0.009208 0.009251 0.009298 0.009349 0.009405 0.009467 0.009535 0.009611 0.009694 0.009786 0.009887 0.009998 0.010120 0.010253 0.010400 0.010564 0.010747 0.010950 0.011176 0.011424 0.011694 0.011984 0.012298 0.012649 0.013068 0.013618 0.014412 0.015615 0.017470 0.020209 0.024075 0.029177 0.035365 0.042157 0.048804 0.054654 0.059758 0.065769 0.077298
0.089863 0.074939 0.067326 0.061824 0.056437 0.050787 0.045172 0.040038 0.035712 0.032311 0.029786 0.027987 0.026746 0.025887 0.025273 0.024809 0.024427 0.024092 0.023783 0.023495 0.023226 0.022978 0.022751 0.022546 0.022361 0.022194 0.022044 0.021908 0.021785 0.021674 0.021575 0.021485 0.021404 0.021332 0.021268 0.021210 0.021159 0.021112 0.021070 0.021033 0.020999 0.020967 0.020939 0.020913 0.020889 0.020866 0.020846 0.020826 0.020807 0.020789 0.020772 0.020756 0.020740 0.020724 0.020709 0.020694 0.020679 0.020665 0.020650 0.020636 0.020622 0.020607 0.020593 0.020579 0.020565 0.020552 0.020538 0.020524 0.020511 0.020498 0.020485 0.020472 0.020459 0.020447 0.020435 0.020423 0.020411 0.020400 0.020389 0.020379 0.020368 0.020359 0.020349 0.020340 0.020332 0.020324 0.020316 0.020309 0.020302 0.020296 0.020290 0.020285 0.020280 0.020276 0.020272 0.020269 0.020267 0.020264 0.020263 0.020262 0.020261 0.020261 0.020262 0.020263 0.020264 0.020267 0.020269 0.020272 0.020276 0.020280 0.020285 0.020290 0.020296 0.020302 0.020309 0.020316 0.020324 0.020332 0.020340 0.020349 0.020359 0.020368 0.020379 0.020389 0.020400 0.020411 0.020423 0.020435 0.020447 0.020459 0.020472 0.020485 0.020498 0.020511 0.020524 0.020538 0.020552 0.020565 0.020579 0.020593 0.020607 0.020622 0.020636 0.020650 0.020665 0.020679 0.020694 0.020709 0.020724 0.020740 0.020756 0.020772 0.020789 0.020807 0.020826 0.020846 0.020866 0.020889 0.020913 0.020939 0.020967 0.020999 0.021033 0.021070 0.021112 0.021159 0.021210 0.021268 0.021332 0.021404 0.021485 0.021575 0.021674 0.021785 0.021908 0.022044 0.022194 0.022361 0.022546 0.022751 0.022978 0.023226 0.023495 0.023783 0.024092 0.024427 0.024809 0.025273 0.025887 0.026746 0.027987 0.029786 0.032311 0.035712 0.040038 0.045172 0.050787 0.056437 0.061824 0.067326 0.074939 0.089863
0.097305 0.082228 0.074390 0.069144 0.064431 0.059686 0.054999 0.050660 0.046914 0.043880 0.041551 0.039837 0.038615 0.037752 0.037132 0.036665 0.036288 0.035961 0.035663 0.035383 0.035121 0.034876 0.034651 0.034445 0.034259 0.034092 0.033942 0.033807 0.033687 0.033580 0.033485 0.033401 0.033327 0.033261 0.033204 0.033154 0.033110 0.033071 0.033037 0.033007 0.032981 0.032958 0.032937 0.032918 0.032902 0.032887 0.032873 0.032860 0.032848 0.032837 0.032826 0.032815 0.032805 0.032795 0.032785 0.032775 0.032765 0.032755 0.032745 0.032735 0.032725 0.032714 0.032704 0.032693 0.032683 0.032672 0.032662 0.032651 0.032640 0.032630 0.032619 0.032608 0.032598 0.032588 0.032578 0.032568 0.032558 0.032548 0.032539 0.032530 0.032521 0.032513 0.032505 0.032497 0.032490 0.032482 0.032476 0.032469 0.032464 0.032458 0.032453 0.032448 0.032444 0.032440 0.032437 0.032434 0.032432 0.032430 0.032429 0.032428 0.032427 0.032427 0.032428 0.032429 0.032430 0.032432 0.032434 0.032437 0.032440 0.032444 0.032448 0.032453 0.032458 0.032464 0.032469 0.032476 0.032482 0.032490 0.032497 0.032505 0.032513 0.032521 0.032530 0.032539 0.032548 0.032558 0.032568 0.032578 0.032588 0.032598 0.032608 0.032619 0.032630 0.032640 0.032651 0.032662 0.032672 0.032683 0.032693 0.032704 0.032714 0.032725 0.032735 0.032745 0.032755 0.032765 0.032775 0.032785 0.032795 0.032805 0.032815 0.032826 0.032837 0.032848 0.032860 0.032873 0.032887 0.032902 0.032918 0.032937 0.032958 0.032981 0.033007 0.033037 0.033071 0.033110 0.033154 0.033204 0.033261 0.033327 0.033401 0.033485 0.033580 0.033687 0.033807 0.033942 0.034092 0.034259 0.034445 0.034651 0.034876 0.035121 0.035383 0.035663 0.035961 0.036288 0.036665 0.037132 0.037752 0.038615 0.039837 0.041551 0.043880 0.046914 0.050660 0.054999 0.059686 0.064431 0.069144 0.074390 0.082228 0.097305
0.100429 0.086950 0.079802 0.075212 0.071285 0.067392 0.063514 0.059852 0.056612 0.053919 0.051798 0.050203 0.049045 0.048219 0.047627 0.047185 0.046835 0.046534 0.046262 0.046006 0.045763 0.045535 0.045323 0.045129 0.044953 0.044794 0.044653 0.044527 0.044415 0.044317 0.044230 0.044155 0.044089 0.044032 0.043983 0.043941 0.043905 0.043874 0.043847 0.043825 0.043806 0.043789 0.043775 0.043763 0.043752 0.043743 0.043735 0.043728 0.043721 0.043715 0.043709 0.043703 0.043698 0.043692 0.043686 0.043681 0.043675 0.043669 0.043662 0.043656 0.043649 0.043642 0.043635 0.043628 0.043620 0.043613 0.043605 0.043597 0.043589 0.043581 0.043573 0.043565 0.043557 0.043549 0.043541 0.043533 0.043525 0.043518 0.043510 0.043503 0.043496 0.043489 0.043482 0.043476 0.043470 0.043464 0.043459 0.043454 0.043449 0.043444 0.043440 0.043436 0.043433 0.043430 0.043427 0.043425 0.043423 0.043421 0.043420 0.043419 0.043419 0.043419 0.043419 0.043420 0.043421 0.043423 0.043425 0.043427 0.043430 0.043433 0.043436 0.043440 0.043444 0.043449 0.043454 0.043459 0.043464 0.043470 0.043476 0.043482 0.043489 0.043496 0.043503 0.043510 0.043518 0.043525 0.043533 0.043541 0.043549 0.043557 0.043565 0.043573 0.043581 0.043589 0.043597 0.043605 0.043613 0.043620 0.043628 0.043635 0.043642 0.043649 0.043656 0.043662 0.043669 0.043675 0.043681 0.043686 0.043692 0.043698 0.043703 0.043709 0.043715 0.043721 0.043728 0.043735 0.043743 0.043752 0.043763 0.043775 0.043789 0.043806 0.043825 0.043847 0.043874 0.043905 0.043941 0.043983 0.044032 0.044089 0.044155 0.044230 0.044317 0.044415 0.044527 0.044653 0.044794 0.044953 0.045129 0.045323 0.045535 0.045763 0.046006 0.046262 0.046534 0.046835 0.047185 0.047627 0.048219 0.049045 0.050203 0.051798 0.053919 0.056612 0.059852 0.063514 0.067392 0.071285 0.075212 0.079802 0.086950 0.100429
0.101045 0.089460 0.083340 0.079560 0.076428 0.073318 0.070155 0.067089 0.064306 0.061937 0.060034 0.058579 0.057512 0.056750 0.056206 0.055808 0.055497 0.055234 0.054996 0.054771 0.054556 0.054352 0.054160 0.053983 0.053822 0.053676 0.053546 0.053430 0.053328 0.053239 0.053160 0.053092 0.053032 0.052981 0.052937 0.052900 0.052868 0.052840 0.052817 0.052798 0.052781 0.052767 0.052755 0.052745 0.052736 0.052728 0.052722 0.052716 0.052710 0.052705 0.052700 0.052696 0.052691 0.052687 0.052682 0.052677 0.052672 0.052667 0.052662 0.052657 0.052651 0.052645 0.052639 0.052633 0.052627 0.052620 0.052614 0.052607 0.052600 0.052594 0.052587 0.052580 0.052573 0.052566 0.052560 0.052553 0.052546 0.052540 0.052534 0.052528 0.052522 0.052516 0.052510 0.052505 0.052500 0.052495 0.052490 0.052486 0.052482 0.052478 0.052474 0.052471 0.052468 0.052465 0.052463 0.052461 0.052459 0.052458 0.052457 0.052456 0.052456 0.052456 0.052456 0.052457 0.052458 0.052459 0.052461 0.052463 0.052465 0.052468 0.052471 0.052474 0.052478 0.052482 0.052486 0.052490 0.052495 0.052500 0.052505 0.052510 0.052516 0.052522 0.052528 0.052534 0.052540 0.052546 0.052553 0.052560 0.052566 0.052573 0.052580 0.052587 0.052594 0.052600 0.052607 0.052614 0.052620 0.052627 0.052633 0.052639 0.052645 0.052651 0.052657 0.052662 0.052667 0.052672 0.052677 0.052682 0.052687 0.052691 0.052696 0.052700 0.052705 0.052710 0.052716 0.052722 0.052728 0.052736 0.052745 0.052755 0.052767 0.052781 0.052798 0.052817 0.052840 0.052868 0.052900 0.052937 0.052981 0.053032 0.053092 0.053160 0.053239 0.053328 0.053430 0.053546 0.053676 0.053822 0.053983 0.054160 0.054352 0.054556 0.054771 0.054996 0.055234 0.055497 0.055808 0.056207 0.056750 0.057512 0.058579 0.060034 0.061937 0.064306 0.067089 0.070155 0.073318 0.076428 0.079560 0.083340 0.089460 0.101045
0.100490 0.090447 0.085279 0.082254 0.079826 0.077387 0.074830 0.072275 0.069892 0.067819 0.066125 0.064815 0.063849 0.063161 0.062677 0.062329 0.062062 0.061840 0.061640 0.061449 0.061264 0.061086 0.060916 0.060758 0.060613 0.060481 0.060363 0.060256 0.060162 0.060079 0.060005 0.059941 0.059884 0.059835 0.059792 0.059754 0.059721 0.059693 0.059668 0.059646 0.059627 0.059610 0.059595 0.059582 0.059570 0.059559 0.059549 0.059540 0.059531 0.059523 0.059515 0.059507 0.059500 0.059493 0.059486 0.059479 0.059471 0.059464 0.059457 0.059450 0.059443 0.059436 0.059428 0.059421 0.059414 0.059406 0.059399 0.059392 0.059384 0.059377 0.059370 0.059363 0.059356 0.059349 0.059342 0.059335 0.059329 0.059322 0.059316 0.059310 0.059304 0.059299 0.059293 0.059288 0.059283 0.059279 0.059274 0.059270 0.059266 0.059263 0.059259 0.059256 0.059254 0.059251 0.059249 0.059247 0.059246 0.059244 0.059243 0.059243 0.059242 0.059242 0.059243 0.059243 0.059244 0.059246 0.059247 0.059249 0.059251 0.059254 0.059256 0.059259 0.059263 0.059266 0.059270 0.059274 0.059279 0.059283 0.059288 0.059293 0.059299 0.059304 0.059310 0.059316 0.059322 0.059329 0.059335 0.059342 0.059349 0.059356 0.059363 0.059370 0.059377 0.059384 0.059392 0.059399 0.059406 0.059414 0.059421 0.059428 0.059436 0.059443 0.059450 0.059457 0.059464 0.059471 0.059479 0.059486 0.059493 0.059500 0.059507 0.059515 0.059523 0.059531 0.059540 0.059549 0.059559 0.059570 0.059582 0.059595 0.059610 0.059627 0.059646 0.059668 0.059693 0.059721 0.059754 0.059792 0.059835 0.059884 0.059941 0.060005 0.060079 0.060162 0.060256 0.060363 0.060481 0.060613 0.060758 0.060916 0.061086 0.061264 0.061449 0.061640 0.061841 0.062062 0.062329 0.062677 0.063161 0.063849 0.064815 0.066125 0.067819 0.069892 0.072275 0.074830 0.077387 0.079826 0.082254 0.085279 0.090447 0.100490
0.099504 0.090520 0.086067 0.083628 0.081752 0.079838 0.077761 0.075617 0.073565 0.071744 0.070235 0.069059 0.068190 0.067574 0.067147 0.066847 0.066624 0.066441 0.066275 0.066116 0.065959 0.065806 0.065658 0.065518 0.065387 0.065268 0.065158 0.065060 0.064971 0.064891 0.064820 0.064756 0.064698 0.064647 0.064601 0.064559 0.064522 0.064488 0.064457 0.064429 0.064404 0.064380 0.064358 0.064338 0.064319 0.064302 0.064285 0.064269 0.064254 0.064240 0.064226 0.064213 0.064200 0.064187 0.064175 0.064163 0.064151 0.064140 0.064129 0.064118 0.064107 0.064096 0.064086 0.064076 0.064066 0.064056 0.064046 0.064037 0.064028 0.064018 0.064010 0.064001 0.063993 0.063985 0.063977 0.063969 0.063962 0.063954 0.063947 0.063941 0.063934 0.063928 0.063923 0.063917 0.063912 0.063907 0.063902 0.063898 0.063894 0.063890 0.063886 0.063883 0.063880 0.063878 0.063876 0.063874 0.063872 0.063871 0.063870 0.063869 0.063869 0.063869 0.063869 0.063870 0.063871 0.063872 0.063874 0.063876 0.063878 0.063880 0.063883 0.063886 0.063890 0.063894 0.063898 0.063902 0.063907 0.063912 0.063917 0.063923 0.063928 0.063934 0.063941 0.063947 0.063954 0.063962 0.063969 0.063977 0.063985 0.063993 0.064001 0.064010 0.064018 0.064028 0.064037 0.064046 0.064056 0.064066 0.064076 0.064086 0.064096 0.064107 0.064118 0.064129 0.064140 0.064151 0.064163 0.064175 0.064187 0.064200 0.064213 0.064226 0.064240 0.064254 0.064269 0.064285 0.064302 0.064319 0.064338 0.064358 0.064380 0.064404 0.064429 0.064457 0.064488 0.064522 0.064559 0.064601 0.064647 0.064698 0.064756 0.064820 0.064891 0.064971 0.065060 0.065158 0.065268 0.065387 0.065518 0.065658 0.065806 0.065959 0.066116 0.066275 0.066441 0.066624 0.066847 0.067147 0.067574 0.068190 0.069059 0.070235 0.071744 0.073565 0.075617 0.077761 0.079838 0.081752 0.083628 0.086067 0.090520 0.099504
0.098449 0.090116 0.086129 0.084089 0.082597 0.081060 0.079336 0.077500 0.075704 0.074082 0.072723 0.071658 0.070871 0.070317 0.069940 0.069681 0.069493 0.069343 0.069206 0.069074 0.068941 0.068808 0.068678 0.068553 0.068435 0.068324 0.068222 0.068129 0.068043 0.067964 0.067892 0.067826 0.067765 0.067709 0.067658 0.067610 0.067566 0.067525 0.067487 0.067451 0.067417 0.067385 0.067355 0.067326 0.067299 0.067273 0.067248 0.067225 0.067202 0.067180 0.067159 0.067139 0.067119 0.067100 0.067082 0.067064 0.067047 0.067030 0.067014 0.066998 0.066983 0.066968 0.066954 0.066940 0.066927 0.066914 0.066901 0.066889 0.066877 0.066866 0.066855 0.066844 0.066834 0.066824 0.066814 0.066805 0.066796 0.066788 0.066780 0.066772 0.066765 0.066758 0.066751 0.066745 0.066739 0.066733 0.066728 0.066723 0.066719 0.066715 0.066711 0.066707 0.066704 0.066702 0.066699 0.066697 0.066695 0.066694 0.066693 0.066692 0.066692 0.066692 0.066692 0.066693 0.066694 0.066695 0.066697 0.066699 0.066702 0.066704 0.066707 0.066711 0.066715 0.066719 0.066723 0.066728 0.066733 0.066739 0.066745 0.066751 0.066758 0.066765 0.066772 0.066780 0.066788 0.066796 0.066805 0.066814 0.066824 0.066834 0.066844 0.066855 0.066866 0.066877 0.066889 0.066901 0.066914 0.066927 0.066940 0.066954 0.066968 0.066983 0.066998 0.067014 0.067030 0.067047 0.067064 0.067082 0.067100 0.067119 0.067139 0.067159 0.067180 0.067202 0.067225 0.067248 0.067273 0.067299 0.067326 0.067355 0.067385 0.067417 0.067451 0.067487 0.067525 0.067566 0.067610 0.067658 0.067709 0.067765 0.067826 0.067892 0.067964 0.068043 0.068129 0.068222 0.068324 0.068435 0.068553 0.068678 0.068808 0.068941 0.069074 0.069206 0.069343 0.069493 0.069681 0.069940 0.070317 0.070871 0.071658 0.072723 0.074082 0.075704 0.077500 0.079336 0.081060 0.082597 0.084089 0.086129 0.090116 0.098449
0.097475 0.089510 0.085796 0.083999 0.082750 0.081460 0.079975 0.078357 0.076744 0.075270 0.074025 0.073044 0.072320 0.071814 0.071474 0.071246 0.071085 0.070959 0.070845 0.070732 0.070617 0.070500 0.070384 0.070270 0.070160 0.070057 0.069960 0.069869 0.069784 0.069705 0.069631 0.069562 0.069497 0.069436 0.069379 0.069325 0.069273 0.069225 0.069178 0.069134 0.069093 0.069053 0.069014 0.068977 0.068942 0.068908 0.068876 0.068845 0.068815 0.068786 0.068758 0.068731 0.068705 0.068680 0.068656 0.068632 0.068610 0.068588 0.068568 0.068547 0.068528 0.068509 0.068491 0.068474 0.068457 0.068441 0.068426 0.068411 0.068397 0.068383 0.068370 0.068357 0.068345 0.068333 0.068322 0.068311 0.068301 0.068291 0.068282 0.068273 0.068265 0.068257 0.068250 0.068242 0.068236 0.068230 0.068224 0.068218 0.068213 0.068209 0.068204 0.068201 0.068197 0.068194 0.068191 0.068189 0.068187 0.068186 0.068185 0.068184 0.068183 0.068183 0.068184 0.068185 0.068186 0.068187 0.068189 0.068191 0.068194 0.068197 0.068201 0.068204 0.068209 0.068213 0.068218 0.068224 0.068230 0.068236 0.068242 0.068250 0.068257 0.068265 0.068273 0.068282 0.068291 0.068301 0.068311 0.068322 0.068333 0.068345 0.068357 0.068370 0.068383 0.068397 0.068411 0.068426 0.068441 0.068457 0.068474 0.068491 0.068509 0.068528 0.068547 0.068568 0.068588 0.068610 0.068632 0.068656 0.068680 0.068705 0.068731 0.068758 0.068786 0.068815 0.068845 0.068876 0.068908 0.068942 0.068977 0.069014 0.069053 0.069093 0.069134 0.069178 0.069225 0.069273 0.069325 0.069379 0.069436 0.069497 0.069562 0.069631 0.069705 0.069784 0.069869 0.069960 0.070057 0.070160 0.070270 0.070384 0.070501 0.070617 0.070732 0.070845 0.070959 0.071085 0.071246 0.071474 0.071814 0.072320 0.073044 0.074025 0.075270 0.076744 0.078357 0.079975 0.081460 0.082750 0.083999 0.085796 0.089510 0.097475
0.096623 0.088856 0.085290 0.083626 0.082519 0.081380 0.080048 0.078574 0.077086 0.075715 0.074549 0.073628 0.072948 0.072475 0.072161 0.071954 0.071811 0.071701 0.071602 0.071504 0.071401 0.071296 0.071188 0.071082 0.070979 0.070880 0.070785 0.070696 0.070611 0.070531 0.070455 0.070383 0.070314 0.070248 0.070186 0.070126 0.070069 0.070014 0.069961 0.069910 0.069862 0.069815 0.069770 0.069727 0.069685 0.069645 0.069606 0.069569 0.069533 0.069498 0.069465 0.069432 0.069401 0.069372 0.069343 0.069315 0.069289 0.069263 0.069239 0.069215 0.069192 0.069170 0.069149 0.069129 0.069110 0.069092 0.069074 0.069057 0.069040 0.069025 0.069010 0.068996 0.068982 0.068969 0.068956 0.068944 0.068933 0.068922 0.068912 0.068902 0.068893 0.068884 0.068876 0.068868 0.068861 0.068854 0.068848 0.068842 0.068836 0.068831 0.068827 0.068823 0.068819 0.068816 0.068813 0.068810 0.068808 0.068807 0.068805 0.068805 0.068804 0.068804 0.068805 0.068805 0.068807 0.068808 0.068810 0.068813 0.068816 0.068819 0.068823 0.068827 0.068831 0.068836 0.068842 0.068848 0.068854 0.068861 0.068868 0.068876 0.068884 0.068893 0.068902 0.068912 0.068922 0.068933 0.068944 0.068956 0.068969 0.068982 0.068996 0.069010 0.069025 0.069040 0.069057 0.069074 0.069092 0.069110 0.069129 0.069149 0.069170 0.069192 0.069215 0.069239 0.069263 0.069289 0.069315 0.069343 0.069372 0.069401 0.069432 0.069465 0.069498 0.069533 0.069569 0.069606 0.069645 0.069685 0.069727 0.069770 0.069815 0.069862 0.069910 0.069961 0.070014 0.070069 0.070126 0.070186 0.070248 0.070314 0.070383 0.070455 0.070531 0.070611 0.070696 0.070785 0.070880 0.070979 0.071082 0.071188 0.071296 0.071401 0.071504 0.071602 0.071701 0.071811 0.071954 0.072161 0.072475 0.072948 0.073628 0.074549 0.075715 0.077086 0.078574 0.080048 0.081380 0.082519 0.083626 0.085290 0.088856 0.096623
0.095885 0.088227 0.084738 0.083144 0.082113 0.081063 0.079825 0.078443 0.077037 0.075734 0.074622 0.073741 0.073090 0.072638 0.072339 0.072144 0.072013 0.071912 0.071823 0.071733 0.071639 0.071540 0.071439 0.071338 0.071239 0.071143 0.071050 0.070961 0.070876 0.070795 0.070717 0.070642 0.070571 0.070502 0.070435 0.070371 0.070310 0.070250 0.070193 0.070137 0.070084 0.070032 0.069983 0.069935 0.069888 0.069844 0.069801 0.069759 0.069719 0.069680 0.069643 0.069607 0.069573 0.069540 0.069508 0.069478 0.069448 0.069420 0.069393 0.069367 0.069342 0.069318 0.069295 0.069273 0.069252 0.069232 0.069212 0.069194 0.069176 0.069159 0.069143 0.069128 0.069113 0.069099 0.069086 0.069073 0.069061 0.069049 0.069038 0.069028 0.069018 0.069009 0.069000 0.068992 0.068984 0.068977 0.068970 0.068964 0.068958 0.068953 0.068948 0.068943 0.068939 0.068936 0.068933 0.068930 0.068928 0.068926 0.068925 0.068924 0.068924 0.068924 0.068924 0.068925 0.068926 0.068928 0.068930 0.068933 0.068936 0.068939 0.068943 0.068948 0.068953 0.068958 0.068964 0.068970 0.068977 0.068984 0.068992 0.069000 0.069009 0.069018 0.069028 0.069038 0.069049 0.069061 0.069073 0.069086 0.069099 0.069113 0.069128 0.069143 0.069159 0.069176 0.069194 0.069212 0.069232 0.069252 0.069273 0.069295 0.069318 0.069342 0.069367 0.069393 0.069420 0.069448 0.069478 0.069508 0.069540 0.069573 0.069607 0.069643 0.069680 0.069719 0.069759 0.069801 0.069844 0.069888 0.069935 0.069983 0.070032 0.070084 0.070137 0.070193 0.070250 0.070310 0.070371 0.070435 0.070502 0.070571 0.070642 0.070717 0.070795 0.070876 0.070961 0.071050 0.071143 0.071239 0.071338 0.071439 0.071540 0.071639 0.071733 0.071823 0.071912 0.072013 0.072144 0.072339 0.072638 0.073090 0.073741 0.074622 0.075734 0.077037 0.078443 0.079825 0.081063 0.082113 0.083144 0.084738 0.088227 0.095885
0.095236 0.087647 0.084203 0.082645 0.081657 0.080658 0.079479 0.078156 0.076805 0.075547 0.074469 0.073614 0.072980 0.072540 0.072249 0.072061 0.071935 0.071840 0.071755 0.071671 0.071581 0.071487 0.071390 0.071292 0.071196 0.071101 0.071009 0.070921 0.070836 0.070754 0.070675 0.070599 0.070525 0.070454 0.070386 0.070319 0.070255 0.070192 0.070132 0.070074 0.070018 0.069963 0.069911 0.069860 0.069811 0.069764 0.069718 0.069674 0.069632 0.069591 0.069551 0.069514 0.069477 0.069442 0.069409 0.069376 0.069345 0.069315 0.069287 0.069260 0.069233 0.069208 0.069184 0.069161 0.069139 0.069118 0.069098 0.069078 0.069060 0.069042 0.069025 0.069009 0.068994 0.068979 0.068965 0.068952 0.068939 0.068927 0.068916 0.068905 0.068895 0.068886 0.068876 0.068868 0.068860 0.068853 0.068846 0.068839 0.068833 0.068828 0.068823 0.068818 0.068814 0.068810 0.068807 0.068805 0.068802 0.068801 0.068799 0.068798 0.068798 0.068798 0.068798 0.068799 0.068801 0.068802 0.068805 0.068807 0.068810 0.068814 0.068818 0.068823 0.068828 0.068833 0.068839 0.068846 0.068853 0.068860 0.068868 0.068876 0.068886 0.068895 0.068905 0.068916 0.068927 0.068939 0.068952 0.068965 0.068979 0.068994 0.069009 0.069025 0.069042 0.069060 0.069078 0.069098 0.069118 0.069139 0.069161 0.069184 0.069208 0.069233 0.069260 0.069287 0.069315 0.069345 0.069376 0.069409 0.069442 0.069477 0.069514 0.069551 0.069591 0.069632 0.069674 0.069718 0.069764 0.069811 0.069860 0.069911 0.069963 0.070018 0.070074 0.070132 0.070192 0.070255 0.070319 0.070386 0.070454 0.070525 0.070599 0.070675 0.070754 0.070836 0.070921 0.071009 0.071101 0.071196 0.071292 0.071390 0.071487 0.071581 0.071671 0.071756 0.071840 0.071935 0.072061 0.072249 0.072540 0.072980 0.073614 0.074469 0.075547 0.076805 0.078156 0.079479 0.080658 0.081657 0.082645 0.084203 0.087647 0.095236
0.094648 0.087115 0.083704 0.082170 0.081209 0.080245 0.079106 0.077823 0.076509 0.075282 0.074228 0.073388 0.072765 0.072331 0.072044 0.071858 0.071734 0.071641 0.071559 0.071477 0.071390 0.071299 0.071204 0.071108 0.071013 0.070920 0.070829 0.070741 0.070656 0.070574 0.070495 0.070418 0.070344 0.070272 0.070202 0.070134 0.070068 0.070005 0.069943 0.069884 0.069826 0.069770 0.069716 0.069664 0.069614 0.069565 0.069518 0.069473 0.069430 0.069388 0.069348 0.069309 0.069271 0.069236 0.069201 0.069168 0.069136 0.069106 0.069077 0.069049 0.069022 0.068996 0.068972 0.068948 0.068926 0.068904 0.068884 0.068864 0.068845 0.068827 0.068810 0.068794 0.068778 0.068763 0.068749 0.068735 0.068723 0.068710 0.068699 0.068688 0.068678 0.068668 0.068659 0.068650 0.068642 0.068634 0.068627 0.068621 0.068615 0.068609 0.068604 0.068599 0.068595 0.068592 0.068588 0.068586 0.068583 0.068582 0.068580 0.068579 0.068579 0.068579 0.068579 0.068580 0.068582 0.068583 0.068586 0.068588 0.068592 0.068595 0.068599 0.068604 0.068609 0.068615 0.068621 0.068627 0.068634 0.068642 0.068650 0.068659 0.068668 0.068678 0.068688 0.068699 0.068710 0.068723 0.068735 0.068749 0.068763 0.068778 0.068794 0.068810 0.068827 0.068845 0.068864 0.068884 0.068904 0.068926 0.068948 0.068972 0.068996 0.069022 0.069049 0.069077 0.069106 0.069136 0.069168 0.069201 0.069236 0.069271 0.069309 0.069348 0.069388 0.069430 0.069473 0.069518 0.069565 0.069614 0.069664 0.069716 0.069770 0.069826 0.069884 0.069943 0.070005 0.070068 0.070134 0.070202 0.070272 0.070344 0.070418 0.070495 0.070574 0.070656 0.070741 0.070829 0.070920 0.071013 0.071108 0.071204 0.071299 0.071390 0.071477 0.071559 0.071641 0.071734 0.071858 0.072044 0.072331 0.072765 0.073388 0.074228 0.075282 0.076509 0.077823 0.079106 0.080245 0.081209 0.082170 0.083704 0.087115 0.094648
0.094100 0.086622 0.083241 0.081729 0.080790 0.079854 0.078746 0.077496 0.076211 0.075007 0.073969 0.073141 0.072523 0.072092 0.071805 0.071619 0.071495 0.071402 0.071321 0.071240 0.071155 0.071065 0.070972 0.070877 0.070784 0.070691 0.070602 0.070514 0.070430 0.070348 0.070269 0.070192 0.070118 0.070046 0.069975 0.069907 0.069842 0.069778 0.069716 0.069656 0.069598 0.069542 0.069487 0.069435 0.069384 0.069335 0.069288 0.069243 0.069199 0.069157 0.069116 0.069077 0.069040 0.069004 0.068969 0.068936 0.068904 0.068873 0.068844 0.068816 0.068789 0.068763 0.068739 0.068715 0.068692 0.068671 0.068650 0.068630 0.068611 0.068593 0.068576 0.068560 0.068544 0.068529 0.068515 0.068501 0.068488 0.068476 0.068465 0.068454 0.068443 0.068433 0.068424 0.068416 0.068407 0.068400 0.068393 0.068386 0.068380 0.068374 0.068369 0.068365 0.068360 0.068357 0.068354 0.068351 0.068349 0.068347 0.068345 0.068344 0.068344 0.068344 0.068344 0.068345 0.068347 0.068349 0.068351 0.068354 0.068357 0.068360 0.068365 0.068369 0.068374 0.068380 0.068386 0.068393 0.068400 0.068407 0.068416 0.068424 0.068433 0.068443 0.068454 0.068465 0.068476 0.068488 0.068501 0.068515 0.068529 0.068544 0.068560 0.068576 0.068593 0.068611 0.068630 0.068650 0.068671 0.068692 0.068715 0.068739 0.068763 0.068789 0.068816 0.068844 0.068873 0.068904 0.068936 0.068969 0.069004 0.069040 0.069077 0.069116 0.069157 0.069199 0.069243 0.069288 0.069335 0.069384 0.069435 0.069487 0.069542 0.069598 0.069656 0.069716 0.069778 0.069842 0.069907 0.069975 0.070046 0.070118 0.070192 0.070269 0.070348 0.070430 0.070514 0.070602 0.070691 0.070784 0.070877 0.070972 0.071065 0.071155 0.071240 0.071321 0.071402 0.071495 0.071619 0.071805 0.072092 0.072523 0.073141 0.073969 0.075007 0.076211 0.077496 0.078746 0.079854 0.080790 0.081729 0.083241 0.086622 0.094100
0.093576 0.086154 0.082807 0.081318 0.080402 0.079492 0.078414 0.077192 0.075931 0.074747 0.073723 0.072903 0.072290 0.071859 0.071572 0.071385 0.071259 0.071166 0.071084 0.071004 0.070919 0.070830 0.070738 0.070645 0.070552 0.070461 0.070372 0.070285 0.070202 0.070120 0.070042 0.069965 0.069891 0.069819 0.069749 0.069682 0.069616 0.069552 0.069491 0.069431 0.069373 0.069317 0.069263 0.069211 0.069160 0.069111 0.069064 0.069019 0.068975 0.068934 0.068893 0.068854 0.068817 0.068781 0.068747 0.068714 0.068682 0.068651 0.068622 0.068594 0.068568 0.068542 0.068517 0.068494 0.068471 0.068450 0.068429 0.068410 0.068391 0.068373 0.068356 0.068339 0.068324 0.068309 0.068294 0.068281 0.068268 0.068256 0.068244 0.068233 0.068223 0.068213 0.068204 0.068195 0.068187 0.068180 0.068172 0.068166 0.068160 0.068154 0.068149 0.068144 0.068140 0.068136 0.068133 0.068131 0.068128 0.068126 0.068125 0.068124 0.068124 0.068124 0.068124 0.068125 0.068126 0.068128 0.068131 0.068133 0.068136 0.068140 0.068144 0.068149 0.068154 0.068160 0.068166 0.068172 0.068180 0.068187 0.068195 0.068204 0.068213 0.068223 0.068233 0.068244 0.068256 0.068268 0.068281 0.068294 0.068309 0.068324 0.068339 0.068356 0.068373 0.068391 0.068410 0.068429 0.068450 0.068471 0.068494 0.068517 0.068542 0.068568 0.068594 0.068622 0.068651 0.068682 0.068714 0.068747 0.068781 0.068817 0.068854 0.068893 0.068934 0.068975 0.069019 0.069064 0.069111 0.069160 0.069211 0.069263 0.069317 0.069373 0.069431 0.069491 0.069552 0.069616 0.069682 0.069749 0.069819 0.069891 0.069965 0.070042 0.070120 0.070202 0.070285 0.070372 0.070461 0.070552 0.070645 0.070738 0.070830 0.070919 0.071004 0.071084 0.071166 0.071259 0.071385 0.071572 0.071859 0.072290 0.072903 0.073723 0.074747 0.075931 0.077192 0.078414 0.079492 0.080402 0.081318 0.082807 0.086154 0.093576
0.093066 0.085703 0.082392 0.080929 0.080038 0.079156 0.078106 0.076911 0.075675 0.074509 0.073498 0.072685 0.072075 0.071645 0.071356 0.071167 0.071040 0.070945 0.070863 0.070782 0.070698 0.070610 0.070519 0.070426 0.070334 0.070244 0.070155 0.070070 0.069987 0.069906 0.069828 0.069752 0.069679 0.069607 0.069538 0.069471 0.069406 0.069342 0.069281 0.069222 0.069164 0.069109 0.069055 0.069003 0.068953 0.068905 0.068858 0.068813 0.068770 0.068728 0.068688 0.068650 0.068613 0.068577 0.068543 0.068510 0.068479 0.068448 0.068419 0.068392 0.068365 0.068340 0.068315 0.068292 0.068270 0.068248 0.068228 0.068208 0.068190 0.068172 0.068155 0.068138 0.068123 0.068108 0.068094 0.068081 0.068068 0.068056 0.068044 0.068033 0.068023 0.068013 0.068004 0.067995 0.067987 0.067979 0.067972 0.067966 0.067960 0.067954 0.067949 0.067944 0.067940 0.067936 0.067933 0.067931 0.067928 0.067926 0.067925 0.067924 0.067924 0.067924 0.067924 0.067925 0.067926 0.067928 0.067931 0.067933 0.067936 0.067940 0.067944 0.067949 0.067954 0.067960 0.067966 0.067972 0.067979 0.067987 0.067995 0.068004 0.068013 0.068023 0.068033 0.068044 0.068056 0.068068 0.068081 0.068094 0.068108 0.068123 0.068138 0.068155 0.068172 0.068190 0.068208 0.068228 0.068248 0.068270 0.068292 0.068315 0.068340 0.068365 0.068392 0.068419 0.068448 0.068479 0.068510 0.068543 0.068577 0.068613 0.068650 0.068688 0.068728 0.068770 0.068813 0.068858 0.068905 0.068953 0.069003 0.069055 0.069109 0.069164 0.069222 0.069281 0.069342 0.069406 0.069471 0.069538 0.069607 0.069679 0.069752 0.069828 0.069906 0.069987 0.070070 0.070155 0.070244 0.070334 0.070426 0.070519 0.070610 0.070698 0.070782 0.070863 0.070945 0.071040 0.071167 0.071356 0.071645 0.072075 0.072685 0.073498 0.074509 0.075675 0.076911 0.078106 0.079156 0.080038 0.080929 0.082392 0.085703 0.093066
0.092565 0.085262 0.081989 0.080553 0.079689 0.078836 0.077815 0.076648 0.075436 0.074288 0.073290 0.072484 0.071877 0.071447 0.071158 0.070967 0.070838 0.070742 0.070658 0.070577 0.070493 0.070405 0.070315 0.070223 0.070132 0.070042 0.069954 0.069869 0.069787 0.069707 0.069630 0.069554 0.069481 0.069411 0.069342 0.069275 0.069210 0.069148 0.069087 0.069028 0.068971 0.068916 0.068862 0.068811 0.068761 0.068713 0.068667 0.068622 0.068580 0.068538 0.068499 0.068460 0.068424 0.068388 0.068355 0.068322 0.068291 0.068261 0.068232 0.068205 0.068178 0.068153 0.068129 0.068106 0.068084 0.068063 0.068042 0.068023 0.068004 0.067987 0.067970 0.067953 0.067938 0.067923 0.067909 0.067896 0.067883 0.067871 0.067860 0.067849 0.067838 0.067829 0.067819 0.067811 0.067803 0.067795 0.067788 0.067781 0.067775 0.067770 0.067765 0.067760 0.067756 0.067752 0.067749 0.067746 0.067744 0.067742 0.067741 0.067740 0.067739 0.067739 0.067740 0.067741 0.067742 0.067744 0.067746 0.067749 0.067752 0.067756 0.067760 0.067765 0.067770 0.067775 0.067781 0.067788 0.067795 0.067803 0.067811 0.067819 0.067829 0.067838 0.067849 0.067860 0.067871 0.067883 0.067896 0.067909 0.067923 0.067938 0.067953 0.067970 0.067987 0.068004 0.068023 0.068042 0.068063 0.068084 0.068106 0.068129 0.068153 0.068178 0.068205 0.068232 0.068261 0.068291 0.068322 0.068355 0.068388 0.068424 0.068460 0.068499 0.068538 0.068580 0.068622 0.068667 0.068713 0.068761 0.068811 0.068862 0.068916 0.068971 0.069028 0.069087 0.069148 0.069210 0.069275 0.069342 0.069411 0.069481 0.069554 0.069630 0.069707 0.069787 0.069869 0.069954 0.070042 0.070132 0.070223 0.070315 0.070405 0.070493 0.070577 0.070658 0.070742 0.070838 0.070967 0.071158 0.071447 0.071877 0.072484 0.073290 0.074288 0.075436 0.076648 0.077815 0.078836 0.079689 0.080553 0.081989 0.085262 0.092565
0.092070 0.084826 0.081591 0.080186 0.079350 0.078525 0.077535 0.076396 0.075208 0.074079 0.073093 0.072295 0.071691 0.071262 0.070971 0.070779 0.070648 0.070550 0.070466 0.070384 0.070300 0.070213 0.070122 0.070031 0.069940 0.069851 0.069764 0.069680 0.069598 0.069519 0.069442 0.069367 0.069295 0.069224 0.069156 0.069090 0.069025 0.068963 0.068902 0.068844 0.068787 0.068733 0.068680 0.068628 0.068579 0.068531 0.068486 0.068441 0.068399 0.068358 0.068318 0.068280 0.068244 0.068209 0.068175 0.068143 0.068112 0.068083 0.068054 0.068027 0.068001 0.067976 0.067952 0.067929 0.067907 0.067886 0.067865 0.067846 0.067828 0.067810 0.067793 0.067777 0.067762 0.067747 0.067733 0.067720 0.067707 0.067695 0.067684 0.067673 0.067663 0.067653 0.067644 0.067635 0.067627 0.067619 0.067612 0.067606 0.067600 0.067594 0.067589 0.067584 0.067580 0.067576 0.067573 0.067570 0.067568 0.067566 0.067565 0.067564 0.067564 0.067564 0.067564 0.067565 0.067566 0.067568 0.067570 0.067573 0.067576 0.067580 0.067584 0.067589 0.067594 0.067600 0.067606 0.067612 0.067619 0.067627 0.067635 0.067644 0.067653 0.067663 0.067673 0.067684 0.067695 0.067707 0.067720 0.067733 0.067747 0.067762 0.067777 0.067793 0.067810 0.067828 0.067846 0.067865 0.067886 0.067907 0.067929 0.067952 0.067976 0.068001 0.068027 0.068054 0.068083 0.068112 0.068143 0.068175 0.068209 0.068244 0.068280 0.068318 0.068358 0.068399 0.068441 0.068486 0.068531 0.068579 0.068628 0.068680 0.068733 0.068787 0.068844 0.068902 0.068963 0.069025 0.069090 0.069156 0.069224 0.069295 0.069367 0.069442 0.069519 0.069598 0.069680 0.069764 0.069851 0.069940 0.070031 0.070122 0.070213 0.070300 0.070384 0.070466 0.070550 0.070648 0.070779 0.070971 0.071262 0.071691 0.072295 0.073093 0.074079 0.075208 0.076396 0.077535 0.078525 0.079350 0.080186 0.081591 0.084826 0.092070
0.091579 0.084393 0.081197 0.079821 0.079014 0.078219 0.077259 0.076149 0.074985 0.073875 0.072902 0.072111 0.071512 0.071083 0.070791 0.070597 0.070465 0.070366 0.070281 0.070199 0.070114 0.070027 0.069937 0.069846 0.069756 0.069667 0.069580 0.069496 0.069415 0.069336 0.069260 0.069185 0.069113 0.069043 0.068975 0.068909 0.068845 0.068783 0.068723 0.068665 0.068608 0.068554 0.068501 0.068450 0.068401 0.068354 0.068308 0.068264 0.068222 0.068181 0.068142 0.068104 0.068068 0.068033 0.068000 0.067968 0.067937 0.067907 0.067879 0.067852 0.067826 0.067801 0.067777 0.067754 0.067733 0.067712 0.067692 0.067672 0.067654 0.067637 0.067620 0.067604 0.067588 0.067574 0.067560 0.067547 0.067534 0.067522 0.067511 0.067500 0.067490 0.067480 0.067471 0.067462 0.067454 0.067446 0.067439 0.067433 0.067427 0.067421 0.067416 0.067411 0.067407 0.067403 0.067400 0.067397 0.067395 0.067393 0.067392 0.067391 0.067390 0.067390 0.067391 0.067392 0.067393 0.067395 0.067397 0.067400 0.067403 0.067407 0.067411 0.067416 0.067421 0.067427 0.067433 0.067439 0.067446 0.067454 0.067462 0.067471 0.067480 0.067490 0.067500 0.067511 0.067522 0.067534 0.067547 0.067560 0.067574 0.067588 0.067604 0.067620 0.067637 0.067654 0.067672 0.067692 0.067712 0.067733 0.067754 0.067777 0.067801 0.067826 0.067852 0.067879 0.067907 0.067937 0.067968 0.068000 0.068033 0.068068 0.068104 0.068142 0.068181 0.068222 0.068264 0.068308 0.068354 0.068401 0.068450 0.068501 0.068554 0.068608 0.068665 0.068723 0.068783 0.068845 0.068909 0.068975 0.069043 0.069113 0.069185 0.069260 0.069336 0.069415 0.069496 0.069580 0.069667 0.069756 0.069846 0.069937 0.070027 0.070114 0.070199 0.070281 0.070366 0.070465 0.070597 0.070791 0.071083 0.071512 0.072111 0.072902 0.073875 0.074985 0.076149 0.077259 0.078219 0.079014 0.079821 0.081197 0.084393 0.091579
0.091091 0.083962 0.080804 0.079458 0.078679 0.077914 0.076985 0.075903 0.074763 0.073672 0.072712 0.071930 0.071334 0.070907 0.070614 0.070419 0.070285 0.070184 0.070098 0.070015 0.069931 0.069843 0.069754 0.069663 0.069573 0.069485 0.069398 0.069315 0.069234 0.069155 0.069079 0.069005 0.068933 0.068863 0.068795 0.068729 0.068665 0.068603 0.068543 0.068485 0.068429 0.068375 0.068323 0.068272 0.068223 0.068176 0.068130 0.068087 0.068044 0.068004 0.067965 0.067927 0.067891 0.067857 0.067824 0.067792 0.067761 0.067732 0.067704 0.067677 0.067651 0.067626 0.067603 0.067580 0.067558 0.067537 0.067517 0.067498 0.067480 0.067462 0.067446 0.067430 0.067414 0.067400 0.067386 0.067373 0.067360 0.067348 0.067337 0.067326 0.067316 0.067306 0.067297 0.067288 0.067280 0.067272 0.067265 0.067259 0.067253 0.067247 0.067242 0.067237 0.067233 0.067229 0.067226 0.067223 0.067221 0.067219 0.067218 0.067217 0.067216 0.067216 0.067217 0.067218 0.067219 0.067221 0.067223 0.067226 0.067229 0.067233 0.067237 0.067242 0.067247 0.067253 0.067259 0.067265 0.067272 0.067280 0.067288 0.067297 0.067306 0.067316 0.067326 0.067337 0.067348 0.067360 0.067373 0.067386 0.067400 0.067414 0.067430 0.067446 0.067462 0.067480 0.067498 0.067517 0.067537 0.067558 0.067580 0.067603 0.067626 0.067651 0.067677 0.067704 0.067732 0.067761 0.067792 0.067824 0.067857 0.067891 0.067927 0.067965 0.068004 0.068044 0.068087 0.068130 0.068176 0.068223 0.068272 0.068323 0.068375 0.068429 0.068485 0.068544 0.068603 0.068665 0.068729 0.068795 0.068863 0.068933 0.069005 0.069079 0.069155 0.069234 0.069315 0.069398 0.069485 0.069573 0.069663 0.069754 0.069843 0.069931 0.070015 0.070098 0.070184 0.070285 0.070419 0.070614 0.070907 0.071334 0.071930 0.072712 0.073672 0.074763 0.075903 0.076985 0.077914 0.078679 0.079458 0.080804 0.083962 0.091091
0.090606 0.083532 0.080412 0.079094 0.078344 0.077609 0.076709 0.075656 0.074540 0.073468 0.072521 0.071747 0.071156 0.070730 0.070437 0.070240 0.070104 0.070003 0.069915 0.069832 0.069747 0.069660 0.069570 0.069480 0.069390 0.069301 0.069216 0.069132 0.069051 0.068973 0.068896 0.068822 0.068751 0.068681 0.068613 0.068548 0.068484 0.068422 0.068362 0.068304 0.068248 0.068194 0.068142 0.068092 0.068043 0.067996 0.067951 0.067907 0.067865 0.067825 0.067786 0.067749 0.067713 0.067679 0.067645 0.067614 0.067583 0.067554 0.067526 0.067499 0.067474 0.067449 0.067426 0.067403 0.067381 0.067360 0.067341 0.067322 0.067303 0.067286 0.067269 0.067253 0.067238 0.067224 0.067210 0.067196 0.067184 0.067172 0.067160 0.067150 0.067139 0.067130 0.067120 0.067112 0.067104 0.067096 0.067089 0.067082 0.067076 0.067071 0.067066 0.067061 0.067057 0.067053 0.067050 0.067047 0.067045 0.067043 0.067041 0.067040 0.067040 0.067040 0.067040 0.067041 0.067043 0.067045 0.067047 0.067050 0.067053 0.067057 0.067061 0.067066 0.067071 0.067076 0.067082 0.067089 0.067096 0.067104 0.067112 0.067120 0.067130 0.067139 0.067150 0.067160 0.067172 0.067184 0.067196 0.067210 0.067224 0.067238 0.067253 0.067269 0.067286 0.067303 0.067322 0.067341 0.067360 0.067381 0.067403 0.067426 0.067449 0.067474 0.067499 0.067526 0.067554 0.067583 0.067614 0.067646 0.067679 0.067713 0.067749 0.067786 0.067825 0.067865 0.067907 0.067951 0.067996 0.068043 0.068092 0.068142 0.068194 0.068248 0.068304 0.068362 0.068422 0.068484 0.068548 0.068613 0.068681 0.068751 0.068822 0.068896 0.068973 0.069051 0.069132 0.069216 0.069301 0.069390 0.069480 0.069570 0.069660 0.069747 0.069832 0.069915 0.070003 0.070104 0.070240 0.070437 0.070730 0.071156 0.071747 0.072521 0.073468 0.074540 0.075656 0.076709 0.077609 0.078344 0.079094 0.080412 0.083532 0.090606
0.090122 0.083103 0.080019 0.078730 0.078007 0.077301 0.076431 0.075405 0.074314 0.073261 0.072328 0.071562 0.070975 0.070551 0.070258 0.070060 0.069923 0.069819 0.069731 0.069647 0.069562 0.069474 0.069384 0.069294 0.069204 0.069116 0.069030 0.068947 0.068866 0.068787 0.068711 0.068637 0.068566 0.068496 0.068429 0.068363 0.068300 0.068238 0.068178 0.068121 0.068065 0.068011 0.067959 0.067909 0.067860 0.067813 0.067768 0.067725 0.067683 0.067643 0.067605 0.067568 0.067532 0.067498 0.067465 0.067434 0.067403 0.067374 0.067347 0.067320 0.067294 0.067270 0.067246 0.067224 0.067202 0.067182 0.067162 0.067143 0.067125 0.067107 0.067091 0.067075 0.067060 0.067045 0.067031 0.067018 0.067005 0.066993 0.066982 0.066971 0.066961 0.066951 0.066942 0.066933 0.066925 0.066918 0.066910 0.066904 0.066898 0.066892 0.066887 0.066882 0.066878 0.066874 0.066871 0.066868 0.066866 0.066864 0.066863 0.066862 0.066861 0.066861 0.066862 0.066863 0.066864 0.066866 0.066868 0.066871 0.066874 0.066878 0.066882 0.066887 0.066892 0.066898 0.066904 0.066910 0.066918 0.066925 0.066933 0.066942 0.066951 0.066961 0.066971 0.066982 0.066993 0.067005 0.067018 0.067031 0.067045 0.067060 0.067075 0.067091 0.067107 0.067125 0.067143 0.067162 0.067182 0.067202 0.067224 0.067246 0.067270 0.067294 0.067320 0.067347 0.067374 0.067403 0.067434 0.067465 0.067498 0.067532 0.067568 0.067605 0.067643 0.067683 0.067725 0.067768 0.067813 0.067860 0.067909 0.067959 0.068011 0.068065 0.068121 0.068178 0.068238 0.068300 0.068363 0.068429 0.068496 0.068566 0.068637 0.068711 0.068787 0.068866 0.068947 0.069030 0.069116 0.069204 0.069294 0.069384 0.069474 0.069562 0.069647 0.069731 0.069819 0.069923 0.070060 0.070258 0.070551 0.070975 0.071562 0.072328 0.073261 0.074314 0.075405 0.076431 0.077301 0.078007 0.078730 0.080019 0.083103 0.090122
0.089639 0.082674 0.079626 0.078365 0.077669 0.076991 0.076150 0.075152 0.074085 0.073050 0.072131 0.071374 0.070792 0.070369 0.070076 0.069877 0.069738 0.069634 0.069545 0.069460 0.069374 0.069286 0.069196 0.069106 0.069016 0.068928 0.068842 0.068759 0.068678 0.068599 0.068523 0.068450 0.068378 0.068308 0.068241 0.068176 0.068112 0.068051 0.067992 0.067934 0.067879 0.067825 0.067773 0.067724 0.067675 0.067629 0.067584 0.067542 0.067500 0.067460 0.067422 0.067386 0.067350 0.067316 0.067284 0.067253 0.067223 0.067194 0.067166 0.067140 0.067115 0.067090 0.067067 0.067044 0.067023 0.067002 0.066983 0.066964 0.066946 0.066928 0.066912 0.066896 0.066881 0.066866 0.066852 0.066839 0.066826 0.066814 0.066803 0.066792 0.066782 0.066772 0.066763 0.066754 0.066746 0.066738 0.066731 0.066725 0.066718 0.066713 0.066707 0.066703 0.066698 0.066695 0.066691 0.066689 0.066686 0.066684 0.066683 0.066682 0.066682 0.066682 0.066682 0.066683 0.066684 0.066686 0.066689 0.066691 0.066695 0.066698 0.066703 0.066707 0.066713 0.066718 0.066725 0.066731 0.066738 0.066746 0.066754 0.066763 0.066772 0.066782 0.066792 0.066803 0.066814 0.066826 0.066839 0.066852 0.066866 0.066881 0.066896 0.066912 0.066928 0.066946 0.066964 0.066983 0.067002 0.067023 0.067044 0.067067 0.067090 0.067115 0.067140 0.067166 0.067194 0.067223 0.067253 0.067284 0.067316 0.067350 0.067386 0.067422 0.067460 0.067500 0.067542 0.067584 0.067629 0.067675 0.067724 0.067773 0.067825 0.067879 0.067934 0.067992 0.068051 0.068112 0.068176 0.068241 0.068308 0.068378 0.068450 0.068523 0.068599 0.068678 0.068759 0.068842 0.068928 0.069016 0.069106 0.069196 0.069286 0.069374 0.069460 0.069545 0.069634 0.069738 0.069877 0.070076 0.070369 0.070792 0.071374 0.072131 0.073050 0.074085 0.075152 0.076150 0.076991 0.077669 0.078365 0.079626 0.082674 0.089639
0.089156 0.082245 0.079232 0.077999 0.077328 0.076678 0.075866 0.074895 0.073851 0.072836 0.071930 0.071183 0.070605 0.070184 0.069891 0.069691 0.069551 0.069445 0.069355 0.069270 0.069184 0.069095 0.069005 0.068915 0.068825 0.068737 0.068651 0.068568 0.068487 0.068408 0.068333 0.068259 0.068188 0.068118 0.068051 0.067986 0.067923 0.067862 0.067804 0.067747 0.067692 0.067639 0.067587 0.067538 0.067491 0.067445 0.067401 0.067358 0.067318 0.067278 0.067241 0.067204 0.067170 0.067136 0.067104 0.067073 0.067044 0.067015 0.066988 0.066962 0.066937 0.066913 0.066889 0.066867 0.066846 0.066825 0.066806 0.066787 0.066769 0.066752 0.066735 0.066719 0.066704 0.066689 0.066676 0.066662 0.066650 0.066638 0.066626 0.066615 0.066605 0.066595 0.066586 0.066577 0.066569 0.066561 0.066554 0.066547 0.066541 0.066535 0.066530 0.066525 0.066521 0.066517 0.066514 0.066511 0.066509 0.066507 0.066505 0.066504 0.066504 0.066504 0.066504 0.066505 0.066507 0.066509 0.066511 0.066514 0.066517 0.066521 0.066525 0.066530 0.066535 0.066541 0.066547 0.066554 0.066561 0.066569 0.066577 0.066586 0.066595 0.066605 0.066615 0.066626 0.066638 0.066650 0.066662 0.066676 0.066689 0.066704 0.066719 0.066735 0.066752 0.066769 0.066787 0.066806 0.066825 0.066846 0.066867 0.066889 0.066913 0.066937 0.066962 0.066988 0.067015 0.067044 0.067073 0.067104 0.067136 0.067170 0.067204 0.067241 0.067278 0.067318 0.067358 0.067401 0.067445 0.067491 0.067538 0.067587 0.067639 0.067692 0.067747 0.067804 0.067862 0.067923 0.067986 0.068051 0.068118 0.068188 0.068259 0.068333 0.068408 0.068487 0.068568 0.068651 0.068737 0.068825 0.068915 0.069005 0.069095 0.069184 0.069270 0.069355 0.069446 0.069551 0.069691 0.069891 0.070184 0.070605 0.071183 0.071930 0.072836 0.073851 0.074895 0.075866 0.076678 0.077328 0.077999 0.079232 0.082245 0.089156
0.088673 0.081815 0.078838 0.077631 0.076986 0.076363 0.075578 0.074634 0.073614 0.072618 0.071726 0.070987 0.070415 0.069996 0.069703 0.069502 0.069362 0.069255 0.069163 0.069077 0.068991 0.068902 0.068812 0.068721 0.068631 0.068543 0.068457 0.068374 0.068293 0.068215 0.068140 0.068066 0.067996 0.067927 0.067860 0.067796 0.067734 0.067674 0.067616 0.067560 0.067506 0.067453 0.067403 0.067355 0.067308 0.067263 0.067220 0.067178 0.067138 0.067100 0.067063 0.067028 0.066993 0.066961 0.066929 0.066899 0.066870 0.066842 0.066815 0.066789 0.066764 0.066741 0.066718 0.066696 0.066675 0.066654 0.066635 0.066616 0.066598 0.066581 0.066564 0.066549 0.066533 0.066519 0.066505 0.066492 0.066479 0.066467 0.066455 0.066444 0.066434 0.066424 0.066415 0.066406 0.066398 0.066390 0.066383 0.066376 0.066370 0.066364 0.066359 0.066354 0.066349 0.066346 0.066342 0.066339 0.066337 0.066335 0.066334 0.066333 0.066332 0.066332 0.066333 0.066334 0.066335 0.066337 0.066339 0.066342 0.066346 0.066349 0.066354 0.066359 0.066364 0.066370 0.066376 0.066383 0.066390 0.066398 0.066406 0.066415 0.066424 0.066434 0.066444 0.066455 0.066467 0.066479 0.066492 0.066505 0.066519 0.066533 0.066549 0.066564 0.066581 0.066598 0.066616 0.066635 0.066654 0.066675 0.066696 0.066718 0.066741 0.066764 0.066789 0.066815 0.066842 0.066870 0.066899 0.066929 0.066961 0.066994 0.067028 0.067063 0.067100 0.067138 0.067178 0.067220 0.067263 0.067308 0.067355 0.067403 0.067453 0.067506 0.067560 0.067616 0.067674 0.067734 0.067796 0.067860 0.067927 0.067996 0.068066 0.068140 0.068215 0.068293 0.068374 0.068457 0.068543 0.068631 0.068721 0.068812 0.068902 0.068991 0.069077 0.069163 0.069255 0.069362 0.069502 0.069703 0.069996 0.070415 0.070987 0.071726 0.072618 0.073614 0.074634 0.075578 0.076363 0.076986 0.077631 0.078838 0.081815 0.088673
0.088190 0.081386 0.078443 0.077261 0.076641 0.076044 0.075287 0.074369 0.073373 0.072395 0.071518 0.070788 0.070221 0.069805 0.069512 0.069311 0.069169 0.069061 0.068969 0.068882 0.068795 0.068706 0.068616 0.068525 0.068435 0.068347 0.068262 0.068179 0.068098 0.068021 0.067946 0.067873 0.067803 0.067736 0.067670 0.067607 0.067546 0.067487 0.067431 0.067376 0.067323 0.067272 0.067224 0.067177 0.067131 0.067088 0.067046 0.067006 0.066967 0.066930 0.066894 0.066860 0.066826 0.066795 0.066764 0.066734 0.066706 0.066679 0.066653 0.066627 0.066603 0.066580 0.066557 0.066536 0.066515 0.066495 0.066475 0.066457 0.066439 0.066422 0.066405 0.066390 0.066374 0.066360 0.066346 0.066333 0.066320 0.066308 0.066296 0.066285 0.066275 0.066265 0.066255 0.066246 0.066238 0.066230 0.066223 0.066216 0.066209 0.066204 0.066198 0.066193 0.066189 0.066185 0.066182 0.066179 0.066176 0.066174 0.066173 0.066172 0.066171 0.066171 0.066172 0.066173 0.066174 0.066176 0.066179 0.066182 0.066185 0.066189 0.066193 0.066198 0.066204 0.066209 0.066216 0.066223 0.066230 0.066238 0.066246 0.066255 0.066265 0.066275 0.066285 0.066296 0.066308 0.066320 0.066333 0.066346 0.066360 0.066374 0.066390 0.066405 0.066422 0.066439 0.066457 0.066475 0.066495 0.066515 0.066536 0.066557 0.066580 0.066603 0.066627 0.066653 0.066679 0.066706 0.066734 0.066764 0.066795 0.066826 0.066860 0.066894 0.066930 0.066967 0.067006 0.067046 0.067088 0.067131 0.067177 0.067224 0.067272 0.067323 0.067376 0.067431 0.067487 0.067546 0.067607 0.067670 0.067736 0.067803 0.067873 0.067946 0.068021 0.068098 0.068179 0.068262 0.068347 0.068435 0.068525 0.068616 0.068706 0.068795 0.068882 0.068969 0.069061 0.069169 0.069311 0.069513 0.069805 0.070221 0.070788 0.071518 0.072395 0.073373 0.074369 0.075287 0.076044 0.076641 0.077261 0.078443 0.081386 0.088190
0.087705 0.080955 0.078047 0.076890 0.076294 0.075722 0.074992 0.074100 0.073127 0.072169 0.071305 0.070585 0.070024 0.069610 0.069319 0.069117 0.068974 0.068865 0.068772 0.068684 0.068597 0.068508 0.068418 0.068327 0.068238 0.068150 0.068065 0.067983 0.067903 0.067827 0.067753 0.067682 0.067613 0.067547 0.067483 0.067422 0.067363 0.067306 0.067251 0.067199 0.067148 0.067100 0.067053 0.067008 0.066965 0.066924 0.066884 0.066845 0.066809 0.066773 0.066739 0.066706 0.066674 0.066644 0.066614 0.066586 0.066559 0.066532 0.066507 0.066483 0.066459 0.066436 0.066414 0.066393 0.066373 0.066353 0.066334 0.066315 0.066298 0.066281 0.066264 0.066249 0.066234 0.066219 0.066205 0.066192 0.066179 0.066167 0.066155 0.066144 0.066133 0.066123 0.066114 0.066105 0.066096 0.066088 0.066081 0.066074 0.066067 0.066061 0.066056 0.066051 0.066046 0.066042 0.066039 0.066036 0.066033 0.066032 0.066030 0.066029 0.066029 0.066029 0.066029 0.066030 0.066032 0.066033 0.066036 0.066039 0.066042 0.066046 0.066051 0.066056 0.066061 0.066067 0.066074 0.066081 0.066088 0.066096 0.066105 0.066114 0.066123 0.066133 0.066144 0.066155 0.066167 0.066179 0.066192 0.066205 0.066219 0.066234 0.066249 0.066264 0.066281 0.066298 0.066316 0.066334 0.066353 0.066373 0.066393 0.066414 0.066436 0.066459 0.066483 0.066507 0.066532 0.066559 0.066586 0.066614 0.066644 0.066674 0.066706 0.066739 0.066773 0.066809 0.066845 0.066884 0.066924 0.066965 0.067008 0.067053 0.067100 0.067148 0.067199 0.067251 0.067306 0.067363 0.067422 0.067483 0.067547 0.067613 0.067682 0.067753 0.067827 0.067903 0.067983 0.068065 0.068150 0.068238 0.068327 0.068418 0.068508 0.068597 0.068684 0.068772 0.068865 0.068974 0.069117 0.069319 0.069610 0.070024 0.070585 0.071305 0.072169 0.073127 0.074100 0.074992 0.075722 0.076294 0.076890 0.078047 0.080955 0.087705
0.087219 0.080524 0.077649 0.076517 0.075944 0.075397 0.074693 0.073827 0.072877 0.071938 0.071089 0.070379 0.069823 0.069413 0.069122 0.068920 0.068776 0.068666 0.068573 0.068485 0.068397 0.068308 0.068218 0.068128 0.068039 0.067952 0.067868 0.067787 0.067709 0.067634 0.067562 0.067493 0.067427 0.067363 0.067302 0.067244 0.067188 0.067134 0.067083 0.067034 0.066986 0.066941 0.066897 0.066856 0.066816 0.066777 0.066740 0.066704 0.066670 0.066637 0.066605 0.066574 0.066544 0.066516 0.066488 0.066461 0.066435 0.066410 0.066386 0.066363 0.066340 0.066318 0.066297 0.066276 0.066256 0.066237 0.066218 0.066200 0.066183 0.066166 0.066150 0.066134 0.066119 0.066105 0.066091 0.066077 0.066064 0.066052 0.066040 0.066029 0.066018 0.066008 0.065999 0.065989 0.065981 0.065973 0.065965 0.065958 0.065951 0.065945 0.065940 0.065935 0.065930 0.065926 0.065922 0.065919 0.065917 0.065915 0.065913 0.065912 0.065912 0.065912 0.065912 0.065913 0.065915 0.065917 0.065919 0.065922 0.065926 0.065930 0.065935 0.065940 0.065945 0.065951 0.065958 0.065965 0.065973 0.065981 0.065989 0.065999 0.066008 0.066018 0.066029 0.066040 0.066052 0.066064 0.066077 0.066091 0.066105 0.066119 0.066134 0.066150 0.066166 0.066183 0.066200 0.066218 0.066237 0.066256 0.066276 0.066297 0.066318 0.066340 0.066363 0.066386 0.066410 0.066435 0.066461 0.066488 0.066516 0.066544 0.066574 0.066605 0.066637 0.066670 0.066704 0.066740 0.066777 0.066816 0.066856 0.066898 0.066941 0.066986 0.067034 0.067083 0.067134 0.067188 0.067244 0.067302 0.067363 0.067427 0.067493 0.067562 0.067634 0.067709 0.067787 0.067868 0.067952 0.068039 0.068128 0.068218 0.068308 0.068397 0.068485 0.068573 0.068666 0.068776 0.068920 0.069122 0.069413 0.069823 0.070379 0.071089 0.071938 0.072877 0.073827 0.074693 0.075397 0.075944 0.076517 0.077649 0.080524 0.087219
0.086732 0.080091 0.077250 0.076142 0.075591 0.075069 0.074390 0.073550 0.072623 0.071703 0.070869 0.070168 0.069619 0.069212 0.068922 0.068720 0.068576 0.068466 0.068371 0.068283 0.068196 0.068107 0.068017 0.067928 0.067840 0.067755 0.067673 0.067594 0.067518 0.067446 0.067377 0.067311 0.067249 0.067189 0.067133 0.067078 0.067027 0.066978 0.066931 0.066886 0.066843 0.066803 0.066763 0.066726 0.066690 0.066655 0.066622 0.066590 0.066559 0.066529 0.066500 0.066472 0.066445 0.066419 0.066394 0.066369 0.066345 0.066321 0.066299 0.066277 0.066255 0.066234 0.066214 0.066194 0.066175 0.066156 0.066138 0.066121 0.066104 0.066087 0.066071 0.066055 0.066040 0.066026 0.066012 0.065998 0.065986 0.065973 0.065961 0.065950 0.065939 0.065929 0.065919 0.065909 0.065901 0.065892 0.065885 0.065877 0.065871 0.065864 0.065859 0.065853 0.065849 0.065845 0.065841 0.065838 0.065835 0.065833 0.065831 0.065830 0.065830 0.065830 0.065830 0.065831 0.065833 0.065835 0.065838 0.065841 0.065845 0.065849 0.065853 0.065859 0.065864 0.065871 0.065877 0.065885 0.065892 0.065901 0.065909 0.065919 0.065929 0.065939 0.065950 0.065961 0.065973 0.065986 0.065999 0.066012 0.066026 0.066040 0.066055 0.066071 0.066087 0.066104 0.066121 0.066138 0.066156 0.066175 0.066194 0.066214 0.066234 0.066255 0.066277 0.066299 0.066321 0.066345 0.066369 0.066394 0.066419 0.066445 0.066472 0.066500 0.066529 0.066559 0.066590 0.066622 0.066655 0.066690 0.066726 0.066763 0.066803 0.066843 0.066886 0.066931 0.066978 0.067027 0.067078 0.067133 0.067189 0.067249 0.067311 0.067377 0.067446 0.067518 0.067594 0.067673 0.067755 0.067840 0.067928 0.068017 0.068107 0.068196 0.068283 0.068371 0.068466 0.068576 0.068720 0.068922 0.069212 0.069619 0.070168 0.070869 0.071703 0.072623 0.073550 0.074390 0.075069 0.075591 0.076142 0.077250 0.080091 0.086732
0.086243 0.079657 0.076849 0.075764 0.075235 0.074736 0.074083 0.073268 0.072364 0.071464 0.070644 0.069954 0.069411 0.069008 0.068720 0.068518 0.068374 0.068263 0.068168 0.068080 0.067993 0.067905 0.067817 0.067729 0.067643 0.067560 0.067481 0.067405 0.067333 0.067265 0.067201 0.067141 0.067084 0.067030 0.066979 0.066931 0.066886 0.066843 0.066802 0.066764 0.066727 0.066693 0.066659 0.066628 0.066597 0.066568 0.066539 0.066512 0.066485 0.066460 0.066435 0.066410 0.066386 0.066363 0.066340 0.066318 0.066296 0.066275 0.066254 0.066234 0.066214 0.066194 0.066175 0.066156 0.066138 0.066120 0.066103 0.066085 0.066069 0.066053 0.066037 0.066021 0.066007 0.065992 0.065978 0.065965 0.065952 0.065939 0.065927 0.065915 0.065904 0.065894 0.065884 0.065874 0.065865 0.065857 0.065849 0.065841 0.065834 0.065828 0.065822 0.065817 0.065812 0.065808 0.065804 0.065801 0.065798 0.065796 0.065794 0.065793 0.065793 0.065793 0.065793 0.065794 0.065796 0.065798 0.065801 0.065804 0.065808 0.065812 0.065817 0.065822 0.065828 0.065834 0.065841 0.065849 0.065857 0.065865 0.065874 0.065884 0.065894 0.065904 0.065915 0.065927 0.065939 0.065952 0.065965 0.065978 0.065992 0.066007 0.066021 0.066037 0.066053 0.066069 0.066086 0.066103 0.066120 0.066138 0.066156 0.066175 0.066194 0.066214 0.066234 0.066254 0.066275 0.066296 0.066318 0.066340 0.066363 0.066386 0.066410 0.066435 0.066460 0.066485 0.066512 0.066539 0.066568 0.066597 0.066628 0.066659 0.066693 0.066727 0.066764 0.066802 0.066843 0.066886 0.066931 0.066979 0.067030 0.067084 0.067141 0.067201 0.067265 0.067333 0.067405 0.067481 0.067560 0.067643 0.067729 0.067817 0.067905 0.067993 0.068080 0.068168 0.068263 0.068374 0.068518 0.068720 0.069008 0.069411 0.069954 0.070644 0.071464 0.072364 0.073268 0.074083 0.074736 0.075235 0.075764 0.076849 0.079657 0.086243
0.085752 0.079222 0.076447 0.075385 0.074876 0.074400 0.073772 0.072982 0.072101 0.071220 0.070415 0.069736 0.069200 0.068800 0.068514 0.068313 0.068169 0.068058 0.067964 0.067876 0.067790 0.067704 0.067617 0.067532 0.067450 0.067371 0.067296 0.067225 0.067159 0.067097 0.067040 0.066986 0.066937 0.066891 0.066848 0.066809 0.066772 0.066738 0.066705 0.066675 0.066647 0.066620 0.066594 0.066569 0.066546 0.066523 0.066501 0.066479 0.066458 0.066437 0.066417 0.066396 0.066376 0.066357 0.066337 0.066318 0.066299 0.066280 0.066262 0.066243 0.066225 0.066207 0.066189 0.066171 0.066154 0.066137 0.066120 0.066104 0.066087 0.066072 0.066056 0.066041 0.066026 0.066012 0.065998 0.065984 0.065971 0.065958 0.065946 0.065934 0.065923 0.065912 0.065902 0.065892 0.065883 0.065875 0.065866 0.065859 0.065852 0.065845 0.065839 0.065833 0.065828 0.065824 0.065820 0.065817 0.065814 0.065812 0.065810 0.065809 0.065808 0.065808 0.065809 0.065810 0.065812 0.065814 0.065817 0.065820 0.065824 0.065828 0.065833 0.065839 0.065845 0.065852 0.065859 0.065866 0.065875 0.065883 0.065892 0.065902 0.065912 0.065923 0.065934 0.065946 0.065958 0.065971 0.065984 0.065998 0.066012 0.066026 0.066041 0.066056 0.066072 0.066087 0.066104 0.066120 0.066137 0.066154 0.066171 0.066189 0.066207 0.066225 0.066243 0.066262 0.066280 0.066299 0.066318 0.066337 0.066357 0.066376 0.066396 0.066417 0.066437 0.066458 0.066479 0.066501 0.066523 0.066546 0.066569 0.066594 0.066620 0.066647 0.066675 0.066705 0.066738 0.066772 0.066809 0.066848 0.066891 0.066937 0.066986 0.067040 0.067097 0.067159 0.067225 0.067296 0.067371 0.067450 0.067532 0.067617 0.067704 0.067790 0.067876 0.067964 0.068058 0.068169 0.068313 0.068514 0.068800 0.069200 0.069736 0.070415 0.071220 0.072101 0.072982 0.073772 0.074401 0.074876 0.075385 0.076447 0.079222 0.085752
0.085259 0.078786 0.076043 0.075003 0.074515 0.074061 0.073457 0.072692 0.071833 0.070971 0.070182 0.069514 0.068985 0.068589 0.068306 0.068106 0.067962 0.067852 0.067758 0.067672 0.067588 0.067504 0.067422 0.067341 0.067263 0.067190 0.067121 0.067058 0.067000 0.066947 0.066899 0.066855 0.066816 0.066781 0.066749 0.066720 0.066694 0.066670 0.066649 0.066629 0.066610 0.066592 0.066576 0.066560 0.066544 0.066529 0.066514 0.066499 0.066484 0.066469 0.066453 0.066438 0.066423 0.066407 0.066391 0.066376 0.066360 0.066343 0.066327 0.066311 0.066295 0.066278 0.066262 0.066246 0.066230 0.066213 0.066197 0.066182 0.066166 0.066151 0.066135 0.066121 0.066106 0.066092 0.066078 0.066064 0.066051 0.066038 0.066026 0.066014 0.066003 0.065992 0.065981 0.065971 0.065962 0.065953 0.065944 0.065936 0.065929 0.065922 0.065916 0.065910 0.065905 0.065901 0.065897 0.065893 0.065890 0.065888 0.065886 0.065885 0.065885 0.065885 0.065885 0.065886 0.065888 0.065890 0.065893 0.065897 0.065901 0.065905 0.065910 0.065916 0.065922 0.065929 0.065936 0.065944 0.065953 0.065962 0.065971 0.065981 0.065992 0.066003 0.066014 0.066026 0.066038 0.066051 0.066064 0.066078 0.066092 0.066106 0.066121 0.066135 0.066151 0.066166 0.066182 0.066197 0.066213 0.066230 0.066246 0.066262 0.066278 0.066295 0.066311 0.066327 0.066343 0.066360 0.066376 0.066391 0.066407 0.066423 0.066438 0.066453 0.066469 0.066484 0.066499 0.066514 0.066529 0.066544 0.066560 0.066576 0.066592 0.066610 0.066629 0.066649 0.066670 0.066694 0.066720 0.066749 0.066781 0.066816 0.066855 0.066899 0.066947 0.067000 0.067058 0.067121 0.067190 0.067263 0.067341 0.067422 0.067504 0.067588 0.067672 0.067758 0.067852 0.067962 0.068106 0.068306 0.068589 0.068985 0.069514 0.070182 0.070971 0.071833 0.072692 0.073457 0.074061 0.074515 0.075003 0.076043 0.078786 0.085259
0.084764 0.078348 0.075638 0.074618 0.074150 0.073717 0.073137 0.072396 0.071561 0.070718 0.069945 0.069288 0.068767 0.068376 0.068095 0.067897 0.067754 0.067645 0.067554 0.067470 0.067389 0.067310 0.067232 0.067157 0.067087 0.067021 0.066962 0.066909 0.066862 0.066820 0.066785 0.066754 0.066728 0.066706 0.066687 0.066672 0.066659 0.066648 0.066639 0.066631 0.066624 0.066617 0.066610 0.066604 0.066598 0.066591 0.066584 0.066576 0.066568 0.066559 0.066550 0.066540 0.066529 0.066518 0.066507 0.066495 0.066482 0.066469 0.066456 0.066442 0.066428 0.066414 0.066399 0.066385 0.066370 0.066355 0.066340 0.066325 0.066311 0.066296 0.066281 0.066267 0.066252 0.066238 0.066225 0.066211 0.066198 0.066185 0.066173 0.066161 0.066150 0.066138 0.066128 0.066118 0.066108 0.066099 0.066090 0.066082 0.066075 0.066068 0.066062 0.066056 0.066050 0.066046 0.066042 0.066038 0.066035 0.066033 0.066031 0.066030 0.066029 0.066029 0.066030 0.066031 0.066033 0.066035 0.066038 0.066042 0.066046 0.066050 0.066056 0.066062 0.066068 0.066075 0.066082 0.066090 0.066099 0.066108 0.066118 0.066128 0.066138 0.066150 0.066161 0.066173 0.066185 0.066198 0.066211 0.066225 0.066238 0.066252 0.066267 0.066281 0.066296 0.066311 0.066325 0.066340 0.066355 0.066370 0.066385 0.066399 0.066414 0.066428 0.066442 0.066456 0.066469 0.066482 0.066495 0.066507 0.066518 0.066529 0.066540 0.066550 0.066559 0.066568 0.066576 0.066584 0.066591 0.066598 0.066604 0.066610 0.066617 0.066624 0.066631 0.066639 0.066648 0.066659 0.066672 0.066687 0.066706 0.066728 0.066754 0.066785 0.066820 0.066862 0.066909 0.066962 0.067021 0.067087 0.067157 0.067232 0.067310 0.067389 0.067470 0.067554 0.067645 0.067754 0.067897 0.068095 0.068376 0.068767 0.069288 0.069945 0.070718 0.071561 0.072396 0.073137 0.073717 0.074150 0.074618 0.075638 0.078348 0.084764
0.084267 0.077908 0.075230 0.074231 0.073781 0.073370 0.072813 0.072096 0.071283 0.070461 0.069703 0.069058 0.068545 0.068159 0.067882 0.067686 0.067546 0.067439 0.067351 0.067271 0.067195 0.067122 0.067052 0.066986 0.066925 0.066871 0.066824 0.066784 0.066751 0.066725 0.066704 0.066689 0.066679 0.066673 0.066670 0.066670 0.066672 0.066675 0.066680 0.066685 0.066691 0.066696 0.066701 0.066705 0.066708 0.066711 0.066712 0.066713 0.066712 0.066710 0.066708 0.066704 0.066699 0.066693 0.066687 0.066679 0.066671 0.066662 0.066653 0.066642 0.066631 0.066620 0.066608 0.066596 0.066583 0.066571 0.066558 0.066544 0.066531 0.066517 0.066504 0.066490 0.066477 0.066464 0.066451 0.066438 0.066425 0.066412 0.066400 0.066389 0.066377 0.066366 0.066356 0.066346 0.066336 0.066327 0.066318 0.066310 0.066303 0.066296 0.066289 0.066283 0.066278 0.066273 0.066269 0.066265 0.066262 0.066260 0.066258 0.066257 0.066256 0.066256 0.066257 0.066258 0.066260 0.066262 0.066265 0.066269 0.066273 0.066278 0.066283 0.066289 0.066296 0.066303 0.066310 0.066318 0.066327 0.066336 0.066346 0.066356 0.066366 0.066377 0.066389 0.066400 0.066412 0.066425 0.066438 0.066451 0.066464 0.066477 0.066490 0.066504 0.066517 0.066531 0.066544 0.066558 0.066571 0.066583 0.066596 0.066608 0.066620 0.066631 0.066642 0.066653 0.066662 0.066671 0.066679 0.066687 0.066693 0.066699 0.066704 0.066708 0.066710 0.066712 0.066713 0.066712 0.066711 0.066708 0.066705 0.066701 0.066696 0.066691 0.066685 0.066680 0.066675 0.066672 0.066670 0.066670 0.066673 0.066679 0.066689 0.066704 0.066725 0.066751 0.066784 0.066824 0.066871 0.066925 0.066986 0.067052 0.067122 0.067195 0.067271 0.067351 0.067439 0.067546 0.067686 0.067882 0.068159 0.068545 0.069058 0.069703 0.070461 0.071283 0.072096 0.072813 0.073370 0.073781 0.074231 0.075230 0.077908 0.084267
0.083768 0.077467 0.074821 0.073842 0.073410 0.073019 0.072484 0.071791 0.071001 0.070199 0.069457 0.068824 0.068320 0.067941 0.067668 0.067476 0.067339 0.067236 0.067152 0.067079 0.067010 0.066946 0.066886 0.066832 0.066784 0.066744 0.066713 0.066689 0.066673 0.066664 0.066662 0.066665 0.066673 0.066684 0.066699 0.066715 0.066734 0.066753 0.066772 0.066791 0.066810 0.066828 0.066845 0.066861 0.066875 0.066888 0.066900 0.066910 0.066919 0.066926 0.066932 0.066936 0.066939 0.066941 0.066942 0.066941 0.066939 0.066936 0.066933 0.066928 0.066922 0.066916 0.066908 0.066901 0.066892 0.066883 0.066873 0.066863 0.066852 0.066841 0.066830 0.066819 0.066807 0.066796 0.066784 0.066773 0.066761 0.066750 0.066739 0.066728 0.066717 0.066707 0.066697 0.066687 0.066678 0.066669 0.066660 0.066653 0.066645 0.066638 0.066632 0.066626 0.066621 0.066616 0.066612 0.066608 0.066605 0.066603 0.066601 0.066600 0.066599 0.066599 0.066600 0.066601 0.066603 0.066605 0.066608 0.066612 0.066616 0.066621 0.066626 0.066632 0.066638 0.066645 0.066653 0.066660 0.066669 0.066678 0.066687 0.066697 0.066707 0.066717 0.066728 0.066739 0.066750 0.066761 0.066773 0.066784 0.066796 0.066807 0.066819 0.066830 0.066841 0.066852 0.066863 0.066873 0.066883 0.066892 0.066901 0.066908 0.066916 0.066922 0.066928 0.066933 0.066936 0.066939 0.066941 0.066942 0.066941 0.066939 0.066936 0.066932 0.066926 0.066919 0.066910 0.066900 0.066888 0.066875 0.066861 0.066845 0.066828 0.066810 0.066791 0.066772 0.066753 0.066734 0.066715 0.066699 0.066684 0.066673 0.066665 0.066662 0.066664 0.066673 0.066689 0.066713 0.066744 0.066784 0.066832 0.066886 0.066946 0.067010 0.067079 0.067152 0.067236 0.067339 0.067476 0.067668 0.067941 0.068320 0.068824 0.069457 0.070199 0.071001 0.071791 0.072484 0.073019 0.073410 0.073842 0.074821 0.077467 0.083768
0.083266 0.077024 0.074409 0.073450 0.073035 0.072664 0.072152 0.071482 0.070715 0.069933 0.069208 0.068588 0.068094 0.067722 0.067454 0.067267 0.067135 0.067038 0.066961 0.066896 0.066837 0.066785 0.066738 0.066698 0.066667 0.066645 0.066631 0.066627 0.066630 0.066641 0.066658 0.066681 0.066708 0.066738 0.066771 0.066805 0.066840 0.066876 0.066911 0.066946 0.066980 0.067012 0.067044 0.067074 0.067103 0.067130 0.067156 0.067180 0.067202 0.067223 0.067242 0.067260 0.067276 0.067290 0.067302 0.067314 0.067323 0.067331 0.067338 0.067343 0.067347 0.067350 0.067351 0.067351 0.067350 0.067348 0.067345 0.067341 0.067336 0.067330 0.067324 0.067317 0.067309 0.067301 0.067293 0.067285 0.067276 0.067267 0.067258 0.067249 0.067240 0.067231 0.067222 0.067214 0.067205 0.067197 0.067190 0.067183 0.067176 0.067169 0.067163 0.067158 0.067153 0.067149 0.067145 0.067141 0.067138 0.067136 0.067134 0.067133 0.067133 0.067133 0.067133 0.067134 0.067136 0.067138 0.067141 0.067145 0.067149 0.067153 0.067158 0.067164 0.067169 0.067176 0.067183 0.067190 0.067197 0.067205 0.067214 0.067222 0.067231 0.067240 0.067249 0.067258 0.067267 0.067276 0.067285 0.067293 0.067301 0.067309 0.067317 0.067324 0.067330 0.067336 0.067341 0.067345 0.067348 0.067350 0.067351 0.067351 0.067350 0.067347 0.067343 0.067338 0.067331 0.067323 0.067314 0.067302 0.067290 0.067276 0.067260 0.067242 0.067223 0.067202 0.067180 0.067156 0.067130 0.067103 0.067074 0.067044 0.067013 0.066980 0.066946 0.066911 0.066876 0.066840 0.066805 0.066771 0.066738 0.066708 0.066681 0.066658 0.066641 0.066630 0.066627 0.066631 0.066645 0.066667 0.066698 0.066738 0.066785 0.066837 0.066896 0.066961 0.067038 0.067135 0.067267 0.067454 0.067722 0.068094 0.068588 0.069208 0.069933 0.070715 0.071482 0.072152 0.072664 0.073035 0.073450 0.074409 0.077024 0.083266
0.082763 0.076579 0.073996 0.073056 0.072658 0.072305 0.071815 0.071169 0.070424 0.069663 0.068955 0.068350 0.067866 0.067502 0.067242 0.067061 0.066936 0.066847 0.066780 0.066726 0.066680 0.066641 0.066611 0.066589 0.066576 0.066573 0.066579 0.066595 0.066619 0.066651 0.066689 0.066731 0.066778 0.066827 0.066879 0.066933 0.066987 0.067042 0.067097 0.067152 0.067206 0.067260 0.067313 0.067365 0.067416 0.067467 0.067516 0.067563 0.067609 0.067654 0.067697 0.067737 0.067776 0.067813 0.067848 0.067880 0.067910 0.067938 0.067964 0.067988 0.068009 0.068028 0.068045 0.068060 0.068072 0.068083 0.068092 0.068099 0.068105 0.068109 0.068111 0.068112 0.068112 0.068111 0.068109 0.068106 0.068102 0.068098 0.068093 0.068088 0.068082 0.068076 0.068070 0.068064 0.068057 0.068051 0.068045 0.068039 0.068034 0.068028 0.068023 0.068019 0.068014 0.068010 0.068007 0.068004 0.068001 0.067999 0.067998 0.067997 0.067996 0.067996 0.067997 0.067998 0.067999 0.068001 0.068004 0.068007 0.068010 0.068014 0.068019 0.068023 0.068028 0.068034 0.068039 0.068045 0.068051 0.068057 0.068064 0.068070 0.068076 0.068082 0.068088 0.068093 0.068098 0.068102 0.068106 0.068109 0.068111 0.068112 0.068112 0.068111 0.068109 0.068105 0.068099 0.068092 0.068083 0.068072 0.068060 0.068045 0.068028 0.068009 0.067988 0.067964 0.067938 0.067910 0.067880 0.067848 0.067813 0.067776 0.067737 0.067697 0.067654 0.067609 0.067563 0.067516 0.067467 0.067416 0.067365 0.067313 0.067260 0.067206 0.067152 0.067097 0.067042 0.066987 0.066933 0.066879 0.066827 0.066778 0.066731 0.066689 0.066651 0.066620 0.066595 0.066580 0.066573 0.066576 0.066589 0.066611 0.066642 0.066680 0.066726 0.066780 0.066847 0.066936 0.067061 0.067242 0.067502 0.067866 0.068350 0.068955 0.069663 0.070424 0.071169 0.071815 0.072305 0.072658 0.073056 0.073996 0.076579 0.082763
0.082258 0.076133 0.073580 0.072659 0.072277 0.071943 0.071474 0.070851 0.070130 0.069390 0.068701 0.068110 0.067639 0.067285 0.067033 0.066861 0.066745 0.066666 0.066611 0.066569 0.066539 0.066517 0.066504 0.066501 0.066507 0.066525 0.066552 0.066588 0.066633 0.066685 0.066744 0.066808 0.066876 0.066948 0.067023 0.067101 0.067182 0.067265 0.067349 0.067436 0.067524 0.067613 0.067704 0.067795 0.067886 0.067978 0.068069 0.068159 0.068248 0.068335 0.068420 0.068503 0.068582 0.068659 0.068732 0.068802 0.068868 0.068930 0.068989 0.069043 0.069094 0.069141 0.069184 0.069224 0.069259 0.069292 0.069321 0.069346 0.069369 0.069389 0.069406 0.069420 0.069432 0.069442 0.069450 0.069456 0.069461 0.069464 0.069466 0.069466 0.069466 0.069465 0.069463 0.069460 0.069457 0.069454 0.069451 0.069447 0.069443 0.069440 0.069436 0.069433 0.069429 0.069426 0.069424 0.069421 0.069419 0.069417 0.069416 0.069415 0.069415 0.069415 0.069415 0.069416 0.069417 0.069419 0.069421 0.069424 0.069426 0.069429 0.069433 0.069436 0.069440 0.069443 0.069447 0.069451 0.069454 0.069457 0.069460 0.069463 0.069465 0.069466 0.069466 0.069466 0.069464 0.069461 0.069456 0.069450 0.069442 0.069432 0.069420 0.069406 0.069389 0.069369 0.069346 0.069321 0.069292 0.069259 0.069224 0.069184 0.069141 0.069094 0.069043 0.068989 0.068930 0.068868 0.068802 0.068732 0.068659 0.068582 0.068503 0.068420 0.068335 0.068248 0.068159 0.068069 0.067978 0.067886 0.067795 0.067704 0.067613 0.067524 0.067436 0.067349 0.067265 0.067182 0.067101 0.067023 0.066948 0.066876 0.066808 0.066744 0.066685 0.066633 0.066588 0.066552 0.066525 0.066507 0.066501 0.066504 0.066517 0.066539 0.066569 0.066611 0.066666 0.066745 0.066861 0.067033 0.067285 0.067639 0.068110 0.068701 0.069390 0.070130 0.070851 0.071474 0.071943 0.072277 0.072659 0.073580 0.076133 0.082258
0.081751 0.075684 0.073163 0.072259 0.071894 0.071578 0.071130 0.070531 0.069833 0.069115 0.068445 0.067871 0.067413 0.067070 0.066829 0.066667 0.066562 0.066495 0.066453 0.066426 0.066412 0.066407 0.066412 0.066428 0.066454 0.066491 0.066538 0.066595 0.066662 0.066736 0.066819 0.066909 0.067007 0.067111 0.067222 0.067341 0.067465 0.067597 0.067735 0.067878 0.068027 0.068181 0.068339 0.068500 0.068664 0.068828 0.068993 0.069157 0.069319 0.069478 0.069634 0.069785 0.069932 0.070073 0.070208 0.070337 0.070460 0.070575 0.070684 0.070787 0.070882 0.070971 0.071054 0.071130 0.071200 0.071264 0.071322 0.071375 0.071422 0.071465 0.071503 0.071536 0.071566 0.071591 0.071614 0.071633 0.071649 0.071662 0.071673 0.071682 0.071689 0.071694 0.071698 0.071701 0.071702 0.071703 0.071703 0.071702 0.071701 0.071700 0.071698 0.071696 0.071694 0.071692 0.071691 0.071689 0.071688 0.071686 0.071685 0.071685 0.071684 0.071684 0.071685 0.071685 0.071686 0.071688 0.071689 0.071691 0.071692 0.071694 0.071696 0.071698 0.071700 0.071701 0.071702 0.071703 0.071703 0.071702 0.071701 0.071698 0.071694 0.071689 0.071682 0.071673 0.071662 0.071649 0.071633 0.071614 0.071591 0.071566 0.071536 0.071503 0.071465 0.071422 0.071375 0.071322 0.071264 0.071200 0.071130 0.071054 0.070972 0.070882 0.070787 0.070684 0.070575 0.070460 0.070337 0.070208 0.070073 0.069932 0.069785 0.069634 0.069478 0.069319 0.069157 0.068993 0.068828 0.068664 0.068500 0.068339 0.068181 0.068027 0.067878 0.067735 0.067597 0.067465 0.067341 0.067222 0.067111 0.067007 0.066909 0.066819 0.066736 0.066662 0.066595 0.066538 0.066491 0.066454 0.066428 0.066412 0.066407 0.066412 0.066426 0.066453 0.066495 0.066562 0.066667 0.066829 0.067070 0.067413 0.067871 0.068445 0.069115 0.069833 0.070531 0.071130 0.071578 0.071894 0.072259 0.073163 0.075684 0.081751
0.081243 0.075234 0.072742 0.071857 0.071507 0.071209 0.070783 0.070207 0.069533 0.068838 0.068188 0.067631 0.067188 0.066859 0.066629 0.066479 0.066386 0.066331 0.066303 0.066291 0.066292 0.066303 0.066326 0.066359 0.066404 0.066460 0.066529 0.066610 0.066703 0.066810 0.066929 0.067062 0.067209 0.067370 0.067547 0.067738 0.067944 0.068165 0.068399 0.068645 0.068902 0.069168 0.069442 0.069721 0.070003 0.070286 0.070568 0.070848 0.071123 0.071392 0.071654 0.071908 0.072152 0.072385 0.072608 0.072820 0.073020 0.073209 0.073386 0.073552 0.073706 0.073850 0.073983 0.074106 0.074219 0.074322 0.074416 0.074502 0.074580 0.074650 0.074713 0.074769 0.074819 0.074863 0.074901 0.074935 0.074964 0.074990 0.075011 0.075029 0.075045 0.075057 0.075067 0.075076 0.075082 0.075087 0.075090 0.075093 0.075094 0.075095 0.075095 0.075095 0.075095 0.075094 0.075093 0.075092 0.075091 0.075090 0.075090 0.075089 0.075089 0.075089 0.075089 0.075090 0.075090 0.075091 0.075092 0.075093 0.075094 0.075095 0.075095 0.075095 0.075095 0.075094 0.075093 0.075090 0.075087 0.075082 0.075076 0.075067 0.075057 0.075045 0.075029 0.075011 0.074990 0.074964 0.074935 0.074901 0.074863 0.074819 0.074769 0.074713 0.074650 0.074580 0.074502 0.074416 0.074322 0.074219 0.074106 0.073983 0.073850 0.073706 0.073552 0.073386 0.073209 0.073020 0.072820 0.072608 0.072385 0.072152 0.071908 0.071654 0.071392 0.071123 0.070848 0.070568 0.070286 0.070003 0.069721 0.069442 0.069168 0.068902 0.068645 0.068399 0.068165 0.067944 0.067738 0.067547 0.067370 0.067209 0.067062 0.066929 0.066810 0.066703 0.066610 0.066529 0.066460 0.066404 0.066359 0.066326 0.066303 0.066292 0.066291 0.066303 0.066331 0.066386 0.066479 0.066629 0.066859 0.067188 0.067631 0.068188 0.068838 0.069533 0.070207 0.070783 0.071209 0.071507 0.071857 0.072742 0.075234 0.081243
0.080733 0.074781 0.072319 0.071452 0.071117 0.070837 0.070432 0.069879 0.069230 0.068558 0.067930 0.067391 0.066963 0.066648 0.066431 0.066292 0.066210 0.066168 0.066152 0.066153 0.066168 0.066194 0.066232 0.066283 0.066349 0.066430 0.066529 0.066647 0.066786 0.066947 0.067133 0.067345 0.067585 0.067853 0.068149 0.068472 0.068822 0.069197 0.069594 0.070010 0.070442 0.070886 0.071337 0.071794 0.072250 0.072704 0.073152 0.073590 0.074017 0.074431 0.074829 0.075211 0.075575 0.075921 0.076248 0.076555 0.076844 0.077114 0.077366 0.077600 0.077817 0.078017 0.078201 0.078370 0.078524 0.078665 0.078794 0.078910 0.079015 0.079110 0.079195 0.079270 0.079337 0.079397 0.079449 0.079495 0.079535 0.079569 0.079599 0.079624 0.079645 0.079663 0.079678 0.079690 0.079699 0.079707 0.079713 0.079717 0.079720 0.079722 0.079723 0.079723 0.079723 0.079723 0.079722 0.079722 0.079721 0.079720 0.079720 0.079719 0.079719 0.079719 0.079719 0.079720 0.079720 0.079721 0.079722 0.079722 0.079723 0.079723 0.079723 0.079723 0.079722 0.079720 0.079717 0.079713 0.079707 0.079699 0.079690 0.079678 0.079663 0.079645 0.079624 0.079599 0.079569 0.079535 0.079495 0.079449 0.079397 0.079337 0.079270 0.079195 0.079110 0.079015 0.078910 0.078794 0.078665 0.078524 0.078370 0.078201 0.078017 0.077817 0.077600 0.077366 0.077114 0.076844 0.076555 0.076248 0.075921 0.075575 0.075211 0.074829 0.074431 0.074017 0.073590 0.073152 0.072704 0.072250 0.071794 0.071337 0.070886 0.070442 0.070010 0.069594 0.069197 0.068822 0.068472 0.068149 0.067853 0.067585 0.067345 0.067133 0.066947 0.066786 0.066647 0.066529 0.066430 0.066349 0.066283 0.066232 0.066194 0.066168 0.066153 0.066152 0.066168 0.066210 0.066292 0.066431 0.066648 0.066963 0.067391 0.067930 0.068558 0.069230 0.069880 0.070432 0.070837 0.071117 0.071452 0.072319 0.074781 0.080733
0.080222 0.074324 0.071892 0.071042 0.070723 0.070460 0.070076 0.069547 0.068923 0.068274 0.067667 0.067147 0.066735 0.066433 0.066227 0.066099 0.066027 0.065995 0.065989 0.066001 0.066028 0.066070 0.066127 0.066203 0.066301 0.066425 0.066578 0.066766 0.066992 0.067259 0.067571 0.067930 0.068336 0.068790 0.069289 0.069832 0.070414 0.071029 0.071673 0.072338 0.073018 0.073707 0.074396 0.075082 0.075757 0.076417 0.077058 0.077676 0.078269 0.078835 0.079371 0.079878 0.080355 0.080802 0.081220 0.081607 0.081967 0.082299 0.082605 0.082885 0.083142 0.083376 0.083590 0.083783 0.083959 0.084117 0.084260 0.084388 0.084503 0.084605 0.084696 0.084777 0.084848 0.084909 0.084963 0.085010 0.085050 0.085085 0.085113 0.085138 0.085158 0.085174 0.085187 0.085197 0.085205 0.085211 0.085215 0.085217 0.085219 0.085219 0.085219 0.085218 0.085217 0.085215 0.085214 0.085212 0.085211 0.085209 0.085208 0.085208 0.085207 0.085207 0.085208 0.085208 0.085209 0.085211 0.085212 0.085214 0.085215 0.085217 0.085218 0.085219 0.085219 0.085219 0.085217 0.085215 0.085211 0.085205 0.085197 0.085187 0.085174 0.085158 0.085138 0.085113 0.085085 0.085050 0.085010 0.084963 0.084909 0.084848 0.084777 0.084696 0.084605 0.084503 0.084388 0.084260 0.084117 0.083959 0.083783 0.083590 0.083376 0.083142 0.082885 0.082605 0.082299 0.081967 0.081607 0.081220 0.080802 0.080355 0.079878 0.079371 0.078835 0.078269 0.077676 0.077058 0.076417 0.075757 0.075082 0.074397 0.073707 0.073018 0.072338 0.071673 0.071029 0.070414 0.069832 0.069289 0.068790 0.068336 0.067930 0.067571 0.067259 0.066992 0.066766 0.066578 0.066425 0.066301 0.066203 0.066127 0.066070 0.066028 0.066001 0.065989 0.065995 0.066027 0.066099 0.066227 0.066433 0.066735 0.067147 0.067667 0.068274 0.068923 0.069547 0.070076 0.070460 0.070723 0.071042 0.071892 0.074324 0.080222
0.079709 0.073863 0.071460 0.070627 0.070322 0.070077 0.069713 0.069208 0.068607 0.067982 0.067396 0.066894 0.066497 0.066206 0.066010 0.065890 0.065825 0.065800 0.065803 0.065828 0.065872 0.065938 0.066029 0.066152 0.066314 0.066523 0.066784 0.067106 0.067494 0.067953 0.068485 0.069092 0.069770 0.070517 0.071326 0.072189 0.073097 0.074038 0.075003 0.075979 0.076955 0.077922 0.078869 0.079790 0.080677 0.081525 0.082330 0.083090 0.083802 0.084467 0.085085 0.085656 0.086182 0.086665 0.087106 0.087508 0.087872 0.088202 0.088499 0.088765 0.089004 0.089216 0.089406 0.089574 0.089722 0.089853 0.089968 0.090068 0.090155 0.090231 0.090297 0.090352 0.090400 0.090439 0.090472 0.090499 0.090520 0.090537 0.090549 0.090558 0.090564 0.090567 0.090569 0.090568 0.090566 0.090562 0.090558 0.090553 0.090547 0.090542 0.090536 0.090530 0.090525 0.090520 0.090515 0.090511 0.090507 0.090504 0.090502 0.090500 0.090500 0.090500 0.090500 0.090502 0.090504 0.090507 0.090511 0.090515 0.090520 0.090525 0.090530 0.090536 0.090542 0.090547 0.090553 0.090558 0.090562 0.090566 0.090568 0.090569 0.090567 0.090564 0.090558 0.090549 0.090537 0.090520 0.090499 0.090472 0.090439 0.090400 0.090352 0.090297 0.090231 0.090156 0.090068 0.089968 0.089853 0.089722 0.089574 0.089406 0.089216 0.089004 0.088765 0.088499 0.088202 0.087872 0.087508 0.087106 0.086665 0.086182 0.085656 0.085085 0.084467 0.083802 0.083090 0.082330 0.081525 0.080677 0.079790 0.078869 0.077922 0.076955 0.075979 0.075003 0.074038 0.073097 0.072189 0.071326 0.070517 0.069770 0.069092 0.068485 0.067953 0.067494 0.067106 0.066784 0.066523 0.066314 0.066152 0.066029 0.065938 0.065872 0.065828 0.065803 0.065800 0.065825 0.065890 0.066010 0.066206 0.066497 0.066894 0.067396 0.067982 0.068607 0.069208 0.069713 0.070077 0.070323 0.070627 0.071460 0.073863 0.079709
0.079193 0.073397 0.071021 0.070205 0.069914 0.069685 0.069341 0.068857 0.068280 0.067677 0.067110 0.066624 0.066240 0.065959 0.065770 0.065655 0.065597 0.065581 0.065599 0.065646 0.065724 0.065841 0.066004 0.066224 0.066514 0.066884 0.067344 0.067904 0.068568 0.069339 0.070215 0.071193 0.072262 0.073411 0.074624 0.075886 0.077177 0.078481 0.079778 0.081054 0.082293 0.083484 0.084616 0.085682 0.086676 0.087596 0.088440 0.089209 0.089905 0.090531 0.091091 0.091588 0.092028 0.092414 0.092751 0.093043 0.093294 0.093509 0.093690 0.093843 0.093969 0.094073 0.094156 0.094222 0.094273 0.094311 0.094337 0.094354 0.094363 0.094365 0.094362 0.094353 0.094341 0.094325 0.094307 0.094286 0.094265 0.094241 0.094218 0.094193 0.094169 0.094145 0.094121 0.094098 0.094075 0.094054 0.094033 0.094013 0.093995 0.093978 0.093962 0.093947 0.093934 0.093923 0.093912 0.093903 0.093896 0.093890 0.093886 0.093883 0.093881 0.093881 0.093883 0.093886 0.093890 0.093896 0.093903 0.093912 0.093923 0.093934 0.093947 0.093962 0.093978 0.093995 0.094013 0.094033 0.094054 0.094075 0.094098 0.094121 0.094145 0.094169 0.094193 0.094218 0.094241 0.094265 0.094286 0.094307 0.094325 0.094341 0.094353 0.094362 0.094365 0.094363 0.094354 0.094337 0.094311 0.094273 0.094222 0.094156 0.094073 0.093969 0.093843 0.093690 0.093509 0.093294 0.093043 0.092751 0.092414 0.092028 0.091588 0.091091 0.090531 0.089905 0.089209 0.088440 0.087596 0.086676 0.085682 0.084616 0.083484 0.082293 0.081054 0.079778 0.078481 0.077177 0.075886 0.074625 0.073411 0.072262 0.071193 0.070215 0.069339 0.068568 0.067904 0.067344 0.066884 0.066514 0.066224 0.066004 0.065841 0.065724 0.065646 0.065599 0.065581 0.065597 0.065655 0.065770 0.065959 0.066240 0.066624 0.067110 0.067677 0.068280 0.068857 0.069341 0.069685 0.069914 0.070205 0.071021 0.073397 0.079193
0.078673 0.072923 0.070574 0.069774 0.069497 0.069282 0.068955 0.068492 0.067935 0.067352 0.066803 0.066331 0.065957 0.065684 0.065501 0.065395 0.065350 0.065355 0.065406 0.065505 0.065660 0.065882 0.066188 0.066594 0.067114 0.067763 0.068552 0.069485 0.070563 0.071780 0.073125 0.074580 0.076123 0.077728 0.079368 0.081015 0.082642 0.084223 0.085737 0.087166 0.088496 0.089716 0.090822 0.091811 0.092683 0.093441 0.094092 0.094641 0.095097 0.095466 0.095759 0.095983 0.096146 0.096257 0.096321 0.096346 0.096338 0.096302 0.096244 0.096167 0.096075 0.095973 0.095862 0.095746 0.095626 0.095504 0.095382 0.095260 0.095140 0.095023 0.094910 0.094800 0.094694 0.094593 0.094497 0.094405 0.094317 0.094235 0.094157 0.094084 0.094015 0.093951 0.093891 0.093836 0.093784 0.093737 0.093693 0.093653 0.093617 0.093584 0.093555 0.093528 0.093505 0.093484 0.093466 0.093451 0.093439 0.093429 0.093422 0.093417 0.093414 0.093414 0.093417 0.093422 0.093429 0.093439 0.093451 0.093466 0.093484 0.093505 0.093528 0.093555 0.093584 0.093617 0.093653 0.093693 0.093737 0.093784 0.093836 0.093891 0.093951 0.094015 0.094084 0.094157 0.094235 0.094317 0.094405 0.094497 0.094593 0.094694 0.094800 0.094910 0.095023 0.095140 0.095260 0.095382 0.095504 0.095626 0.095746 0.095862 0.095973 0.096075 0.096167 0.096244 0.096302 0.096338 0.096346 0.096321 0.096257 0.096146 0.095983 0.095759 0.095466 0.095097 0.094641 0.094092 0.093441 0.092683 0.091811 0.090822 0.089716 0.088496 0.087166 0.085737 0.084223 0.082642 0.081015 0.079368 0.077728 0.076123 0.074580 0.073125 0.071780 0.070563 0.069485 0.068552 0.067763 0.067114 0.066594 0.066188 0.065882 0.065660 0.065505 0.065406 0.065355 0.065350 0.065395 0.065501 0.065684 0.065957 0.066331 0.066803 0.067352 0.067935 0.068492 0.068955 0.069282 0.069497 0.069774 0.070574 0.072923 0.078673
0.078150 0.072443 0.070119 0.069334 0.069069 0.068866 0.068554 0.068108 0.067570 0.067005 0.066471 0.066012 0.065649 0.065386 0.065217 0.065131 0.065119 0.065176 0.065304 0.065514 0.065821 0.066244 0.066805 0.067522 0.068414 0.069490 0.070753 0.072198 0.073811 0.075568 0.077440 0.079388 0.081372 0.083351 0.085285 0.087135 0.088871 0.090466 0.091902 0.093167 0.094254 0.095165 0.095904 0.096480 0.096906 0.097193 0.097356 0.097409 0.097367 0.097243 0.097049 0.096798 0.096502 0.096169 0.095810 0.095431 0.095040 0.094643 0.094245 0.093851 0.093464 0.093086 0.092721 0.092368 0.092030 0.091707 0.091398 0.091106 0.090829 0.090568 0.090322 0.090091 0.089875 0.089673 0.089485 0.089309 0.089146 0.088996 0.088856 0.088727 0.088608 0.088499 0.088399 0.088308 0.088224 0.088148 0.088079 0.088017 0.087961 0.087911 0.087867 0.087827 0.087793 0.087763 0.087737 0.087715 0.087698 0.087684 0.087673 0.087666 0.087663 0.087663 0.087666 0.087673 0.087684 0.087698 0.087715 0.087737 0.087763 0.087793 0.087827 0.087867 0.087911 0.087961 0.088017 0.088079 0.088148 0.088224 0.088308 0.088399 0.088499 0.088608 0.088727 0.088856 0.088996 0.089146 0.089309 0.089485 0.089673 0.089875 0.090091 0.090322 0.090568 0.090829 0.091106 0.091398 0.091707 0.092030 0.092368 0.092721 0.093086 0.093464 0.093851 0.094245 0.094643 0.095040 0.095431 0.095810 0.096169 0.096502 0.096798 0.097049 0.097243 0.097367 0.097409 0.097356 0.097193 0.096906 0.096480 0.095904 0.095165 0.094254 0.093167 0.091902 0.090466 0.088871 0.087135 0.085285 0.083351 0.081372 0.079388 0.077440 0.075568 0.073811 0.072198 0.070753 0.069490 0.068414 0.067522 0.066805 0.066244 0.065821 0.065514 0.065304 0.065176 0.065119 0.065131 0.065217 0.065386 0.065649 0.066012 0.066471 0.067005 0.067570 0.068108 0.068554 0.068866 0.069069 0.069334 0.070119 0.072443 0.078150
0.077627 0.071961 0.069662 0.068890 0.068633 0.068440 0.068139 0.067707 0.067186 0.066637 0.066120 0.065677 0.065331 0.065092 0.064957 0.064922 0.064986 0.065153 0.065436 0.065853 0.066427 0.067183 0.068144 0.069326 0.070738 0.072377 0.074226 0.076257 0.078431 0.080695 0.082995 0.085271 0.087465 0.089523 0.091401 0.093063 0.094485 0.095653 0.096563 0.097220 0.097636 0.097827 0.097817 0.097628 0.097286 0.096814 0.096235 0.095568 0.094833 0.094045 0.093221 0.092372 0.091512 0.090649 0.089792 0.088950 0.088127 0.087330 0.086562 0.085828 0.085128 0.084464 0.083837 0.083245 0.082687 0.082164 0.081673 0.081214 0.080785 0.080385 0.080014 0.079669 0.079349 0.079053 0.078780 0.078528 0.078296 0.078083 0.077887 0.077708 0.077544 0.077395 0.077259 0.077136 0.077024 0.076924 0.076833 0.076751 0.076679 0.076614 0.076557 0.076506 0.076462 0.076424 0.076392 0.076365 0.076343 0.076325 0.076312 0.076304 0.076300 0.076300 0.076304 0.076312 0.076325 0.076343 0.076365 0.076392 0.076424 0.076462 0.076506 0.076557 0.076614 0.076679 0.076751 0.076833 0.076924 0.077024 0.077136 0.077259 0.077395 0.077544 0.077708 0.077887 0.078083 0.078296 0.078528 0.078780 0.079053 0.079349 0.079669 0.080014 0.080385 0.080785 0.081214 0.081673 0.082164 0.082687 0.083245 0.083837 0.084464 0.085128 0.085828 0.086562 0.087330 0.088127 0.088950 0.089792 0.090649 0.091512 0.092372 0.093221 0.094045 0.094833 0.095568 0.096235 0.096814 0.097286 0.097628 0.097817 0.097827 0.097636 0.097220 0.096563 0.095653 0.094485 0.093063 0.091401 0.089523 0.087465 0.085271 0.082995 0.080695 0.078431 0.076257 0.074226 0.072377 0.070738 0.069326 0.068144 0.067183 0.066427 0.065853 0.065436 0.065153 0.064986 0.064922 0.064957 0.065092 0.065331 0.065677 0.066120 0.066637 0.067186 0.067707 0.068139 0.068440 0.068633 0.068890 0.069662 0.071961 0.077627
0.077111 0.071487 0.069211 0.068451 0.068200 0.068012 0.067720 0.067301 0.066795 0.066266 0.065772 0.065357 0.065049 0.064861 0.064801 0.064874 0.065089 0.065460 0.066010 0.066765 0.067751 0.068991 0.070500 0.072277 0.074308 0.076561 0.078987 0.081520 0.084087 0.086608 0.089002 0.091197 0.093131 0.094756 0.096040 0.096968 0.097539 0.097767 0.097674 0.097288 0.096645 0.095781 0.094736 0.093546 0.092245 0.090863 0.089428 0.087960 0.086478 0.084998 0.083532 0.082091 0.080685 0.079321 0.078004 0.076741 0.075534 0.074386 0.073301 0.072278 0.071318 0.070419 0.069579 0.068796 0.068066 0.067387 0.066756 0.066171 0.065629 0.065127 0.064663 0.064235 0.063841 0.063479 0.063146 0.062840 0.062560 0.062304 0.062071 0.061858 0.061664 0.061489 0.061329 0.061185 0.061056 0.060939 0.060834 0.060741 0.060658 0.060584 0.060519 0.060462 0.060413 0.060370 0.060334 0.060304 0.060279 0.060260 0.060245 0.060236 0.060231 0.060231 0.060236 0.060245 0.060260 0.060279 0.060304 0.060334 0.060370 0.060413 0.060462 0.060519 0.060584 0.060658 0.060741 0.060834 0.060939 0.061056 0.061185 0.061329 0.061489 0.061664 0.061858 0.062071 0.062304 0.062560 0.062840 0.063146 0.063479 0.063841 0.064235 0.064663 0.065127 0.065629 0.066171 0.066756 0.067387 0.068066 0.068796 0.069579 0.070419 0.071318 0.072278 0.073301 0.074386 0.075534 0.076741 0.078004 0.079321 0.080685 0.082091 0.083532 0.084998 0.086478 0.087960 0.089428 0.090863 0.092245 0.093546 0.094736 0.095781 0.096645 0.097288 0.097674 0.097767 0.097540 0.096968 0.096040 0.094756 0.093131 0.091197 0.089002 0.086608 0.084087 0.081520 0.078987 0.076562 0.074308 0.072277 0.070500 0.068991 0.067751 0.066765 0.066010 0.065460 0.065089 0.064874 0.064801 0.064861 0.065049 0.065357 0.065772 0.066266 0.066795 0.067301 0.067720 0.068012 0.068200 0.068451 0.069211 0.071487 0.077111
0.076620 0.071037 0.068785 0.068035 0.067788 0.067602 0.067318 0.066912 0.066428 0.065929 0.065475 0.065115 0.064881 0.064798 0.064881 0.065148 0.065619 0.066319 0.067274 0.068512 0.070050 0.071896 0.074037 0.076440 0.079049 0.081787 0.084561 0.087267 0.089802 0.092069 0.093984 0.095485 0.096529 0.097100 0.097201 0.096856 0.096101 0.094983 0.093553 0.091864 0.089971 0.087923 0.085769 0.083551 0.081304 0.079058 0.076838 0.074661 0.072540 0.070486 0.068506 0.066605 0.064788 0.063057 0.061414 0.059860 0.058394 0.057018 0.055730 0.054528 0.053411 0.052374 0.051413 0.050523 0.049701 0.048942 0.048241 0.047595 0.047000 0.046452 0.045949 0.045487 0.045063 0.044675 0.044320 0.043996 0.043700 0.043430 0.043185 0.042962 0.042761 0.042578 0.042413 0.042265 0.042131 0.042012 0.041905 0.041810 0.041725 0.041650 0.041585 0.041527 0.041478 0.041435 0.041399 0.041369 0.041344 0.041325 0.041311 0.041301 0.041297 0.041297 0.041301 0.041311 0.041325 0.041344 0.041369 0.041399 0.041435 0.041478 0.041527 0.041585 0.041650 0.041725 0.041810 0.041905 0.042012 0.042131 0.042265 0.042413 0.042578 0.042761 0.042962 0.043185 0.043430 0.043700 0.043996 0.044320 0.044675 0.045063 0.045487 0.045949 0.046452 0.047000 0.047595 0.048241 0.048942 0.049701 0.050523 0.051413 0.052374 0.053411 0.054528 0.055730 0.057018 0.058394 0.059860 0.061414 0.063057 0.064788 0.066605 0.068506 0.070486 0.072540 0.074661 0.076838 0.079058 0.081304 0.083551 0.085769 0.087923 0.089971 0.091864 0.093553 0.094983 0.096101 0.096856 0.097201 0.097100 0.096529 0.095485 0.093984 0.092069 0.089802 0.087267 0.084561 0.081787 0.079049 0.076440 0.074037 0.071896 0.070050 0.068512 0.067274 0.066319 0.065619 0.065148 0.064881 0.064798 0.064881 0.065115 0.065475 0.065929 0.066428 0.066912 0.067318 0.067602 0.067788 0.068035 0.068785 0.071037 0.076620
0.076183 0.070643 0.068414 0.067672 0.067427 0.067245 0.066971 0.066587 0.066138 0.065691 0.065310 0.065049 0.064950 0.065047 0.065368 0.065941 0.066795 0.067955 0.069445 0.071276 0.073440 0.075906 0.078615 0.081480 0.084392 0.087225 0.089849 0.092139 0.093987 0.095310 0.096055 0.096200 0.095752 0.094745 0.093232 0.091280 0.088962 0.086355 0.083528 0.080550 0.077479 0.074370 0.071269 0.068212 0.065229 0.062342 0.059565 0.056908 0.054377 0.051977 0.049708 0.047568 0.045556 0.043667 0.041898 0.040245 0.038704 0.037271 0.035942 0.034712 0.033576 0.032530 0.031568 0.030683 0.029870 0.029125 0.028441 0.027815 0.027242 0.026718 0.026239 0.025802 0.025404 0.025041 0.024710 0.024409 0.024136 0.023889 0.023664 0.023461 0.023278 0.023113 0.022965 0.022831 0.022712 0.022605 0.022510 0.022426 0.022351 0.022285 0.022228 0.022177 0.022134 0.022097 0.022065 0.022039 0.022018 0.022001 0.021989 0.021981 0.021977 0.021977 0.021981 0.021989 0.022001 0.022018 0.022039 0.022065 0.022097 0.022134 0.022177 0.022228 0.022285 0.022351 0.022426 0.022510 0.022605 0.022712 0.022831 0.022965 0.023113 0.023278 0.023461 0.023664 0.023889 0.024136 0.024409 0.024710 0.025041 0.025404 0.025802 0.026239 0.026718 0.027242 0.027815 0.028441 0.029125 0.029870 0.030683 0.031568 0.032530 0.033576 0.034712 0.035942 0.037271 0.038704 0.040245 0.041898 0.043667 0.045556 0.047568 0.049708 0.051977 0.054377 0.056908 0.059565 0.062342 0.065229 0.068212 0.071269 0.074370 0.077479 0.080550 0.083528 0.086355 0.088962 0.091280 0.093232 0.094745 0.095752 0.096200 0.096055 0.095310 0.093987 0.092139 0.089849 0.087225 0.084392 0.081480 0.078615 0.075906 0.073440 0.071276 0.069445 0.067955 0.066795 0.065941 0.065368 0.065047 0.064950 0.065049 0.065310 0.065691 0.066138 0.066587 0.066971 0.067245 0.067427 0.067672 0.068414 0.070643 0.076183
0.075841 0.070345 0.068138 0.067406 0.067164 0.066990 0.066736 0.066390 0.066003 0.065645 0.065386 0.065289 0.065405 0.065779 0.066447 0.067443 0.068792 0.070511 0.072597 0.075025 0.077735 0.080639 0.083614 0.086515 0.089186 0.091472 0.093236 0.094370 0.094805 0.094510 0.093495 0.091802 0.089501 0.086680 0.083436 0.079869 0.076076 0.072145 0.068151 0.064157 0.060218 0.056376 0.052669 0.049123 0.045755 0.042575 0.039585 0.036783 0.034164 0.031724 0.029458 0.027360 0.025423 0.023639 0.022001 0.020500 0.019126 0.017872 0.016730 0.015692 0.014749 0.013894 0.013119 0.012415 0.011775 0.011193 0.010663 0.010179 0.009740 0.009340 0.008977 0.008647 0.008349 0.008078 0.007833 0.007612 0.007412 0.007232 0.007069 0.006923 0.006791 0.006674 0.006568 0.006473 0.006389 0.006314 0.006248 0.006189 0.006138 0.006092 0.006053 0.006018 0.005988 0.005963 0.005942 0.005924 0.005910 0.005899 0.005890 0.005885 0.005882 0.005882 0.005885 0.005890 0.005899 0.005910 0.005924 0.005942 0.005963 0.005988 0.006018 0.006053 0.006092 0.006138 0.006189 0.006248 0.006314 0.006389 0.006473 0.006568 0.006674 0.006791 0.006923 0.007069 0.007232 0.007412 0.007612 0.007833 0.008078 0.008349 0.008647 0.008977 0.009340 0.009740 0.010179 0.010663 0.011193 0.011775 0.012415 0.013119 0.013894 0.014749 0.015692 0.016730 0.017872 0.019126 0.020500 0.022001 0.023639 0.025423 0.027360 0.029458 0.031724 0.034164 0.036783 0.039585 0.042575 0.045755 0.049123 0.052669 0.056376 0.060218 0.064157 0.068151 0.072145 0.076076 0.079869 0.083436 0.086680 0.089501 0.091802 0.093495 0.094510 0.094805 0.094370 0.093236 0.091472 0.089186 0.086515 0.083614 0.080639 0.077735 0.075025 0.072597 0.070511 0.068792 0.067443 0.066447 0.065779 0.065405 0.065289 0.065386 0.065645 0.066003 0.066390 0.066736 0.066990 0.067164 0.067406 0.068138 0.070345 0.075841
0.075653 0.070197 0.068011 0.067288 0.067056 0.066900 0.066684 0.066405 0.066119 0.065901 0.065830 0.065976 0.066398 0.067145 0.068256 0.069756 0.071652 0.073924 0.076524 0.079362 0.082312 0.085217 0.087895 0.090164 0.091854 0.092826 0.092988 0.092294 0.090751 0.088409 0.085352 0.081688 0.077540 0.073035 0.068295 0.063428 0.058534 0.053697 0.048987 0.044452 0.040131 0.036046 0.032213 0.028648 0.025356 0.022343 0.019606 0.017136 0.014915 0.012923 0.011125 0.009495 0.008016 0.006684 0.005495 0.004442 0.003520 0.002721 0.002040 0.001472 0.001010 0.000647 0.000375 0.000182 0.000061 0.000002 -0.000006 -0.000006 -0.000006 -0.000006 -0.000006 -0.000006 -0.000006 -0.000006 -0.000006 -0.000006 -0.000006 -0.000006 -0.000006 -0.000006 -0.000006 -0.000006 -0.000006 -0.000006 -0.000006 -0.000006 -0.000006 -0.000006 -0.000006 -0.000006 -0.000006 -0.000006 -0.000006 -0.000006 -0.000006 -0.000006 -0.000006 -0.000006 -0.000006 -0.000006 -0.000006 -0.000006 -0.000006 -0.000006 -0.000006 -0.000006 -0.000006 -0.000006 -0.000006 -0.000006 -0.000006 -0.000006 -0.000006 -0.000006 -0.000006 -0.000006 -0.000006 -0.000006 -0.000006 -0.000006 -0.000006 -0.000006 -0.000006 -0.000006 -0.000006 -0.000006 -0.000006 -0.000006 -0.000006 -0.000006 -0.000006 -0.000006 -0.000006 -0.000006 -0.000006 -0.000006 0.000002 0.000061 0.000182 0.000375 0.000647 0.001010 0.001472 0.002040 0.002721 0.003520 0.004442 0.005495 0.006684 0.008016 0.009495 0.011125 0.012923 0.014915 0.017136 0.019606 0.022343 0.025356 0.028648 0.032213 0.036046 0.040131 0.044452 0.048987 0.053697 0.058534 0.063428 0.068295 0.073035 0.077540 0.081688 0.085352 0.088409 0.090751 0.092294 0.092988 0.092826 0.091854 0.090164 0.087895 0.085217 0.082312 0.079362 0.076524 0.073924 0.071652 0.069756 0.068256 0.067145 0.066398 0.065976 0.065830 0.065901 0.066119 0.066405 0.066684 0.066900 0.067056 0.067288 0.068011 0.070197 0.075653
0.075688 0.070257 0.068086 0.067376 0.067163 0.067044 0.066895 0.066720 0.066584 0.066569 0.066757 0.067222 0.068025 0.069210 0.070802 0.072796 0.075157 0.077808 0.080627 0.083453 0.086090 0.088329 0.089967 0.090830 0.090792 0.089785 0.087804 0.084900 0.081169 0.076740 0.071761 0.066384 0.060756 0.055020 0.049305 0.043711 0.038325 0.033209 0.028414 0.023983 0.019956 0.016352 0.013151 0.010307 0.007775 0.005546 0.003644 0.002107 0.000961 0.000244 -0.000006 -0.000006 -0.000006 -0.000006 -0.000006 -0.000006 -0.000006 -0.000006 -0.000006 -0.000006 -0.000006 -0.000006 -0.000006 -0.000006 -0.000006 -0.000006 -0.000006 -0.000006 -0.000006 -0.000006 -0.000006 -0.000006 -0.000006 -0.000006 -0.000006 -0.000006 -0.000006 -0.000006 -0.000006 -0.000006 -0.000006 -0.000006 -0.000006 -0.000006 -0.000006 -0.000006 -0.000006 -0.000006 -0.000006 -0.000006 -0.000006 -0.000006 -0.000006 -0.000006 -0.000006 -0.000006 -0.000006 -0.000006 -0.000006 -0.000006 -0.000006 -0.000006 -0.000006 -0.000006 -0.000006 -0.000006 -0.000006 -0.000006 -0.000006 -0.000006 -0.000006 -0.000006 -0.000006 -0.000006 -0.000006 -0.000006 -0.000006 -0.000006 -0.000006 -0.000006 -0.000006 -0.000006 -0.000006 -0.000006 -0.000006 -0.000006 -0.000006 -0.000006 -0.000006 -0.000006 -0.000006 -0.000006 -0.000006 -0.000006 -0.000006 -0.000006 -0.000006 -0.000006 -0.000006 -0.000006 -0.000006 -0.000006 -0.000006 -0.000006 -0.000006 -0.000006 -0.000006 -0.000006 -0.000006 -0.000006 -0.000006 -0.000006 0.000244 0.000961 0.002107 0.003644 0.005546 0.007775 0.010307 0.013151 0.016352 0.019956 0.023983 0.028414 0.033209 0.038325 0.043711 0.049305 0.055020 0.060756 0.066384 0.071761 0.076740 0.081169 0.084900 0.087804 0.089785 0.090792 0.090830 0.089967 0.088329 0.086090 0.083453 0.080627 0.077808 0.075157 0.072796 0.070802 0.069210 0.068025 0.067222 0.066757 0.066569 0.066584 0.066720 0.066895 0.067044 0.067163 0.067376 0.068086 0.070257 0.075688
0.076017 0.070582 0.068414 0.067719 0.067537 0.067479 0.067429 0.067403 0.067469 0.067712 0.068215 0.069048 0.070258 0.071868 0.073865 0.076196 0.078757 0.081397 0.083918 0.086096 0.087698 0.088511 0.088367 0.087164 0.084872 0.081533 0.077249 0.072168 0.066461 0.060309 0.053897 0.047401 0.040967 0.034730 0.028809 0.023304 0.018327 0.013917 0.010043 0.006662 0.003812 0.001639 0.000297 -0.000006 -0.000006 -0.000006 -0.000006 -0.000006 -0.000006 -0.000006 -0.000006 -0.000006 -0.000006 -0.000006 -0.000006 -0.000006 -0.000006 -0.000006 -0.000006 -0.000006 -0.000006 -0.000006 -0.000006 -0.000006 -0.000006 -0.000006 -0.000006 -0.000006 -0.000006 -0.000006 -0.000006 -0.000006 -0.000006 -0.000006 -0.000006 -0.000006 -0.000006 -0.000006 -0.000006 -0.000006 -0.000006 -0.000006 -0.000006 -0.000006 -0.000006 -0.000006 -0.000006 -0.000006 -0.000006 -0.000006 -0.000006 -0.000006 -0.000006 -0.000006 -0.000006 -0.000006 -0.000006 -0.000006 -0.000006 -0.000006 -0.000006 -0.000006 -0.000006 -0.000006 -0.000006 -0.000006 -0.000006 -0.000006 -0.000006 -0.000006 -0.000006 -0.000006 -0.000006 -0.000006 -0.000006 -0.000006 -0.000006 -0.000006 -0.000006 -0.000006 -0.000006 -0.000006 -0.000006 -0.000006 -0.000006 -0.000006 -0.000006 -0.000006 -0.000006 -0.000006 -0.000006 -0.000006 -0.000006 -0.000006 -0.000006 -0.000006 -0.000006 -0.000006 -0.000006 -0.000006 -0.000006 -0.000006 -0.000006 -0.000006 -0.000006 -0.000006 -0.000006 -0.000006 -0.000006 -0.000006 -0.000006 -0.000006 -0.000006 -0.000006 -0.000006 -0.000006 -0.000006 -0.000006 -0.000006 0.000297 0.001639 0.003812 0.006662 0.010043 0.013917 0.018327 0.023304 0.028809 0.034730 0.040967 0.047401 0.053897 0.060308 0.066461 0.072168 0.077249 0.081533 0.084872 0.087164 0.088367 0.088511 0.087698 0.086096 0.083918 0.081397 0.078757 0.076196 0.073865 0.071868 0.070258 0.069048 0.068216 0.067712 0.067469 0.067403 0.067429 0.067479 0.067538 0.067719 0.068414 0.070582 0.076017
0.076706 0.071209 0.069021 0.068338 0.068201 0.068225 0.068306 0.068463 0.068769 0.069302 0.070134 0.071316 0.072867 0.074764 0.076939 0.079267 0.081567 0.083618 0.085170 0.085976 0.085822 0.084557 0.082110 0.078496 0.073810 0.068212 0.061898 0.055086 0.048005 0.040856 0.033833 0.027117 0.020882 0.015304 0.010406 0.006189 0.002799 0.000564 -0.000006 -0.000006 -0.000006 -0.000006 -0.000006 -0.000006 -0.000006 -0.000006 -0.000006 -0.000006 -0.000006 -0.000006 -0.000006 -0.000006 -0.000006 -0.000006 -0.000006 -0.000006 -0.000006 -0.000006 -0.000006 0.003651 0.008816 0.013917 0.018902 0.023736 0.028390 0.032843 0.037080 0.041089 0.044864 0.048402 0.051703 0.054771 0.057609 0.060226 0.062629 0.064826 0.066829 0.068647 0.070291 0.071772 0.073101 0.074289 0.075346 0.076283 0.077109 0.077836 0.078471 0.079024 0.079503 0.079915 0.080267 0.080567 0.080819 0.081030 0.081205 0.081347 0.081459 0.081546 0.081609 0.081650 0.081670 0.081670 0.081650 0.081609 0.081546 0.081459 0.081347 0.081205 0.081030 0.080819 0.080567 0.080267 0.079915 0.079503 0.079024 0.078471 0.077836 0.077109 0.076283 0.075346 0.074289 0.073101 0.071772 0.070291 0.068647 0.066829 0.064826 0.062629 0.060226 0.057609 0.054771 0.051703 0.048402 0.044864 0.041089 0.037080 0.032844 0.028390 0.023736 0.018902 0.013917 0.008816 0.003651 -0.000006 -0.000006 -0.000006 -0.000006 -0.000006 -0.000006 -0.000006 -0.000006 -0.000006 -0.000006 -0.000006 -0.000006 -0.000006 -0.000006 -0.000006 -0.000006 -0.000006 -0.000006 -0.000006 -0.000006 -0.000006 0.000564 0.002799 0.006189 0.010406 0.015304 0.020882 0.027117 0.033833 0.040856 0.048005 0.055086 0.061898 0.068212 0.073810 0.078496 0.082110 0.084557 0.085822 0.085976 0.085170 0.083618 0.081568 0.079267 0.076939 0.074764 0.072867 0.071316 0.070134 0.069302 0.068769 0.068464 0.068306 0.068225 0.068201 0.068338 0.069021 0.071209 0.076706
0.077791 0.072140 0.069889 0.069206 0.069115 0.069234 0.069459 0.069813 0.070357 0.071157 0.072258 0.073675 0.075376 0.077278 0.079241 0.081065 0.082510 0.083312 0.083218 0.082022 0.079594 0.075899 0.071003 0.065056 0.058273 0.050918 0.043260 0.035553 0.028066 0.021042 0.014735 0.009220 0.004586 0.001224 -0.000006 -0.000006 -0.000006 -0.000006 -0.000006 -0.000006 -0.000006 -0.000006 -0.000006 -0.000006 -0.000006 -0.000006 -0.000006 0.003797 0.016815 0.031091 0.046203 0.061886 0.077910 0.094081 0.110241 0.126268 0.142072 0.157592 0.172758 0.187381 0.201221 0.214176 0.226272 0.237531 0.247979 0.257646 0.266566 0.274776 0.282312 0.289215 0.295523 0.301273 0.306504 0.311251 0.315548 0.319429 0.322924 0.326064 0.328877 0.331390 0.333628 0.335614 0.337371 0.338920 0.340280 0.341470 0.342506 0.343405 0.344181 0.344847 0.345415 0.345897 0.346302 0.346641 0.346920 0.347146 0.347326 0.347464 0.347564 0.347629 0.347662 0.347662 0.347629 0.347564 0.347464 0.347326 0.347146 0.346920 0.346641 0.346302 0.345897 0.345415 0.344847 0.344181 0.343405 0.342506 0.341470 0.340280 0.338920 0.337371 0.335614 0.333628 0.331390 0.328877 0.326064 0.322924 0.319429 0.315548 0.311251 0.306504 0.301273 0.295523 0.289215 0.282313 0.274776 0.266566 0.257646 0.247979 0.237531 0.226272 0.214177 0.201221 0.187381 0.172759 0.157592 0.142072 0.126268 0.110241 0.094081 0.077910 0.061886 0.046204 0.031092 0.016815 0.003797 -0.000006 -0.000006 -0.000006 -0.000006 -0.000006 -0.000006 -0.000006 -0.000006 -0.000006 -0.000006 -0.000006 -0.000006 -0.000006 0.001224 0.004586 0.009220 0.014735 0.021042 0.028066 0.035553 0.043260 0.050918 0.058273 0.065056 0.071003 0.075899 0.079594 0.082022 0.083218 0.083312 0.082510 0.081065 0.079241 0.077278 0.075376 0.073675 0.072258 0.071157 0.070357 0.069813 0.069459 0.069234 0.069115 0.069206 0.069889 0.072140 0.077791
0.079264 0.073313 0.070933 0.070218 0.070158 0.070358 0.070709 0.071223 0.071946 0.072912 0.074126 0.075548 0.077083 0.078579 0.079827 0.080578 0.080563 0.079532 0.077292 0.073735 0.068867 0.062799 0.055739 0.047978 0.039830 0.031633 0.023745 0.016520 0.010179 0.004852 0.001053 -0.000006 -0.000006 -0.000006 -0.000006 -0.000006 -0.000006 -0.000006 -0.000006 -0.000006 -0.000006 0.012415 0.035094 0.061202 0.089991 0.120924 0.153695 0.187658 0.221554 0.254227 0.285258 0.314518 0.341931 0.367472 0.391163 0.413051 0.433201 0.451678 0.468553 0.483907 0.497838 0.510473 0.521924 0.532295 0.541680 0.550165 0.557832 0.564753 0.570998 0.576626 0.581696 0.586257 0.590357 0.594037 0.597337 0.600291 0.602930 0.605284 0.607380 0.609240 0.610888 0.612344 0.613626 0.614752 0.615737 0.616596 0.617342 0.617987 0.618542 0.619018 0.619423 0.619765 0.620053 0.620293 0.620490 0.620650 0.620777 0.620874 0.620945 0.620990 0.621013 0.621013 0.620990 0.620945 0.620874 0.620777 0.620650 0.620490 0.620293 0.620053 0.619765 0.619423 0.619018 0.618542 0.617987 0.617342 0.616596 0.615737 0.614752 0.613626 0.612344 0.610888 0.609240 0.607380 0.605284 0.602930 0.600291 0.597337 0.594037 0.590357 0.586257 0.581696 0.576626 0.570998 0.564754 0.557832 0.550165 0.541680 0.532295 0.521925 0.510474 0.497838 0.483908 0.468553 0.451678 0.433202 0.413051 0.391163 0.367473 0.341931 0.314518 0.285258 0.254227 0.221554 0.187658 0.153695 0.120925 0.089991 0.061202 0.035094 0.012415 -0.000006 -0.000006 -0.000006 -0.000006 -0.000006 -0.000006 -0.000006 -0.000006 -0.000006 -0.000006 0.001053 0.004852 0.010179 0.016520 0.023745 0.031633 0.039830 0.047978 0.055739 0.062799 0.068867 0.073735 0.077292 0.079532 0.080563 0.080578 0.079827 0.078579 0.077083 0.075548 0.074126 0.072912 0.071946 0.071223 0.070709 0.070358 0.070158 0.070218 0.070933 0.073313 0.079264
0.081033 0.074578 0.071970 0.071171 0.071100 0.071330 0.071738 0.072317 0.073081 0.074025 0.075098 0.076196 0.077161 0.077782 0.077806 0.076970 0.075035 0.071821 0.067249 0.061354 0.054296 0.046351 0.037864 0.029244 0.020969 0.013483 0.007052 0.002103 -0.000006 -0.000006 -0.000006 -0.000006 -0.000006 -0.000006 -0.000006 -0.000006 0.002999 0.031370 0.067629 0.110067 0.157930 0.209508 0.261829 0.312401 0.360289 0.404992 0.446114 0.483463 0.516884 0.546579 0.572882 0.596148 0.616706 0.634860 0.650884 0.665026 0.677505 0.688519 0.698249 0.706850 0.714462 0.721212 0.727203 0.732522 0.737248 0.741449 0.745185 0.748510 0.751470 0.754105 0.756453 0.758544 0.760406 0.762064 0.763540 0.764852 0.766018 0.767052 0.767967 0.768777 0.769490 0.770119 0.770670 0.771152 0.771573 0.771939 0.772256 0.772529 0.772763 0.772964 0.773134 0.773278 0.773398 0.773498 0.773581 0.773647 0.773700 0.773740 0.773769 0.773788 0.773797 0.773797 0.773788 0.773769 0.773740 0.773700 0.773647 0.773581 0.773498 0.773398 0.773278 0.773134 0.772964 0.772763 0.772529 0.772256 0.771939 0.771573 0.771152 0.770670 0.770119 0.769490 0.768777 0.767967 0.767052 0.766018 0.764852 0.763540 0.762065 0.760406 0.758544 0.756453 0.754105 0.751470 0.748510 0.745185 0.741449 0.737248 0.732522 0.727203 0.721213 0.714463 0.706850 0.698249 0.688519 0.677506 0.665026 0.650884 0.634860 0.616707 0.596148 0.572883 0.546580 0.516884 0.483463 0.446114 0.404992 0.360290 0.312402 0.261830 0.209508 0.157931 0.110068 0.067629 0.031370 0.002999 -0.000006 -0.000006 -0.000006 -0.000006 -0.000006 -0.000006 -0.000006 -0.000006 0.002103 0.007052 0.013483 0.020969 0.029244 0.037864 0.046351 0.054296 0.061354 0.067249 0.071821 0.075035 0.076970 0.077806 0.077782 0.077161 0.076196 0.075098 0.074025 0.073081 0.072317 0.071738 0.071330 0.071100 0.071171 0.071970 0.074578 0.081033
0.082877 0.075660 0.072711 0.071758 0.071604 0.071772 0.072112 0.072591 0.073187 0.073843 0.074453 0.074854 0.074836 0.074155 0.072556 0.069812 0.065764 0.060354 0.053650 0.045860 0.037312 0.028435 0.019808 0.011963 0.005325 0.000744 -0.000006 -0.000006 -0.000006 -0.000006 -0.000006 -0.000006 -0.000006 0.017809 0.060748 0.116033 0.181213 0.251691 0.321881 0.388211 0.449153 0.503894 0.551808 0.593196 0.628639 0.658809 0.684345 0.705876 0.723954 0.739139 0.751933 0.762731 0.771861 0.779599 0.786172 0.791772 0.796557 0.800662 0.804196 0.807247 0.809887 0.812176 0.814163 0.815889 0.817390 0.818696 0.819834 0.820828 0.821696 0.822457 0.823124 0.823711 0.824227 0.824682 0.825083 0.825437 0.825749 0.826025 0.826268 0.826482 0.826670 0.826835 0.826979 0.827105 0.827215 0.827310 0.827393 0.827464 0.827525 0.827577 0.827621 0.827659 0.827690 0.827716 0.827738 0.827755 0.827769 0.827779 0.827787 0.827792 0.827795 0.827795 0.827792 0.827787 0.827779 0.827769 0.827755 0.827738 0.827716 0.827690 0.827659 0.827621 0.827577 0.827525 0.827464 0.827393 0.827310 0.827215 0.827105 0.826979 0.826835 0.826670 0.826482 0.826268 0.826025 0.825750 0.825437 0.825083 0.824682 0.824227 0.823711 0.823124 0.822457 0.821696 0.820828 0.819834 0.818696 0.817390 0.815889 0.814163 0.812176 0.809887 0.807247 0.804196 0.800662 0.796557 0.791772 0.786172 0.779599 0.771862 0.762731 0.751933 0.739139 0.723954 0.705876 0.684345 0.658810 0.628640 0.593197 0.551808 0.503894 0.449153 0.388211 0.321881 0.251691 0.181214 0.116033 0.060748 0.017809 -0.000006 -0.000006 -0.000006 -0.000006 -0.000006 -0.000006 -0.000006 0.000744 0.005325 0.011963 0.019808 0.028435 0.037312 0.045860 0.053650 0.060354 0.065764 0.069812 0.072556 0.074155 0.074836 0.074854 0.074453 0.073843 0.073187 0.072591 0.072112 0.071772 0.071605 0.071758 0.072711 0.075660 0.082877
0.084373 0.076134 0.072754 0.071582 0.071256 0.071233 0.071333 0.071495 0.071662 0.071731 0.071545 0.070903 0.069570 0.067305 0.063897 0.059203 0.053187 0.045948 0.037737 0.028931 0.020128 0.011940 0.004952 0.000358 -0.000006 -0.000006 -0.000006 -0.000006 -0.000006 -0.000006 0.016067 0.066203 0.134907 0.217871 0.306869 0.393197 0.472047 0.540835 0.598641 0.646194 0.684804 0.715911 0.740738 0.760496 0.776218 0.788707 0.798610 0.806458 0.812662 0.817568 0.821449 0.824519 0.826943 0.828858 0.830372 0.831575 0.832536 0.833306 0.833925 0.834421 0.834814 0.835123 0.835362 0.835542 0.835675 0.835770 0.835834 0.835876 0.835900 0.835911 0.835913 0.835910 0.835903 0.835893 0.835883 0.835873 0.835864 0.835855 0.835848 0.835842 0.835837 0.835833 0.835831 0.835829 0.835828 0.835828 0.835829 0.835831 0.835832 0.835834 0.835837 0.835839 0.835841 0.835844 0.835846 0.835848 0.835850 0.835852 0.835853 0.835854 0.835854 0.835854 0.835854 0.835853 0.835852 0.835850 0.835848 0.835846 0.835844 0.835841 0.835839 0.835837 0.835834 0.835832 0.835831 0.835829 0.835829 0.835828 0.835829 0.835831 0.835833 0.835837 0.835842 0.835848 0.835855 0.835864 0.835873 0.835883 0.835893 0.835903 0.835910 0.835913 0.835911 0.835900 0.835876 0.835834 0.835770 0.835675 0.835542 0.835362 0.835123 0.834814 0.834421 0.833925 0.833306 0.832536 0.831575 0.830372 0.828858 0.826943 0.824519 0.821449 0.817568 0.812662 0.806458 0.798610 0.788707 0.776218 0.760496 0.740739 0.715911 0.684804 0.646195 0.598641 0.540836 0.472047 0.393197 0.306870 0.217872 0.134907 0.066203 0.016067 -0.000006 -0.000006 -0.000006 -0.000006 -0.000006 -0.000006 0.000358 0.004952 0.011940 0.020128 0.028931 0.037737 0.045948 0.053187 0.059203 0.063897 0.067305 0.069570 0.070903 0.071545 0.071731 0.071662 0.071495 0.071333 0.071233 0.071256 0.071582 0.072754 0.076134 0.084373
0.084802 0.075436 0.071630 0.070213 0.069628 0.069270 0.068936 0.068546 0.068016 0.067214 0.065956 0.064026 0.061201 0.057287 0.052156 0.045793 0.038326 0.030032 0.021409 0.013110 0.005774 0.000578 -0.000006 -0.000006 -0.000006 -0.000006 -0.000006 0.000892 0.048095 0.120097 0.212112 0.314294 0.414844 0.506237 0.583931 0.646862 0.696147 0.733809 0.761998 0.782876 0.798232 0.809450 0.817553 0.823355 0.827469 0.830345 0.832303 0.833584 0.834355 0.834745 0.834851 0.834745 0.834490 0.834133 0.833714 0.833261 0.832796 0.832327 0.831863 0.831405 0.830954 0.830511 0.830079 0.829659 0.829253 0.828864 0.828493 0.828142 0.827812 0.827504 0.827217 0.826953 0.826710 0.826489 0.826287 0.826104 0.825940 0.825793 0.825661 0.825544 0.825440 0.825349 0.825269 0.825200 0.825139 0.825087 0.825043 0.825005 0.824973 0.824946 0.824924 0.824906 0.824891 0.824879 0.824869 0.824862 0.824856 0.824852 0.824849 0.824847 0.824846 0.824846 0.824847 0.824849 0.824852 0.824856 0.824862 0.824869 0.824879 0.824891 0.824906 0.824924 0.824946 0.824973 0.825005 0.825043 0.825087 0.825139 0.825200 0.825269 0.825349 0.825440 0.825544 0.825661 0.825793 0.825940 0.826104 0.826287 0.826489 0.826710 0.826953 0.827217 0.827504 0.827812 0.828142 0.828493 0.828864 0.829253 0.829659 0.830079 0.830511 0.830954 0.831405 0.831863 0.832327 0.832796 0.833261 0.833714 0.834133 0.834490 0.834745 0.834851 0.834745 0.834355 0.833584 0.832303 0.830345 0.827469 0.823355 0.817553 0.809450 0.798232 0.782876 0.761998 0.733809 0.696147 0.646862 0.583931 0.506238 0.414845 0.314294 0.212113 0.120097 0.048096 0.000892 -0.000006 -0.000006 -0.000006 -0.000006 -0.000006 0.000578 0.005774 0.013110 0.021409 0.030032 0.038326 0.045793 0.052156 0.057287 0.061201 0.064026 0.065956 0.067214 0.068016 0.068546 0.068936 0.069270 0.069628 0.070213 0.071630 0.075436 0.084802
0.083147 0.072957 0.068904 0.067279 0.066374 0.065547 0.064596 0.063439 0.061988 0.060104 0.057606 0.054299 0.050012 0.044636 0.038180 0.030782 0.022785 0.014774 0.007359 0.001479 -0.000006 -0.000006 -0.000006 -0.000006 -0.000006 0.012373 0.075548 0.168177 0.279230 0.393352 0.498289 0.587362 0.658522 0.712925 0.752914 0.781396 0.801228 0.814659 0.823426 0.828891 0.832060 0.833641 0.834128 0.833892 0.833199 0.832226 0.831084 0.829836 0.828511 0.827126 0.825695 0.824229 0.822745 0.821258 0.819783 0.818332 0.816912 0.815527 0.814178 0.812867 0.811593 0.810359 0.809166 0.808016 0.806913 0.805858 0.804855 0.803905 0.803009 0.802167 0.801380 0.800646 0.799964 0.799334 0.798753 0.798219 0.797730 0.797283 0.796877 0.796509 0.796177 0.795877 0.795608 0.795368 0.795153 0.794963 0.794795 0.794648 0.794518 0.794405 0.794308 0.794223 0.794152 0.794091 0.794040 0.793998 0.793965 0.793939 0.793919 0.793907 0.793901 0.793901 0.793907 0.793919 0.793939 0.793965 0.793998 0.794040 0.794091 0.794152 0.794223 0.794308 0.794405 0.794518 0.794648 0.794795 0.794963 0.795153 0.795368 0.795608 0.795877 0.796177 0.796509 0.796877 0.797283 0.797730 0.798219 0.798753 0.799334 0.799964 0.800646 0.801380 0.802167 0.803009 0.803905 0.804855 0.805858 0.806913 0.808016 0.809166 0.810359 0.811593 0.812867 0.814178 0.815527 0.816912 0.818332 0.819783 0.821258 0.822745 0.824229 0.825695 0.827126 0.828511 0.829836 0.831084 0.832226 0.833199 0.833892 0.834128 0.833641 0.832060 0.828892 0.823426 0.814659 0.801229 0.781396 0.752915 0.712925 0.658523 0.587363 0.498289 0.393352 0.279230 0.168178 0.075549 0.012373 -0.000006 -0.000006 -0.000006 -0.000006 -0.000006 0.001479 0.007359 0.014774 0.022785 0.030782 0.038180 0.044636 0.050011 0.054299 0.057606 0.060104 0.061988 0.063439 0.064596 0.065547 0.066374 0.067279 0.068904 0.072957 0.083147
0.078467 0.068292 0.064319 0.062576 0.061319 0.059924 0.058217 0.056140 0.053627 0.050565 0.046810 0.042230 0.036751 0.030398 0.023353 0.016034 0.008968 0.002893 -0.000006 -0.000006 -0.000006 -0.000006 -0.000006 0.010232 0.083096 0.193758 0.322887 0.448749 0.557256 0.643129 0.707461 0.753406 0.784903 0.805780 0.818998 0.826877 0.831165 0.833051 0.833291 0.832402 0.830733 0.828523 0.825940 0.823119 0.820155 0.817111 0.814016 0.810879 0.807691 0.804447 0.801144 0.797786 0.794384 0.790956 0.787521 0.784100 0.780715 0.777383 0.774121 0.770941 0.767853 0.764865 0.761984 0.759217 0.756567 0.754041 0.751641 0.749370 0.747228 0.745215 0.743330 0.741570 0.739930 0.738409 0.737000 0.735700 0.734502 0.733403 0.732396 0.731476 0.730639 0.729879 0.729190 0.728569 0.728009 0.727507 0.727059 0.726659 0.726304 0.725992 0.725717 0.725477 0.725270 0.725092 0.724941 0.724816 0.724714 0.724634 0.724575 0.724537 0.724517 0.724517 0.724537 0.724575 0.724634 0.724714 0.724816 0.724941 0.725092 0.725270 0.725477 0.725717 0.725992 0.726304 0.726659 0.727059 0.727507 0.728009 0.728569 0.729190 0.729879 0.730639 0.731476 0.732396 0.733403 0.734502 0.735700 0.737000 0.738409 0.739930 0.741569 0.743330 0.745215 0.747228 0.749370 0.751641 0.754041 0.756567 0.759216 0.761984 0.764865 0.767853 0.770941 0.774121 0.777383 0.780715 0.784100 0.787521 0.790956 0.794384 0.797786 0.801144 0.804447 0.807691 0.810879 0.814016 0.817111 0.820155 0.823119 0.825940 0.828523 0.830733 0.832402 0.833291 0.833051 0.831165 0.826877 0.818998 0.805781 0.784903 0.753406 0.707461 0.643129 0.557256 0.448749 0.322887 0.193758 0.083096 0.010232 -0.000006 -0.000006 -0.000006 -0.000006 -0.000006 0.002893 0.008968 0.016034 0.023353 0.030398 0.036751 0.042230 0.046810 0.050565 0.053627 0.056140 0.058217 0.059924 0.061319 0.062576 0.064319 0.068292 0.078467
0.070678 0.061480 0.057913 0.056145 0.054527 0.052509 0.049972 0.046914 0.043317 0.039129 0.034292 0.028785 0.022676 0.016232 0.009859 0.004078 0.000180 -0.000006 -0.000006 -0.000006 -0.000006 -0.000006 0.060699 0.180009 0.327105 0.470368 0.588709 0.676916 0.738520 0.779182 0.804721 0.819695 0.827495 0.830689 0.831042 0.829725 0.827459 0.824599 0.821271 0.817485 0.813227 0.808487 0.803278 0.797631 0.791594 0.785223 0.778585 0.771748 0.764775 0.757716 0.750612 0.743489 0.736369 0.729278 0.722246 0.715313 0.708520 0.701908 0.695512 0.689356 0.683458 0.677826 0.672463 0.667371 0.662549 0.657994 0.653704 0.649675 0.645902 0.642376 0.639090 0.636035 0.633199 0.630573 0.628145 0.625905 0.623844 0.621949 0.620212 0.618622 0.617171 0.615848 0.614646 0.613556 0.612570 0.611680 0.610881 0.610164 0.609524 0.608955 0.608453 0.608011 0.607626 0.607294 0.607010 0.606773 0.606580 0.606428 0.606315 0.606241 0.606204 0.606204 0.606241 0.606315 0.606428 0.606580 0.606773 0.607010 0.607294 0.607626 0.608011 0.608453 0.608955 0.609524 0.610164 0.610881 0.611680 0.612570 0.613556 0.614646 0.615848 0.617171 0.618622 0.620212 0.621949 0.623844 0.625905 0.628145 0.630573 0.633199 0.636035 0.639090 0.642376 0.645902 0.649675 0.653704 0.657994 0.662549 0.667371 0.672463 0.677826 0.683458 0.689356 0.695512 0.701908 0.708520 0.715313 0.722246 0.729278 0.736369 0.743488 0.750612 0.757716 0.764774 0.771748 0.778585 0.785223 0.791594 0.797631 0.803278 0.808487 0.813227 0.817485 0.821271 0.824599 0.827459 0.829725 0.831042 0.830689 0.827495 0.819695 0.804721 0.779183 0.738520 0.676916 0.588710 0.470368 0.327105 0.180010 0.060700 -0.000006 -0.000006 -0.000006 -0.000006 -0.000006 0.000180 0.004078 0.009859 0.016232 0.022676 0.028785 0.034292 0.039129 0.043317 0.046914 0.049972 0.052509 0.054527 0.056145 0.057914 0.061480 0.070678
0.060777 0.053035 0.050043 0.048287 0.046306 0.043656 0.040302 0.036315 0.031767 0.026713 0.021216 0.015478 0.009804 0.004553 0.000610 -0.000006 -0.000006 -0.000006 -0.000006 -0.000006 0.019427 0.125192 0.281374 0.446674 0.585429 0.685941 0.752366 0.793297 0.816993 0.829288 0.834110 0.834073 0.831016 0.826245 0.820588 0.814486 0.808085 0.801348 0.794175 0.786471 0.778155 0.769148 0.759373 0.748781 0.737393 0.725334 0.712821 0.700120 0.687490 0.675124 0.663134 0.651560 0.640394 0.629623 0.619247 0.609287 0.599777 0.590757 0.582252 0.574275 0.566821 0.559870 0.553397 0.547374 0.541774 0.536573 0.531748 0.527279 0.523143 0.519321 0.515793 0.512539 0.509539 0.506776 0.504233 0.501893 0.499742 0.497767 0.495955 0.494295 0.492775 0.491385 0.490117 0.488961 0.487910 0.486956 0.486092 0.485313 0.484612 0.483984 0.483425 0.482929 0.482495 0.482117 0.481792 0.481519 0.481295 0.481118 0.480987 0.480900 0.480856 0.480856 0.480900 0.480987 0.481118 0.481295 0.481519 0.481792 0.482117 0.482495 0.482930 0.483425 0.483984 0.484612 0.485313 0.486092 0.486956 0.487910 0.488961 0.490117 0.491385 0.492775 0.494295 0.495955 0.497767 0.499742 0.501893 0.504233 0.506776 0.509539 0.512539 0.515793 0.519321 0.523143 0.527279 0.531748 0.536573 0.541774 0.547374 0.553397 0.559870 0.566821 0.574275 0.582252 0.590757 0.599777 0.609287 0.619247 0.629623 0.640394 0.651560 0.663134 0.675124 0.687489 0.700120 0.712820 0.725334 0.737393 0.748781 0.759373 0.769148 0.778155 0.786471 0.794175 0.801348 0.808085 0.814486 0.820588 0.826245 0.831016 0.834073 0.834110 0.829288 0.816993 0.793297 0.752366 0.685942 0.585429 0.446674 0.281375 0.125193 0.019427 -0.000006 -0.000006 -0.000006 -0.000006 -0.000006 0.000610 0.004553 0.009804 0.015478 0.021215 0.026713 0.031767 0.036315 0.040302 0.043656 0.046306 0.048287 0.050043 0.053035 0.060777
0.050038 0.043725 0.041274 0.039504 0.037161 0.033930 0.029872 0.025173 0.020011 0.014641 0.009376 0.004528 0.000778 -0.000006 -0.000006 -0.000006 -0.000006 -0.000006 -0.000006 0.055792 0.196513 0.373923 0.540045 0.664691 0.746217 0.794326 0.820437 0.833125 0.837795 0.837430 0.833599 0.827223 0.819024 0.809513 0.798888 0.787120 0.774160 0.760122 0.745357 0.730307 0.715274 0.700250 0.684969 0.669114 0.652559 0.635482 0.618322 0.601638 0.585925 0.571494 0.558436 0.546669 0.536026 0.526335 0.517468 0.509350 0.501948 0.495243 0.489213 0.483821 0.479014 0.474730 0.470905 0.467479 0.464403 0.461631 0.459129 0.456867 0.454819 0.452960 0.451270 0.449730 0.448322 0.447031 0.445844 0.444751 0.443741 0.442806 0.441941 0.441137 0.440391 0.439699 0.439055 0.438458 0.437904 0.437391 0.436916 0.436480 0.436079 0.435712 0.435379 0.435079 0.434811 0.434574 0.434367 0.434191 0.434045 0.433928 0.433841 0.433783 0.433754 0.433754 0.433783 0.433841 0.433928 0.434045 0.434191 0.434367 0.434574 0.434811 0.435079 0.435379 0.435712 0.436079 0.436480 0.436916 0.437391 0.437904 0.438458 0.439055 0.439699 0.440391 0.441137 0.441941 0.442807 0.443741 0.444751 0.445844 0.447031 0.448322 0.449730 0.451271 0.452960 0.454819 0.456867 0.459129 0.461631 0.464403 0.467479 0.470905 0.474730 0.479014 0.483821 0.489213 0.495243 0.501948 0.509350 0.517468 0.526335 0.536026 0.546669 0.558436 0.571494 0.585925 0.601638 0.618322 0.635482 0.652559 0.669114 0.684968 0.700250 0.715274 0.730307 0.745356 0.760122 0.774160 0.787120 0.798888 0.809513 0.819024 0.827223 0.833599 0.837430 0.837795 0.833125 0.820437 0.794326 0.746217 0.664692 0.540046 0.373924 0.196514 0.055792 -0.000006 -0.000006 -0.000006 -0.000006 -0.000006 -0.000006 0.000778 0.004528 0.009376 0.014641 0.020011 0.025172 0.029872 0.033930 0.037161 0.039504 0.041275 0.043725 0.050038
0.039393 0.034300 0.032244 0.030396 0.027722 0.024041 0.019549 0.014543 0.009497 0.004773 0.000960 -0.000006 -0.000006 -0.000006 -0.000006 -0.000006 -0.000006 0.005198 0.107202 0.272238 0.455696 0.610220 0.717014 0.780983 0.814792 0.830198 0.835264 0.834826 0.831334 0.825656 0.817945 0.808204 0.796409 0.782297 0.765309 0.744976 0.721464 0.695924 0.670324 0.646678 0.626131 0.608558 0.592941 0.578143 0.563511 0.549068 0.535332 0.522977 0.512519 0.504153 0.497755 0.493000 0.489499 0.486911 0.484990 0.483586 0.482617 0.482034 0.481795 0.481853 0.482152 0.482632 0.483238 0.483922 0.484648 0.485389 0.486124 0.486841 0.487529 0.488182 0.488794 0.489360 0.489878 0.490345 0.490763 0.491131 0.491451 0.491725 0.491956 0.492147 0.492300 0.492420 0.492508 0.492570 0.492608 0.492624 0.492624 0.492608 0.492582 0.492546 0.492504 0.492458 0.492410 0.492363 0.492317 0.492276 0.492239 0.492208 0.492184 0.492168 0.492159 0.492159 0.492168 0.492184 0.492208 0.492239 0.492276 0.492317 0.492363 0.492410 0.492458 0.492504 0.492546 0.492582 0.492609 0.492624 0.492624 0.492608 0.492570 0.492509 0.492420 0.492300 0.492147 0.491956 0.491725 0.491451 0.491131 0.490763 0.490345 0.489878 0.489360 0.488794 0.488182 0.487529 0.486841 0.486124 0.485389 0.484648 0.483922 0.483238 0.482632 0.482152 0.481853 0.481796 0.482034 0.482617 0.483586 0.484990 0.486912 0.489499 0.493000 0.497755 0.504153 0.512519 0.522977 0.535332 0.549068 0.563511 0.578143 0.592941 0.608558 0.626131 0.646678 0.670324 0.695924 0.721463 0.744976 0.765309 0.782297 0.796409 0.808204 0.817945 0.825656 0.831334 0.834826 0.835264 0.830198 0.814792 0.780984 0.717014 0.610221 0.455696 0.272239 0.107202 0.005198 -0.000006 -0.000006 -0.000006 -0.000006 -0.000006 -0.000006 0.000960 0.004773 0.009497 0.014543 0.019549 0.024041 0.027722 0.030396 0.032244 0.034300 0.039393
0.029422 0.025352 0.023542 0.021580 0.018673 0.014809 0.010335 0.005826 0.001779 -0.000006 -0.000006 -0.000006 -0.000006 -0.000006 -0.000006 -0.000006 0.049956 0.182389 0.358137 0.532086 0.666500 0.753492 0.801628 0.823811 0.830794 0.829528 0.823808 0.815352 0.805083 0.793742 0.781945 0.769799 0.756383 0.739741 0.717771 0.689491 0.656006 0.620744 0.588483 0.563246 0.546445 0.536723 0.531333 0.527753 0.524560 0.521467 0.518882 0.517385 0.517359 0.518852 0.521627 0.525299 0.529477 0.533850 0.538221 0.542488 0.546615 0.550596 0.554429 0.558109 0.561624 0.564960 0.568103 0.571045 0.573781 0.576316 0.578654 0.580806 0.582780 0.584587 0.586235 0.587735 0.589095 0.590324 0.591431 0.592425 0.593314 0.594106 0.594809 0.595430 0.595977 0.596455 0.596872 0.597233 0.597544 0.597810 0.598036 0.598227 0.598387 0.598519 0.598628 0.598717 0.598788 0.598845 0.598890 0.598924 0.598950 0.598969 0.598983 0.598991 0.598995 0.598995 0.598991 0.598983 0.598969 0.598950 0.598924 0.598890 0.598845 0.598788 0.598717 0.598628 0.598519 0.598387 0.598227 0.598036 0.597810 0.597544 0.597233 0.596872 0.596455 0.595977 0.595430 0.594809 0.594106 0.593314 0.592425 0.591432 0.590324 0.589095 0.587735 0.586235 0.584587 0.582780 0.580806 0.578655 0.576316 0.573781 0.571045 0.568104 0.564961 0.561625 0.558109 0.554429 0.550596 0.546616 0.542488 0.538221 0.533850 0.529477 0.525300 0.521627 0.518853 0.517359 0.517385 0.518882 0.521467 0.524560 0.527753 0.531333 0.536723 0.546445 0.563246 0.588483 0.620744 0.656006 0.689491 0.717771 0.739741 0.756383 0.769799 0.781944 0.793742 0.805082 0.815352 0.823808 0.829528 0.830794 0.823811 0.801629 0.753492 0.666501 0.532086 0.358138 0.182390 0.049957 -0.000006 -0.000006 -0.000006 -0.000006 -0.000006 -0.000006 -0.000006 0.001779 0.005826 0.010335 0.014809 0.018673 0.021580 0.023542 0.025353 0.029422
0.020489 0.017331 0.015674 0.013638 0.010708 0.007114 0.003395 0.000204 -0.000006 -0.000006 -0.000006 -0.000006 -0.000006 -0.000006 0.027496 0.131017 0.285249 0.457177 0.608171 0.717023 0.783623 0.817414 0.829821 0.829837 0.823219 0.812301 0.796779 0.775839 0.750878 0.726573 0.708345 0.697943 0.691464 0.682075 0.664512 0.637573 0.604368 0.571215 0.545077 0.530300 0.526917 0.531665 0.540371 0.549829 0.558443 0.565943 0.572745 0.579397 0.586257 0.593407 0.600716 0.607964 0.614938 0.621492 0.627559 0.633133 0.638246 0.642940 0.647256 0.651227 0.654878 0.658229 0.661295 0.664095 0.666646 0.668965 0.671072 0.672983 0.674716 0.676285 0.677704 0.678986 0.680141 0.681182 0.682117 0.682955 0.683705 0.684374 0.684971 0.685500 0.685969 0.686383 0.686748 0.687067 0.687347 0.687590 0.687800 0.687982 0.688138 0.688271 0.688384 0.688479 0.688558 0.688625 0.688679 0.688722 0.688757 0.688783 0.688802 0.688814 0.688821 0.688821 0.688814 0.688802 0.688783 0.688757 0.688722 0.688679 0.688625 0.688559 0.688479 0.688384 0.688271 0.688138 0.687982 0.687800 0.687590 0.687347 0.687067 0.686748 0.686383 0.685969 0.685500 0.684971 0.684374 0.683705 0.682955 0.682117 0.681182 0.680141 0.678986 0.677704 0.676285 0.674716 0.672983 0.671072 0.668965 0.666646 0.664095 0.661296 0.658229 0.654878 0.651227 0.647256 0.642940 0.638246 0.633133 0.627559 0.621492 0.614938 0.607964 0.600716 0.593407 0.586258 0.579397 0.572745 0.565943 0.558444 0.549829 0.540372 0.531666 0.526917 0.530300 0.545077 0.571215 0.604368 0.637573 0.664512 0.682075 0.691464 0.697943 0.708345 0.726573 0.750878 0.775838 0.796779 0.812301 0.823219 0.829837 0.829821 0.817414 0.783623 0.717023 0.608172 0.457178 0.285250 0.131018 0.027496 -0.000006 -0.000006 -0.000006 -0.000006 -0.000006 -0.000006 0.000204 0.003395 0.007114 0.010708 0.013638 0.015674 0.017331 0.020489
0.012858 0.010566 0.009061 0.007087 0.004530 0.001783 -0.000006 -0.000006 -0.000006 -0.000006 -0.000006 -0.000006 0.021022 0.111099 0.249502 0.410418 0.562658 0.682873 0.764803 0.812497 0.834513 0.839457 0.834206 0.823557 0.809343 0.789734 0.759904 0.715945 0.661993 0.613940 0.590021 0.594048 0.612190 0.626744 0.628051 0.615964 0.596384 0.577491 0.566201 0.565495 0.574059 0.588120 0.603793 0.618486 0.631142 0.641778 0.650893 0.659024 0.666535 0.673586 0.680191 0.686299 0.691862 0.696864 0.701325 0.705291 0.708820 0.711968 0.714784 0.717308 0.719571 0.721601 0.723419 0.725046 0.726501 0.727802 0.728966 0.730006 0.730936 0.731768 0.732511 0.733176 0.733769 0.734298 0.734769 0.735189 0.735561 0.735892 0.736185 0.736444 0.736673 0.736874 0.737050 0.737204 0.737339 0.737456 0.737557 0.737645 0.737720 0.737784 0.737839 0.737885 0.737924 0.737956 0.737982 0.738004 0.738020 0.738033 0.738043 0.738049 0.738052 0.738052 0.738049 0.738043 0.738033 0.738020 0.738004 0.737982 0.737956 0.737924 0.737885 0.737839 0.737784 0.737720 0.737645 0.737558 0.737456 0.737339 0.737204 0.737050 0.736874 0.736673 0.736444 0.736185 0.735892 0.735561 0.735189 0.734769 0.734298 0.733769 0.733176 0.732512 0.731768 0.730936 0.730006 0.728966 0.727803 0.726501 0.725046 0.723419 0.721601 0.719571 0.717308 0.714784 0.711968 0.708821 0.705291 0.701325 0.696864 0.691862 0.686299 0.680191 0.673586 0.666535 0.659024 0.650893 0.641778 0.631142 0.618486 0.603793 0.588121 0.574059 0.565496 0.566202 0.577492 0.596384 0.615964 0.628051 0.626744 0.612190 0.594048 0.590021 0.613939 0.661993 0.715944 0.759904 0.789734 0.809343 0.823557 0.834206 0.839457 0.834513 0.812497 0.764804 0.682874 0.562659 0.410420 0.249504 0.111100 0.021023 -0.000006 -0.000006 -0.000006 -0.000006 -0.000006 -0.000006 0.001783 0.004530 0.007087 0.009061 0.010566 0.012858
0.006727 0.005318 0.004038 0.002426 0.000625 -0.000006 -0.000006 -0.000006 -0.000006 -0.000006 0.008249 0.086300 0.222397 0.384105 0.537193 0.660749 0.749774 0.807368 0.839956 0.854173 0.855392 0.847911 0.835199 0.819433 0.799950 0.771454 0.724546 0.651855 0.562105 0.489210 0.469178 0.502258 0.556915 0.602802 0.627898 0.634775 0.631876 0.627793 0.628291 0.635218 0.647205 0.661465 0.675454 0.687691 0.697745 0.705846 0.712467 0.718055 0.722915 0.727213 0.731018 0.734358 0.737254 0.739736 0.741849 0.743642 0.745164 0.746458 0.747561 0.748502 0.749303 0.749984 0.750561 0.751049 0.751458 0.751802 0.752088 0.752327 0.752526 0.752689 0.752823 0.752933 0.753021 0.753091 0.753147 0.753189 0.753221 0.753245 0.753261 0.753270 0.753275 0.753276 0.753274 0.753269 0.753262 0.753254 0.753245 0.753235 0.753225 0.753215 0.753205 0.753195 0.753186 0.753178 0.753171 0.753164 0.753158 0.753154 0.753150 0.753148 0.753147 0.753147 0.753148 0.753150 0.753154 0.753158 0.753164 0.753171 0.753178 0.753186 0.753195 0.753205 0.753215 0.753225 0.753235 0.753245 0.753254 0.753262 0.753269 0.753274 0.753276 0.753275 0.753270 0.753261 0.753245 0.753221 0.753189 0.753147 0.753091 0.753021 0.752933 0.752823 0.752689 0.752526 0.752327 0.752089 0.751802 0.751458 0.751049 0.750562 0.749984 0.749303 0.748502 0.747561 0.746458 0.745164 0.743642 0.741849 0.739736 0.737254 0.734358 0.731018 0.727213 0.722915 0.718055 0.712468 0.705846 0.697746 0.687692 0.675455 0.661465 0.647205 0.635218 0.628291 0.627793 0.631877 0.634776 0.627898 0.602802 0.556915 0.502258 0.469178 0.489210 0.562105 0.651855 0.724546 0.771454 0.799950 0.819433 0.835199 0.847911 0.855392 0.854173 0.839956 0.807368 0.749775 0.660749 0.537194 0.384107 0.222398 0.086301 0.008249 -0.000006 -0.000006 -0.000006 -0.000006 -0.000006 0.000625 0.002426 0.004038 0.005318 0.006727
0.002269 0.001797 0.000921 -0.000006 -0.000006 -0.000006 -0.000006 -0.000006 -0.000006 0.034371 0.150836 0.327131 0.503207 0.641771 0.738372 0.801216 0.839839 0.861777 0.871923 0.873170 0.867378 0.856083 0.840930 0.822916 0.800110 0.765438 0.707276 0.617440 0.510220 0.432475 0.426041 0.482332 0.559085 0.621719 0.659378 0.676839 0.683286 0.686510 0.691058 0.698297 0.707463 0.717022 0.725671 0.732754 0.738201 0.742275 0.745335 0.747688 0.749545 0.751025 0.752189 0.753075 0.753713 0.754134 0.754375 0.754470 0.754450 0.754343 0.754168 0.753942 0.753677 0.753384 0.753071 0.752744 0.752410 0.752074 0.751740 0.751411 0.751091 0.750780 0.750481 0.750195 0.749922 0.749663 0.749417 0.749186 0.748969 0.748765 0.748575 0.748398 0.748234 0.748082 0.747941 0.747811 0.747693 0.747584 0.747485 0.747395 0.747313 0.747240 0.747174 0.747116 0.747064 0.747020 0.746981 0.746949 0.746922 0.746901 0.746885 0.746875 0.746869 0.746869 0.746875 0.746885 0.746901 0.746922 0.746949 0.746981 0.747020 0.747064 0.747116 0.747174 0.747240 0.747313 0.747395 0.747485 0.747584 0.747693 0.747811 0.747941 0.748082 0.748234 0.748398 0.748575 0.748765 0.748969 0.749186 0.749417 0.749663 0.749922 0.750195 0.750482 0.750780 0.751091 0.751412 0.751740 0.752074 0.752410 0.752744 0.753071 0.753384 0.753677 0.753942 0.754168 0.754343 0.754450 0.754470 0.754375 0.754134 0.753713 0.753075 0.752189 0.751025 0.749545 0.747688 0.745335 0.742275 0.738201 0.732754 0.725671 0.717022 0.707464 0.698297 0.691058 0.686510 0.683286 0.676839 0.659379 0.621720 0.559085 0.482333 0.426041 0.432476 0.510220 0.617440 0.707276 0.765438 0.800110 0.822916 0.840930 0.856083 0.867378 0.873170 0.871924 0.861778 0.839840 0.801216 0.738372 0.641772 0.503208 0.327133 0.150837 0.034372 -0.000006 -0.000006 -0.000006 -0.000006 -0.000006 -0.000006 0.000921 0.001798 0.002269
0.000000 0.000096 -0.000006 -0.000006 -0.000006 -0.000006 -0.000006 -0.000006 0.043338 0.179009 0.388860 0.581342 0.712293 0.790144 0.834321 0.859256 0.873190 0.880050 0.881171 0.877179 0.869172 0.858293 0.845103 0.829116 0.807428 0.773094 0.716372 0.632801 0.539614 0.479104 0.482778 0.538697 0.609341 0.666062 0.700780 0.718077 0.725589 0.729374 0.732802 0.736966 0.741606 0.746012 0.749603 0.752140 0.753680 0.754432 0.754631 0.754469 0.754071 0.753505 0.752810 0.752010 0.751124 0.750174 0.749180 0.748164 0.747141 0.746125 0.745126 0.744148 0.743199 0.742280 0.741394 0.740545 0.739732 0.738957 0.738221 0.737523 0.736863 0.736241 0.735655 0.735105 0.734589 0.734106 0.733655 0.733235 0.732843 0.732480 0.732143 0.731830 0.731542 0.731276 0.731032 0.730807 0.730602 0.730414 0.730244 0.730089 0.729949 0.729823 0.729710 0.729611 0.729522 0.729446 0.729380 0.729324 0.729278 0.729242 0.729215 0.729197 0.729189 0.729189 0.729197 0.729215 0.729242 0.729278 0.729324 0.729380 0.729446 0.729523 0.729611 0.729711 0.729823 0.729949 0.730089 0.730244 0.730414 0.730602 0.730808 0.731032 0.731276 0.731542 0.731830 0.732143 0.732480 0.732843 0.733235 0.733655 0.734106 0.734589 0.735105 0.735655 0.736241 0.736864 0.737523 0.738221 0.738957 0.739732 0.740545 0.741394 0.742280 0.743199 0.744148 0.745126 0.746126 0.747142 0.748164 0.749180 0.750174 0.751124 0.752010 0.752810 0.753505 0.754071 0.754470 0.754631 0.754432 0.753680 0.752140 0.749603 0.746012 0.741607 0.736966 0.732802 0.729374 0.725589 0.718077 0.700780 0.666062 0.609341 0.538697 0.482779 0.479104 0.539615 0.632801 0.716372 0.773094 0.807428 0.829116 0.845103 0.858293 0.869172 0.877179 0.881171 0.880050 0.873190 0.859256 0.834321 0.790144 0.712293 0.581343 0.388861 0.179011 0.043339 -0.000006 -0.000006 -0.000006 -0.000006 -0.000006 -0.000006 0.000096 0.000000
0.000000 -0.000006 -0.000006 -0.000006 -0.000006 -0.000006 -0.000006 0.030023 0.150046 0.378031 0.602461 0.745868 0.818585 0.852165 0.867628 0.874422 0.875151 0.869339 0.856306 0.839343 0.826349 0.822250 0.823701 0.822911 0.812914 0.787869 0.743607 0.681727 0.617866 0.579751 0.584875 0.623751 0.671794 0.710358 0.733944 0.745403 0.749784 0.751150 0.751786 0.752507 0.753282 0.753800 0.753811 0.753238 0.752154 0.750703 0.749029 0.747242 0.745411 0.743570 0.741735 0.739918 0.738126 0.736370 0.734659 0.733003 0.731406 0.729874 0.728409 0.727010 0.725677 0.724410 0.723208 0.722068 0.720990 0.719972 0.719012 0.718107 0.717257 0.716458 0.715708 0.715005 0.714347 0.713733 0.713158 0.712623 0.712124 0.711660 0.711229 0.710829 0.710459 0.710117 0.709801 0.709510 0.709243 0.708999 0.708775 0.708572 0.708387 0.708221 0.708071 0.707938 0.707820 0.707717 0.707628 0.707553 0.707491 0.707442 0.707406 0.707381 0.707369 0.707369 0.707381 0.707406 0.707442 0.707491 0.707553 0.707628 0.707717 0.707820 0.707938 0.708071 0.708221 0.708387 0.708572 0.708775 0.708999 0.709243 0.709510 0.709801 0.710117 0.710459 0.710829 0.711229 0.711660 0.712124 0.712623 0.713158 0.713733 0.714348 0.715005 0.715708 0.716458 0.717257 0.718107 0.719012 0.719972 0.720990 0.722068 0.723208 0.724411 0.725678 0.727010 0.728409 0.729874 0.731406 0.733003 0.734659 0.736370 0.738126 0.739918 0.741736 0.743570 0.745411 0.747242 0.749029 0.750703 0.752154 0.753238 0.753811 0.753800 0.753282 0.752507 0.751787 0.751150 0.749784 0.745403 0.733944 0.710358 0.671794 0.623752 0.584875 0.579751 0.617866 0.681727 0.743607 0.787869 0.812914 0.822911 0.823701 0.822250 0.826349 0.839343 0.856306 0.869339 0.875151 0.874422 0.867628 0.852165 0.818586 0.745868 0.602462 0.378032 0.150047 0.030023 -0.000006 -0.000006 -0.000006 -0.000006 -0.000006 -0.000006 0.000000
0.000000 -0.000006 -0.000006 -0.000006 -0.000006 -0.000006 0.008028 0.079102 0.278335 0.543357 0.733905 0.825823 0.860089 0.870459 0.872048 0.866273 0.846946 0.807248 0.748060 0.687417 0.659450 0.683285 0.736357 0.784187 0.806406 0.800770 0.773431 0.733544 0.694449 0.671742 0.673404 0.693658 0.719304 0.739982 0.752155 0.757091 0.757620 0.756177 0.754198 0.752238 0.750334 0.748345 0.746150 0.743724 0.741119 0.738422 0.735718 0.733064 0.730494 0.728018 0.725640 0.723358 0.721171 0.719082 0.717090 0.715197 0.713401 0.711701 0.710092 0.708571 0.707134 0.705777 0.704496 0.703288 0.702150 0.701078 0.700070 0.699121 0.698229 0.697391 0.696604 0.695865 0.695172 0.694523 0.693915 0.693346 0.692814 0.692317 0.691853 0.691421 0.691019 0.690646 0.690299 0.689979 0.689682 0.689409 0.689159 0.688929 0.688720 0.688530 0.688359 0.688206 0.688069 0.687950 0.687846 0.687759 0.687686 0.687628 0.687585 0.687557 0.687543 0.687543 0.687557 0.687585 0.687628 0.687686 0.687759 0.687846 0.687950 0.688069 0.688206 0.688359 0.688530 0.688720 0.688929 0.689159 0.689409 0.689682 0.689979 0.690299 0.690646 0.691019 0.691421 0.691853 0.692317 0.692814 0.693346 0.693915 0.694523 0.695173 0.695865 0.696604 0.697391 0.698229 0.699121 0.700070 0.701078 0.702150 0.703288 0.704496 0.705777 0.707134 0.708571 0.710092 0.711701 0.713401 0.715197 0.717090 0.719082 0.721171 0.723358 0.725640 0.728018 0.730494 0.733064 0.735718 0.738422 0.741119 0.743724 0.746150 0.748345 0.750334 0.752238 0.754198 0.756177 0.757620 0.757091 0.752155 0.739982 0.719304 0.693658 0.673404 0.671742 0.694450 0.733544 0.773431 0.800770 0.806406 0.784187 0.736357 0.683285 0.659450 0.687416 0.748059 0.807248 0.846946 0.866273 0.872048 0.870459 0.860089 0.825823 0.733905 0.543358 0.278336 0.079103 0.008028 -0.000006 -0.000006 -0.000006 -0.000006 -0.000006 0.000000
0.000000 -0.000006 -0.000006 -0.000006 -0.000006 -0.000006 0.017871 0.124330 0.374531 0.641611 0.797909 0.857689 0.871968 0.871446 0.864467 0.841127 0.778707 0.660079 0.502112 0.367951 0.326866 0.401884 0.559323 0.704314 0.785058 0.807131 0.795782 0.770716 0.745525 0.729737 0.726982 0.734088 0.744458 0.752682 0.756586 0.756575 0.754092 0.750515 0.746714 0.743054 0.739582 0.736227 0.732916 0.729630 0.726394 0.723250 0.720239 0.717384 0.714692 0.712159 0.709774 0.707528 0.705414 0.703424 0.701555 0.699800 0.698154 0.696609 0.695158 0.693795 0.692513 0.691308 0.690173 0.689105 0.688100 0.687153 0.686261 0.685421 0.684630 0.683884 0.683181 0.682518 0.681894 0.681305 0.680751 0.680230 0.679739 0.679278 0.678845 0.678438 0.678057 0.677701 0.677368 0.677057 0.676768 0.676500 0.676253 0.676024 0.675815 0.675624 0.675450 0.675294 0.675154 0.675031 0.674925 0.674834 0.674758 0.674698 0.674653 0.674623 0.674608 0.674608 0.674623 0.674653 0.674698 0.674758 0.674834 0.674925 0.675031 0.675154 0.675294 0.675450 0.675624 0.675815 0.676024 0.676253 0.676501 0.676768 0.677057 0.677368 0.677701 0.678057 0.678438 0.678845 0.679278 0.679739 0.680230 0.680751 0.681306 0.681894 0.682518 0.683181 0.683884 0.684630 0.685421 0.686261 0.687153 0.688100 0.689105 0.690173 0.691308 0.692513 0.693795 0.695158 0.696609 0.698154 0.699801 0.701555 0.703425 0.705414 0.707528 0.709774 0.712159 0.714692 0.717384 0.720239 0.723250 0.726394 0.729630 0.732916 0.736227 0.739583 0.743054 0.746714 0.750515 0.754092 0.756575 0.756586 0.752682 0.744458 0.734088 0.726982 0.729737 0.745525 0.770716 0.795782 0.807131 0.785058 0.704314 0.559322 0.401883 0.326864 0.367950 0.502111 0.660078 0.778707 0.841127 0.864467 0.871446 0.871968 0.857689 0.797909 0.641612 0.374532 0.124331 0.017872 -0.000006 -0.000006 -0.000006 -0.000006 -0.000006 0.000000
0.000000 -0.000006 -0.000006 -0.000006 -0.000006 -0.000006 0.019911 0.142253 0.416534 0.682673 0.822357 0.867485 0.873014 0.867492 0.853097 0.805982 0.678151 0.441441 0.192859 0.083565 0.065205 0.130161 0.352544 0.609568 0.757913 0.807892 0.808428 0.791021 0.771456 0.757273 0.750653 0.749859 0.751414 0.752359 0.751318 0.748317 0.744067 0.739343 0.734675 0.730305 0.726274 0.722534 0.719028 0.715724 0.712619 0.709720 0.707034 0.704558 0.702280 0.700180 0.698239 0.696442 0.694774 0.693227 0.691790 0.690455 0.689214 0.688058 0.686977 0.685965 0.685015 0.684122 0.683280 0.682486 0.681736 0.681027 0.680356 0.679720 0.679117 0.678544 0.678000 0.677482 0.676991 0.676523 0.676079 0.675657 0.675256 0.674875 0.674514 0.674172 0.673849 0.673544 0.673256 0.672985 0.672731 0.672494 0.672272 0.672067 0.671877 0.671702 0.671543 0.671399 0.671269 0.671154 0.671054 0.670969 0.670897 0.670841 0.670798 0.670770 0.670755 0.670755 0.670770 0.670798 0.670841 0.670897 0.670969 0.671054 0.671154 0.671269 0.671399 0.671543 0.671702 0.671877 0.672067 0.672272 0.672494 0.672731 0.672985 0.673256 0.673544 0.673849 0.674172 0.674514 0.674875 0.675256 0.675657 0.676079 0.676523 0.676991 0.677482 0.678000 0.678544 0.679117 0.679720 0.680356 0.681028 0.681737 0.682486 0.683280 0.684122 0.685016 0.685965 0.686977 0.688058 0.689214 0.690456 0.691790 0.693227 0.694775 0.696442 0.698239 0.700180 0.702280 0.704559 0.707034 0.709720 0.712619 0.715724 0.719028 0.722535 0.726274 0.730305 0.734675 0.739343 0.744067 0.748317 0.751318 0.752359 0.751414 0.749859 0.750654 0.757273 0.771456 0.791021 0.808428 0.807892 0.757913 0.609568 0.352543 0.130161 0.065204 0.083564 0.192858 0.441440 0.678150 0.805982 0.853097 0.867492 0.873014 0.867485 0.822358 0.682674 0.416535 0.142253 0.019911 -0.000006 -0.000006 -0.000006 -0.000006 -0.000006 0.000000
0.000000 -0.000006 -0.000006 -0.000006 -0.000006 -0.000006 0.011577 0.127217 0.409329 0.685415 0.826048 0.868107 0.870860 0.863083 0.843107 0.776334 0.593749 0.270880 0.021094 -0.000006 -0.000006 0.016149 0.244230 0.553958 0.740828 0.806353 0.812775 0.798246 0.780031 0.765171 0.755552 0.750213 0.747072 0.744262 0.740785 0.736489 0.731703 0.726868 0.722311 0.718187 0.714513 0.711237 0.708296 0.705643 0.703249 0.701099 0.699176 0.697460 0.695923 0.694541 0.693287 0.692143 0.691094 0.690131 0.689243 0.688423 0.687664 0.686957 0.686295 0.685672 0.685083 0.684524 0.683992 0.683484 0.682998 0.682533 0.682086 0.681657 0.681244 0.680846 0.680462 0.680092 0.679735 0.679391 0.679060 0.678741 0.678434 0.678139 0.677856 0.677585 0.677326 0.677079 0.676843 0.676620 0.676408 0.676209 0.676022 0.675847 0.675684 0.675533 0.675395 0.675269 0.675156 0.675055 0.674966 0.674891 0.674827 0.674777 0.674739 0.674713 0.674701 0.674701 0.674713 0.674739 0.674777 0.674827 0.674891 0.674966 0.675055 0.675156 0.675269 0.675395 0.675533 0.675684 0.675847 0.676022 0.676209 0.676409 0.676620 0.676843 0.677079 0.677326 0.677585 0.677856 0.678139 0.678434 0.678741 0.679060 0.679391 0.679735 0.680092 0.680462 0.680846 0.681244 0.681657 0.682086 0.682533 0.682998 0.683484 0.683992 0.684524 0.685083 0.685672 0.686295 0.686957 0.687664 0.688423 0.689243 0.690131 0.691095 0.692143 0.693287 0.694541 0.695924 0.697460 0.699177 0.701099 0.703249 0.705643 0.708296 0.711237 0.714513 0.718187 0.722311 0.726868 0.731703 0.736489 0.740785 0.744262 0.747072 0.750213 0.755552 0.765171 0.780031 0.798246 0.812775 0.806353 0.740828 0.553958 0.244230 0.016150 -0.000006 -0.000006 0.021093 0.270879 0.593748 0.776334 0.843107 0.863083 0.870860 0.868107 0.826048 0.685415 0.409329 0.127217 0.011577 -0.000006 -0.000006 -0.000006 -0.000006 -0.000006 0.000000
0.000000 -0.000006 -0.000006 -0.000006 -0.000006 -0.000006 0.000086 0.091390 0.372208 0.668287 0.820442 0.865210 0.867875 0.859370 0.838031 0.768799 0.584787 0.268572 0.007296 -0.000006 -0.000006 0.033554 0.282752 0.572384 0.744103 0.805101 0.810835 0.796433 0.778002 0.762067 0.750492 0.742777 0.737478 0.733189 0.729049 0.724791 0.720527 0.716498 0.712891 0.709780 0.707141 0.704903 0.702988 0.701337 0.699914 0.698691 0.697647 0.696754 0.695985 0.695311 0.694709 0.694162 0.693659 0.693192 0.692757 0.692349 0.691965 0.691600 0.691249 0.690910 0.690579 0.690255 0.689937 0.689624 0.689317 0.689015 0.688717 0.688424 0.688136 0.687852 0.687573 0.687300 0.687032 0.686769 0.686513 0.686262 0.686019 0.685783 0.685553 0.685332 0.685118 0.684913 0.684716 0.684528 0.684349 0.684179 0.684019 0.683868 0.683728 0.683597 0.683477 0.683367 0.683268 0.683179 0.683102 0.683035 0.682979 0.682934 0.682901 0.682879 0.682867 0.682867 0.682879 0.682901 0.682935 0.682979 0.683035 0.683102 0.683179 0.683268 0.683367 0.683477 0.683597 0.683728 0.683868 0.684019 0.684179 0.684349 0.684528 0.684716 0.684913 0.685118 0.685332 0.685554 0.685783 0.686019 0.686263 0.686513 0.686769 0.687032 0.687300 0.687573 0.687852 0.688136 0.688424 0.688717 0.689015 0.689317 0.689625 0.689937 0.690255 0.690579 0.690910 0.691249 0.691600 0.691965 0.692349 0.692757 0.693192 0.693659 0.694162 0.694710 0.695311 0.695985 0.696754 0.697647 0.698691 0.699914 0.701337 0.702988 0.704903 0.707142 0.709780 0.712891 0.716498 0.720527 0.724791 0.729049 0.733189 0.737478 0.742777 0.750492 0.762067 0.778002 0.796433 0.810835 0.805101 0.744104 0.572385 0.282753 0.033554 -0.000006 -0.000006 0.007296 0.268572 0.584786 0.768798 0.838031 0.859370 0.867875 0.865210 0.820442 0.668288 0.372209 0.091391 0.000086 -0.000006 -0.000006 -0.000006 -0.000006 -0.000006 0.000000
0.000000 -0.000006 -0.000006 -0.000006 -0.000006 -0.000006 -0.000006 0.054202 0.337209 0.653168 0.814743 0.862034 0.865143 0.856992 0.838984 0.785556 0.650675 0.415156 0.175199 0.059230 0.070859 0.201072 0.430227 0.643204 0.762889 0.803968 0.804097 0.788477 0.769740 0.753410 0.741234 0.732918 0.727281 0.723089 0.719512 0.716210 0.713173 0.710514 0.708317 0.706580 0.705233 0.704179 0.703334 0.702642 0.702075 0.701615 0.701250 0.700961 0.700726 0.700522 0.700333 0.700146 0.699956 0.699761 0.699561 0.699358 0.699152 0.698941 0.698726 0.698504 0.698276 0.698043 0.697805 0.697562 0.697317 0.697070 0.696822 0.696574 0.696325 0.696079 0.695833 0.695591 0.695351 0.695115 0.694884 0.694657 0.694436 0.694220 0.694011 0.693808 0.693612 0.693424 0.693243 0.693070 0.692906 0.692750 0.692602 0.692464 0.692335 0.692215 0.692104 0.692004 0.691912 0.691831 0.691760 0.691698 0.691647 0.691606 0.691575 0.691555 0.691545 0.691545 0.691555 0.691575 0.691606 0.691647 0.691698 0.691760 0.691831 0.691912 0.692004 0.692104 0.692215 0.692335 0.692464 0.692603 0.692750 0.692906 0.693070 0.693243 0.693424 0.693612 0.693808 0.694011 0.694220 0.694436 0.694657 0.694884 0.695115 0.695351 0.695591 0.695833 0.696079 0.696326 0.696574 0.696822 0.697070 0.697317 0.697563 0.697805 0.698043 0.698277 0.698504 0.698726 0.698942 0.699152 0.699359 0.699561 0.699761 0.699956 0.700146 0.700333 0.700523 0.700726 0.700961 0.701250 0.701616 0.702075 0.702642 0.703334 0.704179 0.705233 0.706580 0.708317 0.710514 0.713173 0.716210 0.719512 0.723089 0.727282 0.732918 0.741234 0.753410 0.769740 0.788477 0.804097 0.803968 0.762889 0.643204 0.430228 0.201073 0.070860 0.059230 0.175200 0.415157 0.650675 0.785556 0.838984 0.856992 0.865143 0.862034 0.814744 0.653168 0.337210 0.054202 -0.000006 -0.000006 -0.000006 -0.000006 -0.000006 -0.000006 0.000000
0.000000 -0.000006 -0.000006 -0.000006 -0.000006 -0.000006 -0.000006 0.042112 0.349564 0.663114 0.816926 0.861391 0.864337 0.857358 0.845077 0.813484 0.738017 0.605732 0.450086 0.350550 0.354614 0.456543 0.601757 0.719884 0.782776 0.800569 0.793403 0.776355 0.758038 0.742650 0.731545 0.724320 0.719788 0.716751 0.714417 0.712454 0.710823 0.709580 0.708742 0.708251 0.707998 0.707871 0.707792 0.707723 0.707657 0.707601 0.707559 0.707530 0.707502 0.707461 0.707396 0.707300 0.707174 0.707021 0.706845 0.706651 0.706442 0.706220 0.705987 0.705744 0.705492 0.705231 0.704965 0.704694 0.704421 0.704146 0.703872 0.703598 0.703326 0.703057 0.702792 0.702530 0.702274 0.702023 0.701778 0.701540 0.701309 0.701085 0.700868 0.700660 0.700459 0.700267 0.700084 0.699909 0.699744 0.699587 0.699440 0.699303 0.699174 0.699056 0.698947 0.698847 0.698758 0.698678 0.698608 0.698548 0.698498 0.698458 0.698428 0.698408 0.698398 0.698398 0.698408 0.698428 0.698458 0.698498 0.698548 0.698608 0.698678 0.698758 0.698847 0.698947 0.699056 0.699174 0.699303 0.699440 0.699588 0.699744 0.699909 0.700084 0.700267 0.700459 0.700660 0.700868 0.701085 0.701309 0.701540 0.701779 0.702023 0.702274 0.702531 0.702792 0.703057 0.703326 0.703598 0.703872 0.704147 0.704421 0.704695 0.704965 0.705231 0.705492 0.705744 0.705988 0.706221 0.706442 0.706651 0.706845 0.707021 0.707175 0.707301 0.707396 0.707461 0.707502 0.707530 0.707560 0.707601 0.707657 0.707723 0.707792 0.707871 0.707998 0.708251 0.708742 0.709580 0.710823 0.712454 0.714417 0.716751 0.719788 0.724320 0.731545 0.742650 0.758038 0.776355 0.793403 0.800569 0.782776 0.719884 0.601758 0.456545 0.354615 0.350551 0.450087 0.605733 0.738017 0.813484 0.845077 0.857358 0.864337 0.861391 0.816927 0.663115 0.349565 0.042113 -0.000006 -0.000006 -0.000006 -0.000006 -0.000006 -0.000006 0.000000
0.000000 -0.000006 -0.000006 -0.000006 -0.000006 -0.000006 -0.000006 0.122021 0.442672 0.707567 0.830261 0.865408 0.867568 0.862276 0.855015 0.839658 0.805514 0.747025 0.677138 0.627818 0.624341 0.665556 0.724967 0.771724 0.793067 0.792545 0.779302 0.761601 0.744971 0.732221 0.723933 0.719243 0.716773 0.715360 0.714352 0.713549 0.712993 0.712752 0.712822 0.713111 0.713485 0.713830 0.714078 0.714217 0.714265 0.714255 0.714212 0.714147 0.714061 0.713944 0.713792 0.713600 0.713371 0.713111 0.712827 0.712525 0.712210 0.711885 0.711552 0.711214 0.710871 0.710525 0.710178 0.709832 0.709488 0.709147 0.708811 0.708481 0.708156 0.707839 0.707529 0.707227 0.706933 0.706649 0.706373 0.706107 0.705850 0.705603 0.705367 0.705140 0.704923 0.704717 0.704521 0.704335 0.704160 0.703995 0.703841 0.703697 0.703563 0.703440 0.703327 0.703224 0.703132 0.703050 0.702979 0.702917 0.702866 0.702825 0.702794 0.702774 0.702764 0.702764 0.702774 0.702794 0.702825 0.702866 0.702917 0.702979 0.703050 0.703132 0.703224 0.703327 0.703440 0.703563 0.703697 0.703841 0.703995 0.704160 0.704335 0.704521 0.704717 0.704923 0.705140 0.705367 0.705603 0.705850 0.706107 0.706373 0.706649 0.706933 0.707227 0.707529 0.707839 0.708156 0.708481 0.708811 0.709147 0.709488 0.709832 0.710179 0.710525 0.710871 0.711214 0.711552 0.711885 0.712210 0.712525 0.712827 0.713112 0.713372 0.713600 0.713792 0.713945 0.714061 0.714148 0.714212 0.714255 0.714265 0.714217 0.714079 0.713830 0.713485 0.713111 0.712823 0.712752 0.712993 0.713550 0.714352 0.715360 0.716773 0.719243 0.723933 0.732221 0.744971 0.761601 0.779302 0.792545 0.793067 0.771724 0.724967 0.665556 0.624342 0.627819 0.677138 0.747025 0.805514 0.839658 0.855015 0.862276 0.867568 0.865409 0.830261 0.707568 0.442674 0.122022 -0.000006 -0.000006 -0.000006 -0.000006 -0.000006 -0.000006 0.000000
0.001770 0.043935 0.081454 0.090983 0.074314 0.066249 0.138677 0.342566 0.595582 0.772007 0.851393 0.874171 0.875094 0.870945 0.866070 0.858432 0.844261 0.822106 0.796092 0.775664 0.768350 0.774513 0.786496 0.793937 0.791306 0.779390 0.762569 0.745728 0.732393 0.723947 0.719835 0.718492 0.718350 0.718410 0.718311 0.718117 0.718027 0.718182 0.718581 0.719116 0.719639 0.720034 0.720245 0.720276 0.720171 0.719980 0.719743 0.719482 0.719202 0.718899 0.718567 0.718204 0.717811 0.717395 0.716964 0.716523 0.716077 0.715631 0.715185 0.714742 0.714301 0.713865 0.713435 0.713012 0.712596 0.712190 0.711793 0.711407 0.711031 0.710667 0.710313 0.709972 0.709642 0.709323 0.709017 0.708723 0.708441 0.708172 0.707914 0.707668 0.707434 0.707212 0.707002 0.706804 0.706617 0.706442 0.706278 0.706126 0.705985 0.705856 0.705737 0.705630 0.705533 0.705447 0.705373 0.705309 0.705255 0.705213 0.705181 0.705160 0.705149 0.705149 0.705160 0.705181 0.705213 0.705255 0.705309 0.705373 0.705447 0.705533 0.705630 0.705737 0.705856 0.705985 0.706126 0.706278 0.706442 0.706617 0.706804 0.707002 0.707212 0.707434 0.707668 0.707914 0.708172 0.708442 0.708723 0.709017 0.709324 0.709642 0.709972 0.710313 0.710667 0.711031 0.711407 0.711793 0.712190 0.712597 0.713012 0.713435 0.713866 0.714302 0.714742 0.715185 0.715631 0.716077 0.716523 0.716964 0.717396 0.717811 0.718204 0.718567 0.718899 0.719203 0.719482 0.719743 0.719980 0.720171 0.720276 0.720245 0.720034 0.719640 0.719116 0.718581 0.718182 0.718028 0.718117 0.718311 0.718410 0.718351 0.718492 0.719835 0.723947 0.732393 0.745728 0.762569 0.779390 0.791306 0.793937 0.786496 0.774513 0.768350 0.775664 0.796093 0.822106 0.844261 0.858432 0.866070 0.870945 0.875094 0.874171 0.851393 0.772008 0.595584 0.342568 0.138678 0.066251 0.074315 0.090984 0.081454 0.043935 0.001770
0.040392 0.178623 0.302099 0.364861 0.374627 0.389256 0.464889 0.601580 0.740294 0.831233 0.872521 0.883263 0.880174 0.873084 0.866637 0.861813 0.857243 0.850796 0.841552 0.831090 0.821447 0.813399 0.805520 0.795001 0.780309 0.762489 0.744721 0.730565 0.722087 0.719064 0.719626 0.721564 0.723319 0.724252 0.724420 0.724209 0.724009 0.724038 0.724311 0.724705 0.725059 0.725250 0.725226 0.725004 0.724640 0.724194 0.723715 0.723229 0.722742 0.722249 0.721745 0.721224 0.720687 0.720139 0.719587 0.719036 0.718490 0.717952 0.717424 0.716905 0.716396 0.715898 0.715410 0.714935 0.714473 0.714023 0.713587 0.713165 0.712756 0.712361 0.711980 0.711613 0.711260 0.710921 0.710595 0.710283 0.709985 0.709700 0.709428 0.709169 0.708924 0.708691 0.708471 0.708263 0.708068 0.707886 0.707715 0.707557 0.707410 0.707275 0.707152 0.707041 0.706940 0.706852 0.706774 0.706708 0.706653 0.706609 0.706576 0.706554 0.706543 0.706543 0.706554 0.706576 0.706609 0.706653 0.706708 0.706774 0.706852 0.706940 0.707041 0.707152 0.707275 0.707410 0.707557 0.707715 0.707886 0.708069 0.708263 0.708471 0.708691 0.708924 0.709169 0.709428 0.709700 0.709985 0.710283 0.710595 0.710921 0.711260 0.711613 0.711981 0.712361 0.712756 0.713165 0.713587 0.714023 0.714473 0.714935 0.715411 0.715898 0.716396 0.716905 0.717424 0.717953 0.718490 0.719036 0.719587 0.720140 0.720687 0.721224 0.721745 0.722250 0.722742 0.723229 0.723715 0.724194 0.724640 0.725005 0.725226 0.725250 0.725060 0.724705 0.724311 0.724038 0.724009 0.724209 0.724420 0.724252 0.723319 0.721564 0.719626 0.719064 0.722087 0.730565 0.744721 0.762489 0.780309 0.795000 0.805520 0.813399 0.821447 0.831090 0.841552 0.850796 0.857243 0.861813 0.866637 0.873084 0.880174 0.883263 0.872521 0.831233 0.740295 0.601581 0.464891 0.389258 0.374628 0.364862 0.302100 0.178624 0.040392
0.111371 0.354320 0.551752 0.649513 0.678400 0.691622 0.724096 0.777863 0.832390 0.869025 0.883723 0.879429 0.860567 0.836382 0.821391 0.823769 0.837344 0.849150 0.851751 0.845622 0.834211 0.820030 0.803808 0.785272 0.764844 0.744676 0.728200 0.718319 0.715601 0.718095 0.722772 0.727133 0.729918 0.730986 0.730841 0.730163 0.729498 0.729120 0.729046 0.729132 0.729198 0.729110 0.728818 0.728340 0.727737 0.727074 0.726403 0.725747 0.725112 0.724492 0.723875 0.723257 0.722636 0.722014 0.721397 0.720789 0.720194 0.719614 0.719048 0.718497 0.717960 0.717437 0.716929 0.716435 0.715956 0.715492 0.715043 0.714610 0.714191 0.713787 0.713398 0.713024 0.712664 0.712318 0.711987 0.711670 0.711366 0.711077 0.710801 0.710538 0.710288 0.710052 0.709828 0.709618 0.709420 0.709234 0.709061 0.708899 0.708750 0.708613 0.708488 0.708374 0.708272 0.708182 0.708103 0.708036 0.707979 0.707935 0.707901 0.707879 0.707867 0.707867 0.707879 0.707901 0.707935 0.707979 0.708036 0.708103 0.708182 0.708272 0.708374 0.708488 0.708613 0.708750 0.708899 0.709061 0.709234 0.709420 0.709618 0.709828 0.710052 0.710288 0.710538 0.710801 0.711077 0.711367 0.711670 0.711987 0.712319 0.712664 0.713024 0.713399 0.713788 0.714191 0.714610 0.715044 0.715492 0.715956 0.716435 0.716929 0.717437 0.717960 0.718497 0.719048 0.719614 0.720195 0.720789 0.721397 0.722014 0.722636 0.723257 0.723876 0.724492 0.725113 0.725747 0.726403 0.727075 0.727737 0.728340 0.728818 0.729110 0.729198 0.729132 0.729046 0.729121 0.729498 0.730163 0.730841 0.730986 0.729918 0.727134 0.722773 0.718095 0.715601 0.718319 0.728200 0.744676 0.764844 0.785272 0.803808 0.820030 0.834211 0.845622 0.851751 0.849150 0.837344 0.823768 0.821390 0.836382 0.860567 0.879429 0.883723 0.869025 0.832391 0.777863 0.724097 0.691623 0.678401 0.649514 0.551753 0.354321 0.111371
0.156799 0.464137 0.698514 0.803933 0.833694 0.838647 0.844837 0.858438 0.873477 0.880274 0.870288 0.834669 0.769274 0.692555 0.655833 0.691816 0.763941 0.821041 0.845608 0.845953 0.833797 0.816027 0.795296 0.772597 0.749555 0.729365 0.715825 0.711016 0.713820 0.720766 0.728171 0.733686 0.736559 0.737158 0.736353 0.735027 0.733812 0.732992 0.732563 0.732353 0.732162 0.731846 0.731350 0.730695 0.729940 0.729152 0.728378 0.727640 0.726940 0.726268 0.725613 0.724964 0.724321 0.723685 0.723058 0.722445 0.721849 0.721269 0.720707 0.720161 0.719631 0.719116 0.718616 0.718131 0.717661 0.717207 0.716767 0.716342 0.715932 0.715536 0.715154 0.714787 0.714434 0.714095 0.713769 0.713457 0.713158 0.712873 0.712601 0.712341 0.712095 0.711861 0.711640 0.711431 0.711235 0.711051 0.710879 0.710718 0.710570 0.710434 0.710309 0.710196 0.710094 0.710004 0.709925 0.709858 0.709802 0.709757 0.709724 0.709701 0.709690 0.709690 0.709701 0.709724 0.709757 0.709802 0.709858 0.709925 0.710004 0.710094 0.710196 0.710309 0.710434 0.710570 0.710719 0.710879 0.711051 0.711235 0.711431 0.711640 0.711861 0.712095 0.712342 0.712601 0.712873 0.713158 0.713457 0.713769 0.714095 0.714434 0.714787 0.715155 0.715536 0.715932 0.716342 0.716767 0.717207 0.717662 0.718132 0.718616 0.719116 0.719631 0.720162 0.720707 0.721270 0.721849 0.722445 0.723058 0.723685 0.724322 0.724965 0.725613 0.726268 0.726940 0.727640 0.728378 0.729152 0.729941 0.730695 0.731350 0.731846 0.732162 0.732353 0.732563 0.732993 0.733812 0.735028 0.736353 0.737159 0.736559 0.733686 0.728172 0.720766 0.713821 0.711016 0.715825 0.729365 0.749555 0.772597 0.795295 0.816027 0.833797 0.845953 0.845607 0.821041 0.763940 0.691815 0.655832 0.692553 0.769273 0.834668 0.870288 0.880273 0.873477 0.858438 0.844838 0.838648 0.833694 0.803933 0.698515 0.464137 0.156799
0.100259 0.467371 0.733166 0.850332 0.882716 0.885130 0.883143 0.882963 0.879066 0.859025 0.806506 0.705021 0.551816 0.392278 0.331772 0.443456 0.633656 0.772529 0.832497 0.842785 0.830932 0.810534 0.786697 0.761609 0.737861 0.719336 0.709641 0.709614 0.716573 0.726124 0.734554 0.739987 0.742218 0.742017 0.740475 0.738562 0.736914 0.735781 0.735118 0.734723 0.734379 0.733934 0.733335 0.732601 0.731792 0.730971 0.730180 0.729438 0.728743 0.728083 0.727444 0.726816 0.726197 0.725587 0.724988 0.724404 0.723836 0.723286 0.722752 0.722234 0.721731 0.721242 0.720768 0.720307 0.719860 0.719428 0.719009 0.718603 0.718212 0.717833 0.717468 0.717116 0.716777 0.716451 0.716137 0.715836 0.715548 0.715272 0.715009 0.714758 0.714518 0.714291 0.714076 0.713873 0.713682 0.713502 0.713334 0.713177 0.713032 0.712899 0.712776 0.712665 0.712566 0.712477 0.712400 0.712333 0.712278 0.712234 0.712201 0.712179 0.712168 0.712168 0.712179 0.712201 0.712234 0.712278 0.712334 0.712400 0.712477 0.712566 0.712665 0.712776 0.712899 0.713032 0.713177 0.713334 0.713502 0.713682 0.713873 0.714076 0.714291 0.714519 0.714758 0.715009 0.715272 0.715548 0.715837 0.716137 0.716451 0.716777 0.717116 0.717468 0.717833 0.718212 0.718603 0.719009 0.719428 0.719861 0.720307 0.720768 0.721243 0.721731 0.722234 0.722752 0.723286 0.723836 0.724404 0.724988 0.725587 0.726197 0.726817 0.727444 0.728083 0.728743 0.729438 0.730180 0.730971 0.731793 0.732601 0.733335 0.733934 0.734379 0.734724 0.735119 0.735782 0.736914 0.738562 0.740475 0.742017 0.742218 0.739987 0.734554 0.726124 0.716573 0.709614 0.709641 0.719336 0.737861 0.761609 0.786697 0.810534 0.830932 0.842785 0.832497 0.772529 0.633656 0.443456 0.331771 0.392276 0.551814 0.705020 0.806506 0.859025 0.879066 0.882963 0.883143 0.885130 0.882716 0.850332 0.733167 0.467372 0.100259
0.023597 0.388224 0.694349 0.842259 0.886495 0.891935 0.888964 0.882383 0.859226 0.793618 0.660167 0.458001 0.247586 0.113680 0.079724 0.211201 0.500170 0.724257 0.819770 0.839582 0.828229 0.805903 0.780081 0.754111 0.731315 0.715673 0.709933 0.713509 0.722672 0.732861 0.740824 0.745285 0.746485 0.745430 0.743283 0.740995 0.739135 0.737886 0.737150 0.736699 0.736307 0.735827 0.735210 0.734477 0.733688 0.732899 0.732149 0.731452 0.730803 0.730190 0.729596 0.729014 0.728440 0.727873 0.727318 0.726775 0.726248 0.725736 0.725239 0.724756 0.724286 0.723829 0.723383 0.722951 0.722530 0.722122 0.721727 0.721343 0.720972 0.720613 0.720266 0.719931 0.719607 0.719296 0.718996 0.718708 0.718432 0.718167 0.717914 0.717672 0.717441 0.717222 0.717015 0.716818 0.716633 0.716459 0.716296 0.716144 0.716004 0.715874 0.715755 0.715647 0.715550 0.715464 0.715389 0.715324 0.715270 0.715227 0.715195 0.715174 0.715163 0.715163 0.715174 0.715195 0.715227 0.715270 0.715324 0.715389 0.715464 0.715550 0.715647 0.715755 0.715874 0.716004 0.716144 0.716296 0.716459 0.716633 0.716818 0.717015 0.717223 0.717442 0.717672 0.717914 0.718167 0.718432 0.718708 0.718996 0.719296 0.719608 0.719931 0.720266 0.720613 0.720972 0.721343 0.721727 0.722123 0.722531 0.722951 0.723384 0.723829 0.724286 0.724756 0.725239 0.725736 0.726248 0.726776 0.727318 0.727874 0.728440 0.729015 0.729597 0.730190 0.730804 0.731452 0.732149 0.732899 0.733688 0.734477 0.735210 0.735827 0.736307 0.736699 0.737151 0.737887 0.739136 0.740996 0.743284 0.745430 0.746485 0.745285 0.740824 0.732861 0.722673 0.713509 0.709933 0.715673 0.731315 0.754111 0.780081 0.805902 0.828229 0.839582 0.819770 0.724257 0.500170 0.211201 0.079724 0.113679 0.247584 0.457999 0.660166 0.793617 0.859226 0.882383 0.888964 0.891935 0.886496 0.842260 0.694350 0.388224 0.023597
0.000000 0.280008 0.628125 0.817255 0.876539 0.887430 0.885355 0.872304 0.822219 0.684297 0.432835 0.171881 0.050075 0.005473 0.001549 0.125430 0.440503 0.700963 0.812678 0.836434 0.824891 0.801478 0.775096 0.749925 0.729596 0.717545 0.715239 0.720892 0.730420 0.739715 0.746245 0.749297 0.749404 0.747650 0.745150 0.742751 0.740912 0.739729 0.739053 0.738641 0.738273 0.737815 0.737228 0.736540 0.735806 0.735081 0.734397 0.733763 0.733173 0.732614 0.732071 0.731537 0.731007 0.730484 0.729970 0.729467 0.728977 0.728500 0.728035 0.727582 0.727141 0.726711 0.726291 0.725882 0.725484 0.725097 0.724721 0.724357 0.724003 0.723660 0.723329 0.723008 0.722698 0.722400 0.722112 0.721835 0.721569 0.721314 0.721070 0.720837 0.720615 0.720403 0.720203 0.720013 0.719834 0.719665 0.719507 0.719360 0.719224 0.719098 0.718983 0.718878 0.718784 0.718700 0.718627 0.718564 0.718512 0.718470 0.718439 0.718418 0.718408 0.718408 0.718418 0.718439 0.718470 0.718512 0.718564 0.718627 0.718700 0.718784 0.718878 0.718983 0.719098 0.719224 0.719360 0.719507 0.719665 0.719834 0.720013 0.720203 0.720404 0.720615 0.720837 0.721071 0.721315 0.721570 0.721835 0.722112 0.722400 0.722699 0.723008 0.723329 0.723661 0.724003 0.724357 0.724722 0.725097 0.725484 0.725882 0.726291 0.726711 0.727141 0.727583 0.728035 0.728500 0.728977 0.729467 0.729970 0.730485 0.731008 0.731537 0.732071 0.732614 0.733173 0.733763 0.734397 0.735081 0.735807 0.736540 0.737228 0.737815 0.738273 0.738641 0.739053 0.739729 0.740912 0.742751 0.745150 0.747650 0.749404 0.749297 0.746245 0.739715 0.730421 0.720892 0.715239 0.717545 0.729596 0.749925 0.775096 0.801478 0.824891 0.836434 0.812679 0.700963 0.440504 0.125430 0.001549 0.005472 0.050075 0.171879 0.432834 0.684296 0.822218 0.872304 0.885355 0.887430 0.876539 0.817255 0.628125 0.280008 0.000000
0.000000 0.232298 0.613958 0.802289 0.866886 0.881820 0.880838 0.861893 0.786421 0.578772 0.233020 0.014542 -0.000006 -0.000006 -0.000006 0.160724 0.475397 0.712878 0.812792 0.832536 0.819680 0.796124 0.770749 0.747998 0.731271 0.722979 0.723268 0.729636 0.738246 0.745787 0.750489 0.752091 0.751276 0.749088 0.746512 0.744243 0.742605 0.741609 0.741068 0.740737 0.740417 0.739997 0.739453 0.738819 0.738149 0.737490 0.736869 0.736294 0.735755 0.735241 0.734738 0.734240 0.733745 0.733255 0.732771 0.732297 0.731834 0.731382 0.730941 0.730510 0.730088 0.729677 0.729275 0.728883 0.728501 0.728129 0.727767 0.727416 0.727075 0.726744 0.726424 0.726114 0.725815 0.725526 0.725247 0.724979 0.724721 0.724474 0.724237 0.724011 0.723795 0.723590 0.723395 0.723210 0.723036 0.722872 0.722719 0.722576 0.722443 0.722321 0.722209 0.722107 0.722015 0.721933 0.721862 0.721801 0.721750 0.721710 0.721679 0.721659 0.721649 0.721649 0.721659 0.721679 0.721710 0.721750 0.721801 0.721862 0.721934 0.722015 0.722107 0.722209 0.722321 0.722443 0.722576 0.722719 0.722873 0.723036 0.723210 0.723395 0.723590 0.723795 0.724011 0.724237 0.724474 0.724721 0.724979 0.725247 0.725526 0.725815 0.726114 0.726424 0.726745 0.727075 0.727416 0.727768 0.728129 0.728501 0.728883 0.729275 0.729677 0.730089 0.730510 0.730941 0.731382 0.731834 0.732298 0.732772 0.733255 0.733746 0.734240 0.734738 0.735241 0.735755 0.736294 0.736869 0.737490 0.738149 0.738819 0.739454 0.739997 0.740418 0.740737 0.741068 0.741609 0.742605 0.744243 0.746513 0.749088 0.751276 0.752091 0.750489 0.745787 0.738246 0.729636 0.723268 0.722979 0.731271 0.747998 0.770749 0.796124 0.819680 0.832536 0.812793 0.712879 0.475398 0.160726 -0.000006 -0.000006 -0.000006 0.014541 0.233018 0.578771 0.786420 0.861893 0.880838 0.881820 0.866886 0.802289 0.613959 0.232299 0.000000
0.000000 0.474447 0.677803 0.809798 0.862257 0.878016 0.878386 0.857791 0.775640 0.555843 0.204681 -0.000006 -0.000006 -0.000006 0.053572 0.290375 0.568492 0.746607 0.816841 0.826926 0.812065 0.789340 0.766402 0.747316 0.734759 0.729932 0.731939 0.738073 0.745117 0.750644 0.753563 0.753935 0.752487 0.750150 0.747734 0.745762 0.744427 0.743664 0.743269 0.743014 0.742730 0.742335 0.741823 0.741231 0.740612 0.740006 0.739435 0.738901 0.738398 0.737912 0.737434 0.736959 0.736485 0.736014 0.735549 0.735093 0.734646 0.734209 0.733781 0.733363 0.732954 0.732554 0.732164 0.731782 0.731410 0.731048 0.730695 0.730352 0.730020 0.729697 0.729384 0.729082 0.728789 0.728507 0.728235 0.727973 0.727721 0.727480 0.727249 0.727027 0.726817 0.726616 0.726425 0.726245 0.726075 0.725915 0.725765 0.725625 0.725495 0.725376 0.725266 0.725166 0.725077 0.724997 0.724928 0.724868 0.724818 0.724779 0.724749 0.724729 0.724719 0.724719 0.724729 0.724749 0.724779 0.724818 0.724868 0.724928 0.724997 0.725077 0.725167 0.725266 0.725376 0.725495 0.725625 0.725765 0.725915 0.726075 0.726245 0.726425 0.726616 0.726817 0.727028 0.727249 0.727480 0.727721 0.727973 0.728235 0.728507 0.728790 0.729082 0.729385 0.729697 0.730020 0.730353 0.730695 0.731048 0.731410 0.731782 0.732164 0.732555 0.732955 0.733363 0.733781 0.734209 0.734646 0.735093 0.735549 0.736014 0.736485 0.736959 0.737435 0.737913 0.738398 0.738902 0.739435 0.740006 0.740612 0.741232 0.741823 0.742336 0.742730 0.743014 0.743269 0.743664 0.744427 0.745762 0.747735 0.750150 0.752487 0.753935 0.753563 0.750644 0.745117 0.738074 0.731939 0.729932 0.734759 0.747316 0.766402 0.789339 0.812065 0.826926 0.816841 0.746608 0.568493 0.290377 0.053573 -0.000006 -0.000006 -0.000006 0.204680 0.555842 0.775640 0.857791 0.878386 0.878016 0.862257 0.809798 0.677803 0.474447 0.000000
1.000000 0.724548 0.774312 0.824149 0.857320 0.873719 0.877802 0.862066 0.796583 0.629842 0.357577 0.117521 0.039560 0.091641 0.249268 0.476255 0.672015 0.781202 0.819371 0.818923 0.802365 0.781465 0.762060 0.747330 0.738938 0.736978 0.739933 0.745295 0.750606 0.754255 0.755685 0.755164 0.753390 0.751143 0.749045 0.747450 0.746436 0.745891 0.745608 0.745394 0.745116 0.744722 0.744220 0.743653 0.743067 0.742496 0.741957 0.741449 0.740965 0.740493 0.740027 0.739561 0.739097 0.738636 0.738181 0.737734 0.737295 0.736866 0.736447 0.736036 0.735634 0.735241 0.734856 0.734481 0.734115 0.733759 0.733412 0.733075 0.732748 0.732431 0.732124 0.731827 0.731539 0.731262 0.730995 0.730737 0.730490 0.730253 0.730026 0.729809 0.729602 0.729405 0.729218 0.729041 0.728874 0.728717 0.728570 0.728433 0.728305 0.728188 0.728081 0.727983 0.727895 0.727817 0.727749 0.727690 0.727642 0.727603 0.727573 0.727554 0.727544 0.727544 0.727554 0.727573 0.727603 0.727642 0.727690 0.727749 0.727817 0.727895 0.727983 0.728081 0.728188 0.728306 0.728433 0.728570 0.728717 0.728874 0.729041 0.729218 0.729405 0.729602 0.729809 0.730026 0.730253 0.730490 0.730737 0.730995 0.731262 0.731539 0.731827 0.732124 0.732431 0.732749 0.733076 0.733413 0.733759 0.734115 0.734481 0.734857 0.735241 0.735634 0.736036 0.736447 0.736867 0.737296 0.737734 0.738181 0.738636 0.739097 0.739562 0.740027 0.740494 0.740965 0.741450 0.741957 0.742496 0.743067 0.743653 0.744220 0.744722 0.745116 0.745394 0.745609 0.745891 0.746437 0.747450 0.749046 0.751143 0.753390 0.755164 0.755685 0.754255 0.750606 0.745295 0.739933 0.736978 0.738938 0.747330 0.762059 0.781465 0.802365 0.818923 0.819371 0.781203 0.672016 0.476256 0.249270 0.091643 0.039561 0.117522 0.357577 0.629842 0.796583 0.862066 0.877802 0.873719 0.857320 0.824149 0.774312 0.724549 1.000000
0.995477 0.879068 0.807217 0.803127 0.826924 0.855006 0.872570 0.869668 0.831886 0.736502 0.578000 0.413719 0.337154 0.378956 0.504501 0.646818 0.751272 0.803699 0.816878 0.808528 0.791547 0.773430 0.758217 0.747956 0.743259 0.743412 0.746696 0.751041 0.754737 0.756832 0.757156 0.756086 0.754246 0.752249 0.750538 0.749319 0.748588 0.748203 0.747980 0.747762 0.747458 0.747041 0.746533 0.745975 0.745408 0.744858 0.744337 0.743842 0.743366 0.742898 0.742435 0.741972 0.741511 0.741055 0.740604 0.740162 0.739728 0.739304 0.738889 0.738482 0.738085 0.737696 0.737316 0.736946 0.736585 0.736233 0.735891 0.735559 0.735236 0.734923 0.734620 0.734327 0.734044 0.733771 0.733508 0.733255 0.733011 0.732778 0.732554 0.732341 0.732137 0.731944 0.731760 0.731586 0.731422 0.731267 0.731123 0.730988 0.730863 0.730747 0.730642 0.730546 0.730460 0.730383 0.730316 0.730258 0.730210 0.730172 0.730144 0.730124 0.730115 0.730115 0.730124 0.730144 0.730172 0.730211 0.730258 0.730316 0.730383 0.730460 0.730546 0.730642 0.730748 0.730863 0.730988 0.731123 0.731267 0.731422 0.731586 0.731760 0.731944 0.732137 0.732341 0.732555 0.732778 0.733011 0.733255 0.733508 0.733771 0.734045 0.734328 0.734621 0.734924 0.735236 0.735559 0.735891 0.736233 0.736585 0.736946 0.737317 0.737696 0.738085 0.738483 0.738889 0.739304 0.739728 0.740162 0.740604 0.741055 0.741512 0.741972 0.742435 0.742899 0.743366 0.743842 0.744337 0.744858 0.745408 0.745975 0.746533 0.747041 0.747458 0.747762 0.747980 0.748203 0.748588 0.749320 0.750538 0.752250 0.754246 0.756086 0.757156 0.756832 0.754737 0.751042 0.746696 0.743412 0.743259 0.747956 0.758217 0.773430 0.791547 0.808528 0.816878 0.803699 0.751273 0.646819 0.504503 0.378958 0.337156 0.413720 0.578000 0.736502 0.831886 0.869668 0.872570 0.855006 0.826924 0.803127 0.807217 0.879068 0.995477
0.999979 0.849567 0.723191 0.680622 0.716158 0.788732 0.845721 0.868932 0.859260 0.816905 0.745774 0.670393 0.629681 0.643332 0.696023 0.754853 0.795228 0.811474 0.809177 0.796695 0.780922 0.766371 0.755522 0.749332 0.747551 0.749032 0.752175 0.755443 0.757761 0.758674 0.758260 0.756930 0.755203 0.753532 0.752201 0.751304 0.750780 0.750486 0.750268 0.750011 0.749659 0.749207 0.748682 0.748125 0.747568 0.747030 0.746519 0.746030 0.745555 0.745088 0.744624 0.744161 0.743702 0.743248 0.742800 0.742361 0.741932 0.741511 0.741100 0.740698 0.740304 0.739920 0.739544 0.739178 0.738821 0.738474 0.738137 0.737809 0.737491 0.737182 0.736884 0.736595 0.736316 0.736047 0.735788 0.735539 0.735299 0.735070 0.734850 0.734640 0.734439 0.734249 0.734068 0.733897 0.733735 0.733583 0.733441 0.733309 0.733186 0.733072 0.732968 0.732874 0.732789 0.732714 0.732648 0.732591 0.732544 0.732507 0.732479 0.732460 0.732450 0.732450 0.732460 0.732479 0.732507 0.732544 0.732592 0.732648 0.732714 0.732789 0.732874 0.732969 0.733072 0.733186 0.733309 0.733441 0.733584 0.733735 0.733897 0.734068 0.734249 0.734439 0.734640 0.734850 0.735070 0.735299 0.735539 0.735788 0.736048 0.736317 0.736595 0.736884 0.737183 0.737491 0.737809 0.738137 0.738474 0.738821 0.739178 0.739544 0.739920 0.740304 0.740698 0.741100 0.741512 0.741932 0.742362 0.742801 0.743248 0.743702 0.744162 0.744624 0.745088 0.745556 0.746030 0.746519 0.747031 0.747568 0.748125 0.748682 0.749207 0.749659 0.750012 0.750269 0.750487 0.750781 0.751305 0.752201 0.753532 0.755203 0.756930 0.758260 0.758674 0.757761 0.755443 0.752175 0.749032 0.747551 0.749332 0.755522 0.766371 0.780922 0.796694 0.809177 0.811474 0.795228 0.754853 0.696024 0.643332 0.629682 0.670393 0.745774 0.816905 0.859260 0.868932 0.845721 0.788732 0.716158 0.680622 0.723191 0.849567 0.999979
1.000000 0.645320 0.522339 0.404903 0.465691 0.630534 0.769500 0.843238 0.865957 0.857193 0.830921 0.801163 0.781886 0.779593 0.790261 0.803477 0.810374 0.808016 0.798304 0.785036 0.771843 0.761240 0.754453 0.751557 0.751775 0.753867 0.756540 0.758772 0.759986 0.760060 0.759210 0.757824 0.756307 0.754967 0.753962 0.753304 0.752907 0.752640 0.752385 0.752068 0.751658 0.751167 0.750626 0.750067 0.749517 0.748988 0.748483 0.747997 0.747522 0.747054 0.746589 0.746127 0.745669 0.745217 0.744774 0.744339 0.743913 0.743497 0.743090 0.742692 0.742304 0.741924 0.741553 0.741192 0.740840 0.740498 0.740166 0.739843 0.739529 0.739226 0.738932 0.738648 0.738374 0.738109 0.737854 0.737609 0.737373 0.737147 0.736931 0.736725 0.736528 0.736340 0.736162 0.735994 0.735836 0.735686 0.735547 0.735416 0.735296 0.735184 0.735082 0.734989 0.734906 0.734832 0.734767 0.734712 0.734665 0.734628 0.734601 0.734582 0.734573 0.734573 0.734582 0.734601 0.734628 0.734665 0.734712 0.734767 0.734832 0.734906 0.734989 0.735082 0.735184 0.735296 0.735416 0.735547 0.735687 0.735836 0.735994 0.736163 0.736340 0.736528 0.736725 0.736931 0.737147 0.737373 0.737609 0.737854 0.738109 0.738374 0.738648 0.738932 0.739226 0.739530 0.739843 0.740166 0.740498 0.740840 0.741192 0.741553 0.741924 0.742304 0.742693 0.743091 0.743497 0.743914 0.744339 0.744774 0.745218 0.745669 0.746127 0.746589 0.747054 0.747522 0.747997 0.748483 0.748988 0.749517 0.750067 0.750626 0.751167 0.751658 0.752068 0.752386 0.752640 0.752907 0.753304 0.753962 0.754967 0.756307 0.757824 0.759210 0.760060 0.759986 0.758772 0.756540 0.753867 0.751775 0.751557 0.754453 0.761240 0.771843 0.785036 0.798304 0.808016 0.810374 0.803477 0.790261 0.779594 0.781886 0.801163 0.830921 0.857193 0.865957 0.843238 0.769500 0.630534 0.465692 0.404903 0.522339 0.645320 1.000000
0.000000 0.562865 0.325706 0.121636 0.154962 0.374150 0.612732 0.768969 0.842889 0.864897 0.860858 0.847686 0.834962 0.826107 0.820501 0.815497 0.808522 0.798720 0.786993 0.775246 0.765367 0.758561 0.755119 0.754545 0.755866 0.757991 0.759999 0.761301 0.761673 0.761193 0.760129 0.758813 0.757535 0.756484 0.755725 0.755220 0.754878 0.754591 0.754277 0.753891 0.753427 0.752904 0.752350 0.751792 0.751249 0.750728 0.750228 0.749744 0.749270 0.748801 0.748337 0.747876 0.747421 0.746974 0.746535 0.746105 0.745684 0.745273 0.744872 0.744479 0.744095 0.743721 0.743356 0.743000 0.742654 0.742317 0.741990 0.741672 0.741364 0.741066 0.740777 0.740498 0.740228 0.739968 0.739718 0.739477 0.739245 0.739023 0.738811 0.738608 0.738415 0.738231 0.738056 0.737891 0.737735 0.737589 0.737451 0.737323 0.737205 0.737095 0.736995 0.736904 0.736822 0.736749 0.736686 0.736631 0.736586 0.736549 0.736522 0.736504 0.736495 0.736495 0.736504 0.736522 0.736549 0.736586 0.736631 0.736686 0.736749 0.736822 0.736904 0.736995 0.737095 0.737205 0.737323 0.737451 0.737589 0.737735 0.737891 0.738056 0.738231 0.738415 0.738608 0.738811 0.739024 0.739245 0.739477 0.739718 0.739968 0.740228 0.740498 0.740777 0.741066 0.741365 0.741673 0.741990 0.742317 0.742654 0.743000 0.743356 0.743721 0.744096 0.744479 0.744872 0.745274 0.745685 0.746105 0.746535 0.746974 0.747422 0.747876 0.748337 0.748801 0.749270 0.749744 0.750228 0.750728 0.751250 0.751793 0.752350 0.752904 0.753428 0.753891 0.754277 0.754591 0.754878 0.755221 0.755725 0.756485 0.757536 0.758813 0.760129 0.761193 0.761673 0.761301 0.759999 0.757991 0.755866 0.754545 0.755119 0.758561 0.765367 0.775246 0.786993 0.798719 0.808522 0.815497 0.820501 0.826107 0.834962 0.847686 0.860858 0.864897 0.842889 0.768970 0.612732 0.374151 0.154962 0.121636 0.325706 0.562865 0.000000
1.000000 0.578757 0.306230 0.035768 0.005724 0.122143 0.369734 0.622200 0.780352 0.848241 0.863805 0.857853 0.846044 0.833895 0.822456 0.811314 0.799971 0.788517 0.777694 0.768555 0.761985 0.758317 0.757249 0.758017 0.759694 0.761454 0.762726 0.763245 0.763007 0.762193 0.761064 0.759878 0.758825 0.757998 0.757401 0.756976 0.756635 0.756300 0.755919 0.755471 0.754963 0.754417 0.753857 0.753304 0.752770 0.752256 0.751761 0.751279 0.750806 0.750339 0.749876 0.749419 0.748968 0.748526 0.748092 0.747668 0.747253 0.746848 0.746452 0.746065 0.745687 0.745318 0.744959 0.744609 0.744268 0.743937 0.743616 0.743303 0.743001 0.742708 0.742424 0.742149 0.741885 0.741629 0.741383 0.741147 0.740919 0.740702 0.740493 0.740294 0.740104 0.739923 0.739752 0.739590 0.739437 0.739293 0.739158 0.739033 0.738916 0.738809 0.738710 0.738621 0.738541 0.738469 0.738407 0.738353 0.738309 0.738273 0.738246 0.738229 0.738220 0.738220 0.738229 0.738246 0.738273 0.738309 0.738353 0.738407 0.738469 0.738541 0.738621 0.738710 0.738809 0.738916 0.739033 0.739158 0.739293 0.739437 0.739590 0.739752 0.739924 0.740104 0.740294 0.740493 0.740702 0.740920 0.741147 0.741383 0.741629 0.741885 0.742150 0.742424 0.742708 0.743001 0.743304 0.743616 0.743938 0.744269 0.744609 0.744959 0.745319 0.745687 0.746065 0.746452 0.746848 0.747253 0.747668 0.748092 0.748526 0.748969 0.749419 0.749877 0.750339 0.750807 0.751280 0.751761 0.752256 0.752770 0.753305 0.753858 0.754417 0.754964 0.755472 0.755919 0.756301 0.756635 0.756976 0.757402 0.757998 0.758825 0.759878 0.761064 0.762193 0.763007 0.763245 0.762726 0.761454 0.759694 0.758017 0.757249 0.758317 0.761985 0.768555 0.777694 0.788517 0.799970 0.811314 0.822456 0.833895 0.846044 0.857852 0.863805 0.848241 0.780353 0.622200 0.369734 0.122143 0.005724 0.035767 0.306230 0.578757 1.000000
1.000000 0.755041 0.404451 0.093922 -0.000006 0.000539 0.124840 0.418388 0.684391 0.816276 0.855548 0.855843 0.844022 0.829864 0.816093 0.803194 0.791263 0.780619 0.771803 0.765347 0.761486 0.760009 0.760308 0.761588 0.763096 0.764280 0.764848 0.764749 0.764102 0.763114 0.762010 0.760969 0.760099 0.759428 0.758923 0.758521 0.758150 0.757756 0.757312 0.756814 0.756275 0.755716 0.755158 0.754612 0.754087 0.753581 0.753091 0.752612 0.752141 0.751676 0.751216 0.750763 0.750317 0.749880 0.749452 0.749033 0.748624 0.748225 0.747835 0.747454 0.747081 0.746719 0.746365 0.746021 0.745686 0.745360 0.745044 0.744737 0.744440 0.744152 0.743873 0.743603 0.743343 0.743092 0.742851 0.742619 0.742395 0.742182 0.741977 0.741781 0.741595 0.741418 0.741249 0.741090 0.740940 0.740799 0.740667 0.740543 0.740429 0.740324 0.740227 0.740139 0.740060 0.739990 0.739929 0.739876 0.739833 0.739798 0.739771 0.739754 0.739745 0.739745 0.739754 0.739771 0.739798 0.739833 0.739876 0.739929 0.739990 0.740060 0.740139 0.740227 0.740324 0.740429 0.740543 0.740667 0.740799 0.740940 0.741090 0.741250 0.741418 0.741595 0.741781 0.741977 0.742182 0.742396 0.742619 0.742851 0.743093 0.743343 0.743604 0.743873 0.744152 0.744440 0.744737 0.745044 0.745360 0.745686 0.746021 0.746365 0.746719 0.747082 0.747454 0.747835 0.748225 0.748625 0.749034 0.749452 0.749880 0.750317 0.750763 0.751216 0.751676 0.752141 0.752612 0.753091 0.753581 0.754087 0.754613 0.755158 0.755717 0.756275 0.756814 0.757312 0.757756 0.758150 0.758521 0.758924 0.759428 0.760099 0.760969 0.762010 0.763114 0.764102 0.764749 0.764848 0.764280 0.763096 0.761588 0.760308 0.760009 0.761486 0.765347 0.771803 0.780619 0.791263 0.803193 0.816093 0.829864 0.844022 0.855842 0.855548 0.816276 0.684391 0.418388 0.124840 0.000539 -0.000006 0.093922 0.404450 0.755041 1.000000
1.000000 0.698357 0.543584 0.244097 0.014794 -0.000006 0.001197 0.265348 0.603726 0.786089 0.844895 0.850690 0.839337 0.824239 0.809602 0.796520 0.785296 0.776175 0.769411 0.765113 0.763093 0.762846 0.763678 0.764889 0.765935 0.766491 0.766461 0.765914 0.765019 0.763969 0.762934 0.762027 0.761291 0.760714 0.760247 0.759832 0.759415 0.758964 0.758469 0.757934 0.757377 0.756815 0.756262 0.755726 0.755210 0.754710 0.754225 0.753749 0.753280 0.752818 0.752362 0.751913 0.751472 0.751041 0.750619 0.750206 0.749803 0.749409 0.749024 0.748648 0.748282 0.747925 0.747577 0.747238 0.746908 0.746588 0.746277 0.745975 0.745683 0.745400 0.745126 0.744861 0.744605 0.744359 0.744121 0.743893 0.743674 0.743464 0.743263 0.743071 0.742888 0.742713 0.742548 0.742392 0.742244 0.742106 0.741976 0.741855 0.741743 0.741639 0.741544 0.741458 0.741381 0.741312 0.741252 0.741200 0.741157 0.741123 0.741097 0.741080 0.741071 0.741071 0.741080 0.741097 0.741123 0.741157 0.741200 0.741252 0.741312 0.741381 0.741458 0.741544 0.741639 0.741743 0.741855 0.741976 0.742106 0.742245 0.742392 0.742548 0.742714 0.742888 0.743071 0.743263 0.743464 0.743674 0.743893 0.744121 0.744359 0.744605 0.744861 0.745126 0.745400 0.745683 0.745976 0.746277 0.746588 0.746908 0.747238 0.747577 0.747925 0.748282 0.748649 0.749024 0.749409 0.749803 0.750206 0.750619 0.751041 0.751473 0.751913 0.752362 0.752818 0.753281 0.753749 0.754225 0.754711 0.755210 0.755726 0.756262 0.756815 0.757377 0.757935 0.758469 0.758964 0.759415 0.759832 0.760248 0.760714 0.761291 0.762027 0.762934 0.763969 0.765019 0.765915 0.766461 0.766491 0.765935 0.764890 0.763678 0.762846 0.763093 0.765113 0.769411 0.776175 0.785296 0.796520 0.809601 0.824239 0.839337 0.850690 0.844895 0.786090 0.603727 0.265349 0.001197 -0.000006 0.014794 0.244097 0.543584 0.698357 1.000000
0.000000 0.736089 0.660968 0.453617 0.198284 0.035379 0.053132 0.298784 0.601437 0.776700 0.837349 0.845039 0.834411 0.819434 0.804962 0.792468 0.782358 0.774752 0.769632 0.766791 0.765792 0.766022 0.766827 0.767655 0.768143 0.768134 0.767647 0.766809 0.765788 0.764746 0.763796 0.762996 0.762348 0.761818 0.761353 0.760906 0.760441 0.759941 0.759407 0.758851 0.758286 0.757726 0.757182 0.756655 0.756147 0.755654 0.755172 0.754699 0.754233 0.753774 0.753321 0.752877 0.752442 0.752015 0.751599 0.751191 0.750794 0.750405 0.750026 0.749655 0.749294 0.748942 0.748599 0.748266 0.747941 0.747626 0.747320 0.747023 0.746735 0.746456 0.746187 0.745926 0.745675 0.745433 0.745199 0.744975 0.744760 0.744553 0.744356 0.744167 0.743987 0.743816 0.743653 0.743500 0.743355 0.743219 0.743091 0.742972 0.742862 0.742760 0.742667 0.742582 0.742506 0.742439 0.742380 0.742329 0.742287 0.742253 0.742228 0.742211 0.742202 0.742202 0.742211 0.742228 0.742253 0.742287 0.742329 0.742380 0.742439 0.742506 0.742583 0.742667 0.742760 0.742862 0.742972 0.743091 0.743219 0.743355 0.743500 0.743654 0.743816 0.743987 0.744167 0.744356 0.744553 0.744760 0.744975 0.745200 0.745433 0.745675 0.745927 0.746187 0.746457 0.746735 0.747023 0.747320 0.747626 0.747941 0.748266 0.748599 0.748942 0.749294 0.749656 0.750026 0.750405 0.750794 0.751192 0.751599 0.752016 0.752442 0.752877 0.753322 0.753774 0.754233 0.754699 0.755172 0.755654 0.756147 0.756656 0.757182 0.757727 0.758286 0.758851 0.759408 0.759941 0.760441 0.760906 0.761353 0.761818 0.762348 0.762996 0.763796 0.764746 0.765788 0.766809 0.767648 0.768134 0.768143 0.767655 0.766827 0.766022 0.765792 0.766791 0.769632 0.774752 0.782358 0.792468 0.804962 0.819434 0.834411 0.845039 0.837349 0.776700 0.601438 0.298784 0.053132 0.035378 0.198283 0.453617 0.660968 0.736089 0.000000
1.000000 0.772711 0.765526 0.648043 0.476691 0.335733 0.333706 0.488681 0.675290 0.791198 0.834704 0.839455 0.829237 0.815184 0.801703 0.790322 0.781474 0.775180 0.771236 0.769251 0.768681 0.768921 0.769416 0.769760 0.769730 0.769279 0.768484 0.767483 0.766425 0.765428 0.764560 0.763838 0.763239 0.762722 0.762239 0.761753 0.761245 0.760708 0.760150 0.759582 0.759017 0.758464 0.757928 0.757410 0.756909 0.756420 0.755942 0.755472 0.755008 0.754553 0.754104 0.753665 0.753234 0.752813 0.752402 0.752000 0.751607 0.751224 0.750849 0.750484 0.750128 0.749781 0.749443 0.749114 0.748794 0.748484 0.748182 0.747890 0.747607 0.747332 0.747067 0.746811 0.746563 0.746325 0.746095 0.745875 0.745663 0.745460 0.745265 0.745080 0.744903 0.744735 0.744575 0.744424 0.744282 0.744148 0.744022 0.743905 0.743797 0.743697 0.743605 0.743522 0.743447 0.743381 0.743323 0.743273 0.743232 0.743199 0.743174 0.743157 0.743149 0.743149 0.743157 0.743174 0.743199 0.743232 0.743273 0.743323 0.743381 0.743448 0.743522 0.743606 0.743697 0.743797 0.743906 0.744022 0.744148 0.744282 0.744424 0.744575 0.744735 0.744903 0.745080 0.745266 0.745460 0.745663 0.745875 0.746096 0.746325 0.746564 0.746811 0.747067 0.747333 0.747607 0.747890 0.748183 0.748484 0.748794 0.749114 0.749443 0.749781 0.750128 0.750484 0.750849 0.751224 0.751607 0.752000 0.752402 0.752814 0.753235 0.753665 0.754105 0.754553 0.755009 0.755472 0.755942 0.756421 0.756909 0.757411 0.757928 0.758464 0.759017 0.759582 0.760150 0.760708 0.761245 0.761753 0.762239 0.762722 0.763240 0.763838 0.764560 0.765428 0.766425 0.767483 0.768484 0.769279 0.769730 0.769760 0.769416 0.768921 0.768681 0.769251 0.771236 0.775180 0.781474 0.790322 0.801703 0.815184 0.829236 0.839455 0.834704 0.791198 0.675290 0.488681 0.333705 0.335732 0.476691 0.648042 0.765526 0.772711 1.000000
0.994005 0.887849 0.815560 0.771082 0.697299 0.631777 0.623025 0.681223 0.760005 0.813749 0.834374 0.833660 0.823508 0.810850 0.798918 0.788998 0.781473 0.776296 0.773174 0.771647 0.771168 0.771202 0.771309 0.771205 0.770769 0.770015 0.769041 0.767975 0.766934 0.765998 0.765198 0.764527 0.763950 0.763425 0.762914 0.762393 0.761850 0.761288 0.760716 0.760146 0.759585 0.759040 0.758513 0.758003 0.757507 0.757023 0.756547 0.756080 0.755620 0.755168 0.754724 0.754289 0.753864 0.753448 0.753041 0.752644 0.752256 0.751878 0.751508 0.751148 0.750796 0.750454 0.750121 0.749797 0.749482 0.749176 0.748879 0.748591 0.748312 0.748042 0.747781 0.747528 0.747285 0.747050 0.746824 0.746607 0.746398 0.746199 0.746007 0.745825 0.745651 0.745485 0.745328 0.745180 0.745040 0.744908 0.744785 0.744670 0.744563 0.744465 0.744375 0.744293 0.744219 0.744154 0.744097 0.744048 0.744007 0.743974 0.743950 0.743934 0.743926 0.743926 0.743934 0.743950 0.743974 0.744007 0.744048 0.744097 0.744154 0.744219 0.744293 0.744375 0.744465 0.744563 0.744670 0.744785 0.744908 0.745040 0.745180 0.745328 0.745485 0.745651 0.745825 0.746008 0.746199 0.746399 0.746607 0.746824 0.747050 0.747285 0.747529 0.747781 0.748042 0.748312 0.748591 0.748879 0.749176 0.749482 0.749797 0.750121 0.750454 0.750797 0.751148 0.751508 0.751878 0.752257 0.752644 0.753041 0.753448 0.753864 0.754289 0.754724 0.755168 0.755620 0.756080 0.756548 0.757023 0.757508 0.758004 0.758514 0.759040 0.759585 0.760146 0.760717 0.761289 0.761850 0.762393 0.762915 0.763425 0.763950 0.764527 0.765198 0.765998 0.766934 0.767975 0.769041 0.770015 0.770769 0.771205 0.771309 0.771202 0.771168 0.771646 0.773174 0.776296 0.781473 0.788997 0.798918 0.810850 0.823508 0.833660 0.834374 0.813749 0.760005 0.681223 0.623024 0.631777 0.697298 0.771082 0.815560 0.887849 0.994005
1.000000 0.776560 0.826797 0.820972 0.801960 0.781473 0.775556 0.789518 0.812055 0.828268 0.832352 0.827043 0.817113 0.806113 0.796018 0.787732 0.781531 0.777327 0.774806 0.773523 0.772991 0.772769 0.772527 0.772078 0.771365 0.770433 0.769380 0.768313 0.767319 0.766444 0.765696 0.765054 0.764480 0.763938 0.763398 0.762847 0.762281 0.761704 0.761128 0.760560 0.760006 0.759470 0.758951 0.758448 0.757956 0.757475 0.757003 0.756539 0.756082 0.755634 0.755195 0.754765 0.754345 0.753934 0.753532 0.753140 0.752757 0.752384 0.752019 0.751663 0.751317 0.750979 0.750651 0.750331 0.750021 0.749719 0.749427 0.749143 0.748868 0.748602 0.748345 0.748097 0.747857 0.747626 0.747404 0.747190 0.746985 0.746788 0.746600 0.746420 0.746249 0.746086 0.745931 0.745785 0.745647 0.745518 0.745397 0.745283 0.745178 0.745082 0.744993 0.744913 0.744840 0.744776 0.744720 0.744672 0.744631 0.744599 0.744575 0.744559 0.744551 0.744551 0.744559 0.744575 0.744599 0.744631 0.744672 0.744720 0.744776 0.744840 0.744913 0.744993 0.745082 0.745179 0.745284 0.745397 0.745518 0.745648 0.745785 0.745932 0.746086 0.746249 0.746420 0.746600 0.746788 0.746985 0.747190 0.747404 0.747626 0.747857 0.748097 0.748345 0.748603 0.748869 0.749143 0.749427 0.749720 0.750021 0.750332 0.750651 0.750980 0.751317 0.751664 0.752019 0.752384 0.752758 0.753141 0.753533 0.753934 0.754345 0.754765 0.755195 0.755634 0.756083 0.756539 0.757003 0.757476 0.757957 0.758448 0.758952 0.759470 0.760006 0.760560 0.761128 0.761705 0.762281 0.762847 0.763399 0.763938 0.764480 0.765054 0.765696 0.766444 0.767319 0.768313 0.769380 0.770433 0.771365 0.772078 0.772527 0.772769 0.772991 0.773523 0.774806 0.777327 0.781531 0.787732 0.796018 0.806113 0.817113 0.827043 0.832352 0.828268 0.812055 0.789518 0.775556 0.781472 0.801960 0.820972 0.826797 0.776559 1.000000
0.000000 0.753542 0.807770 0.828647 0.830356 0.827551 0.825450 0.826677 0.829481 0.830092 0.826460 0.819187 0.810138 0.800993 0.792835 0.786210 0.781279 0.777932 0.775883 0.774748 0.774129 0.773686 0.773182 0.772499 0.771623 0.770610 0.769547 0.768517 0.767580 0.766759 0.766048 0.765418 0.764838 0.764276 0.763712 0.763140 0.762559 0.761977 0.761402 0.760841 0.760296 0.759768 0.759257 0.758759 0.758272 0.757794 0.757325 0.756865 0.756413 0.755969 0.755535 0.755110 0.754695 0.754289 0.753893 0.753506 0.753128 0.752760 0.752400 0.752049 0.751708 0.751375 0.751051 0.750736 0.750431 0.750134 0.749845 0.749566 0.749295 0.749033 0.748780 0.748536 0.748300 0.748072 0.747853 0.747643 0.747441 0.747247 0.747062 0.746885 0.746717 0.746556 0.746404 0.746260 0.746125 0.745997 0.745878 0.745767 0.745663 0.745568 0.745481 0.745402 0.745330 0.745267 0.745212 0.745164 0.745125 0.745093 0.745070 0.745054 0.745046 0.745046 0.745054 0.745070 0.745093 0.745125 0.745165 0.745212 0.745267 0.745331 0.745402 0.745481 0.745568 0.745663 0.745767 0.745878 0.745997 0.746125 0.746261 0.746404 0.746556 0.746717 0.746885 0.747062 0.747247 0.747441 0.747643 0.747853 0.748072 0.748300 0.748536 0.748780 0.749034 0.749296 0.749566 0.749846 0.750134 0.750431 0.750737 0.751052 0.751375 0.751708 0.752050 0.752400 0.752760 0.753129 0.753507 0.753894 0.754290 0.754695 0.755111 0.755535 0.755969 0.756413 0.756865 0.757326 0.757795 0.758272 0.758759 0.759257 0.759768 0.760296 0.760841 0.761403 0.761978 0.762559 0.763140 0.763713 0.764276 0.764838 0.765419 0.766048 0.766759 0.767580 0.768517 0.769547 0.770610 0.771623 0.772499 0.773182 0.773686 0.774129 0.774748 0.775883 0.777932 0.781279 0.786210 0.792835 0.800993 0.810137 0.819187 0.826460 0.830092 0.829481 0.826676 0.825450 0.827551 0.830356 0.828647 0.807770 0.753542 0.000000
0.983901 0.746230 0.804322 0.817231 0.825377 0.828400 0.828825 0.827985 0.826104 0.822619 0.817210 0.810339 0.802896 0.795750 0.789496 0.784445 0.780672 0.778073 0.776411 0.775384 0.774692 0.774087 0.773408 0.772589 0.771637 0.770608 0.769575 0.768600 0.767719 0.766942 0.766255 0.765630 0.765039 0.764460 0.763879 0.763294 0.762708 0.762127 0.761558 0.761005 0.760469 0.759950 0.759445 0.758952 0.758470 0.757997 0.757532 0.757076 0.756629 0.756190 0.755762 0.755343 0.754933 0.754533 0.754142 0.753761 0.753388 0.753024 0.752670 0.752324 0.751988 0.751660 0.751341 0.751031 0.750730 0.750437 0.750154 0.749879 0.749612 0.749354 0.749105 0.748864 0.748632 0.748408 0.748193 0.747986 0.747787 0.747596 0.747414 0.747240 0.747074 0.746917 0.746767 0.746625 0.746492 0.746366 0.746249 0.746139 0.746038 0.745944 0.745858 0.745780 0.745710 0.745648 0.745594 0.745547 0.745508 0.745477 0.745454 0.745438 0.745430 0.745430 0.745438 0.745454 0.745477 0.745508 0.745547 0.745594 0.745648 0.745710 0.745780 0.745858 0.745944 0.746038 0.746140 0.746249 0.746367 0.746492 0.746626 0.746767 0.746917 0.747074 0.747240 0.747414 0.747597 0.747787 0.747986 0.748193 0.748408 0.748632 0.748865 0.749105 0.749355 0.749612 0.749879 0.750154 0.750438 0.750730 0.751031 0.751341 0.751660 0.751988 0.752325 0.752670 0.753025 0.753388 0.753761 0.754143 0.754533 0.754933 0.755343 0.755762 0.756191 0.756629 0.757076 0.757532 0.757997 0.758470 0.758952 0.759445 0.759950 0.760469 0.761005 0.761559 0.762128 0.762708 0.763294 0.763880 0.764460 0.765039 0.765630 0.766255 0.766942 0.767719 0.768600 0.769575 0.770608 0.771637 0.772589 0.773408 0.774087 0.774692 0.775384 0.776410 0.778073 0.780672 0.784445 0.789496 0.795749 0.802896 0.810339 0.817210 0.822619 0.826104 0.827985 0.828824 0.828400 0.825377 0.817230 0.804322 0.746230 0.983901
0.968951 0.850166 0.790606 0.802511 0.810243 0.814694 0.816244 0.815870 0.814027 0.810830 0.806439 0.801258 0.795848 0.790718 0.786236 0.782591 0.779825 0.777852 0.776504 0.775564 0.774822 0.774110 0.773327 0.772441 0.771471 0.770466 0.769484 0.768567 0.767738 0.766997 0.766326 0.765702 0.765103 0.764511 0.763921 0.763332 0.762747 0.762172 0.761612 0.761069 0.760542 0.760031 0.759532 0.759045 0.758568 0.758100 0.757640 0.757190 0.756748 0.756316 0.755893 0.755480 0.755077 0.754683 0.754297 0.753921 0.753555 0.753197 0.752847 0.752507 0.752176 0.751853 0.751539 0.751234 0.750938 0.750650 0.750371 0.750100 0.749838 0.749584 0.749339 0.749102 0.748874 0.748654 0.748442 0.748238 0.748042 0.747855 0.747676 0.747504 0.747341 0.747186 0.747039 0.746900 0.746768 0.746645 0.746529 0.746422 0.746322 0.746229 0.746145 0.746068 0.745999 0.745938 0.745884 0.745839 0.745800 0.745770 0.745747 0.745732 0.745724 0.745724 0.745732 0.745747 0.745770 0.745800 0.745839 0.745885 0.745938 0.745999 0.746068 0.746145 0.746229 0.746322 0.746422 0.746529 0.746645 0.746769 0.746900 0.747039 0.747186 0.747341 0.747505 0.747676 0.747855 0.748043 0.748238 0.748442 0.748654 0.748874 0.749103 0.749339 0.749585 0.749838 0.750100 0.750371 0.750650 0.750938 0.751234 0.751540 0.751853 0.752176 0.752507 0.752848 0.753197 0.753555 0.753922 0.754298 0.754683 0.755077 0.755481 0.755894 0.756316 0.756748 0.757190 0.757641 0.758100 0.758568 0.759046 0.759533 0.760031 0.760542 0.761069 0.761612 0.762173 0.762747 0.763332 0.763922 0.764512 0.765103 0.765702 0.766326 0.766997 0.767739 0.768567 0.769484 0.770466 0.771471 0.772441 0.773327 0.774110 0.774822 0.775564 0.776504 0.777852 0.779824 0.782591 0.786236 0.790718 0.795847 0.801258 0.806439 0.810830 0.814027 0.815870 0.816243 0.814694 0.810243 0.802510 0.790606 0.850166 0.968951
0.988748 0.727659 0.778057 0.788642 0.796590 0.800232 0.801607 0.801562 0.800512 0.798611 0.795966 0.792805 0.789439 0.786178 0.783253 0.780802 0.778863 0.777393 0.776289 0.775415 0.774641 0.773864 0.773028 0.772121 0.771168 0.770209 0.769286 0.768427 0.767644 0.766932 0.766274 0.765652 0.765048 0.764451 0.763859 0.763272 0.762694 0.762129 0.761580 0.761047 0.760529 0.760026 0.759535 0.759054 0.758583 0.758121 0.757667 0.757223 0.756788 0.756363 0.755947 0.755540 0.755143 0.754755 0.754376 0.754007 0.753646 0.753293 0.752950 0.752615 0.752289 0.751972 0.751664 0.751364 0.751072 0.750789 0.750515 0.750249 0.749991 0.749741 0.749500 0.749267 0.749043 0.748826 0.748618 0.748418 0.748225 0.748041 0.747865 0.747696 0.747536 0.747383 0.747239 0.747102 0.746973 0.746851 0.746737 0.746631 0.746533 0.746442 0.746359 0.746284 0.746216 0.746156 0.746103 0.746058 0.746020 0.745990 0.745968 0.745953 0.745945 0.745945 0.745953 0.745968 0.745990 0.746020 0.746058 0.746103 0.746156 0.746216 0.746284 0.746359 0.746442 0.746533 0.746631 0.746738 0.746851 0.746973 0.747102 0.747239 0.747384 0.747536 0.747697 0.747865 0.748041 0.748226 0.748418 0.748618 0.748827 0.749043 0.749268 0.749501 0.749742 0.749991 0.750249 0.750515 0.750789 0.751072 0.751364 0.751664 0.751972 0.752290 0.752616 0.752950 0.753294 0.753646 0.754007 0.754377 0.754756 0.755144 0.755541 0.755947 0.756363 0.756789 0.757223 0.757668 0.758121 0.758583 0.759055 0.759535 0.760027 0.760530 0.761047 0.761580 0.762129 0.762694 0.763272 0.763859 0.764452 0.765048 0.765652 0.766274 0.766932 0.767644 0.768427 0.769286 0.770209 0.771168 0.772121 0.773028 0.773864 0.774641 0.775415 0.776289 0.777393 0.778863 0.780802 0.783253 0.786178 0.789439 0.792804 0.795966 0.798610 0.800511 0.801561 0.801607 0.800231 0.796590 0.788641 0.778057 0.727659 0.988748
0.000000 0.717649 0.763247 0.784879 0.790327 0.791796 0.791514 0.790618 0.789567 0.788427 0.787131 0.785634 0.783983 0.782277 0.780635 0.779146 0.777859 0.776775 0.775853 0.775029 0.774236 0.773423 0.772567 0.771669 0.770754 0.769851 0.768989 0.768186 0.767445 0.766759 0.766115 0.765497 0.764894 0.764300 0.763712 0.763133 0.762566 0.762012 0.761475 0.760954 0.760446 0.759952 0.759469 0.758995 0.758531 0.758076 0.757630 0.757193 0.756765 0.756347 0.755939 0.755539 0.755149 0.754768 0.754396 0.754032 0.753677 0.753331 0.752994 0.752665 0.752345 0.752033 0.751730 0.751436 0.751149 0.750871 0.750602 0.750340 0.750087 0.749842 0.749605 0.749377 0.749156 0.748943 0.748738 0.748541 0.748353 0.748171 0.747998 0.747833 0.747675 0.747525 0.747383 0.747248 0.747121 0.747002 0.746890 0.746786 0.746689 0.746600 0.746518 0.746444 0.746377 0.746318 0.746266 0.746222 0.746185 0.746155 0.746133 0.746118 0.746111 0.746111 0.746118 0.746133 0.746155 0.746185 0.746222 0.746266 0.746318 0.746377 0.746444 0.746518 0.746600 0.746689 0.746786 0.746890 0.747002 0.747121 0.747248 0.747383 0.747525 0.747675 0.747833 0.747998 0.748172 0.748353 0.748542 0.748739 0.748943 0.749156 0.749377 0.749606 0.749842 0.750087 0.750341 0.750602 0.750872 0.751150 0.751436 0.751731 0.752034 0.752345 0.752666 0.752994 0.753332 0.753678 0.754032 0.754396 0.754768 0.755149 0.755539 0.755939 0.756347 0.756766 0.757193 0.757630 0.758076 0.758531 0.758995 0.759469 0.759952 0.760447 0.760954 0.761475 0.762013 0.762566 0.763133 0.763712 0.764300 0.764894 0.765497 0.766115 0.766759 0.767445 0.768186 0.768989 0.769851 0.770754 0.771669 0.772567 0.773423 0.774235 0.775028 0.775853 0.776775 0.777859 0.779145 0.780634 0.782277 0.783982 0.785634 0.787130 0.788427 0.789567 0.790617 0.791513 0.791795 0.790327 0.784878 0.763247 0.717648 0.000000
0.985863 0.735275 0.783452 0.789773 0.792597 0.791257 0.788371 0.785401 0.783070 0.781555 0.780664 0.780093 0.779593 0.779025 0.778354 0.777605 0.776817 0.776025 0.775240 0.774456 0.773657 0.772832 0.771980 0.771111 0.770245 0.769404 0.768604 0.767853 0.767152 0.766493 0.765864 0.765256 0.764660 0.764074 0.763496 0.762929 0.762376 0.761837 0.761313 0.760803 0.760307 0.759822 0.759347 0.758882 0.758426 0.757979 0.757541 0.757113 0.756694 0.756284 0.755883 0.755491 0.755108 0.754734 0.754369 0.754013 0.753665 0.753325 0.752994 0.752672 0.752358 0.752052 0.751754 0.751465 0.751184 0.750912 0.750647 0.750390 0.750142 0.749901 0.749669 0.749444 0.749228 0.749019 0.748818 0.748624 0.748439 0.748261 0.748091 0.747928 0.747773 0.747626 0.747486 0.747354 0.747229 0.747112 0.747002 0.746900 0.746805 0.746717 0.746637 0.746564 0.746498 0.746440 0.746389 0.746345 0.746309 0.746280 0.746258 0.746244 0.746236 0.746236 0.746244 0.746258 0.746280 0.746309 0.746345 0.746389 0.746440 0.746498 0.746564 0.746637 0.746717 0.746805 0.746900 0.747002 0.747112 0.747229 0.747354 0.747486 0.747626 0.747774 0.747929 0.748091 0.748261 0.748439 0.748625 0.748818 0.749019 0.749228 0.749445 0.749669 0.749902 0.750142 0.750391 0.750647 0.750912 0.751185 0.751466 0.751755 0.752052 0.752358 0.752672 0.752995 0.753326 0.753665 0.754013 0.754370 0.754735 0.755109 0.755491 0.755883 0.756284 0.756694 0.757113 0.757542 0.757980 0.758427 0.758883 0.759348 0.759822 0.760307 0.760803 0.761313 0.761837 0.762376 0.762930 0.763496 0.764074 0.764660 0.765256 0.765864 0.766493 0.767152 0.767853 0.768604 0.769404 0.770245 0.771111 0.771980 0.772832 0.773657 0.774456 0.775240 0.776025 0.776817 0.777604 0.778354 0.779025 0.779592 0.780093 0.780663 0.781554 0.783070 0.785400 0.788370 0.791256 0.792597 0.789774 0.783452 0.735275 0.985863
0.981333 0.857167 0.792145 0.797102 0.798461 0.796293 0.791412 0.785886 0.781282 0.778249 0.776710 0.776204 0.776208 0.776321 0.776315 0.776106 0.775700 0.775137 0.774466 0.773724 0.772936 0.772120 0.771291 0.770465 0.769657 0.768879 0.768140 0.767441 0.766780 0.766148 0.765539 0.764945 0.764362 0.763789 0.763227 0.762676 0.762138 0.761614 0.761105 0.760608 0.760123 0.759649 0.759184 0.758729 0.758282 0.757845 0.757416 0.756997 0.756587 0.756185 0.755793 0.755409 0.755035 0.754668 0.754311 0.753961 0.753621 0.753288 0.752964 0.752648 0.752340 0.752040 0.751749 0.751465 0.751190 0.750923 0.750663 0.750412 0.750168 0.749932 0.749704 0.749484 0.749271 0.749066 0.748869 0.748679 0.748497 0.748323 0.748156 0.747996 0.747844 0.747700 0.747562 0.747432 0.747310 0.747195 0.747087 0.746986 0.746893 0.746807 0.746728 0.746656 0.746592 0.746535 0.746484 0.746442 0.746406 0.746377 0.746356 0.746342 0.746334 0.746334 0.746342 0.746356 0.746377 0.746406 0.746442 0.746485 0.746535 0.746592 0.746656 0.746728 0.746807 0.746893 0.746986 0.747087 0.747195 0.747310 0.747433 0.747562 0.747700 0.747844 0.747996 0.748156 0.748323 0.748498 0.748680 0.748869 0.749067 0.749272 0.749484 0.749704 0.749932 0.750168 0.750412 0.750664 0.750923 0.751190 0.751466 0.751749 0.752041 0.752340 0.752648 0.752964 0.753288 0.753621 0.753962 0.754311 0.754669 0.755035 0.755410 0.755793 0.756186 0.756587 0.756997 0.757417 0.757845 0.758283 0.758729 0.759185 0.759649 0.760124 0.760608 0.761105 0.761615 0.762138 0.762676 0.763227 0.763789 0.764362 0.764945 0.765539 0.766148 0.766780 0.767441 0.768140 0.768879 0.769657 0.770465 0.771291 0.772119 0.772935 0.773724 0.774466 0.775137 0.775699 0.776106 0.776315 0.776321 0.776208 0.776204 0.776710 0.778249 0.781282 0.785886 0.791412 0.796294 0.798463 0.797104 0.792147 0.857168 0.981333
1.000000 0.734015 0.775450 0.787036 0.799124 0.801842 0.797676 0.790409 0.783259 0.777973 0.774940 0.773735 0.773643 0.774013 0.774399 0.774571 0.774462 0.774097 0.773539 0.772853 0.772096 0.771309 0.770521 0.769748 0.769003 0.768290 0.767612 0.766964 0.766343 0.765742 0.765156 0.764581 0.764016 0.763461 0.762916 0.762384 0.761864 0.761357 0.760863 0.760380 0.759908 0.759445 0.758992 0.758547 0.758111 0.757684 0.757265 0.756856 0.756455 0.756063 0.755680 0.755305 0.754939 0.754581 0.754231 0.753890 0.753556 0.753231 0.752914 0.752604 0.752303 0.752010 0.751725 0.751447 0.751177 0.750916 0.750662 0.750415 0.750176 0.749945 0.749722 0.749506 0.749298 0.749097 0.748903 0.748718 0.748539 0.748368 0.748204 0.748048 0.747898 0.747756 0.747622 0.747494 0.747374 0.747261 0.747155 0.747056 0.746965 0.746880 0.746803 0.746732 0.746669 0.746613 0.746564 0.746522 0.746487 0.746458 0.746437 0.746423 0.746416 0.746416 0.746423 0.746437 0.746458 0.746487 0.746522 0.746564 0.746613 0.746669 0.746732 0.746803 0.746880 0.746965 0.747056 0.747155 0.747261 0.747374 0.747494 0.747622 0.747757 0.747899 0.748048 0.748204 0.748368 0.748539 0.748718 0.748904 0.749097 0.749298 0.749506 0.749722 0.749946 0.750177 0.750415 0.750662 0.750916 0.751178 0.751447 0.751725 0.752010 0.752303 0.752605 0.752914 0.753231 0.753556 0.753890 0.754231 0.754581 0.754939 0.755306 0.755680 0.756064 0.756456 0.756856 0.757266 0.757684 0.758111 0.758547 0.758992 0.759445 0.759908 0.760380 0.760863 0.761357 0.761864 0.762384 0.762916 0.763461 0.764016 0.764581 0.765156 0.765742 0.766343 0.766964 0.767612 0.768290 0.769003 0.769748 0.770520 0.771309 0.772096 0.772853 0.773538 0.774097 0.774461 0.774570 0.774398 0.774013 0.773643 0.773734 0.774940 0.777973 0.783259 0.790409 0.797677 0.801844 0.799127 0.787040 0.775455 0.734019 1.000000
0.000000 0.661065 0.685330 0.747652 0.785381 0.802900 0.804056 0.796806 0.787521 0.779754 0.774738 0.772299 0.771656 0.771947 0.772510 0.772945 0.773084 0.772907 0.772474 0.771867 0.771165 0.770426 0.769690 0.768978 0.768298 0.767651 0.767033 0.766437 0.765857 0.765289 0.764729 0.764178 0.763634 0.763100 0.762576 0.762064 0.761563 0.761074 0.760596 0.760128 0.759670 0.759220 0.758779 0.758346 0.757922 0.757506 0.757099 0.756700 0.756309 0.755927 0.755554 0.755188 0.754831 0.754481 0.754140 0.753806 0.753480 0.753163 0.752853 0.752551 0.752256 0.751970 0.751691 0.751419 0.751156 0.750900 0.750651 0.750410 0.750176 0.749950 0.749731 0.749520 0.749316 0.749119 0.748930 0.748748 0.748573 0.748405 0.748244 0.748091 0.747945 0.747806 0.747674 0.747549 0.747431 0.747320 0.747216 0.747119 0.747029 0.746946 0.746870 0.746801 0.746739 0.746684 0.746636 0.746594 0.746560 0.746532 0.746512 0.746498 0.746491 0.746491 0.746498 0.746512 0.746532 0.746560 0.746594 0.746636 0.746684 0.746739 0.746801 0.746870 0.746946 0.747029 0.747119 0.747216 0.747320 0.747431 0.747549 0.747674 0.747806 0.747945 0.748091 0.748245 0.748405 0.748573 0.748748 0.748930 0.749119 0.749316 0.749520 0.749732 0.749950 0.750177 0.750410 0.750651 0.750900 0.751156 0.751420 0.751691 0.751970 0.752257 0.752551 0.752853 0.753163 0.753481 0.753806 0.754140 0.754482 0.754831 0.755188 0.755554 0.755928 0.756310 0.756700 0.757099 0.757506 0.757922 0.758347 0.758779 0.759221 0.759670 0.760129 0.760596 0.761074 0.761563 0.762064 0.762576 0.763100 0.763634 0.764178 0.764729 0.765289 0.765857 0.766437 0.767033 0.767651 0.768298 0.768978 0.769690 0.770426 0.771164 0.771867 0.772474 0.772907 0.773083 0.772945 0.772509 0.771947 0.771655 0.772299 0.774737 0.779754 0.787521 0.796807 0.804057 0.802902 0.785383 0.747655 0.685336 0.661070 0.000000
1.000000 0.403446 0.560287 0.661424 0.750632 0.796065 0.808215 0.803136 0.792513 0.782468 0.775364 0.771451 0.769993 0.769993 0.770592 0.771216 0.771578 0.771594 0.771305 0.770800 0.770171 0.769495 0.768820 0.768173 0.767560 0.766978 0.766418 0.765872 0.765335 0.764802 0.764272 0.763747 0.763228 0.762717 0.762216 0.761725 0.761245 0.760775 0.760314 0.759862 0.759419 0.758983 0.758555 0.758135 0.757723 0.757320 0.756924 0.756536 0.756157 0.755785 0.755421 0.755065 0.754717 0.754377 0.754044 0.753719 0.753401 0.753091 0.752789 0.752494 0.752207 0.751927 0.751654 0.751389 0.751132 0.750881 0.750638 0.750403 0.750174 0.749953 0.749739 0.749532 0.749333 0.749140 0.748955 0.748777 0.748605 0.748441 0.748284 0.748134 0.747990 0.747854 0.747725 0.747602 0.747487 0.747378 0.747276 0.747181 0.747093 0.747012 0.746937 0.746869 0.746808 0.746754 0.746707 0.746666 0.746633 0.746606 0.746585 0.746572 0.746565 0.746565 0.746572 0.746585 0.746606 0.746633 0.746666 0.746707 0.746754 0.746808 0.746869 0.746937 0.747012 0.747093 0.747181 0.747276 0.747378 0.747487 0.747602 0.747725 0.747854 0.747991 0.748134 0.748284 0.748441 0.748606 0.748777 0.748955 0.749141 0.749333 0.749533 0.749740 0.749953 0.750175 0.750403 0.750639 0.750882 0.751132 0.751390 0.751655 0.751927 0.752207 0.752494 0.752789 0.753091 0.753401 0.753719 0.754044 0.754377 0.754717 0.755066 0.755422 0.755785 0.756157 0.756537 0.756924 0.757320 0.757724 0.758136 0.758555 0.758983 0.759419 0.759863 0.760314 0.760775 0.761245 0.761726 0.762216 0.762717 0.763228 0.763747 0.764272 0.764802 0.765335 0.765872 0.766418 0.766978 0.767560 0.768173 0.768820 0.769494 0.770171 0.770799 0.771305 0.771594 0.771577 0.771216 0.770591 0.769993 0.769993 0.771451 0.775364 0.782468 0.792513 0.803137 0.808215 0.796065 0.750629 0.661420 0.560285 0.403448 1.000000
0.000000 0.419853 0.363134 0.542245 0.697909 0.782655 0.809625 0.808152 0.796939 0.785067 0.776095 0.770748 0.768420 0.768050 0.768624 0.769407 0.769985 0.770205 0.770077 0.769689 0.769147 0.768542 0.767934 0.767351 0.766803 0.766283 0.765780 0.765284 0.764789 0.764293 0.763795 0.763299 0.762806 0.762321 0.761844 0.761376 0.760917 0.760467 0.760024 0.759589 0.759161 0.758740 0.758326 0.757920 0.757522 0.757131 0.756747 0.756371 0.756003 0.755642 0.755289 0.754943 0.754604 0.754273 0.753949 0.753633 0.753323 0.753021 0.752727 0.752439 0.752159 0.751886 0.751621 0.751362 0.751111 0.750866 0.750629 0.750399 0.750176 0.749960 0.749751 0.749549 0.749354 0.749165 0.748984 0.748810 0.748642 0.748481 0.748327 0.748180 0.748040 0.747907 0.747780 0.747660 0.747547 0.747440 0.747341 0.747248 0.747161 0.747081 0.747008 0.746942 0.746882 0.746829 0.746783 0.746743 0.746710 0.746683 0.746664 0.746650 0.746644 0.746644 0.746650 0.746664 0.746684 0.746710 0.746743 0.746783 0.746829 0.746882 0.746942 0.747009 0.747082 0.747161 0.747248 0.747341 0.747441 0.747547 0.747660 0.747780 0.747907 0.748040 0.748181 0.748328 0.748482 0.748642 0.748810 0.748984 0.749166 0.749354 0.749549 0.749751 0.749960 0.750176 0.750399 0.750630 0.750867 0.751111 0.751363 0.751621 0.751887 0.752160 0.752440 0.752727 0.753022 0.753324 0.753633 0.753950 0.754273 0.754605 0.754943 0.755289 0.755643 0.756003 0.756372 0.756748 0.757131 0.757522 0.757921 0.758327 0.758740 0.759161 0.759589 0.760024 0.760467 0.760917 0.761376 0.761844 0.762321 0.762807 0.763299 0.763795 0.764293 0.764789 0.765284 0.765780 0.766283 0.766803 0.767351 0.767933 0.768542 0.769147 0.769688 0.770076 0.770205 0.769985 0.769406 0.768624 0.768050 0.768420 0.770747 0.776094 0.785067 0.796939 0.808153 0.809624 0.782650 0.697896 0.542223 0.363111 0.419841 0.000000
1.000000 0.161778 0.238135 0.429639 0.650449 0.769665 0.809534 0.811281 0.799857 0.786705 0.776307 0.769800 0.766736 0.766046 0.766610 0.767558 0.768361 0.768794 0.768837 0.768574 0.768125 0.767592 0.767048 0.766527 0.766040 0.765578 0.765130 0.764683 0.764231 0.763772 0.763307 0.762841 0.762378 0.761919 0.761467 0.761023 0.760585 0.760155 0.759731 0.759313 0.758902 0.758497 0.758099 0.757707 0.757322 0.756944 0.756573 0.756210 0.755853 0.755503 0.755161 0.754825 0.754496 0.754175 0.753860 0.753552 0.753251 0.752958 0.752671 0.752391 0.752119 0.751853 0.751594 0.751342 0.751097 0.750858 0.750627 0.750403 0.750185 0.749974 0.749770 0.749572 0.749382 0.749198 0.749021 0.748850 0.748687 0.748529 0.748379 0.748235 0.748098 0.747967 0.747843 0.747726 0.747615 0.747511 0.747413 0.747322 0.747237 0.747159 0.747088 0.747023 0.746964 0.746912 0.746867 0.746828 0.746796 0.746770 0.746750 0.746737 0.746731 0.746731 0.746737 0.746750 0.746770 0.746796 0.746828 0.746867 0.746913 0.746964 0.747023 0.747088 0.747160 0.747238 0.747322 0.747413 0.747511 0.747615 0.747726 0.747844 0.747968 0.748098 0.748235 0.748379 0.748530 0.748687 0.748851 0.749021 0.749198 0.749382 0.749573 0.749770 0.749974 0.750185 0.750403 0.750627 0.750859 0.751097 0.751342 0.751594 0.751853 0.752119 0.752392 0.752671 0.752958 0.753252 0.753553 0.753860 0.754175 0.754497 0.754825 0.755161 0.755504 0.755853 0.756210 0.756574 0.756945 0.757322 0.757707 0.758099 0.758497 0.758902 0.759314 0.759731 0.760155 0.760585 0.761023 0.761467 0.761919 0.762378 0.762841 0.763307 0.763772 0.764231 0.764683 0.765130 0.765578 0.766040 0.766527 0.767047 0.767592 0.768124 0.768574 0.768836 0.768794 0.768361 0.767558 0.766610 0.766046 0.766736 0.769799 0.776306 0.786704 0.799857 0.811280 0.809532 0.769657 0.650426 0.429596 0.238086 0.161749 1.000000
0.000000 0.304916 0.183519 0.406198 0.636962 0.766270 0.809815 0.812464 0.800761 0.786852 0.775583 0.768334 0.764799 0.763938 0.764570 0.765719 0.766763 0.767416 0.767630 0.767490 0.767128 0.766663 0.766176 0.765712 0.765281 0.764874 0.764477 0.764078 0.763668 0.763247 0.762817 0.762382 0.761947 0.761516 0.761090 0.760669 0.760255 0.759845 0.759440 0.759041 0.758647 0.758258 0.757875 0.757498 0.757128 0.756764 0.756406 0.756055 0.755710 0.755372 0.755040 0.754715 0.754396 0.754084 0.753779 0.753480 0.753188 0.752903 0.752624 0.752352 0.752087 0.751828 0.751576 0.751331 0.751092 0.750860 0.750635 0.750416 0.750203 0.749998 0.749799 0.749606 0.749420 0.749240 0.749067 0.748901 0.748741 0.748587 0.748440 0.748300 0.748166 0.748038 0.747917 0.747802 0.747694 0.747592 0.747496 0.747407 0.747324 0.747248 0.747178 0.747114 0.747057 0.747006 0.746961 0.746923 0.746891 0.746866 0.746847 0.746834 0.746828 0.746828 0.746834 0.746847 0.746866 0.746892 0.746923 0.746961 0.747006 0.747057 0.747114 0.747178 0.747248 0.747324 0.747407 0.747496 0.747592 0.747694 0.747802 0.747917 0.748038 0.748166 0.748300 0.748441 0.748588 0.748741 0.748901 0.749068 0.749241 0.749420 0.749606 0.749799 0.749998 0.750204 0.750416 0.750635 0.750860 0.751092 0.751331 0.751577 0.751829 0.752087 0.752353 0.752625 0.752903 0.753189 0.753480 0.753779 0.754084 0.754396 0.754715 0.755040 0.755372 0.755710 0.756055 0.756406 0.756764 0.757128 0.757499 0.757875 0.758258 0.758647 0.759041 0.759441 0.759845 0.760255 0.760670 0.761090 0.761516 0.761948 0.762382 0.762817 0.763247 0.763668 0.764078 0.764477 0.764874 0.765280 0.765712 0.766176 0.766662 0.767128 0.767490 0.767629 0.767415 0.766763 0.765718 0.764569 0.763938 0.764798 0.768333 0.775583 0.786851 0.800760 0.812463 0.809812 0.766261 0.636939 0.406156 0.183470 0.304887 0.000000
1.000000 0.219401 0.304391 0.471266 0.666794 0.774895 0.811293 0.811895 0.799618 0.785392 0.773795 0.766254 0.762565 0.761730 0.762536 0.763937 0.765240 0.766111 0.766488 0.766460 0.766174 0.765765 0.765329 0.764914 0.764533 0.764177 0.763830 0.763476 0.763109 0.762725 0.762330 0.761927 0.761521 0.761118 0.760717 0.760321 0.759929 0.759540 0.759156 0.758775 0.758398 0.758026 0.757659 0.757298 0.756942 0.756591 0.756247 0.755908 0.755576 0.755249 0.754928 0.754614 0.754306 0.754004 0.753708 0.753418 0.753135 0.752858 0.752588 0.752324 0.752066 0.751814 0.751569 0.751331 0.751098 0.750873 0.750653 0.750440 0.750233 0.750033 0.749839 0.749651 0.749469 0.749294 0.749125 0.748963 0.748807 0.748657 0.748513 0.748376 0.748245 0.748120 0.748002 0.747890 0.747784 0.747684 0.747591 0.747503 0.747422 0.747348 0.747279 0.747217 0.747161 0.747111 0.747068 0.747030 0.746999 0.746974 0.746956 0.746943 0.746937 0.746937 0.746943 0.746956 0.746974 0.746999 0.747030 0.747068 0.747111 0.747161 0.747217 0.747279 0.747348 0.747423 0.747504 0.747591 0.747684 0.747784 0.747890 0.748002 0.748121 0.748245 0.748376 0.748514 0.748657 0.748807 0.748963 0.749126 0.749295 0.749470 0.749651 0.749839 0.750033 0.750233 0.750440 0.750653 0.750873 0.751099 0.751331 0.751570 0.751815 0.752066 0.752324 0.752588 0.752859 0.753135 0.753419 0.753708 0.754004 0.754306 0.754614 0.754929 0.755249 0.755576 0.755909 0.756247 0.756592 0.756942 0.757298 0.757660 0.758026 0.758398 0.758775 0.759156 0.759540 0.759929 0.760321 0.760717 0.761118 0.761522 0.761927 0.762330 0.762725 0.763109 0.763476 0.763830 0.764177 0.764533 0.764913 0.765328 0.765765 0.766174 0.766460 0.766487 0.766111 0.765240 0.763937 0.762536 0.761729 0.762564 0.766253 0.773794 0.785391 0.799616 0.811893 0.811290 0.774890 0.666788 0.471260 0.304388 0.219400 1.000000
0.000000 0.474320 0.431903 0.584399 0.716694 0.790372 0.813384 0.810034 0.796919 0.782661 0.771141 0.763677 0.760111 0.759484 0.760565 0.762261 0.763829 0.764908 0.765430 0.765496 0.765271 0.764906 0.764510 0.764137 0.763802 0.763494 0.763193 0.762884 0.762558 0.762212 0.761850 0.761479 0.761103 0.760727 0.760353 0.759981 0.759611 0.759244 0.758879 0.758517 0.758158 0.757803 0.757453 0.757107 0.756765 0.756429 0.756098 0.755772 0.755452 0.755137 0.754828 0.754524 0.754226 0.753934 0.753648 0.753368 0.753093 0.752825 0.752563 0.752306 0.752056 0.751812 0.751574 0.751342 0.751117 0.750897 0.750683 0.750476 0.750275 0.750079 0.749890 0.749708 0.749531 0.749360 0.749196 0.749037 0.748885 0.748739 0.748598 0.748464 0.748337 0.748215 0.748099 0.747990 0.747886 0.747789 0.747697 0.747612 0.747533 0.747460 0.747393 0.747332 0.747277 0.747229 0.747186 0.747149 0.747119 0.747095 0.747076 0.747064 0.747058 0.747058 0.747064 0.747076 0.747095 0.747119 0.747149 0.747186 0.747229 0.747277 0.747332 0.747393 0.747460 0.747533 0.747612 0.747697 0.747789 0.747886 0.747990 0.748099 0.748215 0.748337 0.748465 0.748599 0.748739 0.748885 0.749037 0.749196 0.749360 0.749531 0.749708 0.749891 0.750080 0.750275 0.750476 0.750684 0.750897 0.751117 0.751343 0.751575 0.751813 0.752057 0.752307 0.752563 0.752825 0.753094 0.753368 0.753648 0.753934 0.754226 0.754524 0.754828 0.755137 0.755452 0.755773 0.756098 0.756429 0.756766 0.757107 0.757453 0.757804 0.758159 0.758517 0.758879 0.759244 0.759611 0.759981 0.760353 0.760727 0.761104 0.761479 0.761850 0.762212 0.762558 0.762884 0.763193 0.763494 0.763802 0.764137 0.764510 0.764906 0.765271 0.765496 0.765430 0.764908 0.763829 0.762261 0.760565 0.759483 0.760110 0.763675 0.771139 0.782658 0.796917 0.810032 0.813384 0.790377 0.716711 0.584440 0.431965 0.474367 0.000000
1.000000 0.417474 0.570267 0.670091 0.759315 0.803798 0.814553 0.807277 0.793376 0.779252 0.768039 0.760878 0.757616 0.757315 0.758731 0.760735 0.762557 0.763820 0.764461 0.764600 0.764419 0.764087 0.763722 0.763386 0.763093 0.762829 0.762574 0.762308 0.762021 0.761711 0.761383 0.761043 0.760697 0.760347 0.759998 0.759650 0.759303 0.758957 0.758612 0.758269 0.757929 0.757591 0.757257 0.756926 0.756600 0.756278 0.755960 0.755647 0.755339 0.755036 0.754738 0.754445 0.754158 0.753876 0.753599 0.753329 0.753063 0.752803 0.752549 0.752301 0.752059 0.751822 0.751591 0.751366 0.751147 0.750933 0.750726 0.750524 0.750328 0.750138 0.749955 0.749776 0.749604 0.749438 0.749278 0.749123 0.748975 0.748832 0.748696 0.748565 0.748440 0.748322 0.748209 0.748102 0.748001 0.747905 0.747816 0.747733 0.747656 0.747584 0.747519 0.747459 0.747406 0.747358 0.747317 0.747281 0.747251 0.747227 0.747210 0.747198 0.747192 0.747192 0.747198 0.747210 0.747228 0.747251 0.747281 0.747317 0.747358 0.747406 0.747460 0.747519 0.747585 0.747656 0.747733 0.747816 0.747906 0.748001 0.748102 0.748209 0.748322 0.748441 0.748565 0.748696 0.748833 0.748975 0.749124 0.749278 0.749438 0.749605 0.749777 0.749955 0.750139 0.750329 0.750524 0.750726 0.750934 0.751147 0.751366 0.751591 0.751822 0.752059 0.752302 0.752550 0.752804 0.753064 0.753329 0.753600 0.753876 0.754158 0.754446 0.754739 0.755037 0.755340 0.755648 0.755961 0.756278 0.756600 0.756927 0.757257 0.757591 0.757929 0.758270 0.758613 0.758957 0.759303 0.759650 0.759999 0.760348 0.760697 0.761043 0.761383 0.761711 0.762021 0.762308 0.762574 0.762829 0.763093 0.763386 0.763722 0.764086 0.764418 0.764600 0.764461 0.763819 0.762556 0.760735 0.758729 0.757313 0.757614 0.760875 0.768037 0.779249 0.793374 0.807277 0.814556 0.803811 0.759349 0.670163 0.570371 0.417565 1.000000
0.000000 0.595716 0.608332 0.715316 0.780463 0.809980 0.813640 0.803965 0.789662 0.775793 0.764969 0.758194 0.755305 0.755364 0.757113 0.759402 0.761439 0.762848 0.763578 0.763766 0.763613 0.763305 0.762967 0.762664 0.762410 0.762188 0.761975 0.761750 0.761501 0.761227 0.760931 0.760621 0.760303 0.759981 0.759657 0.759332 0.759007 0.758682 0.758357 0.758033 0.757711 0.757390 0.757072 0.756757 0.756446 0.756138 0.755834 0.755534 0.755238 0.754947 0.754660 0.754379 0.754102 0.753830 0.753563 0.753301 0.753045 0.752794 0.752548 0.752308 0.752073 0.751844 0.751620 0.751401 0.751189 0.750982 0.750780 0.750584 0.750394 0.750210 0.750031 0.749857 0.749690 0.749528 0.749372 0.749222 0.749077 0.748938 0.748805 0.748678 0.748556 0.748440 0.748330 0.748226 0.748127 0.748035 0.747947 0.747866 0.747791 0.747721 0.747657 0.747599 0.747547 0.747500 0.747460 0.747425 0.747396 0.747372 0.747355 0.747343 0.747338 0.747338 0.747343 0.747355 0.747373 0.747396 0.747425 0.747460 0.747500 0.747547 0.747599 0.747657 0.747721 0.747791 0.747866 0.747948 0.748035 0.748128 0.748226 0.748330 0.748441 0.748557 0.748678 0.748806 0.748939 0.749078 0.749222 0.749373 0.749529 0.749690 0.749858 0.750031 0.750210 0.750394 0.750585 0.750780 0.750982 0.751189 0.751402 0.751620 0.751844 0.752073 0.752308 0.752549 0.752794 0.753045 0.753302 0.753563 0.753830 0.754102 0.754379 0.754661 0.754947 0.755239 0.755534 0.755834 0.756138 0.756446 0.756758 0.757072 0.757390 0.757711 0.758034 0.758358 0.758682 0.759007 0.759332 0.759657 0.759981 0.760303 0.760622 0.760932 0.761227 0.761501 0.761750 0.761975 0.762188 0.762410 0.762664 0.762967 0.763304 0.763613 0.763766 0.763578 0.762848 0.761438 0.759401 0.757112 0.755361 0.755302 0.758191 0.764966 0.775791 0.789662 0.803968 0.813647 0.809998 0.780501 0.715391 0.608446 0.595808 0.000000
1.000000 0.453025 0.625279 0.714933 0.780984 0.808055 0.810328 0.800301 0.786203 0.772724 0.762311 0.755919 0.753383 0.753762 0.755787 0.758291 0.760481 0.761985 0.762768 0.762983 0.762848 0.762557 0.762244 0.761974 0.761757 0.761576 0.761403 0.761216 0.761002 0.760761 0.760497 0.760216 0.759925 0.759628 0.759328 0.759027 0.758724 0.758420 0.758115 0.757809 0.757505 0.757201 0.756899 0.756600 0.756303 0.756010 0.755719 0.755432 0.755149 0.754870 0.754594 0.754324 0.754057 0.753795 0.753538 0.753286 0.753038 0.752796 0.752559 0.752326 0.752099 0.751877 0.751660 0.751449 0.751243 0.751042 0.750846 0.750656 0.750472 0.750292 0.750119 0.749950 0.749787 0.749630 0.749478 0.749332 0.749191 0.749056 0.748926 0.748802 0.748684 0.748571 0.748464 0.748362 0.748266 0.748175 0.748090 0.748011 0.747938 0.747870 0.747807 0.747751 0.747699 0.747654 0.747614 0.747580 0.747552 0.747529 0.747512 0.747501 0.747495 0.747495 0.747501 0.747512 0.747529 0.747552 0.747580 0.747614 0.747654 0.747700 0.747751 0.747807 0.747870 0.747938 0.748011 0.748091 0.748176 0.748266 0.748362 0.748464 0.748571 0.748684 0.748803 0.748927 0.749056 0.749192 0.749332 0.749479 0.749630 0.749788 0.749951 0.750119 0.750293 0.750472 0.750657 0.750847 0.751042 0.751243 0.751449 0.751661 0.751877 0.752099 0.752327 0.752559 0.752796 0.753039 0.753286 0.753539 0.753796 0.754058 0.754324 0.754595 0.754870 0.755149 0.755433 0.755720 0.756010 0.756304 0.756600 0.756900 0.757201 0.757505 0.757810 0.758115 0.758420 0.758724 0.759027 0.759329 0.759628 0.759925 0.760216 0.760497 0.760761 0.761002 0.761216 0.761403 0.761575 0.761757 0.761973 0.762244 0.762557 0.762848 0.762983 0.762768 0.761985 0.760480 0.758290 0.755784 0.753759 0.753380 0.755916 0.762309 0.772724 0.786206 0.800307 0.810338 0.808070 0.781010 0.714982 0.625354 0.453104 1.000000
0.000000 0.556362 0.564720 0.689737 0.766207 0.800009 0.805103 0.796417 0.783120 0.770214 0.760252 0.754225 0.751986 0.752599 0.754797 0.757419 0.759678 0.761219 0.762017 0.762240 0.762115 0.761842 0.761556 0.761318 0.761138 0.760995 0.760859 0.760707 0.760526 0.760316 0.760081 0.759827 0.759562 0.759291 0.759015 0.758736 0.758455 0.758171 0.757885 0.757598 0.757311 0.757024 0.756739 0.756455 0.756173 0.755893 0.755616 0.755342 0.755071 0.754804 0.754540 0.754280 0.754024 0.753772 0.753525 0.753282 0.753044 0.752810 0.752580 0.752356 0.752137 0.751922 0.751712 0.751507 0.751308 0.751113 0.750924 0.750740 0.750560 0.750386 0.750218 0.750054 0.749896 0.749743 0.749596 0.749454 0.749317 0.749185 0.749059 0.748938 0.748823 0.748713 0.748608 0.748509 0.748416 0.748327 0.748245 0.748167 0.748096 0.748029 0.747969 0.747913 0.747863 0.747819 0.747780 0.747747 0.747720 0.747697 0.747681 0.747670 0.747664 0.747664 0.747670 0.747681 0.747697 0.747720 0.747747 0.747781 0.747819 0.747864 0.747913 0.747969 0.748029 0.748096 0.748168 0.748245 0.748328 0.748416 0.748509 0.748609 0.748713 0.748823 0.748939 0.749059 0.749185 0.749317 0.749454 0.749596 0.749744 0.749897 0.750055 0.750218 0.750387 0.750561 0.750740 0.750924 0.751114 0.751308 0.751508 0.751713 0.751922 0.752137 0.752357 0.752581 0.752810 0.753044 0.753282 0.753525 0.753773 0.754025 0.754280 0.754540 0.754804 0.755072 0.755343 0.755617 0.755894 0.756173 0.756455 0.756739 0.757025 0.757311 0.757598 0.757885 0.758171 0.758455 0.758736 0.759015 0.759291 0.759562 0.759827 0.760081 0.760316 0.760526 0.760707 0.760859 0.760994 0.761138 0.761318 0.761555 0.761842 0.762115 0.762240 0.762017 0.761218 0.759677 0.757417 0.754794 0.752596 0.751983 0.754223 0.760252 0.770217 0.783126 0.796426 0.805113 0.800014 0.766199 0.689713 0.564693 0.556352 0.000000
1.000000 0.359059 0.528638 0.649438 0.746078 0.789195 0.798810 0.792328 0.780269 0.768171 0.758772 0.753136 0.751149 0.751900 0.754154 0.756779 0.759016 0.760530 0.761308 0.761526 0.761409 0.761158 0.760902 0.760700 0.760556 0.760449 0.760346 0.760225 0.760075 0.759892 0.759684 0.759457 0.759217 0.758970 0.758717 0.758460 0.758199 0.757935 0.757669 0.757400 0.757130 0.756860 0.756591 0.756322 0.756054 0.755789 0.755525 0.755264 0.755005 0.754749 0.754497 0.754248 0.754002 0.753761 0.753523 0.753289 0.753060 0.752834 0.752613 0.752397 0.752185 0.751978 0.751775 0.751577 0.751384 0.751196 0.751012 0.750834 0.750660 0.750491 0.750328 0.750169 0.750016 0.749867 0.749724 0.749586 0.749453 0.749325 0.749202 0.749085 0.748973 0.748866 0.748764 0.748667 0.748576 0.748490 0.748410 0.748334 0.748264 0.748200 0.748141 0.748087 0.748038 0.747995 0.747957 0.747925 0.747898 0.747876 0.747860 0.747849 0.747844 0.747844 0.747849 0.747860 0.747876 0.747898 0.747925 0.747957 0.747995 0.748038 0.748087 0.748141 0.748200 0.748265 0.748335 0.748410 0.748490 0.748576 0.748668 0.748764 0.748866 0.748973 0.749085 0.749203 0.749325 0.749453 0.749586 0.749724 0.749868 0.750016 0.750170 0.750328 0.750492 0.750660 0.750834 0.751013 0.751196 0.751384 0.751578 0.751776 0.751978 0.752185 0.752397 0.752614 0.752835 0.753060 0.753290 0.753523 0.753761 0.754003 0.754248 0.754497 0.754750 0.755005 0.755264 0.755525 0.755789 0.756055 0.756322 0.756591 0.756861 0.757130 0.757400 0.757669 0.757936 0.758200 0.758460 0.758717 0.758970 0.759217 0.759457 0.759684 0.759892 0.760075 0.760225 0.760346 0.760449 0.760556 0.760699 0.760902 0.761158 0.761409 0.761525 0.761308 0.760529 0.759015 0.756777 0.754151 0.751898 0.751146 0.753136 0.758774 0.768177 0.780278 0.792339 0.798817 0.789182 0.746017 0.649298 0.528444 0.358913 1.000000
0.000000 0.486577 0.475995 0.629534 0.731197 0.779654 0.792393 0.787982 0.777387 0.766353 0.757711 0.752563 0.750823 0.751635 0.753830 0.756345 0.758470 0.759897 0.760627 0.760829 0.760725 0.760504 0.760285 0.760122 0.760015 0.759940 0.759867 0.759773 0.759648 0.759491 0.759307 0.759105 0.758890 0.758666 0.758435 0.758200 0.757959 0.757714 0.757466 0.757215 0.756962 0.756709 0.756455 0.756201 0.755948 0.755696 0.755445 0.755197 0.754950 0.754706 0.754465 0.754227 0.753992 0.753760 0.753532 0.753307 0.753087 0.752870 0.752657 0.752449 0.752244 0.752044 0.751849 0.751657 0.751471 0.751289 0.751111 0.750938 0.750770 0.750607 0.750448 0.750295 0.750146 0.750002 0.749863 0.749728 0.749599 0.749475 0.749356 0.749242 0.749132 0.749028 0.748929 0.748836 0.748747 0.748663 0.748585 0.748511 0.748443 0.748380 0.748323 0.748270 0.748223 0.748181 0.748144 0.748112 0.748086 0.748065 0.748049 0.748039 0.748033 0.748033 0.748039 0.748049 0.748065 0.748086 0.748113 0.748144 0.748181 0.748223 0.748270 0.748323 0.748381 0.748443 0.748512 0.748585 0.748663 0.748747 0.748836 0.748930 0.749029 0.749133 0.749242 0.749356 0.749475 0.749599 0.749729 0.749863 0.750002 0.750146 0.750295 0.750449 0.750607 0.750771 0.750939 0.751112 0.751289 0.751471 0.751658 0.751849 0.752045 0.752245 0.752449 0.752658 0.752870 0.753087 0.753308 0.753532 0.753760 0.753992 0.754227 0.754465 0.754707 0.754951 0.755197 0.755446 0.755696 0.755948 0.756201 0.756455 0.756709 0.756963 0.757215 0.757466 0.757714 0.757959 0.758200 0.758435 0.758666 0.758890 0.759105 0.759307 0.759491 0.759648 0.759773 0.759867 0.759940 0.760015 0.760122 0.760285 0.760504 0.760725 0.760829 0.760626 0.759897 0.758469 0.756343 0.753828 0.751633 0.750821 0.752563 0.757716 0.766361 0.777398 0.787993 0.792395 0.779622 0.731087 0.629292 0.475637 0.486324 0.000000
1.000000 0.357011 0.527785 0.640203 0.730395 0.773874 0.786468 0.783329 0.774234 0.764525 0.756886 0.752371 0.750914 0.751734 0.753774 0.756077 0.758009 0.759300 0.759958 0.760145 0.760062 0.759880 0.759707 0.759586 0.759515 0.759469 0.759421 0.759349 0.759245 0.759111 0.758951 0.758772 0.758580 0.758379 0.758170 0.757955 0.757734 0.757507 0.757277 0.757043 0.756807 0.756570 0.756331 0.756092 0.755853 0.755615 0.755377 0.755141 0.754907 0.754674 0.754444 0.754216 0.753992 0.753770 0.753551 0.753336 0.753124 0.752916 0.752711 0.752510 0.752313 0.752121 0.751932 0.751748 0.751567 0.751391 0.751220 0.751053 0.750890 0.750732 0.750578 0.750430 0.750285 0.750146 0.750011 0.749881 0.749755 0.749635 0.749519 0.749408 0.749302 0.749201 0.749105 0.749013 0.748927 0.748846 0.748769 0.748698 0.748632 0.748571 0.748514 0.748463 0.748417 0.748376 0.748340 0.748310 0.748284 0.748263 0.748248 0.748238 0.748233 0.748233 0.748238 0.748248 0.748264 0.748284 0.748310 0.748340 0.748376 0.748417 0.748463 0.748514 0.748571 0.748632 0.748698 0.748770 0.748846 0.748927 0.749014 0.749105 0.749201 0.749302 0.749408 0.749519 0.749635 0.749756 0.749881 0.750011 0.750146 0.750286 0.750430 0.750579 0.750732 0.750891 0.751053 0.751220 0.751392 0.751568 0.751748 0.751932 0.752121 0.752314 0.752511 0.752711 0.752916 0.753124 0.753336 0.753552 0.753770 0.753992 0.754217 0.754444 0.754675 0.754907 0.755141 0.755378 0.755615 0.755853 0.756092 0.756331 0.756570 0.756807 0.757044 0.757277 0.757508 0.757734 0.757955 0.758170 0.758379 0.758580 0.758772 0.758951 0.759111 0.759245 0.759349 0.759420 0.759469 0.759515 0.759586 0.759707 0.759880 0.760062 0.760145 0.759958 0.759299 0.758008 0.756075 0.753772 0.751732 0.750913 0.752374 0.756892 0.764534 0.774246 0.783340 0.786467 0.773835 0.730271 0.639940 0.527416 0.356706 1.000000
0.000000 0.595581 0.603764 0.684190 0.741179 0.772040 0.781237 0.778421 0.770762 0.762592 0.756193 0.752463 0.751331 0.752120 0.753924 0.755929 0.757602 0.758719 0.759293 0.759467 0.759418 0.759289 0.759171 0.759095 0.759059 0.759037 0.759007 0.758953 0.758867 0.758753 0.758614 0.758458 0.758289 0.758109 0.757921 0.757726 0.757524 0.757315 0.757102 0.756885 0.756665 0.756443 0.756219 0.755995 0.755770 0.755545 0.755320 0.755096 0.754874 0.754653 0.754434 0.754217 0.754002 0.753790 0.753581 0.753374 0.753171 0.752971 0.752775 0.752582 0.752392 0.752207 0.752025 0.751847 0.751673 0.751504 0.751338 0.751177 0.751019 0.750866 0.750718 0.750574 0.750434 0.750299 0.750168 0.750042 0.749920 0.749803 0.749691 0.749583 0.749480 0.749382 0.749289 0.749200 0.749116 0.749037 0.748963 0.748894 0.748829 0.748770 0.748715 0.748665 0.748620 0.748580 0.748546 0.748516 0.748491 0.748471 0.748456 0.748446 0.748441 0.748441 0.748446 0.748456 0.748471 0.748491 0.748516 0.748546 0.748581 0.748620 0.748665 0.748715 0.748770 0.748829 0.748894 0.748963 0.749037 0.749116 0.749200 0.749289 0.749382 0.749481 0.749584 0.749691 0.749804 0.749921 0.750042 0.750168 0.750299 0.750434 0.750574 0.750718 0.750867 0.751020 0.751177 0.751338 0.751504 0.751674 0.751848 0.752026 0.752207 0.752393 0.752582 0.752775 0.752972 0.753172 0.753375 0.753581 0.753790 0.754002 0.754217 0.754434 0.754653 0.754874 0.755097 0.755321 0.755545 0.755770 0.755995 0.756220 0.756443 0.756665 0.756885 0.757102 0.757316 0.757524 0.757726 0.757922 0.758110 0.758289 0.758458 0.758615 0.758753 0.758868 0.758953 0.759007 0.759037 0.759058 0.759095 0.759171 0.759289 0.759418 0.759467 0.759292 0.758717 0.757600 0.755927 0.753922 0.752119 0.751332 0.752466 0.756199 0.762602 0.770774 0.778431 0.781237 0.772009 0.741083 0.684002 0.603512 0.595403 0.000000
0.997609 0.685384 0.710415 0.727416 0.755316 0.771716 0.776313 0.773295 0.767053 0.760602 0.755629 0.752796 0.752012 0.752727 0.754221 0.755857 0.757220 0.758137 0.758624 0.758797 0.758795 0.758733 0.758677 0.758649 0.758644 0.758642 0.758626 0.758584 0.758513 0.758417 0.758298 0.758164 0.758016 0.757858 0.757690 0.757513 0.757329 0.757138 0.756941 0.756740 0.756536 0.756329 0.756120 0.755910 0.755698 0.755486 0.755274 0.755063 0.754852 0.754642 0.754433 0.754227 0.754022 0.753820 0.753620 0.753422 0.753228 0.753036 0.752848 0.752662 0.752481 0.752302 0.752127 0.751956 0.751788 0.751625 0.751465 0.751309 0.751157 0.751010 0.750866 0.750727 0.750591 0.750460 0.750334 0.750212 0.750094 0.749981 0.749872 0.749767 0.749667 0.749572 0.749481 0.749395 0.749314 0.749237 0.749165 0.749097 0.749035 0.748977 0.748924 0.748875 0.748832 0.748793 0.748759 0.748730 0.748706 0.748686 0.748672 0.748662 0.748657 0.748657 0.748662 0.748672 0.748686 0.748706 0.748730 0.748759 0.748793 0.748832 0.748876 0.748924 0.748977 0.749035 0.749098 0.749165 0.749237 0.749314 0.749395 0.749482 0.749572 0.749668 0.749767 0.749872 0.749981 0.750094 0.750212 0.750334 0.750461 0.750592 0.750727 0.750866 0.751010 0.751158 0.751310 0.751465 0.751625 0.751789 0.751956 0.752128 0.752303 0.752481 0.752663 0.752848 0.753037 0.753228 0.753423 0.753620 0.753820 0.754023 0.754227 0.754434 0.754642 0.754852 0.755063 0.755275 0.755487 0.755699 0.755910 0.756120 0.756329 0.756536 0.756741 0.756941 0.757138 0.757329 0.757513 0.757690 0.757858 0.758016 0.758164 0.758299 0.758417 0.758513 0.758584 0.758626 0.758642 0.758644 0.758649 0.758677 0.758733 0.758795 0.758796 0.758623 0.758135 0.757218 0.755855 0.754220 0.752727 0.752014 0.752800 0.755636 0.760611 0.767065 0.773307 0.776320 0.771705 0.755271 0.727329 0.710313 0.685316 0.997613
0.980316 0.833661 0.750420 0.754565 0.763399 0.769796 0.770755 0.767796 0.763168 0.758638 0.755242 0.753368 0.752919 0.753502 0.754616 0.755824 0.756839 0.757543 0.757948 0.758135 0.758199 0.758215 0.758227 0.758247 0.758270 0.758282 0.758274 0.758241 0.758182 0.758101 0.758002 0.757889 0.757762 0.757624 0.757475 0.757317 0.757149 0.756975 0.756794 0.756609 0.756420 0.756228 0.756033 0.755836 0.755638 0.755439 0.755239 0.755039 0.754840 0.754641 0.754443 0.754247 0.754052 0.753859 0.753668 0.753480 0.753294 0.753110 0.752930 0.752752 0.752577 0.752406 0.752238 0.752073 0.751912 0.751754 0.751600 0.751450 0.751303 0.751161 0.751022 0.750888 0.750757 0.750630 0.750508 0.750390 0.750275 0.750166 0.750060 0.749959 0.749862 0.749770 0.749682 0.749598 0.749519 0.749445 0.749375 0.749309 0.749248 0.749192 0.749140 0.749093 0.749051 0.749013 0.748980 0.748952 0.748928 0.748910 0.748895 0.748886 0.748881 0.748881 0.748886 0.748895 0.748910 0.748929 0.748952 0.748980 0.749013 0.749051 0.749093 0.749141 0.749192 0.749248 0.749309 0.749375 0.749445 0.749519 0.749598 0.749682 0.749770 0.749862 0.749959 0.750060 0.750166 0.750276 0.750390 0.750508 0.750631 0.750757 0.750888 0.751023 0.751161 0.751304 0.751450 0.751601 0.751755 0.751912 0.752074 0.752238 0.752406 0.752578 0.752752 0.752930 0.753111 0.753294 0.753480 0.753669 0.753860 0.754052 0.754247 0.754444 0.754641 0.754840 0.755040 0.755239 0.755439 0.755638 0.755837 0.756033 0.756228 0.756420 0.756609 0.756794 0.756975 0.757150 0.757317 0.757476 0.757624 0.757762 0.757889 0.758003 0.758101 0.758182 0.758241 0.758274 0.758282 0.758270 0.758247 0.758227 0.758215 0.758199 0.758134 0.757947 0.757542 0.756837 0.755823 0.754616 0.753503 0.752923 0.753374 0.755250 0.758648 0.763181 0.767812 0.770772 0.769809 0.763403 0.754560 0.750413 0.833660 0.980321
0.991943 0.717935 0.754438 0.757168 0.761918 0.763890 0.763515 0.761581 0.759072 0.756758 0.755078 0.754185 0.754023 0.754400 0.755067 0.755799 0.756443 0.756933 0.757268 0.757487 0.757632 0.757738 0.757822 0.757888 0.757934 0.757955 0.757951 0.757922 0.757873 0.757807 0.757726 0.757633 0.757527 0.757409 0.757278 0.757136 0.756985 0.756826 0.756661 0.756491 0.756316 0.756138 0.755957 0.755774 0.755589 0.755402 0.755214 0.755026 0.754838 0.754650 0.754462 0.754276 0.754091 0.753908 0.753726 0.753546 0.753368 0.753193 0.753020 0.752850 0.752683 0.752518 0.752357 0.752198 0.752043 0.751892 0.751743 0.751599 0.751457 0.751320 0.751186 0.751056 0.750930 0.750808 0.750689 0.750575 0.750464 0.750358 0.750256 0.750158 0.750064 0.749975 0.749889 0.749808 0.749732 0.749659 0.749591 0.749528 0.749469 0.749414 0.749364 0.749318 0.749277 0.749241 0.749209 0.749181 0.749158 0.749140 0.749126 0.749117 0.749112 0.749112 0.749117 0.749126 0.749140 0.749158 0.749181 0.749209 0.749241 0.749277 0.749319 0.749364 0.749414 0.749469 0.749528 0.749592 0.749660 0.749732 0.749809 0.749890 0.749975 0.750064 0.750158 0.750256 0.750358 0.750465 0.750575 0.750689 0.750808 0.750930 0.751056 0.751186 0.751320 0.751458 0.751599 0.751744 0.751892 0.752044 0.752199 0.752357 0.752519 0.752683 0.752850 0.753021 0.753193 0.753369 0.753546 0.753726 0.753908 0.754092 0.754277 0.754463 0.754650 0.754838 0.755027 0.755215 0.755403 0.755589 0.755775 0.755958 0.756139 0.756316 0.756491 0.756661 0.756826 0.756985 0.757137 0.757278 0.757409 0.757527 0.757633 0.757727 0.757807 0.757873 0.757922 0.757950 0.757955 0.757934 0.757888 0.757822 0.757738 0.757632 0.757486 0.757267 0.756931 0.756441 0.755798 0.755068 0.754403 0.754029 0.754192 0.755086 0.756769 0.759085 0.761598 0.763539 0.763922 0.761956 0.757212 0.754483 0.717972 0.991947
0.000000 0.696490 0.733337 0.750872 0.753925 0.754522 0.754549 0.754623 0.754826 0.755044 0.755186 0.755250 0.755295 0.755381 0.755536 0.755756 0.756020 0.756304 0.756589 0.756859 0.757101 0.757304 0.757461 0.757570 0.757634 0.757658 0.757652 0.757626 0.757585 0.757533 0.757470 0.757397 0.757311 0.757211 0.757097 0.756972 0.756836 0.756692 0.756541 0.756386 0.756225 0.756061 0.755894 0.755724 0.755551 0.755376 0.755200 0.755023 0.754846 0.754668 0.754491 0.754315 0.754139 0.753965 0.753792 0.753620 0.753451 0.753284 0.753118 0.752956 0.752795 0.752638 0.752483 0.752331 0.752182 0.752036 0.751894 0.751755 0.751619 0.751486 0.751357 0.751232 0.751110 0.750992 0.750877 0.750767 0.750660 0.750557 0.750459 0.750364 0.750273 0.750186 0.750104 0.750025 0.749951 0.749881 0.749815 0.749753 0.749696 0.749643 0.749594 0.749550 0.749510 0.749475 0.749444 0.749417 0.749395 0.749377 0.749363 0.749355 0.749350 0.749350 0.749355 0.749364 0.749377 0.749395 0.749417 0.749444 0.749475 0.749510 0.749550 0.749595 0.749643 0.749696 0.749754 0.749815 0.749881 0.749951 0.750025 0.750104 0.750187 0.750273 0.750364 0.750459 0.750558 0.750661 0.750767 0.750878 0.750992 0.751110 0.751232 0.751357 0.751486 0.751619 0.751755 0.751894 0.752037 0.752183 0.752332 0.752483 0.752638 0.752796 0.752956 0.753119 0.753284 0.753452 0.753621 0.753792 0.753965 0.754139 0.754315 0.754491 0.754669 0.754846 0.755023 0.755200 0.755376 0.755551 0.755724 0.755894 0.756062 0.756226 0.756386 0.756542 0.756692 0.756836 0.756972 0.757098 0.757211 0.757311 0.757397 0.757471 0.757533 0.757585 0.757626 0.757652 0.757658 0.757634 0.757571 0.757462 0.757304 0.757100 0.756858 0.756588 0.756302 0.756018 0.755756 0.755538 0.755385 0.755302 0.755259 0.755196 0.755054 0.754838 0.754638 0.754574 0.754560 0.753978 0.750937 0.733406 0.696543 0.000000
0.967357 0.696565 0.742363 0.744583 0.743940 0.743114 0.744237 0.747072 0.750533 0.753567 0.755590 0.756543 0.756689 0.756395 0.755985 0.755674 0.755562 0.755660 0.755918 0.756259 0.756610 0.756915 0.757144 0.757291 0.757365 0.757387 0.757377 0.757351 0.757317 0.757279 0.757234 0.757180 0.757113 0.757031 0.756934 0.756824 0.756702 0.756572 0.756436 0.756293 0.756147 0.755996 0.755842 0.755684 0.755523 0.755360 0.755196 0.755030 0.754863 0.754696 0.754529 0.754362 0.754196 0.754030 0.753866 0.753703 0.753542 0.753382 0.753225 0.753069 0.752916 0.752765 0.752617 0.752471 0.752328 0.752188 0.752051 0.751917 0.751786 0.751659 0.751535 0.751414 0.751296 0.751182 0.751072 0.750965 0.750862 0.750763 0.750668 0.750576 0.750488 0.750404 0.750324 0.750248 0.750176 0.750108 0.750045 0.749985 0.749929 0.749878 0.749831 0.749788 0.749749 0.749715 0.749685 0.749659 0.749637 0.749620 0.749607 0.749598 0.749594 0.749594 0.749598 0.749607 0.749620 0.749637 0.749659 0.749685 0.749715 0.749749 0.749788 0.749831 0.749878 0.749930 0.749985 0.750045 0.750109 0.750177 0.750249 0.750325 0.750404 0.750488 0.750576 0.750668 0.750763 0.750863 0.750966 0.751073 0.751183 0.751297 0.751414 0.751535 0.751659 0.751787 0.751918 0.752052 0.752189 0.752329 0.752471 0.752617 0.752765 0.752916 0.753069 0.753225 0.753383 0.753542 0.753704 0.753866 0.754031 0.754196 0.754362 0.754529 0.754696 0.754863 0.755030 0.755196 0.755361 0.755524 0.755684 0.755842 0.755996 0.756147 0.756294 0.756436 0.756573 0.756702 0.756824 0.756934 0.757031 0.757113 0.757180 0.757235 0.757279 0.757317 0.757351 0.757377 0.757387 0.757365 0.757291 0.757144 0.756915 0.756610 0.756258 0.755916 0.755659 0.755561 0.755674 0.755988 0.756401 0.756698 0.756554 0.755600 0.753574 0.750537 0.747077 0.744249 0.743141 0.743985 0.744644 0.742427 0.696613 0.967360
0.924138 0.821556 0.759011 0.743293 0.733817 0.730664 0.733042 0.739149 0.746327 0.752381 0.756277 0.758008 0.758137 0.757384 0.756374 0.755531 0.755066 0.755007 0.755264 0.755696 0.756165 0.756573 0.756869 0.757046 0.757125 0.757141 0.757124 0.757096 0.757070 0.757045 0.757018 0.756983 0.756934 0.756868 0.756787 0.756691 0.756583 0.756466 0.756343 0.756214 0.756081 0.755943 0.755801 0.755655 0.755506 0.755355 0.755201 0.755046 0.754889 0.754732 0.754575 0.754417 0.754260 0.754104 0.753948 0.753793 0.753640 0.753488 0.753338 0.753189 0.753043 0.752899 0.752757 0.752618 0.752481 0.752346 0.752215 0.752086 0.751961 0.751838 0.751718 0.751602 0.751489 0.751379 0.751273 0.751170 0.751071 0.750975 0.750882 0.750794 0.750709 0.750628 0.750551 0.750477 0.750407 0.750342 0.750280 0.750222 0.750168 0.750119 0.750073 0.750031 0.749994 0.749960 0.749931 0.749906 0.749885 0.749868 0.749856 0.749847 0.749843 0.749843 0.749847 0.749856 0.749868 0.749885 0.749906 0.749931 0.749960 0.749994 0.750031 0.750073 0.750119 0.750169 0.750222 0.750280 0.750342 0.750408 0.750477 0.750551 0.750628 0.750709 0.750794 0.750883 0.750975 0.751071 0.751170 0.751273 0.751380 0.751489 0.751602 0.751719 0.751838 0.751961 0.752087 0.752215 0.752347 0.752481 0.752618 0.752757 0.752899 0.753044 0.753190 0.753338 0.753488 0.753640 0.753794 0.753948 0.754104 0.754261 0.754418 0.754575 0.754733 0.754890 0.755046 0.755201 0.755355 0.755507 0.755656 0.755801 0.755943 0.756081 0.756214 0.756343 0.756467 0.756583 0.756691 0.756787 0.756869 0.756934 0.756983 0.757018 0.757045 0.757070 0.757096 0.757124 0.757141 0.757126 0.757046 0.756869 0.756573 0.756165 0.755695 0.755263 0.755005 0.755065 0.755532 0.756377 0.757392 0.758148 0.758019 0.756286 0.752383 0.746319 0.739133 0.733025 0.730659 0.733831 0.743327 0.759051 0.821583 0.924141
0.888528 0.823019 0.772945 0.740426 0.723361 0.717537 0.721396 0.731216 0.742413 0.751551 0.757208 0.759560 0.759553 0.758280 0.756661 0.755312 0.754530 0.754352 0.754638 0.755177 0.755770 0.756276 0.756632 0.756832 0.756910 0.756916 0.756890 0.756861 0.756842 0.756831 0.756822 0.756805 0.756773 0.756723 0.756656 0.756573 0.756478 0.756374 0.756263 0.756147 0.756026 0.755901 0.755771 0.755637 0.755500 0.755359 0.755216 0.755071 0.754925 0.754777 0.754629 0.754481 0.754333 0.754185 0.754037 0.753891 0.753745 0.753601 0.753458 0.753317 0.753177 0.753039 0.752904 0.752770 0.752639 0.752511 0.752385 0.752261 0.752141 0.752023 0.751908 0.751796 0.751687 0.751582 0.751479 0.751380 0.751284 0.751192 0.751103 0.751017 0.750935 0.750857 0.750782 0.750711 0.750644 0.750580 0.750520 0.750464 0.750412 0.750364 0.750320 0.750280 0.750243 0.750211 0.750183 0.750158 0.750138 0.750122 0.750110 0.750101 0.750097 0.750097 0.750102 0.750110 0.750122 0.750138 0.750158 0.750183 0.750211 0.750243 0.750280 0.750320 0.750364 0.750413 0.750465 0.750521 0.750580 0.750644 0.750711 0.750782 0.750857 0.750935 0.751017 0.751103 0.751192 0.751284 0.751380 0.751479 0.751582 0.751688 0.751796 0.751908 0.752023 0.752141 0.752262 0.752385 0.752511 0.752640 0.752771 0.752904 0.753040 0.753177 0.753317 0.753458 0.753601 0.753746 0.753891 0.754038 0.754185 0.754333 0.754481 0.754630 0.754778 0.754925 0.755071 0.755216 0.755359 0.755500 0.755637 0.755771 0.755901 0.756027 0.756148 0.756264 0.756374 0.756478 0.756573 0.756656 0.756723 0.756773 0.756805 0.756822 0.756831 0.756842 0.756861 0.756890 0.756916 0.756911 0.756832 0.756632 0.756277 0.755769 0.755176 0.754636 0.754350 0.754529 0.755312 0.756665 0.758288 0.759564 0.759572 0.757215 0.751546 0.742389 0.731170 0.721337 0.717482 0.723327 0.740420 0.772956 0.823033 0.888534
0.859372 0.811236 0.768156 0.734104 0.712097 0.704502 0.710168 0.723926 0.739149 0.751175 0.758340 0.761107 0.760845 0.759018 0.756812 0.755003 0.753959 0.753706 0.754049 0.754709 0.755425 0.756024 0.756430 0.756645 0.756717 0.756709 0.756674 0.756645 0.756634 0.756637 0.756645 0.756645 0.756630 0.756595 0.756541 0.756470 0.756387 0.756296 0.756197 0.756093 0.755984 0.755870 0.755752 0.755629 0.755503 0.755373 0.755240 0.755105 0.754968 0.754831 0.754692 0.754552 0.754413 0.754273 0.754134 0.753995 0.753857 0.753720 0.753584 0.753450 0.753317 0.753186 0.753056 0.752929 0.752804 0.752681 0.752560 0.752442 0.752326 0.752213 0.752103 0.751995 0.751891 0.751789 0.751690 0.751595 0.751503 0.751414 0.751328 0.751245 0.751166 0.751091 0.751018 0.750950 0.750885 0.750823 0.750766 0.750712 0.750661 0.750615 0.750572 0.750533 0.750498 0.750466 0.750439 0.750415 0.750396 0.750380 0.750368 0.750360 0.750356 0.750356 0.750360 0.750368 0.750380 0.750396 0.750415 0.750439 0.750466 0.750498 0.750533 0.750572 0.750615 0.750661 0.750712 0.750766 0.750824 0.750885 0.750950 0.751019 0.751091 0.751166 0.751246 0.751328 0.751414 0.751503 0.751595 0.751691 0.751789 0.751891 0.751996 0.752103 0.752213 0.752327 0.752442 0.752560 0.752681 0.752804 0.752930 0.753057 0.753186 0.753318 0.753450 0.753585 0.753721 0.753858 0.753996 0.754134 0.754274 0.754413 0.754553 0.754692 0.754831 0.754969 0.755106 0.755240 0.755373 0.755503 0.755630 0.755752 0.755871 0.755984 0.756093 0.756197 0.756296 0.756388 0.756470 0.756541 0.756595 0.756630 0.756646 0.756645 0.756637 0.756634 0.756645 0.756674 0.756709 0.756717 0.756645 0.756430 0.756025 0.755425 0.754708 0.754048 0.753704 0.753957 0.755004 0.756816 0.759027 0.760857 0.761119 0.758346 0.751165 0.739110 0.723852 0.710065 0.704393 0.712011 0.734057 0.768143 0.811243 0.859386
0.840352 0.800409 0.760344 0.725420 0.701200 0.692904 0.700676 0.718167 0.736959 0.751362 0.759622 0.762553 0.761932 0.759547 0.756803 0.754604 0.753362 0.753081 0.753509 0.754297 0.755133 0.755814 0.756259 0.756480 0.756542 0.756520 0.756476 0.756448 0.756445 0.756463 0.756488 0.756505 0.756504 0.756483 0.756441 0.756382 0.756310 0.756230 0.756143 0.756051 0.755953 0.755851 0.755744 0.755632 0.755516 0.755396 0.755273 0.755148 0.755021 0.754892 0.754762 0.754631 0.754500 0.754369 0.754237 0.754106 0.753976 0.753846 0.753717 0.753589 0.753463 0.753338 0.753215 0.753093 0.752974 0.752856 0.752741 0.752627 0.752517 0.752408 0.752302 0.752199 0.752099 0.752001 0.751906 0.751815 0.751726 0.751640 0.751557 0.751478 0.751402 0.751329 0.751259 0.751193 0.751130 0.751071 0.751015 0.750963 0.750914 0.750869 0.750828 0.750790 0.750756 0.750726 0.750699 0.750676 0.750657 0.750642 0.750631 0.750623 0.750619 0.750619 0.750623 0.750631 0.750642 0.750658 0.750677 0.750699 0.750726 0.750756 0.750790 0.750828 0.750869 0.750914 0.750963 0.751015 0.751071 0.751130 0.751193 0.751259 0.751329 0.751402 0.751478 0.751558 0.751640 0.751726 0.751815 0.751907 0.752002 0.752099 0.752200 0.752303 0.752409 0.752517 0.752628 0.752741 0.752857 0.752974 0.753094 0.753215 0.753339 0.753463 0.753590 0.753718 0.753846 0.753976 0.754107 0.754238 0.754369 0.754501 0.754632 0.754762 0.754892 0.755021 0.755148 0.755273 0.755396 0.755516 0.755632 0.755744 0.755851 0.755953 0.756051 0.756143 0.756230 0.756311 0.756382 0.756441 0.756483 0.756505 0.756505 0.756488 0.756463 0.756445 0.756448 0.756476 0.756520 0.756542 0.756481 0.756259 0.755814 0.755133 0.754296 0.753508 0.753079 0.753360 0.754604 0.756806 0.759555 0.761945 0.762566 0.759629 0.751350 0.736913 0.718077 0.700544 0.692758 0.701077 0.725345 0.760316 0.800415 0.840383
0.834502 0.794546 0.754419 0.718267 0.692641 0.684400 0.694202 0.714714 0.736145 0.752138 0.760978 0.763813 0.762754 0.759837 0.756630 0.754126 0.752756 0.752494 0.753028 0.753946 0.754892 0.755642 0.756115 0.756336 0.756384 0.756347 0.756296 0.756269 0.756277 0.756309 0.756350 0.756383 0.756396 0.756387 0.756356 0.756308 0.756247 0.756178 0.756101 0.756020 0.755934 0.755842 0.755745 0.755644 0.755538 0.755428 0.755315 0.755199 0.755081 0.754961 0.754840 0.754717 0.754594 0.754471 0.754347 0.754224 0.754100 0.753978 0.753856 0.753734 0.753614 0.753496 0.753378 0.753263 0.753149 0.753036 0.752926 0.752818 0.752712 0.752608 0.752507 0.752408 0.752312 0.752218 0.752127 0.752038 0.751953 0.751871 0.751791 0.751715 0.751641 0.751571 0.751504 0.751440 0.751379 0.751322 0.751268 0.751218 0.751171 0.751128 0.751088 0.751051 0.751018 0.750989 0.750963 0.750941 0.750923 0.750908 0.750897 0.750890 0.750886 0.750886 0.750890 0.750897 0.750908 0.750923 0.750941 0.750963 0.750989 0.751018 0.751051 0.751088 0.751128 0.751171 0.751218 0.751269 0.751322 0.751380 0.751440 0.751504 0.751571 0.751641 0.751715 0.751791 0.751871 0.751953 0.752039 0.752127 0.752218 0.752312 0.752408 0.752507 0.752609 0.752712 0.752818 0.752926 0.753037 0.753149 0.753263 0.753379 0.753496 0.753615 0.753735 0.753856 0.753978 0.754101 0.754224 0.754348 0.754471 0.754595 0.754718 0.754840 0.754961 0.755081 0.755199 0.755315 0.755428 0.755538 0.755644 0.755746 0.755842 0.755934 0.756020 0.756102 0.756178 0.756248 0.756308 0.756356 0.756387 0.756396 0.756383 0.756350 0.756310 0.756277 0.756269 0.756296 0.756347 0.756384 0.756336 0.756115 0.755642 0.754891 0.753945 0.753026 0.752492 0.752754 0.754126 0.756633 0.759845 0.762766 0.763826 0.760986 0.752130 0.736105 0.714629 0.694072 0.684251 0.692512 0.718185 0.754387 0.794553 0.834547
0.836738 0.792980 0.751603 0.714335 0.687960 0.680066 0.691390 0.713804 0.736689 0.753382 0.762290 0.764811 0.763279 0.759890 0.756314 0.753595 0.752165 0.751961 0.752613 0.753656 0.754698 0.755503 0.755993 0.756208 0.756240 0.756190 0.756133 0.756110 0.756128 0.756175 0.756231 0.756278 0.756304 0.756306 0.756286 0.756248 0.756197 0.756138 0.756072 0.756001 0.755925 0.755844 0.755757 0.755666 0.755569 0.755469 0.755365 0.755258 0.755149 0.755037 0.754924 0.754810 0.754695 0.754580 0.754463 0.754347 0.754231 0.754115 0.753999 0.753885 0.753771 0.753658 0.753547 0.753437 0.753328 0.753221 0.753116 0.753013 0.752911 0.752812 0.752715 0.752620 0.752528 0.752438 0.752351 0.752266 0.752184 0.752105 0.752029 0.751955 0.751884 0.751817 0.751752 0.751691 0.751632 0.751577 0.751525 0.751477 0.751431 0.751389 0.751351 0.751316 0.751284 0.751256 0.751231 0.751210 0.751192 0.751178 0.751167 0.751160 0.751156 0.751156 0.751160 0.751167 0.751178 0.751192 0.751210 0.751231 0.751256 0.751284 0.751316 0.751351 0.751390 0.751432 0.751477 0.751525 0.751577 0.751633 0.751691 0.751752 0.751817 0.751885 0.751955 0.752029 0.752105 0.752185 0.752267 0.752351 0.752439 0.752529 0.752621 0.752716 0.752813 0.752912 0.753013 0.753116 0.753222 0.753329 0.753437 0.753547 0.753659 0.753771 0.753885 0.754000 0.754115 0.754231 0.754348 0.754464 0.754580 0.754696 0.754811 0.754925 0.755038 0.755149 0.755258 0.755365 0.755469 0.755570 0.755666 0.755758 0.755844 0.755926 0.756002 0.756072 0.756138 0.756197 0.756248 0.756286 0.756307 0.756305 0.756278 0.756231 0.756175 0.756128 0.756110 0.756133 0.756190 0.756240 0.756208 0.755993 0.755503 0.754698 0.753655 0.752611 0.751959 0.752162 0.753594 0.756316 0.759896 0.763289 0.764824 0.762301 0.753382 0.736665 0.713745 0.691295 0.679952 0.687860 0.714272 0.751579 0.792988 0.836772
0.838264 0.793482 0.751267 0.713580 0.687157 0.679720 0.691841 0.714972 0.738197 0.754834 0.763419 0.765497 0.763511 0.759737 0.755895 0.753047 0.751616 0.751498 0.752270 0.753426 0.754547 0.755391 0.755890 0.756093 0.756110 0.756048 0.755989 0.755971 0.756000 0.756061 0.756131 0.756191 0.756229 0.756241 0.756230 0.756201 0.756160 0.756110 0.756055 0.755994 0.755928 0.755856 0.755779 0.755697 0.755610 0.755518 0.755423 0.755325 0.755224 0.755121 0.755016 0.754910 0.754802 0.754694 0.754585 0.754476 0.754367 0.754257 0.754148 0.754040 0.753932 0.753826 0.753720 0.753615 0.753512 0.753410 0.753310 0.753211 0.753115 0.753020 0.752927 0.752837 0.752748 0.752662 0.752579 0.752498 0.752419 0.752343 0.752269 0.752199 0.752131 0.752066 0.752004 0.751944 0.751888 0.751835 0.751785 0.751738 0.751695 0.751654 0.751617 0.751583 0.751553 0.751525 0.751502 0.751481 0.751464 0.751450 0.751440 0.751433 0.751430 0.751430 0.751433 0.751440 0.751450 0.751464 0.751481 0.751502 0.751525 0.751553 0.751583 0.751617 0.751654 0.751695 0.751739 0.751785 0.751835 0.751889 0.751945 0.752004 0.752066 0.752131 0.752199 0.752270 0.752343 0.752419 0.752498 0.752579 0.752663 0.752749 0.752837 0.752928 0.753021 0.753115 0.753212 0.753310 0.753411 0.753512 0.753616 0.753720 0.753826 0.753933 0.754041 0.754149 0.754258 0.754367 0.754477 0.754586 0.754695 0.754803 0.754910 0.755017 0.755121 0.755224 0.755325 0.755423 0.755519 0.755610 0.755697 0.755780 0.755856 0.755928 0.755994 0.756055 0.756111 0.756160 0.756202 0.756230 0.756241 0.756229 0.756191 0.756131 0.756061 0.756000 0.755971 0.755989 0.756048 0.756110 0.756094 0.755890 0.755392 0.754547 0.753425 0.752269 0.751495 0.751614 0.753046 0.755895 0.759740 0.763519 0.765508 0.763432 0.754843 0.738195 0.714951 0.691799 0.679667 0.687109 0.713551 0.751258 0.793490 0.838284
0.838759 0.794234 0.752225 0.714885 0.688963 0.681982 0.694280 0.717242 0.740052 0.756173 0.764245 0.765861 0.763493 0.759437 0.755427 0.752526 0.751136 0.751115 0.752001 0.753252 0.754433 0.755303 0.755801 0.755992 0.755994 0.755923 0.755863 0.755851 0.755891 0.755966 0.756049 0.756121 0.756169 0.756190 0.756188 0.756168 0.756136 0.756095 0.756048 0.755997 0.755940 0.755878 0.755810 0.755737 0.755658 0.755576 0.755489 0.755399 0.755306 0.755211 0.755114 0.755016 0.754916 0.754815 0.754713 0.754610 0.754508 0.754405 0.754302 0.754200 0.754098 0.753997 0.753897 0.753798 0.753700 0.753603 0.753508 0.753414 0.753322 0.753232 0.753143 0.753057 0.752972 0.752890 0.752810 0.752732 0.752657 0.752584 0.752513 0.752445 0.752380 0.752318 0.752258 0.752201 0.752147 0.752096 0.752048 0.752003 0.751961 0.751922 0.751886 0.751853 0.751824 0.751798 0.751775 0.751755 0.751738 0.751725 0.751715 0.751709 0.751705 0.751705 0.751709 0.751715 0.751725 0.751738 0.751755 0.751775 0.751798 0.751824 0.751854 0.751886 0.751922 0.751961 0.752003 0.752048 0.752096 0.752147 0.752201 0.752258 0.752318 0.752380 0.752446 0.752513 0.752584 0.752657 0.752732 0.752810 0.752890 0.752972 0.753057 0.753143 0.753232 0.753322 0.753414 0.753508 0.753604 0.753700 0.753798 0.753897 0.753998 0.754099 0.754200 0.754303 0.754405 0.754508 0.754611 0.754713 0.754815 0.754916 0.755016 0.755115 0.755212 0.755307 0.755399 0.755489 0.755576 0.755659 0.755737 0.755811 0.755878 0.755941 0.755997 0.756049 0.756095 0.756136 0.756168 0.756188 0.756191 0.756169 0.756121 0.756049 0.755966 0.755892 0.755851 0.755863 0.755923 0.755994 0.755992 0.755802 0.755304 0.754433 0.753251 0.752000 0.751114 0.751133 0.752524 0.755425 0.759438 0.763498 0.765869 0.764257 0.756189 0.740068 0.717256 0.694290 0.681988 0.688968 0.714890 0.752231 0.794240 0.838765
0.838254 0.794774 0.753465 0.716876 0.691660 0.685041 0.697169 0.719554 0.741659 0.757143 0.764707 0.765940 0.763298 0.759064 0.754970 0.752070 0.750745 0.750821 0.751802 0.753126 0.754350 0.755233 0.755725 0.755903 0.755892 0.755815 0.755756 0.755752 0.755803 0.755889 0.755984 0.756066 0.756124 0.756153 0.756159 0.756147 0.756123 0.756091 0.756054 0.756011 0.755963 0.755910 0.755850 0.755786 0.755715 0.755641 0.755562 0.755480 0.755395 0.755308 0.755218 0.755127 0.755034 0.754940 0.754845 0.754750 0.754653 0.754557 0.754461 0.754364 0.754268 0.754173 0.754078 0.753984 0.753891 0.753800 0.753709 0.753620 0.753532 0.753446 0.753362 0.753279 0.753199 0.753120 0.753044 0.752969 0.752897 0.752827 0.752760 0.752695 0.752632 0.752572 0.752515 0.752460 0.752409 0.752359 0.752313 0.752270 0.752229 0.752192 0.752157 0.752126 0.752098 0.752072 0.752050 0.752031 0.752015 0.752002 0.751993 0.751987 0.751983 0.751983 0.751987 0.751993 0.752003 0.752015 0.752031 0.752050 0.752072 0.752098 0.752126 0.752158 0.752192 0.752230 0.752270 0.752313 0.752360 0.752409 0.752461 0.752515 0.752573 0.752632 0.752695 0.752760 0.752828 0.752897 0.752970 0.753044 0.753121 0.753199 0.753280 0.753362 0.753447 0.753533 0.753620 0.753710 0.753800 0.753892 0.753985 0.754079 0.754173 0.754269 0.754365 0.754461 0.754558 0.754654 0.754750 0.754846 0.754941 0.755035 0.755128 0.755219 0.755308 0.755396 0.755481 0.755563 0.755641 0.755716 0.755786 0.755851 0.755910 0.755964 0.756011 0.756054 0.756092 0.756124 0.756148 0.756160 0.756154 0.756124 0.756066 0.755984 0.755889 0.755803 0.755752 0.755756 0.755815 0.755892 0.755903 0.755726 0.755233 0.754350 0.753126 0.751802 0.750819 0.750742 0.752068 0.754967 0.759063 0.763299 0.765946 0.764717 0.757160 0.741685 0.719590 0.697213 0.685087 0.691701 0.716904 0.753481 0.794779 0.838248
0.837663 0.795021 0.754419 0.718516 0.693874 0.687464 0.699332 0.721152 0.742647 0.757628 0.764829 0.765815 0.763013 0.758692 0.754576 0.751709 0.750453 0.750611 0.751666 0.753041 0.754290 0.755177 0.755661 0.755826 0.755806 0.755726 0.755669 0.755672 0.755734 0.755831 0.755936 0.756027 0.756093 0.756130 0.756144 0.756139 0.756123 0.756099 0.756070 0.756035 0.755996 0.755951 0.755899 0.755843 0.755780 0.755714 0.755643 0.755568 0.755491 0.755411 0.755329 0.755245 0.755159 0.755071 0.754983 0.754894 0.754804 0.754714 0.754623 0.754533 0.754442 0.754352 0.754263 0.754174 0.754086 0.753999 0.753914 0.753829 0.753746 0.753664 0.753584 0.753505 0.753428 0.753353 0.753280 0.753209 0.753140 0.753073 0.753009 0.752946 0.752887 0.752829 0.752774 0.752722 0.752672 0.752625 0.752581 0.752539 0.752500 0.752464 0.752431 0.752401 0.752373 0.752349 0.752328 0.752309 0.752294 0.752282 0.752273 0.752267 0.752263 0.752263 0.752267 0.752273 0.752282 0.752294 0.752310 0.752328 0.752349 0.752374 0.752401 0.752431 0.752464 0.752500 0.752539 0.752581 0.752625 0.752672 0.752722 0.752774 0.752829 0.752887 0.752947 0.753009 0.753074 0.753140 0.753209 0.753280 0.753354 0.753429 0.753505 0.753584 0.753664 0.753746 0.753829 0.753914 0.754000 0.754087 0.754175 0.754263 0.754353 0.754443 0.754533 0.754624 0.754714 0.754804 0.754894 0.754984 0.755072 0.755159 0.755245 0.755329 0.755411 0.755491 0.755569 0.755643 0.755714 0.755781 0.755843 0.755900 0.755951 0.755996 0.756036 0.756070 0.756099 0.756123 0.756139 0.756144 0.756131 0.756093 0.756028 0.755936 0.755831 0.755734 0.755673 0.755669 0.755726 0.755806 0.755826 0.755661 0.755177 0.754290 0.753042 0.751666 0.750610 0.750451 0.751707 0.754573 0.758689 0.763012 0.765816 0.764835 0.757642 0.742672 0.721192 0.699385 0.687523 0.693926 0.718552 0.754437 0.795024 0.837651
0.837210 0.795093 0.754889 0.719344 0.694956 0.688589 0.700265 0.721762 0.742936 0.757670 0.764704 0.765585 0.762724 0.758383 0.754281 0.751456 0.750259 0.750478 0.751582 0.752988 0.754248 0.755132 0.755607 0.755762 0.755736 0.755655 0.755602 0.755613 0.755684 0.755791 0.755904 0.756003 0.756076 0.756120 0.756141 0.756143 0.756134 0.756118 0.756096 0.756070 0.756038 0.756000 0.755957 0.755908 0.755853 0.755794 0.755730 0.755663 0.755593 0.755520 0.755445 0.755367 0.755288 0.755207 0.755126 0.755043 0.754959 0.754874 0.754790 0.754705 0.754620 0.754535 0.754451 0.754368 0.754285 0.754202 0.754121 0.754041 0.753962 0.753884 0.753808 0.753733 0.753660 0.753589 0.753519 0.753451 0.753385 0.753322 0.753260 0.753200 0.753143 0.753088 0.753036 0.752985 0.752938 0.752893 0.752850 0.752810 0.752773 0.752738 0.752706 0.752677 0.752651 0.752628 0.752607 0.752590 0.752575 0.752563 0.752554 0.752548 0.752545 0.752545 0.752548 0.752554 0.752563 0.752575 0.752590 0.752607 0.752628 0.752651 0.752678 0.752707 0.752738 0.752773 0.752810 0.752850 0.752893 0.752938 0.752986 0.753036 0.753088 0.753143 0.753201 0.753260 0.753322 0.753386 0.753452 0.753519 0.753589 0.753661 0.753734 0.753809 0.753885 0.753962 0.754041 0.754122 0.754203 0.754285 0.754368 0.754452 0.754536 0.754621 0.754705 0.754790 0.754875 0.754959 0.755043 0.755126 0.755208 0.755289 0.755368 0.755445 0.755520 0.755593 0.755664 0.755731 0.755794 0.755854 0.755908 0.755957 0.756001 0.756038 0.756070 0.756097 0.756118 0.756134 0.756143 0.756141 0.756121 0.756076 0.756004 0.755905 0.755791 0.755684 0.755614 0.755603 0.755655 0.755736 0.755762 0.755607 0.755133 0.754248 0.752988 0.751582 0.750477 0.750258 0.751454 0.754278 0.758379 0.762721 0.765583 0.764706 0.757678 0.742954 0.721794 0.700309 0.688639 0.695000 0.719373 0.754902 0.795093 0.837197
0.837120 0.795079 0.754940 0.719392 0.694943 0.688487 0.700086 0.721538 0.742693 0.757423 0.764459 0.765345 0.762495 0.758171 0.754097 0.751309 0.750152 0.750407 0.751538 0.752957 0.754219 0.755098 0.755565 0.755713 0.755684 0.755604 0.755556 0.755574 0.755653 0.755767 0.755888 0.755994 0.756073 0.756123 0.756150 0.756159 0.756157 0.756148 0.756133 0.756114 0.756089 0.756059 0.756023 0.755981 0.755933 0.755881 0.755825 0.755764 0.755701 0.755635 0.755566 0.755496 0.755423 0.755348 0.755273 0.755196 0.755118 0.755039 0.754960 0.754881 0.754802 0.754722 0.754643 0.754564 0.754486 0.754409 0.754332 0.754256 0.754181 0.754108 0.754035 0.753964 0.753895 0.753827 0.753761 0.753696 0.753633 0.753572 0.753513 0.753457 0.753402 0.753349 0.753299 0.753251 0.753205 0.753162 0.753121 0.753083 0.753047 0.753014 0.752984 0.752956 0.752931 0.752908 0.752889 0.752872 0.752858 0.752846 0.752838 0.752832 0.752829 0.752829 0.752832 0.752838 0.752846 0.752858 0.752872 0.752889 0.752908 0.752931 0.752956 0.752984 0.753014 0.753048 0.753083 0.753122 0.753162 0.753206 0.753251 0.753299 0.753350 0.753402 0.753457 0.753514 0.753573 0.753634 0.753696 0.753761 0.753827 0.753895 0.753965 0.754036 0.754108 0.754182 0.754256 0.754332 0.754409 0.754487 0.754565 0.754644 0.754723 0.754802 0.754881 0.754961 0.755040 0.755118 0.755196 0.755273 0.755349 0.755423 0.755496 0.755567 0.755635 0.755702 0.755765 0.755825 0.755882 0.755934 0.755981 0.756023 0.756059 0.756090 0.756114 0.756133 0.756148 0.756157 0.756159 0.756150 0.756124 0.756073 0.755994 0.755889 0.755768 0.755653 0.755575 0.755557 0.755604 0.755684 0.755713 0.755565 0.755098 0.754219 0.752957 0.751539 0.750407 0.750151 0.751308 0.754095 0.758168 0.762491 0.765342 0.764457 0.757424 0.742700 0.721554 0.700111 0.688516 0.694969 0.719409 0.754946 0.795077 0.837111
0.837223 0.795057 0.754760 0.718985 0.694284 0.687671 0.699280 0.720869 0.742196 0.757072 0.764211 0.765164 0.762357 0.758065 0.754016 0.751251 0.750114 0.750385 0.751524 0.752944 0.754202 0.755075 0.755536 0.755680 0.755651 0.755573 0.755531 0.755555 0.755640 0.755761 0.755888 0.755999 0.756083 0.756139 0.756171 0.756187 0.756191 0.756188 0.756180 0.756168 0.756150 0.756126 0.756097 0.756062 0.756021 0.755975 0.755926 0.755872 0.755815 0.755756 0.755694 0.755629 0.755563 0.755494 0.755424 0.755353 0.755281 0.755208 0.755135 0.755061 0.754987 0.754912 0.754838 0.754764 0.754691 0.754618 0.754545 0.754474 0.754403 0.754334 0.754265 0.754198 0.754132 0.754067 0.754004 0.753943 0.753883 0.753825 0.753769 0.753715 0.753663 0.753613 0.753565 0.753519 0.753475 0.753434 0.753395 0.753358 0.753324 0.753292 0.753263 0.753236 0.753212 0.753191 0.753172 0.753156 0.753142 0.753131 0.753123 0.753118 0.753115 0.753115 0.753118 0.753123 0.753131 0.753142 0.753156 0.753172 0.753191 0.753212 0.753236 0.753263 0.753292 0.753324 0.753358 0.753395 0.753434 0.753475 0.753519 0.753565 0.753613 0.753663 0.753715 0.753769 0.753826 0.753884 0.753943 0.754005 0.754068 0.754132 0.754198 0.754265 0.754334 0.754404 0.754474 0.754546 0.754618 0.754691 0.754765 0.754839 0.754913 0.754987 0.755061 0.755135 0.755209 0.755282 0.755354 0.755425 0.755495 0.755563 0.755630 0.755694 0.755756 0.755816 0.755873 0.755926 0.755976 0.756022 0.756062 0.756097 0.756127 0.756150 0.756168 0.756181 0.756188 0.756191 0.756187 0.756172 0.756140 0.756084 0.755999 0.755888 0.755761 0.755640 0.755555 0.755531 0.755574 0.755651 0.755681 0.755536 0.755075 0.754203 0.752944 0.751524 0.750385 0.750114 0.751251 0.754015 0.758063 0.762354 0.765161 0.764207 0.757069 0.742195 0.720871 0.699286 0.687679 0.694291 0.718988 0.754759 0.795054 0.837218
0.837418 0.795044 0.754544 0.718501 0.693528 0.686761 0.698409 0.720177 0.741718 0.756772 0.764036 0.765070 0.762312 0.758049 0.754018 0.751262 0.750128 0.750397 0.751531 0.752946 0.754198 0.755065 0.755522 0.755666 0.755638 0.755563 0.755525 0.755554 0.755644 0.755770 0.755902 0.756018 0.756107 0.756168 0.756205 0.756226 0.756236 0.756239 0.756237 0.756231 0.756219 0.756202 0.756179 0.756150 0.756116 0.756077 0.756033 0.755986 0.755936 0.755882 0.755826 0.755768 0.755707 0.755645 0.755581 0.755515 0.755449 0.755381 0.755313 0.755244 0.755175 0.755106 0.755037 0.754967 0.754898 0.754830 0.754762 0.754694 0.754628 0.754562 0.754497 0.754434 0.754371 0.754310 0.754250 0.754192 0.754135 0.754080 0.754027 0.753975 0.753926 0.753878 0.753832 0.753788 0.753747 0.753707 0.753670 0.753635 0.753602 0.753572 0.753544 0.753518 0.753495 0.753475 0.753457 0.753441 0.753428 0.753418 0.753410 0.753405 0.753402 0.753402 0.753405 0.753410 0.753418 0.753428 0.753441 0.753457 0.753475 0.753495 0.753518 0.753544 0.753572 0.753602 0.753635 0.753670 0.753707 0.753747 0.753788 0.753832 0.753878 0.753926 0.753976 0.754027 0.754081 0.754136 0.754192 0.754251 0.754310 0.754372 0.754434 0.754498 0.754562 0.754628 0.754695 0.754762 0.754830 0.754899 0.754968 0.755037 0.755106 0.755176 0.755245 0.755314 0.755382 0.755449 0.755516 0.755581 0.755645 0.755708 0.755768 0.755827 0.755883 0.755936 0.755987 0.756034 0.756077 0.756116 0.756151 0.756180 0.756203 0.756220 0.756231 0.756238 0.756239 0.756236 0.756226 0.756205 0.756168 0.756107 0.756018 0.755902 0.755770 0.755645 0.755554 0.755525 0.755564 0.755638 0.755666 0.755523 0.755065 0.754198 0.752946 0.751532 0.750397 0.750128 0.751262 0.754017 0.758048 0.762310 0.765067 0.764032 0.756767 0.741712 0.720171 0.698402 0.686754 0.693521 0.718496 0.754540 0.795041 0.837417
0.837511 0.795039 0.754419 0.718223 0.693089 0.686227 0.697889 0.719759 0.741432 0.756604 0.763957 0.765053 0.762336 0.758097 0.754075 0.751318 0.750177 0.750435 0.751558 0.752962 0.754207 0.755071 0.755526 0.755671 0.755645 0.755574 0.755539 0.755572 0.755666 0.755795 0.755930 0.756050 0.756143 0.756208 0.756250 0.756276 0.756291 0.756300 0.756304 0.756303 0.756298 0.756286 0.756269 0.756246 0.756218 0.756185 0.756147 0.756106 0.756062 0.756014 0.755964 0.755911 0.755857 0.755800 0.755741 0.755681 0.755620 0.755558 0.755495 0.755431 0.755367 0.755303 0.755238 0.755173 0.755109 0.755044 0.754981 0.754917 0.754855 0.754793 0.754732 0.754672 0.754613 0.754555 0.754498 0.754443 0.754389 0.754337 0.754286 0.754237 0.754190 0.754144 0.754101 0.754059 0.754019 0.753982 0.753946 0.753913 0.753882 0.753853 0.753826 0.753802 0.753779 0.753760 0.753743 0.753728 0.753715 0.753705 0.753698 0.753693 0.753690 0.753690 0.753693 0.753698 0.753705 0.753715 0.753728 0.753743 0.753760 0.753780 0.753802 0.753826 0.753853 0.753882 0.753913 0.753946 0.753982 0.754020 0.754059 0.754101 0.754145 0.754190 0.754237 0.754287 0.754337 0.754389 0.754443 0.754499 0.754555 0.754613 0.754672 0.754732 0.754793 0.754855 0.754918 0.754981 0.755045 0.755109 0.755174 0.755238 0.755303 0.755368 0.755432 0.755495 0.755559 0.755621 0.755682 0.755742 0.755800 0.755857 0.755912 0.755964 0.756015 0.756062 0.756107 0.756148 0.756185 0.756218 0.756247 0.756270 0.756287 0.756298 0.756304 0.756304 0.756300 0.756292 0.756276 0.756251 0.756209 0.756143 0.756050 0.755931 0.755795 0.755666 0.755572 0.755539 0.755574 0.755645 0.755671 0.755526 0.755071 0.754208 0.752963 0.751559 0.750435 0.750178 0.751319 0.754075 0.758097 0.762335 0.765052 0.763954 0.756599 0.741425 0.719750 0.697877 0.686215 0.693078 0.718215 0.754414 0.795037 0.837512
0.837475 0.795012 0.754424 0.718263 0.693150 0.686274 0.697897 0.719729 0.741389 0.756573 0.763956 0.765086 0.762398 0.758179 0.754165 0.751405 0.750253 0.750495 0.751604 0.752996 0.754234 0.755094 0.755549 0.755695 0.755671 0.755603 0.755571 0.755607 0.755703 0.755835 0.755973 0.756095 0.756192 0.756261 0.756307 0.756337 0.756357 0.756371 0.756379 0.756384 0.756384 0.756378 0.756366 0.756349 0.756326 0.756299 0.756267 0.756232 0.756193 0.756151 0.756106 0.756059 0.756010 0.755959 0.755906 0.755851 0.755795 0.755738 0.755680 0.755621 0.755561 0.755502 0.755442 0.755381 0.755321 0.755261 0.755201 0.755142 0.755083 0.755025 0.754968 0.754911 0.754855 0.754801 0.754747 0.754695 0.754644 0.754595 0.754547 0.754500 0.754455 0.754412 0.754371 0.754331 0.754293 0.754257 0.754223 0.754192 0.754162 0.754134 0.754109 0.754085 0.754064 0.754046 0.754029 0.754015 0.754003 0.753994 0.753986 0.753982 0.753979 0.753979 0.753982 0.753987 0.753994 0.754003 0.754015 0.754029 0.754046 0.754065 0.754086 0.754109 0.754134 0.754162 0.754192 0.754224 0.754258 0.754293 0.754331 0.754371 0.754412 0.754455 0.754500 0.754547 0.754595 0.754644 0.754695 0.754748 0.754801 0.754856 0.754911 0.754968 0.755025 0.755084 0.755142 0.755202 0.755262 0.755322 0.755382 0.755442 0.755502 0.755562 0.755621 0.755680 0.755738 0.755795 0.755851 0.755906 0.755959 0.756010 0.756060 0.756107 0.756151 0.756193 0.756232 0.756268 0.756299 0.756327 0.756349 0.756367 0.756378 0.756384 0.756385 0.756380 0.756371 0.756357 0.756337 0.756307 0.756261 0.756192 0.756096 0.755973 0.755835 0.755703 0.755607 0.755572 0.755603 0.755671 0.755695 0.755549 0.755094 0.754234 0.752997 0.751604 0.750496 0.750253 0.751406 0.754166 0.758179 0.762398 0.765085 0.763954 0.756570 0.741384 0.719722 0.697887 0.686264 0.693140 0.718256 0.754421 0.795011 0.837477
0.837236 0.794941 0.754529 0.718590 0.693677 0.686871 0.698396 0.720047 0.741544 0.756636 0.763990 0.765130 0.762467 0.758272 0.754273 0.751515 0.750352 0.750579 0.751671 0.753050 0.754279 0.755135 0.755590 0.755738 0.755716 0.755651 0.755621 0.755657 0.755755 0.755888 0.756028 0.756152 0.756252 0.756324 0.756374 0.756408 0.756432 0.756450 0.756463 0.756472 0.756477 0.756476 0.756470 0.756458 0.756440 0.756418 0.756392 0.756361 0.756328 0.756292 0.756252 0.756211 0.756167 0.756120 0.756072 0.756023 0.755972 0.755920 0.755866 0.755812 0.755758 0.755702 0.755647 0.755591 0.755535 0.755479 0.755423 0.755368 0.755312 0.755258 0.755204 0.755151 0.755098 0.755047 0.754997 0.754947 0.754899 0.754853 0.754807 0.754763 0.754720 0.754680 0.754640 0.754603 0.754567 0.754533 0.754500 0.754470 0.754442 0.754416 0.754391 0.754369 0.754349 0.754331 0.754315 0.754302 0.754291 0.754282 0.754275 0.754270 0.754268 0.754268 0.754270 0.754275 0.754282 0.754291 0.754302 0.754315 0.754331 0.754349 0.754369 0.754391 0.754416 0.754442 0.754470 0.754501 0.754533 0.754567 0.754603 0.754640 0.754680 0.754721 0.754763 0.754807 0.754853 0.754900 0.754948 0.754997 0.755047 0.755099 0.755151 0.755204 0.755258 0.755313 0.755368 0.755423 0.755479 0.755535 0.755591 0.755647 0.755703 0.755758 0.755813 0.755867 0.755920 0.755972 0.756023 0.756073 0.756121 0.756167 0.756211 0.756253 0.756292 0.756329 0.756362 0.756392 0.756418 0.756441 0.756458 0.756470 0.756477 0.756477 0.756473 0.756464 0.756450 0.756432 0.756408 0.756374 0.756324 0.756252 0.756153 0.756028 0.755888 0.755755 0.755658 0.755621 0.755651 0.755717 0.755738 0.755590 0.755135 0.754279 0.753050 0.751671 0.750580 0.750353 0.751515 0.754274 0.758273 0.762468 0.765130 0.763990 0.756635 0.741542 0.720043 0.698391 0.686866 0.693672 0.718587 0.754527 0.794940 0.837237
0.836886 0.794798 0.754674 0.719101 0.694526 0.687852 0.699236 0.720592 0.741812 0.756733 0.764018 0.765158 0.762526 0.758366 0.754393 0.751644 0.750476 0.750688 0.751762 0.753126 0.754344 0.755195 0.755649 0.755797 0.755778 0.755714 0.755685 0.755723 0.755820 0.755954 0.756094 0.756220 0.756321 0.756396 0.756449 0.756486 0.756514 0.756536 0.756554 0.756567 0.756576 0.756580 0.756578 0.756571 0.756558 0.756541 0.756520 0.756495 0.756466 0.756435 0.756401 0.756364 0.756325 0.756284 0.756241 0.756196 0.756150 0.756103 0.756054 0.756005 0.755954 0.755903 0.755852 0.755800 0.755749 0.755697 0.755645 0.755593 0.755542 0.755491 0.755440 0.755390 0.755341 0.755293 0.755245 0.755199 0.755154 0.755110 0.755067 0.755025 0.754985 0.754946 0.754909 0.754873 0.754839 0.754807 0.754776 0.754747 0.754721 0.754696 0.754672 0.754651 0.754632 0.754615 0.754600 0.754587 0.754577 0.754568 0.754562 0.754557 0.754555 0.754555 0.754557 0.754562 0.754568 0.754577 0.754588 0.754600 0.754615 0.754632 0.754652 0.754673 0.754696 0.754721 0.754748 0.754776 0.754807 0.754839 0.754873 0.754909 0.754946 0.754985 0.755025 0.755067 0.755110 0.755154 0.755199 0.755246 0.755293 0.755341 0.755391 0.755440 0.755491 0.755542 0.755593 0.755645 0.755697 0.755749 0.755801 0.755853 0.755904 0.755955 0.756005 0.756055 0.756103 0.756151 0.756197 0.756242 0.756285 0.756326 0.756365 0.756401 0.756435 0.756467 0.756495 0.756520 0.756542 0.756559 0.756571 0.756579 0.756580 0.756577 0.756568 0.756554 0.756536 0.756515 0.756487 0.756449 0.756397 0.756322 0.756221 0.756094 0.755954 0.755821 0.755723 0.755686 0.755715 0.755779 0.755798 0.755649 0.755195 0.754344 0.753126 0.751762 0.750689 0.750477 0.751645 0.754394 0.758367 0.762526 0.765158 0.764019 0.756733 0.741813 0.720592 0.699236 0.687852 0.694526 0.719101 0.754675 0.794798 0.836886
0.836379 0.794587 0.754808 0.719689 0.695543 0.689043 0.700256 0.721244 0.742114 0.756814 0.764013 0.765153 0.762565 0.758458 0.754526 0.751798 0.750630 0.750827 0.751880 0.753225 0.754429 0.755272 0.755723 0.755873 0.755855 0.755792 0.755763 0.755800 0.755897 0.756030 0.756171 0.756297 0.756400 0.756477 0.756532 0.756572 0.756603 0.756628 0.756649 0.756667 0.756680 0.756688 0.756690 0.756687 0.756680 0.756667 0.756651 0.756630 0.756607 0.756580 0.756551 0.756519 0.756485 0.756449 0.756411 0.756371 0.756329 0.756286 0.756242 0.756197 0.756151 0.756105 0.756057 0.756010 0.755962 0.755914 0.755866 0.755818 0.755770 0.755722 0.755675 0.755629 0.755583 0.755537 0.755493 0.755449 0.755407 0.755365 0.755325 0.755286 0.755248 0.755211 0.755176 0.755142 0.755110 0.755079 0.755050 0.755023 0.754998 0.754974 0.754952 0.754932 0.754914 0.754898 0.754883 0.754871 0.754861 0.754853 0.754847 0.754843 0.754840 0.754840 0.754843 0.754847 0.754853 0.754861 0.754871 0.754884 0.754898 0.754914 0.754932 0.754952 0.754974 0.754998 0.755023 0.755051 0.755080 0.755110 0.755142 0.755176 0.755211 0.755248 0.755286 0.755325 0.755366 0.755407 0.755450 0.755493 0.755538 0.755583 0.755629 0.755676 0.755723 0.755770 0.755818 0.755866 0.755914 0.755962 0.756010 0.756058 0.756105 0.756152 0.756198 0.756243 0.756287 0.756330 0.756371 0.756411 0.756449 0.756486 0.756520 0.756552 0.756581 0.756607 0.756631 0.756651 0.756668 0.756680 0.756688 0.756691 0.756688 0.756680 0.756667 0.756650 0.756629 0.756603 0.756573 0.756532 0.756477 0.756400 0.756298 0.756171 0.756031 0.755898 0.755801 0.755764 0.755792 0.755855 0.755873 0.755724 0.755273 0.754429 0.753225 0.751881 0.750827 0.750630 0.751798 0.754526 0.758459 0.762566 0.765154 0.764013 0.756815 0.742115 0.721246 0.700259 0.689047 0.695546 0.719691 0.754809 0.794587 0.836379
0.835854 0.794299 0.754905 0.720295 0.696632 0.690333 0.701357 0.721930 0.742405 0.756859 0.763965 0.765116 0.762588 0.758552 0.754676 0.751979 0.750816 0.750998 0.752027 0.753348 0.754534 0.755366 0.755813 0.755961 0.755944 0.755882 0.755853 0.755889 0.755985 0.756117 0.756256 0.756383 0.756486 0.756564 0.756621 0.756664 0.756698 0.756726 0.756750 0.756771 0.756788 0.756800 0.756806 0.756807 0.756804 0.756796 0.756784 0.756768 0.756749 0.756728 0.756703 0.756676 0.756646 0.756615 0.756581 0.756546 0.756509 0.756470 0.756431 0.756390 0.756348 0.756306 0.756263 0.756219 0.756175 0.756131 0.756087 0.756042 0.755998 0.755954 0.755910 0.755867 0.755824 0.755781 0.755740 0.755699 0.755659 0.755620 0.755582 0.755545 0.755510 0.755475 0.755442 0.755410 0.755380 0.755351 0.755323 0.755298 0.755274 0.755251 0.755230 0.755211 0.755194 0.755179 0.755165 0.755154 0.755144 0.755136 0.755131 0.755127 0.755125 0.755125 0.755127 0.755131 0.755136 0.755144 0.755154 0.755166 0.755179 0.755194 0.755212 0.755231 0.755251 0.755274 0.755298 0.755324 0.755351 0.755380 0.755410 0.755442 0.755475 0.755510 0.755546 0.755582 0.755620 0.755659 0.755699 0.755740 0.755782 0.755824 0.755867 0.755910 0.755954 0.755998 0.756043 0.756087 0.756131 0.756176 0.756220 0.756263 0.756306 0.756349 0.756391 0.756431 0.756471 0.756509 0.756546 0.756582 0.756615 0.756647 0.756676 0.756704 0.756728 0.756750 0.756769 0.756784 0.756796 0.756804 0.756808 0.756807 0.756800 0.756788 0.756772 0.756751 0.756726 0.756698 0.756664 0.756622 0.756565 0.756486 0.756383 0.756257 0.756117 0.755986 0.755890 0.755854 0.755882 0.755945 0.755962 0.755813 0.755367 0.754534 0.753348 0.752028 0.750999 0.750816 0.751980 0.754677 0.758552 0.762588 0.765116 0.763965 0.756860 0.742406 0.721933 0.701361 0.690337 0.696636 0.720297 0.754906 0.794299 0.835853
0.835185 0.793961 0.754969 0.720910 0.697775 0.691696 0.702518 0.722640 0.742684 0.756872 0.763882 0.765053 0.762602 0.758655 0.754851 0.752194 0.751038 0.751204 0.752205 0.753496 0.754659 0.755477 0.755917 0.756063 0.756047 0.755985 0.755956 0.755991 0.756084 0.756214 0.756352 0.756477 0.756581 0.756659 0.756718 0.756763 0.756799 0.756829 0.756857 0.756881 0.756901 0.756916 0.756927 0.756932 0.756932 0.756929 0.756921 0.756910 0.756895 0.756878 0.756858 0.756836 0.756811 0.756784 0.756754 0.756724 0.756691 0.756657 0.756622 0.756585 0.756548 0.756509 0.756470 0.756431 0.756390 0.756350 0.756309 0.756268 0.756228 0.756187 0.756146 0.756106 0.756066 0.756027 0.755988 0.755950 0.755913 0.755876 0.755841 0.755806 0.755773 0.755740 0.755709 0.755679 0.755651 0.755624 0.755598 0.755573 0.755551 0.755529 0.755510 0.755492 0.755476 0.755461 0.755449 0.755438 0.755428 0.755421 0.755415 0.755412 0.755410 0.755410 0.755412 0.755415 0.755421 0.755428 0.755438 0.755449 0.755461 0.755476 0.755492 0.755510 0.755530 0.755551 0.755574 0.755598 0.755624 0.755651 0.755680 0.755710 0.755741 0.755773 0.755807 0.755841 0.755877 0.755913 0.755951 0.755989 0.756027 0.756067 0.756107 0.756147 0.756187 0.756228 0.756269 0.756310 0.756350 0.756391 0.756431 0.756471 0.756510 0.756548 0.756586 0.756622 0.756657 0.756692 0.756724 0.756755 0.756784 0.756811 0.756836 0.756859 0.756879 0.756896 0.756910 0.756922 0.756929 0.756933 0.756932 0.756927 0.756917 0.756901 0.756881 0.756857 0.756830 0.756799 0.756763 0.756718 0.756660 0.756581 0.756478 0.756352 0.756214 0.756085 0.755991 0.755956 0.755985 0.756047 0.756064 0.755917 0.755477 0.754659 0.753496 0.752205 0.751205 0.751039 0.752194 0.754851 0.758655 0.762602 0.765054 0.763883 0.756873 0.742685 0.722643 0.702521 0.691700 0.697778 0.720913 0.754970 0.793961 0.835184
0.834557 0.793567 0.755024 0.721565 0.699004 0.693166 0.703770 0.723405 0.742980 0.756877 0.763784 0.764980 0.762618 0.758774 0.755054 0.752446 0.751300 0.751447 0.752414 0.753670 0.754805 0.755606 0.756037 0.756181 0.756164 0.756102 0.756073 0.756105 0.756197 0.756323 0.756459 0.756583 0.756685 0.756764 0.756824 0.756870 0.756908 0.756942 0.756972 0.756998 0.757022 0.757040 0.757054 0.757063 0.757068 0.757068 0.757065 0.757058 0.757048 0.757035 0.757019 0.757001 0.756981 0.756958 0.756934 0.756907 0.756879 0.756849 0.756818 0.756786 0.756752 0.756718 0.756683 0.756647 0.756611 0.756574 0.756537 0.756500 0.756462 0.756425 0.756388 0.756351 0.756314 0.756277 0.756242 0.756206 0.756171 0.756138 0.756104 0.756072 0.756041 0.756010 0.755981 0.755953 0.755926 0.755901 0.755877 0.755854 0.755832 0.755812 0.755794 0.755777 0.755762 0.755748 0.755736 0.755726 0.755717 0.755710 0.755705 0.755701 0.755700 0.755700 0.755701 0.755705 0.755710 0.755717 0.755726 0.755736 0.755748 0.755762 0.755777 0.755794 0.755813 0.755832 0.755854 0.755877 0.755901 0.755927 0.755953 0.755982 0.756011 0.756041 0.756072 0.756105 0.756138 0.756172 0.756207 0.756242 0.756278 0.756314 0.756351 0.756388 0.756425 0.756463 0.756500 0.756538 0.756575 0.756611 0.756648 0.756684 0.756719 0.756753 0.756786 0.756819 0.756850 0.756879 0.756908 0.756934 0.756959 0.756981 0.757002 0.757020 0.757035 0.757048 0.757058 0.757065 0.757069 0.757068 0.757064 0.757055 0.757041 0.757022 0.756999 0.756972 0.756942 0.756909 0.756871 0.756825 0.756765 0.756686 0.756583 0.756459 0.756324 0.756197 0.756106 0.756073 0.756103 0.756164 0.756181 0.756037 0.755606 0.754806 0.753671 0.752415 0.751448 0.751300 0.752446 0.755054 0.758774 0.762618 0.764980 0.763784 0.756877 0.742981 0.723407 0.703772 0.693169 0.699006 0.721566 0.755024 0.793567 0.834556
0.833724 0.793157 0.755089 0.722289 0.700358 0.694788 0.705160 0.724266 0.743327 0.756902 0.763691 0.764912 0.762647 0.758916 0.755290 0.752736 0.751603 0.751729 0.752658 0.753873 0.754976 0.755755 0.756176 0.756316 0.756299 0.756238 0.756207 0.756237 0.756325 0.756448 0.756580 0.756702 0.756804 0.756883 0.756943 0.756990 0.757030 0.757066 0.757098 0.757127 0.757153 0.757175 0.757193 0.757205 0.757214 0.757218 0.757219 0.757216 0.757210 0.757202 0.757190 0.757177 0.757161 0.757142 0.757122 0.757100 0.757076 0.757051 0.757024 0.756996 0.756966 0.756936 0.756905 0.756873 0.756840 0.756807 0.756774 0.756740 0.756706 0.756672 0.756638 0.756604 0.756570 0.756536 0.756503 0.756471 0.756439 0.756407 0.756376 0.756346 0.756317 0.756289 0.756262 0.756235 0.756210 0.756186 0.756164 0.756142 0.756122 0.756103 0.756086 0.756070 0.756056 0.756043 0.756032 0.756022 0.756014 0.756007 0.756002 0.755999 0.755997 0.755997 0.755999 0.756002 0.756007 0.756014 0.756022 0.756032 0.756043 0.756056 0.756070 0.756086 0.756104 0.756122 0.756142 0.756164 0.756187 0.756211 0.756236 0.756262 0.756289 0.756317 0.756346 0.756377 0.756407 0.756439 0.756471 0.756504 0.756537 0.756570 0.756604 0.756638 0.756672 0.756706 0.756740 0.756774 0.756808 0.756841 0.756873 0.756905 0.756937 0.756967 0.756996 0.757024 0.757051 0.757077 0.757101 0.757123 0.757143 0.757161 0.757177 0.757191 0.757202 0.757211 0.757217 0.757219 0.757219 0.757214 0.757206 0.757193 0.757176 0.757154 0.757128 0.757098 0.757066 0.757031 0.756991 0.756943 0.756883 0.756804 0.756703 0.756581 0.756448 0.756326 0.756238 0.756207 0.756238 0.756299 0.756316 0.756176 0.755756 0.754976 0.753874 0.752658 0.751729 0.751603 0.752737 0.755291 0.758917 0.762647 0.764912 0.763691 0.756902 0.743328 0.724267 0.705161 0.694790 0.700359 0.722290 0.755089 0.793157 0.833724
0.833025 0.792701 0.755174 0.723087 0.701841 0.696568 0.706701 0.725244 0.743749 0.756969 0.763621 0.764862 0.762697 0.759087 0.755562 0.753067 0.751947 0.752050 0.752936 0.754107 0.755173 0.755928 0.756336 0.756472 0.756454 0.756393 0.756361 0.756389 0.756473 0.756591 0.756720 0.756839 0.756939 0.757017 0.757077 0.757126 0.757167 0.757204 0.757239 0.757271 0.757299 0.757324 0.757345 0.757361 0.757373 0.757381 0.757386 0.757387 0.757385 0.757381 0.757374 0.757365 0.757353 0.757339 0.757323 0.757305 0.757285 0.757264 0.757241 0.757217 0.757191 0.757165 0.757138 0.757110 0.757081 0.757051 0.757021 0.756991 0.756960 0.756929 0.756898 0.756867 0.756836 0.756806 0.756775 0.756745 0.756716 0.756687 0.756658 0.756630 0.756603 0.756577 0.756552 0.756527 0.756504 0.756482 0.756461 0.756441 0.756422 0.756404 0.756388 0.756373 0.756360 0.756348 0.756337 0.756328 0.756320 0.756314 0.756309 0.756306 0.756305 0.756305 0.756306 0.756310 0.756314 0.756320 0.756328 0.756337 0.756348 0.756360 0.756373 0.756388 0.756404 0.756422 0.756441 0.756461 0.756482 0.756504 0.756528 0.756552 0.756577 0.756604 0.756631 0.756658 0.756687 0.756716 0.756746 0.756776 0.756806 0.756837 0.756868 0.756899 0.756930 0.756960 0.756991 0.757022 0.757052 0.757081 0.757110 0.757138 0.757166 0.757192 0.757217 0.757241 0.757264 0.757286 0.757305 0.757323 0.757339 0.757353 0.757365 0.757375 0.757382 0.757386 0.757388 0.757386 0.757382 0.757374 0.757362 0.757345 0.757325 0.757300 0.757271 0.757239 0.757205 0.757168 0.757126 0.757078 0.757017 0.756939 0.756839 0.756720 0.756592 0.756473 0.756389 0.756362 0.756394 0.756455 0.756473 0.756337 0.755929 0.755174 0.754107 0.752937 0.752050 0.751947 0.753068 0.755563 0.759088 0.762697 0.764862 0.763621 0.756969 0.743750 0.725244 0.706702 0.696569 0.701842 0.723088 0.755174 0.792701 0.833025
0.832040 0.792250 0.755249 0.723916 0.703396 0.698451 0.708351 0.726314 0.744239 0.757080 0.763582 0.764837 0.762774 0.759290 0.755870 0.753437 0.752330 0.752407 0.753248 0.754370 0.755396 0.756125 0.756519 0.756650 0.756631 0.756569 0.756536 0.756560 0.756639 0.756753 0.756877 0.756992 0.757090 0.757167 0.757227 0.757276 0.757319 0.757357 0.757394 0.757428 0.757459 0.757486 0.757510 0.757529 0.757545 0.757556 0.757564 0.757570 0.757572 0.757571 0.757568 0.757563 0.757555 0.757545 0.757533 0.757519 0.757503 0.757486 0.757467 0.757447 0.757425 0.757403 0.757379 0.757355 0.757329 0.757303 0.757276 0.757249 0.757222 0.757194 0.757166 0.757138 0.757110 0.757082 0.757054 0.757027 0.757000 0.756973 0.756947 0.756921 0.756896 0.756872 0.756849 0.756826 0.756804 0.756784 0.756764 0.756745 0.756728 0.756712 0.756696 0.756683 0.756670 0.756659 0.756649 0.756640 0.756633 0.756627 0.756623 0.756620 0.756619 0.756619 0.756620 0.756623 0.756627 0.756633 0.756640 0.756649 0.756659 0.756670 0.756683 0.756697 0.756712 0.756728 0.756746 0.756764 0.756784 0.756805 0.756826 0.756849 0.756872 0.756897 0.756922 0.756947 0.756973 0.757000 0.757027 0.757055 0.757082 0.757110 0.757138 0.757167 0.757194 0.757222 0.757250 0.757277 0.757304 0.757330 0.757355 0.757380 0.757403 0.757426 0.757447 0.757468 0.757487 0.757504 0.757520 0.757534 0.757546 0.757556 0.757563 0.757569 0.757572 0.757572 0.757570 0.757565 0.757557 0.757545 0.757530 0.757510 0.757487 0.757459 0.757428 0.757394 0.757358 0.757319 0.757277 0.757228 0.757167 0.757090 0.756993 0.756877 0.756753 0.756640 0.756561 0.756536 0.756570 0.756631 0.756650 0.756520 0.756125 0.755397 0.754371 0.753248 0.752408 0.752330 0.753438 0.755871 0.759290 0.762774 0.764838 0.763582 0.757080 0.744239 0.726314 0.708351 0.698452 0.703397 0.723916 0.755250 0.792249 0.832040
0.831406 0.791721 0.755275 0.724694 0.704920 0.700326 0.710015 0.727410 0.744756 0.757215 0.763565 0.764835 0.762876 0.759520 0.756209 0.753839 0.752744 0.752794 0.753585 0.754655 0.755639 0.756339 0.756718 0.756843 0.756823 0.756760 0.756725 0.756745 0.756819 0.756926 0.757045 0.757156 0.757251 0.757326 0.757386 0.757435 0.757478 0.757518 0.757556 0.757591 0.757625 0.757654 0.757680 0.757703 0.757721 0.757736 0.757747 0.757756 0.757762 0.757765 0.757765 0.757764 0.757760 0.757753 0.757745 0.757735 0.757723 0.757709 0.757694 0.757677 0.757659 0.757640 0.757620 0.757599 0.757577 0.757554 0.757530 0.757506 0.757482 0.757457 0.757432 0.757407 0.757382 0.757356 0.757331 0.757306 0.757281 0.757257 0.757233 0.757209 0.757186 0.757164 0.757142 0.757121 0.757101 0.757082 0.757064 0.757047 0.757030 0.757015 0.757001 0.756988 0.756976 0.756966 0.756957 0.756949 0.756942 0.756937 0.756933 0.756930 0.756929 0.756929 0.756930 0.756933 0.756937 0.756942 0.756949 0.756957 0.756966 0.756977 0.756988 0.757001 0.757015 0.757031 0.757047 0.757064 0.757082 0.757102 0.757122 0.757143 0.757164 0.757187 0.757209 0.757233 0.757257 0.757281 0.757306 0.757331 0.757357 0.757382 0.757407 0.757432 0.757458 0.757482 0.757507 0.757531 0.757554 0.757577 0.757599 0.757620 0.757641 0.757660 0.757678 0.757694 0.757710 0.757723 0.757735 0.757746 0.757754 0.757760 0.757764 0.757766 0.757765 0.757762 0.757756 0.757748 0.757736 0.757721 0.757703 0.757681 0.757655 0.757625 0.757592 0.757556 0.757519 0.757479 0.757436 0.757387 0.757327 0.757251 0.757157 0.757046 0.756927 0.756819 0.756745 0.756725 0.756761 0.756823 0.756844 0.756719 0.756340 0.755639 0.754656 0.753586 0.752794 0.752744 0.753839 0.756210 0.759521 0.762876 0.764835 0.763565 0.757216 0.744756 0.727410 0.710015 0.700327 0.704921 0.724695 0.755275 0.791720 0.831406
0.830336 0.791169 0.755182 0.725345 0.706315 0.702087 0.711591 0.728449 0.745241 0.757336 0.763545 0.764839 0.762992 0.759770 0.756569 0.754261 0.753175 0.753194 0.753934 0.754949 0.755887 0.756558 0.756921 0.757039 0.757016 0.756953 0.756914 0.756930 0.756997 0.757098 0.757211 0.757317 0.757408 0.757481 0.757540 0.757589 0.757632 0.757672 0.757711 0.757748 0.757782 0.757814 0.757842 0.757866 0.757887 0.757905 0.757919 0.757931 0.757940 0.757946 0.757950 0.757951 0.757951 0.757948 0.757943 0.757936 0.757927 0.757917 0.757905 0.757892 0.757877 0.757861 0.757844 0.757826 0.757807 0.757788 0.757767 0.757746 0.757724 0.757702 0.757680 0.757657 0.757634 0.757612 0.757589 0.757566 0.757544 0.757521 0.757499 0.757478 0.757457 0.757436 0.757416 0.757397 0.757379 0.757361 0.757344 0.757328 0.757313 0.757299 0.757286 0.757274 0.757263 0.757253 0.757245 0.757237 0.757231 0.757226 0.757222 0.757220 0.757218 0.757218 0.757220 0.757222 0.757226 0.757231 0.757237 0.757245 0.757253 0.757263 0.757274 0.757286 0.757299 0.757313 0.757328 0.757344 0.757361 0.757379 0.757397 0.757417 0.757436 0.757457 0.757478 0.757500 0.757522 0.757544 0.757566 0.757589 0.757612 0.757635 0.757658 0.757680 0.757703 0.757725 0.757746 0.757767 0.757788 0.757808 0.757827 0.757845 0.757862 0.757878 0.757892 0.757906 0.757918 0.757928 0.757937 0.757943 0.757948 0.757951 0.757952 0.757950 0.757947 0.757940 0.757931 0.757920 0.757905 0.757888 0.757867 0.757843 0.757814 0.757783 0.757748 0.757711 0.757673 0.757632 0.757589 0.757540 0.757482 0.757408 0.757318 0.757211 0.757099 0.756998 0.756930 0.756915 0.756953 0.757017 0.757039 0.756921 0.756558 0.755888 0.754949 0.753934 0.753195 0.753176 0.754261 0.756569 0.759771 0.762992 0.764840 0.763545 0.757336 0.745241 0.728450 0.711592 0.702088 0.706316 0.725346 0.755182 0.791169 0.830336
0.829818 0.790431 0.754955 0.725864 0.707580 0.703716 0.713043 0.729383 0.745644 0.757399 0.763490 0.764827 0.763104 0.760023 0.756934 0.754687 0.753607 0.753591 0.754274 0.755231 0.756122 0.756761 0.757107 0.757218 0.757193 0.757127 0.757084 0.757094 0.757155 0.757248 0.757354 0.757455 0.757541 0.757612 0.757669 0.757716 0.757759 0.757800 0.757839 0.757877 0.757912 0.757945 0.757975 0.758001 0.758024 0.758044 0.758061 0.758075 0.758087 0.758096 0.758103 0.758107 0.758110 0.758110 0.758108 0.758104 0.758099 0.758091 0.758082 0.758072 0.758061 0.758048 0.758034 0.758018 0.758002 0.757985 0.757968 0.757949 0.757930 0.757911 0.757891 0.757871 0.757850 0.757830 0.757809 0.757789 0.757769 0.757748 0.757728 0.757709 0.757689 0.757671 0.757652 0.757635 0.757618 0.757601 0.757586 0.757571 0.757557 0.757544 0.757532 0.757521 0.757511 0.757502 0.757494 0.757487 0.757481 0.757477 0.757473 0.757471 0.757470 0.757470 0.757471 0.757473 0.757477 0.757481 0.757487 0.757494 0.757502 0.757511 0.757521 0.757532 0.757544 0.757557 0.757571 0.757586 0.757602 0.757618 0.757635 0.757653 0.757671 0.757690 0.757709 0.757729 0.757749 0.757769 0.757789 0.757810 0.757830 0.757851 0.757871 0.757891 0.757911 0.757931 0.757950 0.757968 0.757986 0.758003 0.758019 0.758034 0.758048 0.758061 0.758073 0.758083 0.758092 0.758099 0.758105 0.758108 0.758110 0.758110 0.758108 0.758103 0.758096 0.758087 0.758076 0.758062 0.758045 0.758025 0.758002 0.757975 0.757946 0.757913 0.757877 0.757839 0.757800 0.757760 0.757717 0.757669 0.757612 0.757542 0.757455 0.757355 0.757249 0.757155 0.757095 0.757085 0.757127 0.757193 0.757218 0.757108 0.756762 0.756123 0.755231 0.754274 0.753591 0.753608 0.754687 0.756935 0.760024 0.763104 0.764827 0.763490 0.757400 0.745644 0.729384 0.713044 0.703717 0.707581 0.725865 0.754956 0.790431 0.829818
0.828384 0.789550 0.754650 0.726410 0.708900 0.705366 0.714463 0.730245 0.745961 0.757383 0.763373 0.764773 0.763192 0.760263 0.757291 0.755102 0.754025 0.753967 0.754589 0.755484 0.756325 0.756931 0.757258 0.757360 0.757332 0.757263 0.757216 0.757219 0.757272 0.757358 0.757456 0.757550 0.757632 0.757699 0.757754 0.757801 0.757843 0.757883 0.757922 0.757961 0.757997 0.758031 0.758062 0.758091 0.758116 0.758137 0.758157 0.758173 0.758188 0.758199 0.758209 0.758216 0.758221 0.758224 0.758225 0.758225 0.758222 0.758218 0.758212 0.758205 0.758196 0.758186 0.758175 0.758162 0.758149 0.758135 0.758120 0.758104 0.758088 0.758071 0.758053 0.758036 0.758018 0.757999 0.757981 0.757963 0.757944 0.757926 0.757908 0.757890 0.757873 0.757856 0.757839 0.757823 0.757807 0.757792 0.757778 0.757765 0.757752 0.757740 0.757729 0.757718 0.757709 0.757701 0.757693 0.757687 0.757682 0.757678 0.757674 0.757672 0.757671 0.757671 0.757672 0.757674 0.757678 0.757682 0.757687 0.757694 0.757701 0.757709 0.757719 0.757729 0.757740 0.757752 0.757765 0.757778 0.757793 0.757808 0.757823 0.757839 0.757856 0.757873 0.757890 0.757908 0.757926 0.757945 0.757963 0.757981 0.758000 0.758018 0.758036 0.758054 0.758071 0.758088 0.758104 0.758120 0.758135 0.758149 0.758163 0.758175 0.758186 0.758196 0.758205 0.758212 0.758218 0.758223 0.758225 0.758226 0.758225 0.758222 0.758217 0.758209 0.758200 0.758188 0.758174 0.758157 0.758138 0.758116 0.758091 0.758063 0.758032 0.757998 0.757961 0.757923 0.757884 0.757844 0.757801 0.757755 0.757700 0.757633 0.757551 0.757456 0.757358 0.757273 0.757220 0.757216 0.757263 0.757332 0.757361 0.757259 0.756931 0.756326 0.755484 0.754589 0.753968 0.754025 0.755103 0.757291 0.760264 0.763192 0.764773 0.763373 0.757384 0.745962 0.730246 0.714464 0.705368 0.708901 0.726411 0.754651 0.789550 0.828384
0.826915 0.788395 0.754530 0.727375 0.710672 0.707374 0.716093 0.731182 0.746264 0.757312 0.763194 0.764669 0.763245 0.760481 0.757632 0.755503 0.754424 0.754319 0.754873 0.755701 0.756489 0.757059 0.757366 0.757459 0.757425 0.757352 0.757300 0.757297 0.757341 0.757418 0.757509 0.757597 0.757674 0.757738 0.757790 0.757836 0.757877 0.757918 0.757957 0.757996 0.758034 0.758069 0.758102 0.758132 0.758159 0.758184 0.758206 0.758225 0.758242 0.758257 0.758269 0.758279 0.758288 0.758294 0.758298 0.758300 0.758301 0.758300 0.758297 0.758293 0.758287 0.758280 0.758272 0.758262 0.758252 0.758241 0.758228 0.758215 0.758202 0.758187 0.758172 0.758157 0.758142 0.758126 0.758110 0.758093 0.758077 0.758061 0.758045 0.758029 0.758013 0.757998 0.757983 0.757968 0.757954 0.757941 0.757928 0.757915 0.757904 0.757893 0.757882 0.757873 0.757865 0.757857 0.757850 0.757844 0.757839 0.757836 0.757833 0.757831 0.757830 0.757830 0.757831 0.757833 0.757836 0.757840 0.757844 0.757850 0.757857 0.757865 0.757873 0.757883 0.757893 0.757904 0.757915 0.757928 0.757941 0.757954 0.757968 0.757983 0.757998 0.758013 0.758029 0.758045 0.758061 0.758077 0.758094 0.758110 0.758126 0.758142 0.758157 0.758173 0.758188 0.758202 0.758216 0.758229 0.758241 0.758252 0.758263 0.758272 0.758280 0.758287 0.758293 0.758297 0.758300 0.758301 0.758301 0.758299 0.758294 0.758288 0.758280 0.758270 0.758257 0.758242 0.758225 0.758206 0.758184 0.758160 0.758133 0.758103 0.758070 0.758034 0.757997 0.757958 0.757918 0.757878 0.757836 0.757791 0.757738 0.757674 0.757597 0.757509 0.757419 0.757342 0.757297 0.757301 0.757353 0.757426 0.757459 0.757367 0.757060 0.756490 0.755702 0.754874 0.754320 0.754424 0.755504 0.757633 0.760482 0.763246 0.764669 0.763195 0.757312 0.746265 0.731183 0.716094 0.707376 0.710673 0.727376 0.754530 0.788395 0.826915
0.823798 0.787234 0.755288 0.729347 0.713382 0.710140 0.718243 0.732409 0.746689 0.757262 0.762993 0.764532 0.763274 0.760688 0.757972 0.755907 0.754823 0.754667 0.755147 0.755902 0.756631 0.757161 0.757446 0.757527 0.757488 0.757411 0.757353 0.757342 0.757378 0.757446 0.757529 0.757611 0.757684 0.757745 0.757796 0.757841 0.757883 0.757924 0.757965 0.758005 0.758045 0.758082 0.758118 0.758150 0.758181 0.758208 0.758233 0.758256 0.758277 0.758295 0.758311 0.758325 0.758337 0.758347 0.758355 0.758361 0.758365 0.758367 0.758368 0.758368 0.758365 0.758362 0.758357 0.758351 0.758344 0.758335 0.758326 0.758316 0.758305 0.758294 0.758282 0.758269 0.758256 0.758243 0.758229 0.758215 0.758201 0.758187 0.758173 0.758159 0.758145 0.758132 0.758118 0.758105 0.758093 0.758081 0.758069 0.758058 0.758047 0.758038 0.758028 0.758020 0.758012 0.758005 0.757999 0.757994 0.757989 0.757986 0.757983 0.757981 0.757980 0.757980 0.757981 0.757983 0.757986 0.757989 0.757994 0.757999 0.758005 0.758012 0.758020 0.758028 0.758038 0.758047 0.758058 0.758069 0.758081 0.758093 0.758106 0.758119 0.758132 0.758145 0.758159 0.758173 0.758187 0.758201 0.758215 0.758229 0.758243 0.758256 0.758269 0.758282 0.758294 0.758306 0.758317 0.758327 0.758336 0.758344 0.758351 0.758357 0.758362 0.758366 0.758368 0.758369 0.758368 0.758365 0.758361 0.758355 0.758347 0.758337 0.758326 0.758312 0.758295 0.758277 0.758257 0.758234 0.758209 0.758181 0.758151 0.758118 0.758083 0.758045 0.758006 0.757965 0.757924 0.757884 0.757842 0.757797 0.757746 0.757685 0.757612 0.757530 0.757447 0.757378 0.757342 0.757354 0.757411 0.757489 0.757528 0.757446 0.757162 0.756632 0.755902 0.755148 0.754667 0.754824 0.755907 0.757972 0.760688 0.763275 0.764532 0.762994 0.757263 0.746689 0.732410 0.718244 0.710141 0.713382 0.729348 0.755288 0.787234 0.823798
0.817869 0.788456 0.757969 0.732788 0.717279 0.713874 0.721124 0.734129 0.747397 0.757347 0.762842 0.764412 0.763318 0.760919 0.758348 0.756354 0.755269 0.755058 0.755458 0.756133 0.756798 0.757284 0.757543 0.757612 0.757566 0.757483 0.757420 0.757402 0.757429 0.757490 0.757566 0.757643 0.757713 0.757772 0.757823 0.757869 0.757912 0.757955 0.757998 0.758041 0.758084 0.758125 0.758164 0.758201 0.758236 0.758268 0.758297 0.758325 0.758350 0.758373 0.758394 0.758412 0.758429 0.758443 0.758456 0.758466 0.758475 0.758482 0.758487 0.758490 0.758492 0.758493 0.758492 0.758489 0.758486 0.758481 0.758476 0.758469 0.758461 0.758453 0.758444 0.758434 0.758424 0.758414 0.758403 0.758391 0.758380 0.758368 0.758356 0.758344 0.758332 0.758321 0.758309 0.758298 0.758287 0.758276 0.758266 0.758256 0.758247 0.758238 0.758230 0.758222 0.758215 0.758209 0.758204 0.758199 0.758195 0.758192 0.758189 0.758188 0.758187 0.758187 0.758188 0.758189 0.758192 0.758195 0.758199 0.758204 0.758209 0.758215 0.758222 0.758230 0.758238 0.758247 0.758256 0.758266 0.758276 0.758287 0.758298 0.758309 0.758321 0.758332 0.758344 0.758356 0.758368 0.758380 0.758391 0.758403 0.758414 0.758425 0.758435 0.758444 0.758453 0.758462 0.758469 0.758476 0.758482 0.758486 0.758490 0.758492 0.758493 0.758493 0.758491 0.758487 0.758482 0.758475 0.758467 0.758456 0.758444 0.758429 0.758413 0.758394 0.758373 0.758350 0.758325 0.758298 0.758268 0.758236 0.758202 0.758165 0.758126 0.758085 0.758042 0.757999 0.757956 0.757913 0.757869 0.757824 0.757773 0.757713 0.757644 0.757567 0.757491 0.757430 0.757402 0.757421 0.757484 0.757566 0.757612 0.757544 0.757285 0.756799 0.756134 0.755459 0.755058 0.755269 0.756355 0.758348 0.760920 0.763318 0.764412 0.762842 0.757348 0.747398 0.734129 0.721124 0.713875 0.717279 0.732788 0.757970 0.788456 0.817869
0.825450 0.795201 0.763095 0.737374 0.721937 0.718318 0.724691 0.736415 0.748499 0.757669 0.762824 0.764377 0.763434 0.761231 0.758819 0.756908 0.755827 0.755562 0.755879 0.756468 0.757063 0.757501 0.757731 0.757784 0.757731 0.757644 0.757576 0.757551 0.757572 0.757626 0.757696 0.757769 0.757837 0.757897 0.757949 0.757997 0.758043 0.758090 0.758137 0.758185 0.758232 0.758278 0.758322 0.758364 0.758404 0.758442 0.758477 0.758510 0.758541 0.758570 0.758597 0.758621 0.758643 0.758663 0.758681 0.758697 0.758710 0.758722 0.758732 0.758741 0.758747 0.758752 0.758756 0.758758 0.758758 0.758758 0.758756 0.758753 0.758749 0.758744 0.758738 0.758732 0.758725 0.758717 0.758709 0.758700 0.758691 0.758682 0.758672 0.758663 0.758653 0.758643 0.758633 0.758624 0.758615 0.758606 0.758597 0.758588 0.758580 0.758573 0.758565 0.758559 0.758553 0.758547 0.758543 0.758538 0.758535 0.758532 0.758530 0.758528 0.758528 0.758528 0.758528 0.758530 0.758532 0.758535 0.758538 0.758543 0.758547 0.758553 0.758559 0.758566 0.758573 0.758580 0.758588 0.758597 0.758606 0.758615 0.758624 0.758634 0.758643 0.758653 0.758663 0.758672 0.758682 0.758691 0.758700 0.758709 0.758717 0.758725 0.758732 0.758739 0.758744 0.758749 0.758753 0.758756 0.758758 0.758759 0.758758 0.758756 0.758753 0.758748 0.758741 0.758733 0.758723 0.758711 0.758697 0.758681 0.758663 0.758643 0.758621 0.758597 0.758571 0.758542 0.758511 0.758478 0.758442 0.758405 0.758365 0.758323 0.758278 0.758232 0.758185 0.758137 0.758090 0.758044 0.757997 0.757949 0.757897 0.757838 0.757770 0.757697 0.757626 0.757572 0.757552 0.757576 0.757645 0.757732 0.757785 0.757731 0.757501 0.757063 0.756469 0.755879 0.755562 0.755828 0.756909 0.758819 0.761232 0.763435 0.764378 0.762825 0.757670 0.748499 0.736416 0.724691 0.718319 0.721937 0.737375 0.763095 0.795201 0.825449
0.853377 0.807644 0.768916 0.741158 0.725942 0.722745 0.728613 0.739150 0.749984 0.758270 0.763002 0.764489 0.763683 0.761681 0.759441 0.757629 0.756562 0.756247 0.756480 0.756980 0.757501 0.757886 0.758085 0.758123 0.758063 0.757972 0.757900 0.757870 0.757885 0.757933 0.757999 0.758070 0.758138 0.758198 0.758253 0.758305 0.758356 0.758407 0.758459 0.758512 0.758565 0.758617 0.758668 0.758716 0.758762 0.758806 0.758848 0.758887 0.758924 0.758959 0.758992 0.759022 0.759050 0.759076 0.759100 0.759121 0.759140 0.759157 0.759172 0.759186 0.759197 0.759207 0.759215 0.759221 0.759226 0.759229 0.759231 0.759232 0.759232 0.759231 0.759228 0.759225 0.759221 0.759216 0.759211 0.759205 0.759199 0.759192 0.759185 0.759177 0.759169 0.759162 0.759154 0.759146 0.759139 0.759131 0.759124 0.759117 0.759110 0.759103 0.759097 0.759091 0.759086 0.759082 0.759077 0.759074 0.759071 0.759068 0.759066 0.759065 0.759064 0.759064 0.759065 0.759066 0.759068 0.759071 0.759074 0.759077 0.759082 0.759086 0.759092 0.759097 0.759103 0.759110 0.759117 0.759124 0.759131 0.759139 0.759146 0.759154 0.759162 0.759170 0.759177 0.759185 0.759192 0.759199 0.759205 0.759211 0.759217 0.759221 0.759225 0.759229 0.759231 0.759232 0.759233 0.759232 0.759230 0.759226 0.759221 0.759215 0.759207 0.759198 0.759186 0.759173 0.759158 0.759141 0.759121 0.759100 0.759077 0.759051 0.759023 0.758992 0.758960 0.758925 0.758888 0.758848 0.758807 0.758763 0.758717 0.758668 0.758618 0.758566 0.758513 0.758460 0.758408 0.758356 0.758306 0.758254 0.758199 0.758138 0.758071 0.758000 0.757934 0.757885 0.757870 0.757900 0.757973 0.758064 0.758124 0.758086 0.757887 0.757501 0.756981 0.756480 0.756247 0.756562 0.757629 0.759442 0.761682 0.763683 0.764490 0.763002 0.758270 0.749984 0.739151 0.728613 0.722745 0.725942 0.741158 0.768916 0.807644 0.853376
0.888601 0.819421 0.769255 0.739738 0.727643 0.726327 0.732413 0.742048 0.751713 0.759103 0.763375 0.764770 0.764089 0.762292 0.760237 0.758537 0.757497 0.757139 0.757292 0.757705 0.758149 0.758481 0.758648 0.758671 0.758604 0.758511 0.758436 0.758402 0.758412 0.758455 0.758518 0.758587 0.758655 0.758718 0.758776 0.758831 0.758887 0.758943 0.759000 0.759058 0.759116 0.759174 0.759230 0.759284 0.759336 0.759386 0.759433 0.759478 0.759521 0.759561 0.759600 0.759635 0.759668 0.759699 0.759728 0.759754 0.759778 0.759800 0.759819 0.759837 0.759853 0.759866 0.759878 0.759889 0.759897 0.759904 0.759910 0.759914 0.759917 0.759919 0.759919 0.759919 0.759918 0.759916 0.759913 0.759909 0.759905 0.759901 0.759896 0.759890 0.759885 0.759879 0.759873 0.759866 0.759860 0.759854 0.759848 0.759842 0.759837 0.759831 0.759826 0.759821 0.759817 0.759813 0.759809 0.759806 0.759804 0.759801 0.759800 0.759799 0.759798 0.759798 0.759799 0.759800 0.759801 0.759804 0.759806 0.759809 0.759813 0.759817 0.759821 0.759826 0.759831 0.759837 0.759842 0.759848 0.759854 0.759860 0.759867 0.759873 0.759879 0.759885 0.759890 0.759896 0.759901 0.759906 0.759910 0.759913 0.759916 0.759918 0.759919 0.759920 0.759919 0.759917 0.759914 0.759910 0.759905 0.759898 0.759889 0.759879 0.759867 0.759853 0.759837 0.759820 0.759800 0.759778 0.759755 0.759728 0.759700 0.759669 0.759636 0.759600 0.759562 0.759522 0.759479 0.759434 0.759386 0.759336 0.759285 0.759230 0.759174 0.759117 0.759059 0.759000 0.758943 0.758887 0.758832 0.758776 0.758718 0.758655 0.758588 0.758519 0.758456 0.758412 0.758402 0.758436 0.758511 0.758605 0.758671 0.758649 0.758481 0.758150 0.757705 0.757293 0.757140 0.757497 0.758537 0.760238 0.762293 0.764090 0.764770 0.763376 0.759104 0.751713 0.742048 0.732413 0.726327 0.727644 0.739739 0.769255 0.819421 0.888600
0.924304 0.813819 0.746352 0.731541 0.726485 0.728764 0.735723 0.744798 0.753468 0.760037 0.763870 0.765169 0.764609 0.763016 0.761153 0.759574 0.758572 0.758183 0.758262 0.758590 0.758961 0.759241 0.759377 0.759386 0.759314 0.759219 0.759142 0.759104 0.759109 0.759147 0.759206 0.759272 0.759339 0.759402 0.759463 0.759521 0.759579 0.759638 0.759698 0.759760 0.759821 0.759882 0.759942 0.759999 0.760055 0.760108 0.760159 0.760208 0.760254 0.760298 0.760339 0.760378 0.760415 0.760449 0.760481 0.760510 0.760537 0.760562 0.760584 0.760605 0.760623 0.760640 0.760654 0.760667 0.760678 0.760688 0.760696 0.760702 0.760708 0.760712 0.760714 0.760716 0.760717 0.760717 0.760716 0.760714 0.760712 0.760709 0.760706 0.760702 0.760698 0.760693 0.760689 0.760684 0.760679 0.760674 0.760669 0.760664 0.760660 0.760655 0.760651 0.760647 0.760643 0.760640 0.760637 0.760634 0.760632 0.760630 0.760628 0.760628 0.760627 0.760627 0.760628 0.760628 0.760630 0.760632 0.760634 0.760637 0.760640 0.760643 0.760647 0.760651 0.760655 0.760660 0.760664 0.760669 0.760674 0.760679 0.760684 0.760689 0.760693 0.760698 0.760702 0.760706 0.760709 0.760712 0.760715 0.760716 0.760717 0.760717 0.760716 0.760715 0.760712 0.760708 0.760703 0.760696 0.760688 0.760678 0.760667 0.760655 0.760640 0.760623 0.760605 0.760585 0.760562 0.760537 0.760510 0.760481 0.760449 0.760415 0.760379 0.760340 0.760298 0.760254 0.760208 0.760160 0.760109 0.760055 0.760000 0.759942 0.759883 0.759822 0.759760 0.759699 0.759639 0.759579 0.759521 0.759463 0.759403 0.759340 0.759273 0.759206 0.759148 0.759110 0.759105 0.759142 0.759220 0.759315 0.759386 0.759378 0.759241 0.758962 0.758591 0.758263 0.758183 0.758572 0.759575 0.761153 0.763017 0.764609 0.765170 0.763870 0.760038 0.753468 0.744798 0.735724 0.728765 0.726486 0.731543 0.746353 0.813820 0.924304
0.966726 0.677121 0.716203 0.719843 0.724646 0.730647 0.738560 0.747202 0.755028 0.760886 0.764333 0.765550 0.765104 0.763707 0.762029 0.760574 0.759615 0.759201 0.759215 0.759465 0.759767 0.759998 0.760107 0.760103 0.760028 0.759931 0.759851 0.759808 0.759805 0.759836 0.759887 0.759948 0.760011 0.760072 0.760131 0.760189 0.760246 0.760305 0.760364 0.760425 0.760486 0.760546 0.760606 0.760663 0.760718 0.760772 0.760823 0.760871 0.760918 0.760962 0.761003 0.761042 0.761079 0.761114 0.761146 0.761175 0.761203 0.761228 0.761251 0.761273 0.761292 0.761309 0.761324 0.761338 0.761350 0.761360 0.761369 0.761377 0.761383 0.761388 0.761392 0.761395 0.761397 0.761398 0.761398 0.761398 0.761396 0.761395 0.761392 0.761389 0.761386 0.761383 0.761379 0.761375 0.761371 0.761367 0.761363 0.761359 0.761355 0.761351 0.761348 0.761344 0.761341 0.761338 0.761335 0.761333 0.761331 0.761330 0.761328 0.761328 0.761327 0.761327 0.761328 0.761328 0.761330 0.761331 0.761333 0.761335 0.761338 0.761341 0.761344 0.761348 0.761351 0.761355 0.761359 0.761363 0.761367 0.761371 0.761375 0.761379 0.761383 0.761386 0.761390 0.761392 0.761395 0.761397 0.761398 0.761398 0.761398 0.761397 0.761395 0.761393 0.761389 0.761384 0.761377 0.761370 0.761361 0.761350 0.761338 0.761325 0.761309 0.761292 0.761273 0.761252 0.761229 0.761203 0.761176 0.761146 0.761114 0.761080 0.761043 0.761004 0.760962 0.760918 0.760872 0.760823 0.760772 0.760719 0.760663 0.760606 0.760547 0.760487 0.760426 0.760365 0.760305 0.760247 0.760189 0.760132 0.760073 0.760011 0.759948 0.759887 0.759836 0.759806 0.759808 0.759852 0.759932 0.760028 0.760103 0.760107 0.759999 0.759768 0.759466 0.759216 0.759202 0.759616 0.760574 0.762030 0.763708 0.765105 0.765551 0.764333 0.760886 0.755029 0.747203 0.738560 0.730648 0.724647 0.719845 0.716205 0.677122 0.966726
0.000000 0.663172 0.695460 0.716911 0.725697 0.733294 0.741235 0.749210 0.756222 0.761447 0.764554 0.765695 0.765347 0.764120 0.762607 0.761263 0.760344 0.759907 0.759859 0.760035 0.760272 0.760457 0.760540 0.760525 0.760446 0.760347 0.760262 0.760211 0.760197 0.760215 0.760254 0.760305 0.760360 0.760414 0.760468 0.760520 0.760573 0.760626 0.760681 0.760736 0.760792 0.760848 0.760902 0.760955 0.761006 0.761055 0.761102 0.761147 0.761190 0.761231 0.761269 0.761305 0.761339 0.761371 0.761401 0.761428 0.761454 0.761477 0.761499 0.761518 0.761536 0.761552 0.761566 0.761579 0.761590 0.761600 0.761609 0.761616 0.761622 0.761627 0.761631 0.761633 0.761635 0.761637 0.761637 0.761637 0.761636 0.761635 0.761633 0.761631 0.761628 0.761625 0.761622 0.761619 0.761615 0.761612 0.761608 0.761605 0.761601 0.761598 0.761595 0.761592 0.761589 0.761586 0.761584 0.761582 0.761580 0.761579 0.761578 0.761577 0.761577 0.761577 0.761577 0.761578 0.761579 0.761580 0.761582 0.761584 0.761586 0.761589 0.761592 0.761595 0.761598 0.761601 0.761605 0.761608 0.761612 0.761615 0.761619 0.761622 0.761625 0.761628 0.761631 0.761633 0.761635 0.761636 0.761637 0.761637 0.761637 0.761636 0.761634 0.761631 0.761627 0.761622 0.761616 0.761609 0.761600 0.761591 0.761579 0.761567 0.761552 0.761536 0.761519 0.761499 0.761478 0.761454 0.761429 0.761401 0.761372 0.761340 0.761306 0.761270 0.761231 0.761191 0.761148 0.761103 0.761056 0.761007 0.760956 0.760903 0.760848 0.760793 0.760737 0.760681 0.760627 0.760573 0.760521 0.760468 0.760415 0.760360 0.760305 0.760255 0.760215 0.760197 0.760211 0.760263 0.760348 0.760447 0.760525 0.760540 0.760458 0.760273 0.760036 0.759860 0.759908 0.760344 0.761263 0.762608 0.764121 0.765347 0.765696 0.764555 0.761448 0.756222 0.749210 0.741236 0.733295 0.725699 0.716914 0.695462 0.663174 0.000000
0.967193 0.679842 0.720761 0.725842 0.731349 0.737093 0.743805 0.750736 0.756895 0.761522 0.764304 0.765350 0.765058 0.763959 0.762575 0.761315 0.760420 0.759951 0.759837 0.759935 0.760105 0.760241 0.760297 0.760270 0.760188 0.760085 0.759993 0.759929 0.759900 0.759901 0.759923 0.759960 0.760002 0.760046 0.760090 0.760134 0.760178 0.760224 0.760270 0.760317 0.760364 0.760412 0.760459 0.760504 0.760549 0.760591 0.760632 0.760671 0.760708 0.760743 0.760776 0.760808 0.760837 0.760864 0.760890 0.760914 0.760936 0.760956 0.760974 0.760991 0.761006 0.761020 0.761032 0.761043 0.761053 0.761061 0.761069 0.761075 0.761080 0.761084 0.761087 0.761090 0.761091 0.761092 0.761093 0.761093 0.761092 0.761091 0.761089 0.761087 0.761085 0.761082 0.761079 0.761077 0.761074 0.761071 0.761067 0.761064 0.761061 0.761059 0.761056 0.761053 0.761051 0.761048 0.761046 0.761045 0.761043 0.761042 0.761041 0.761041 0.761040 0.761040 0.761041 0.761041 0.761042 0.761043 0.761045 0.761047 0.761049 0.761051 0.761053 0.761056 0.761059 0.761062 0.761065 0.761068 0.761071 0.761074 0.761077 0.761080 0.761082 0.761085 0.761087 0.761089 0.761091 0.761092 0.761093 0.761093 0.761093 0.761092 0.761090 0.761088 0.761084 0.761080 0.761075 0.761069 0.761062 0.761053 0.761044 0.761033 0.761020 0.761007 0.760991 0.760975 0.760956 0.760936 0.760914 0.760890 0.760865 0.760837 0.760808 0.760777 0.760744 0.760708 0.760671 0.760632 0.760592 0.760549 0.760505 0.760459 0.760412 0.760365 0.760317 0.760270 0.760224 0.760179 0.760135 0.760091 0.760046 0.760002 0.759960 0.759924 0.759901 0.759900 0.759930 0.759994 0.760086 0.760188 0.760271 0.760298 0.760242 0.760105 0.759936 0.759837 0.759952 0.760420 0.761316 0.762575 0.763960 0.765059 0.765350 0.764304 0.761522 0.756895 0.750736 0.743806 0.737094 0.731351 0.725844 0.720763 0.679844 0.967193
0.926289 0.819691 0.755323 0.742774 0.739215 0.741253 0.746016 0.751712 0.756989 0.761007 0.763428 0.764320 0.764018 0.762983 0.761677 0.760466 0.759568 0.759046 0.758846 0.758851 0.758938 0.759015 0.759036 0.758994 0.758907 0.758801 0.758703 0.758627 0.758581 0.758563 0.758567 0.758586 0.758615 0.758648 0.758683 0.758719 0.758755 0.758793 0.758832 0.758871 0.758911 0.758952 0.758992 0.759032 0.759070 0.759107 0.759143 0.759177 0.759209 0.759240 0.759270 0.759297 0.759323 0.759347 0.759370 0.759391 0.759410 0.759428 0.759445 0.759460 0.759474 0.759486 0.759497 0.759507 0.759516 0.759524 0.759530 0.759536 0.759541 0.759545 0.759548 0.759551 0.759553 0.759554 0.759555 0.759555 0.759554 0.759554 0.759553 0.759551 0.759550 0.759548 0.759546 0.759543 0.759541 0.759539 0.759536 0.759534 0.759531 0.759529 0.759527 0.759525 0.759523 0.759521 0.759519 0.759518 0.759517 0.759516 0.759515 0.759515 0.759514 0.759514 0.759515 0.759515 0.759516 0.759517 0.759518 0.759519 0.759521 0.759523 0.759525 0.759527 0.759529 0.759532 0.759534 0.759536 0.759539 0.759541 0.759544 0.759546 0.759548 0.759550 0.759551 0.759553 0.759554 0.759555 0.759555 0.759555 0.759554 0.759553 0.759551 0.759549 0.759545 0.759541 0.759536 0.759531 0.759524 0.759516 0.759507 0.759497 0.759486 0.759474 0.759460 0.759445 0.759429 0.759411 0.759391 0.759370 0.759348 0.759323 0.759298 0.759270 0.759241 0.759210 0.759177 0.759143 0.759108 0.759071 0.759032 0.758993 0.758952 0.758912 0.758872 0.758832 0.758794 0.758756 0.758719 0.758683 0.758648 0.758615 0.758587 0.758567 0.758563 0.758581 0.758628 0.758703 0.758802 0.758907 0.758995 0.759037 0.759016 0.758938 0.758851 0.758847 0.759047 0.759568 0.760466 0.761678 0.762984 0.764019 0.764321 0.763429 0.761007 0.756989 0.751713 0.746017 0.741254 0.739216 0.742775 0.755325 0.819692 0.926289
0.898911 0.833109 0.782585 0.754916 0.745362 0.744495 0.747707 0.752302 0.756700 0.760042 0.761998 0.762623 0.762211 0.761164 0.759883 0.758682 0.757750 0.757146 0.756828 0.756705 0.756679 0.756673 0.756645 0.756582 0.756491 0.756389 0.756292 0.756212 0.756156 0.756125 0.756115 0.756123 0.756143 0.756171 0.756204 0.756239 0.756276 0.756314 0.756353 0.756392 0.756433 0.756473 0.756514 0.756554 0.756594 0.756632 0.756670 0.756705 0.756739 0.756772 0.756803 0.756832 0.756860 0.756886 0.756911 0.756934 0.756955 0.756976 0.756994 0.757011 0.757027 0.757042 0.757055 0.757067 0.757078 0.757088 0.757096 0.757104 0.757111 0.757117 0.757122 0.757127 0.757131 0.757134 0.757136 0.757138 0.757140 0.757141 0.757141 0.757141 0.757141 0.757141 0.757140 0.757139 0.757138 0.757137 0.757136 0.757134 0.757133 0.757132 0.757130 0.757129 0.757128 0.757127 0.757126 0.757125 0.757124 0.757123 0.757123 0.757122 0.757122 0.757122 0.757122 0.757123 0.757123 0.757124 0.757125 0.757126 0.757127 0.757128 0.757129 0.757130 0.757132 0.757133 0.757135 0.757136 0.757137 0.757138 0.757139 0.757140 0.757141 0.757141 0.757142 0.757141 0.757141 0.757140 0.757138 0.757136 0.757134 0.757131 0.757127 0.757123 0.757117 0.757111 0.757105 0.757097 0.757088 0.757078 0.757067 0.757055 0.757042 0.757027 0.757012 0.756994 0.756976 0.756956 0.756934 0.756911 0.756887 0.756861 0.756833 0.756803 0.756772 0.756740 0.756706 0.756670 0.756633 0.756595 0.756555 0.756515 0.756474 0.756433 0.756393 0.756353 0.756314 0.756276 0.756240 0.756204 0.756172 0.756144 0.756124 0.756116 0.756125 0.756157 0.756213 0.756292 0.756389 0.756492 0.756583 0.756646 0.756674 0.756680 0.756706 0.756828 0.757146 0.757751 0.758683 0.759883 0.761165 0.762211 0.762624 0.761999 0.760042 0.756700 0.752303 0.747707 0.744495 0.745363 0.754916 0.782586 0.833109 0.898911
0.897857 0.833371 0.783955 0.757172 0.747978 0.746916 0.749506 0.753221 0.756675 0.759166 0.760461 0.760646 0.759998 0.758863 0.757568 0.756358 0.755373 0.754655 0.754179 0.753881 0.753697 0.753573 0.753475 0.753385 0.753298 0.753216 0.753140 0.753078 0.753031 0.753004 0.752997 0.753007 0.753034 0.753072 0.753118 0.753168 0.753221 0.753275 0.753329 0.753384 0.753439 0.753495 0.753550 0.753604 0.753657 0.753710 0.753760 0.753809 0.753856 0.753901 0.753944 0.753985 0.754023 0.754061 0.754096 0.754129 0.754160 0.754189 0.754217 0.754242 0.754267 0.754289 0.754310 0.754329 0.754347 0.754363 0.754378 0.754392 0.754405 0.754416 0.754427 0.754436 0.754445 0.754452 0.754459 0.754465 0.754470 0.754474 0.754478 0.754482 0.754485 0.754487 0.754489 0.754490 0.754492 0.754493 0.754493 0.754494 0.754494 0.754494 0.754494 0.754494 0.754494 0.754494 0.754493 0.754493 0.754493 0.754493 0.754493 0.754493 0.754493 0.754493 0.754493 0.754493 0.754493 0.754493 0.754493 0.754493 0.754494 0.754494 0.754494 0.754494 0.754494 0.754494 0.754494 0.754493 0.754493 0.754492 0.754491 0.754489 0.754487 0.754485 0.754482 0.754479 0.754475 0.754470 0.754465 0.754459 0.754452 0.754445 0.754436 0.754427 0.754417 0.754405 0.754393 0.754379 0.754364 0.754347 0.754329 0.754310 0.754289 0.754267 0.754243 0.754217 0.754190 0.754160 0.754129 0.754096 0.754061 0.754024 0.753985 0.753944 0.753901 0.753856 0.753809 0.753761 0.753710 0.753658 0.753605 0.753550 0.753495 0.753440 0.753385 0.753330 0.753275 0.753221 0.753169 0.753118 0.753072 0.753034 0.753008 0.752997 0.753005 0.753032 0.753078 0.753141 0.753216 0.753299 0.753386 0.753475 0.753574 0.753698 0.753882 0.754179 0.754656 0.755373 0.756358 0.757569 0.758864 0.759999 0.760647 0.760461 0.759167 0.756676 0.753221 0.749507 0.746916 0.747978 0.757173 0.783956 0.833371 0.897856
0.924759 0.822085 0.761829 0.751814 0.748986 0.750161 0.752821 0.755694 0.757986 0.759331 0.759687 0.759226 0.758220 0.756951 0.755645 0.754446 0.753420 0.752579 0.751909 0.751388 0.750995 0.750713 0.750524 0.750407 0.750341 0.750306 0.750287 0.750277 0.750273 0.750279 0.750300 0.750338 0.750393 0.750462 0.750543 0.750630 0.750721 0.750812 0.750903 0.750993 0.751081 0.751169 0.751256 0.751340 0.751424 0.751504 0.751583 0.751658 0.751731 0.751801 0.751867 0.751931 0.751992 0.752050 0.752105 0.752157 0.752207 0.752254 0.752298 0.752340 0.752379 0.752415 0.752450 0.752482 0.752512 0.752540 0.752566 0.752590 0.752612 0.752633 0.752652 0.752669 0.752685 0.752700 0.752713 0.752725 0.752737 0.752746 0.752755 0.752764 0.752771 0.752777 0.752783 0.752788 0.752792 0.752796 0.752800 0.752803 0.752805 0.752807 0.752809 0.752811 0.752812 0.752813 0.752814 0.752815 0.752815 0.752816 0.752816 0.752816 0.752816 0.752816 0.752816 0.752816 0.752816 0.752815 0.752815 0.752814 0.752813 0.752812 0.752811 0.752809 0.752807 0.752805 0.752803 0.752800 0.752796 0.752792 0.752788 0.752783 0.752777 0.752771 0.752764 0.752756 0.752747 0.752737 0.752726 0.752714 0.752700 0.752686 0.752670 0.752652 0.752633 0.752612 0.752590 0.752566 0.752540 0.752512 0.752482 0.752450 0.752416 0.752379 0.752340 0.752298 0.752254 0.752207 0.752158 0.752106 0.752051 0.751993 0.751932 0.751868 0.751801 0.751731 0.751659 0.751583 0.751505 0.751424 0.751341 0.751256 0.751170 0.751082 0.750993 0.750903 0.750813 0.750721 0.750631 0.750544 0.750463 0.750393 0.750338 0.750301 0.750280 0.750274 0.750277 0.750288 0.750307 0.750342 0.750407 0.750524 0.750714 0.750996 0.751389 0.751910 0.752580 0.753420 0.754447 0.755646 0.756952 0.758221 0.759227 0.759688 0.759332 0.757986 0.755694 0.752821 0.750161 0.748986 0.751815 0.761829 0.822085 0.924759
0.966467 0.689984 0.738538 0.747035 0.752899 0.756587 0.759302 0.761075 0.761862 0.761721 0.760863 0.759577 0.758144 0.756761 0.755518 0.754414 0.753410 0.752471 0.751599 0.750822 0.750182 0.749711 0.749417 0.749280 0.749260 0.749310 0.749390 0.749475 0.749553 0.749627 0.749706 0.749796 0.749903 0.750026 0.750163 0.750307 0.750454 0.750601 0.750746 0.750888 0.751026 0.751161 0.751292 0.751421 0.751546 0.751667 0.751783 0.751896 0.752004 0.752108 0.752207 0.752302 0.752392 0.752478 0.752560 0.752637 0.752711 0.752780 0.752846 0.752908 0.752967 0.753022 0.753074 0.753122 0.753168 0.753210 0.753250 0.753287 0.753321 0.753353 0.753383 0.753410 0.753435 0.753459 0.753480 0.753500 0.753518 0.753534 0.753549 0.753563 0.753575 0.753586 0.753596 0.753605 0.753613 0.753620 0.753627 0.753633 0.753638 0.753642 0.753646 0.753649 0.753652 0.753655 0.753657 0.753658 0.753660 0.753661 0.753662 0.753662 0.753663 0.753663 0.753662 0.753662 0.753661 0.753660 0.753658 0.753657 0.753655 0.753652 0.753649 0.753646 0.753642 0.753638 0.753633 0.753627 0.753621 0.753613 0.753605 0.753596 0.753586 0.753575 0.753563 0.753549 0.753534 0.753518 0.753500 0.753480 0.753459 0.753436 0.753410 0.753383 0.753353 0.753321 0.753287 0.753250 0.753210 0.753168 0.753123 0.753074 0.753022 0.752967 0.752909 0.752847 0.752781 0.752711 0.752638 0.752560 0.752478 0.752392 0.752302 0.752207 0.752108 0.752005 0.751896 0.751784 0.751667 0.751546 0.751421 0.751293 0.751161 0.751026 0.750888 0.750747 0.750602 0.750455 0.750307 0.750163 0.750027 0.749904 0.749797 0.749706 0.749628 0.749553 0.749475 0.749391 0.749311 0.749261 0.749281 0.749418 0.749712 0.750183 0.750823 0.751600 0.752472 0.753410 0.754415 0.755519 0.756762 0.758144 0.759578 0.760864 0.761722 0.761862 0.761075 0.759302 0.756587 0.752899 0.747035 0.738538 0.689984 0.966467
0.000000 0.687718 0.729441 0.754305 0.763450 0.768092 0.770091 0.770342 0.769311 0.767443 0.765204 0.763025 0.761200 0.759821 0.758796 0.757937 0.757067 0.756100 0.755053 0.754022 0.753125 0.752456 0.752059 0.751917 0.751968 0.752137 0.752352 0.752565 0.752756 0.752925 0.753082 0.753242 0.753413 0.753601 0.753802 0.754011 0.754223 0.754432 0.754637 0.754835 0.755027 0.755212 0.755392 0.755566 0.755734 0.755897 0.756053 0.756204 0.756347 0.756485 0.756617 0.756742 0.756861 0.756975 0.757083 0.757185 0.757282 0.757374 0.757461 0.757543 0.757620 0.757692 0.757761 0.757825 0.757884 0.757941 0.757993 0.758042 0.758087 0.758130 0.758169 0.758206 0.758239 0.758270 0.758299 0.758325 0.758350 0.758372 0.758392 0.758411 0.758427 0.758443 0.758457 0.758469 0.758480 0.758490 0.758499 0.758507 0.758515 0.758521 0.758526 0.758531 0.758536 0.758539 0.758542 0.758545 0.758547 0.758549 0.758550 0.758551 0.758551 0.758551 0.758551 0.758550 0.758549 0.758547 0.758545 0.758542 0.758539 0.758536 0.758531 0.758527 0.758521 0.758515 0.758508 0.758499 0.758490 0.758480 0.758469 0.758457 0.758443 0.758428 0.758411 0.758392 0.758372 0.758350 0.758326 0.758299 0.758271 0.758239 0.758206 0.758169 0.758130 0.758088 0.758042 0.757993 0.757941 0.757885 0.757825 0.757761 0.757693 0.757620 0.757543 0.757461 0.757374 0.757283 0.757186 0.757083 0.756975 0.756862 0.756742 0.756617 0.756486 0.756348 0.756204 0.756054 0.755897 0.755735 0.755566 0.755392 0.755212 0.755027 0.754835 0.754637 0.754433 0.754223 0.754012 0.753802 0.753601 0.753414 0.753242 0.753082 0.752925 0.752757 0.752566 0.752352 0.752137 0.751969 0.751917 0.752060 0.752457 0.753125 0.754022 0.755054 0.756100 0.757067 0.757937 0.758797 0.759822 0.761201 0.763026 0.765205 0.767443 0.769311 0.770343 0.770091 0.768092 0.763451 0.754306 0.729441 0.687718 0.000000
0.984518 0.715487 0.762025 0.772528 0.781010 0.784595 0.785202 0.783703 0.780807 0.777209 0.773625 0.770648 0.768592 0.767425 0.766832 0.766403 0.765808 0.764908 0.763748 0.762500 0.761370 0.760522 0.760038 0.759906 0.760045 0.760347 0.760710 0.761063 0.761374 0.761640 0.761876 0.762102 0.762333 0.762577 0.762834 0.763098 0.763364 0.763625 0.763878 0.764122 0.764355 0.764580 0.764796 0.765005 0.765205 0.765398 0.765583 0.765761 0.765930 0.766092 0.766246 0.766392 0.766532 0.766664 0.766789 0.766908 0.767021 0.767127 0.767228 0.767322 0.767412 0.767495 0.767574 0.767648 0.767717 0.767782 0.767842 0.767898 0.767951 0.768000 0.768045 0.768087 0.768125 0.768161 0.768194 0.768225 0.768252 0.768278 0.768301 0.768323 0.768342 0.768360 0.768375 0.768390 0.768403 0.768415 0.768425 0.768434 0.768443 0.768450 0.768456 0.768462 0.768467 0.768471 0.768475 0.768478 0.768480 0.768482 0.768483 0.768484 0.768485 0.768485 0.768484 0.768483 0.768482 0.768480 0.768478 0.768475 0.768471 0.768467 0.768462 0.768456 0.768450 0.768443 0.768434 0.768425 0.768415 0.768403 0.768390 0.768376 0.768360 0.768342 0.768323 0.768301 0.768278 0.768253 0.768225 0.768194 0.768161 0.768126 0.768087 0.768045 0.768000 0.767951 0.767899 0.767842 0.767782 0.767717 0.767648 0.767574 0.767496 0.767412 0.767323 0.767228 0.767128 0.767021 0.766909 0.766790 0.766664 0.766532 0.766393 0.766246 0.766092 0.765930 0.765761 0.765584 0.765399 0.765206 0.765005 0.764797 0.764580 0.764356 0.764122 0.763879 0.763625 0.763364 0.763099 0.762834 0.762578 0.762333 0.762102 0.761876 0.761640 0.761374 0.761063 0.760710 0.760347 0.760046 0.759907 0.760039 0.760523 0.761370 0.762501 0.763749 0.764908 0.765809 0.766403 0.766832 0.767425 0.768593 0.770648 0.773626 0.777210 0.780807 0.783703 0.785203 0.784595 0.781010 0.772529 0.762025 0.715487 0.984518
0.970461 0.849151 0.787369 0.796897 0.802294 0.804447 0.803643 0.800670 0.796227 0.791191 0.786521 0.782997 0.780968 0.780258 0.780314 0.780486 0.780295 0.779557 0.778360 0.776958 0.775645 0.774657 0.774111 0.773999 0.774224 0.774646 0.775138 0.775610 0.776020 0.776362 0.776655 0.776925 0.777194 0.777471 0.777759 0.778054 0.778349 0.778638 0.778916 0.779181 0.779435 0.779677 0.779908 0.780131 0.780344 0.780548 0.780743 0.780930 0.781107 0.781276 0.781437 0.781590 0.781735 0.781872 0.782002 0.782126 0.782242 0.782352 0.782455 0.782552 0.782644 0.782730 0.782810 0.782886 0.782956 0.783022 0.783084 0.783141 0.783194 0.783244 0.783290 0.783332 0.783371 0.783407 0.783440 0.783471 0.783499 0.783525 0.783548 0.783569 0.783588 0.783606 0.783622 0.783636 0.783649 0.783660 0.783671 0.783680 0.783688 0.783695 0.783701 0.783707 0.783712 0.783716 0.783719 0.783722 0.783724 0.783726 0.783728 0.783729 0.783729 0.783729 0.783729 0.783728 0.783726 0.783724 0.783722 0.783719 0.783716 0.783712 0.783707 0.783701 0.783695 0.783688 0.783680 0.783671 0.783660 0.783649 0.783636 0.783622 0.783606 0.783589 0.783569 0.783548 0.783525 0.783499 0.783471 0.783441 0.783407 0.783371 0.783332 0.783290 0.783244 0.783195 0.783141 0.783084 0.783023 0.782957 0.782886 0.782811 0.782730 0.782644 0.782552 0.782455 0.782352 0.782242 0.782126 0.782003 0.781873 0.781735 0.781590 0.781438 0.781277 0.781108 0.780930 0.780743 0.780548 0.780344 0.780131 0.779909 0.779677 0.779435 0.779181 0.778916 0.778638 0.778349 0.778055 0.777760 0.777471 0.777194 0.776926 0.776655 0.776362 0.776020 0.775611 0.775139 0.774646 0.774224 0.774000 0.774111 0.774658 0.775646 0.776958 0.778360 0.779557 0.780295 0.780486 0.780315 0.780259 0.780968 0.782998 0.786521 0.791191 0.796227 0.800670 0.803643 0.804447 0.802295 0.796898 0.787369 0.849152 0.970461
0.988438 0.750649 0.807266 0.817817 0.823793 0.825156 0.823739 0.820061 0.814791 0.808935 0.803676 0.799984 0.798256 0.798201 0.799040 0.799907 0.800197 0.799702 0.798556 0.797090 0.795675 0.794602 0.794020 0.793927 0.794212 0.794718 0.795295 0.795841 0.796308 0.796689 0.797007 0.797291 0.797566 0.797847 0.798137 0.798434 0.798729 0.799017 0.799294 0.799556 0.799805 0.800041 0.800266 0.800481 0.800686 0.800882 0.801069 0.801247 0.801416 0.801577 0.801730 0.801874 0.802011 0.802140 0.802263 0.802378 0.802487 0.802589 0.802686 0.802776 0.802861 0.802941 0.803016 0.803085 0.803150 0.803211 0.803267 0.803320 0.803368 0.803413 0.803455 0.803493 0.803529 0.803561 0.803591 0.803618 0.803643 0.803666 0.803687 0.803706 0.803723 0.803738 0.803752 0.803764 0.803775 0.803785 0.803794 0.803802 0.803808 0.803815 0.803820 0.803824 0.803828 0.803832 0.803835 0.803837 0.803839 0.803840 0.803841 0.803842 0.803842 0.803842 0.803842 0.803841 0.803840 0.803839 0.803837 0.803835 0.803832 0.803828 0.803824 0.803820 0.803815 0.803809 0.803802 0.803794 0.803785 0.803775 0.803764 0.803752 0.803738 0.803723 0.803706 0.803687 0.803666 0.803643 0.803619 0.803591 0.803561 0.803529 0.803494 0.803455 0.803414 0.803368 0.803320 0.803267 0.803211 0.803150 0.803085 0.803016 0.802941 0.802861 0.802776 0.802686 0.802589 0.802487 0.802378 0.802263 0.802140 0.802011 0.801874 0.801730 0.801577 0.801417 0.801247 0.801069 0.800882 0.800686 0.800481 0.800266 0.800041 0.799805 0.799556 0.799294 0.799018 0.798730 0.798434 0.798138 0.797847 0.797566 0.797291 0.797007 0.796689 0.796308 0.795841 0.795295 0.794718 0.794213 0.793927 0.794020 0.794602 0.795675 0.797090 0.798557 0.799702 0.800197 0.799907 0.799040 0.798201 0.798256 0.799984 0.803676 0.808935 0.814791 0.820061 0.823740 0.825156 0.823793 0.817817 0.807267 0.750650 0.988438
0.000000 0.758182 0.814251 0.837211 0.842638 0.843707 0.842359 0.839101 0.834361 0.828957 0.824039 0.820697 0.819461 0.820044 0.821566 0.823043 0.823810 0.823654 0.822725 0.821379 0.820014 0.818953 0.818370 0.818279 0.818571 0.819090 0.819682 0.820241 0.820716 0.821097 0.821408 0.821677 0.821931 0.822188 0.822453 0.822724 0.822993 0.823256 0.823507 0.823744 0.823967 0.824178 0.824379 0.824569 0.824750 0.824923 0.825087 0.825243 0.825391 0.825531 0.825664 0.825789 0.825907 0.826019 0.826125 0.826224 0.826317 0.826405 0.826487 0.826565 0.826637 0.826704 0.826767 0.826826 0.826881 0.826932 0.826979 0.827023 0.827063 0.827101 0.827135 0.827167 0.827196 0.827222 0.827246 0.827268 0.827289 0.827307 0.827323 0.827338 0.827351 0.827363 0.827374 0.827384 0.827392 0.827400 0.827406 0.827412 0.827417 0.827422 0.827425 0.827429 0.827431 0.827434 0.827436 0.827437 0.827439 0.827440 0.827440 0.827441 0.827441 0.827441 0.827441 0.827440 0.827440 0.827439 0.827437 0.827436 0.827434 0.827431 0.827429 0.827425 0.827422 0.827417 0.827412 0.827406 0.827400 0.827392 0.827384 0.827374 0.827363 0.827351 0.827338 0.827323 0.827307 0.827289 0.827269 0.827246 0.827222 0.827196 0.827167 0.827135 0.827101 0.827063 0.827023 0.826979 0.826932 0.826881 0.826826 0.826768 0.826705 0.826637 0.826565 0.826487 0.826405 0.826317 0.826224 0.826125 0.826019 0.825908 0.825789 0.825664 0.825531 0.825391 0.825243 0.825087 0.824923 0.824750 0.824569 0.824379 0.824179 0.823967 0.823744 0.823507 0.823256 0.822993 0.822724 0.822453 0.822188 0.821931 0.821677 0.821408 0.821098 0.820716 0.820241 0.819682 0.819090 0.818572 0.818279 0.818370 0.818953 0.820014 0.821379 0.822725 0.823654 0.823810 0.823043 0.821566 0.820044 0.819461 0.820697 0.824039 0.828957 0.834362 0.839101 0.842359 0.843707 0.842639 0.837211 0.814252 0.758183 0.000000
0.997893 0.780472 0.841083 0.850678 0.852829 0.851499 0.850267 0.849681 0.848961 0.847256 0.844781 0.842630 0.841773 0.842352 0.843785 0.845311 0.846392 0.846808 0.846567 0.845848 0.844931 0.844108 0.843582 0.843427 0.843597 0.843981 0.844459 0.844936 0.845356 0.845700 0.845976 0.846205 0.846412 0.846614 0.846818 0.847028 0.847238 0.847444 0.847642 0.847828 0.848004 0.848169 0.848324 0.848471 0.848611 0.848743 0.848869 0.848989 0.849102 0.849209 0.849310 0.849405 0.849495 0.849579 0.849659 0.849734 0.849804 0.849870 0.849932 0.849989 0.850043 0.850094 0.850141 0.850184 0.850225 0.850263 0.850298 0.850330 0.850360 0.850387 0.850413 0.850436 0.850457 0.850476 0.850494 0.850510 0.850525 0.850538 0.850550 0.850560 0.850570 0.850578 0.850586 0.850593 0.850599 0.850604 0.850609 0.850613 0.850616 0.850619 0.850622 0.850624 0.850626 0.850628 0.850629 0.850630 0.850631 0.850631 0.850632 0.850632 0.850632 0.850632 0.850632 0.850632 0.850632 0.850631 0.850630 0.850629 0.850628 0.850626 0.850624 0.850622 0.850619 0.850616 0.850613 0.850609 0.850604 0.850599 0.850593 0.850586 0.850578 0.850570 0.850560 0.850550 0.850538 0.850525 0.850510 0.850494 0.850476 0.850457 0.850436 0.850413 0.850387 0.850360 0.850330 0.850298 0.850263 0.850225 0.850185 0.850141 0.850094 0.850043 0.849989 0.849932 0.849870 0.849804 0.849734 0.849659 0.849579 0.849495 0.849405 0.849310 0.849209 0.849102 0.848989 0.848870 0.848744 0.848611 0.848471 0.848324 0.848169 0.848004 0.847829 0.847642 0.847444 0.847238 0.847028 0.846818 0.846614 0.846412 0.846205 0.845976 0.845700 0.845356 0.844936 0.844459 0.843981 0.843597 0.843427 0.843582 0.844108 0.844931 0.845848 0.846567 0.846808 0.846392 0.845311 0.843785 0.842352 0.841773 0.842630 0.844781 0.847256 0.848962 0.849681 0.850267 0.851500 0.852829 0.850678 0.841083 0.780472 0.997893
0.987547 0.897136 0.851034 0.849920 0.836977 0.824437 0.821487 0.829973 0.843471 0.854159 0.859065 0.859532 0.857975 0.856041 0.854626 0.854246 0.855087 0.856811 0.858677 0.860032 0.860629 0.860592 0.860217 0.859780 0.859460 0.859332 0.859390 0.859582 0.859836 0.860089 0.860301 0.860457 0.860566 0.860645 0.860713 0.860783 0.860859 0.860940 0.861025 0.861107 0.861186 0.861259 0.861326 0.861388 0.861447 0.861502 0.861555 0.861605 0.861652 0.861697 0.861740 0.861780 0.861818 0.861854 0.861888 0.861920 0.861950 0.861978 0.862005 0.862030 0.862054 0.862076 0.862097 0.862117 0.862136 0.862154 0.862170 0.862186 0.862200 0.862214 0.862227 0.862239 0.862250 0.862261 0.862271 0.862280 0.862289 0.862297 0.862304 0.862311 0.862318 0.862324 0.862329 0.862334 0.862339 0.862343 0.862347 0.862351 0.862354 0.862357 0.862360 0.862362 0.862364 0.862366 0.862368 0.862369 0.862370 0.862371 0.862372 0.862372 0.862373 0.862373 0.862372 0.862372 0.862371 0.862370 0.862369 0.862368 0.862366 0.862364 0.862362 0.862360 0.862357 0.862354 0.862351 0.862347 0.862343 0.862339 0.862334 0.862329 0.862324 0.862318 0.862311 0.862304 0.862297 0.862289 0.862280 0.862271 0.862261 0.862250 0.862239 0.862227 0.862214 0.862200 0.862186 0.862170 0.862154 0.862136 0.862117 0.862098 0.862076 0.862054 0.862030 0.862005 0.861978 0.861950 0.861920 0.861888 0.861854 0.861818 0.861780 0.861740 0.861698 0.861652 0.861605 0.861555 0.861502 0.861447 0.861388 0.861326 0.861259 0.861186 0.861108 0.861025 0.860941 0.860859 0.860783 0.860714 0.860645 0.860566 0.860457 0.860301 0.860090 0.859836 0.859582 0.859390 0.859333 0.859461 0.859780 0.860217 0.860593 0.860629 0.860032 0.858677 0.856812 0.855087 0.854247 0.854627 0.856041 0.857975 0.859532 0.859065 0.854160 0.843472 0.829974 0.821488 0.824438 0.836977 0.849920 0.851034 0.897136 0.987547
1.000000 0.798765 0.843626 0.813697 0.759081 0.708010 0.696630 0.731913 0.786099 0.829384 0.851908 0.856978 0.850686 0.838589 0.826065 0.818076 0.817255 0.822542 0.830440 0.837613 0.842312 0.844280 0.844118 0.842714 0.840902 0.839287 0.838181 0.837628 0.837494 0.837569 0.837668 0.837678 0.837566 0.837356 0.837094 0.836826 0.836582 0.836373 0.836196 0.836042 0.835901 0.835767 0.835637 0.835509 0.835387 0.835271 0.835161 0.835058 0.834962 0.834872 0.834788 0.834709 0.834636 0.834567 0.834503 0.834444 0.834390 0.834340 0.834294 0.834253 0.834215 0.834181 0.834150 0.834123 0.834099 0.834078 0.834060 0.834044 0.834031 0.834021 0.834012 0.834006 0.834001 0.833998 0.833997 0.833996 0.833997 0.834000 0.834003 0.834007 0.834011 0.834016 0.834022 0.834028 0.834034 0.834040 0.834046 0.834053 0.834059 0.834065 0.834070 0.834076 0.834081 0.834085 0.834089 0.834093 0.834096 0.834098 0.834100 0.834101 0.834102 0.834102 0.834101 0.834100 0.834098 0.834096 0.834093 0.834089 0.834085 0.834081 0.834076 0.834070 0.834065 0.834059 0.834053 0.834046 0.834040 0.834034 0.834028 0.834022 0.834016 0.834011 0.834007 0.834003 0.834000 0.833998 0.833997 0.833997 0.833998 0.834001 0.834006 0.834013 0.834021 0.834032 0.834045 0.834060 0.834078 0.834099 0.834123 0.834151 0.834181 0.834215 0.834253 0.834295 0.834341 0.834391 0.834445 0.834504 0.834568 0.834636 0.834710 0.834788 0.834873 0.834962 0.835059 0.835161 0.835271 0.835388 0.835510 0.835637 0.835768 0.835902 0.836043 0.836197 0.836374 0.836583 0.836827 0.837095 0.837357 0.837567 0.837679 0.837668 0.837569 0.837494 0.837629 0.838182 0.839288 0.840903 0.842714 0.844119 0.844281 0.842313 0.837614 0.830440 0.822543 0.817257 0.818077 0.826066 0.838590 0.850687 0.856979 0.851908 0.829385 0.786100 0.731914 0.696631 0.708012 0.759082 0.813698 0.843626 0.798765 1.000000
0.000000 0.791142 0.806316 0.726919 0.577473 0.439433 0.408548 0.497822 0.631859 0.738947 0.795130 0.805859 0.783861 0.742932 0.700158 0.672532 0.668057 0.682213 0.703965 0.723938 0.737329 0.743210 0.742950 0.738905 0.733468 0.728461 0.724843 0.722793 0.721959 0.721771 0.721712 0.721457 0.720897 0.720082 0.719132 0.718168 0.717274 0.716481 0.715786 0.715164 0.714591 0.714049 0.713528 0.713026 0.712547 0.712092 0.711663 0.711260 0.710883 0.710530 0.710199 0.709889 0.709599 0.709329 0.709077 0.708843 0.708626 0.708426 0.708241 0.708072 0.707917 0.707776 0.707648 0.707533 0.707429 0.707336 0.707254 0.707182 0.707119 0.707064 0.707017 0.706978 0.706946 0.706920 0.706900 0.706884 0.706874 0.706868 0.706866 0.706867 0.706870 0.706877 0.706885 0.706895 0.706906 0.706919 0.706932 0.706945 0.706959 0.706972 0.706986 0.706998 0.707010 0.707021 0.707031 0.707040 0.707047 0.707054 0.707058 0.707061 0.707063 0.707063 0.707061 0.707058 0.707054 0.707048 0.707040 0.707031 0.707021 0.707010 0.706998 0.706986 0.706973 0.706959 0.706945 0.706932 0.706919 0.706907 0.706895 0.706885 0.706877 0.706871 0.706867 0.706866 0.706868 0.706874 0.706885 0.706900 0.706920 0.706946 0.706979 0.707018 0.707065 0.707119 0.707182 0.707255 0.707337 0.707430 0.707533 0.707649 0.707777 0.707918 0.708073 0.708242 0.708427 0.708627 0.708844 0.709078 0.709330 0.709600 0.709890 0.710200 0.710531 0.710884 0.711262 0.711664 0.712093 0.712548 0.713028 0.713529 0.714051 0.714593 0.715166 0.715787 0.716483 0.717276 0.718170 0.719134 0.720084 0.720899 0.721459 0.721714 0.721773 0.721960 0.722795 0.724845 0.728463 0.733470 0.738906 0.742952 0.743212 0.737331 0.723940 0.703967 0.682215 0.668060 0.672535 0.700160 0.742933 0.783863 0.805860 0.795131 0.738948 0.631861 0.497824 0.408550 0.439435 0.577475 0.726920 0.806317 0.791142 0.000000
1.000000 0.792383 0.774680 0.594579 0.320189 0.109636 0.080345 0.187390 0.375257 0.553159 0.652871 0.665497 0.608599 0.513508 0.423362 0.372483 0.367279 0.392873 0.430074 0.464197 0.487217 0.496883 0.495325 0.487004 0.476632 0.467548 0.461236 0.457778 0.456421 0.456129 0.455999 0.455490 0.454443 0.452965 0.451275 0.449585 0.448029 0.446657 0.445454 0.444378 0.443384 0.442442 0.441538 0.440669 0.439841 0.439056 0.438318 0.437627 0.436979 0.436373 0.435806 0.435275 0.434779 0.434316 0.433885 0.433485 0.433114 0.432772 0.432457 0.432167 0.431902 0.431660 0.431440 0.431242 0.431063 0.430903 0.430760 0.430634 0.430524 0.430428 0.430346 0.430276 0.430217 0.430169 0.430131 0.430102 0.430081 0.430066 0.430059 0.430057 0.430059 0.430066 0.430077 0.430091 0.430107 0.430125 0.430144 0.430164 0.430184 0.430205 0.430225 0.430244 0.430262 0.430279 0.430295 0.430308 0.430320 0.430329 0.430336 0.430341 0.430344 0.430344 0.430341 0.430336 0.430329 0.430320 0.430308 0.430295 0.430279 0.430262 0.430244 0.430225 0.430205 0.430184 0.430164 0.430144 0.430125 0.430107 0.430091 0.430077 0.430067 0.430060 0.430057 0.430059 0.430067 0.430081 0.430102 0.430132 0.430170 0.430218 0.430276 0.430346 0.430429 0.430525 0.430635 0.430761 0.430904 0.431064 0.431243 0.431441 0.431661 0.431903 0.432168 0.432458 0.432773 0.433116 0.433487 0.433887 0.434318 0.434781 0.435277 0.435808 0.436375 0.436981 0.437629 0.438320 0.439058 0.439843 0.440672 0.441540 0.442444 0.443386 0.444380 0.445457 0.446660 0.448032 0.449588 0.451278 0.452967 0.454446 0.455493 0.456002 0.456132 0.456424 0.457781 0.461239 0.467551 0.476635 0.487007 0.495328 0.496886 0.487220 0.464200 0.430077 0.392877 0.367282 0.372486 0.423364 0.513510 0.608601 0.665499 0.652872 0.553161 0.375260 0.187393 0.080347 0.109638 0.320191 0.594580 0.774680 0.792384 1.000000
0.998477 0.897450 0.748872 0.473102 0.120345 -0.000006 -0.000006 0.012668 0.136576 0.313912 0.434848 0.437849 0.338449 0.205086 0.112276 0.078791 0.080096 0.099564 0.126286 0.152216 0.170627 0.177686 0.174369 0.165571 0.156278 0.149156 0.144706 0.142477 0.141757 0.141728 0.141723 0.141375 0.140605 0.139525 0.138311 0.137121 0.136046 0.135111 0.134299 0.133575 0.132905 0.132268 0.131656 0.131070 0.130511 0.129983 0.129489 0.129026 0.128593 0.128189 0.127811 0.127458 0.127128 0.126820 0.126533 0.126268 0.126021 0.125794 0.125584 0.125392 0.125216 0.125055 0.124908 0.124776 0.124656 0.124549 0.124454 0.124369 0.124294 0.124229 0.124173 0.124125 0.124084 0.124050 0.124023 0.124002 0.123986 0.123974 0.123967 0.123963 0.123963 0.123966 0.123971 0.123978 0.123987 0.123997 0.124008 0.124019 0.124031 0.124043 0.124055 0.124067 0.124078 0.124088 0.124097 0.124106 0.124113 0.124118 0.124123 0.124126 0.124127 0.124127 0.124126 0.124123 0.124118 0.124113 0.124106 0.124097 0.124088 0.124078 0.124067 0.124055 0.124044 0.124031 0.124019 0.124008 0.123997 0.123987 0.123978 0.123971 0.123966 0.123963 0.123964 0.123967 0.123974 0.123986 0.124002 0.124023 0.124051 0.124084 0.124125 0.124173 0.124229 0.124295 0.124369 0.124454 0.124550 0.124657 0.124776 0.124909 0.125055 0.125216 0.125393 0.125585 0.125795 0.126022 0.126268 0.126534 0.126821 0.127129 0.127459 0.127812 0.128190 0.128595 0.129027 0.129490 0.129985 0.130512 0.131071 0.131658 0.132270 0.132906 0.133576 0.134301 0.135113 0.136048 0.137123 0.138313 0.139526 0.140607 0.141377 0.141725 0.141730 0.141759 0.142479 0.144708 0.149158 0.156280 0.165573 0.174371 0.177689 0.170630 0.152218 0.126288 0.099566 0.080098 0.078793 0.112278 0.205088 0.338452 0.437851 0.434850 0.313914 0.136577 0.012669 -0.000006 -0.000006 0.120345 0.473103 0.748872 0.897450 0.998477
0.992507 0.901857 0.746094 0.433171 0.072895 -0.000006 -0.000006 -0.000006 0.039348 0.164681 0.266386 0.252350 0.138436 0.028236 -0.000006 -0.000006 -0.000006 -0.000006 -0.000006 0.004026 0.009645 0.010837 0.007924 0.003654 0.000667 -0.000006 -0.000006 -0.000006 -0.000006 -0.000006 -0.000006 -0.000006 -0.000006 -0.000006 -0.000006 -0.000006 -0.000006 -0.000006 -0.000006 -0.000006 -0.000006 -0.000006 -0.000006 -0.000006 -0.000006 -0.000006 -0.000006 -0.000006 -0.000006 -0.000006 -0.000006 -0.000006 -0.000006 -0.000006 -0.000006 -0.000006 -0.000006 -0.000006 -0.000006 -0.000006 -0.000006 -0.000006 -0.000006 -0.000006 -0.000006 -0.000006 -0.000006 -0.000006 -0.000006 -0.000006 -0.000006 -0.000006 -0.000006 -0.000006 -0.000006 -0.000006 -0.000006 -0.000006 -0.000006 -0.000006 -0.000006 -0.000006 -0.000006 -0.000006 -0.000006 -0.000006 -0.000006 -0.000006 -0.000006 -0.000006 -0.000006 -0.000006 -0.000006 -0.000006 -0.000006 -0.000006 -0.000006 -0.000006 -0.000006 -0.000006 -0.000006 -0.000006 -0.000006 -0.000006 -0.000006 -0.000006 -0.000006 -0.000006 -0.000006 -0.000006 -0.000006 -0.000006 -0.000006 -0.000006 -0.000006 -0.000006 -0.000006 -0.000006 -0.000006 -0.000006 -0.000006 -0.000006 -0.000006 -0.000006 -0.000006 -0.000006 -0.000006 -0.000006 -0.000006 -0.000006 -0.000006 -0.000006 -0.000006 -0.000006 -0.000006 -0.000006 -0.000006 -0.000006 -0.000006 -0.000006 -0.000006 -0.000006 -0.000006 -0.000006 -0.000006 -0.000006 -0.000006 -0.000006 -0.000006 -0.000006 -0.000006 -0.000006 -0.000006 -0.000006 -0.000006 -0.000006 -0.000006 -0.000006 -0.000006 -0.000006 -0.000006 -0.000006 -0.000006 -0.000006 -0.000006 -0.000006 -0.000006 -0.000006 -0.000006 -0.000006 -0.000006 -0.000006 -0.000006 -0.000006 -0.000006 -0.000006 -0.000006 0.000667 0.003655 0.007925 0.010838 0.009646 0.004027 -0.000006 -0.000006 -0.000006 -0.000006 -0.000006 0.028237 0.138437 0.252352 0.266388 0.164682 0.039348 -0.000006 -0.000006 -0.000006 0.072896 0.433172 0.746094 0.901857 0.992507
0.992889 0.892164 0.751723 0.505237 0.176941 0.000268 -0.000006 0.006080 0.081600 0.201716 0.286238 0.263461 0.151846 0.044543 -0.000006 -0.000006 -0.000006 0.007919 0.016259 0.023165 0.027248 0.027393 0.024513 0.021185 0.019304 0.019108 0.019877 0.020955 0.021991 0.022804 0.023359 0.023720 0.023980 0.024222 0.024487 0.024783 0.025096 0.025407 0.025700 0.025968 0.026213 0.026438 0.026647 0.026843 0.027030 0.027206 0.027372 0.027527 0.027673 0.027808 0.027933 0.028049 0.028157 0.028256 0.028348 0.028432 0.028508 0.028578 0.028641 0.028698 0.028749 0.028794 0.028834 0.028870 0.028900 0.028926 0.028948 0.028966 0.028980 0.028991 0.028999 0.029005 0.029008 0.029008 0.029007 0.029003 0.028998 0.028992 0.028985 0.028976 0.028967 0.028957 0.028946 0.028935 0.028924 0.028913 0.028902 0.028891 0.028880 0.028870 0.028861 0.028852 0.028843 0.028836 0.028829 0.028823 0.028818 0.028814 0.028811 0.028809 0.028808 0.028808 0.028809 0.028811 0.028814 0.028818 0.028823 0.028829 0.028836 0.028843 0.028852 0.028861 0.028870 0.028880 0.028891 0.028902 0.028913 0.028924 0.028935 0.028946 0.028957 0.028967 0.028976 0.028985 0.028992 0.028998 0.029003 0.029007 0.029008 0.029008 0.029005 0.028999 0.028991 0.028980 0.028966 0.028948 0.028926 0.028900 0.028870 0.028835 0.028794 0.028749 0.028698 0.028641 0.028578 0.028508 0.028432 0.028348 0.028256 0.028157 0.028049 0.027933 0.027808 0.027673 0.027527 0.027372 0.027206 0.027030 0.026844 0.026647 0.026438 0.026213 0.025968 0.025700 0.025407 0.025096 0.024783 0.024487 0.024222 0.023980 0.023720 0.023359 0.022804 0.021991 0.020955 0.019877 0.019108 0.019304 0.021185 0.024513 0.027393 0.027248 0.023166 0.016259 0.007919 -0.000006 -0.000006 -0.000006 0.044543 0.151847 0.263462 0.286239 0.201717 0.081600 0.006080 -0.000006 0.000268 0.176941 0.505237 0.751723 0.892164 0.992889
1.000000 0.781316 0.779089 0.642799 0.429900 0.245065 0.178039 0.216303 0.315388 0.427072 0.489802 0.472769 0.388097 0.285032 0.216479 0.193247 0.198018 0.214034 0.232456 0.246953 0.254978 0.256498 0.253727 0.249776 0.247071 0.246432 0.247445 0.249321 0.251341 0.253057 0.254315 0.255173 0.255791 0.256323 0.256868 0.257457 0.258077 0.258697 0.259289 0.259837 0.260339 0.260800 0.261227 0.261629 0.262007 0.262364 0.262701 0.263016 0.263310 0.263584 0.263838 0.264073 0.264290 0.264491 0.264676 0.264845 0.265000 0.265140 0.265267 0.265382 0.265484 0.265576 0.265656 0.265726 0.265787 0.265839 0.265883 0.265919 0.265947 0.265969 0.265985 0.265996 0.266001 0.266002 0.265998 0.265991 0.265981 0.265967 0.265952 0.265934 0.265915 0.265894 0.265873 0.265850 0.265827 0.265805 0.265782 0.265760 0.265738 0.265718 0.265698 0.265679 0.265662 0.265647 0.265633 0.265621 0.265611 0.265602 0.265596 0.265592 0.265590 0.265590 0.265592 0.265596 0.265602 0.265611 0.265621 0.265633 0.265647 0.265662 0.265679 0.265698 0.265718 0.265738 0.265760 0.265782 0.265805 0.265828 0.265850 0.265873 0.265894 0.265915 0.265934 0.265952 0.265968 0.265981 0.265991 0.265998 0.266002 0.266001 0.265996 0.265985 0.265969 0.265947 0.265919 0.265883 0.265839 0.265787 0.265727 0.265656 0.265576 0.265485 0.265382 0.265268 0.265140 0.265000 0.264845 0.264676 0.264491 0.264291 0.264073 0.263838 0.263584 0.263310 0.263016 0.262701 0.262365 0.262007 0.261629 0.261228 0.260800 0.260339 0.259838 0.259290 0.258698 0.258078 0.257457 0.256868 0.256323 0.255791 0.255173 0.254315 0.253058 0.251341 0.249321 0.247445 0.246433 0.247071 0.249777 0.253727 0.256499 0.254978 0.246953 0.232456 0.214035 0.198019 0.193247 0.216479 0.285032 0.388098 0.472769 0.489803 0.427072 0.315389 0.216303 0.178039 0.245066 0.429900 0.642800 0.779090 0.781316 1.000000
0.000000 0.785254 0.818566 0.778966 0.692346 0.604442 0.561619 0.579324 0.635179 0.691667 0.721992 0.715427 0.677340 0.626156 0.584451 0.565069 0.565422 0.576611 0.590125 0.601134 0.607569 0.609526 0.608461 0.606309 0.604612 0.604078 0.604639 0.605863 0.607277 0.608544 0.609522 0.610223 0.610739 0.611173 0.611596 0.612038 0.612496 0.612954 0.613393 0.613802 0.614178 0.614524 0.614845 0.615145 0.615427 0.615693 0.615943 0.616177 0.616395 0.616598 0.616786 0.616960 0.617121 0.617269 0.617405 0.617530 0.617645 0.617748 0.617842 0.617927 0.618002 0.618070 0.618129 0.618181 0.618226 0.618265 0.618297 0.618324 0.618346 0.618362 0.618374 0.618383 0.618387 0.618388 0.618386 0.618381 0.618374 0.618365 0.618354 0.618342 0.618328 0.618313 0.618298 0.618282 0.618266 0.618250 0.618233 0.618218 0.618202 0.618187 0.618173 0.618160 0.618148 0.618137 0.618127 0.618118 0.618111 0.618105 0.618100 0.618097 0.618096 0.618096 0.618097 0.618100 0.618105 0.618111 0.618118 0.618127 0.618137 0.618148 0.618160 0.618173 0.618187 0.618202 0.618218 0.618233 0.618250 0.618266 0.618282 0.618298 0.618313 0.618328 0.618342 0.618354 0.618365 0.618374 0.618381 0.618386 0.618388 0.618387 0.618383 0.618375 0.618362 0.618346 0.618324 0.618297 0.618265 0.618226 0.618181 0.618129 0.618070 0.618003 0.617927 0.617842 0.617749 0.617645 0.617531 0.617406 0.617269 0.617121 0.616960 0.616786 0.616598 0.616395 0.616177 0.615943 0.615693 0.615428 0.615146 0.614846 0.614525 0.614179 0.613802 0.613393 0.612955 0.612497 0.612038 0.611596 0.611174 0.610740 0.610224 0.609523 0.608545 0.607277 0.605864 0.604640 0.604078 0.604613 0.606309 0.608462 0.609526 0.607569 0.601135 0.590125 0.576611 0.565422 0.565070 0.584451 0.626156 0.677341 0.715428 0.721993 0.691667 0.635179 0.579324 0.561619 0.604442 0.692347 0.778967 0.818566 0.785254 0.000000
1.000000 0.823870 0.890395 0.888191 0.869539 0.849553 0.839322 0.843463 0.857714 0.872630 0.880866 0.879819 0.870901 0.858425 0.847690 0.842174 0.842117 0.845542 0.849948 0.853629 0.855903 0.856770 0.856659 0.856140 0.855682 0.855520 0.855673 0.856035 0.856472 0.856881 0.857209 0.857454 0.857639 0.857793 0.857939 0.858086 0.858236 0.858385 0.858529 0.858662 0.858786 0.858900 0.859005 0.859104 0.859196 0.859283 0.859364 0.859440 0.859510 0.859576 0.859637 0.859693 0.859745 0.859793 0.859837 0.859877 0.859914 0.859947 0.859977 0.860004 0.860029 0.860050 0.860069 0.860086 0.860101 0.860113 0.860123 0.860132 0.860139 0.860145 0.860149 0.860151 0.860153 0.860154 0.860153 0.860152 0.860150 0.860147 0.860144 0.860140 0.860136 0.860131 0.860127 0.860122 0.860117 0.860112 0.860107 0.860102 0.860097 0.860093 0.860088 0.860084 0.860081 0.860077 0.860074 0.860071 0.860069 0.860067 0.860066 0.860065 0.860065 0.860065 0.860065 0.860066 0.860067 0.860069 0.860071 0.860074 0.860077 0.860081 0.860084 0.860089 0.860093 0.860097 0.860102 0.860107 0.860112 0.860117 0.860122 0.860127 0.860132 0.860136 0.860140 0.860144 0.860147 0.860150 0.860152 0.860153 0.860154 0.860153 0.860152 0.860149 0.860145 0.860139 0.860132 0.860124 0.860113 0.860101 0.860086 0.860069 0.860050 0.860029 0.860005 0.859977 0.859947 0.859914 0.859877 0.859837 0.859793 0.859745 0.859693 0.859637 0.859576 0.859511 0.859440 0.859364 0.859283 0.859196 0.859104 0.859006 0.858900 0.858786 0.858663 0.858529 0.858386 0.858237 0.858086 0.857939 0.857794 0.857640 0.857455 0.857210 0.856881 0.856472 0.856035 0.855673 0.855520 0.855682 0.856140 0.856659 0.856770 0.855903 0.853629 0.849948 0.845542 0.842117 0.842175 0.847690 0.858425 0.870901 0.879819 0.880866 0.872630 0.857714 0.843463 0.839322 0.849553 0.869539 0.888192 0.890395 0.823870 1.000000
1.000000 1.000000 1.000000 1.000000 1.000000 1.000000 1.000000 1.000000 1.000000 1.000000 1.000000 1.000000 1.000000 1.000000 1.000000 1.000000 1.000000 1.000000 1.000000 1.000000 1.000000 1.000000 1.000000 1.000000 1.000000 1.000000 1.000000 1.000000 1.000000 1.000000 1.000000 1.000000 1.000000 1.000000 1.000000 1.000000 1.000000 1.000000 1.000000 1.000000 1.000000 1.000000 1.000000 1.000000 1.000000 1.000000 1.000000 1.000000 1.000000 1.000000 1.000000 1.000000 1.000000 1.000000 1.000000 1.000000 1.000000 1.000000 1.000000 1.000000 1.000000 1.000000 1.000000 1.000000 1.000000 1.000000 1.000000 1.000000 1.000000 1.000000 1.000000 1.000000 1.000000 1.000000 1.000000 1.000000 1.000000 1.000000 1.000000 1.000000 1.000000 1.000000 1.000000 1.000000 1.000000 1.000000 1.000000 1.000000 1.000000 1.000000 1.000000 1.000000 1.000000 1.000000 1.000000 1.000000 1.000000 1.000000 1.000000 1.000000 1.000000 1.000000 1.000000 1.000000 1.000000 1.000000 1.000000 1.000000 1.000000 1.000000 1.000000 1.000000 1.000000 1.000000 1.000000 1.000000 1.000000 1.000000 1.000000 1.000000 1.000000 1.000000 1.000000 1.000000 1.000000 1.000000 1.000000 1.000000 1.000000 1.000000 1.000000 1.000000 1.000000 1.000000 1.000000 1.000000 1.000000 1.000000 1.000000 1.000000 1.000000 1.000000 1.000000 1.000000 1.000000 1.000000 1.000000 1.000000 1.000000 1.000000 1.000000 1.000000 1.000000 1.000000 1.000000 1.000000 1.000000 1.000000 1.000000 1.000000 1.000000 1.000000 1.000000 1.000000 1.000000 1.000000 1.000000 1.000000 1.000000 1.000000 1.000000 1.000000 1.000000 1.000000 1.000000 1.000000 1.000000 1.000000 1.000000 1.000000 1.000000 1.000000 1.000000 1.000000 1.000000 1.000000 1.000000 1.000000 1.000000 1.000000 1.000000 1.000000 1.000000 1.000000 1.000000 1.000000 1.000000 1.000000 1.000000 1.000000 1.000000 1.000000
