{
  "c_first_derivative": {
    "count": 44,
    "total_time_s": 4.358263599686325,
    "avg_time_s": 0.09905144544741647,
    "min_time_s": 0.08402259997092187,
    "max_time_s": 0.14969520014710724
  },
  "c_second_derivative": {
    "count": 1,
    "total_time_s": 0.0830922001041472,
    "avg_time_s": 0.0830922001041472,
    "min_time_s": 0.0830922001041472,
    "max_time_s": 0.0830922001041472
  },
  "c_laplacian": {
    "count": 1,
    "total_time_s": 0.0994096000213176,
    "avg_time_s": 0.0994096000213176,
    "min_time_s": 0.0994096000213176,
    "max_time_s": 0.0994096000213176
  },
  "Gab": {
    "count": 2,
    "total_time_s": 0.4307211001869291,
    "avg_time_s": 0.21536055009346455,
    "min_time_s": 0.21368889999575913,
    "max_time_s": 0.21703220019116998
  },
  "p0": {
    "count": 1,
    "total_time_s": 0.01990519999526441,
    "avg_time_s": 0.01990519999526441,
    "min_time_s": 0.01990519999526441,
    "max_time_s": 0.01990519999526441
  },
  "fi": {
    "count": 1,
    "total_time_s": 0.19047269993461668,
    "avg_time_s": 0.19047269993461668,
    "min_time_s": 0.19047269993461668,
    "max_time_s": 0.19047269993461668
  },
  "gi": {
    "count": 1,
    "total_time_s": 1.7633927999995649,
    "avg_time_s": 1.7633927999995649,
    "min_time_s": 1.7633927999995649,
    "max_time_s": 1.7633927999995649
  },
  "apply_periodic_boundary_conditions": {
    "count": 1,
    "total_time_s": 0.00029000011272728443,
    "avg_time_s": 0.00029000011272728443,
    "min_time_s": 0.00029000011272728443,
    "max_time_s": 0.00029000011272728443
  },
  "density_and_viscosity": {
    "count": 1,
    "total_time_s": 0.02717099990695715,
    "avg_time_s": 0.02717099990695715,
    "min_time_s": 0.02717099990695715,
    "max_time_s": 0.02717099990695715
  },
  "ph": {
    "count": 8,
    "total_time_s": 4.957575400127098,
    "avg_time_s": 0.6196969250158872,
    "min_time_s": 0.5644014000426978,
    "max_time_s": 0.6639435000251979
  },
  "ph_sor": {
    "count": 1,
    "total_time_s": 5.293219199869782,
    "avg_time_s": 5.293219199869782,
    "min_time_s": 5.293219199869782,
    "max_time_s": 5.293219199869782
  },
  "gradient_p": {
    "count": 1,
    "total_time_s": 0.09113760013133287,
    "avg_time_s": 0.09113760013133287,
    "min_time_s": 0.09113760013133287,
    "max_time_s": 0.09113760013133287
  },
  "main_loop": {
    "count": 1,
    "total_time_s": 15.301363999955356,
    "avg_time_s": 15.301363999955356,
    "min_time_s": 15.301363999955356,
    "max_time_s": 15.301363999955356
  }
}